LCD ID:5510
DATA,period_ms,real_hour_sin,real_hour_cos,lux,pv_v,pv_p,home_v,home_soc,load_p,car_soc,human_soc,pvsrc,hsrc,rigid,led,fan,qi,hchg,cchg,v2h
CTP ID:9147
DATA,2000,0.000145,1.000000,2270.8,6.192,0.000,8.036,90.9,0.878,72.4,-1.0,1,0,1,0,0,0,0,0,0
DATA,4000,0.000291,1.000000,2270.0,8.370,1.519,8.056,91.4,1.343,72.5,-1.0,1,0,1,0,0,0,0,0,0
DATA,6000,0.000436,1.000000,2278.3,9.096,2.026,8.056,91.4,1.498,72.5,-1.0,1,0,1,0,0,0,0,0,0
DATA,8000,0.000582,1.000000,2281.7,9.303,2.171,8.056,91.4,1.542,72.4,-1.0,1,0,1,0,0,0,0,0,0
DATA,10000,0.000727,1.000000,2282.5,10.593,2.659,8.056,91.4,1.801,72.4,-1.0,1,0,1,0,0,0,0,0,0
DATA,12000,0.000873,1.000000,2281.7,10.547,3.039,8.057,91.4,1.807,72.3,-1.0,1,0,1,0,0,0,0,0,0
DATA,14000,0.001018,0.999999,2282.5,10.547,3.039,8.054,91.4,1.807,72.3,-1.0,1,0,1,0,0,0,0,0,0
DATA,16000,0.001164,0.999999,2294.2,10.524,3.100,8.052,91.3,1.807,82.7,-1.0,1,0,1,0,0,0,0,1,0
DATA,18000,0.001309,0.999999,2293.3,9.962,4.402,8.041,91.0,1.807,82.3,-1.0,1,0,1,0,0,0,0,1,0
DATA,20000,0.001454,0.999999,2289.2,9.401,5.706,8.040,91.0,1.806,82.1,-1.0,1,0,1,0,0,0,0,1,0
DATA,22000,-0.649890,0.760028,2297.5,8.840,7.010,8.042,91.1,1.806,81.1,-1.0,1,0,1,1,0,0,0,1,0
DATA,24000,-0.649779,0.760123,2465.0,8.287,8.233,8.031,90.8,2.030,81.5,-1.0,1,0,1,1,0,0,0,1,0
DATA,26000,-0.649669,0.760217,2446.7,8.272,8.214,8.040,91.0,2.254,81.2,-1.0,1,0,1,1,0,0,0,1,0
DATA,28000,-0.649559,0.760311,2445.0,8.257,8.194,8.040,91.0,2.480,80.7,-1.0,1,0,1,1,0,0,0,1,0
DATA,30000,-0.649448,0.760406,2440.8,8.242,8.174,8.042,91.1,2.705,81.1,-1.0,1,0,1,1,0,0,0,1,0
DATA,32000,-0.649337,0.760501,2445.0,8.244,8.174,8.041,91.0,2.705,80.9,-1.0,1,0,1,1,0,0,0,1,0
DATA,34000,-0.649227,0.760595,2445.0,8.245,8.178,8.040,91.0,2.705,81.7,-1.0,1,0,1,1,0,0,0,1,0
DATA,36000,-0.649116,0.760689,2444.2,8.246,8.182,8.035,90.9,2.705,81.7,-1.0,1,0,1,1,0,0,0,1,0
DATA,38000,-0.649006,0.760784,2442.5,8.246,8.182,8.033,90.8,2.705,80.9,-1.0,1,0,1,1,0,0,0,1,0
DATA,40000,-0.648895,0.760878,2440.8,8.246,8.182,8.027,90.7,2.705,81.4,-1.0,1,0,1,1,0,0,0,1,0
DATA,42000,-0.648784,0.760973,2435.8,8.246,8.180,8.032,90.8,2.705,82.0,34.7,1,0,1,1,0,0,0,1,0
DATA,44000,-0.648674,0.761067,2431.7,8.245,8.180,8.028,90.7,2.705,81.6,34.7,1,0,1,1,0,0,0,1,0
DATA,46000,-0.648562,0.761162,2435.8,8.246,8.184,8.032,90.8,2.705,82.0,34.7,1,0,1,1,0,0,0,1,0
DATA,48000,-0.648452,0.761256,2413.3,8.247,8.190,8.035,90.9,2.705,81.7,34.7,1,0,1,1,0,0,0,1,0
DATA,50000,-0.648341,0.761350,2415.0,8.249,8.196,8.039,91.0,2.705,81.3,34.7,1,0,1,1,0,0,0,1,0
DATA,52000,-0.648231,0.761444,2415.8,8.250,8.200,8.038,91.0,2.705,81.2,34.7,1,0,1,1,0,0,0,1,0
DATA,54000,-0.648119,0.761539,2410.8,8.251,8.204,8.033,90.8,2.705,81.6,34.7,1,0,1,1,0,0,0,1,0
DATA,56000,-0.648009,0.761633,2420.8,8.251,8.206,8.029,90.7,2.705,82.1,34.7,1,0,1,1,0,0,0,1,0
DATA,58000,-0.647898,0.761727,2418.3,8.251,8.208,8.038,90.9,2.705,82.3,34.7,1,0,1,1,0,0,0,1,0
DATA,60000,-0.647788,0.761821,2409.2,8.251,8.208,8.035,90.9,2.705,81.3,34.7,1,0,1,1,0,0,0,1,0
DATA,62000,-0.647676,0.761916,2310.8,8.253,8.212,8.038,90.9,2.705,81.9,34.7,1,0,1,1,0,0,0,1,0
DATA,64000,-0.647566,0.762010,2323.3,8.253,8.214,8.036,90.9,2.705,81.9,34.7,1,0,1,1,0,0,0,1,0
DATA,66000,-0.647455,0.762104,2321.7,8.254,8.214,8.038,90.9,2.705,82.1,34.7,1,0,1,1,0,0,0,1,0
DATA,68000,-0.647344,0.762198,2324.2,8.253,8.214,8.037,90.9,2.705,82.2,34.7,1,0,1,1,0,0,0,1,0
DATA,70000,-0.647233,0.762292,2329.2,8.253,8.210,8.037,90.9,2.705,82.3,34.7,1,0,1,1,0,0,0,1,0
DATA,72000,-0.647122,0.762386,2325.8,8.253,8.208,8.036,90.9,2.705,82.1,34.7,1,0,1,1,0,0,0,1,0
DATA,74000,-0.647011,0.762480,2323.3,8.253,8.208,8.034,90.8,2.705,81.9,34.7,1,0,1,1,0,0,0,1,0
DATA,76000,-0.646901,0.762574,2313.3,8.253,8.210,8.037,90.9,2.705,81.6,34.7,1,0,1,1,0,0,0,1,0
DATA,78000,-0.646789,0.762669,2318.3,8.254,8.214,8.037,90.9,2.705,81.3,34.7,1,0,1,1,0,0,0,1,0
DATA,80000,-0.646679,0.762762,2311.7,8.253,8.214,8.032,90.8,2.705,81.2,34.7,1,0,1,1,0,0,0,1,0
DATA,82000,-0.646568,0.762857,2305.0,8.253,8.212,8.036,90.9,2.705,82.2,34.7,1,0,1,1,0,0,0,1,0
DATA,84000,-0.646457,0.762951,2310.8,8.252,8.206,8.032,90.8,2.705,81.8,34.7,1,0,1,1,0,0,0,1,0
DATA,86000,-0.646345,0.763045,2300.0,8.252,8.202,8.033,90.8,2.705,81.5,34.7,1,0,1,1,0,0,0,1,0
DATA,88000,-0.646235,0.763139,2303.3,8.252,8.202,8.037,90.9,2.705,81.4,34.7,1,0,1,1,0,0,0,1,0
DATA,90000,-0.646124,0.763233,2300.0,8.253,8.206,8.038,90.9,2.705,81.8,34.7,1,0,1,1,0,0,0,1,0
DATA,92000,-0.646013,0.763327,2295.8,8.254,8.210,8.038,90.9,2.705,82.3,34.7,1,0,1,1,0,0,0,1,0
DATA,94000,-0.645902,0.763421,2293.3,8.256,8.214,8.032,90.8,2.705,82.3,34.7,1,0,1,1,0,0,0,1,0
DATA,96000,-0.645791,0.763514,2292.5,8.255,8.214,8.035,90.9,2.705,81.9,34.7,1,0,1,1,0,0,0,1,0
DATA,98000,-0.645680,0.763608,2298.3,8.256,8.216,8.038,90.9,2.705,82.4,34.7,1,0,1,1,0,0,0,1,0
DATA,100000,-0.645569,0.763702,2298.3,8.256,8.218,8.032,90.8,2.705,82.3,34.7,1,0,1,1,0,0,0,1,0
DATA,102000,-0.645457,0.763796,2299.2,8.256,8.216,8.038,90.9,2.705,81.8,34.7,1,0,1,1,0,0,0,1,0
DATA,104000,-0.645347,0.763890,2290.8,8.257,8.218,8.035,90.9,2.705,81.5,34.7,1,0,1,1,0,0,0,1,0
DATA,106000,-0.645235,0.763984,2282.5,8.256,8.214,8.038,91.0,2.705,81.6,34.7,1,0,1,1,0,0,0,1,0
DATA,108000,-0.645124,0.764078,2289.2,8.255,8.210,8.035,90.9,2.705,82.2,34.7,1,0,1,1,0,0,0,1,0
DATA,110000,-0.645013,0.764172,2291.7,8.255,8.212,8.035,90.9,2.705,82.5,34.7,1,0,1,1,0,0,0,1,0
DATA,112000,-0.644902,0.764266,2287.5,8.255,8.212,8.036,90.9,2.705,82.2,34.7,1,0,1,1,0,0,0,1,0
DATA,114000,-0.644791,0.764359,2287.5,8.256,8.216,8.036,90.9,2.705,82.3,34.7,1,0,1,1,0,0,0,1,0
DATA,116000,-0.644680,0.764453,2289.2,8.257,8.220,8.038,90.9,2.705,81.6,34.7,1,0,1,1,0,0,0,1,0
DATA,118000,-0.644568,0.764547,2285.0,8.258,8.220,8.036,90.9,2.705,82.0,34.7,1,0,1,1,0,0,0,1,0
DATA,120000,-0.644457,0.764641,2280.8,8.258,8.222,8.037,90.9,2.705,81.6,34.7,1,0,1,1,0,0,0,1,0
DATA,122000,-0.644346,0.764734,2287.5,8.258,8.222,8.039,91.0,2.705,81.6,34.7,1,0,1,1,0,0,0,1,0
DATA,124000,-0.644235,0.764828,2287.5,8.258,8.222,8.037,90.9,2.705,82.3,34.7,1,0,1,1,0,0,0,1,0
DATA,126000,-0.644123,0.764922,2289.2,8.258,8.222,8.037,90.9,2.705,82.5,34.7,1,0,1,1,0,0,0,1,0
DATA,128000,-0.644012,0.765015,2285.0,8.258,8.222,8.039,91.0,2.705,82.0,34.7,1,0,1,1,0,0,0,1,0
DATA,130000,-0.643901,0.765109,2286.7,8.258,8.222,8.035,90.9,2.705,81.6,34.7,1,0,1,1,0,0,0,1,0
DATA,132000,-0.643790,0.765202,2287.5,8.258,8.222,8.037,90.9,2.705,82.0,34.7,1,0,1,1,0,0,0,1,0
DATA,134000,-0.643679,0.765296,2286.7,8.257,8.222,8.034,90.9,2.705,81.6,34.7,1,0,1,1,0,0,0,1,0
DATA,136000,-0.643567,0.765390,2281.7,8.257,8.227,8.032,90.8,2.705,82.0,34.7,1,0,1,1,0,0,0,1,0
DATA,138000,-0.643456,0.765483,2283.3,8.258,8.229,8.036,90.9,2.705,82.5,34.7,1,0,1,1,0,0,0,1,0
DATA,140000,-0.643345,0.765577,2285.0,8.257,8.229,8.034,90.8,2.705,82.5,34.7,1,0,1,1,0,0,0,1,0
DATA,142000,-0.643233,0.765671,2290.8,8.258,8.229,8.035,90.9,2.705,81.9,34.7,1,0,1,1,0,0,0,1,0
DATA,144000,-0.643122,0.765764,2284.2,8.258,8.227,8.034,90.8,2.705,81.7,34.7,1,0,1,1,0,0,0,1,0
DATA,146000,-0.643010,0.765857,2286.7,8.258,8.222,8.038,90.9,2.705,82.2,34.7,1,0,1,1,0,0,0,1,0
DATA,148000,-0.642899,0.765951,2285.8,8.258,8.222,8.038,90.9,2.705,82.5,34.7,1,0,1,1,0,0,0,1,0
DATA,150000,-0.642787,0.766045,2282.5,8.258,8.222,8.038,90.9,2.705,81.8,34.7,1,0,1,1,0,0,0,1,0
DATA,152000,-0.642676,0.766138,2284.2,8.258,8.225,8.038,90.9,2.705,82.5,34.7,1,0,1,1,0,0,0,1,0
DATA,154000,-0.642565,0.766231,2285.8,8.258,8.225,8.038,90.9,2.705,82.1,34.7,1,0,1,1,0,0,0,1,0
DATA,156000,-0.642453,0.766325,2285.8,8.258,8.222,8.038,90.9,2.705,82.3,34.7,1,0,1,1,0,0,0,1,0
DATA,158000,-0.642342,0.766418,2285.0,8.257,8.220,8.035,90.9,2.705,82.6,34.7,1,0,1,1,0,0,0,1,0
DATA,160000,-0.642230,0.766512,2286.7,8.256,8.218,8.038,91.0,2.705,82.7,34.7,1,0,1,1,0,0,0,1,0
DATA,162000,-0.642119,0.766605,2294.2,8.256,8.218,8.038,91.0,2.705,82.6,34.7,1,0,1,1,0,0,0,1,0
DATA,164000,-0.642007,0.766699,2284.2,8.256,8.220,8.035,90.9,2.705,82.4,34.7,1,0,1,1,0,0,0,1,0
DATA,166000,-0.641896,0.766792,2288.3,8.257,8.222,8.037,90.9,2.705,82.2,34.7,1,0,1,1,0,0,0,1,0
DATA,168000,-0.641784,0.766885,2285.8,8.257,8.222,8.036,90.9,2.705,81.9,34.7,1,0,1,1,0,0,0,1,0
DATA,170000,-0.641673,0.766978,2289.2,8.258,8.225,8.035,90.9,2.705,82.7,34.7,1,0,1,1,0,0,0,1,0
DATA,172000,-0.641561,0.767072,2289.2,8.258,8.227,8.036,90.9,2.705,82.7,34.7,1,0,1,1,0,0,0,1,0
DATA,174000,-0.641449,0.767165,2290.8,8.258,8.227,8.034,90.8,2.705,82.6,34.7,1,0,1,1,0,0,0,1,0
DATA,176000,-0.641338,0.767259,2286.7,8.258,8.229,8.036,90.9,2.705,82.3,34.7,1,0,1,1,0,0,0,1,0
DATA,178000,-0.641227,0.767352,2286.7,8.258,8.227,8.036,90.9,2.705,82.1,34.7,1,0,1,1,0,0,0,1,0
DATA,180000,-0.641114,0.767445,2285.8,8.259,8.227,8.037,90.9,2.705,81.9,34.7,1,0,1,1,0,0,0,1,0
DATA,182000,-0.641003,0.767538,2295.0,8.260,8.231,8.036,90.9,2.705,81.8,34.7,1,0,1,1,0,0,0,1,0
DATA,184000,-0.640891,0.767632,2285.0,8.260,8.229,8.036,90.9,2.705,82.7,34.7,1,0,1,1,0,0,0,1,0
DATA,186000,-0.640780,0.767725,2290.0,8.260,8.229,8.038,90.9,2.705,82.6,34.7,1,0,1,1,0,0,0,1,0
DATA,188000,-0.640668,0.767818,2291.7,8.260,8.229,8.037,90.9,2.705,82.2,34.7,1,0,1,1,0,0,0,1,0
DATA,190000,-0.640556,0.767911,2290.0,8.260,8.227,8.035,90.9,2.705,82.0,34.7,1,0,1,1,0,0,0,1,0
DATA,192000,-0.640445,0.768004,2283.3,8.260,8.227,8.036,90.9,2.705,81.9,34.7,1,0,1,1,0,0,0,1,0
DATA,194000,-0.640333,0.768097,2285.0,8.260,8.227,8.036,90.9,2.705,82.0,34.7,1,0,1,1,0,0,0,1,0
DATA,196000,-0.640221,0.768191,2284.2,8.260,8.225,8.036,90.9,2.705,82.4,34.7,1,0,1,1,0,0,0,1,0
DATA,198000,-0.640110,0.768284,2286.7,8.259,8.220,8.036,90.9,2.705,82.7,34.7,1,0,1,1,0,0,0,1,0
DATA,200000,-0.639998,0.768377,2280.0,8.259,8.220,8.035,90.9,2.705,82.3,34.7,1,0,1,1,0,0,0,1,0
DATA,202000,-0.639886,0.768470,2285.8,8.259,8.218,8.035,90.9,2.705,81.9,34.7,1,0,1,1,0,0,0,1,0
DATA,204000,-0.639774,0.768563,2283.3,8.258,8.212,8.035,90.9,2.705,82.4,34.7,1,0,1,1,0,0,0,1,0
DATA,206000,-0.639663,0.768656,2285.8,8.257,8.210,8.036,90.9,2.705,81.8,34.7,1,0,1,1,0,0,0,1,0
DATA,208000,-0.639550,0.768749,2285.8,8.257,8.210,8.035,90.9,2.705,82.5,34.7,1,0,1,1,0,0,0,1,0
DATA,210000,-0.639439,0.768842,2287.5,8.257,8.208,8.036,90.9,2.705,82.7,34.7,1,0,1,1,0,0,0,1,0
DATA,212000,-0.639327,0.768935,2304.2,8.257,8.208,8.037,90.9,2.705,82.0,34.7,1,0,1,1,0,0,0,1,0
DATA,214000,-0.639215,0.769028,2287.5,8.258,8.210,8.035,90.9,2.705,82.0,34.7,1,0,1,1,0,0,0,1,0
DATA,216000,-0.639103,0.769121,2286.7,8.258,8.208,8.037,90.9,2.705,82.7,34.7,1,0,1,1,0,0,0,1,0
DATA,218000,-0.638992,0.769214,2285.8,8.257,8.206,8.035,90.9,2.705,82.3,34.7,1,0,1,1,0,0,0,1,0
DATA,220000,-0.638879,0.769307,2310.0,8.257,8.206,8.036,90.9,2.705,81.8,34.7,1,0,1,1,0,0,0,1,0
DATA,222000,-0.638768,0.769400,2299.2,8.257,8.206,8.036,90.9,2.705,82.3,34.7,1,0,1,1,0,0,0,1,0
DATA,224000,-0.638656,0.769492,2293.3,8.257,8.206,8.037,90.9,2.705,82.7,34.7,1,0,1,1,0,0,0,1,0
DATA,226000,-0.638544,0.769585,2293.3,8.257,8.206,8.036,90.9,2.705,82.7,34.7,1,0,1,1,0,0,0,1,0
DATA,228000,-0.638432,0.769678,2288.3,8.257,8.206,8.036,90.9,2.705,82.7,34.7,1,0,1,1,0,0,0,1,0
DATA,230000,-0.638320,0.769771,2291.7,8.257,8.206,8.035,90.9,2.705,82.0,34.7,1,0,1,1,0,0,0,1,0
DATA,232000,-0.638208,0.769864,2290.0,8.257,8.204,8.036,90.9,2.705,82.3,34.7,1,0,1,1,0,0,0,1,0
DATA,234000,-0.638096,0.769957,2287.5,8.257,8.204,8.036,90.9,2.705,81.9,34.7,1,0,1,1,0,0,0,1,0
DATA,236000,-0.637984,0.770050,2293.3,8.257,8.206,8.037,90.9,2.705,82.1,34.7,1,0,1,1,0,0,0,1,0
DATA,238000,-0.637872,0.770143,2289.2,8.257,8.206,8.036,90.9,2.705,82.8,34.7,1,0,1,1,0,0,0,1,0
DATA,240000,-0.637760,0.770235,2290.8,8.258,8.210,8.035,90.9,2.705,82.3,34.7,1,0,1,1,0,0,0,1,0
DATA,242000,-0.637648,0.770328,2286.7,8.258,8.210,8.035,90.9,2.705,81.9,34.7,1,0,1,1,0,0,0,1,0
DATA,244000,-0.637536,0.770421,2290.8,8.257,8.206,8.036,90.9,2.705,82.4,34.7,1,0,1,1,0,0,0,1,0
DATA,246000,-0.637424,0.770513,2289.2,8.257,8.204,8.034,90.9,2.705,82.8,34.7,1,0,1,1,0,0,0,1,0
DATA,248000,-0.637312,0.770606,2285.0,8.257,8.200,8.035,90.9,2.705,82.5,34.7,1,0,1,1,0,0,0,1,0
DATA,250000,-0.637200,0.770699,2294.2,8.257,8.200,8.035,90.9,2.705,82.0,34.7,1,0,1,1,0,0,0,1,0
DATA,252000,-0.637087,0.770792,2302.5,8.257,8.202,8.036,90.9,2.705,82.2,34.7,1,0,1,1,0,0,0,1,0
DATA,254000,-0.636975,0.770884,2300.0,8.257,8.204,8.036,90.9,2.705,82.1,34.7,1,0,1,1,0,0,0,1,0
DATA,256000,-0.636864,0.770977,2304.2,8.257,8.204,8.036,90.9,2.705,82.0,34.7,1,0,1,1,0,0,0,1,0
DATA,258000,-0.636751,0.771069,2295.0,8.257,8.204,8.035,90.9,2.705,82.4,34.7,1,0,1,1,0,0,0,1,0
DATA,260000,-0.636639,0.771162,2293.3,8.257,8.204,8.035,90.9,2.705,82.9,34.7,1,0,1,1,0,0,0,1,0
DATA,262000,-0.636527,0.771255,2301.7,8.258,8.204,8.036,90.9,2.705,82.8,34.7,1,0,1,1,0,0,0,1,0
DATA,264000,-0.636415,0.771347,2294.2,8.258,8.206,8.035,90.9,2.705,82.5,34.7,1,0,1,1,0,0,0,1,0
DATA,266000,-0.636303,0.771439,2290.8,8.258,8.208,8.036,90.9,2.705,82.1,34.7,1,0,1,1,0,0,0,1,0
DATA,268000,-0.636190,0.771532,2317.5,8.258,8.208,8.035,90.9,2.705,82.0,34.7,1,0,1,1,0,0,0,1,0
DATA,270000,-0.636078,0.771625,2302.5,8.258,8.206,8.036,90.9,2.705,83.0,34.7,1,0,1,1,0,0,0,1,0
DATA,272000,-0.635966,0.771717,2295.8,8.258,8.208,8.035,90.9,2.705,82.9,34.7,1,0,1,1,0,0,0,1,0
DATA,274000,-0.635854,0.771809,2293.3,8.258,8.208,8.035,90.9,2.705,82.3,34.7,1,0,1,1,0,0,0,1,0
DATA,276000,-0.635741,0.771902,2295.8,8.258,8.204,8.036,90.9,2.705,82.7,34.7,1,0,1,1,0,0,0,1,0
DATA,278000,-0.635629,0.771995,2293.3,8.258,8.206,8.035,90.9,2.705,82.6,34.7,1,0,1,1,0,0,0,1,0
DATA,280000,-0.635517,0.772087,2295.8,8.257,8.202,8.037,90.9,2.705,82.5,34.7,1,0,1,1,0,0,0,1,0
DATA,282000,-0.635404,0.772180,2295.8,8.257,8.200,8.035,90.9,2.705,82.5,34.7,1,0,1,1,0,0,0,1,0
DATA,284000,-0.635292,0.772272,2290.8,8.257,8.198,8.035,90.9,2.705,82.3,34.7,1,0,1,1,0,0,0,1,0
DATA,286000,-0.635180,0.772364,2292.5,8.257,8.200,8.034,90.8,2.705,82.3,34.7,1,0,1,1,0,0,0,1,0
DATA,288000,-0.635068,0.772456,2298.3,8.257,8.204,8.035,90.9,2.705,82.2,34.7,1,0,1,1,0,0,0,1,0
DATA,290000,-0.634955,0.772549,2295.8,8.258,8.206,8.036,90.9,2.705,82.9,34.7,1,0,1,1,0,0,0,1,0
DATA,292000,-0.634843,0.772641,2291.7,8.259,8.206,8.034,90.8,2.705,83.0,34.7,1,0,1,1,0,0,0,1,0
DATA,294000,-0.634730,0.772734,2299.2,8.258,8.206,8.033,90.8,2.705,83.0,34.7,1,0,1,1,0,0,0,1,0
DATA,296000,-0.634618,0.772826,2296.7,8.257,8.200,8.033,90.8,2.705,83.0,34.7,1,0,1,1,0,0,0,1,0
DATA,298000,-0.634505,0.772919,2290.8,8.257,8.196,8.035,90.9,2.705,83.0,34.7,1,0,1,1,0,0,0,1,0
DATA,300000,-0.634393,0.773011,2286.7,8.256,8.196,8.034,90.8,2.705,82.9,34.7,1,0,1,1,0,0,0,1,0
DATA,302000,-0.634281,0.773103,2290.8,8.256,8.192,8.035,90.9,2.705,82.7,34.7,1,0,1,1,0,0,0,1,0
DATA,304000,-0.634168,0.773195,2290.8,8.257,8.194,8.035,90.9,2.705,82.6,34.7,1,0,1,1,0,0,0,1,0
DATA,306000,-0.634055,0.773288,2296.7,8.257,8.194,8.034,90.9,2.705,82.3,34.7,1,0,1,1,0,0,0,1,0
DATA,308000,-0.633943,0.773380,2300.0,8.258,8.196,8.033,90.8,2.705,83.0,34.7,1,0,1,1,0,0,0,1,0
DATA,310000,-0.633831,0.773472,2303.3,8.259,8.200,8.035,90.9,2.705,83.0,34.7,1,0,1,1,0,0,0,1,0
DATA,312000,-0.633718,0.773564,2295.8,8.260,8.204,8.036,90.9,2.705,83.0,34.7,1,0,1,1,0,0,0,1,0
DATA,314000,-0.633606,0.773656,2294.2,8.261,8.210,8.036,90.9,2.705,82.8,34.7,1,0,1,1,0,0,0,1,0
DATA,316000,-0.633493,0.773748,2296.7,8.262,8.214,8.036,90.9,2.705,82.4,34.7,1,0,1,1,0,0,0,1,0
DATA,318000,-0.633381,0.773840,2295.0,8.262,8.214,8.035,90.9,2.705,82.3,34.7,1,0,1,1,0,0,0,1,0
DATA,320000,-0.633268,0.773932,2301.7,8.261,8.212,8.035,90.9,2.705,82.3,34.7,1,0,1,1,0,0,0,1,0
DATA,322000,-0.633155,0.774025,2304.2,8.261,8.210,8.035,90.9,2.705,82.7,34.7,1,0,1,1,0,0,0,1,0
DATA,324000,-0.633043,0.774117,2300.0,8.261,8.206,8.034,90.9,2.705,83.0,34.7,1,0,1,1,0,0,0,1,0
DATA,326000,-0.632930,0.774209,2310.0,8.261,8.206,8.034,90.8,2.705,82.3,34.7,1,0,1,1,0,0,0,1,0
DATA,328000,-0.632818,0.774301,2308.3,8.261,8.206,8.034,90.8,2.705,82.5,34.7,1,0,1,1,0,0,0,1,0
DATA,330000,-0.632705,0.774393,2305.0,8.261,8.206,8.035,90.9,2.705,83.0,34.7,1,0,1,1,0,0,0,1,0
DATA,332000,-0.632593,0.774485,2300.8,8.260,8.208,8.034,90.8,2.705,83.0,34.7,1,0,1,1,0,0,0,1,0
DATA,334000,-0.632480,0.774577,2300.0,8.261,8.210,8.035,90.9,2.705,82.7,34.7,1,0,1,1,0,0,0,1,0
DATA,336000,-0.632367,0.774669,2295.8,8.261,8.212,8.034,90.9,2.705,82.5,34.7,1,0,1,1,0,0,0,1,0
DATA,338000,-0.632254,0.774761,2300.0,8.261,8.212,8.033,90.8,2.705,82.3,34.7,1,0,1,1,0,0,0,1,0
DATA,340000,-0.632142,0.774853,2294.2,8.261,8.210,8.035,90.9,2.705,82.7,34.7,1,0,1,1,0,0,0,1,0
DATA,342000,-0.632029,0.774945,2292.5,8.261,8.208,8.034,90.8,2.705,82.3,34.7,1,0,1,1,0,0,0,1,0
DATA,344000,-0.631917,0.775036,2290.8,8.261,8.206,8.034,90.8,2.705,82.3,34.7,1,0,1,1,0,0,0,1,0
DATA,346000,-0.631804,0.775129,2316.7,8.261,8.208,8.034,90.8,2.705,82.7,34.7,1,0,1,1,0,0,0,1,0
DATA,348000,-0.631691,0.775220,2307.5,8.262,8.212,8.034,90.8,2.705,83.2,34.7,1,0,1,1,0,0,0,1,0
DATA,350000,-0.631578,0.775312,2304.2,8.263,8.216,8.033,90.8,2.705,82.9,34.7,1,0,1,1,0,0,0,1,0
DATA,352000,-0.631466,0.775404,2302.5,8.264,8.218,8.034,90.8,2.705,82.5,34.7,1,0,1,1,0,0,0,1,0
DATA,354000,-0.631352,0.775496,2297.5,8.263,8.216,8.034,90.8,2.705,82.7,34.7,1,0,1,1,0,0,0,1,0
DATA,356000,-0.631240,0.775588,2291.7,8.263,8.216,8.031,90.8,2.705,83.2,34.7,1,0,1,1,0,0,0,1,0
DATA,358000,-0.631127,0.775680,2288.3,8.264,8.216,8.034,90.8,2.705,82.7,34.7,1,0,1,1,0,0,0,1,0
DATA,360000,-0.631014,0.775771,2290.0,8.264,8.218,8.033,90.8,2.705,82.4,34.7,1,0,1,1,0,0,0,1,0
DATA,362000,-0.630901,0.775863,2290.8,8.265,8.222,8.034,90.9,2.705,82.7,34.7,1,0,1,1,0,0,0,1,0
DATA,364000,-0.630788,0.775955,2297.5,8.266,8.222,8.034,90.9,2.705,82.5,34.7,1,0,1,1,0,0,0,1,0
DATA,366000,-0.630676,0.776047,2301.7,8.266,8.222,8.034,90.9,2.705,83.4,34.7,1,0,1,1,0,0,0,1,0
DATA,368000,-0.630563,0.776138,2295.8,8.266,8.225,8.035,90.9,2.705,83.0,34.7,1,0,1,1,0,0,0,1,0
DATA,370000,-0.630450,0.776230,2298.3,8.266,8.225,8.035,90.9,2.705,82.4,34.7,1,0,1,1,0,0,0,1,0
DATA,372000,-0.630337,0.776322,2297.5,8.266,8.225,8.035,90.9,2.705,82.9,34.7,1,0,1,1,0,0,0,1,0
DATA,374000,-0.630224,0.776413,2295.0,8.265,8.220,8.034,90.8,2.705,82.4,34.7,1,0,1,1,0,0,0,1,0
DATA,376000,-0.630111,0.776505,2304.2,8.265,8.216,8.034,90.9,2.705,83.1,34.7,1,0,1,1,0,0,0,1,0
DATA,378000,-0.629998,0.776597,2300.8,8.265,8.216,8.034,90.8,2.705,83.1,34.7,1,0,1,1,0,0,0,1,0
DATA,380000,-0.629885,0.776688,2305.8,8.265,8.216,8.034,90.9,2.705,82.7,34.7,1,0,1,1,0,0,0,1,0
DATA,382000,-0.629772,0.776780,2303.3,8.266,8.216,8.035,90.9,2.705,82.7,34.7,1,0,1,1,0,0,0,1,0
DATA,384000,-0.629660,0.776871,2297.5,8.266,8.214,8.035,90.9,2.705,83.3,34.7,1,0,1,1,0,0,0,1,0
DATA,386000,-0.629546,0.776963,2290.8,8.265,8.210,8.034,90.8,2.705,82.8,34.7,1,0,1,1,0,0,0,1,0
DATA,388000,-0.629433,0.777055,2291.7,8.265,8.206,8.035,90.9,2.705,82.6,34.7,1,0,1,1,0,0,0,1,0
DATA,390000,-0.629321,0.777146,2291.7,8.265,8.208,8.035,90.9,2.705,83.0,34.7,1,0,1,1,0,0,0,1,0
DATA,392000,-0.629208,0.777237,2295.0,8.265,8.212,8.035,90.9,2.705,83.4,34.7,1,0,1,1,0,0,0,1,0
DATA,394000,-0.629094,0.777329,2304.2,8.265,8.214,8.034,90.8,2.705,82.7,34.7,1,0,1,1,0,0,0,1,0
DATA,396000,-0.628981,0.777421,2303.3,8.266,8.218,8.034,90.8,2.705,83.4,34.7,1,0,1,1,0,0,0,1,0
DATA,398000,-0.628868,0.777512,2327.5,8.266,8.220,8.033,90.8,2.705,83.1,34.7,1,0,1,1,0,0,0,1,0
DATA,400000,-0.628755,0.777604,2319.2,8.266,8.225,8.034,90.8,2.705,82.7,34.7,1,0,1,1,0,0,0,1,0
DATA,402000,-0.628642,0.777695,2315.8,8.267,8.231,8.034,90.8,2.705,82.6,34.7,1,0,1,1,0,0,0,1,0
DATA,404000,-0.628529,0.777786,2312.5,8.268,8.235,8.034,90.9,2.705,82.7,34.7,1,0,1,1,0,0,0,1,0
DATA,406000,-0.628416,0.777878,2310.8,8.268,8.237,8.033,90.8,2.705,82.7,34.7,1,0,1,1,0,0,0,1,0
DATA,408000,-0.628302,0.777969,2302.5,8.268,8.231,8.034,90.8,2.705,82.7,34.7,1,0,1,1,0,0,0,1,0
DATA,410000,-0.628189,0.778061,2300.8,8.267,8.222,8.034,90.8,2.705,82.8,34.7,1,0,1,1,0,0,0,1,0
DATA,412000,-0.628076,0.778152,2298.3,8.266,8.218,8.034,90.8,2.705,82.9,34.7,1,0,1,1,0,0,0,1,0
DATA,414000,-0.627963,0.778243,2300.8,8.264,8.208,8.033,90.8,2.705,83.0,34.7,1,0,1,1,0,0,0,1,0
DATA,416000,-0.627849,0.778335,2298.3,8.263,8.204,8.032,90.8,2.705,83.0,34.7,1,0,1,1,0,0,0,1,0
DATA,418000,-0.627737,0.778426,2299.2,8.263,8.204,8.033,90.8,2.705,83.0,34.7,1,0,1,1,0,0,0,1,0
DATA,420000,-0.627623,0.778517,2302.5,8.263,8.204,8.034,90.8,2.705,83.0,34.7,1,0,1,1,0,0,0,1,0
DATA,422000,-0.627510,0.778608,2302.5,8.264,8.206,8.033,90.8,2.705,82.8,34.7,1,0,1,1,0,0,0,1,0
DATA,424000,-0.627397,0.778700,2299.2,8.264,8.208,8.033,90.8,2.705,82.7,34.7,1,0,1,1,0,0,0,1,0
DATA,426000,-0.627284,0.778791,2297.5,8.265,8.210,8.032,90.8,2.705,82.7,34.7,1,0,1,1,0,0,0,1,0
DATA,428000,-0.627170,0.778882,2300.0,8.265,8.210,8.032,90.8,2.705,82.6,34.7,1,0,1,1,0,0,0,1,0
DATA,430000,-0.627057,0.778973,2312.5,8.265,8.214,8.032,90.8,2.705,82.6,34.7,1,0,1,1,0,0,0,1,0
DATA,432000,-0.626943,0.779065,2306.7,8.265,8.216,8.034,90.8,2.705,82.6,34.7,1,0,1,1,0,0,0,1,0
DATA,434000,-0.626830,0.779156,2308.3,8.265,8.218,8.033,90.8,2.705,83.4,34.7,1,0,1,1,0,0,0,1,0
DATA,436000,-0.626717,0.779247,2308.3,8.265,8.220,8.034,90.8,2.705,83.5,34.7,1,0,1,1,0,0,0,1,0
DATA,438000,-0.626604,0.779338,2310.0,8.265,8.218,8.033,90.8,2.705,83.4,34.7,1,0,1,1,0,0,0,1,0
DATA,440000,-0.626490,0.779429,2304.2,8.265,8.218,8.033,90.8,2.705,83.4,34.7,1,0,1,1,0,0,0,1,0
DATA,442000,-0.626377,0.779520,2321.7,8.265,8.214,8.032,90.8,2.705,83.4,34.7,1,0,1,1,0,0,0,1,0
DATA,444000,-0.626263,0.779612,2310.0,8.265,8.214,8.032,90.8,2.705,83.4,34.7,1,0,1,1,0,0,0,1,0
DATA,446000,-0.626150,0.779702,2300.0,8.264,8.210,8.030,90.8,2.705,83.3,34.7,1,0,1,1,0,0,0,1,0
DATA,448000,-0.626037,0.779794,2308.3,8.265,8.210,8.033,90.8,2.705,83.0,34.7,1,0,1,1,0,0,0,1,0
DATA,450000,-0.625924,0.779884,2305.0,8.265,8.212,8.033,90.8,2.705,83.0,34.7,1,0,1,1,0,0,0,1,0
DATA,452000,-0.625810,0.779976,2312.5,8.266,8.214,8.034,90.8,2.705,83.2,34.7,1,0,1,1,0,0,0,1,0
DATA,454000,-0.625697,0.780066,2310.0,8.266,8.218,8.033,90.8,2.705,83.4,34.7,1,0,1,1,0,0,0,1,0
DATA,456000,-0.625583,0.780158,2313.3,8.267,8.218,8.033,90.8,2.705,83.5,34.7,1,0,1,1,0,0,0,1,0
DATA,458000,-0.625470,0.780248,2308.3,8.267,8.218,8.033,90.8,2.705,83.6,34.7,1,0,1,1,0,0,0,1,0
DATA,460000,-0.625356,0.780340,2309.2,8.268,8.218,8.033,90.8,2.705,83.6,34.7,1,0,1,1,0,0,0,1,0
DATA,462000,-0.625243,0.780430,2310.0,8.268,8.220,8.033,90.8,2.705,83.6,34.7,1,0,1,1,0,0,0,1,0
DATA,464000,-0.625129,0.780522,2307.5,8.268,8.218,8.033,90.8,2.705,83.5,34.7,1,0,1,1,0,0,0,1,0
DATA,466000,-0.625015,0.780612,2303.3,8.268,8.218,8.033,90.8,2.705,83.5,34.7,1,0,1,1,0,0,0,1,0
DATA,468000,-0.624902,0.780703,2301.7,8.267,8.214,8.033,90.8,2.705,83.5,34.7,1,0,1,1,0,0,0,1,0
DATA,470000,-0.624789,0.780794,2303.3,8.267,8.210,8.033,90.8,2.705,83.3,34.7,1,0,1,1,0,0,0,1,0
DATA,472000,-0.624675,0.780885,2300.0,8.266,8.208,8.033,90.8,2.705,83.3,34.7,1,0,1,1,0,0,0,1,0
DATA,474000,-0.624561,0.780976,2300.8,8.266,8.208,8.030,90.7,2.705,83.5,34.7,1,0,1,1,0,0,0,1,0
DATA,476000,-0.624448,0.781067,2302.5,8.266,8.212,8.032,90.8,2.705,83.5,34.7,1,0,1,1,0,0,0,1,0
DATA,478000,-0.624334,0.781157,2300.0,8.266,8.214,8.031,90.8,2.705,83.4,34.7,1,0,1,1,0,0,0,1,0
DATA,480000,-0.624220,0.781248,2305.8,8.267,8.216,8.032,90.8,2.705,83.0,34.7,1,0,1,1,0,0,0,1,0
DATA,482000,-0.624107,0.781339,2308.3,8.266,8.216,8.033,90.8,2.705,82.8,34.7,1,0,1,1,0,0,0,1,0
DATA,484000,-0.623993,0.781430,2300.8,8.266,8.212,8.032,90.8,2.705,83.4,34.7,1,0,1,1,0,0,0,1,0
DATA,486000,-0.623880,0.781520,2299.2,8.265,8.208,8.032,90.8,2.705,83.7,34.7,1,0,1,1,0,0,0,1,0
DATA,488000,-0.623766,0.781611,2297.5,8.265,8.204,8.032,90.8,2.705,83.4,34.7,1,0,1,1,0,0,0,1,0
DATA,490000,-0.623652,0.781702,2305.0,8.266,8.206,8.032,90.8,2.705,83.5,34.7,1,0,1,1,0,0,0,1,0
DATA,492000,-0.623538,0.781793,2300.0,8.267,8.210,8.033,90.8,2.705,82.7,34.7,1,0,1,1,0,0,0,1,0
DATA,494000,-0.623425,0.781883,2297.5,8.268,8.212,8.033,90.8,2.705,83.0,34.7,1,0,1,1,0,0,0,1,0
DATA,496000,-0.623311,0.781974,2300.0,8.269,8.216,8.032,90.8,2.705,83.7,34.7,1,0,1,1,0,0,0,1,0
DATA,498000,-0.623197,0.782065,2305.0,8.269,8.218,8.033,90.8,2.705,83.1,34.7,1,0,1,1,0,0,0,1,0
DATA,500000,-0.623083,0.782155,2300.0,8.268,8.214,8.033,90.8,2.705,82.9,34.7,1,0,1,1,0,0,0,1,0
DATA,502000,-0.622970,0.782246,2305.8,8.268,8.216,8.033,90.8,2.705,83.7,34.7,1,0,1,1,0,0,0,1,0
DATA,504000,-0.622856,0.782337,2305.0,8.268,8.214,8.032,90.8,2.705,83.6,34.7,1,0,1,1,0,0,0,1,0
DATA,506000,-0.622742,0.782427,2301.7,8.267,8.210,8.030,90.8,2.705,82.8,34.7,1,0,1,1,0,0,0,1,0
DATA,508000,-0.622628,0.782518,2308.3,8.267,8.210,8.032,90.8,2.705,83.4,34.7,1,0,1,1,0,0,0,1,0
DATA,510000,-0.622515,0.782608,2305.0,8.267,8.206,8.033,90.8,2.705,82.9,34.7,1,0,1,1,0,0,0,1,0
DATA,512000,-0.622401,0.782699,2306.7,8.266,8.206,8.032,90.8,2.705,83.4,34.7,1,0,1,1,0,0,0,1,0
DATA,514000,-0.622287,0.782789,2306.7,8.267,8.206,8.031,90.8,2.705,83.7,34.7,1,0,1,1,0,0,0,1,0
DATA,516000,-0.622173,0.782880,2305.8,8.267,8.210,8.032,90.8,2.705,83.0,34.7,1,0,1,1,0,0,0,1,0
DATA,518000,-0.622059,0.782971,2300.0,8.268,8.212,8.032,90.8,2.705,83.0,34.7,1,0,1,1,0,0,0,1,0
DATA,520000,-0.621945,0.783061,2295.0,8.268,8.212,8.032,90.8,2.705,83.7,34.7,1,0,1,1,0,0,0,1,0
DATA,522000,-0.621831,0.783151,2494.2,8.268,8.214,8.033,90.8,2.705,83.5,34.7,1,0,1,1,0,0,0,1,0
DATA,524000,-0.621717,0.783242,2500.0,8.268,8.210,8.032,90.8,2.705,83.7,34.7,1,0,1,1,0,0,0,1,0
DATA,526000,-0.621603,0.783332,2500.0,8.268,8.208,8.032,90.8,2.705,83.2,34.7,1,0,1,1,0,0,0,1,0
DATA,528000,-0.621490,0.783422,2500.0,8.268,8.212,8.032,90.8,2.705,82.9,34.7,1,0,1,1,0,0,0,1,0
DATA,530000,-0.621376,0.783513,2500.0,8.268,8.212,8.033,90.8,2.705,83.7,34.7,1,0,1,1,0,0,0,1,0
DATA,532000,-0.621262,0.783603,2500.0,8.268,8.212,8.032,90.8,2.705,83.6,34.7,1,0,1,1,0,0,0,1,0
DATA,534000,-0.621147,0.783694,2500.0,8.269,8.214,8.032,90.8,2.705,82.9,34.7,1,0,1,1,0,0,0,1,0
DATA,536000,-0.621034,0.783784,2500.0,8.268,8.210,8.032,90.8,2.705,83.3,34.7,1,0,1,1,0,0,0,1,0
DATA,538000,-0.620920,0.783874,2500.0,8.268,8.208,8.032,90.8,2.705,83.8,34.7,1,0,1,1,0,0,0,1,0
DATA,540000,-0.620806,0.783964,2500.0,8.268,8.210,8.032,90.8,2.705,83.3,34.7,1,0,1,1,0,0,0,1,0
DATA,542000,-0.620691,0.784055,2500.0,8.269,8.212,8.032,90.8,2.705,82.9,34.7,1,0,1,1,0,0,0,1,0
DATA,544000,-0.620578,0.784145,2500.0,8.270,8.216,8.032,90.8,2.705,83.4,34.7,1,0,1,1,0,0,0,1,0
DATA,546000,-0.620464,0.784235,2500.0,8.270,8.218,8.031,90.8,2.705,83.0,34.7,1,0,1,1,0,0,0,1,0
DATA,548000,-0.620350,0.784325,2500.0,8.271,8.222,8.032,90.8,2.705,83.4,34.7,1,0,1,1,0,0,0,1,0
DATA,550000,-0.620235,0.784416,2500.0,8.271,8.222,8.032,90.8,2.705,83.9,34.7,1,0,1,1,0,0,0,1,0
DATA,552000,-0.620121,0.784506,2500.0,8.271,8.220,8.030,90.8,2.705,83.7,34.7,1,0,1,1,0,0,0,1,0
DATA,554000,-0.620007,0.784596,2500.0,8.272,8.220,8.032,90.8,2.705,83.3,34.7,1,0,1,1,0,0,0,1,0
DATA,556000,-0.619893,0.784686,2500.0,8.271,8.220,8.032,90.8,2.705,83.0,34.7,1,0,1,1,0,0,0,1,0
DATA,558000,-0.619779,0.784777,2500.0,8.272,8.220,8.032,90.8,2.705,83.9,34.7,1,0,1,1,0,0,0,1,0
DATA,560000,-0.619665,0.784867,2500.0,8.272,8.225,8.031,90.8,2.705,83.7,34.7,1,0,1,1,0,0,0,1,0
DATA,562000,-0.619550,0.784957,2500.0,8.272,8.225,8.031,90.8,2.705,83.4,34.7,1,0,1,1,0,0,0,1,0
DATA,564000,-0.619437,0.785047,2500.0,8.272,8.225,8.031,90.8,2.705,83.1,34.7,1,0,1,1,0,0,0,1,0
DATA,566000,-0.619322,0.785137,2500.0,8.272,8.220,8.029,90.7,2.705,83.0,34.7,1,0,1,1,0,0,0,1,0
DATA,568000,-0.619208,0.785227,2500.0,8.272,8.216,8.030,90.8,2.705,83.0,34.7,1,0,1,1,0,0,0,1,0
DATA,570000,-0.619094,0.785317,2500.0,8.271,8.212,8.030,90.8,2.705,83.0,34.7,1,0,1,1,0,0,0,1,0
DATA,572000,-0.618980,0.785407,2500.0,8.271,8.208,8.031,90.8,2.705,83.2,34.7,1,0,1,1,0,0,0,1,0
DATA,574000,-0.618865,0.785497,2500.0,8.270,8.210,8.031,90.8,2.705,83.4,34.7,1,0,1,1,0,0,0,1,0
DATA,576000,-0.618751,0.785587,2500.0,8.270,8.208,8.030,90.8,2.705,83.7,34.7,1,0,1,1,0,0,0,1,0
DATA,578000,-0.618637,0.785677,2500.0,8.270,8.208,8.031,90.8,2.705,83.8,34.7,1,0,1,1,0,0,0,1,0
DATA,580000,-0.618523,0.785767,2500.0,8.270,8.208,8.031,90.8,2.705,83.0,34.7,1,0,1,1,0,0,0,1,0
DATA,582000,-0.618408,0.785857,2500.0,8.270,8.208,8.031,90.8,2.705,83.0,34.7,1,0,1,1,0,0,0,1,0
DATA,584000,-0.618294,0.785947,2500.0,8.270,8.206,8.031,90.8,2.705,83.4,34.7,1,0,1,1,0,0,0,1,0
DATA,586000,-0.618180,0.786037,2500.0,8.270,8.206,8.031,90.8,2.705,83.8,34.7,1,0,1,1,0,0,0,1,0
DATA,588000,-0.618066,0.786127,2500.0,8.270,8.206,8.031,90.8,2.705,83.9,34.7,1,0,1,1,0,0,0,1,0
DATA,590000,-0.617951,0.786217,2500.0,8.270,8.202,8.031,90.8,2.705,83.4,34.7,1,0,1,1,0,0,0,1,0
DATA,592000,-0.617837,0.786307,2500.0,8.270,8.204,8.031,90.8,2.705,83.9,34.7,1,0,1,1,0,0,0,1,0
DATA,594000,-0.617722,0.786396,2500.0,8.270,8.204,8.029,90.7,2.705,83.7,34.7,1,0,1,1,0,0,0,1,0
DATA,596000,-0.617608,0.786486,2500.0,8.271,8.204,8.030,90.8,2.705,83.0,34.7,1,0,1,1,0,0,0,1,0
DATA,598000,-0.617493,0.786576,2500.0,8.271,8.206,8.031,90.8,2.705,83.7,34.7,1,0,1,1,0,0,0,1,0
DATA,600000,-0.617379,0.786666,2500.0,8.270,8.206,8.031,90.8,2.705,84.1,34.7,1,0,1,1,0,0,0,1,0
DATA,602000,-0.617265,0.786756,2500.0,8.271,8.208,8.031,90.8,2.705,83.4,34.7,1,0,1,1,0,0,0,1,0
DATA,604000,-0.617150,0.786845,2500.0,8.272,8.212,8.031,90.8,2.705,83.3,34.7,1,0,1,1,0,0,0,1,0
DATA,606000,-0.617036,0.786935,2500.0,8.273,8.216,8.031,90.8,2.705,84.1,34.7,1,0,1,1,0,0,0,1,0
DATA,608000,-0.616921,0.787025,2500.0,8.273,8.218,8.032,90.8,2.705,83.7,34.7,1,0,1,1,0,0,0,1,0
DATA,610000,-0.616807,0.787115,2500.0,8.272,8.218,8.031,90.8,2.705,83.1,34.7,1,0,1,1,0,0,0,1,0
DATA,612000,-0.616693,0.787204,2500.0,8.272,8.218,8.031,90.8,2.705,83.7,34.7,1,0,1,1,0,0,0,1,0
DATA,614000,-0.616577,0.787294,2500.0,8.272,8.218,8.031,90.8,2.705,84.1,34.7,1,0,1,1,0,0,0,1,0
DATA,616000,-0.616463,0.787384,2500.0,8.272,8.218,8.031,90.8,2.705,83.7,34.7,1,0,1,1,0,0,0,1,0
DATA,618000,-0.616349,0.787473,2500.0,8.272,8.222,8.031,90.8,2.705,84.1,34.7,1,0,1,1,0,0,0,1,0
DATA,620000,-0.616235,0.787563,2500.0,8.273,8.220,8.031,90.8,2.705,83.7,34.7,1,0,1,1,0,0,0,1,0
DATA,622000,-0.616119,0.787653,2500.0,8.273,8.218,8.031,90.8,2.705,83.3,34.7,1,0,1,1,0,0,0,1,0
DATA,624000,-0.616005,0.787742,2500.0,8.273,8.218,8.030,90.8,2.705,83.4,34.7,1,0,1,1,0,0,0,1,0
DATA,626000,-0.615891,0.787832,2500.0,8.273,8.218,8.028,90.7,2.705,83.8,34.7,1,0,1,1,0,0,0,1,0
DATA,628000,-0.615776,0.787921,2500.0,8.273,8.220,8.031,90.8,2.705,84.0,34.7,1,0,1,1,0,0,0,1,0
DATA,630000,-0.615661,0.788011,2500.0,8.273,8.220,8.031,90.8,2.705,84.1,34.7,1,0,1,1,0,0,0,1,0
DATA,632000,-0.615547,0.788100,2500.0,8.273,8.216,8.031,90.8,2.705,83.4,34.7,1,0,1,1,0,0,0,1,0
DATA,634000,-0.615432,0.788190,2500.0,8.272,8.212,8.031,90.8,2.705,83.3,34.7,1,0,1,1,0,0,0,1,0
DATA,636000,-0.615317,0.788280,2500.0,8.270,8.204,8.030,90.7,2.705,83.3,34.7,1,0,1,1,0,0,0,1,0
DATA,638000,-0.615202,0.788369,2500.0,8.270,8.198,8.029,90.7,2.705,83.1,34.7,1,0,1,1,0,0,0,1,0
DATA,640000,-0.615088,0.788458,2500.0,8.269,8.196,8.031,90.8,2.705,83.1,34.7,1,0,1,1,0,0,0,1,0
DATA,642000,-0.614974,0.788548,2500.0,8.269,8.194,8.031,90.8,2.705,83.2,34.3,1,0,1,1,0,0,0,1,0
DATA,644000,-0.614858,0.788638,2500.0,8.270,8.198,8.031,90.8,2.705,83.3,34.3,1,0,1,1,0,0,0,1,0
DATA,646000,-0.614744,0.788727,2500.0,8.271,8.202,8.030,90.8,2.705,83.4,34.3,1,0,1,1,0,0,0,1,0
DATA,648000,-0.614629,0.788816,2500.0,8.272,8.204,8.030,90.8,2.705,83.5,34.3,1,0,1,1,0,0,0,1,0
DATA,650000,-0.614515,0.788905,2500.0,8.272,8.208,8.030,90.7,2.705,83.7,34.3,1,0,1,1,0,0,0,1,0
DATA,652000,-0.614400,0.788995,2500.0,8.273,8.210,8.030,90.8,2.705,83.7,34.3,1,0,1,1,0,0,0,1,0
DATA,654000,-0.614285,0.789084,2500.0,8.273,8.212,8.030,90.8,2.705,83.7,34.3,1,0,1,1,0,0,0,1,0
DATA,656000,-0.614170,0.789173,2500.0,8.274,8.212,8.029,90.7,2.705,83.7,34.3,1,0,1,1,0,0,0,1,0
DATA,658000,-0.614056,0.789263,2500.0,8.274,8.212,8.030,90.8,2.705,83.5,34.3,1,0,1,1,0,0,0,1,0
DATA,660000,-0.613940,0.789352,2500.0,8.273,8.210,8.030,90.7,2.705,83.5,34.3,1,0,1,1,0,0,0,1,0
DATA,662000,-0.613826,0.789441,2500.0,8.273,8.208,8.030,90.7,2.705,83.4,34.3,1,0,1,1,0,0,0,1,0
DATA,664000,-0.613711,0.789531,2500.0,8.274,8.208,8.031,90.8,2.705,83.3,34.3,1,0,1,1,0,0,0,1,0
DATA,666000,-0.613596,0.789620,2500.0,8.274,8.208,8.028,90.7,2.705,83.3,34.3,1,0,1,1,0,0,0,1,0
DATA,668000,-0.613481,0.789709,2500.0,8.274,8.208,8.029,90.7,2.705,83.3,34.3,1,0,1,1,0,0,0,1,0
DATA,670000,-0.613367,0.789798,2500.0,8.274,8.210,8.029,90.7,2.705,84.2,34.3,1,0,1,1,0,0,0,1,0
DATA,672000,-0.613252,0.789887,2500.0,8.273,8.210,8.029,90.7,2.705,84.1,34.3,1,0,1,1,0,0,0,1,0
DATA,674000,-0.613137,0.789977,2500.0,8.273,8.206,8.029,90.7,2.705,83.8,34.3,1,0,1,1,0,0,0,1,0
DATA,676000,-0.613022,0.790066,2500.0,8.272,8.206,8.030,90.7,2.705,83.5,34.3,1,0,1,1,0,0,0,1,0
DATA,678000,-0.612907,0.790155,2500.0,8.272,8.204,8.029,90.7,2.705,83.3,34.3,1,0,1,1,0,0,0,1,0
DATA,680000,-0.612792,0.790244,2500.0,8.272,8.206,8.029,90.7,2.705,83.4,34.3,1,0,1,1,0,0,0,1,0
DATA,682000,-0.612677,0.790333,2500.0,8.273,8.208,8.029,90.7,2.704,83.8,34.3,1,0,1,1,0,0,0,1,0
DATA,684000,-0.612562,0.790423,2500.0,8.273,8.206,8.028,90.7,2.704,84.2,34.3,1,0,1,1,0,0,0,1,0
DATA,686000,-0.612447,0.790511,2500.0,8.273,8.204,8.027,90.7,2.704,84.0,34.3,1,0,1,1,0,0,0,1,0
DATA,688000,-0.612332,0.790601,2500.0,8.273,8.202,8.030,90.7,2.704,83.4,34.3,1,0,1,1,0,0,0,1,0
DATA,690000,-0.612217,0.790689,2500.0,8.273,8.204,8.030,90.7,2.705,84.1,34.3,1,0,1,1,0,0,0,1,0
DATA,692000,-0.612102,0.790779,2500.0,8.274,8.206,8.029,90.7,2.705,83.4,34.3,1,0,1,1,0,0,0,1,0
DATA,694000,-0.611987,0.790868,2500.0,8.275,8.212,8.029,90.7,2.705,84.0,34.3,1,0,1,1,0,0,0,1,0
DATA,696000,-0.611872,0.790957,2500.0,8.276,8.214,8.029,90.7,2.705,84.4,34.3,1,0,1,1,0,0,0,1,0
DATA,698000,-0.611757,0.791046,2500.0,8.276,8.216,8.029,90.7,2.705,83.6,34.3,1,0,1,1,0,0,0,1,0
DATA,700000,-0.611642,0.791135,2500.0,8.276,8.218,8.030,90.7,2.705,83.5,34.3,1,0,1,1,0,0,0,1,0
DATA,702000,-0.611527,0.791223,2500.0,8.276,8.214,8.029,90.7,2.705,84.3,34.3,1,0,1,1,0,0,0,1,0
DATA,704000,-0.611412,0.791313,2500.0,8.275,8.212,8.030,90.7,2.705,83.9,34.3,1,0,1,1,0,0,0,1,0
DATA,706000,-0.611297,0.791401,2500.0,8.275,8.208,8.026,90.7,2.705,83.5,34.3,1,0,1,1,0,0,0,1,0
DATA,708000,-0.611182,0.791490,2500.0,8.274,8.206,8.029,90.7,2.705,84.2,34.3,1,0,1,1,0,0,0,1,0
DATA,710000,-0.611066,0.791579,2500.0,8.274,8.204,8.029,90.7,2.705,84.2,34.3,1,0,1,1,0,0,0,1,0
DATA,712000,-0.610951,0.791668,2500.0,8.274,8.204,8.028,90.7,2.705,84.3,34.3,1,0,1,1,0,0,0,1,0
DATA,714000,-0.610837,0.791757,2500.0,8.274,8.204,8.029,90.7,2.705,84.0,34.3,1,0,1,1,0,0,0,1,0
DATA,716000,-0.610721,0.791846,2500.0,8.274,8.202,8.029,90.7,2.705,83.4,34.3,1,0,1,1,0,0,0,1,0
DATA,718000,-0.610606,0.791935,2500.0,8.275,8.206,8.029,90.7,2.705,84.0,34.3,1,0,1,1,0,0,0,1,0
DATA,720000,-0.610491,0.792023,2500.0,8.275,8.206,8.029,90.7,2.705,84.3,34.3,1,0,1,1,0,0,0,1,0
DATA,722000,-0.610376,0.792112,2500.0,8.276,8.208,8.029,90.7,2.705,83.6,34.3,1,0,1,1,0,0,0,1,0
DATA,724000,-0.610260,0.792201,2500.0,8.276,8.208,8.030,90.7,2.705,83.7,34.3,1,0,1,1,0,0,0,1,0
DATA,726000,-0.610145,0.792290,2500.0,8.276,8.206,8.030,90.7,2.705,83.6,34.3,1,0,1,1,0,0,0,1,0
DATA,728000,-0.610030,0.792378,2500.0,8.276,8.206,8.030,90.7,2.705,84.1,34.3,1,0,1,1,0,0,0,1,0
DATA,730000,-0.609915,0.792467,2500.0,8.275,8.202,8.028,90.7,2.705,84.4,34.3,1,0,1,1,0,0,0,1,0
DATA,732000,-0.609799,0.792556,2500.0,8.276,8.202,8.029,90.7,2.705,84.1,34.3,1,0,1,1,0,0,0,1,0
DATA,734000,-0.609684,0.792645,2500.0,8.275,8.200,8.030,90.7,2.705,83.6,34.3,1,0,1,1,0,0,0,1,0
DATA,736000,-0.609569,0.792733,2500.0,8.275,8.198,8.028,90.7,2.705,83.7,34.3,1,0,1,1,0,0,0,1,0
DATA,738000,-0.609454,0.792822,2500.0,8.276,8.200,8.029,90.7,2.705,84.4,34.3,1,0,1,1,0,0,0,1,0
DATA,740000,-0.609338,0.792911,2500.0,8.275,8.202,8.028,90.7,2.704,84.4,34.3,1,0,1,1,0,0,0,1,0
DATA,742000,-0.609223,0.792999,2500.0,8.275,8.204,8.027,90.7,2.703,83.9,34.3,1,0,1,1,0,0,0,1,0
DATA,744000,-0.609107,0.793088,2500.0,8.276,8.206,8.029,90.7,2.701,83.6,34.3,1,0,1,1,0,0,0,1,0
DATA,746000,-0.608992,0.793176,2500.0,8.276,8.210,8.029,90.7,2.701,83.7,34.3,1,0,1,1,0,0,0,1,0
DATA,748000,-0.608876,0.793265,2500.0,8.276,8.212,8.030,90.7,2.701,84.1,34.3,1,0,1,1,0,0,0,1,0
DATA,750000,-0.608761,0.793353,2500.0,8.277,8.218,8.029,90.7,2.702,83.9,34.3,1,0,1,1,0,0,0,1,0
DATA,752000,-0.608646,0.793442,2500.0,8.279,8.222,8.030,90.7,2.703,83.7,34.3,1,0,1,1,0,0,0,1,0
DATA,754000,-0.608530,0.793531,2500.0,8.279,8.225,8.030,90.7,2.703,83.6,34.3,1,0,1,1,0,0,0,1,0
DATA,756000,-0.608415,0.793619,2500.0,8.278,8.220,8.029,90.7,2.702,83.6,34.3,1,0,1,1,0,0,0,1,0
DATA,758000,-0.608300,0.793707,2500.0,8.278,8.214,8.029,90.7,2.701,83.6,34.3,1,0,1,1,0,0,0,1,0
DATA,760000,-0.608184,0.793796,2500.0,8.276,8.208,8.030,90.7,2.701,83.6,34.3,1,0,1,1,0,0,0,1,0
DATA,762000,-0.608068,0.793885,2500.0,8.276,8.204,8.030,90.8,2.702,83.7,34.3,1,0,1,1,0,0,0,1,0
DATA,764000,-0.607953,0.793973,2500.0,8.276,8.204,8.030,90.7,2.703,83.7,34.3,1,0,1,1,0,0,0,1,0
DATA,766000,-0.607838,0.794061,2500.0,8.276,8.204,8.029,90.7,2.702,83.9,34.3,1,0,1,1,0,0,0,1,0
DATA,768000,-0.607722,0.794150,2500.0,8.276,8.208,8.029,90.7,2.702,84.2,34.3,1,0,1,1,0,0,0,1,0
DATA,770000,-0.607607,0.794238,2500.0,8.277,8.210,8.029,90.7,2.701,84.2,34.3,1,0,1,1,0,0,0,1,0
DATA,772000,-0.607491,0.794327,2500.0,8.277,8.210,8.027,90.7,2.701,84.1,34.3,1,0,1,1,0,0,0,1,0
DATA,774000,-0.607376,0.794415,2500.0,8.278,8.214,8.027,90.7,2.702,84.1,34.3,1,0,1,1,0,0,0,1,0
DATA,776000,-0.607260,0.794503,2500.0,8.279,8.216,8.027,90.7,2.702,84.0,34.3,1,0,1,1,0,0,0,1,0
DATA,778000,-0.607144,0.794592,2500.0,8.279,8.216,8.028,90.7,2.702,83.8,34.3,1,0,1,1,0,0,0,1,0
DATA,780000,-0.607029,0.794680,2500.0,8.279,8.218,8.028,90.7,2.703,83.7,34.3,1,0,1,1,0,0,0,1,0
DATA,782000,-0.606914,0.794768,2500.0,8.278,8.216,8.027,90.7,2.703,83.7,34.3,1,0,1,1,0,0,0,1,0
DATA,784000,-0.606798,0.794856,2500.0,8.279,8.214,8.028,90.7,2.704,83.7,34.3,1,0,1,1,0,0,0,1,0
DATA,786000,-0.606682,0.794945,2500.0,8.279,8.216,8.026,90.7,2.705,84.7,34.3,1,0,1,1,0,0,0,1,0
DATA,788000,-0.606566,0.795033,2500.0,8.279,8.214,8.028,90.7,2.705,84.6,34.3,1,0,1,1,0,0,0,1,0
DATA,790000,-0.606451,0.795121,2500.0,8.280,8.214,8.028,90.7,2.705,84.4,34.3,1,0,1,1,0,0,0,1,0
DATA,792000,-0.606336,0.795209,2500.0,8.280,8.214,8.027,90.7,2.704,84.2,34.3,1,0,1,1,0,0,0,1,0
DATA,794000,-0.606219,0.795297,2500.0,8.280,8.214,8.027,90.7,2.704,84.0,34.3,1,0,1,1,0,0,0,1,0
DATA,796000,-0.606104,0.795386,2500.0,8.280,8.218,8.027,90.7,2.704,83.8,34.3,1,0,1,1,0,0,0,1,0
DATA,798000,-0.605988,0.795474,2500.0,8.281,8.220,8.027,90.7,2.704,83.8,34.3,1,0,1,1,0,0,0,1,0
DATA,800000,-0.605873,0.795562,2500.0,8.281,8.222,8.027,90.7,2.705,83.9,34.3,1,0,1,1,0,0,0,1,0
DATA,802000,-0.605757,0.795650,2500.0,8.281,8.220,8.026,90.7,2.705,84.2,34.3,1,0,1,1,0,0,0,1,0
DATA,804000,-0.605641,0.795738,2500.0,8.280,8.218,8.027,90.7,2.705,83.9,34.3,1,0,1,1,0,0,0,1,0
DATA,806000,-0.605525,0.795826,2500.0,8.280,8.214,8.027,90.7,2.705,83.7,34.3,1,0,1,1,0,0,0,1,0
DATA,808000,-0.605410,0.795914,2500.0,8.279,8.208,8.027,90.7,2.705,84.1,34.3,1,0,1,1,0,0,0,1,0
DATA,810000,-0.605294,0.796002,2500.0,8.279,8.204,8.027,90.7,2.705,84.6,34.3,1,0,1,1,0,0,0,1,0
DATA,812000,-0.605178,0.796090,2500.0,8.278,8.198,8.028,90.7,2.705,83.9,34.3,1,0,1,1,0,0,0,1,0
DATA,814000,-0.605062,0.796178,2500.0,8.279,8.200,8.028,90.7,2.705,84.0,34.3,1,0,1,1,0,0,0,1,0
DATA,816000,-0.604947,0.796266,2500.0,8.280,8.204,8.027,90.7,2.705,84.6,34.3,1,0,1,1,0,0,0,1,0
DATA,818000,-0.604831,0.796354,2500.0,8.281,8.210,8.028,90.7,2.705,84.0,34.3,1,0,1,1,0,0,0,1,0
DATA,820000,-0.604715,0.796442,2500.0,8.283,8.218,8.027,90.7,2.705,83.8,34.3,1,0,1,1,0,0,0,1,0
DATA,822000,-0.604599,0.796530,2500.0,8.284,8.225,8.028,90.7,2.705,84.3,34.3,1,0,1,1,0,0,0,1,0
DATA,824000,-0.604483,0.796618,2500.0,8.283,8.225,8.027,90.7,2.705,84.0,34.3,1,0,1,1,0,0,0,1,0
DATA,826000,-0.604367,0.796706,2500.0,8.282,8.222,8.026,90.7,2.705,84.4,34.3,1,0,1,1,0,0,0,1,0
DATA,828000,-0.604251,0.796794,2500.0,8.282,8.218,8.027,90.7,2.704,84.7,34.3,1,0,1,1,0,0,0,1,0
DATA,830000,-0.604135,0.796882,2500.0,8.281,8.216,8.028,90.7,2.703,84.0,34.3,1,0,1,1,0,0,0,1,0
DATA,832000,-0.604020,0.796969,2500.0,8.281,8.216,8.027,90.7,2.703,84.2,34.3,1,0,1,1,0,0,0,1,0
DATA,834000,-0.603904,0.797057,2500.0,8.281,8.216,8.028,90.7,2.703,84.7,34.3,1,0,1,1,0,0,0,1,0
DATA,836000,-0.603788,0.797145,2500.0,8.282,8.220,8.027,90.7,2.704,84.1,34.3,1,0,1,1,0,0,0,1,0
DATA,838000,-0.603672,0.797233,2500.0,8.282,8.222,8.027,90.7,2.705,84.8,34.3,1,0,1,1,0,0,0,1,0
DATA,840000,-0.603556,0.797320,2500.0,8.282,8.222,8.028,90.7,2.705,84.5,34.3,1,0,1,1,0,0,0,1,0
DATA,842000,-0.603440,0.797409,2500.0,8.282,8.218,8.027,90.7,2.704,83.9,34.3,1,0,1,1,0,0,0,1,0
DATA,844000,-0.603324,0.797496,2500.0,8.282,8.216,8.025,90.6,2.702,84.0,34.3,1,0,1,1,0,0,0,1,0
DATA,846000,-0.603208,0.797584,2500.0,8.281,8.212,8.028,90.7,2.701,84.6,34.3,1,0,1,1,0,0,0,1,0
DATA,848000,-0.603092,0.797671,2500.0,8.280,8.208,8.026,90.6,2.701,84.7,34.3,1,0,1,1,0,0,0,1,0
DATA,850000,-0.602975,0.797760,2500.0,8.280,8.208,8.028,90.7,2.701,84.0,34.3,1,0,1,1,0,0,0,1,0
DATA,852000,-0.602860,0.797847,2500.0,8.280,8.204,8.027,90.7,2.703,84.0,34.3,1,0,1,1,0,0,0,1,0
DATA,854000,-0.602744,0.797935,2500.0,8.279,8.202,8.026,90.7,2.704,84.1,34.3,1,0,1,1,0,0,0,1,0
DATA,856000,-0.602628,0.798022,2500.0,8.279,8.198,8.027,90.7,2.704,83.9,34.3,1,0,1,1,0,0,0,1,0
DATA,858000,-0.602511,0.798110,2500.0,8.279,8.198,8.027,90.7,2.703,84.8,34.3,1,0,1,1,0,0,0,1,0
DATA,860000,-0.602396,0.798198,2500.0,8.280,8.202,8.027,90.7,2.702,84.5,34.3,1,0,1,1,0,0,0,1,0
DATA,862000,-0.602279,0.798285,2500.0,8.280,8.206,8.024,90.6,2.701,84.0,34.3,1,0,1,1,0,0,0,1,0
DATA,864000,-0.602164,0.798373,2500.0,8.281,8.210,8.026,90.7,2.701,84.5,34.3,1,0,1,1,0,0,0,1,0
DATA,866000,-0.602047,0.798461,2500.0,8.281,8.212,8.026,90.6,2.701,84.8,34.3,1,0,1,1,0,0,0,1,0
DATA,868000,-0.601931,0.798548,2500.0,8.281,8.210,8.027,90.7,2.701,84.1,34.3,1,0,1,1,0,0,0,1,0
DATA,870000,-0.601815,0.798636,2500.0,8.281,8.206,8.026,90.7,2.701,84.0,34.3,1,0,1,1,0,0,0,1,0
DATA,872000,-0.601698,0.798723,2500.0,8.282,8.204,8.027,90.7,2.701,84.1,34.3,1,0,1,1,0,0,0,1,0
DATA,874000,-0.601582,0.798811,2500.0,8.282,8.206,8.027,90.7,2.702,84.2,34.3,1,0,1,1,0,0,0,1,0
DATA,876000,-0.601466,0.798898,2500.0,8.282,8.206,8.027,90.7,2.703,84.8,34.3,1,0,1,1,0,0,0,1,0
DATA,878000,-0.601350,0.798985,2500.0,8.283,8.212,8.027,90.7,2.704,84.7,34.3,1,0,1,1,0,0,0,1,0
DATA,880000,-0.601234,0.799073,2500.0,8.283,8.216,8.028,90.7,2.705,84.4,34.3,1,0,1,1,0,0,0,1,0
DATA,882000,-0.601117,0.799161,2500.0,8.284,8.212,8.027,90.7,2.705,84.1,34.3,1,0,1,1,0,0,0,1,0
DATA,884000,-0.601002,0.799248,2500.0,8.285,8.214,8.027,90.7,2.705,84.2,34.3,1,0,1,1,0,0,0,1,0
DATA,886000,-0.600885,0.799335,2500.0,8.285,8.216,8.027,90.7,2.705,84.4,34.3,1,0,1,1,0,0,0,1,0
DATA,888000,-0.600769,0.799423,2500.0,8.286,8.220,8.027,90.7,2.705,84.5,34.3,1,0,1,1,0,0,0,1,0
DATA,890000,-0.600653,0.799510,2500.0,8.286,8.222,8.026,90.6,2.705,84.7,34.3,1,0,1,1,0,0,0,1,0
DATA,892000,-0.600537,0.799597,2500.0,8.285,8.220,8.026,90.7,2.705,84.6,34.3,1,0,1,1,0,0,0,1,0
DATA,894000,-0.600420,0.799685,2500.0,8.284,8.214,8.027,90.7,2.705,84.5,34.3,1,0,1,1,0,0,0,1,0
DATA,896000,-0.600304,0.799772,2500.0,8.283,8.206,8.025,90.6,2.704,84.5,34.3,1,0,1,1,0,0,0,1,0
DATA,898000,-0.600187,0.799860,2500.0,8.282,8.204,8.026,90.7,2.704,84.4,34.3,1,0,1,1,0,0,0,1,0
DATA,900000,-0.600071,0.799946,2500.0,8.283,8.206,8.027,90.7,2.704,84.3,34.3,1,0,1,1,0,0,0,1,0
DATA,902000,-0.599954,0.800034,2500.0,8.284,8.212,8.026,90.6,2.704,84.2,34.3,1,0,1,1,0,0,0,1,0
DATA,904000,-0.599838,0.800121,2500.0,8.285,8.214,8.026,90.6,2.705,84.2,34.3,1,0,1,1,0,0,0,1,0
DATA,906000,-0.599722,0.800209,2500.0,8.284,8.218,8.023,90.6,2.703,84.2,34.3,1,0,1,1,0,0,0,1,0
DATA,908000,-0.599606,0.800295,2500.0,8.284,8.218,8.023,90.6,2.701,84.9,34.3,1,0,1,1,0,0,0,1,0
DATA,910000,-0.599489,0.800383,2500.0,8.284,8.218,8.024,90.6,2.701,85.0,34.3,1,0,1,1,0,0,0,1,0
DATA,912000,-0.599373,0.800470,2500.0,8.285,8.220,8.026,90.7,2.701,85.0,34.3,1,0,1,1,0,0,0,1,0
DATA,914000,-0.599256,0.800557,2500.0,8.285,8.218,8.026,90.6,2.702,85.1,34.3,1,0,1,1,0,0,0,1,0
DATA,916000,-0.599140,0.800644,2500.0,8.285,8.218,8.026,90.6,2.704,85.1,34.3,1,0,1,1,0,0,0,1,0
DATA,918000,-0.599024,0.800731,2500.0,8.285,8.214,8.027,90.7,2.704,85.1,34.3,1,0,1,1,0,0,0,1,0
DATA,920000,-0.598907,0.800819,2500.0,8.285,8.214,8.025,90.6,2.704,85.1,33.8,1,0,1,1,0,0,0,1,0
DATA,922000,-0.598790,0.800906,2500.0,8.285,8.214,8.026,90.6,2.705,84.2,33.8,1,0,1,1,0,0,0,1,0
DATA,924000,-0.598674,0.800993,2500.0,8.285,8.214,8.027,90.7,2.705,84.2,33.8,1,0,1,1,0,0,0,1,0
DATA,926000,-0.598558,0.801080,2500.0,8.285,8.216,8.026,90.6,2.704,84.3,33.8,1,0,1,1,0,0,0,1,0
DATA,928000,-0.598441,0.801167,2500.0,8.285,8.216,8.025,90.6,2.703,84.4,33.8,1,0,1,1,0,0,0,1,0
DATA,930000,-0.598324,0.801254,2500.0,8.286,8.220,8.025,90.6,2.703,84.5,33.8,1,0,1,1,0,0,0,1,0
DATA,932000,-0.598208,0.801341,2500.0,8.287,8.225,8.026,90.7,2.703,84.6,33.8,1,0,1,1,0,0,0,1,0
DATA,934000,-0.598092,0.801428,2500.0,8.287,8.231,8.025,90.6,2.703,84.7,33.8,1,0,1,1,0,0,0,1,0
DATA,936000,-0.597975,0.801515,2500.0,8.288,8.231,8.025,90.6,2.704,84.8,33.8,1,0,1,1,0,0,0,1,0
DATA,938000,-0.597858,0.801602,2500.0,8.288,8.233,8.025,90.6,2.703,84.9,33.8,1,0,1,1,0,0,0,1,0
DATA,940000,-0.597742,0.801689,2500.0,8.288,8.233,8.023,90.6,2.702,84.9,33.8,1,0,1,1,0,0,0,1,0
DATA,942000,-0.597625,0.801775,2500.0,8.288,8.229,8.026,90.6,2.703,85.0,33.8,1,0,1,1,0,0,0,1,0
DATA,944000,-0.597508,0.801863,2500.0,8.288,8.231,8.025,90.6,2.703,84.5,33.8,1,0,1,1,0,0,0,1,0
DATA,946000,-0.597392,0.801950,2500.0,8.288,8.229,8.025,90.6,2.703,84.5,33.8,1,0,1,1,0,0,0,1,0
DATA,948000,-0.597275,0.802036,2500.0,8.288,8.231,8.025,90.6,2.703,84.5,33.8,1,0,1,1,0,0,0,1,0
DATA,950000,-0.597159,0.802123,2500.0,8.289,8.235,8.025,90.6,2.703,84.3,33.8,1,0,1,1,0,0,0,1,0
DATA,952000,-0.597042,0.802210,2500.0,8.289,8.237,8.025,90.6,2.702,84.3,33.8,1,0,1,1,0,0,0,1,0
DATA,954000,-0.596925,0.802297,2500.0,8.289,8.237,8.026,90.6,2.702,84.3,33.8,1,0,1,1,0,0,0,1,0
DATA,956000,-0.596808,0.802384,2500.0,8.290,8.237,8.024,90.6,2.702,84.3,33.8,1,0,1,1,0,0,0,1,0
DATA,958000,-0.596692,0.802470,2500.0,8.289,8.235,8.025,90.6,2.701,84.3,33.8,1,0,1,1,0,0,0,1,0
DATA,960000,-0.596575,0.802557,2500.0,8.289,8.231,8.025,90.6,2.701,85.2,33.8,1,0,1,1,0,0,0,1,0
DATA,962000,-0.596458,0.802644,2500.0,8.289,8.229,8.025,90.6,2.701,85.1,33.8,1,0,1,1,0,0,0,1,0
DATA,964000,-0.596342,0.802731,2500.0,8.289,8.229,8.025,90.6,2.702,84.6,33.8,1,0,1,1,0,0,0,1,0
DATA,966000,-0.596225,0.802817,2500.0,8.289,8.227,8.025,90.6,2.703,84.8,33.8,1,0,1,1,0,0,0,1,0
DATA,968000,-0.596108,0.802905,2500.0,8.288,8.225,8.025,90.6,2.703,84.8,33.8,1,0,1,1,0,0,0,1,0
DATA,970000,-0.595991,0.802991,2500.0,8.288,8.222,8.023,90.6,2.703,84.5,33.8,1,0,1,1,0,0,0,1,0
DATA,972000,-0.595874,0.803078,2500.0,8.287,8.216,8.024,90.6,2.702,84.5,33.8,1,0,1,1,0,0,0,1,0
DATA,974000,-0.595758,0.803164,2500.0,8.287,8.216,8.025,90.6,2.701,84.5,33.8,1,0,1,1,0,0,0,1,0
DATA,976000,-0.595640,0.803251,2500.0,8.287,8.218,8.025,90.6,2.702,84.9,33.8,1,0,1,1,0,0,0,1,0
DATA,978000,-0.595524,0.803338,2500.0,8.288,8.220,8.025,90.6,2.703,85.2,33.8,1,0,1,1,0,0,0,1,0
DATA,980000,-0.595407,0.803424,2500.0,8.289,8.227,8.026,90.6,2.704,84.5,33.8,1,0,1,1,0,0,0,1,0
DATA,982000,-0.595291,0.803510,2500.0,8.290,8.227,8.025,90.6,2.705,84.7,33.8,1,0,1,1,0,0,0,1,0
DATA,984000,-0.595173,0.803598,2500.0,8.291,8.227,8.025,90.6,2.705,85.1,33.8,1,0,1,1,0,0,0,1,0
DATA,986000,-0.595057,0.803684,2500.0,8.290,8.227,8.023,90.6,2.704,85.3,33.8,1,0,1,1,0,0,0,1,0
DATA,988000,-0.594940,0.803770,2500.0,8.289,8.220,8.024,90.6,2.702,85.2,33.8,1,0,1,1,0,0,0,1,0
DATA,990000,-0.594822,0.803857,2500.0,8.289,8.220,8.025,90.6,2.701,84.8,33.8,1,0,1,1,0,0,0,1,0
DATA,992000,-0.594706,0.803944,2497.5,8.288,8.218,8.025,90.6,2.701,84.5,33.8,1,0,1,1,0,0,0,1,0
DATA,994000,-0.594589,0.804030,2493.3,8.289,8.218,8.025,90.6,2.701,84.7,33.8,1,0,1,1,0,0,0,1,0
DATA,996000,-0.594472,0.804116,2489.2,8.289,8.220,8.025,90.6,2.703,85.2,33.8,1,0,1,1,0,0,0,1,0
DATA,998000,-0.594355,0.804203,2489.2,8.288,8.218,8.025,90.6,2.703,84.5,33.8,1,0,1,1,0,0,0,1,0
DATA,1000000,-0.594238,0.804289,2486.7,8.296,8.227,8.027,90.7,2.591,86.2,33.8,1,0,1,0,0,0,0,1,0
DATA,1002000,-0.594121,0.804376,2497.5,8.311,8.239,8.032,90.8,2.365,86.6,33.8,1,0,1,0,0,0,0,1,0
DATA,1004000,-0.594004,0.804462,2500.0,8.328,8.255,8.033,90.8,2.139,86.3,33.8,1,0,1,0,0,0,0,1,0
DATA,1006000,-0.593887,0.804549,2500.0,8.346,8.273,8.032,90.8,1.914,86.6,33.8,1,0,1,0,0,0,0,1,0
DATA,1008000,-0.593770,0.804635,2500.0,8.355,8.283,8.032,90.8,1.801,87.0,33.8,1,0,1,0,0,0,0,1,0
DATA,1010000,-0.593653,0.804721,2500.0,8.357,8.287,8.033,90.8,1.801,86.3,33.8,1,0,1,0,0,0,0,1,0
DATA,1012000,-0.593535,0.804808,2487.5,8.357,8.285,8.031,90.8,1.801,86.4,33.8,1,0,1,0,0,1,0,1,0
DATA,1014000,-0.593419,0.804894,2500.0,8.337,8.279,8.024,90.6,2.075,82.9,33.8,1,0,1,0,0,1,0,1,0
DATA,1016000,-0.593302,0.804980,2500.0,8.304,8.255,8.023,90.6,2.589,82.8,33.8,1,0,1,0,0,1,0,1,0
DATA,1018000,-0.593185,0.805066,2500.0,8.287,8.243,8.025,90.6,2.846,83.2,33.8,1,0,1,0,0,1,0,1,0
DATA,1020000,-0.593067,0.805153,2500.0,8.254,8.218,8.024,90.6,3.363,82.6,33.8,1,0,1,0,0,1,0,1,0
DATA,1022000,-0.592950,0.805239,2500.0,8.222,8.198,8.023,90.6,3.878,81.2,33.8,1,0,1,0,0,1,0,1,0
DATA,1024000,-0.592833,0.805325,2500.0,8.217,8.206,8.024,90.6,3.865,81.7,33.8,1,0,1,0,0,1,0,1,0
DATA,1026000,-0.592716,0.805411,2500.0,8.205,8.233,8.023,90.6,3.880,82.8,33.8,1,0,1,0,0,1,0,1,0
DATA,1028000,-0.592598,0.805498,2500.0,8.201,8.239,8.025,90.6,3.894,82.0,33.8,1,0,1,0,0,1,0,1,0
DATA,1030000,-0.592482,0.805584,2500.0,8.199,8.245,8.025,90.6,3.899,82.5,33.8,1,0,1,0,0,1,0,1,0
DATA,1032000,-0.592365,0.805670,2500.0,8.201,8.237,8.024,90.6,3.915,83.0,33.8,1,0,1,0,0,1,0,1,0
DATA,1034000,-0.592248,0.805756,2500.0,8.212,8.210,8.024,90.6,3.902,82.3,33.8,1,0,1,0,0,1,0,1,0
DATA,1036000,-0.592130,0.805843,2500.0,8.215,8.206,8.024,90.6,3.890,82.3,33.8,1,0,1,0,0,1,0,1,0
DATA,1038000,-0.592013,0.805928,2500.0,8.205,8.227,8.025,90.6,3.900,82.7,33.8,1,0,1,0,0,1,0,1,0
DATA,1040000,-0.591896,0.806015,2500.0,8.204,8.233,8.024,90.6,3.884,82.3,33.8,1,0,1,0,0,1,0,1,0
DATA,1042000,-0.591779,0.806101,2500.0,8.191,8.267,8.024,90.6,3.911,82.9,33.8,1,0,1,0,0,1,0,1,0
DATA,1044000,-0.591661,0.806187,2500.0,8.186,8.273,8.023,90.6,3.923,82.3,33.8,1,0,1,0,0,1,0,1,0
DATA,1046000,-0.591544,0.806273,2500.0,8.195,8.249,8.023,90.6,3.912,81.7,33.8,1,0,1,0,0,1,0,1,0
DATA,1048000,-0.591427,0.806359,2500.0,8.183,8.273,8.024,90.6,3.938,82.7,33.8,1,0,1,0,0,1,0,1,0
DATA,1050000,-0.591309,0.806445,2500.0,8.182,8.271,8.023,90.6,3.941,82.7,33.8,1,0,1,0,0,1,0,1,0
DATA,1052000,-0.591192,0.806531,2500.0,8.177,8.285,8.024,90.6,3.937,81.3,33.8,1,0,1,0,0,1,0,1,0
DATA,1054000,-0.591075,0.806617,2500.0,8.177,8.287,8.024,90.6,3.936,81.2,33.8,1,0,1,0,0,1,0,1,0
DATA,1056000,-0.590958,0.806703,2500.0,8.184,8.271,8.024,90.6,3.925,81.6,33.8,1,0,1,0,0,1,0,1,0
DATA,1058000,-0.590840,0.806789,2500.0,8.187,8.257,8.023,90.6,3.923,81.4,33.8,1,0,1,0,0,1,0,1,0
DATA,1060000,-0.590723,0.806875,2500.0,8.195,8.237,8.025,90.6,3.916,82.6,33.8,1,0,1,0,0,1,0,1,0
DATA,1062000,-0.590606,0.806960,2500.0,8.196,8.233,8.023,90.6,3.916,82.3,33.4,1,0,1,0,0,1,0,1,0
DATA,1064000,-0.590488,0.807046,2500.0,8.202,8.216,8.024,90.6,3.916,81.6,33.4,1,0,1,0,0,1,0,1,0
DATA,1066000,-0.590371,0.807132,2500.0,8.210,8.198,8.023,90.6,3.894,82.3,33.4,1,0,1,0,0,1,0,1,0
DATA,1068000,-0.590253,0.807218,2500.0,8.203,8.216,8.025,90.6,3.904,81.5,33.4,1,0,1,0,0,1,0,1,0
DATA,1070000,-0.590136,0.807304,2500.0,8.190,8.247,8.023,90.6,3.916,81.6,33.4,1,0,1,0,0,1,0,1,0
DATA,1072000,-0.590019,0.807390,2500.0,8.193,8.243,8.023,90.6,3.905,81.7,33.4,1,0,1,0,0,1,0,1,0
DATA,1074000,-0.589901,0.807475,2500.0,8.188,8.261,8.022,90.6,3.902,82.3,33.4,1,0,1,0,0,1,0,1,0
DATA,1076000,-0.589784,0.807561,2500.0,8.189,8.259,8.023,90.6,3.907,82.5,33.4,1,0,1,0,0,1,0,1,0
DATA,1078000,-0.589666,0.807647,2500.0,8.202,8.237,8.021,90.5,3.901,81.8,33.4,1,0,1,0,0,1,0,1,0
DATA,1080000,-0.589549,0.807733,2500.0,8.201,8.267,8.024,90.6,3.913,82.0,33.4,1,0,1,0,0,1,0,1,0
DATA,1082000,-0.589431,0.807818,2500.0,8.197,8.279,8.023,90.6,3.931,81.1,33.4,1,0,1,0,0,1,0,1,0
DATA,1084000,-0.589314,0.807904,2500.0,8.194,8.290,8.024,90.6,3.919,82.3,33.4,1,0,1,0,0,1,0,1,0
DATA,1086000,-0.589196,0.807990,2500.0,8.194,8.290,8.024,90.6,3.917,81.6,33.4,1,0,1,0,0,1,0,1,0
DATA,1088000,-0.589079,0.808076,2500.0,8.189,8.269,8.022,90.5,3.905,82.7,33.4,1,0,1,0,0,1,0,1,0
DATA,1090000,-0.588961,0.808161,2500.0,8.190,8.267,8.024,90.6,3.902,82.7,33.4,1,0,1,0,0,1,0,1,0
DATA,1092000,-0.588844,0.808247,2500.0,8.196,8.249,8.023,90.6,3.903,82.5,33.4,1,0,1,0,0,1,0,1,0
DATA,1094000,-0.588726,0.808333,2500.0,8.204,8.227,8.023,90.6,3.906,81.1,33.4,1,0,1,0,0,1,0,1,0
DATA,1096000,-0.588609,0.808418,2500.0,8.208,8.220,8.024,90.6,3.915,82.4,33.4,1,0,1,0,0,1,0,1,0
DATA,1098000,-0.588491,0.808504,2500.0,8.207,8.220,8.024,90.6,3.914,81.9,33.4,1,0,1,0,0,1,0,1,0
DATA,1100000,-0.588374,0.808589,2500.0,8.211,8.210,8.023,90.6,3.903,81.5,33.4,1,0,1,0,0,1,0,1,0
DATA,1102000,-0.588255,0.808675,2500.0,8.209,8.214,8.022,90.6,3.909,82.4,33.4,1,0,1,0,0,1,0,1,0
DATA,1104000,-0.588138,0.808760,2500.0,8.213,8.204,8.023,90.6,3.898,82.3,33.4,1,0,1,0,0,1,0,1,0
DATA,1106000,-0.588021,0.808846,2500.0,8.213,8.204,8.022,90.6,3.901,82.0,33.4,1,0,1,0,0,1,0,1,0
DATA,1108000,-0.587903,0.808932,2500.0,8.213,8.204,8.022,90.5,3.901,81.9,33.4,1,0,1,0,0,1,0,1,0
DATA,1110000,-0.587785,0.809017,2500.0,8.215,8.198,8.023,90.6,3.896,81.8,33.4,1,0,1,0,0,1,0,1,0
DATA,1112000,-0.587668,0.809102,2500.0,8.207,8.214,8.021,90.5,3.908,82.0,33.4,1,0,1,0,0,1,0,1,0
DATA,1114000,-0.587550,0.809188,2500.0,8.199,8.227,8.022,90.6,3.915,82.0,33.4,1,0,1,0,0,1,0,1,0
DATA,1116000,-0.587432,0.809274,2500.0,8.199,8.229,8.023,90.6,3.916,81.9,33.4,1,0,1,0,0,1,0,1,0
DATA,1118000,-0.587314,0.809359,2500.0,8.198,8.225,8.021,90.5,3.913,80.8,33.4,1,0,1,0,0,1,0,1,0
DATA,1120000,-0.587197,0.809444,2500.0,8.202,8.216,8.023,90.6,3.904,82.5,33.4,1,0,1,0,0,1,0,1,0
DATA,1122000,-0.587079,0.809530,2500.0,8.196,8.231,8.023,90.6,3.906,82.7,33.4,1,0,1,0,0,1,0,1,0
DATA,1124000,-0.586961,0.809615,2500.0,8.189,8.249,8.024,90.6,3.921,81.9,33.4,1,0,1,0,0,1,0,1,0
DATA,1126000,-0.586843,0.809701,2500.0,8.183,8.269,8.023,90.6,3.925,82.3,33.4,1,0,1,0,0,1,0,1,0
DATA,1128000,-0.586726,0.809786,2500.0,8.186,8.267,8.024,90.6,3.932,82.4,33.4,1,0,1,0,0,1,0,1,0
DATA,1130000,-0.586607,0.809871,2500.0,8.199,8.243,8.023,90.6,3.922,82.2,33.4,1,0,1,0,0,1,0,1,0
DATA,1132000,-0.586490,0.809957,2500.0,8.208,8.227,8.023,90.6,3.909,81.9,33.4,1,0,1,0,0,1,0,1,0
DATA,1134000,-0.586372,0.810042,2500.0,8.216,8.210,8.023,90.6,3.908,82.7,33.4,1,0,1,0,0,1,0,1,0
DATA,1136000,-0.586255,0.810127,2500.0,8.233,8.218,8.021,90.5,3.647,82.1,33.4,1,0,1,0,0,1,0,1,0
DATA,1138000,-0.586136,0.810213,2500.0,8.231,8.222,8.022,90.5,3.657,82.0,33.0,1,0,1,0,0,1,0,1,0
DATA,1140000,-0.586019,0.810298,2500.0,8.227,8.233,8.023,90.6,3.664,83.0,33.0,1,0,1,0,0,1,0,1,0
DATA,1142000,-0.585901,0.810383,2500.0,8.227,8.233,8.022,90.5,3.661,82.7,33.0,1,0,1,0,0,1,0,1,0
DATA,1144000,-0.585783,0.810468,2500.0,8.211,8.222,8.022,90.5,3.913,82.1,33.0,1,0,1,0,0,1,0,1,0
DATA,1146000,-0.585665,0.810553,2500.0,8.201,8.247,8.020,90.5,3.912,82.0,33.0,1,0,1,0,0,1,0,1,0
DATA,1148000,-0.585547,0.810638,2500.0,8.198,8.255,8.022,90.6,3.908,82.2,33.0,1,0,1,0,0,1,0,1,0
DATA,1150000,-0.585429,0.810724,2500.0,8.185,8.283,8.021,90.5,3.920,81.6,33.0,1,0,1,0,0,1,0,1,0
DATA,1152000,-0.585312,0.810808,2500.0,8.177,8.304,8.022,90.5,3.932,81.6,33.0,1,0,1,0,0,1,0,1,0
DATA,1154000,-0.585193,0.810894,2500.0,8.189,8.271,8.021,90.5,3.923,82.1,33.0,1,0,1,0,0,1,0,1,0
DATA,1156000,-0.585075,0.810979,2500.0,8.190,8.271,8.021,90.5,3.925,82.2,33.0,1,0,1,0,0,1,0,1,0
DATA,1158000,-0.584958,0.811064,2500.0,8.185,8.285,8.022,90.5,3.928,82.5,33.0,1,0,1,0,0,1,0,1,0
DATA,1160000,-0.584840,0.811149,2500.0,8.197,8.259,8.021,90.5,3.917,82.5,33.0,1,0,1,0,0,1,0,1,0
DATA,1162000,-0.584721,0.811234,2500.0,8.201,8.251,8.022,90.5,3.909,82.7,33.0,1,0,1,0,0,1,0,1,0
DATA,1164000,-0.584604,0.811319,2500.0,8.197,8.255,8.022,90.5,3.909,82.7,33.0,1,0,1,0,0,1,0,1,0
DATA,1166000,-0.584486,0.811404,2500.0,8.190,8.269,8.021,90.5,3.916,81.6,33.0,1,0,1,0,0,1,0,1,0
DATA,1168000,-0.584368,0.811489,2500.0,8.178,8.292,8.020,90.5,3.928,82.9,33.0,1,0,1,0,0,1,0,1,0
DATA,1170000,-0.584249,0.811574,2500.0,8.182,8.281,8.020,90.5,3.927,82.7,33.0,1,0,1,0,0,1,0,1,0
DATA,1172000,-0.584132,0.811659,2500.0,8.181,8.279,8.021,90.5,3.923,82.8,33.0,1,0,1,0,0,1,0,1,0
DATA,1174000,-0.584013,0.811744,2500.0,8.181,8.279,8.020,90.5,3.922,82.0,33.0,1,0,1,0,0,1,0,1,0
DATA,1176000,-0.583895,0.811829,2500.0,8.192,8.253,8.022,90.6,3.909,82.1,33.0,1,0,1,0,0,1,0,1,0
DATA,1178000,-0.583777,0.811914,2500.0,8.191,8.249,8.021,90.5,3.907,81.6,33.0,1,0,1,0,0,1,0,1,0
DATA,1180000,-0.583659,0.811999,2500.0,8.192,8.247,8.022,90.5,3.912,82.3,33.0,1,0,1,0,0,1,0,1,0
DATA,1182000,-0.583541,0.812084,2500.0,8.204,8.214,8.022,90.5,3.905,82.4,33.0,1,0,1,0,0,1,0,1,0
DATA,1184000,-0.583423,0.812168,2500.0,8.204,8.214,8.022,90.5,3.909,82.7,33.0,1,0,1,0,0,1,0,1,0
DATA,1186000,-0.583305,0.812254,2500.0,8.210,8.212,8.021,90.5,3.861,83.0,33.0,1,0,1,0,0,1,0,1,0
DATA,1188000,-0.583187,0.812338,2500.0,8.220,8.192,8.022,90.5,3.850,81.9,33.0,1,0,1,0,0,1,0,1,0
DATA,1190000,-0.583069,0.812423,2500.0,8.209,8.222,8.022,90.5,3.865,82.2,33.0,1,0,1,0,0,1,0,1,0
DATA,1192000,-0.582950,0.812508,2500.0,8.209,8.222,8.021,90.5,3.864,82.3,33.0,1,0,1,0,0,1,0,1,0
DATA,1194000,-0.582832,0.812593,2500.0,8.201,8.233,8.022,90.5,3.912,82.7,33.0,1,0,1,0,0,1,0,1,0
DATA,1196000,-0.582714,0.812677,2500.0,8.193,8.253,8.020,90.5,3.922,82.8,33.0,1,0,1,0,0,1,0,1,0
DATA,1198000,-0.582596,0.812762,2500.0,8.203,8.225,8.021,90.5,3.908,82.9,33.0,1,0,1,0,0,1,0,1,0
DATA,1200000,-0.582478,0.812847,2500.0,8.204,8.225,8.022,90.5,3.909,82.5,33.0,1,0,1,0,0,1,0,1,0
DATA,1202000,-0.582359,0.812932,2500.0,8.203,8.229,8.020,90.5,3.915,82.2,33.0,1,0,1,0,0,1,0,1,0
DATA,1204000,-0.582241,0.813016,2500.0,8.209,8.210,8.020,90.5,3.905,82.7,33.0,1,0,1,0,0,1,0,1,0
DATA,1206000,-0.582123,0.813101,2500.0,8.206,8.216,8.021,90.5,3.914,82.0,33.0,1,0,1,0,0,1,0,1,0
DATA,1208000,-0.582005,0.813185,2500.0,8.205,8.216,8.020,90.5,3.912,82.0,32.6,1,0,1,0,0,1,0,1,0
DATA,1210000,-0.581886,0.813270,2500.0,8.208,8.206,8.020,90.5,3.908,82.3,32.6,1,0,1,0,0,1,0,1,0
DATA,1212000,-0.581768,0.813355,2500.0,8.197,8.239,8.021,90.5,3.918,82.3,32.6,1,0,1,0,0,1,0,1,0
DATA,1214000,-0.581650,0.813439,2500.0,8.189,8.265,8.019,90.5,3.916,81.8,32.6,1,0,1,0,0,1,0,1,0
DATA,1216000,-0.581532,0.813524,2500.0,8.189,8.267,8.020,90.5,3.916,80.8,32.6,1,0,1,0,0,1,0,1,0
DATA,1218000,-0.581413,0.813609,2500.0,8.182,8.285,8.021,90.5,3.924,80.9,32.6,1,0,1,0,0,1,0,1,0
DATA,1220000,-0.581295,0.813693,2500.0,8.193,8.251,8.021,90.5,3.916,82.1,32.6,1,0,1,0,0,1,0,1,0
DATA,1222000,-0.581177,0.813778,2500.0,8.205,8.220,8.021,90.5,3.907,82.5,32.6,1,0,1,0,0,1,0,1,0
DATA,1224000,-0.581058,0.813862,2500.0,8.191,8.251,8.020,90.5,3.919,81.9,32.6,1,0,1,0,0,1,0,1,0
DATA,1226000,-0.580939,0.813947,2500.0,8.193,8.245,8.021,90.5,3.913,82.0,32.6,1,0,1,0,0,1,0,1,0
DATA,1228000,-0.580821,0.814031,2500.0,8.185,8.259,8.020,90.5,3.920,81.7,32.6,1,0,1,0,0,1,0,1,0
DATA,1230000,-0.580703,0.814115,2500.0,8.184,8.255,8.020,90.5,3.923,81.7,32.6,1,0,1,0,0,1,0,1,0
DATA,1232000,-0.580585,0.814200,2500.0,8.172,8.279,8.020,90.5,3.928,82.7,32.6,1,0,1,0,0,1,0,1,0
DATA,1234000,-0.580466,0.814285,2500.0,8.157,8.314,8.021,90.5,3.940,82.0,32.6,1,0,1,0,0,1,0,1,0
DATA,1236000,-0.580347,0.814369,2500.0,8.159,8.308,8.020,90.5,3.937,81.7,32.6,1,0,1,0,0,1,0,1,0
DATA,1238000,-0.580229,0.814453,2500.0,8.161,8.312,8.019,90.5,3.937,83.0,32.6,1,0,1,0,0,1,0,1,0
DATA,1240000,-0.580111,0.814538,2500.0,8.184,8.263,8.021,90.5,3.931,82.3,32.6,1,0,1,0,0,1,0,1,0
DATA,1242000,-0.579992,0.814622,2500.0,8.200,8.229,8.020,90.5,3.920,80.9,32.6,1,0,1,0,0,1,0,1,0
DATA,1244000,-0.579874,0.814707,2500.0,8.211,8.206,8.020,90.5,3.916,81.0,32.6,1,0,1,0,0,1,0,1,0
DATA,1246000,-0.579755,0.814791,2500.0,8.196,8.243,8.019,90.5,3.929,81.6,32.6,1,0,1,0,0,1,0,1,0
DATA,1248000,-0.579636,0.814875,2500.0,8.197,8.235,8.019,90.5,3.926,83.0,32.6,1,0,1,0,0,1,0,1,0
DATA,1250000,-0.579518,0.814959,2500.0,8.189,8.255,8.020,90.5,3.931,82.5,32.6,1,0,1,0,0,1,0,1,0
DATA,1252000,-0.579400,0.815044,2500.0,8.178,8.279,8.018,90.5,3.935,81.9,32.6,1,0,1,0,0,1,0,1,0
DATA,1254000,-0.579281,0.815128,2500.0,8.184,8.261,8.020,90.5,3.929,82.6,32.6,1,0,1,0,0,1,0,1,0
DATA,1256000,-0.579162,0.815212,2500.0,8.181,8.267,8.019,90.5,3.926,81.5,32.6,1,0,1,0,0,1,0,1,0
DATA,1258000,-0.579044,0.815296,2500.0,8.186,8.247,8.020,90.5,3.920,81.6,32.6,1,0,1,0,0,1,0,1,0
DATA,1260000,-0.578925,0.815381,2500.0,8.195,8.220,8.020,90.5,3.921,82.6,32.6,1,0,1,0,0,1,0,1,0
DATA,1262000,-0.578807,0.815465,2500.0,8.193,8.229,8.020,90.5,3.920,81.7,32.6,1,0,1,0,0,1,0,1,0
DATA,1264000,-0.578688,0.815549,2500.0,8.196,8.220,8.019,90.5,3.919,82.5,32.6,1,0,1,0,0,1,0,1,0
DATA,1266000,-0.578569,0.815633,2500.0,8.197,8.218,8.020,90.5,3.920,81.5,32.6,1,0,1,0,0,1,0,1,0
DATA,1268000,-0.578451,0.815717,2500.0,8.199,8.218,8.020,90.5,3.911,81.0,32.6,1,0,1,0,0,1,0,1,0
DATA,1270000,-0.578333,0.815801,2500.0,8.205,8.206,8.020,90.5,3.910,81.1,32.6,1,0,1,0,0,1,0,1,0
DATA,1272000,-0.578213,0.815886,2500.0,8.196,8.233,8.019,90.5,3.919,82.8,32.6,1,0,1,0,0,1,0,1,0
DATA,1274000,-0.578095,0.815970,2500.0,8.196,8.235,8.019,90.5,3.919,82.4,32.6,1,0,1,0,0,1,0,1,0
DATA,1276000,-0.577976,0.816054,2500.0,8.184,8.269,8.018,90.4,3.927,82.0,32.6,1,0,1,0,0,1,0,1,0
DATA,1278000,-0.577857,0.816138,2500.0,8.182,8.271,8.018,90.4,3.933,81.2,32.1,1,0,1,0,0,1,0,1,0
DATA,1280000,-0.577738,0.816222,2500.0,8.185,8.259,8.018,90.4,3.934,81.6,32.1,1,0,1,0,0,1,0,1,0
DATA,1282000,-0.577620,0.816306,2500.0,8.186,8.259,8.020,90.5,3.933,82.7,32.1,1,0,1,0,0,1,0,1,0
DATA,1284000,-0.577501,0.816390,2500.0,8.188,8.255,8.020,90.5,3.936,81.7,32.1,1,0,1,0,0,1,0,1,0
DATA,1286000,-0.577383,0.816474,2500.0,8.186,8.265,8.019,90.5,3.930,82.2,32.1,1,0,1,0,0,1,0,1,0
DATA,1288000,-0.577263,0.816558,2500.0,8.191,8.257,8.017,90.4,3.923,82.3,32.1,1,0,1,0,0,1,0,1,0
DATA,1290000,-0.577145,0.816642,2500.0,8.192,8.259,8.019,90.5,3.925,82.7,32.1,1,0,1,0,0,1,0,1,0
DATA,1292000,-0.577026,0.816726,2500.0,8.193,8.257,8.017,90.4,3.923,81.5,32.1,1,0,1,0,0,1,0,1,0
DATA,1294000,-0.576908,0.816809,2500.0,8.195,8.253,8.019,90.5,3.920,82.3,32.1,1,0,1,0,0,1,0,1,0
DATA,1296000,-0.576788,0.816894,2500.0,8.182,8.287,8.018,90.4,3.924,82.0,32.1,1,0,1,0,0,1,0,1,0
DATA,1298000,-0.576670,0.816977,2500.0,8.183,8.287,8.018,90.5,3.924,81.2,32.1,1,0,1,0,0,1,0,1,0
DATA,1300000,-0.576551,0.817061,2500.0,8.171,8.318,8.018,90.4,3.935,82.3,32.1,1,0,1,0,0,1,0,1,0
DATA,1302000,-0.576432,0.817145,2500.0,8.186,8.279,8.018,90.5,3.928,82.3,32.1,1,0,1,0,0,1,0,1,0
DATA,1304000,-0.576313,0.817229,2500.0,8.200,8.243,8.017,90.4,3.920,82.3,32.1,1,0,1,0,0,1,0,1,0
DATA,1306000,-0.576195,0.817313,2500.0,8.194,8.257,8.018,90.4,3.928,82.5,32.1,1,0,1,0,0,1,0,1,0
DATA,1308000,-0.576075,0.817397,2500.0,8.202,8.239,8.018,90.5,3.921,82.7,32.1,1,0,1,0,0,1,0,1,0
DATA,1310000,-0.575957,0.817480,2500.0,8.200,8.249,8.019,90.5,3.928,81.4,32.1,1,0,1,0,0,1,0,1,0
DATA,1312000,-0.575838,0.817564,2500.0,8.181,8.292,8.019,90.5,3.941,82.8,32.1,1,0,1,0,0,1,0,1,0
DATA,1314000,-0.575719,0.817648,2500.0,8.174,8.300,8.018,90.5,3.938,82.5,32.1,1,0,1,0,0,1,0,1,0
DATA,1316000,-0.575600,0.817732,2500.0,8.162,8.322,8.017,90.4,3.943,83.0,32.1,1,0,1,0,0,1,0,1,0
DATA,1318000,-0.575481,0.817815,2500.0,8.148,8.348,8.018,90.5,3.948,82.8,32.1,1,0,1,0,0,1,0,1,0
DATA,1320000,-0.575362,0.817899,2500.0,8.154,8.332,8.015,90.4,3.943,82.0,32.1,1,0,1,0,0,1,0,1,0
DATA,1322000,-0.575243,0.817983,2500.0,8.154,8.338,8.018,90.5,3.947,82.1,32.1,1,0,1,0,0,1,0,1,0
DATA,1324000,-0.575124,0.818066,2500.0,8.156,8.336,8.018,90.4,3.947,82.1,32.1,1,0,1,0,0,1,0,1,0
DATA,1326000,-0.575005,0.818150,2500.0,8.164,8.320,8.017,90.4,3.938,81.0,32.1,1,0,1,0,0,1,0,1,0
DATA,1328000,-0.574886,0.818234,2500.0,8.164,8.328,8.018,90.4,3.935,81.7,32.1,1,0,1,0,0,1,0,1,0
DATA,1330000,-0.574767,0.818317,2500.0,8.164,8.336,8.018,90.5,3.934,82.7,32.1,1,0,1,0,0,1,0,1,0
DATA,1332000,-0.574648,0.818401,2500.0,8.178,8.304,8.017,90.4,3.923,81.4,32.1,1,0,1,0,0,1,0,1,0
DATA,1334000,-0.574529,0.818484,2500.0,8.172,8.320,8.017,90.4,3.934,81.5,32.1,1,0,1,0,0,1,0,1,0
DATA,1336000,-0.574410,0.818568,2500.0,8.185,8.283,8.017,90.4,3.931,82.7,32.1,1,0,1,0,0,1,0,1,0
DATA,1338000,-0.574291,0.818651,2500.0,8.186,8.271,8.017,90.4,3.931,81.9,32.1,1,0,1,0,0,1,0,1,0
DATA,1340000,-0.574172,0.818735,2500.0,8.182,8.279,8.019,90.5,3.935,81.8,32.1,1,0,1,0,0,1,0,1,0
DATA,1342000,-0.574053,0.818818,2500.0,8.200,8.235,8.018,90.4,3.921,82.3,32.1,1,0,1,0,0,1,0,1,0
DATA,1344000,-0.573934,0.818902,2500.0,8.179,8.285,8.017,90.4,3.931,81.5,31.7,1,0,1,0,0,1,0,1,0
DATA,1346000,-0.573814,0.818985,2500.0,8.178,8.292,8.017,90.4,3.932,82.5,31.7,1,0,1,0,0,1,0,1,0
DATA,1348000,-0.573696,0.819069,2500.0,8.174,8.298,8.016,90.4,3.931,83.0,31.7,1,0,1,0,0,1,0,1,0
DATA,1350000,-0.573577,0.819152,2500.0,8.171,8.306,8.018,90.5,3.938,81.5,31.7,1,0,1,0,0,1,0,1,0
DATA,1352000,-0.573457,0.819236,2500.0,8.191,8.257,8.017,90.4,3.929,81.7,31.7,1,0,1,0,0,1,0,1,0
DATA,1354000,-0.573338,0.819319,2500.0,8.191,8.257,8.018,90.5,3.929,82.4,31.7,1,0,1,0,0,1,0,1,0
DATA,1356000,-0.573219,0.819402,2500.0,8.184,8.275,8.016,90.4,3.934,82.3,31.7,1,0,1,0,0,1,0,1,0
DATA,1358000,-0.573100,0.819485,2500.0,8.170,8.312,8.017,90.4,3.939,81.6,31.7,1,0,1,0,0,1,0,1,0
DATA,1360000,-0.572980,0.819569,2500.0,8.167,8.320,8.017,90.4,3.932,82.3,31.7,1,0,1,0,0,1,0,1,0
DATA,1362000,-0.572861,0.819652,2500.0,8.169,8.324,8.019,90.5,3.937,82.6,31.7,1,0,1,0,0,1,0,1,0
DATA,1364000,-0.572742,0.819735,2500.0,8.180,8.300,8.017,90.4,3.937,82.2,31.7,1,0,1,0,0,1,0,1,0
DATA,1366000,-0.572622,0.819819,2500.0,8.180,8.300,8.016,90.4,3.940,83.2,31.7,1,0,1,0,0,1,0,1,0
DATA,1368000,-0.572504,0.819902,2500.0,8.182,8.296,8.018,90.4,3.948,82.8,31.7,1,0,1,0,0,1,0,1,0
DATA,1370000,-0.572384,0.819986,2500.0,8.181,8.296,8.017,90.4,3.944,80.9,31.7,1,0,1,0,0,1,0,1,0
DATA,1372000,-0.572265,0.820068,2500.0,8.166,8.328,8.017,90.4,3.947,82.5,31.7,1,0,1,0,0,1,0,1,0
DATA,1374000,-0.572145,0.820152,2500.0,8.167,8.328,8.017,90.4,3.944,83.0,31.7,1,0,1,0,0,1,0,1,0
DATA,1376000,-0.572026,0.820235,2500.0,8.169,8.326,8.017,90.4,3.941,81.1,31.7,1,0,1,0,0,1,0,1,0
DATA,1378000,-0.571907,0.820318,2500.0,8.166,8.328,8.017,90.4,3.938,83.0,31.7,1,0,1,0,0,1,0,1,0
DATA,1380000,-0.571788,0.820401,2500.0,8.163,8.338,8.016,90.4,3.936,80.7,31.7,1,0,1,0,0,1,0,1,0
DATA,1382000,-0.571668,0.820485,2500.0,8.173,8.304,8.015,90.4,3.933,82.3,31.7,1,0,1,0,0,1,0,1,0
DATA,1384000,-0.571549,0.820568,2500.0,8.159,8.338,8.016,90.4,3.937,82.7,31.7,1,0,1,0,0,1,0,1,0
DATA,1386000,-0.571430,0.820651,2500.0,8.161,8.328,8.015,90.4,3.938,82.5,31.7,1,0,1,0,0,1,0,1,0
DATA,1388000,-0.571311,0.820734,2500.0,8.165,8.310,8.016,90.4,3.938,81.1,31.7,1,0,1,0,0,1,0,1,0
DATA,1390000,-0.571191,0.820817,2500.0,8.158,8.326,8.016,90.4,3.942,82.3,31.7,1,0,1,0,0,1,0,1,0
DATA,1392000,-0.571072,0.820900,2500.0,8.162,8.310,8.017,90.4,3.941,81.0,31.7,1,0,1,0,0,1,0,1,0
DATA,1394000,-0.570952,0.820983,2500.0,8.160,8.316,8.016,90.4,3.945,81.5,31.7,1,0,1,0,0,1,0,1,0
DATA,1396000,-0.570833,0.821066,2500.0,8.162,8.310,8.016,90.4,3.946,82.8,31.7,1,0,1,0,0,1,0,1,0
DATA,1398000,-0.570713,0.821150,2500.0,8.157,8.320,8.014,90.4,3.945,81.8,31.7,1,0,1,0,0,1,0,1,0
DATA,1400000,-0.570594,0.821232,2500.0,8.169,8.290,8.016,90.4,3.942,81.3,31.7,1,0,1,0,0,1,0,1,0
DATA,1402000,-0.570475,0.821315,2500.0,8.182,8.255,8.016,90.4,3.934,83.0,31.7,1,0,1,0,0,1,0,1,0
DATA,1404000,-0.570355,0.821398,2500.0,8.179,8.263,8.017,90.4,3.932,82.6,31.7,1,0,1,0,0,1,0,1,0
DATA,1406000,-0.570235,0.821481,2500.0,8.185,8.253,8.015,90.4,3.934,82.3,31.7,1,0,1,0,0,1,0,1,0
DATA,1408000,-0.570116,0.821564,2500.0,8.164,8.304,8.016,90.4,3.941,82.9,31.3,1,0,1,0,0,1,0,1,0
DATA,1410000,-0.569997,0.821647,2500.0,8.155,8.328,8.016,90.4,3.945,82.9,31.3,1,0,1,0,0,1,0,1,0
DATA,1412000,-0.569877,0.821730,2500.0,8.159,8.316,8.016,90.4,3.948,82.7,31.3,1,0,1,0,0,1,0,1,0
DATA,1414000,-0.569757,0.821813,2500.0,8.166,8.292,8.017,90.4,3.942,82.6,31.3,1,0,1,0,0,1,0,1,0
DATA,1416000,-0.569638,0.821896,2500.0,8.188,8.241,8.017,90.4,3.932,82.4,31.3,1,0,1,0,0,1,0,1,0
DATA,1418000,-0.569518,0.821979,2500.0,8.187,8.239,8.015,90.4,3.934,81.2,31.3,1,0,1,0,0,1,0,1,0
DATA,1420000,-0.569399,0.822061,2500.0,8.196,8.220,8.015,90.4,3.926,82.7,31.3,1,0,1,0,0,1,0,1,0
DATA,1422000,-0.569279,0.822144,2500.0,8.197,8.222,8.017,90.4,3.923,82.6,31.3,1,0,1,0,0,1,0,1,0
DATA,1424000,-0.569160,0.822227,2500.0,8.189,8.243,8.017,90.4,3.927,81.2,31.3,1,0,1,0,0,1,0,1,0
DATA,1426000,-0.569040,0.822310,2500.0,8.182,8.261,8.015,90.4,3.930,81.8,31.3,1,0,1,0,0,1,0,1,0
DATA,1428000,-0.568921,0.822392,2500.0,8.181,8.263,8.015,90.4,3.934,82.6,31.3,1,0,1,0,0,1,0,1,0
DATA,1430000,-0.568801,0.822475,2500.0,8.181,8.265,8.015,90.4,3.934,80.9,31.3,1,0,1,0,0,1,0,1,0
DATA,1432000,-0.568682,0.822558,2500.0,8.176,8.279,8.016,90.4,3.942,82.4,31.3,1,0,1,0,0,1,0,1,0
DATA,1434000,-0.568561,0.822641,2500.0,8.186,8.257,8.016,90.4,3.933,81.6,31.3,1,0,1,0,0,1,0,1,0
DATA,1436000,-0.568442,0.822723,2500.0,8.181,8.269,8.016,90.4,3.936,81.9,31.3,1,0,1,0,0,1,0,1,0
DATA,1438000,-0.568322,0.822806,2500.0,8.167,8.308,8.014,90.3,3.942,82.7,31.3,1,0,1,0,0,1,0,1,0
DATA,1440000,-0.568203,0.822889,2500.0,8.179,8.275,8.013,90.3,3.932,81.8,31.3,1,0,1,0,0,1,0,1,0
DATA,1442000,-0.568083,0.822971,2500.0,8.182,8.263,8.014,90.3,3.933,81.9,31.3,1,0,1,0,0,1,0,1,0
DATA,1444000,-0.567964,0.823054,2500.0,8.177,8.271,8.015,90.4,3.931,83.1,31.3,1,0,1,0,0,1,0,1,0
DATA,1446000,-0.567843,0.823137,2500.0,8.190,8.231,8.014,90.3,3.923,81.9,31.3,1,0,1,0,0,1,0,1,0
DATA,1448000,-0.567724,0.823219,2500.0,8.178,8.255,8.013,90.3,3.930,81.8,31.3,1,0,1,0,0,1,0,1,0
DATA,1450000,-0.567604,0.823302,2500.0,8.180,8.253,8.014,90.3,3.929,82.0,31.3,1,0,1,0,0,1,0,1,0
DATA,1452000,-0.567485,0.823384,2500.0,8.183,8.251,8.015,90.4,3.927,80.9,31.3,1,0,1,0,0,1,0,1,0
DATA,1454000,-0.567365,0.823467,2500.0,8.179,8.261,8.015,90.4,3.935,80.9,31.3,1,0,1,0,0,1,0,1,0
DATA,1456000,-0.567245,0.823549,2500.0,8.178,8.269,8.016,90.4,3.934,80.8,31.3,1,0,1,0,0,1,0,1,0
DATA,1458000,-0.567125,0.823632,2500.0,8.178,8.267,8.015,90.4,3.935,82.2,31.3,1,0,1,0,0,1,0,1,0
DATA,1460000,-0.567006,0.823714,2500.0,8.189,8.237,8.015,90.4,3.937,82.2,31.3,1,0,1,0,0,1,0,1,0
DATA,1462000,-0.566885,0.823797,2500.0,8.174,8.279,8.016,90.4,3.938,81.9,31.3,1,0,1,0,0,1,0,1,0
DATA,1464000,-0.566766,0.823879,2500.0,8.179,8.265,8.016,90.4,3.938,83.1,31.3,1,0,1,0,0,1,0,1,0
DATA,1466000,-0.566646,0.823962,2500.0,8.169,8.296,8.015,90.4,3.941,82.4,31.3,1,0,1,0,0,1,0,1,0
DATA,1468000,-0.566526,0.824044,2500.0,8.170,8.294,8.013,90.3,3.939,83.0,31.3,1,0,1,0,0,1,0,1,0
DATA,1470000,-0.566406,0.824126,2500.0,8.166,8.302,8.015,90.4,3.944,83.0,31.3,1,0,1,0,0,1,0,1,0
DATA,1472000,-0.566286,0.824209,2500.0,8.173,8.283,8.013,90.3,3.943,81.6,31.3,1,0,1,0,0,1,0,1,0
DATA,1474000,-0.566166,0.824291,2500.0,8.182,8.263,8.013,90.3,3.945,82.8,31.3,1,0,1,0,0,1,0,1,0
DATA,1476000,-0.566047,0.824373,2500.0,8.168,8.298,8.014,90.4,3.947,82.9,30.8,1,0,1,0,0,1,0,1,0
DATA,1478000,-0.565926,0.824456,2500.0,8.173,8.281,8.014,90.3,3.944,81.4,30.8,1,0,1,0,0,1,0,1,0
DATA,1480000,-0.565807,0.824538,2500.0,8.175,8.277,8.013,90.3,3.938,82.8,30.8,1,0,1,0,0,1,0,1,0
DATA,1482000,-0.565687,0.824620,2500.0,8.163,8.304,8.014,90.4,3.943,82.3,30.8,1,0,1,0,0,1,0,1,0
DATA,1484000,-0.565567,0.824702,2500.0,8.178,8.267,8.014,90.3,3.937,82.0,30.8,1,0,1,0,0,1,0,1,0
DATA,1486000,-0.565447,0.824785,2500.0,8.182,8.257,8.013,90.3,3.934,82.9,30.8,1,0,1,0,0,1,0,1,0
DATA,1488000,-0.565327,0.824867,2500.0,8.167,8.290,8.013,90.3,3.941,82.8,30.8,1,0,1,0,0,1,0,1,0
DATA,1490000,-0.565207,0.824949,2500.0,8.165,8.292,8.013,90.3,3.938,83.1,30.8,1,0,1,0,0,1,0,1,0
DATA,1492000,-0.565086,0.825032,2500.0,8.160,8.302,8.011,90.3,3.943,83.1,30.8,1,0,1,0,0,1,0,1,0
DATA,1494000,-0.564967,0.825114,2500.0,8.158,8.300,8.012,90.3,3.941,82.0,30.8,1,0,1,0,0,1,0,1,0
DATA,1496000,-0.564847,0.825196,2500.0,8.150,8.324,8.012,90.3,3.944,82.0,30.8,1,0,1,0,0,1,0,1,0
DATA,1498000,-0.564727,0.825278,2500.0,8.147,8.334,8.011,90.3,3.940,82.9,30.8,1,0,1,0,0,1,0,1,0
DATA,1500000,-0.564606,0.825360,2500.0,8.152,8.322,8.012,90.3,3.936,82.3,30.8,1,0,1,0,0,1,0,1,0
DATA,1502000,-0.564487,0.825442,2500.0,8.168,8.292,8.012,90.3,3.933,81.2,30.8,1,0,1,0,0,1,0,1,0
DATA,1504000,-0.564367,0.825524,2500.0,8.167,8.296,8.012,90.3,3.936,82.4,30.8,1,0,1,0,0,1,0,1,0
DATA,1506000,-0.564247,0.825606,2500.0,8.194,8.227,8.010,90.3,3.928,81.3,30.8,1,0,1,0,0,1,0,1,0
DATA,1508000,-0.564126,0.825689,2500.0,8.181,8.265,8.011,90.3,3.933,82.4,30.8,1,0,1,0,0,1,0,1,0
DATA,1510000,-0.564007,0.825770,2500.0,8.176,8.275,8.012,90.3,3.932,82.4,30.8,1,0,1,0,0,1,0,1,0
DATA,1512000,-0.563886,0.825852,2500.0,8.180,8.265,8.011,90.3,3.931,81.0,30.8,1,0,1,0,0,1,0,1,0
DATA,1514000,-0.563766,0.825934,2500.0,8.171,8.287,8.012,90.3,3.938,82.5,30.8,1,0,1,0,0,1,0,1,0
DATA,1516000,-0.563646,0.826017,2500.0,8.185,8.253,8.011,90.3,3.937,82.4,30.8,1,0,1,0,0,1,0,1,0
DATA,1518000,-0.563526,0.826098,2500.0,8.179,8.267,8.011,90.3,3.945,81.6,30.8,1,0,1,0,0,1,0,1,0
DATA,1520000,-0.563406,0.826180,2500.0,8.176,8.277,8.013,90.3,3.947,82.9,30.8,1,0,1,0,0,1,0,1,0
DATA,1522000,-0.563286,0.826262,2500.0,8.178,8.277,8.012,90.3,3.946,82.8,30.8,1,0,1,0,0,1,0,1,0
DATA,1524000,-0.563165,0.826344,2500.0,8.163,8.316,8.012,90.3,3.950,82.7,30.8,1,0,1,0,0,1,0,1,0
DATA,1526000,-0.563045,0.826426,2500.0,8.159,8.326,8.012,90.3,3.954,82.6,30.8,1,0,1,0,0,1,0,1,0
DATA,1528000,-0.562925,0.826508,2500.0,8.166,8.308,8.012,90.3,3.949,82.6,30.8,1,0,1,0,0,1,0,1,0
DATA,1530000,-0.562805,0.826590,2500.0,8.174,8.285,8.012,90.3,3.948,82.6,30.8,1,0,1,0,0,1,0,1,0
DATA,1532000,-0.562684,0.826672,2500.0,8.165,8.304,8.013,90.3,3.948,82.2,30.8,1,0,1,0,0,1,0,1,0
DATA,1534000,-0.562564,0.826753,2500.0,8.179,8.267,8.012,90.3,3.938,81.3,30.8,1,0,1,0,0,1,0,1,0
DATA,1536000,-0.562444,0.826836,2500.0,8.187,8.249,8.012,90.3,3.933,82.3,30.8,1,0,1,0,0,1,0,1,0
DATA,1538000,-0.562324,0.826917,2500.0,8.174,8.283,8.012,90.3,3.936,82.0,30.8,1,0,1,0,0,1,0,1,0
DATA,1540000,-0.562203,0.826999,2500.0,8.190,8.243,8.012,90.3,3.934,82.7,30.4,1,0,1,0,0,1,0,1,0
DATA,1542000,-0.562083,0.827081,2500.0,8.190,8.241,8.014,90.3,3.932,83.0,30.4,1,0,1,0,0,1,0,1,0
DATA,1544000,-0.561963,0.827163,2500.0,8.181,8.259,8.012,90.3,3.942,81.2,30.4,1,0,1,0,0,1,0,1,0
DATA,1546000,-0.561843,0.827244,2500.0,8.190,8.231,8.012,90.3,3.941,81.1,30.4,1,0,1,0,0,1,0,1,0
DATA,1548000,-0.561722,0.827326,2500.0,8.178,8.261,8.009,90.2,3.941,81.2,30.4,1,0,1,0,0,1,0,1,0
DATA,1550000,-0.561602,0.827407,2500.0,8.163,8.302,8.012,90.3,3.948,81.4,30.4,1,0,1,0,0,1,0,1,0
DATA,1552000,-0.561481,0.827489,2500.0,8.171,8.283,8.010,90.2,3.941,83.2,30.4,1,0,1,0,0,1,0,1,0
DATA,1554000,-0.561361,0.827571,2500.0,8.159,8.310,8.011,90.3,3.939,82.5,30.4,1,0,1,0,0,1,0,1,0
DATA,1556000,-0.561241,0.827653,2500.0,8.161,8.302,8.011,90.3,3.944,81.2,30.4,1,0,1,0,0,1,0,1,0
DATA,1558000,-0.561120,0.827734,2500.0,8.171,8.275,8.011,90.3,3.943,82.6,30.4,1,0,1,0,0,1,0,1,0
DATA,1560000,-0.561000,0.827816,2500.0,8.171,8.277,8.010,90.3,3.942,82.6,30.4,1,0,1,0,0,1,0,1,0
DATA,1562000,-0.560880,0.827897,2500.0,8.188,8.247,8.012,90.3,3.935,83.2,30.4,1,0,1,0,0,1,0,1,0
DATA,1564000,-0.560759,0.827979,2500.0,8.178,8.283,8.012,90.3,3.938,83.3,30.4,1,0,1,0,0,1,0,1,0
DATA,1566000,-0.560639,0.828061,2500.0,8.189,8.259,8.011,90.3,3.931,81.5,30.4,1,0,1,0,0,1,0,1,0
DATA,1568000,-0.560518,0.828142,2500.0,8.175,8.296,8.011,90.3,3.933,82.9,30.4,1,0,1,0,0,1,0,1,0
DATA,1570000,-0.560398,0.828223,2500.0,8.174,8.292,8.012,90.3,3.935,80.9,30.4,1,0,1,0,0,1,0,1,0
DATA,1572000,-0.560277,0.828305,2500.0,8.180,8.269,8.011,90.3,3.933,81.2,30.4,1,0,1,0,0,1,0,1,0
DATA,1574000,-0.560157,0.828387,2500.0,8.168,8.294,8.012,90.3,3.940,83.2,30.4,1,0,1,0,0,1,0,1,0
DATA,1576000,-0.560036,0.828468,2500.0,8.184,8.251,8.012,90.3,3.935,81.3,30.4,1,0,1,0,0,1,0,1,0
DATA,1578000,-0.559916,0.828549,2500.0,8.172,8.275,8.012,90.3,3.941,82.7,30.4,1,0,1,0,0,1,0,1,0
DATA,1580000,-0.559795,0.828631,2500.0,8.180,8.259,8.009,90.2,3.937,81.8,30.4,1,0,1,0,0,1,0,1,0
DATA,1582000,-0.559675,0.828712,2500.0,8.187,8.241,8.012,90.3,3.940,81.4,30.4,1,0,1,0,0,1,0,1,0
DATA,1584000,-0.559554,0.828794,2500.0,8.185,8.245,8.012,90.3,3.944,82.4,30.4,1,0,1,0,0,1,0,1,0
DATA,1586000,-0.559434,0.828875,2500.0,8.186,8.245,8.012,90.3,3.942,82.7,30.4,1,0,1,0,0,1,0,1,0
DATA,1588000,-0.559313,0.828956,2500.0,8.180,8.261,8.010,90.2,3.945,83.1,30.4,1,0,1,0,0,1,0,1,0
DATA,1590000,-0.559193,0.829038,2500.0,8.174,8.275,8.011,90.3,3.941,82.5,30.4,1,0,1,0,0,1,0,1,0
DATA,1592000,-0.559072,0.829119,2500.0,8.159,8.310,8.011,90.3,3.945,81.2,30.4,1,0,1,0,0,1,0,1,0
DATA,1594000,-0.558952,0.829200,2500.0,8.158,8.306,8.011,90.3,3.946,82.5,30.4,1,0,1,0,0,1,0,1,0
DATA,1596000,-0.558831,0.829282,2500.0,8.162,8.294,8.011,90.3,3.942,82.6,30.4,1,0,1,0,0,1,0,1,0
DATA,1598000,-0.558710,0.829363,2500.0,8.176,8.261,8.009,90.2,3.937,82.1,30.4,1,0,1,0,0,1,0,1,0
DATA,1600000,-0.558590,0.829444,2500.0,8.196,8.214,8.011,90.3,3.932,82.7,30.4,1,0,1,0,0,1,0,1,0
DATA,1602000,-0.558469,0.829525,2500.0,8.193,8.229,8.011,90.3,3.932,82.7,30.4,1,0,1,0,0,1,0,1,0
DATA,1604000,-0.558348,0.829607,2500.0,8.193,8.233,8.012,90.3,3.933,83.2,30.4,1,0,1,0,0,1,0,1,0
DATA,1606000,-0.558228,0.829688,2500.0,8.190,8.239,8.011,90.3,3.937,82.9,30.0,1,0,1,0,0,1,0,1,0
DATA,1608000,-0.558107,0.829769,2500.0,8.178,8.239,8.010,90.3,3.931,83.1,30.0,1,0,1,0,0,1,0,1,0
DATA,1610000,-0.557986,0.829850,2500.0,8.178,8.239,8.009,90.2,3.932,81.6,30.0,1,0,1,0,0,1,0,1,0
DATA,1612000,-0.557866,0.829931,2500.0,8.181,8.229,8.012,90.3,3.930,82.4,30.0,1,0,1,0,0,1,0,1,0
DATA,1614000,-0.557745,0.830012,2500.0,8.172,8.249,8.011,90.3,3.932,82.0,30.0,1,0,1,0,0,1,0,1,0
DATA,1616000,-0.557624,0.830093,2500.0,8.178,8.259,8.010,90.3,3.935,82.8,30.0,1,0,1,0,0,1,0,1,0
DATA,1618000,-0.557503,0.830175,2500.0,8.178,8.259,8.010,90.3,3.934,82.5,30.0,1,0,1,0,0,1,0,1,0
DATA,1620000,-0.557383,0.830256,2500.0,8.159,8.306,8.011,90.3,3.941,81.4,30.0,1,0,1,0,0,1,0,1,0
DATA,1622000,-0.557262,0.830337,2500.0,8.166,8.287,8.010,90.3,3.942,83.4,30.0,1,0,1,0,0,1,0,1,0
DATA,1624000,-0.557141,0.830418,2500.0,8.158,8.310,8.011,90.3,3.946,82.8,30.0,1,0,1,0,0,1,0,1,0
DATA,1626000,-0.557020,0.830499,2500.0,8.164,8.292,8.011,90.3,3.948,82.5,30.0,1,0,1,0,0,1,0,1,0
DATA,1628000,-0.556900,0.830580,2500.0,8.155,8.318,8.010,90.2,3.951,82.9,30.0,1,0,1,0,0,1,0,1,0
DATA,1630000,-0.556779,0.830661,2500.0,8.162,8.302,8.010,90.3,3.950,81.5,30.0,1,0,1,0,0,1,0,1,0
DATA,1632000,-0.556658,0.830742,2500.0,8.160,8.314,8.009,90.2,3.944,82.7,30.0,1,0,1,0,0,1,0,1,0
DATA,1634000,-0.556537,0.830823,2500.0,8.168,8.300,8.011,90.3,3.939,81.8,30.0,1,0,1,0,0,1,0,1,0
DATA,1636000,-0.556416,0.830904,2500.0,8.170,8.300,8.010,90.3,3.940,83.4,30.0,1,0,1,0,0,1,0,1,0
DATA,1638000,-0.556296,0.830984,2500.0,8.178,8.285,8.010,90.3,3.938,83.2,30.0,1,0,1,0,0,1,0,1,0
DATA,1640000,-0.556175,0.831065,2500.0,8.186,8.265,8.010,90.3,3.936,83.2,30.0,1,0,1,0,0,1,0,1,0
DATA,1642000,-0.556054,0.831147,2500.0,8.185,8.265,8.011,90.3,3.934,81.8,30.0,1,0,1,0,0,1,0,1,0
DATA,1644000,-0.555933,0.831227,2500.0,8.184,8.261,8.010,90.3,3.932,81.1,30.0,1,0,1,0,0,1,0,1,0
DATA,1646000,-0.555812,0.831308,2500.0,8.165,8.298,8.010,90.3,3.937,82.5,30.0,1,0,1,0,0,1,0,1,0
DATA,1648000,-0.555691,0.831389,2500.0,8.174,8.263,8.010,90.2,3.939,82.5,30.0,1,0,1,0,0,1,0,1,0
DATA,1650000,-0.555570,0.831470,2500.0,8.165,8.283,8.009,90.2,3.945,82.6,30.0,1,0,1,0,0,1,0,1,0
DATA,1652000,-0.555449,0.831550,2500.0,8.177,8.251,8.010,90.2,3.940,82.7,30.0,1,0,1,0,0,1,0,1,0
DATA,1654000,-0.555328,0.831631,2500.0,8.186,8.231,8.010,90.2,3.943,82.9,30.0,1,0,1,0,0,1,0,1,0
DATA,1656000,-0.555207,0.831712,2500.0,8.165,8.290,8.010,90.2,3.943,82.5,30.0,1,0,1,0,0,1,0,1,0
DATA,1658000,-0.555086,0.831793,2500.0,8.175,8.271,8.008,90.2,3.938,81.7,30.0,1,0,1,0,0,1,0,1,0
DATA,1660000,-0.554965,0.831873,2500.0,8.177,8.273,8.010,90.2,3.939,82.0,30.0,1,0,1,0,0,1,0,1,0
DATA,1662000,-0.554844,0.831954,2500.0,8.171,8.290,8.010,90.3,3.937,82.7,30.0,1,0,1,0,0,1,0,1,0
DATA,1664000,-0.554724,0.832035,2500.0,8.193,8.239,8.008,90.2,3.934,83.2,30.0,1,0,1,0,0,1,0,1,0
DATA,1666000,-0.554602,0.832116,2500.0,8.182,8.265,8.008,90.2,3.944,82.9,30.0,1,0,1,0,0,1,0,1,0
DATA,1668000,-0.554482,0.832196,2500.0,8.177,8.277,8.010,90.2,3.942,81.4,30.0,1,0,1,0,0,1,0,1,0
DATA,1670000,-0.554360,0.832277,2500.0,8.186,8.257,8.010,90.3,3.947,81.6,30.0,1,0,1,0,0,1,0,1,0
DATA,1672000,-0.554239,0.832357,2500.0,8.165,8.306,8.009,90.2,3.950,81.2,30.0,1,0,1,0,0,1,0,1,0
DATA,1674000,-0.554118,0.832438,2500.0,8.176,8.283,8.010,90.3,3.943,82.6,29.5,1,0,1,0,0,1,0,1,0
DATA,1676000,-0.553997,0.832519,2500.0,8.165,8.308,8.009,90.2,3.949,81.4,29.5,1,0,1,0,0,1,0,1,0
DATA,1678000,-0.553876,0.832599,2500.0,8.159,8.322,8.007,90.2,3.945,82.1,29.5,1,0,1,0,0,1,0,1,0
DATA,1680000,-0.553755,0.832680,2500.0,8.167,8.304,8.010,90.2,3.943,81.3,29.5,1,0,1,0,0,1,0,1,0
DATA,1682000,-0.553634,0.832760,2500.0,8.167,8.300,8.010,90.3,3.941,83.4,29.5,1,0,1,0,0,1,0,1,0
DATA,1684000,-0.553512,0.832841,2500.0,8.171,8.290,8.008,90.2,3.943,83.0,29.5,1,0,1,0,0,1,0,1,0
DATA,1686000,-0.553391,0.832921,2500.0,8.184,8.259,8.008,90.2,3.934,82.1,29.5,1,0,1,0,0,1,0,1,0
DATA,1688000,-0.553271,0.833002,2500.0,8.199,8.220,8.009,90.2,3.927,83.4,29.5,1,0,1,0,0,1,0,1,0
DATA,1690000,-0.553149,0.833082,2500.0,8.180,8.265,8.009,90.2,3.934,83.1,29.5,1,0,1,0,0,1,0,1,0
DATA,1692000,-0.553028,0.833163,2500.0,8.177,8.267,8.009,90.2,3.934,81.7,29.5,1,0,1,0,0,1,0,1,0
DATA,1694000,-0.552907,0.833243,2500.0,8.169,8.283,8.009,90.2,3.938,83.2,29.5,1,0,1,0,0,1,0,1,0
DATA,1696000,-0.552786,0.833323,2500.0,8.169,8.283,8.008,90.2,3.939,83.1,29.5,1,0,1,0,0,1,0,1,0
DATA,1698000,-0.552664,0.833404,2500.0,8.175,8.265,8.008,90.2,3.940,82.9,29.5,1,0,1,0,0,1,0,1,0
DATA,1700000,-0.552543,0.833484,2500.0,8.168,8.279,8.008,90.2,3.941,82.9,29.5,1,0,1,0,0,1,0,1,0
DATA,1702000,-0.552422,0.833565,2500.0,8.189,8.233,8.008,90.2,3.937,81.9,29.5,1,0,1,0,0,1,0,1,0
DATA,1704000,-0.552301,0.833645,2500.0,8.165,8.292,8.009,90.2,3.944,83.0,29.5,1,0,1,0,0,1,0,1,0
DATA,1706000,-0.552179,0.833726,2500.0,8.167,8.294,8.008,90.2,3.938,82.1,29.5,1,0,1,0,0,1,0,1,0
DATA,1708000,-0.552058,0.833806,2500.0,8.180,8.265,8.007,90.2,3.933,81.9,29.5,1,0,1,0,0,1,0,1,0
DATA,1710000,-0.551937,0.833886,2500.0,8.165,8.302,8.006,90.1,3.940,83.5,29.5,1,0,1,0,0,1,0,1,0
DATA,1712000,-0.551816,0.833966,2500.0,8.186,8.255,8.008,90.2,3.936,82.0,29.5,1,0,1,0,0,1,0,1,0
DATA,1714000,-0.551694,0.834047,2500.0,8.184,8.259,8.007,90.2,3.943,82.0,29.5,1,0,1,0,0,1,0,1,0
DATA,1716000,-0.551573,0.834127,2500.0,8.184,8.259,8.008,90.2,3.941,82.2,29.5,1,0,1,0,0,1,0,1,0
DATA,1718000,-0.551452,0.834207,2500.0,8.181,8.265,8.008,90.2,3.936,82.7,29.5,1,0,1,0,0,1,0,1,0
DATA,1720000,-0.551331,0.834287,2500.0,8.182,8.257,8.008,90.2,3.938,82.7,29.5,1,0,1,0,0,1,0,1,0
DATA,1722000,-0.551209,0.834368,2500.0,8.176,8.271,8.007,90.2,3.937,81.3,29.5,1,0,1,0,0,1,0,1,0
DATA,1724000,-0.551088,0.834447,2500.0,8.166,8.290,8.008,90.2,3.949,82.7,29.5,1,0,1,0,0,1,0,1,0
DATA,1726000,-0.550966,0.834528,2500.0,8.170,8.281,8.008,90.2,3.947,81.6,29.5,1,0,1,0,0,1,0,1,0
DATA,1728000,-0.550844,0.834608,2500.0,8.173,8.275,8.006,90.2,3.941,81.6,29.5,1,0,1,0,0,1,0,1,0
DATA,1730000,-0.550723,0.834688,2500.0,8.178,8.265,8.007,90.2,3.939,83.3,29.5,1,0,1,0,0,1,0,1,0
DATA,1732000,-0.550602,0.834768,2500.0,8.172,8.283,8.008,90.2,3.934,83.4,29.5,1,0,1,0,0,1,0,1,0
DATA,1734000,-0.550481,0.834848,2500.0,8.168,8.290,8.008,90.2,3.938,81.2,29.5,1,0,1,0,0,1,0,1,0
DATA,1736000,-0.550359,0.834928,2500.0,8.168,8.290,8.006,90.2,3.937,81.6,29.5,1,0,1,0,0,1,0,1,0
DATA,1738000,-0.550237,0.835008,2500.0,8.164,8.300,8.007,90.2,3.941,82.6,29.5,1,0,1,0,0,1,0,1,0
DATA,1740000,-0.550116,0.835088,2500.0,8.163,8.294,8.007,90.2,3.941,83.5,29.5,1,0,1,0,0,1,0,1,0
DATA,1742000,-0.549995,0.835168,2500.0,8.172,8.269,8.007,90.2,3.938,83.0,29.1,1,0,1,0,0,1,0,1,0
DATA,1744000,-0.549873,0.835248,2500.0,8.169,8.275,8.007,90.2,3.945,82.7,29.1,1,0,1,0,0,1,0,1,0
DATA,1746000,-0.549752,0.835328,2500.0,8.172,8.261,8.007,90.2,3.943,81.9,29.1,1,0,1,0,0,1,0,1,0
DATA,1748000,-0.549631,0.835408,2500.0,8.178,8.249,8.006,90.2,3.945,82.0,29.1,1,0,1,0,0,1,0,1,0
DATA,1750000,-0.549509,0.835488,2500.0,8.173,8.269,8.007,90.2,3.944,82.6,29.1,1,0,1,0,0,1,0,1,0
DATA,1752000,-0.549387,0.835568,2500.0,8.176,8.267,8.006,90.2,3.937,82.8,29.1,1,0,1,0,0,1,0,1,0
DATA,1754000,-0.549266,0.835648,2500.0,8.176,8.275,8.006,90.1,3.936,82.7,29.1,1,0,1,0,0,1,0,1,0
DATA,1756000,-0.549144,0.835728,2500.0,8.171,8.294,8.008,90.2,3.935,82.0,29.1,1,0,1,0,0,1,0,1,0
DATA,1758000,-0.549023,0.835807,2500.0,8.185,8.255,8.006,90.2,3.932,83.6,29.1,1,0,1,0,0,1,0,1,0
DATA,1760000,-0.548901,0.835887,2500.0,8.186,8.249,8.007,90.2,3.933,83.0,29.1,1,0,1,0,0,1,0,1,0
DATA,1762000,-0.548780,0.835967,2500.0,8.175,8.273,8.007,90.2,3.936,82.8,29.1,1,0,1,0,0,1,0,1,0
DATA,1764000,-0.548658,0.836047,2500.0,8.201,8.206,8.006,90.2,3.929,82.0,29.1,1,0,1,0,0,1,0,1,0
DATA,1766000,-0.548537,0.836127,2500.0,8.185,8.239,8.006,90.2,3.934,83.1,29.1,1,0,1,0,0,1,0,1,0
DATA,1768000,-0.548415,0.836207,2500.0,8.171,8.275,8.006,90.1,3.946,82.8,29.1,1,0,1,0,0,1,0,1,0
DATA,1770000,-0.548293,0.836286,2500.0,8.182,8.251,8.007,90.2,3.940,82.7,29.1,1,0,1,0,0,1,0,1,0
DATA,1772000,-0.548171,0.836366,2500.0,8.180,8.253,8.005,90.1,3.942,81.6,29.1,1,0,1,0,0,1,0,1,0
DATA,1774000,-0.548050,0.836446,2500.0,8.165,8.288,8.006,90.1,3.943,83.4,29.1,1,0,1,0,0,1,0,1,0
DATA,1776000,-0.547928,0.836525,2500.0,8.170,8.271,8.006,90.1,3.938,83.4,29.1,1,0,1,0,0,1,0,1,0
DATA,1778000,-0.547807,0.836605,2500.0,8.150,8.318,8.006,90.1,3.944,82.6,29.1,1,0,1,0,0,1,0,1,0
DATA,1780000,-0.547685,0.836685,2500.0,8.151,8.310,8.004,90.1,3.941,81.8,29.1,1,0,1,0,0,1,0,1,0
DATA,1782000,-0.547563,0.836764,2500.0,8.177,8.243,8.006,90.1,3.936,83.0,29.1,1,0,1,0,0,1,0,1,0
DATA,1784000,-0.547441,0.836844,2500.0,8.170,8.259,8.006,90.2,3.941,82.9,29.1,1,0,1,0,0,1,0,1,0
DATA,1786000,-0.547320,0.836923,2500.0,8.179,8.237,8.005,90.1,3.941,81.6,29.1,1,0,1,0,0,1,0,1,0
DATA,1788000,-0.547198,0.837003,2500.0,8.180,8.245,8.005,90.1,3.944,82.9,29.1,1,0,1,0,0,1,0,1,0
DATA,1790000,-0.547076,0.837083,2500.0,8.169,8.277,8.005,90.1,3.948,81.7,29.1,1,0,1,0,0,1,0,1,0
DATA,1792000,-0.546954,0.837162,2500.0,8.175,8.267,8.006,90.2,3.945,83.5,29.1,1,0,1,0,0,1,0,1,0
DATA,1794000,-0.546833,0.837242,2500.0,8.175,8.269,8.006,90.2,3.941,83.3,29.1,1,0,1,0,0,1,0,1,0
DATA,1796000,-0.546711,0.837322,2500.0,8.150,8.332,8.006,90.1,3.948,82.4,29.1,1,0,1,0,0,1,0,1,0
DATA,1798000,-0.546589,0.837401,2500.0,8.163,8.302,8.005,90.1,3.945,83.5,29.1,1,0,1,0,0,1,0,1,0
DATA,1800000,-0.546467,0.837480,2500.0,8.171,8.281,8.005,90.1,3.939,83.1,29.1,1,0,1,0,0,1,0,1,0
DATA,1802000,-0.546345,0.837560,2500.0,8.174,8.271,8.004,90.1,3.941,81.6,29.1,1,0,1,0,0,1,0,1,0
DATA,1804000,-0.546224,0.837639,2500.0,8.179,8.259,8.005,90.1,3.938,82.1,29.1,1,0,1,0,0,1,0,1,0
DATA,1806000,-0.546102,0.837719,2500.0,8.169,8.281,8.005,90.1,3.941,82.3,29.1,1,0,1,0,0,1,0,1,0
DATA,1808000,-0.545980,0.837798,2500.0,8.162,8.300,8.001,90.0,3.944,82.8,29.1,1,0,1,0,0,1,0,1,0
DATA,1810000,-0.545858,0.837878,2500.0,8.153,8.322,8.002,90.1,3.945,82.9,29.1,1,0,1,0,0,1,0,1,0
DATA,1812000,-0.545736,0.837957,2500.0,8.172,8.273,7.998,89.9,3.938,82.8,28.7,1,0,1,0,0,1,0,1,0
DATA,1814000,-0.545615,0.838036,2500.0,8.183,8.249,7.998,89.8,3.932,83.0,28.7,1,0,1,0,0,1,0,1,0
DATA,1816000,-0.545492,0.838116,2500.0,8.180,8.255,7.998,89.9,3.934,83.3,28.7,1,0,1,0,0,1,0,1,0
DATA,1818000,-0.545371,0.838195,2500.0,8.186,8.241,7.997,89.8,3.933,83.0,28.7,1,0,1,0,0,1,0,1,0
DATA,1820000,-0.545249,0.838274,2500.0,8.167,8.287,7.997,89.8,3.939,81.6,28.7,1,0,1,0,0,1,0,1,0
DATA,1822000,-0.545127,0.838353,2500.0,8.166,8.287,7.997,89.8,3.942,82.3,28.7,1,0,1,0,0,1,0,1,0
DATA,1824000,-0.545004,0.838433,2500.0,8.170,8.277,7.997,89.8,3.941,83.4,28.7,1,0,1,0,0,1,0,1,0
DATA,1826000,-0.544883,0.838512,2500.0,8.164,8.290,7.997,89.8,3.942,82.8,28.7,1,0,1,0,0,1,0,1,0
DATA,1828000,-0.544761,0.838591,2500.0,8.181,8.245,7.996,89.8,3.936,83.7,28.7,1,0,1,0,0,1,0,1,0
DATA,1830000,-0.544639,0.838670,2500.0,8.166,8.283,7.996,89.7,3.941,83.6,28.7,1,0,1,0,0,1,0,1,0
DATA,1832000,-0.544517,0.838750,2500.0,8.167,8.308,7.997,89.8,3.934,83.3,28.7,1,0,1,0,0,1,0,1,0
DATA,1834000,-0.544395,0.838829,2500.0,8.164,8.314,7.996,89.8,3.939,82.7,28.7,1,0,1,0,0,1,0,1,0
DATA,1836000,-0.544273,0.838908,2500.0,8.181,8.275,7.996,89.8,3.935,81.4,28.7,1,0,1,0,0,1,0,1,0
DATA,1838000,-0.544151,0.838987,2500.0,8.189,8.255,7.996,89.7,3.937,82.7,28.7,1,0,1,0,0,1,0,1,0
DATA,1840000,-0.544029,0.839067,2500.0,8.178,8.257,7.996,89.8,3.940,83.0,28.7,1,0,1,0,0,1,0,1,0
DATA,1842000,-0.543907,0.839146,2500.0,8.179,8.255,7.996,89.8,3.935,82.6,28.7,1,0,1,0,0,1,0,1,0
DATA,1844000,-0.543785,0.839225,2500.0,8.171,8.271,7.999,90.0,3.938,83.3,28.7,1,0,1,0,0,1,0,1,0
DATA,1846000,-0.543662,0.839304,2500.0,8.169,8.277,8.003,90.1,3.935,83.5,28.7,1,0,1,0,0,1,0,1,0
DATA,1848000,-0.543540,0.839383,2500.0,8.180,8.245,8.002,90.1,3.936,83.0,28.7,1,0,1,0,0,1,0,1,0
DATA,1850000,-0.543419,0.839462,2500.0,8.171,8.269,8.002,90.1,3.942,81.4,28.7,1,0,1,0,0,1,0,1,0
DATA,1852000,-0.543297,0.839541,2500.0,8.163,8.288,8.003,90.1,3.947,82.7,28.7,1,0,1,0,0,1,0,1,0
DATA,1854000,-0.543174,0.839620,2500.0,8.170,8.267,8.003,90.1,3.945,82.7,28.7,1,0,1,0,0,1,0,1,0
DATA,1856000,-0.543052,0.839699,2500.0,8.164,8.283,8.000,90.0,3.943,83.1,28.7,1,0,1,0,0,1,0,1,0
DATA,1858000,-0.542930,0.839778,2500.0,8.178,8.249,8.001,90.0,3.938,83.4,28.7,1,0,1,0,0,1,0,1,0
DATA,1860000,-0.542808,0.839857,2500.0,8.197,8.206,8.003,90.1,3.931,83.7,28.7,1,0,1,0,0,1,0,1,0
DATA,1862000,-0.542686,0.839936,2500.0,8.190,8.229,8.004,90.1,3.937,83.4,28.7,1,0,1,0,0,1,0,1,0
DATA,1864000,-0.542563,0.840015,2500.0,8.193,8.227,8.004,90.1,3.937,83.2,28.7,1,0,1,0,0,1,0,1,0
DATA,1866000,-0.542442,0.840094,2500.0,8.195,8.225,8.004,90.1,3.937,83.0,28.7,1,0,1,0,0,1,0,1,0
DATA,1868000,-0.542319,0.840172,2500.0,8.174,8.275,8.002,90.1,3.946,82.1,28.7,1,0,1,0,0,1,0,1,0
DATA,1870000,-0.542197,0.840252,2500.0,8.175,8.271,8.003,90.1,3.945,83.0,28.7,1,0,1,0,0,1,0,1,0
DATA,1872000,-0.542075,0.840330,2500.0,8.170,8.277,8.002,90.0,3.944,82.3,28.7,1,0,1,0,0,1,0,1,0
DATA,1874000,-0.541953,0.840409,2500.0,8.168,8.283,8.001,90.0,3.949,83.0,28.7,1,0,1,0,0,1,0,1,0
DATA,1876000,-0.541831,0.840488,2500.0,8.180,8.259,8.003,90.1,3.945,83.6,28.7,1,0,1,0,0,1,0,1,0
DATA,1878000,-0.541708,0.840567,2500.0,8.180,8.263,8.002,90.0,3.945,81.5,28.7,1,0,1,0,0,1,0,1,0
DATA,1880000,-0.541586,0.840646,2500.0,8.182,8.263,8.001,90.0,3.949,83.3,28.3,1,0,1,0,0,1,0,1,0
DATA,1882000,-0.541464,0.840724,2500.0,8.158,8.326,8.002,90.1,3.952,83.4,28.3,1,0,1,0,0,1,0,1,0
DATA,1884000,-0.541341,0.840803,2500.0,8.160,8.318,8.001,90.0,3.950,83.3,28.3,1,0,1,0,0,1,0,1,0
DATA,1886000,-0.541219,0.840882,2500.0,8.172,8.294,8.003,90.1,3.943,83.8,28.3,1,0,1,0,0,1,0,1,0
DATA,1888000,-0.541097,0.840961,2500.0,8.181,8.267,8.000,90.0,3.939,83.5,28.3,1,0,1,0,0,1,0,1,0
DATA,1890000,-0.540974,0.841039,2500.0,8.188,8.245,8.000,90.0,3.935,81.6,28.3,1,0,1,0,0,1,0,1,0
DATA,1892000,-0.540852,0.841118,2500.0,8.194,8.235,8.002,90.0,3.938,82.8,28.3,1,0,1,0,0,1,0,1,0
DATA,1894000,-0.540730,0.841197,2500.0,8.188,8.271,8.002,90.1,3.943,83.4,28.3,1,0,1,0,0,1,0,1,0
DATA,1896000,-0.540607,0.841275,2500.0,8.179,8.298,8.001,90.0,3.948,82.4,28.3,1,0,1,0,0,1,0,1,0
DATA,1898000,-0.540485,0.841354,2500.0,8.167,8.330,8.002,90.0,3.952,83.9,28.3,1,0,1,0,0,1,0,1,0
DATA,1900000,-0.540363,0.841432,2500.0,8.182,8.298,8.002,90.0,3.950,82.3,28.3,1,0,1,0,0,1,0,1,0
DATA,1902000,-0.540240,0.841511,2500.0,8.175,8.296,8.002,90.0,3.945,82.2,28.3,1,0,1,0,0,1,0,1,0
DATA,1904000,-0.540118,0.841590,2500.0,8.156,8.336,8.001,90.0,3.948,82.8,28.3,1,0,1,0,0,1,0,1,0
DATA,1906000,-0.539995,0.841668,2500.0,8.173,8.283,8.002,90.0,3.942,83.5,28.3,1,0,1,0,0,1,0,1,0
DATA,1908000,-0.539873,0.841746,2500.0,8.155,8.318,8.000,90.0,3.948,82.8,28.3,1,0,1,0,0,1,0,1,0
DATA,1910000,-0.539750,0.841825,2500.0,8.169,8.275,8.002,90.0,3.942,83.0,28.3,1,0,1,0,0,1,0,1,0
DATA,1912000,-0.539628,0.841904,2500.0,8.190,8.229,8.000,90.0,3.934,81.9,28.3,1,0,1,0,0,1,0,1,0
DATA,1914000,-0.539506,0.841982,2500.0,8.173,8.277,8.000,90.0,3.940,83.1,28.3,1,0,1,0,0,1,0,1,0
DATA,1916000,-0.539384,0.842060,2500.0,8.179,8.271,8.002,90.0,3.937,83.4,28.3,1,0,1,0,0,1,0,1,0
DATA,1918000,-0.539261,0.842139,2500.0,8.180,8.281,8.000,90.0,3.937,83.0,28.3,1,0,1,0,0,1,0,1,0
DATA,1920000,-0.539138,0.842217,2500.0,8.175,8.292,8.001,90.0,3.939,81.9,28.3,1,0,1,0,0,1,0,1,0
DATA,1922000,-0.539016,0.842296,2500.0,8.198,8.237,8.001,90.0,3.932,83.5,28.3,1,0,1,0,0,1,0,1,0
DATA,1924000,-0.538894,0.842374,2500.0,8.201,8.227,8.000,90.0,3.931,83.5,28.3,1,0,1,0,0,1,0,1,0
DATA,1926000,-0.538771,0.842452,2500.0,8.186,8.257,8.001,90.0,3.935,81.9,28.3,1,0,1,0,0,1,0,1,0
DATA,1928000,-0.538648,0.842531,2500.0,8.171,8.298,8.001,90.0,3.944,81.9,28.3,1,0,1,0,0,1,0,1,0
DATA,1930000,-0.538526,0.842609,2500.0,8.168,8.306,8.000,90.0,3.945,83.1,28.3,1,0,1,0,0,1,0,1,0
DATA,1932000,-0.538403,0.842687,2500.0,8.170,8.302,8.001,90.0,3.949,82.5,28.3,1,0,1,0,0,1,0,1,0
DATA,1934000,-0.538280,0.842766,2500.0,8.179,8.281,8.001,90.0,3.949,82.8,28.3,1,0,1,0,0,1,0,1,0
DATA,1936000,-0.538158,0.842844,2500.0,8.185,8.267,8.001,90.0,3.945,81.6,28.3,1,0,1,0,0,1,0,1,0
DATA,1938000,-0.538035,0.842922,2500.0,8.168,8.310,8.000,90.0,3.952,81.7,28.3,1,0,1,0,0,1,0,1,0
DATA,1940000,-0.537913,0.843000,2500.0,8.176,8.285,8.000,90.0,3.944,83.1,28.3,1,0,1,0,0,1,0,1,0
DATA,1942000,-0.537790,0.843079,2500.0,8.168,8.300,8.001,90.0,3.947,82.7,28.3,1,0,1,0,0,1,0,1,0
DATA,1944000,-0.537668,0.843157,2500.0,8.181,8.265,8.000,90.0,3.943,83.1,28.3,1,0,1,0,0,1,0,1,0
DATA,1946000,-0.537545,0.843235,2500.0,8.187,8.249,8.000,90.0,3.938,82.2,28.3,1,0,1,0,0,1,0,1,0
DATA,1948000,-0.537423,0.843313,2500.0,8.177,8.281,7.999,89.9,3.946,82.3,27.8,1,0,1,0,0,1,0,1,0
DATA,1950000,-0.537299,0.843392,2500.0,8.191,8.249,7.998,89.9,3.937,83.6,27.8,1,0,1,0,0,1,0,1,0
DATA,1952000,-0.537177,0.843470,2500.0,8.185,8.263,8.000,90.0,3.938,83.4,27.8,1,0,1,0,0,1,0,1,0
DATA,1954000,-0.537054,0.843548,2500.0,8.174,8.292,8.000,90.0,3.944,82.9,27.8,1,0,1,0,0,1,0,1,0
DATA,1956000,-0.536932,0.843626,2500.0,8.184,8.269,8.000,90.0,3.937,83.0,27.8,1,0,1,0,0,1,0,1,0
DATA,1958000,-0.536808,0.843704,2500.0,8.173,8.296,7.999,90.0,3.949,81.9,27.8,1,0,1,0,0,1,0,1,0
DATA,1960000,-0.536686,0.843782,2500.0,8.178,8.285,8.000,90.0,3.949,82.5,27.8,1,0,1,0,0,1,0,1,0
DATA,1962000,-0.536563,0.843860,2500.0,8.178,8.287,7.999,90.0,3.947,81.8,27.8,1,0,1,0,0,1,0,1,0
DATA,1964000,-0.536440,0.843938,2500.0,8.177,8.283,7.998,89.9,3.951,83.6,27.8,1,0,1,0,0,1,0,1,0
DATA,1966000,-0.536318,0.844016,2500.0,8.164,8.320,8.000,90.0,3.950,83.3,27.8,1,0,1,0,0,1,0,1,0
DATA,1968000,-0.536195,0.844094,2500.0,8.171,8.302,7.999,90.0,3.949,81.9,27.8,1,0,1,0,0,1,0,1,0
DATA,1970000,-0.536072,0.844172,2500.0,8.166,8.312,7.998,89.9,3.945,83.0,27.8,1,0,1,0,0,1,0,1,0
DATA,1972000,-0.535949,0.844250,2500.0,8.179,8.273,8.000,90.0,3.947,82.3,27.8,1,0,1,0,0,1,0,1,0
DATA,1974000,-0.535826,0.844328,2500.0,8.174,8.285,7.999,90.0,3.946,83.7,27.8,1,0,1,0,0,1,0,1,0
DATA,1976000,-0.535704,0.844406,2500.0,8.173,8.314,8.000,90.0,3.950,83.9,27.8,1,0,1,0,0,1,0,1,0
DATA,1978000,-0.535581,0.844484,2500.0,8.185,8.279,7.998,89.9,3.945,82.3,27.8,1,0,1,0,0,1,0,1,0
DATA,1980000,-0.535458,0.844562,2500.0,8.169,8.316,7.999,90.0,3.944,82.6,27.8,1,0,1,0,0,1,0,1,0
DATA,1982000,-0.535335,0.844640,2500.0,8.172,8.304,7.999,89.9,3.947,83.3,27.8,1,0,1,0,0,1,0,1,0
DATA,1984000,-0.535213,0.844717,2500.0,8.176,8.271,7.999,89.9,3.941,81.8,27.8,1,0,1,0,0,1,0,1,0
DATA,1986000,-0.535089,0.844796,2500.0,8.167,8.302,7.998,89.9,3.946,83.9,27.8,1,0,1,0,0,1,0,1,0
DATA,1988000,-0.534967,0.844873,2500.0,8.184,8.271,7.999,90.0,3.947,83.7,27.8,1,0,1,0,0,1,0,1,0
DATA,1990000,-0.534844,0.844951,2500.0,8.194,8.261,8.000,90.0,3.942,81.8,27.8,1,0,1,0,0,1,0,1,0
DATA,1992000,-0.534721,0.845029,2500.0,8.174,8.308,7.998,89.9,3.952,82.0,27.8,1,0,1,0,0,1,0,1,0
DATA,1994000,-0.534598,0.845107,2500.0,8.175,8.302,7.998,89.9,3.954,83.7,27.8,1,0,1,0,0,1,0,1,0
DATA,1996000,-0.534475,0.845184,2500.0,8.152,8.355,8.000,90.0,3.954,82.9,27.8,1,0,1,0,0,1,0,1,0
DATA,1998000,-0.534352,0.845262,2500.0,8.160,8.328,7.999,90.0,3.953,83.5,27.8,1,0,1,0,0,1,0,1,0
DATA,2000000,-0.534230,0.845339,2500.0,8.174,8.298,7.999,89.9,3.946,84.0,27.8,1,0,1,0,0,1,0,1,0
DATA,2002000,-0.534106,0.845418,2500.0,8.177,8.292,8.000,90.0,3.947,82.3,27.8,1,0,1,0,0,1,0,1,0
DATA,2004000,-0.533983,0.845495,2500.0,8.201,8.233,7.998,89.9,3.945,83.2,27.8,1,0,1,0,0,1,0,1,0
DATA,2006000,-0.533860,0.845573,2500.0,8.182,8.281,7.999,89.9,3.945,81.8,27.8,1,0,1,0,0,1,0,1,0
DATA,2008000,-0.533737,0.845650,2500.0,8.174,8.298,7.999,89.9,3.946,83.1,27.8,1,0,1,0,0,1,0,1,0
DATA,2010000,-0.533615,0.845728,2500.0,8.173,8.302,7.998,89.9,3.944,82.7,27.8,1,0,1,0,0,1,0,1,0
DATA,2012000,-0.533491,0.845806,2500.0,8.160,8.332,7.997,89.8,3.942,83.7,27.8,1,0,1,0,0,1,0,1,0
DATA,2014000,-0.533368,0.845883,2500.0,8.163,8.326,7.998,89.9,3.948,81.6,27.8,1,0,1,0,0,1,0,1,0
DATA,2016000,-0.533245,0.845961,2500.0,8.173,8.300,7.998,89.9,3.949,83.5,27.4,1,0,1,0,0,1,0,1,0
DATA,2018000,-0.533123,0.846038,2500.0,8.168,8.310,7.999,89.9,3.949,84.0,27.4,1,0,1,0,0,1,0,1,0
DATA,2020000,-0.532999,0.846116,2500.0,8.179,8.277,7.996,89.8,3.949,83.7,27.4,1,0,1,0,0,1,0,1,0
DATA,2022000,-0.532876,0.846193,2500.0,8.197,8.227,7.998,89.9,3.942,83.9,27.4,1,0,1,0,0,1,0,1,0
DATA,2024000,-0.532753,0.846271,2500.0,8.199,8.225,7.998,89.9,3.936,83.2,27.4,1,0,1,0,0,1,0,1,0
DATA,2026000,-0.532630,0.846348,2500.0,8.212,8.190,7.998,89.9,3.933,83.4,27.4,1,0,1,0,0,1,0,1,0
DATA,2028000,-0.532507,0.846426,2500.0,8.211,8.188,7.997,89.8,3.934,82.8,27.4,1,0,1,0,0,1,0,1,0
DATA,2030000,-0.532384,0.846503,2500.0,8.199,8.218,7.998,89.9,3.937,82.2,27.4,1,0,1,0,0,1,0,1,0
DATA,2032000,-0.532261,0.846581,2500.0,8.187,8.249,7.997,89.8,3.941,82.0,27.4,1,0,1,0,0,1,0,1,0
DATA,2034000,-0.532138,0.846658,2500.0,8.187,8.247,7.997,89.8,3.938,83.8,27.4,1,0,1,0,0,1,0,1,0
DATA,2036000,-0.532014,0.846735,2500.0,8.169,8.292,7.998,89.9,3.949,83.4,27.4,1,0,1,0,0,1,0,1,0
DATA,2038000,-0.531891,0.846813,2500.0,8.162,8.314,7.997,89.8,3.952,83.3,27.4,1,0,1,0,0,1,0,1,0
DATA,2040000,-0.531768,0.846890,2500.0,8.162,8.314,7.997,89.8,3.952,82.2,27.4,1,0,1,0,0,1,0,1,0
DATA,2042000,-0.531645,0.846967,2500.0,8.155,8.330,7.998,89.9,3.954,84.0,27.4,1,0,1,0,0,1,0,1,0
DATA,2044000,-0.531522,0.847045,2500.0,8.172,8.296,7.997,89.8,3.948,83.9,27.4,1,0,1,0,0,1,0,1,0
DATA,2046000,-0.531398,0.847122,2500.0,8.181,8.273,7.996,89.7,3.943,82.6,27.4,1,0,1,0,0,1,0,1,0
DATA,2048000,-0.531275,0.847199,2500.0,8.180,8.275,7.997,89.8,3.947,83.2,27.4,1,0,1,0,0,1,0,1,0
DATA,2050000,-0.531152,0.847276,2500.0,8.190,8.255,7.997,89.8,3.944,82.1,27.4,1,0,1,0,0,1,0,1,0
DATA,2052000,-0.531029,0.847354,2500.0,8.173,8.296,7.998,89.9,3.950,84.1,27.4,1,0,1,0,0,1,0,1,0
DATA,2054000,-0.530906,0.847431,2500.0,8.174,8.298,7.997,89.8,3.948,83.6,27.4,1,0,1,0,0,1,0,1,0
DATA,2056000,-0.530782,0.847508,2500.0,8.183,8.275,7.996,89.8,3.947,81.7,27.4,1,0,1,0,0,1,0,1,0
DATA,2058000,-0.530659,0.847585,2500.0,8.188,8.263,7.997,89.8,3.949,83.8,27.4,1,0,1,0,0,1,0,1,0
DATA,2060000,-0.530535,0.847663,2500.0,8.198,8.239,7.995,89.7,3.944,82.1,27.4,1,0,1,0,0,1,0,1,0
DATA,2062000,-0.530412,0.847740,2500.0,8.185,8.267,7.996,89.8,3.952,84.1,27.4,1,0,1,0,0,1,0,1,0
DATA,2064000,-0.530289,0.847817,2500.0,8.173,8.298,7.996,89.7,3.948,82.7,27.4,1,0,1,0,0,1,0,1,0
DATA,2066000,-0.530166,0.847894,2500.0,8.170,8.304,7.996,89.8,3.952,83.2,27.4,1,0,1,0,0,1,0,1,0
DATA,2068000,-0.530042,0.847971,2500.0,8.162,8.326,7.996,89.8,3.952,83.4,27.4,1,0,1,0,0,1,0,1,0
DATA,2070000,-0.529919,0.848048,2500.0,8.175,8.300,7.996,89.7,3.945,82.7,27.4,1,0,1,0,0,1,0,1,0
DATA,2072000,-0.529796,0.848125,2500.0,8.188,8.267,7.997,89.8,3.943,83.4,27.4,1,0,1,0,0,1,0,1,0
DATA,2074000,-0.529673,0.848202,2500.0,8.184,8.281,7.995,89.7,3.935,82.6,27.4,1,0,1,0,0,1,0,1,0
DATA,2076000,-0.529549,0.848279,2500.0,8.199,8.239,7.995,89.7,3.934,83.7,27.4,1,0,1,0,0,1,0,1,0
DATA,2078000,-0.529426,0.848356,2500.0,8.195,8.245,7.996,89.7,3.938,83.2,27.4,1,0,1,0,0,1,0,1,0
DATA,2080000,-0.529302,0.848433,2500.0,8.190,8.257,7.997,89.8,3.947,83.0,27.4,1,0,1,0,0,1,0,1,0
DATA,2082000,-0.529179,0.848510,2500.0,8.204,8.218,7.995,89.7,3.944,83.8,27.4,1,0,1,0,0,1,0,1,0
DATA,2084000,-0.529055,0.848587,2500.0,8.188,8.259,7.996,89.7,3.950,82.6,27.0,1,0,1,0,0,1,0,1,0
DATA,2086000,-0.528932,0.848664,2500.0,8.189,8.257,7.995,89.7,3.951,84.1,27.0,1,0,1,0,0,1,0,1,0
DATA,2088000,-0.528809,0.848741,2500.0,8.182,8.275,7.995,89.7,3.945,83.9,27.0,1,0,1,0,0,1,0,1,0
DATA,2090000,-0.528685,0.848818,2500.0,8.178,8.281,7.995,89.7,3.951,84.1,27.0,1,0,1,0,0,1,0,1,0
DATA,2092000,-0.528561,0.848895,2500.0,8.175,8.281,7.995,89.7,3.945,84.1,27.0,1,0,1,0,0,1,0,1,0
DATA,2094000,-0.528438,0.848972,2500.0,8.160,8.316,7.994,89.6,3.945,82.0,27.0,1,0,1,0,0,1,0,1,0
DATA,2096000,-0.528315,0.849048,2500.0,8.169,8.294,7.996,89.7,3.941,82.3,27.0,1,0,1,0,0,1,0,1,0
DATA,2098000,-0.528191,0.849126,2500.0,8.166,8.302,7.995,89.7,3.942,83.0,27.0,1,0,1,0,0,1,0,1,0
DATA,2100000,-0.528068,0.849202,2500.0,8.183,8.265,7.995,89.7,3.937,82.2,27.0,1,0,1,0,0,1,0,1,0
DATA,2102000,-0.527944,0.849279,2500.0,8.182,8.269,7.996,89.8,3.947,83.2,27.0,1,0,1,0,0,1,0,1,0
DATA,2104000,-0.527820,0.849356,2500.0,8.196,8.233,7.994,89.6,3.947,83.2,27.0,1,0,1,0,0,1,0,1,0
DATA,2106000,-0.527697,0.849433,2500.0,8.196,8.233,7.995,89.7,3.945,82.0,27.0,1,0,1,0,0,1,0,1,0
DATA,2108000,-0.527573,0.849509,2500.0,8.194,8.241,7.995,89.7,3.948,83.6,27.0,1,0,1,0,0,1,0,1,0
DATA,2110000,-0.527450,0.849586,2500.0,8.196,8.241,7.995,89.7,3.938,82.5,27.0,1,0,1,0,0,1,0,1,0
DATA,2112000,-0.527326,0.849663,2500.0,8.182,8.275,7.995,89.7,3.940,83.9,27.0,1,0,1,0,0,1,0,1,0
DATA,2114000,-0.527203,0.849740,2500.0,8.174,8.296,7.995,89.7,3.945,83.8,27.0,1,0,1,0,0,1,0,1,0
DATA,2116000,-0.527079,0.849816,2500.0,8.170,8.308,7.994,89.6,3.941,83.7,27.0,1,0,1,0,0,1,0,1,0
DATA,2118000,-0.526956,0.849893,2500.0,8.166,8.316,7.995,89.7,3.945,83.8,27.0,1,0,1,0,0,1,0,1,0
DATA,2120000,-0.526832,0.849970,2500.0,8.177,8.290,7.993,89.6,3.940,82.4,27.0,1,0,1,0,0,1,0,1,0
DATA,2122000,-0.526708,0.850046,2500.0,8.165,8.320,7.994,89.6,3.943,83.4,27.0,1,0,1,0,0,1,0,1,0
DATA,2124000,-0.526585,0.850123,2500.0,8.166,8.320,7.994,89.6,3.945,83.7,27.0,1,0,1,0,0,1,0,1,0
DATA,2126000,-0.526461,0.850199,2500.0,8.168,8.314,7.993,89.6,3.943,83.5,27.0,1,0,1,0,0,1,0,1,0
DATA,2128000,-0.526337,0.850276,2500.0,8.175,8.298,7.995,89.7,3.946,83.4,27.0,1,0,1,0,0,1,0,1,0
DATA,2130000,-0.526214,0.850352,2500.0,8.191,8.261,7.993,89.6,3.943,82.9,27.0,1,0,1,0,0,1,0,1,0
DATA,2132000,-0.526090,0.850429,2500.0,8.196,8.243,7.995,89.7,3.944,83.7,27.0,1,0,1,0,0,1,0,1,0
DATA,2134000,-0.525966,0.850505,2500.0,8.189,8.267,7.995,89.7,3.949,83.8,27.0,1,0,1,0,0,1,0,1,0
DATA,2136000,-0.525842,0.850582,2500.0,8.190,8.265,7.996,89.7,3.945,84.1,27.0,1,0,1,0,0,1,0,1,0
DATA,2138000,-0.525719,0.850658,2500.0,8.177,8.302,7.995,89.7,3.946,83.9,27.0,1,0,1,0,0,1,0,1,0
DATA,2140000,-0.525595,0.850735,2500.0,8.182,8.298,7.995,89.7,3.939,83.0,27.0,1,0,1,0,0,1,0,1,0
DATA,2142000,-0.525472,0.850811,2500.0,8.198,8.257,7.995,89.7,3.932,83.0,27.0,1,0,1,0,0,1,0,1,0
DATA,2144000,-0.525347,0.850888,2500.0,8.194,8.267,7.994,89.6,3.935,83.9,27.0,1,0,1,0,0,1,0,1,0
DATA,2146000,-0.525224,0.850964,2500.0,8.211,8.225,7.995,89.7,3.932,84.3,27.0,1,0,1,0,0,1,0,1,0
DATA,2148000,-0.525100,0.851040,2500.0,8.196,8.263,7.993,89.6,3.938,82.4,27.0,1,0,1,0,0,1,0,1,0
DATA,2150000,-0.524976,0.851117,2500.0,8.188,8.283,7.994,89.6,3.941,83.4,27.0,1,0,1,0,0,1,0,1,0
DATA,2152000,-0.524852,0.851193,2500.0,8.173,8.320,7.993,89.6,3.946,82.2,27.0,1,0,1,0,0,1,0,1,0
DATA,2154000,-0.524729,0.851269,2500.0,8.167,8.334,7.992,89.5,3.949,83.0,27.0,1,0,1,0,0,1,0,1,0
DATA,2156000,-0.524605,0.851346,2500.0,8.176,8.308,7.992,89.5,3.948,82.3,26.5,1,0,1,0,0,1,0,1,0
DATA,2158000,-0.524481,0.851422,2500.0,8.177,8.302,7.993,89.6,3.950,83.1,26.5,1,0,1,0,0,1,0,1,0
DATA,2160000,-0.524357,0.851499,2500.0,8.198,8.247,7.992,89.5,3.941,83.8,26.5,1,0,1,0,0,1,0,1,0
DATA,2162000,-0.524234,0.851575,2500.0,8.182,8.279,7.994,89.6,3.941,82.7,26.5,1,0,1,0,0,1,0,1,0
DATA,2164000,-0.524110,0.851651,2500.0,8.189,8.259,7.993,89.6,3.940,83.5,26.5,1,0,1,0,0,1,0,1,0
DATA,2166000,-0.523986,0.851727,2500.0,8.180,8.279,7.991,89.5,3.941,83.6,26.5,1,0,1,0,0,1,0,1,0
DATA,2168000,-0.523862,0.851803,2500.0,8.180,8.281,7.993,89.6,3.941,83.4,26.5,1,0,1,0,0,1,0,1,0
DATA,2170000,-0.523738,0.851879,2500.0,8.185,8.263,7.993,89.6,3.938,83.4,26.5,1,0,1,0,0,1,0,1,0
DATA,2172000,-0.523614,0.851956,2500.0,8.201,8.220,7.992,89.5,3.933,83.4,26.5,1,0,1,0,0,1,0,1,0
DATA,2174000,-0.523490,0.852032,2500.0,8.218,8.176,7.992,89.5,3.923,83.4,26.5,1,0,1,0,0,1,0,1,0
DATA,2176000,-0.523367,0.852108,2500.0,8.218,8.174,7.991,89.4,3.924,83.8,26.5,1,0,1,0,0,1,0,1,0
DATA,2178000,-0.523242,0.852184,2500.0,8.216,8.174,7.990,89.4,3.924,82.7,26.5,1,0,1,0,0,1,0,1,0
DATA,2180000,-0.523118,0.852260,2500.0,8.199,8.212,7.992,89.5,3.929,82.0,26.5,1,0,1,0,0,1,0,1,0
DATA,2182000,-0.522995,0.852336,2500.0,8.182,8.253,7.993,89.6,3.934,83.7,26.5,1,0,1,0,0,1,0,1,0
DATA,2184000,-0.522871,0.852412,2500.0,8.180,8.253,7.994,89.6,3.938,83.0,26.5,1,0,1,0,0,1,0,1,0
DATA,2186000,-0.522746,0.852488,2500.0,8.165,8.292,7.993,89.6,3.945,83.9,26.5,1,0,1,0,0,1,0,1,0
DATA,2188000,-0.522623,0.852564,2500.0,8.181,8.253,7.993,89.6,3.941,82.9,26.5,1,0,1,0,0,1,0,1,0
DATA,2190000,-0.522499,0.852640,2500.0,8.177,8.261,7.991,89.5,3.946,83.1,26.5,1,0,1,0,0,1,0,1,0
DATA,2192000,-0.522375,0.852716,2500.0,8.180,8.263,7.991,89.4,3.941,83.1,26.5,1,0,1,0,0,1,0,1,0
