孡CD ID:5510
DATA,period_ms,real_hour_sin,real_hour_cos,lux,pv_v,pv_p,home_v,home_soc,load_p,car_soc,human_soc,pvsrc,hsrc,rigid,led,fan,qi,hchg,cchg,v2h
CTP ID:9147
DATA,2000,0.000145,1.000000,176.7,0.659,0.000,6.871,23.5,0.863,42.2,-1.0,0,1,1,0,0,0,0,0,0
DATA,4000,0.000291,1.000000,165.8,0.651,0.000,6.811,20.6,1.294,42.1,-1.0,0,1,1,0,0,0,0,0,0
DATA,6000,0.000436,1.000000,165.0,0.648,0.000,6.809,20.5,1.438,42.1,-1.0,0,1,1,0,0,0,0,0,0
DATA,8000,0.000582,1.000000,170.8,0.648,0.000,6.809,20.4,1.479,42.1,-1.0,0,1,1,0,0,0,0,0,0
DATA,10000,0.000727,1.000000,177.5,0.643,0.000,6.806,20.3,1.726,42.1,-1.0,0,1,1,0,0,0,0,0,0
DATA,12000,0.000873,1.000000,24.2,0.643,0.000,6.808,20.4,1.726,42.2,21.4,0,1,1,0,0,0,0,0,0
DATA,14000,0.001018,0.999999,19.2,0.643,0.000,6.807,20.4,1.726,42.1,21.4,0,1,1,0,0,0,0,0,0
DATA,16000,0.001164,0.999999,112.5,0.643,0.000,6.806,20.3,1.726,42.2,21.4,0,1,1,0,0,0,0,0,0
DATA,18000,0.001309,0.999999,45.8,0.642,0.000,6.820,21.0,1.725,38.9,21.4,0,0,1,0,0,0,0,0,1
DATA,20000,-0.192807,0.981237,50.0,0.646,0.000,6.905,25.3,1.736,38.8,21.4,0,0,1,0,0,0,0,0,1
DATA,22000,-0.192665,0.981265,25.0,0.649,0.000,6.906,25.3,1.746,38.7,21.4,0,0,1,0,0,0,0,0,1
DATA,24000,-0.192522,0.981293,56.7,0.652,0.000,6.909,25.4,1.756,38.6,21.4,0,0,1,0,0,0,0,0,1
DATA,26000,-0.192379,0.981321,55.8,0.657,0.000,6.910,25.5,1.768,38.6,21.4,0,0,1,0,0,0,0,0,1
DATA,28000,-0.192237,0.981349,64.2,0.657,0.000,6.912,25.6,1.768,38.6,21.4,0,0,1,0,0,0,0,0,1
DATA,30000,-0.192094,0.981377,71.7,0.659,0.000,6.913,25.6,1.769,38.4,21.4,0,0,1,0,0,0,0,0,1
DATA,32000,-0.191951,0.981405,65.8,0.659,0.000,6.912,25.6,1.770,38.4,21.4,0,0,1,0,0,0,0,0,1
DATA,34000,-0.191808,0.981432,62.5,0.659,0.000,6.913,25.7,1.769,38.4,21.4,0,0,1,0,0,0,0,0,1
DATA,36000,-0.191665,0.981460,69.2,0.658,0.000,6.913,25.7,1.769,38.4,21.4,0,0,1,0,0,0,0,0,1
DATA,38000,-0.191523,0.981488,70.0,0.658,0.000,6.913,25.6,1.769,38.3,21.4,0,0,1,0,0,0,0,0,1
DATA,40000,-0.191380,0.981516,70.8,0.658,0.000,6.915,25.8,1.769,38.3,21.4,0,0,1,0,0,0,0,0,1
DATA,42000,-0.191237,0.981544,66.7,0.658,0.000,6.912,25.6,1.770,38.3,21.4,0,0,1,0,0,0,0,0,1
DATA,44000,-0.191094,0.981572,70.0,0.659,0.000,6.912,25.6,1.770,38.2,21.4,0,0,1,0,0,0,0,0,1
DATA,46000,-0.190952,0.981599,80.0,0.658,0.000,6.910,25.5,1.770,38.1,21.4,0,0,1,0,0,0,0,0,1
DATA,48000,-0.190809,0.981627,77.5,0.657,0.000,6.914,25.7,1.770,38.1,21.4,0,0,1,0,0,0,0,0,1
DATA,50000,-0.190666,0.981655,80.8,0.657,0.000,6.914,25.7,1.770,38.1,21.4,0,0,1,0,0,0,0,0,1
DATA,52000,-0.190523,0.981683,72.5,0.657,0.000,6.912,25.6,1.770,38.1,21.4,0,0,1,0,0,0,0,0,1
DATA,54000,-0.190381,0.981710,70.0,0.657,0.000,6.914,25.7,1.770,38.1,21.4,0,0,1,0,0,0,0,0,1
DATA,56000,-0.190238,0.981738,70.0,0.657,0.000,6.913,25.7,1.770,38.0,21.4,0,0,1,0,0,0,0,0,1
DATA,58000,-0.190095,0.981766,74.2,0.657,0.000,6.913,25.6,1.770,38.0,21.4,0,0,1,0,0,0,0,0,1
DATA,60000,-0.189952,0.981793,72.5,0.656,0.000,6.913,25.6,1.770,38.0,21.4,0,0,1,0,0,0,0,0,1
DATA,62000,-0.189810,0.981821,54.2,0.654,0.000,6.910,25.5,1.768,37.9,21.4,0,0,1,0,0,0,0,0,1
DATA,64000,-0.189666,0.981849,55.8,0.654,0.000,6.914,25.7,1.768,37.9,21.4,0,0,1,0,0,0,0,0,1
DATA,66000,-0.189524,0.981876,53.3,0.654,0.000,6.914,25.7,1.768,37.9,21.4,0,0,1,0,0,0,0,0,1
DATA,68000,-0.189381,0.981904,54.2,0.653,0.000,6.913,25.6,1.767,37.9,21.4,0,0,1,0,0,0,0,0,1
DATA,70000,-0.189239,0.981931,55.0,0.655,0.000,6.915,25.7,1.769,37.9,21.4,0,0,1,0,0,0,0,0,1
DATA,72000,-0.189095,0.981959,58.3,0.655,0.000,6.913,25.7,1.769,37.8,21.4,0,0,1,0,0,0,0,0,1
DATA,74000,-0.188952,0.981986,57.5,0.655,0.000,6.913,25.6,1.768,37.8,21.4,0,0,1,0,0,0,0,0,1
DATA,76000,-0.188810,0.982014,53.3,0.656,0.000,6.912,25.6,1.768,37.7,21.4,0,0,1,0,0,0,0,0,1
DATA,78000,-0.188667,0.982041,58.3,0.657,0.000,6.912,25.6,1.769,37.7,21.4,0,0,1,0,0,0,0,0,1
DATA,80000,-0.188524,0.982069,65.0,0.657,0.000,6.912,25.6,1.769,37.7,21.4,0,0,1,0,0,0,0,0,1
DATA,82000,-0.188381,0.982096,77.5,0.656,0.000,6.909,25.4,1.768,37.7,21.4,0,0,1,0,0,0,0,0,1
DATA,84000,-0.188238,0.982123,65.0,0.654,0.000,6.896,24.8,1.766,37.7,21.4,0,0,1,0,0,0,0,0,1
DATA,86000,-0.188096,0.982151,77.5,0.653,0.000,6.908,25.4,1.766,37.7,21.4,0,0,1,0,0,0,0,0,1
DATA,88000,-0.187952,0.982178,81.7,0.652,0.000,6.911,25.5,1.766,37.6,21.4,0,0,1,0,0,0,0,0,1
DATA,90000,-0.187810,0.982205,84.2,0.653,0.000,6.913,25.6,1.767,37.6,21.4,0,0,1,0,0,0,0,0,1
DATA,92000,-0.187667,0.982233,60.0,0.655,0.000,6.910,25.5,1.769,37.6,21.4,0,0,1,0,0,0,0,0,1
DATA,94000,-0.187525,0.982260,60.0,0.656,0.000,6.908,25.4,1.768,37.6,21.4,0,0,1,0,0,0,0,0,1
DATA,96000,-0.187381,0.982287,55.8,0.657,0.000,6.912,25.6,1.769,37.6,21.4,0,0,1,0,0,0,0,0,1
DATA,98000,-0.187238,0.982315,52.5,0.657,0.000,6.907,25.4,1.768,37.6,21.4,0,0,1,0,0,0,0,0,1
DATA,100000,-0.187095,0.982342,55.8,0.657,0.000,6.912,25.6,1.768,37.6,21.4,0,0,1,0,0,0,0,0,1
DATA,102000,-0.186953,0.982369,61.7,0.658,0.000,6.909,25.5,1.769,37.6,21.4,0,0,1,0,0,0,0,0,1
DATA,104000,-0.186809,0.982396,80.0,0.657,0.000,6.912,25.6,1.769,37.5,21.4,0,0,1,0,0,0,0,0,1
DATA,106000,-0.186667,0.982423,85.0,0.658,0.000,6.910,25.5,1.769,37.5,21.4,0,0,1,0,0,0,0,0,1
DATA,108000,-0.186524,0.982450,87.5,0.656,0.000,6.900,25.0,1.768,37.4,21.4,0,0,1,0,0,0,0,0,1
DATA,110000,-0.186381,0.982478,87.5,0.655,0.000,6.905,25.3,1.768,37.4,21.4,0,0,1,0,0,0,0,0,1
DATA,112000,-0.186238,0.982505,88.3,0.656,0.000,6.907,25.3,1.768,37.4,21.4,0,0,1,0,0,0,0,0,1
DATA,114000,-0.186095,0.982532,85.0,0.655,0.000,6.908,25.4,1.769,37.4,21.4,0,0,1,0,0,0,0,0,1
DATA,116000,-0.185952,0.982559,89.2,0.657,0.000,6.910,25.5,1.770,37.4,21.4,0,0,1,0,0,0,0,0,1
DATA,118000,-0.185809,0.982586,85.8,0.658,0.000,6.909,25.4,1.770,37.4,21.4,0,0,1,0,0,0,0,0,1
DATA,120000,-0.185666,0.982613,79.2,0.658,0.000,6.909,25.4,1.770,37.4,21.4,0,0,1,0,0,0,0,0,1
DATA,122000,-0.185524,0.982640,78.3,0.658,0.000,6.908,25.4,1.770,37.3,21.4,0,0,1,0,0,0,0,0,1
DATA,124000,-0.185381,0.982667,84.2,0.658,0.000,6.908,25.4,1.770,37.3,21.4,0,0,1,0,0,0,0,0,1
DATA,126000,-0.185237,0.982694,85.8,0.658,0.000,6.907,25.4,1.770,37.3,21.4,0,0,1,0,0,0,0,0,1
DATA,128000,-0.185094,0.982721,78.3,0.658,0.000,6.907,25.3,1.770,37.3,21.4,0,0,1,0,0,0,0,0,1
DATA,130000,-0.184952,0.982748,85.0,0.658,0.000,6.906,25.3,1.770,37.3,21.4,0,0,1,0,0,0,0,0,1
DATA,132000,-0.184809,0.982774,79.2,0.657,0.000,6.907,25.3,1.770,37.3,21.4,0,0,1,0,0,0,0,0,1
DATA,134000,-0.184666,0.982801,84.2,0.657,0.000,6.902,25.1,1.769,37.2,21.4,0,0,1,0,0,0,0,0,1
DATA,136000,-0.184523,0.982828,84.2,0.657,0.000,6.906,25.3,1.769,37.2,21.4,0,0,1,0,0,0,0,0,1
DATA,138000,-0.184380,0.982855,87.5,0.657,0.000,6.906,25.3,1.769,37.2,21.4,0,0,1,0,0,0,0,0,1
DATA,140000,-0.184237,0.982882,85.8,0.657,0.000,6.905,25.3,1.769,37.2,21.4,0,0,1,0,0,0,0,0,1
DATA,142000,-0.184094,0.982909,85.8,0.657,0.000,6.906,25.3,1.770,37.1,21.4,0,0,1,0,0,0,0,0,1
DATA,144000,-0.183951,0.982935,90.0,0.657,0.000,6.907,25.4,1.770,37.1,21.4,0,0,1,0,0,0,0,0,1
DATA,146000,-0.183809,0.982962,90.0,0.658,0.000,6.906,25.3,1.770,37.1,21.4,0,0,1,0,0,0,0,0,1
DATA,148000,-0.183666,0.982989,89.2,0.658,0.000,6.906,25.3,1.770,37.1,21.4,0,0,1,0,0,0,0,0,1
DATA,150000,-0.183522,0.983016,89.2,0.658,0.000,6.906,25.3,1.770,37.1,21.4,0,0,1,0,0,0,0,0,1
DATA,152000,-0.183379,0.983042,64.2,0.658,0.000,6.905,25.3,1.770,37.1,21.4,0,0,1,0,0,0,0,0,1
DATA,154000,-0.183236,0.983069,86.7,0.658,0.000,6.904,25.2,1.770,37.1,21.4,0,0,1,0,0,0,0,0,1
DATA,156000,-0.183094,0.983095,70.0,0.658,0.000,6.904,25.2,1.770,37.1,21.4,0,0,1,0,0,0,0,0,1
DATA,158000,-0.182950,0.983122,81.7,0.658,0.000,6.904,25.2,1.770,37.1,21.4,0,0,1,0,0,0,0,0,1
DATA,160000,-0.182807,0.983149,83.3,0.659,0.000,6.903,25.1,1.770,37.0,21.4,0,0,1,0,0,0,0,0,1
DATA,162000,-0.182664,0.983175,92.5,0.659,0.000,6.902,25.1,1.770,37.0,21.4,0,0,1,0,0,0,0,0,1
DATA,164000,-0.182522,0.983202,94.2,0.659,0.000,6.905,25.2,1.770,37.0,21.4,0,0,1,0,0,0,0,0,1
DATA,166000,-0.182378,0.983228,85.8,0.659,0.000,6.905,25.2,1.770,36.9,21.4,0,0,1,0,0,0,0,0,1
DATA,168000,-0.182235,0.983255,70.0,0.660,0.000,6.904,25.2,1.770,36.9,21.4,0,0,1,0,0,0,0,0,1
DATA,170000,-0.182092,0.983281,79.2,0.660,0.000,6.904,25.2,1.770,36.9,21.4,0,0,1,0,0,0,0,0,1
DATA,172000,-0.181950,0.983308,74.2,0.660,0.000,6.903,25.1,1.770,36.9,21.4,0,0,1,0,0,0,0,0,1
DATA,174000,-0.181806,0.983334,75.8,0.660,0.000,6.905,25.2,1.770,36.9,21.4,0,0,1,0,0,0,0,0,1
DATA,176000,-0.181663,0.983361,65.0,0.660,0.000,6.904,25.2,1.770,36.9,21.4,0,0,1,0,0,0,0,0,1
DATA,178000,-0.181520,0.983387,65.8,0.660,0.000,6.903,25.2,1.770,36.9,21.4,0,0,1,0,0,0,0,0,1
DATA,180000,-0.181378,0.983414,72.5,0.660,0.000,6.904,25.2,1.770,36.9,21.4,0,0,1,0,0,0,0,0,1
DATA,182000,-0.181234,0.983440,87.5,0.659,0.000,6.904,25.2,1.770,36.8,21.4,0,0,1,0,0,0,0,0,1
DATA,184000,-0.181091,0.983466,80.8,0.659,0.000,6.902,25.1,1.770,36.8,21.4,0,0,1,0,0,0,0,0,1
DATA,186000,-0.180948,0.983493,73.3,0.660,0.000,6.905,25.2,1.770,36.8,21.4,0,0,1,0,0,0,0,0,1
DATA,188000,-0.180806,0.983519,90.8,0.660,0.000,6.903,25.1,1.770,36.7,21.4,0,0,1,0,0,0,0,0,1
DATA,190000,-0.180662,0.983545,91.7,0.660,0.000,6.903,25.2,1.770,36.7,21.4,0,0,1,0,0,0,0,0,1
DATA,192000,-0.180519,0.983572,93.3,0.660,0.000,6.903,25.1,1.770,36.7,21.4,0,0,1,0,0,0,0,0,1
DATA,194000,-0.180376,0.983598,89.2,0.660,0.000,6.902,25.1,1.770,36.7,21.4,0,0,1,0,0,0,0,0,1
DATA,196000,-0.180233,0.983624,85.8,0.658,0.000,6.899,25.0,1.770,36.7,21.4,0,0,1,0,0,0,0,0,1
DATA,198000,-0.180090,0.983650,82.5,0.658,0.000,6.899,25.0,1.769,36.7,21.4,0,0,1,0,0,0,0,0,1
DATA,200000,-0.179947,0.983676,85.8,0.657,0.000,6.901,25.1,1.768,36.7,21.4,0,0,1,0,0,0,0,0,1
DATA,202000,-0.179804,0.983702,86.7,0.656,0.000,6.901,25.0,1.767,36.7,21.4,0,0,1,0,0,0,0,0,1
DATA,204000,-0.179661,0.983729,88.3,0.656,0.000,6.901,25.0,1.766,36.6,21.4,0,0,1,0,0,0,0,0,1
DATA,206000,-0.179517,0.983755,84.2,0.655,0.000,6.900,25.0,1.766,36.6,21.4,0,0,1,0,0,0,0,0,1
DATA,208000,-0.179375,0.983781,95.0,0.655,0.000,6.900,25.0,1.766,36.6,21.4,0,0,1,0,0,0,0,0,1
DATA,210000,-0.179231,0.983807,95.0,0.655,0.000,6.900,25.0,1.766,36.6,21.4,0,0,1,0,0,0,0,0,1
DATA,212000,-0.179089,0.983833,94.2,0.655,0.000,6.897,24.9,1.765,36.6,20.9,0,0,1,0,0,0,0,0,1
DATA,214000,-0.178945,0.983859,93.3,0.656,0.000,6.900,25.0,1.766,36.6,20.9,0,0,1,0,0,0,0,0,1
DATA,216000,-0.178802,0.983885,92.5,0.657,0.000,6.899,25.0,1.767,36.6,20.9,0,0,1,0,0,0,0,0,1
DATA,218000,-0.178659,0.983911,83.3,0.657,0.000,6.900,25.0,1.768,36.6,20.9,0,0,1,0,0,0,0,0,1
DATA,220000,-0.178516,0.983937,88.3,0.658,0.000,6.900,25.0,1.770,36.5,20.9,0,0,1,0,0,0,0,0,1
DATA,222000,-0.178372,0.983963,81.7,0.657,0.000,6.900,25.0,1.769,36.5,20.9,0,0,1,0,0,0,0,0,1
DATA,224000,-0.178230,0.983989,78.3,0.657,0.000,6.896,24.8,1.769,36.4,20.9,0,0,1,0,0,0,0,0,1
DATA,226000,-0.178087,0.984015,94.2,0.657,0.000,6.897,24.9,1.768,36.4,20.9,0,0,1,0,0,0,0,0,1
DATA,228000,-0.177943,0.984041,94.2,0.656,0.000,6.898,24.9,1.768,36.4,20.9,0,0,1,0,0,0,0,0,1
DATA,230000,-0.177800,0.984067,94.2,0.657,0.000,6.898,24.9,1.769,36.4,20.9,0,0,1,0,0,0,0,0,1
DATA,232000,-0.177657,0.984092,94.2,0.656,0.000,6.897,24.8,1.767,36.4,20.9,0,0,1,0,0,0,0,0,1
DATA,234000,-0.177514,0.984118,94.2,0.656,0.000,6.898,24.9,1.767,36.4,20.9,0,0,1,0,0,0,0,0,1
DATA,236000,-0.177371,0.984144,81.7,0.655,0.000,6.897,24.9,1.767,36.4,20.9,0,0,1,0,0,0,0,0,1
DATA,238000,-0.177227,0.984170,65.8,0.655,0.000,6.899,24.9,1.767,36.4,20.9,0,0,1,0,0,0,0,0,1
DATA,240000,-0.177085,0.984196,88.3,0.657,0.000,6.899,25.0,1.769,36.4,20.9,0,0,1,0,0,0,0,0,1
DATA,242000,-0.176942,0.984221,89.2,0.657,0.000,6.899,24.9,1.770,36.4,20.9,0,0,1,0,0,0,0,0,1
DATA,244000,-0.176798,0.984247,87.5,0.658,0.000,6.895,24.7,1.770,36.3,20.9,0,0,1,0,0,0,0,0,1
DATA,246000,-0.176655,0.984273,79.2,0.657,0.000,6.895,24.7,1.769,36.3,20.9,0,0,1,0,0,0,0,0,1
DATA,248000,-0.176512,0.984298,81.7,0.656,0.000,6.894,24.7,1.769,36.3,20.9,0,0,1,0,0,0,0,0,1
DATA,250000,-0.176368,0.984324,91.7,0.656,0.000,6.897,24.9,1.769,36.3,20.9,0,0,1,0,0,0,0,0,1
DATA,252000,-0.176225,0.984350,92.5,0.657,0.000,6.896,24.8,1.768,36.3,20.9,0,0,1,0,0,0,0,0,1
DATA,254000,-0.176082,0.984375,92.5,0.657,0.000,6.895,24.8,1.769,36.3,20.9,0,0,1,0,0,0,0,0,1
DATA,256000,-0.175940,0.984401,91.7,0.656,0.000,6.895,24.7,1.767,36.3,20.9,0,0,1,0,0,0,0,0,1
DATA,258000,-0.175795,0.984427,78.3,0.656,0.000,6.894,24.7,1.766,36.2,20.9,0,0,1,0,0,0,0,0,1
DATA,260000,-0.175653,0.984452,80.0,0.656,0.000,6.893,24.7,1.766,36.2,20.9,0,0,1,0,0,0,0,0,1
DATA,262000,-0.175510,0.984478,87.5,0.656,0.000,6.894,24.7,1.765,36.2,20.9,0,0,1,0,0,0,0,0,1
DATA,264000,-0.175367,0.984503,92.5,0.657,0.000,6.894,24.7,1.766,36.1,20.9,0,0,1,0,0,0,0,0,1
DATA,266000,-0.175223,0.984529,92.5,0.658,0.000,6.894,24.7,1.766,36.1,20.9,0,0,1,0,0,0,0,0,1
DATA,268000,-0.175080,0.984554,92.5,0.658,0.000,6.891,24.5,1.766,36.1,20.9,0,0,1,0,0,0,0,0,1
DATA,270000,-0.174937,0.984580,85.8,0.659,0.000,6.893,24.6,1.766,36.1,20.9,0,0,1,0,0,0,0,0,1
DATA,272000,-0.174794,0.984605,85.8,0.658,0.000,6.893,24.6,1.766,36.1,20.9,0,0,1,0,0,0,0,0,1
DATA,274000,-0.174650,0.984631,85.8,0.659,0.000,6.893,24.7,1.767,36.1,20.9,0,0,1,0,0,0,0,0,1
DATA,276000,-0.174507,0.984656,85.0,0.660,0.000,6.893,24.7,1.768,36.1,20.9,0,0,1,0,0,0,0,0,1
DATA,278000,-0.174364,0.984681,86.7,0.660,0.000,6.893,24.6,1.768,36.1,20.9,0,0,1,0,0,0,0,0,1
DATA,280000,-0.174221,0.984707,93.3,0.660,0.000,6.891,24.6,1.769,36.1,20.9,0,0,1,0,0,0,0,0,1
DATA,282000,-0.174077,0.984732,94.2,0.660,0.000,6.892,24.6,1.769,36.0,20.9,0,0,1,0,0,0,0,0,1
DATA,284000,-0.173934,0.984757,93.3,0.659,0.000,6.892,24.6,1.768,36.0,20.9,0,0,1,0,0,0,0,0,1
DATA,286000,-0.173791,0.984783,89.2,0.659,0.000,6.892,24.6,1.768,36.0,20.9,0,0,1,0,0,0,0,0,1
DATA,288000,-0.173648,0.984808,92.5,0.658,0.000,6.890,24.5,1.766,35.9,20.9,0,0,1,0,0,0,0,0,1
DATA,290000,-0.173504,0.984833,92.5,0.659,0.000,6.892,24.6,1.767,35.9,20.9,0,0,1,0,0,0,0,0,1
DATA,292000,-0.173362,0.984858,90.8,0.659,0.000,6.891,24.6,1.767,35.9,20.9,0,0,1,0,0,0,0,0,1
DATA,294000,-0.173218,0.984883,89.2,0.659,0.000,6.890,24.5,1.766,35.9,20.9,0,0,1,0,0,0,0,0,1
DATA,296000,-0.173075,0.984909,91.7,0.659,0.000,6.890,24.5,1.768,35.9,20.9,0,0,1,0,0,0,0,0,1
DATA,298000,-0.172932,0.984934,95.0,0.659,0.000,6.892,24.6,1.768,35.9,20.9,0,0,1,0,0,0,0,0,1
DATA,300000,-0.172789,0.984959,95.8,0.659,0.000,6.892,24.6,1.769,35.9,20.9,0,0,1,0,0,0,0,0,1
DATA,302000,-0.172645,0.984984,95.8,0.659,0.000,6.890,24.5,1.769,35.9,20.9,0,0,1,0,0,0,0,0,1
DATA,304000,-0.172502,0.985009,95.0,0.659,0.000,6.889,24.5,1.767,35.8,20.9,0,0,1,0,0,0,0,0,1
DATA,306000,-0.172359,0.985034,91.7,0.659,0.000,6.892,24.6,1.766,35.8,20.9,0,0,1,0,0,0,0,0,1
DATA,308000,-0.172216,0.985059,91.7,0.658,0.000,6.890,24.5,1.765,35.8,20.9,0,0,1,0,0,0,0,0,1
DATA,310000,-0.172072,0.985084,90.8,0.658,0.000,6.891,24.6,1.766,35.8,20.9,0,0,1,0,0,0,0,0,1
DATA,312000,-0.171929,0.985109,95.0,0.658,0.000,6.891,24.5,1.767,35.7,20.9,0,0,1,0,0,0,0,0,1
DATA,314000,-0.171786,0.985134,95.0,0.658,0.000,6.891,24.5,1.767,35.7,20.9,0,0,1,0,0,0,0,0,1
DATA,316000,-0.171642,0.985159,95.0,0.658,0.000,6.890,24.5,1.768,35.7,20.9,0,0,1,0,0,0,0,0,1
DATA,318000,-0.171499,0.985184,95.0,0.658,0.000,6.887,24.3,1.767,35.7,20.9,0,0,1,0,0,0,0,0,1
DATA,320000,-0.171356,0.985209,95.0,0.658,0.000,6.886,24.3,1.766,35.7,20.9,0,0,1,0,0,0,0,0,1
DATA,322000,-0.171213,0.985234,95.0,0.658,0.000,6.887,24.4,1.766,35.7,20.9,0,0,1,0,0,0,0,0,1
DATA,324000,-0.171069,0.985259,95.0,0.659,0.000,6.888,24.4,1.767,35.7,20.9,0,0,1,0,0,0,0,0,1
DATA,326000,-0.170926,0.985284,95.0,0.660,0.000,6.890,24.5,1.768,35.7,20.9,0,0,1,0,0,0,0,0,1
DATA,328000,-0.170783,0.985309,95.0,0.660,0.000,6.889,24.4,1.768,35.7,20.9,0,0,1,0,0,0,0,0,1
DATA,330000,-0.170640,0.985333,95.0,0.661,0.000,6.888,24.4,1.769,35.7,20.9,0,0,1,0,0,0,0,0,1
DATA,332000,-0.170496,0.985358,95.0,0.661,0.000,6.888,24.4,1.769,35.6,20.9,0,0,1,0,0,0,0,0,1
DATA,334000,-0.170353,0.985383,95.0,0.660,0.000,6.888,24.4,1.769,35.6,20.9,0,0,1,0,0,0,0,0,1
DATA,336000,-0.170209,0.985408,95.0,0.660,0.000,6.887,24.3,1.770,35.6,20.9,0,0,1,0,0,0,0,0,1
DATA,338000,-0.170067,0.985433,95.0,0.660,0.000,6.887,24.3,1.770,35.6,20.9,0,0,1,0,0,0,0,0,1
DATA,340000,-0.169922,0.985457,95.8,0.661,0.000,6.887,24.3,1.770,35.6,20.9,0,0,1,0,0,0,0,0,1
DATA,342000,-0.169780,0.985482,95.8,0.661,0.000,6.884,24.2,1.769,35.5,20.9,0,0,1,0,0,0,0,0,1
DATA,344000,-0.169636,0.985507,95.0,0.660,0.000,6.887,24.4,1.768,35.6,20.9,0,0,1,0,0,0,0,0,1
DATA,346000,-0.169492,0.985532,95.0,0.661,0.000,6.887,24.3,1.768,35.5,20.9,0,0,1,0,0,0,0,0,1
DATA,348000,-0.169349,0.985556,95.0,0.660,0.000,6.886,24.3,1.766,35.5,20.9,0,0,1,0,0,0,0,0,1
DATA,350000,-0.169206,0.985581,95.8,0.659,0.000,6.886,24.3,1.766,35.5,20.9,0,0,1,0,0,0,0,0,1
DATA,352000,-0.169063,0.985605,95.8,0.659,0.000,6.884,24.2,1.766,35.4,20.9,0,0,1,0,0,0,0,0,1
DATA,354000,-0.168919,0.985630,95.8,0.658,0.000,6.887,24.3,1.766,35.4,20.9,0,0,1,0,0,0,0,0,1
DATA,356000,-0.168776,0.985654,95.8,0.658,0.000,6.886,24.3,1.767,35.4,20.9,0,0,1,0,0,0,0,0,1
DATA,358000,-0.168633,0.985679,95.8,0.659,0.000,6.886,24.3,1.766,35.4,20.9,0,0,1,0,0,0,0,0,1
DATA,360000,-0.168489,0.985703,95.8,0.659,0.000,6.884,24.2,1.767,35.4,20.9,0,0,1,0,0,0,0,0,1
DATA,362000,-0.168346,0.985728,95.8,0.660,0.000,6.885,24.2,1.768,35.4,20.9,0,0,1,0,0,0,0,0,1
DATA,364000,-0.168202,0.985753,95.0,0.660,0.000,6.885,24.3,1.769,35.4,20.9,0,0,1,0,0,0,0,0,1
DATA,366000,-0.168059,0.985777,95.0,0.660,0.000,6.884,24.2,1.769,35.4,20.9,0,0,1,0,0,0,0,0,1
DATA,368000,-0.167915,0.985801,95.0,0.661,0.000,6.884,24.2,1.767,35.4,20.9,0,0,1,0,0,0,0,0,1
DATA,370000,-0.167772,0.985826,95.8,0.660,0.000,6.882,24.1,1.766,35.4,20.9,0,0,1,0,0,0,0,0,1
DATA,372000,-0.167629,0.985850,95.8,0.660,0.000,6.881,24.1,1.763,35.3,20.9,0,0,1,0,0,0,0,0,1
DATA,374000,-0.167486,0.985874,95.8,0.659,0.000,6.882,24.1,1.761,35.3,20.9,0,0,1,0,0,0,0,0,1
DATA,376000,-0.167342,0.985899,95.8,0.659,0.000,6.882,24.1,1.759,35.3,20.9,0,0,1,0,0,0,0,0,1
DATA,378000,-0.167199,0.985923,95.0,0.658,0.000,6.880,24.0,1.758,35.3,20.9,0,0,1,0,0,0,0,0,1
DATA,380000,-0.167055,0.985948,95.0,0.658,0.000,6.882,24.1,1.757,35.3,20.9,0,0,1,0,0,0,0,0,1
DATA,382000,-0.166912,0.985972,95.8,0.658,0.000,6.881,24.1,1.757,35.3,20.9,0,0,1,0,0,0,0,0,1
DATA,384000,-0.166768,0.985996,95.8,0.657,0.000,6.879,23.9,1.757,35.3,20.9,0,0,1,0,0,0,0,0,1
DATA,386000,-0.166625,0.986020,93.3,0.657,0.000,6.881,24.1,1.757,35.3,20.9,0,0,1,0,0,0,0,0,1
DATA,388000,-0.166482,0.986045,93.3,0.656,0.000,6.880,24.0,1.757,35.2,20.9,0,0,1,0,0,0,0,0,1
DATA,390000,-0.166339,0.986069,93.3,0.656,0.000,6.881,24.1,1.757,35.2,20.9,0,0,1,0,0,0,0,0,1
DATA,392000,-0.166194,0.986093,93.3,0.656,0.000,6.881,24.0,1.757,35.2,20.9,0,0,1,0,0,0,0,0,1
DATA,394000,-0.166051,0.986117,95.0,0.657,0.000,6.881,24.0,1.757,35.1,20.9,0,0,1,0,0,0,0,0,1
DATA,396000,-0.165908,0.986141,95.0,0.657,0.000,6.881,24.0,1.757,35.1,20.9,0,0,1,0,0,0,0,0,1
DATA,398000,-0.165765,0.986165,95.0,0.657,0.000,6.882,24.1,1.757,35.1,20.9,0,0,1,0,0,0,0,0,1
DATA,400000,-0.165621,0.986190,95.0,0.658,0.000,6.879,23.9,1.757,35.1,20.9,0,0,1,0,0,0,0,0,1
DATA,402000,-0.165478,0.986214,93.3,0.658,0.000,6.880,24.0,1.757,35.1,20.9,0,0,1,0,0,0,0,0,1
DATA,404000,-0.165334,0.986238,85.8,0.658,0.000,6.881,24.0,1.757,35.1,20.9,0,0,1,0,0,0,0,0,1
DATA,406000,-0.165191,0.986262,85.8,0.657,0.000,6.879,24.0,1.757,35.1,20.9,0,0,1,0,0,0,0,0,1
DATA,408000,-0.165047,0.986286,95.0,0.657,0.000,6.881,24.0,1.757,35.1,20.9,0,0,1,0,0,0,0,0,1
DATA,410000,-0.164904,0.986310,95.8,0.657,0.000,6.881,24.0,1.757,35.1,20.9,0,0,1,0,0,0,0,0,1
DATA,412000,-0.164761,0.986334,95.8,0.657,0.000,6.879,23.9,1.757,35.0,20.9,0,0,1,0,0,0,0,0,1
DATA,414000,-0.164617,0.986358,96.7,0.656,0.000,6.880,24.0,1.757,35.0,20.9,0,0,1,0,0,0,0,0,1
DATA,416000,-0.164473,0.986382,97.5,0.656,0.000,6.880,24.0,1.757,35.0,20.9,0,0,1,0,0,0,0,0,1
DATA,418000,-0.164330,0.986405,97.5,0.657,0.000,6.880,24.0,1.757,35.0,20.9,0,0,1,0,0,0,0,0,1
DATA,420000,-0.164187,0.986429,97.5,0.657,0.000,6.879,23.9,1.757,35.0,20.9,0,0,1,0,0,0,0,0,1
DATA,422000,-0.164043,0.986453,97.5,0.657,0.000,6.878,23.9,1.757,34.9,20.9,0,0,1,0,0,0,0,0,1
DATA,424000,-0.163899,0.986477,97.5,0.657,0.000,6.878,23.9,1.757,34.9,20.9,0,0,1,0,0,0,0,0,1
DATA,426000,-0.163756,0.986501,97.5,0.658,0.000,6.878,23.9,1.757,34.9,20.9,0,0,1,0,0,0,0,0,1
DATA,428000,-0.163613,0.986525,97.5,0.658,0.000,6.878,23.9,1.757,34.9,20.9,0,0,1,0,0,0,0,0,1
DATA,430000,-0.163469,0.986548,97.5,0.659,0.000,6.877,23.9,1.757,34.9,20.9,0,0,1,0,0,0,0,0,1
DATA,432000,-0.163325,0.986572,97.5,0.659,0.000,6.875,23.8,1.757,34.9,20.9,0,0,1,0,0,0,0,0,1
DATA,434000,-0.163182,0.986596,97.5,0.660,0.000,6.876,23.8,1.757,34.8,20.9,0,0,1,0,0,0,0,0,1
DATA,436000,-0.163039,0.986620,97.5,0.659,0.000,6.873,23.6,1.757,34.9,20.9,0,0,1,0,0,0,0,0,1
DATA,438000,-0.162895,0.986643,97.5,0.659,0.000,6.876,23.8,1.757,34.8,20.9,0,0,1,0,0,0,0,0,1
DATA,440000,-0.162751,0.986667,97.5,0.658,0.000,6.876,23.8,1.757,34.8,20.9,0,0,1,0,0,0,0,0,1
DATA,442000,-0.162608,0.986691,97.5,0.658,0.000,6.876,23.8,1.757,34.8,20.9,0,0,1,0,0,0,0,0,1
DATA,444000,-0.162465,0.986714,97.5,0.660,0.000,6.877,23.9,1.757,34.7,20.9,0,0,1,0,0,0,0,0,1
DATA,446000,-0.162321,0.986738,97.5,0.660,0.000,6.875,23.7,1.757,34.7,20.9,0,0,1,0,0,0,0,0,1
DATA,448000,-0.162177,0.986762,97.5,0.660,0.000,6.875,23.8,1.757,34.7,20.9,0,0,1,0,0,0,0,0,1
DATA,450000,-0.162034,0.986785,97.5,0.659,0.000,6.875,23.8,1.757,34.7,20.9,0,0,1,0,0,0,0,0,1
DATA,452000,-0.161891,0.986809,97.5,0.658,0.000,6.875,23.8,1.757,34.7,20.9,0,0,1,0,0,0,0,0,1
DATA,454000,-0.161747,0.986832,97.5,0.659,0.000,6.876,23.8,1.757,34.7,20.9,0,0,1,0,0,0,0,0,1
DATA,456000,-0.161603,0.986856,97.5,0.660,0.000,6.876,23.8,1.757,34.7,20.9,0,0,1,0,0,0,0,0,1
DATA,458000,-0.161460,0.986879,97.5,0.660,0.000,6.876,23.8,1.757,34.7,20.9,0,0,1,0,0,0,0,0,1
DATA,460000,-0.161317,0.986903,97.5,0.661,0.000,6.874,23.7,1.757,34.7,20.9,0,0,1,0,0,0,0,0,1
DATA,462000,-0.161173,0.986926,97.5,0.660,0.000,6.875,23.7,1.757,34.6,20.9,0,0,1,0,0,0,0,0,1
DATA,464000,-0.161029,0.986950,97.5,0.660,0.000,6.875,23.8,1.757,34.6,20.9,0,0,1,0,0,0,0,0,1
DATA,466000,-0.160886,0.986973,97.5,0.660,0.000,6.875,23.7,1.757,34.6,20.9,0,0,1,0,0,0,0,0,1
DATA,468000,-0.160743,0.986996,97.5,0.660,0.000,6.872,23.6,1.757,34.6,20.9,0,0,1,0,0,0,0,0,1
DATA,470000,-0.160599,0.987020,97.5,0.660,0.000,6.871,23.6,1.757,34.6,20.9,0,0,1,0,0,0,0,0,1
DATA,472000,-0.160455,0.987043,97.5,0.659,0.000,6.870,23.5,1.757,34.6,20.9,0,0,1,0,0,0,0,0,1
DATA,474000,-0.160312,0.987066,97.5,0.659,0.000,6.871,23.6,1.757,34.6,20.9,0,0,1,0,0,0,0,0,1
DATA,476000,-0.160168,0.987090,97.5,0.658,0.000,6.871,23.5,1.757,34.5,20.9,0,0,1,0,0,0,0,0,1
DATA,478000,-0.160025,0.987113,97.5,0.659,0.000,6.871,23.6,1.757,34.5,20.9,0,0,1,0,0,0,0,0,1
DATA,480000,-0.159881,0.987136,97.5,0.660,0.000,6.871,23.6,1.757,34.5,20.9,0,0,1,0,0,0,0,0,1
DATA,482000,-0.159737,0.987160,97.5,0.660,0.000,6.870,23.5,1.757,34.5,20.9,0,0,1,0,0,0,0,0,1
DATA,484000,-0.159594,0.987183,97.5,0.660,0.000,6.872,23.6,1.757,34.5,20.9,0,0,1,0,0,0,0,0,1
DATA,486000,-0.159450,0.987206,97.5,0.660,0.000,6.869,23.5,1.757,34.4,20.9,0,0,1,0,0,0,0,0,1
DATA,488000,-0.159307,0.987229,97.5,0.659,0.000,6.871,23.6,1.757,34.4,20.9,0,0,1,0,0,0,0,0,1
DATA,490000,-0.159163,0.987252,97.5,0.659,0.000,6.871,23.5,1.757,34.4,20.9,0,0,1,0,0,0,0,0,1
DATA,492000,-0.159020,0.987275,97.5,0.659,0.000,6.869,23.5,1.757,34.4,20.9,0,0,1,0,0,0,0,0,1
DATA,494000,-0.158875,0.987299,97.5,0.659,0.000,6.870,23.5,1.757,34.4,20.9,0,0,1,0,0,0,0,0,1
DATA,496000,-0.158732,0.987322,97.5,0.659,0.000,6.870,23.5,1.757,34.4,20.9,0,0,1,0,0,0,0,0,1
DATA,498000,-0.158589,0.987345,97.5,0.658,0.000,6.869,23.4,1.757,34.4,20.9,0,0,1,0,0,0,0,0,1
DATA,500000,-0.158446,0.987368,97.5,0.658,0.000,6.869,23.4,1.757,34.4,20.9,0,0,1,0,0,0,0,0,1
DATA,502000,-0.158301,0.987391,97.5,0.658,0.000,6.868,23.4,1.757,34.3,20.9,0,0,1,0,0,0,0,0,1
DATA,504000,-0.158158,0.987414,97.5,0.658,0.000,6.869,23.5,1.757,34.3,20.9,0,0,1,0,0,0,0,0,1
DATA,506000,-0.158014,0.987437,97.5,0.658,0.000,6.870,23.5,1.757,34.3,20.9,0,0,1,0,0,0,0,0,1
DATA,508000,-0.157871,0.987460,97.5,0.659,0.000,6.867,23.4,1.757,34.3,20.9,0,0,1,0,0,0,0,0,1
DATA,510000,-0.157727,0.987483,97.5,0.659,0.000,6.868,23.4,1.757,34.3,20.9,0,0,1,0,0,0,0,0,1
DATA,512000,-0.157583,0.987506,97.5,0.659,0.000,6.867,23.3,1.757,34.3,20.9,0,0,1,0,0,0,0,0,1
DATA,514000,-0.157440,0.987529,97.5,0.660,0.000,6.866,23.3,1.757,34.3,20.9,0,0,1,0,0,0,0,0,1
DATA,516000,-0.157296,0.987551,97.5,0.660,0.000,6.869,23.5,1.757,34.3,20.9,0,0,1,0,0,0,0,0,1
DATA,518000,-0.157152,0.987574,97.5,0.660,0.000,6.869,23.4,1.757,34.3,20.9,0,0,1,0,0,0,0,0,1
DATA,520000,-0.157009,0.987597,97.5,0.660,0.000,6.869,23.4,1.757,34.2,20.9,0,0,1,0,0,0,0,0,1
DATA,522000,-0.156865,0.987620,97.5,0.661,0.000,6.868,23.4,1.757,34.2,20.9,0,0,1,0,0,0,0,0,1
DATA,524000,-0.156722,0.987643,97.5,0.661,0.000,6.868,23.4,1.757,34.2,20.9,0,0,1,0,0,0,0,0,1
DATA,526000,-0.156578,0.987666,97.5,0.661,0.000,6.869,23.4,1.757,34.1,20.9,0,0,1,0,0,0,0,0,1
DATA,528000,-0.156434,0.987688,97.5,0.660,0.000,6.867,23.4,1.757,34.1,20.9,0,0,1,0,0,0,0,0,1
DATA,530000,-0.156291,0.987711,97.5,0.660,0.000,6.868,23.4,1.757,34.1,20.9,0,0,1,0,0,0,0,0,1
DATA,532000,-0.156147,0.987734,97.5,0.660,0.000,6.866,23.3,1.757,34.1,20.9,0,0,1,0,0,0,0,0,1
DATA,534000,-0.156003,0.987757,97.5,0.659,0.000,6.867,23.4,1.757,34.1,20.9,0,0,1,0,0,0,0,0,1
DATA,536000,-0.155860,0.987779,97.5,0.659,0.000,6.861,23.0,1.757,34.1,20.9,0,0,1,0,0,0,0,0,1
DATA,538000,-0.155716,0.987802,97.5,0.659,0.000,6.865,23.2,1.757,34.1,20.9,0,0,1,0,0,0,0,0,1
DATA,540000,-0.155572,0.987824,97.5,0.659,0.000,6.867,23.3,1.757,34.1,20.9,0,0,1,0,0,0,0,0,1
DATA,542000,-0.155428,0.987847,97.5,0.658,0.000,6.865,23.3,1.757,34.1,20.9,0,0,1,0,0,0,0,0,1
DATA,544000,-0.155285,0.987870,97.5,0.658,0.000,6.866,23.3,1.757,34.0,20.9,0,0,1,0,0,0,0,0,1
DATA,546000,-0.155141,0.987892,97.5,0.657,0.000,6.866,23.3,1.757,34.0,20.9,0,0,1,0,0,0,0,0,1
DATA,548000,-0.154998,0.987915,97.5,0.657,0.000,6.865,23.2,1.757,34.0,20.9,0,0,1,0,0,0,0,0,1
DATA,550000,-0.154854,0.987937,97.5,0.657,0.000,6.865,23.2,1.757,34.0,20.9,0,0,1,0,0,0,0,0,1
DATA,552000,-0.154710,0.987960,97.5,0.657,0.000,6.863,23.2,1.757,34.0,20.9,0,0,1,0,0,0,0,0,1
DATA,554000,-0.154567,0.987982,97.5,0.658,0.000,6.865,23.3,1.757,33.9,20.9,0,0,1,0,0,0,0,0,1
DATA,556000,-0.154423,0.988005,97.5,0.659,0.000,6.865,23.2,1.757,33.9,20.9,0,0,1,0,0,0,0,0,1
DATA,558000,-0.154279,0.988027,97.5,0.659,0.000,6.862,23.1,1.757,33.9,20.9,0,0,1,0,0,0,0,0,1
DATA,560000,-0.154135,0.988050,97.5,0.659,0.000,6.864,23.2,1.757,33.9,20.9,0,0,1,0,0,0,0,0,1
DATA,562000,-0.153992,0.988072,97.5,0.659,0.000,6.862,23.1,1.757,33.9,20.9,0,0,1,0,0,0,0,0,1
DATA,564000,-0.153848,0.988095,97.5,0.658,0.000,6.862,23.1,1.757,33.9,20.9,0,0,1,0,0,0,0,0,1
DATA,566000,-0.153704,0.988117,97.5,0.658,0.000,6.863,23.1,1.757,33.9,20.9,0,0,1,0,0,0,0,0,1
DATA,568000,-0.153560,0.988139,97.5,0.658,0.000,6.864,23.2,1.757,33.9,20.9,0,0,1,0,0,0,0,0,1
DATA,570000,-0.153417,0.988162,97.5,0.658,0.000,6.864,23.2,1.757,33.8,20.9,0,0,1,0,0,0,0,0,1
DATA,572000,-0.153273,0.988184,97.5,0.658,0.000,6.862,23.1,1.757,33.8,20.9,0,0,1,0,0,0,0,0,1
DATA,574000,-0.153129,0.988206,97.5,0.657,0.000,6.863,23.1,1.757,33.8,20.9,0,0,1,0,0,0,0,0,1
DATA,576000,-0.152985,0.988228,97.5,0.658,0.000,6.863,23.2,1.757,33.8,20.9,0,0,1,0,0,0,0,0,1
DATA,578000,-0.152842,0.988251,97.5,0.658,0.000,6.864,23.2,1.757,33.7,20.9,0,0,1,0,0,0,0,0,1
DATA,580000,-0.152698,0.988273,97.5,0.658,0.000,6.863,23.2,1.757,33.7,20.9,0,0,1,0,0,0,0,0,1
DATA,582000,-0.152554,0.988295,97.5,0.659,0.000,6.861,23.1,1.757,33.7,20.9,0,0,1,0,0,0,0,0,1
DATA,584000,-0.152411,0.988317,97.5,0.658,0.000,6.863,23.1,1.757,33.7,20.9,0,0,1,0,0,0,0,0,1
DATA,586000,-0.152267,0.988339,97.5,0.657,0.000,6.862,23.1,1.757,33.7,20.9,0,0,1,0,0,0,0,0,1
DATA,588000,-0.152124,0.988361,97.5,0.657,0.000,6.861,23.0,1.757,33.7,20.9,0,0,1,0,0,0,0,0,1
DATA,590000,-0.151979,0.988384,97.5,0.657,0.000,6.861,23.1,1.757,33.7,20.9,0,0,1,0,0,0,0,0,1
DATA,592000,-0.151836,0.988406,97.5,0.657,0.000,6.857,22.9,1.757,33.7,20.9,0,0,1,0,0,0,0,0,1
DATA,594000,-0.151692,0.988428,97.5,0.657,0.000,6.861,23.0,1.757,33.6,20.9,0,0,1,0,0,0,0,0,1
DATA,596000,-0.151549,0.988450,97.5,0.657,0.000,6.858,22.9,1.757,33.6,20.9,0,0,1,0,0,0,0,0,1
DATA,598000,-0.151404,0.988472,97.5,0.658,0.000,6.860,23.0,1.757,33.6,20.9,0,0,1,0,0,0,0,0,1
DATA,600000,-0.151261,0.988494,97.5,0.658,0.000,6.859,22.9,1.757,33.6,20.9,0,0,1,0,0,0,0,0,1
DATA,602000,-0.151117,0.988516,97.5,0.658,0.000,6.859,22.9,1.757,33.6,20.9,0,0,1,0,0,0,0,0,1
DATA,604000,-0.150973,0.988538,97.5,0.658,0.000,6.858,22.9,1.757,33.6,20.9,0,0,1,0,0,0,0,0,1
DATA,606000,-0.150829,0.988560,97.5,0.658,0.000,6.861,23.0,1.757,33.6,20.9,0,0,1,0,0,0,0,0,1
DATA,608000,-0.150685,0.988582,97.5,0.657,0.000,6.858,22.9,1.757,33.6,20.9,0,0,1,0,0,0,0,0,1
DATA,610000,-0.150542,0.988604,97.5,0.658,0.000,6.859,22.9,1.757,33.6,20.9,0,0,1,0,0,0,0,0,1
DATA,612000,-0.150397,0.988626,97.5,0.657,0.000,6.858,22.9,1.757,33.5,20.9,0,0,1,0,0,0,0,0,1
DATA,614000,-0.150254,0.988647,97.5,0.657,0.000,6.859,23.0,1.757,33.5,20.9,0,0,1,0,0,0,0,0,1
DATA,616000,-0.150110,0.988669,97.5,0.658,0.000,6.857,22.9,1.757,33.5,20.9,0,0,1,0,0,0,0,0,1
DATA,618000,-0.149967,0.988691,97.5,0.657,0.000,6.856,22.8,1.757,33.5,20.9,0,0,1,0,0,0,0,0,1
DATA,620000,-0.149822,0.988713,97.5,0.658,0.000,6.857,22.9,1.757,33.4,20.9,0,0,1,0,0,0,0,0,1
DATA,622000,-0.149679,0.988735,97.5,0.658,0.000,6.856,22.8,1.757,33.4,20.9,0,0,1,0,0,0,0,0,1
DATA,624000,-0.149535,0.988756,97.5,0.658,0.000,6.859,22.9,1.757,33.4,20.9,0,0,1,0,0,0,0,0,1
DATA,626000,-0.149392,0.988778,97.5,0.658,0.000,6.858,22.9,1.757,33.4,20.9,0,0,1,0,0,0,0,0,1
DATA,628000,-0.149247,0.988800,97.5,0.659,0.000,6.857,22.9,1.757,33.4,20.9,0,0,1,0,0,0,0,0,1
DATA,630000,-0.149104,0.988822,97.5,0.660,0.000,6.858,22.9,1.757,33.4,20.9,0,0,1,0,0,0,0,0,1
DATA,632000,-0.148960,0.988843,97.5,0.660,0.000,6.856,22.8,1.757,33.4,20.9,0,0,1,0,0,0,0,0,1
DATA,634000,-0.148816,0.988865,97.5,0.661,0.000,6.857,22.9,1.757,33.3,20.9,0,0,1,0,0,0,0,0,1
DATA,636000,-0.148672,0.988887,97.5,0.660,0.000,6.857,22.9,1.757,33.3,20.9,0,0,1,0,0,0,0,0,1
DATA,638000,-0.148529,0.988908,97.5,0.660,0.000,6.857,22.8,1.757,33.3,20.9,0,0,1,0,0,0,0,0,1
DATA,640000,-0.148385,0.988930,97.5,0.660,0.000,6.857,22.9,1.757,33.3,20.9,0,0,1,0,0,0,0,0,1
DATA,642000,-0.148241,0.988951,97.5,0.659,0.000,6.855,22.8,1.757,33.3,20.9,0,0,1,0,0,0,0,0,1
DATA,644000,-0.148097,0.988973,97.5,0.659,0.000,6.856,22.8,1.757,33.3,20.9,0,0,1,0,0,0,0,0,1
DATA,646000,-0.147953,0.988994,97.5,0.659,0.000,6.857,22.8,1.757,33.3,20.9,0,0,1,0,0,0,0,0,1
DATA,648000,-0.147809,0.989016,97.5,0.659,0.000,6.855,22.7,1.757,33.3,20.9,0,0,1,0,0,0,0,0,1
DATA,650000,-0.147666,0.989037,97.5,0.659,0.000,6.855,22.7,1.757,33.3,20.9,0,0,1,0,0,0,0,0,1
DATA,652000,-0.147521,0.989059,97.5,0.659,0.000,6.855,22.7,1.757,33.3,20.9,0,0,1,0,0,0,0,0,1
DATA,654000,-0.147378,0.989080,97.5,0.659,0.000,6.852,22.6,1.757,33.2,20.9,0,0,1,0,0,0,0,0,1
DATA,656000,-0.147234,0.989102,97.5,0.659,0.000,6.855,22.7,1.757,33.2,20.9,0,0,1,0,0,0,0,0,1
DATA,658000,-0.147090,0.989123,97.5,0.659,0.000,6.851,22.5,1.757,33.2,20.9,0,0,1,0,0,0,0,0,1
DATA,660000,-0.146946,0.989145,97.5,0.659,0.000,6.853,22.6,1.757,33.2,20.9,0,0,1,0,0,0,0,0,1
DATA,662000,-0.146802,0.989166,97.5,0.659,0.000,6.853,22.6,1.757,33.2,20.9,0,0,1,0,0,0,0,0,1
DATA,664000,-0.146658,0.989187,97.5,0.659,0.000,6.854,22.7,1.757,33.1,20.5,0,0,1,0,0,0,0,0,1
DATA,666000,-0.146515,0.989209,97.5,0.659,0.000,6.852,22.6,1.757,33.1,20.5,0,0,1,0,0,0,0,0,1
DATA,668000,-0.146370,0.989230,97.5,0.659,0.000,6.853,22.7,1.757,33.1,20.5,0,0,1,0,0,0,0,0,1
DATA,670000,-0.146227,0.989251,97.5,0.659,0.000,6.852,22.6,1.757,33.1,20.5,0,0,1,0,0,0,0,0,1
DATA,672000,-0.146083,0.989272,97.5,0.660,0.000,6.852,22.6,1.757,33.1,20.5,0,0,1,0,0,0,0,0,1
DATA,674000,-0.145939,0.989294,97.5,0.660,0.000,6.852,22.6,1.757,33.1,20.5,0,0,1,0,0,0,0,0,1
DATA,676000,-0.145795,0.989315,97.5,0.660,0.000,6.854,22.7,1.757,33.1,20.5,0,0,1,0,0,0,0,0,1
DATA,678000,-0.145651,0.989336,97.5,0.660,0.000,6.851,22.6,1.757,33.0,20.5,0,0,1,0,0,0,0,0,1
DATA,680000,-0.145507,0.989357,97.5,0.660,0.000,6.850,22.5,1.757,33.0,20.5,0,0,1,0,0,0,0,0,1
DATA,682000,-0.145364,0.989378,97.5,0.660,0.000,6.848,22.4,1.757,33.0,20.5,0,0,1,0,0,0,0,0,1
DATA,684000,-0.145219,0.989399,97.5,0.660,0.000,6.851,22.5,1.757,33.0,20.5,0,0,1,0,0,0,0,0,1
DATA,686000,-0.145075,0.989421,97.5,0.660,0.000,6.851,22.6,1.757,33.0,20.5,0,0,1,0,0,0,0,0,1
DATA,688000,-0.144931,0.989442,97.5,0.660,0.000,6.851,22.6,1.757,33.0,20.5,0,0,1,0,0,0,0,0,1
DATA,690000,-0.144788,0.989463,97.5,0.660,0.000,6.851,22.5,1.757,32.9,20.5,0,0,1,0,0,0,0,0,1
DATA,692000,-0.144644,0.989484,97.5,0.661,0.000,6.850,22.5,1.757,32.9,20.5,0,0,1,0,0,0,0,0,1
DATA,694000,-0.144500,0.989505,97.5,0.661,0.000,6.850,22.5,1.757,32.9,20.5,0,0,1,0,0,0,0,0,1
DATA,696000,-0.144356,0.989526,97.5,0.660,0.000,6.851,22.5,1.757,32.9,20.5,0,0,1,0,0,0,0,0,1
DATA,698000,-0.144212,0.989547,97.5,0.660,0.000,6.851,22.5,1.757,32.9,20.5,0,0,1,0,0,0,0,0,1
DATA,700000,-0.144068,0.989568,97.5,0.659,0.000,6.851,22.6,1.757,32.9,20.5,0,0,1,0,0,0,0,0,1
DATA,702000,-0.143924,0.989589,97.5,0.658,0.000,6.850,22.5,1.757,32.9,20.5,0,0,1,0,0,0,0,0,1
DATA,704000,-0.143780,0.989610,97.5,0.658,0.000,6.848,22.4,1.757,32.9,20.5,0,0,1,0,0,0,0,0,1
DATA,706000,-0.143637,0.989630,97.5,0.658,0.000,6.850,22.5,1.757,32.8,20.5,0,0,1,0,0,0,0,0,1
DATA,708000,-0.143492,0.989651,97.5,0.658,0.000,6.847,22.4,1.757,32.8,20.5,0,0,1,0,0,0,0,0,1
DATA,710000,-0.143348,0.989672,97.5,0.658,0.000,6.847,22.3,1.757,32.8,20.5,0,0,1,0,0,0,0,0,1
DATA,712000,-0.143204,0.989693,97.5,0.657,0.000,6.847,22.3,1.757,32.8,20.5,0,0,1,0,0,0,0,0,1
DATA,714000,-0.143061,0.989714,97.5,0.657,0.000,6.846,22.3,1.757,32.7,20.5,0,0,1,0,0,0,0,0,1
DATA,716000,-0.142917,0.989735,97.5,0.656,0.000,6.847,22.4,1.757,32.7,20.5,0,0,1,0,0,0,0,0,1
DATA,718000,-0.142773,0.989756,97.5,0.657,0.000,6.847,22.3,1.757,32.7,20.5,0,0,1,0,0,0,0,0,1
DATA,720000,-0.142629,0.989776,97.5,0.657,0.000,6.846,22.3,1.757,32.7,20.5,0,0,1,0,0,0,0,0,1
DATA,722000,-0.142485,0.989797,97.5,0.657,0.000,6.845,22.3,1.757,32.7,20.5,0,0,1,0,0,0,0,0,1
DATA,724000,-0.142341,0.989818,97.5,0.658,0.000,6.845,22.3,1.757,32.7,20.5,0,0,1,0,0,0,0,0,1
DATA,726000,-0.142197,0.989838,94.2,0.659,0.000,6.843,22.1,1.757,32.7,20.5,0,0,1,0,0,0,0,0,1
DATA,728000,-0.142053,0.989859,95.0,0.659,0.000,6.842,22.1,1.757,32.6,20.5,0,0,1,0,0,0,0,0,1
DATA,730000,-0.141908,0.989880,96.7,0.659,0.000,6.847,22.3,1.757,32.7,20.5,0,0,1,0,0,0,0,0,1
DATA,732000,-0.141765,0.989900,97.5,0.659,0.000,6.845,22.2,1.757,32.6,20.5,0,0,1,0,0,0,0,0,1
DATA,734000,-0.141621,0.989921,97.5,0.659,0.000,6.845,22.3,1.757,32.6,20.5,0,0,1,0,0,0,0,0,1
DATA,736000,-0.141477,0.989941,97.5,0.660,0.000,6.845,22.3,1.757,32.6,20.5,0,0,1,0,0,0,0,0,1
DATA,738000,-0.141333,0.989962,97.5,0.660,0.000,6.842,22.1,1.757,32.6,20.5,0,0,1,0,0,0,0,0,1
DATA,740000,-0.141189,0.989983,97.5,0.659,0.000,6.845,22.2,1.757,32.6,20.5,0,0,1,0,0,0,0,0,1
DATA,742000,-0.141045,0.990003,94.2,0.658,0.000,6.843,22.1,1.757,32.6,20.5,0,0,1,0,0,0,0,0,1
DATA,744000,-0.140902,0.990024,65.8,0.658,0.000,6.844,22.2,1.757,32.6,20.5,0,0,1,0,0,0,0,0,1
DATA,746000,-0.140757,0.990044,87.5,0.658,0.000,6.845,22.2,1.757,32.5,20.5,0,0,1,0,0,0,0,0,1
DATA,748000,-0.140613,0.990065,95.8,0.659,0.000,6.845,22.2,1.757,32.5,20.5,0,0,1,0,0,0,0,0,1
DATA,750000,-0.140469,0.990085,95.0,0.659,0.000,6.845,22.2,1.757,32.5,20.5,0,0,1,0,0,0,0,0,1
DATA,752000,-0.140325,0.990105,90.0,0.659,0.000,6.842,22.1,1.757,32.5,20.5,0,0,1,0,0,0,0,0,1
DATA,754000,-0.140181,0.990126,88.3,0.658,0.000,6.844,22.2,1.757,32.4,20.5,0,0,1,0,0,0,0,0,1
DATA,756000,-0.140037,0.990146,93.3,0.658,0.000,6.843,22.2,1.757,32.4,20.5,0,0,1,0,0,0,0,0,1
DATA,758000,-0.139893,0.990167,93.3,0.657,0.000,6.842,22.1,1.757,32.4,20.5,0,0,1,0,0,0,0,0,1
DATA,760000,-0.139749,0.990187,90.8,0.657,0.000,6.844,22.2,1.757,32.4,20.5,0,0,1,0,0,0,0,0,1
DATA,762000,-0.139605,0.990207,96.7,0.657,0.000,6.843,22.1,1.757,32.4,20.5,0,0,1,0,0,0,0,0,1
DATA,764000,-0.139461,0.990228,97.5,0.657,0.000,6.843,22.1,1.757,32.4,20.5,0,0,1,0,0,0,0,0,1
DATA,766000,-0.139317,0.990248,97.5,0.657,0.000,6.843,22.1,1.757,32.4,20.5,0,0,1,0,0,0,0,0,1
DATA,768000,-0.139173,0.990268,97.5,0.657,0.000,6.843,22.2,1.757,32.4,20.5,0,0,1,0,0,0,0,0,1
DATA,770000,-0.139029,0.990288,97.5,0.657,0.000,6.844,22.2,1.757,32.3,20.5,0,0,1,0,0,0,0,0,1
DATA,772000,-0.138885,0.990309,97.5,0.658,0.000,6.841,22.1,1.757,32.3,20.5,0,0,1,0,0,0,0,0,1
DATA,774000,-0.138741,0.990329,97.5,0.658,0.000,6.840,22.0,1.757,32.3,20.5,0,0,1,0,0,0,0,0,1
DATA,776000,-0.138597,0.990349,97.5,0.658,0.000,6.843,22.1,1.757,32.3,20.5,0,0,1,0,0,0,0,0,1
DATA,778000,-0.138452,0.990369,97.5,0.658,0.000,6.844,22.2,1.757,32.3,20.5,0,0,1,0,0,0,0,0,1
DATA,780000,-0.138309,0.990389,97.5,0.658,0.000,6.842,22.1,1.757,32.3,20.5,0,0,1,0,0,0,0,0,1
DATA,782000,-0.138164,0.990409,97.5,0.658,0.000,6.840,22.0,1.757,32.3,20.5,0,0,1,0,0,0,0,0,1
DATA,784000,-0.138021,0.990429,97.5,0.659,0.000,6.840,22.0,1.757,32.3,20.5,0,0,1,0,0,0,0,0,1
DATA,786000,-0.137876,0.990449,97.5,0.659,0.000,6.841,22.1,1.757,32.3,20.5,0,0,1,0,0,0,0,0,1
DATA,788000,-0.137733,0.990469,97.5,0.660,0.000,6.840,22.0,1.757,32.2,20.5,0,0,1,0,0,0,0,0,1
DATA,790000,-0.137588,0.990490,97.5,0.660,0.000,6.841,22.0,1.757,32.2,20.5,0,0,1,0,0,0,0,0,1
DATA,792000,-0.137445,0.990509,97.5,0.660,0.000,6.839,22.0,1.757,32.2,20.5,0,0,1,0,0,0,0,0,1
DATA,794000,-0.137300,0.990529,97.5,0.659,0.000,6.839,21.9,1.757,32.2,20.5,0,0,1,0,0,0,0,0,1
DATA,796000,-0.137156,0.990549,97.5,0.660,0.000,6.839,21.9,1.757,32.2,20.5,0,0,1,0,0,0,0,0,1
DATA,798000,-0.137012,0.990569,97.5,0.660,0.000,6.838,21.9,1.757,32.1,20.5,0,0,1,0,0,0,0,0,1
DATA,800000,-0.136868,0.990589,97.5,0.660,0.000,6.838,21.9,1.757,32.1,20.5,0,0,1,0,0,0,0,0,1
DATA,802000,-0.136724,0.990609,97.5,0.660,0.000,6.838,21.9,1.757,32.1,20.5,0,0,1,0,0,0,0,0,1
DATA,804000,-0.136580,0.990629,97.5,0.660,0.000,6.840,22.0,1.757,32.1,20.5,0,0,1,0,0,0,0,0,1
DATA,806000,-0.136436,0.990649,97.5,0.659,0.000,6.838,21.9,1.757,32.1,20.5,0,0,1,0,0,0,0,0,1
DATA,808000,-0.136292,0.990669,97.5,0.660,0.000,6.839,21.9,1.757,32.1,20.5,0,0,1,0,0,0,0,0,1
DATA,810000,-0.136148,0.990689,97.5,0.658,0.000,6.834,21.7,1.757,32.1,20.5,0,0,1,0,0,0,0,0,1
DATA,812000,-0.136003,0.990708,97.5,0.658,0.000,6.836,21.8,1.757,32.0,20.5,0,0,1,0,0,0,0,0,1
DATA,814000,-0.135859,0.990728,97.5,0.658,0.000,6.838,21.9,1.757,32.0,20.5,0,0,1,0,0,0,0,0,1
DATA,816000,-0.135716,0.990748,97.5,0.657,0.000,6.836,21.8,1.757,32.0,20.5,0,0,1,0,0,0,0,0,1
DATA,818000,-0.135571,0.990768,97.5,0.658,0.000,6.837,21.8,1.757,32.0,20.5,0,0,1,0,0,0,0,0,1
DATA,820000,-0.135427,0.990787,97.5,0.658,0.000,6.837,21.9,1.757,32.0,20.5,0,0,1,0,0,0,0,0,1
DATA,822000,-0.135283,0.990807,97.5,0.658,0.000,6.837,21.8,1.757,31.9,20.5,0,0,1,0,0,0,0,0,1
DATA,824000,-0.135139,0.990827,97.5,0.658,0.000,6.835,21.7,1.757,31.9,20.5,0,0,1,0,0,0,0,0,1
DATA,826000,-0.134995,0.990846,97.5,0.658,0.000,6.834,21.7,1.757,31.9,20.5,0,0,1,0,0,0,0,0,1
DATA,828000,-0.134851,0.990866,97.5,0.658,0.000,6.836,21.8,1.757,31.9,20.5,0,0,1,0,0,0,0,0,1
DATA,830000,-0.134707,0.990886,97.5,0.658,0.000,6.836,21.8,1.757,31.9,20.5,0,0,1,0,0,0,0,0,1
DATA,832000,-0.134563,0.990905,97.5,0.658,0.000,6.833,21.7,1.757,31.9,20.5,0,0,1,0,0,0,0,0,1
DATA,834000,-0.134418,0.990925,97.5,0.657,0.000,6.831,21.6,1.757,31.9,20.5,0,0,1,0,0,0,0,0,1
DATA,836000,-0.134274,0.990944,97.5,0.657,0.000,6.835,21.7,1.757,31.9,20.5,0,0,1,0,0,0,0,0,1
DATA,838000,-0.134130,0.990964,97.5,0.658,0.000,6.833,21.6,1.757,31.9,20.5,0,0,1,0,0,0,0,0,1
DATA,840000,-0.133986,0.990983,97.5,0.657,0.000,6.826,21.3,1.757,31.8,20.5,0,0,1,0,0,0,0,0,1
DATA,842000,-0.133842,0.991003,97.5,0.656,0.000,6.822,21.1,1.757,31.8,20.5,0,0,1,0,0,0,0,0,1
DATA,844000,-0.133698,0.991022,97.5,0.655,0.000,6.825,21.3,1.757,31.7,20.5,0,0,1,0,0,0,0,0,1
DATA,846000,-0.133554,0.991042,97.5,0.654,0.000,6.830,21.5,1.757,31.8,20.5,0,0,1,0,0,0,0,0,1
DATA,848000,-0.133409,0.991061,97.5,0.655,0.000,6.828,21.4,1.757,31.7,20.5,0,0,1,0,0,0,0,0,1
DATA,850000,-0.133265,0.991080,97.5,0.657,0.000,6.831,21.6,1.757,31.7,20.5,0,0,1,0,0,0,0,0,1
DATA,852000,-0.133121,0.991100,97.5,0.658,0.000,6.828,21.4,1.757,31.7,20.5,0,0,1,0,0,0,0,0,1
DATA,854000,-0.132977,0.991119,97.5,0.659,0.000,6.833,21.6,1.757,31.7,20.5,0,0,1,0,0,0,0,0,1
DATA,856000,-0.132832,0.991139,97.5,0.658,0.000,6.824,21.2,1.757,31.7,20.5,0,0,1,0,0,0,0,0,1
DATA,858000,-0.132689,0.991158,97.5,0.658,0.000,6.827,21.4,1.757,31.7,20.5,0,0,1,0,0,0,0,0,1
DATA,860000,-0.132545,0.991177,97.5,0.659,0.000,6.829,21.5,1.757,31.7,20.5,0,0,1,0,0,0,0,0,1
DATA,862000,-0.132400,0.991196,97.5,0.658,0.000,6.829,21.5,1.757,31.7,20.5,0,0,1,0,0,0,0,0,1
DATA,864000,-0.132256,0.991216,97.5,0.660,0.000,6.830,21.5,1.757,31.6,20.5,0,0,1,0,0,0,0,0,1
DATA,866000,-0.132112,0.991235,97.5,0.660,0.000,6.831,21.6,1.757,31.6,20.5,0,0,1,0,0,0,0,0,1
DATA,868000,-0.131968,0.991254,97.5,0.660,0.000,6.830,21.5,1.757,31.6,20.5,0,0,1,0,0,0,0,0,1
DATA,870000,-0.131824,0.991273,97.5,0.660,0.000,6.829,21.5,1.757,31.6,20.5,0,0,1,0,0,0,0,0,1
DATA,872000,-0.131679,0.991292,97.5,0.659,0.000,6.827,21.4,1.757,31.6,20.5,0,0,1,0,0,0,0,0,1
DATA,874000,-0.131536,0.991311,97.5,0.658,0.000,6.825,21.2,1.757,31.6,20.5,0,0,1,0,0,0,0,0,1
DATA,876000,-0.131391,0.991331,97.5,0.657,0.000,6.828,21.4,1.757,31.6,20.5,0,0,1,0,0,0,0,0,1
DATA,878000,-0.131247,0.991350,97.5,0.657,0.000,6.827,21.4,1.757,31.6,20.5,0,0,1,0,0,0,0,0,1
DATA,880000,-0.131103,0.991369,97.5,0.656,0.000,6.825,21.2,1.756,31.6,20.5,0,0,1,0,0,0,0,0,1
DATA,882000,-0.130959,0.991388,97.5,0.656,0.000,6.826,21.3,1.756,31.5,20.5,0,0,1,0,0,0,0,0,1
DATA,884000,-0.130815,0.991407,97.5,0.655,0.000,6.822,21.1,1.756,31.5,20.5,0,0,1,0,0,0,0,0,1
DATA,886000,-0.130670,0.991426,97.5,0.655,0.000,6.821,21.1,1.756,31.5,20.5,0,0,1,0,0,0,0,0,1
DATA,888000,-0.130526,0.991445,97.5,0.655,0.000,6.824,21.2,1.756,31.4,20.5,0,0,1,0,0,0,0,0,1
DATA,890000,-0.130382,0.991464,97.5,0.654,0.000,6.826,21.3,1.757,31.5,20.5,0,0,1,0,0,0,0,0,1
DATA,892000,-0.130237,0.991483,97.5,0.655,0.000,6.828,21.4,1.757,31.4,20.5,0,0,1,0,0,0,0,0,1
DATA,894000,-0.130094,0.991502,97.5,0.656,0.000,6.827,21.4,1.757,31.4,20.5,0,0,1,0,0,0,0,0,1
DATA,896000,-0.129949,0.991521,97.5,0.655,0.000,6.826,21.3,1.757,31.4,20.5,0,0,1,0,0,0,0,0,1
DATA,898000,-0.129805,0.991540,97.5,0.656,0.000,6.828,21.4,1.757,31.4,20.5,0,0,1,0,0,0,0,0,1
DATA,900000,-0.129661,0.991558,97.5,0.657,0.000,6.829,21.4,1.757,31.4,20.5,0,0,1,0,0,0,0,0,1
DATA,902000,-0.129517,0.991577,97.5,0.657,0.000,6.826,21.3,1.757,31.4,20.5,0,0,1,0,0,0,0,0,1
DATA,904000,-0.129372,0.991596,97.5,0.657,0.000,6.825,21.3,1.757,31.3,20.5,0,0,1,0,0,0,0,0,1
DATA,906000,-0.129228,0.991615,97.5,0.658,0.000,6.827,21.4,1.757,31.3,20.5,0,0,1,0,0,0,0,0,1
DATA,908000,-0.129084,0.991634,97.5,0.657,0.000,6.823,21.1,1.757,31.4,20.5,0,0,1,0,0,0,0,0,1
DATA,910000,-0.128940,0.991652,97.5,0.656,0.000,6.824,21.2,1.757,31.3,20.5,0,0,1,0,0,0,0,0,1
DATA,912000,-0.128795,0.991671,97.5,0.656,0.000,6.822,21.1,1.757,31.3,20.5,0,0,1,0,0,0,0,0,1
DATA,914000,-0.128651,0.991690,97.5,0.655,0.000,6.822,21.1,1.757,31.3,20.5,0,0,1,0,0,0,0,0,1
DATA,916000,-0.128507,0.991709,97.5,0.656,0.000,6.821,21.0,1.757,31.3,20.5,0,0,1,0,0,0,0,0,1
DATA,918000,-0.128363,0.991727,97.5,0.656,0.000,6.822,21.1,1.757,31.2,20.5,0,0,1,0,0,0,0,0,1
DATA,920000,-0.128218,0.991746,97.5,0.656,0.000,6.819,21.0,1.757,31.2,20.5,0,0,1,0,0,0,0,0,1
DATA,922000,-0.128074,0.991765,97.5,0.656,0.000,6.821,21.0,1.757,31.2,20.1,0,0,1,0,0,0,0,0,1
DATA,924000,-0.127930,0.991783,97.5,0.656,0.000,6.821,21.0,1.757,31.2,20.1,0,0,1,0,0,0,0,0,1
DATA,926000,-0.127786,0.991802,97.5,0.656,0.000,6.821,21.0,1.757,31.2,20.1,0,0,1,0,0,0,0,0,1
DATA,928000,-0.127641,0.991820,97.5,0.656,0.000,6.821,21.1,1.757,31.1,20.1,0,0,1,0,0,0,0,0,1
DATA,930000,-0.127497,0.991839,97.5,0.657,0.000,6.824,21.2,1.757,31.2,20.1,0,0,1,0,0,0,0,0,1
DATA,932000,-0.127353,0.991857,97.5,0.656,0.000,6.819,21.0,1.757,31.2,20.1,0,0,1,0,0,0,0,0,1
DATA,934000,-0.127209,0.991876,97.5,0.657,0.000,6.823,21.1,1.757,31.1,20.1,0,0,1,0,0,0,0,0,1
DATA,936000,-0.127064,0.991895,97.5,0.657,0.000,6.821,21.0,1.757,31.1,20.1,0,0,1,0,0,0,0,0,1
DATA,938000,-0.126920,0.991913,97.5,0.657,0.000,6.819,21.0,1.757,31.1,20.1,0,0,1,0,0,0,0,0,1
DATA,940000,-0.126776,0.991931,97.5,0.657,0.000,6.820,21.0,1.757,31.1,20.1,0,0,1,0,0,0,0,0,1
DATA,942000,-0.126632,0.991950,97.5,0.656,0.000,6.818,20.9,1.757,31.1,20.1,0,0,1,0,0,0,0,0,1
DATA,944000,-0.126487,0.991968,97.5,0.656,0.000,6.817,20.8,1.757,31.1,20.1,0,0,1,0,0,0,0,0,1
DATA,946000,-0.126343,0.991987,97.5,0.656,0.000,6.821,21.1,1.757,31.1,20.1,0,0,1,0,0,0,0,0,1
DATA,948000,-0.126199,0.992005,97.5,0.656,0.000,6.818,20.9,1.757,31.1,20.1,0,0,1,0,0,0,0,0,1
DATA,950000,-0.126055,0.992023,97.5,0.657,0.000,6.820,21.0,1.757,31.0,20.1,0,0,1,0,0,0,0,0,1
DATA,952000,-0.125910,0.992042,97.5,0.656,0.000,6.822,21.1,1.756,31.0,20.1,0,0,1,0,0,0,0,0,1
DATA,954000,-0.125766,0.992060,97.5,0.657,0.000,6.822,21.1,1.756,31.0,20.1,0,0,1,0,0,0,0,0,1
DATA,956000,-0.125622,0.992078,97.5,0.657,0.000,6.817,20.8,1.756,31.0,20.1,0,0,1,0,0,0,0,0,1
DATA,958000,-0.125478,0.992096,97.5,0.657,0.000,6.819,20.9,1.756,31.0,20.1,0,0,1,0,0,0,0,0,1
DATA,960000,-0.125333,0.992115,97.5,0.657,0.000,6.820,21.0,1.756,31.0,20.1,0,0,1,0,0,0,0,0,1
DATA,962000,-0.125189,0.992133,97.5,0.657,0.000,6.813,20.6,1.757,30.9,20.1,0,0,1,0,0,0,0,0,1
DATA,964000,-0.125045,0.992151,97.5,0.656,0.000,6.811,20.6,1.757,30.9,20.1,0,0,1,0,0,0,0,0,1
DATA,966000,-0.124900,0.992169,97.5,0.656,0.000,6.817,20.9,1.757,30.9,20.1,0,0,1,0,0,0,0,0,1
DATA,968000,-0.124755,0.992188,97.5,0.656,0.000,6.816,20.8,1.757,30.9,20.1,0,0,1,0,0,0,0,0,1
DATA,970000,-0.124612,0.992206,97.5,0.657,0.000,6.817,20.8,1.757,30.9,20.1,0,0,1,0,0,0,0,0,1
DATA,972000,-0.124467,0.992224,97.5,0.658,0.000,6.817,20.9,1.757,30.9,20.1,0,0,1,0,0,0,0,0,1
DATA,974000,-0.124323,0.992242,97.5,0.659,0.000,6.817,20.9,1.757,30.9,20.1,0,0,1,0,0,0,0,0,1
DATA,976000,-0.124179,0.992260,97.5,0.659,0.000,6.819,20.9,1.757,30.8,20.1,0,0,1,0,0,0,0,0,1
DATA,978000,-0.124034,0.992278,97.5,0.659,0.000,6.816,20.8,1.757,30.8,20.1,0,0,1,0,0,0,0,0,1
DATA,980000,-0.123890,0.992296,97.5,0.659,0.000,6.820,21.0,1.757,30.8,20.1,0,0,1,0,0,0,0,0,1
DATA,982000,-0.123745,0.992314,97.5,0.659,0.000,6.819,21.0,1.757,30.8,20.1,0,0,1,0,0,0,0,0,1
DATA,984000,-0.123601,0.992332,97.5,0.659,0.000,6.819,21.0,1.757,30.8,20.1,0,0,1,0,0,0,0,0,1
DATA,986000,-0.123457,0.992350,97.5,0.659,0.000,6.815,20.8,1.757,30.7,20.1,0,0,1,0,0,0,0,0,1
DATA,988000,-0.123313,0.992368,97.5,0.659,0.000,6.816,20.8,1.757,30.7,20.1,0,0,1,0,0,0,0,0,1
DATA,990000,-0.123168,0.992386,97.5,0.658,0.000,6.818,20.9,1.757,30.7,20.1,0,0,1,0,0,0,0,0,1
DATA,992000,-0.123024,0.992404,97.5,0.658,0.000,6.816,20.8,1.757,30.7,20.1,0,0,1,0,0,0,0,0,1
DATA,994000,-0.122880,0.992422,97.5,0.658,0.000,6.816,20.8,1.757,30.7,20.1,0,0,1,0,0,0,0,0,1
DATA,996000,-0.122735,0.992439,97.5,0.659,0.000,6.817,20.9,1.757,30.7,20.1,0,0,1,0,0,0,0,0,1
DATA,998000,-0.122591,0.992457,97.5,0.659,0.000,6.815,20.7,1.757,30.6,20.1,0,0,1,0,0,0,0,0,1
DATA,1000000,-0.122447,0.992475,97.5,0.658,0.000,6.818,20.9,1.757,30.7,20.1,0,0,1,0,0,0,0,0,1
DATA,1002000,-0.122302,0.992493,97.5,0.659,0.000,6.815,20.8,1.757,30.6,20.1,0,0,1,0,0,0,0,0,1
DATA,1004000,-0.122158,0.992511,97.5,0.659,0.000,6.816,20.8,1.757,30.6,20.1,0,0,1,0,0,0,0,0,1
DATA,1006000,-0.122013,0.992528,97.5,0.659,0.000,6.816,20.8,1.757,30.6,20.1,0,0,1,0,0,0,0,0,1
DATA,1008000,-0.121869,0.992546,97.5,0.659,0.000,6.814,20.7,1.757,30.6,20.1,0,0,1,0,0,0,0,0,1
DATA,1010000,-0.121725,0.992564,97.5,0.659,0.000,6.815,20.7,1.757,30.6,20.1,0,0,1,0,0,0,0,0,1
DATA,1012000,-0.121581,0.992582,97.5,0.659,0.000,6.815,20.7,1.756,30.6,20.1,0,0,1,0,0,0,0,0,1
DATA,1014000,-0.121436,0.992599,97.5,0.660,0.000,6.814,20.7,1.756,30.6,20.1,0,0,1,0,0,0,0,0,1
DATA,1016000,-0.121292,0.992617,97.5,0.660,0.000,6.811,20.6,1.756,30.6,20.1,0,0,1,0,0,0,0,0,1
DATA,1018000,-0.121147,0.992635,97.5,0.660,0.000,6.816,20.8,1.756,30.6,20.1,0,0,1,0,0,0,0,0,1
DATA,1020000,-0.121003,0.992652,97.5,0.661,0.000,6.814,20.7,1.757,30.6,20.1,0,0,1,0,0,0,0,0,1
DATA,1022000,-0.120858,0.992670,97.5,0.661,0.000,6.813,20.7,1.757,30.5,20.1,0,0,1,0,0,0,0,0,1
DATA,1024000,-0.120715,0.992687,97.5,0.661,0.000,6.813,20.6,1.757,30.5,20.1,0,0,1,0,0,0,0,0,1
DATA,1026000,-0.120570,0.992705,97.5,0.661,0.000,6.815,20.8,1.757,30.5,20.1,0,0,1,0,0,0,0,0,1
DATA,1028000,-0.120426,0.992722,97.5,0.660,0.000,6.814,20.7,1.757,30.4,20.1,0,0,1,0,0,0,0,0,1
DATA,1030000,-0.120281,0.992740,97.5,0.659,0.000,6.813,20.6,1.757,30.4,20.1,0,0,1,0,0,0,0,0,1
DATA,1032000,-0.120137,0.992757,97.5,0.660,0.000,6.813,20.7,1.757,30.4,20.1,0,0,1,0,0,0,0,0,1
DATA,1034000,-0.119992,0.992775,97.5,0.659,0.000,6.813,20.6,1.757,30.4,20.1,0,0,1,0,0,0,0,0,1
DATA,1036000,-0.119848,0.992792,97.5,0.660,0.000,6.810,20.5,1.757,30.4,20.1,0,0,1,0,0,0,0,0,1
DATA,1038000,-0.119703,0.992810,97.5,0.660,0.000,6.810,20.5,1.757,30.4,20.1,0,0,1,0,0,0,0,0,1
DATA,1040000,-0.119559,0.992827,97.5,0.660,0.000,6.810,20.5,1.757,30.4,20.1,0,0,1,0,0,0,0,0,1
DATA,1042000,-0.119415,0.992844,97.5,0.661,0.000,6.810,20.5,1.757,30.4,20.1,0,0,1,0,0,0,0,0,1
DATA,1044000,-0.119271,0.992862,97.5,0.660,0.000,6.808,20.4,1.757,30.3,20.1,0,0,1,0,0,0,0,0,1
DATA,1046000,-0.119126,0.992879,97.5,0.659,0.000,6.810,20.5,1.757,30.3,20.1,0,0,1,0,0,0,0,0,1
DATA,1048000,-0.118981,0.992896,97.5,0.659,0.000,6.810,20.5,1.757,30.3,20.1,0,0,1,0,0,0,0,0,1
DATA,1050000,-0.118837,0.992914,97.5,0.659,0.000,6.809,20.4,1.757,30.3,20.1,0,0,1,0,0,0,0,0,1
DATA,1052000,-0.118693,0.992931,97.5,0.659,0.000,6.809,20.4,1.757,30.3,20.1,0,0,1,0,0,0,0,0,1
DATA,1054000,-0.118548,0.992948,97.5,0.659,0.000,6.810,20.5,1.757,30.3,20.1,0,0,1,0,0,0,0,0,1
DATA,1056000,-0.118404,0.992966,97.5,0.659,0.000,6.809,20.5,1.757,30.2,19.8,0,0,1,0,0,0,0,0,1
DATA,1058000,-0.118259,0.992983,97.5,0.659,0.000,6.810,20.5,1.757,30.2,19.8,0,0,1,0,0,0,0,0,1
DATA,1060000,-0.118115,0.993000,97.5,0.659,0.000,6.807,20.3,1.755,30.2,19.8,0,0,1,0,0,0,0,0,1
DATA,1062000,-0.117970,0.993017,97.5,0.658,0.000,6.808,20.4,1.755,30.2,19.8,0,0,1,0,0,0,0,0,1
DATA,1064000,-0.117826,0.993034,97.5,0.657,0.000,6.808,20.4,1.754,30.2,19.8,0,0,1,0,0,0,0,0,1
DATA,1066000,-0.117682,0.993051,97.5,0.657,0.000,6.808,20.4,1.753,30.2,19.8,0,0,1,0,0,0,0,0,1
DATA,1068000,-0.117538,0.993068,97.5,0.657,0.000,6.806,20.3,1.755,30.2,19.8,0,0,1,0,0,0,0,0,1
DATA,1070000,-0.117392,0.993086,97.5,0.657,0.000,6.807,20.4,1.755,30.2,19.8,0,0,1,0,0,0,0,0,1
DATA,1072000,-0.117248,0.993103,97.5,0.658,0.000,6.807,20.4,1.755,30.1,19.8,0,0,1,0,0,0,0,0,1
DATA,1074000,-0.117104,0.993120,97.5,0.657,0.000,6.806,20.3,1.755,30.1,19.8,0,0,1,0,0,0,0,0,1
DATA,1076000,-0.116960,0.993137,97.5,0.657,0.000,6.807,20.3,1.755,30.1,19.8,0,0,1,0,0,0,0,0,1
DATA,1078000,-0.116815,0.993154,97.5,0.657,0.000,6.807,20.4,1.754,30.1,19.8,0,0,1,0,0,0,0,0,1
DATA,1080000,-0.116671,0.993171,97.5,0.657,0.000,6.808,20.4,1.754,30.1,19.8,0,0,1,0,0,0,0,0,1
DATA,1082000,-0.116526,0.993188,97.5,0.657,0.000,6.808,20.4,1.755,30.1,19.8,0,0,1,0,0,0,0,0,1
DATA,1084000,-0.116381,0.993205,97.5,0.657,0.000,6.806,20.3,1.755,30.1,19.8,0,0,1,0,0,0,0,0,1
DATA,1086000,-0.116237,0.993222,97.5,0.657,0.000,6.807,20.4,1.755,30.1,19.8,0,0,1,0,0,0,0,0,1
DATA,1088000,-0.116093,0.993238,96.7,0.656,0.000,6.807,20.3,1.755,30.0,19.8,0,0,1,0,0,0,0,0,1
DATA,1090000,-0.115948,0.993255,97.5,0.655,0.000,6.796,19.7,1.754,30.1,19.8,0,0,1,0,0,0,0,0,1
DATA,1092000,-0.115803,0.993272,96.7,0.654,0.000,6.805,20.2,1.753,30.0,19.8,0,0,1,0,0,0,0,0,1
DATA,1094000,-0.115659,0.993289,95.0,0.654,0.000,6.805,20.2,1.753,30.0,19.8,0,0,1,0,0,0,0,0,1
DATA,1096000,-0.115515,0.993306,95.8,0.654,0.000,6.803,20.1,1.753,30.0,19.8,0,0,1,0,0,0,0,0,1
DATA,1098000,-0.115371,0.993322,95.8,0.655,0.000,6.802,20.1,1.754,29.9,19.8,0,0,1,0,0,0,0,0,1
DATA,1100000,-0.115226,0.993339,95.8,0.656,0.000,6.802,20.1,1.754,29.9,19.8,0,0,1,0,0,0,0,0,1
DATA,1102000,-0.115081,0.993356,88.3,0.656,0.000,6.802,20.1,1.754,29.9,19.8,0,0,1,0,0,0,0,0,1
DATA,1104000,-0.114937,0.993373,91.7,0.656,0.000,6.802,20.1,1.754,29.9,19.8,0,0,1,0,0,0,0,0,1
DATA,1106000,-0.114793,0.993389,97.5,0.655,0.000,6.799,19.9,1.754,29.9,19.8,0,0,1,0,0,0,0,0,1
DATA,1108000,-0.114648,0.993406,97.5,0.655,0.000,6.803,20.1,1.755,29.9,19.8,0,0,1,0,0,0,0,0,1
DATA,1110000,-0.114503,0.993423,97.5,0.656,0.000,6.802,20.1,1.755,29.9,19.8,0,0,1,0,0,0,0,0,1
DATA,1112000,-0.114359,0.993439,97.5,0.657,0.000,6.803,20.1,1.756,29.9,19.8,0,0,1,0,0,0,0,0,1
DATA,1114000,-0.114215,0.993456,97.5,0.658,0.000,6.802,20.1,1.756,29.9,19.8,0,0,1,0,0,0,0,0,1
DATA,1116000,-0.114070,0.993473,97.5,0.659,0.000,6.799,19.9,1.756,29.9,19.8,0,0,1,0,0,0,0,0,1
DATA,1118000,-0.113925,0.993489,97.5,0.658,0.000,6.802,20.1,1.755,29.8,19.8,0,0,1,0,0,0,0,0,1
DATA,1120000,-0.113781,0.993506,97.5,0.658,0.000,6.801,20.0,1.755,29.8,19.8,0,0,1,0,0,0,0,0,1
DATA,1122000,-0.113637,0.993522,97.5,0.658,0.000,6.800,20.0,1.755,29.8,19.8,0,0,1,0,0,0,0,0,1
DATA,1124000,-0.113492,0.993539,97.5,0.658,0.000,6.800,20.0,1.755,29.8,19.8,0,0,1,0,0,0,0,0,1
DATA,1126000,-0.113347,0.993555,97.5,0.658,0.000,6.799,19.9,1.756,29.7,19.8,0,0,1,0,0,0,0,0,1
DATA,1128000,-0.113203,0.993572,97.5,0.658,0.000,6.800,20.0,1.757,29.7,19.8,0,0,1,0,0,0,0,0,1
DATA,1130000,-0.113059,0.993588,97.5,0.659,0.000,6.802,20.1,1.757,29.7,19.8,0,0,1,0,0,0,0,0,1
DATA,1132000,-0.112914,0.993605,97.5,0.659,0.000,6.799,19.9,1.757,29.7,19.8,0,0,1,0,0,0,0,0,1
DATA,1134000,-0.112769,0.993621,97.5,0.659,0.000,6.799,19.9,1.756,29.7,19.8,0,0,1,0,0,0,0,0,1
DATA,1136000,-0.112625,0.993638,97.5,0.659,0.000,6.798,19.9,1.756,29.7,19.8,0,0,1,0,0,0,0,0,1
DATA,1138000,-0.112481,0.993654,97.5,0.659,0.000,6.798,19.9,1.756,29.7,19.8,0,0,1,0,0,0,0,0,1
DATA,1140000,-0.112336,0.993670,97.5,0.659,0.000,6.799,19.9,1.756,29.6,19.8,0,0,1,0,0,0,0,0,1
DATA,1142000,-0.112192,0.993687,97.5,0.660,0.000,6.797,19.8,1.757,29.6,19.8,0,0,1,0,0,0,0,0,1
DATA,1144000,-0.112047,0.993703,97.5,0.660,0.000,6.797,19.8,1.757,29.6,19.8,0,0,1,0,0,0,0,0,1
DATA,1146000,-0.111903,0.993719,97.5,0.658,0.000,6.793,19.5,1.756,29.6,19.8,0,0,1,0,0,0,0,0,1
DATA,1148000,-0.111758,0.993735,97.5,0.658,0.000,6.797,19.8,1.755,29.6,19.8,0,0,1,0,0,0,0,0,1
DATA,1150000,-0.111613,0.993752,97.5,0.658,0.000,6.793,19.6,1.755,29.6,19.8,0,0,1,0,0,0,0,0,1
DATA,1152000,-0.111469,0.993768,97.5,0.657,0.000,6.797,19.8,1.755,29.6,19.8,0,0,1,0,0,0,0,0,1
DATA,1154000,-0.111325,0.993784,97.5,0.658,0.000,6.791,19.4,1.755,29.6,19.8,0,0,1,0,0,0,0,0,1
DATA,1156000,-0.111180,0.993800,97.5,0.657,0.000,6.795,19.7,1.755,29.5,19.8,0,0,1,0,0,0,0,0,1
DATA,1158000,-0.111035,0.993816,97.5,0.658,0.000,6.795,19.7,1.755,29.5,19.8,0,0,1,0,0,0,0,0,1
DATA,1160000,-0.110891,0.993833,97.5,0.658,0.000,6.798,19.9,1.755,29.5,19.8,0,0,1,0,0,0,0,0,1
DATA,1162000,-0.110746,0.993849,97.5,0.658,0.000,6.796,19.7,1.755,29.5,19.8,0,0,1,0,0,0,0,0,1
DATA,1164000,-0.110601,0.993865,97.5,0.658,0.000,6.796,19.7,1.757,29.5,19.8,0,0,1,0,0,0,0,0,1
DATA,1166000,-0.110457,0.993881,97.5,0.658,0.000,6.793,19.6,1.756,29.5,19.8,0,0,1,0,0,0,0,0,1
DATA,1168000,-0.110312,0.993897,97.5,0.658,0.000,6.797,19.8,1.755,29.4,19.8,0,0,1,0,0,0,0,0,1
DATA,1170000,-0.110168,0.993913,97.5,0.658,0.000,6.797,19.8,1.755,29.4,19.8,0,0,1,0,0,0,0,0,1
DATA,1172000,-0.110023,0.993929,97.5,0.658,0.000,6.794,19.6,1.753,29.4,19.8,0,0,1,0,0,0,0,0,1
DATA,1174000,-0.109879,0.993945,97.5,0.657,0.000,6.794,19.6,1.753,29.4,19.8,0,0,1,0,0,0,0,0,1
DATA,1176000,-0.109734,0.993961,97.5,0.658,0.000,6.795,19.6,1.754,29.4,19.8,0,0,1,0,0,0,0,0,1
DATA,1178000,-0.109590,0.993977,97.5,0.657,0.000,6.792,19.5,1.754,29.4,19.6,0,0,1,0,0,0,0,0,1
DATA,1180000,-0.109445,0.993993,97.5,0.658,0.000,6.793,19.5,1.755,29.4,19.6,0,0,1,0,0,0,0,0,1
DATA,1182000,-0.109301,0.994009,97.5,0.657,0.000,6.793,19.5,1.755,29.3,19.6,0,0,1,0,0,0,0,0,1
DATA,1184000,-0.109156,0.994025,96.7,0.657,0.000,6.793,19.5,1.755,29.3,19.6,0,0,1,0,0,0,0,0,1
DATA,1186000,-0.109012,0.994040,96.7,0.658,0.000,6.792,19.4,1.755,29.3,19.6,0,0,1,0,0,0,0,0,1
DATA,1188000,-0.108866,0.994056,96.7,0.657,0.000,6.792,19.4,1.756,29.3,19.6,0,0,1,0,0,0,0,0,1
DATA,1190000,-0.108722,0.994072,96.7,0.658,0.000,6.792,19.4,1.756,29.2,19.6,0,0,1,0,0,0,0,0,1
DATA,1192000,-0.108578,0.994088,96.7,0.658,0.000,6.792,19.5,1.755,29.3,19.6,0,0,1,0,0,0,0,0,1
DATA,1194000,-0.108434,0.994104,96.7,0.658,0.000,6.791,19.4,1.755,29.2,19.6,0,0,1,0,0,0,0,0,1
DATA,1196000,-0.108288,0.994120,96.7,0.658,0.000,6.792,19.4,1.755,29.2,19.6,0,0,1,0,0,0,0,0,1
DATA,1198000,-0.108144,0.994135,96.7,0.658,0.000,6.790,19.4,1.755,29.2,19.6,0,0,1,0,0,0,0,0,1
DATA,1200000,-0.107999,0.994151,96.7,0.658,0.000,6.792,19.5,1.756,29.2,19.6,0,0,1,0,0,0,0,0,1
DATA,1202000,-0.107854,0.994167,96.7,0.659,0.000,6.789,19.3,1.756,29.2,19.6,0,0,1,0,0,0,0,0,1
DATA,1204000,-0.107710,0.994182,96.7,0.658,0.000,6.790,19.4,1.755,29.2,19.6,0,0,1,0,0,0,0,0,1
DATA,1206000,-0.107566,0.994198,97.5,0.658,0.000,6.790,19.3,1.755,29.2,19.6,0,0,1,0,0,0,0,0,1
DATA,1208000,-0.107421,0.994214,97.5,0.658,0.000,6.787,19.2,1.755,29.1,19.6,0,0,1,0,0,0,0,0,1
DATA,1210000,-0.107276,0.994229,97.5,0.658,0.000,6.785,19.0,1.755,29.1,19.6,0,0,1,0,0,0,0,0,1
DATA,1212000,-0.107131,0.994245,97.5,0.658,0.000,6.786,19.1,1.755,29.1,19.6,0,0,1,0,0,0,0,0,1
DATA,1214000,-0.106987,0.994260,97.5,0.658,0.000,6.789,19.3,1.755,29.1,19.6,0,0,1,0,0,0,0,0,1
DATA,1216000,-0.106843,0.994276,96.7,0.658,0.000,6.788,19.2,1.755,29.1,19.6,0,0,1,0,0,0,0,0,1
DATA,1218000,-0.106697,0.994292,95.8,0.657,0.000,6.789,19.2,1.757,29.1,19.6,0,0,1,0,0,0,0,0,1
DATA,1220000,-0.106553,0.994307,95.0,0.658,0.000,6.789,19.3,1.757,29.1,19.6,0,0,1,0,0,0,0,0,1
DATA,1222000,-0.106409,0.994322,90.0,0.657,0.000,6.786,19.1,1.756,29.1,19.6,0,0,1,0,0,0,0,0,1
DATA,1224000,-0.106263,0.994338,93.3,0.657,0.000,6.787,19.1,1.756,29.1,19.6,0,0,1,0,0,0,0,0,1
DATA,1226000,-0.106119,0.994353,95.8,0.657,0.000,6.788,19.2,1.756,29.0,19.6,0,0,1,0,0,0,0,0,1
DATA,1228000,-0.105974,0.994369,95.0,0.657,0.000,6.788,19.2,1.756,29.0,19.6,0,0,1,0,0,0,0,0,1
DATA,1230000,-0.105830,0.994384,95.0,0.658,0.000,6.785,19.0,1.756,28.9,19.6,0,0,1,0,0,0,0,0,1
DATA,1232000,-0.105686,0.994400,95.0,0.658,0.000,6.788,19.2,1.756,29.0,19.6,0,0,1,0,0,0,0,0,1
DATA,1234000,-0.105541,0.994415,95.0,0.658,0.000,6.786,19.1,1.756,28.9,19.6,0,0,1,0,0,0,0,0,1
DATA,1236000,-0.105396,0.994430,95.0,0.658,0.000,6.789,19.3,1.756,28.9,19.6,0,0,1,0,0,0,0,0,1
DATA,1238000,-0.105252,0.994446,95.0,0.657,0.000,6.786,19.1,1.757,28.9,19.6,0,0,1,0,0,0,0,0,1
DATA,1240000,-0.105107,0.994461,95.0,0.657,0.000,6.785,19.0,1.757,28.9,19.6,0,0,1,0,0,0,0,0,1
DATA,1242000,-0.104962,0.994476,95.0,0.657,0.000,6.787,19.1,1.757,28.9,19.6,0,0,1,0,0,0,0,0,1
DATA,1244000,-0.104817,0.994491,95.0,0.657,0.000,6.783,18.9,1.756,28.9,19.6,0,0,1,0,0,0,0,0,1
DATA,1246000,-0.104673,0.994507,95.0,0.658,0.000,6.786,19.1,1.756,28.9,19.6,0,0,1,0,0,0,0,0,1
DATA,1248000,-0.104529,0.994522,95.0,0.658,0.000,6.784,19.0,1.755,28.9,19.6,0,0,1,0,0,0,0,0,1
DATA,1250000,-0.104384,0.994537,95.0,0.657,0.000,6.782,18.8,1.755,28.9,19.6,0,0,1,0,0,0,0,0,1
DATA,1252000,-0.104239,0.994552,95.0,0.656,0.000,6.786,19.0,1.755,28.9,19.6,0,0,1,0,0,0,0,0,1
DATA,1254000,-0.104094,0.994567,95.0,0.656,0.000,6.780,18.7,1.755,28.8,19.6,0,0,1,0,0,0,0,0,1
DATA,1256000,-0.103950,0.994583,95.0,0.656,0.000,6.783,18.9,1.755,28.8,19.6,0,0,1,0,0,0,0,0,1
DATA,1258000,-0.103805,0.994598,95.0,0.656,0.000,6.786,19.1,1.755,28.8,19.6,0,0,1,0,0,0,0,0,1
DATA,1260000,-0.103660,0.994613,95.0,0.657,0.000,6.783,18.9,1.755,28.8,19.6,0,0,1,0,0,0,0,0,1
DATA,1262000,-0.103516,0.994628,95.0,0.656,0.000,6.779,18.6,1.755,28.7,19.6,0,0,1,0,0,0,0,0,1
DATA,1264000,-0.103371,0.994643,94.2,0.657,0.000,6.782,18.8,1.755,28.7,19.6,0,0,1,0,0,0,0,0,1
DATA,1266000,-0.103226,0.994658,95.8,0.657,0.000,6.781,18.7,1.755,28.7,19.6,0,0,1,0,0,0,0,0,1
DATA,1268000,-0.103082,0.994673,93.3,0.657,0.000,6.780,18.7,1.755,28.7,19.6,0,0,1,0,0,0,0,0,1
DATA,1270000,-0.102937,0.994688,93.3,0.657,0.000,6.781,18.7,1.756,28.7,19.6,0,0,1,0,0,0,0,0,1
DATA,1272000,-0.102793,0.994703,93.3,0.657,0.000,6.777,18.4,1.757,28.7,19.6,0,0,1,0,0,0,0,0,1
DATA,1274000,-0.102648,0.994718,93.3,0.656,0.000,6.780,18.7,1.756,28.7,19.6,0,0,1,0,0,0,0,0,1
DATA,1276000,-0.102503,0.994733,93.3,0.656,0.000,6.778,18.5,1.755,28.6,19.6,0,0,1,0,0,0,0,0,1
DATA,1278000,-0.102358,0.994748,93.3,0.656,0.000,6.777,18.5,1.755,28.6,19.6,0,0,1,0,0,0,0,0,1
DATA,1280000,-0.102214,0.994762,93.3,0.657,0.000,6.780,18.7,1.755,28.7,19.6,0,0,1,0,0,0,0,0,1
DATA,1282000,-0.102069,0.994777,93.3,0.658,0.000,6.779,18.6,1.755,28.6,19.6,0,0,1,0,0,0,0,0,1
DATA,1284000,-0.101924,0.994792,95.8,0.658,0.000,6.776,18.4,1.756,28.6,19.6,0,0,1,0,0,0,0,0,1
DATA,1286000,-0.101780,0.994807,93.3,0.659,0.000,6.778,18.5,1.757,28.6,19.6,0,0,1,0,0,0,0,0,1
DATA,1288000,-0.101635,0.994822,83.3,0.657,0.000,6.774,18.3,1.756,28.6,19.6,0,0,1,0,0,0,0,0,1
DATA,1290000,-0.101490,0.994837,84.2,0.656,0.000,6.772,18.2,1.755,28.6,19.6,0,0,1,0,0,0,0,0,1
DATA,1292000,-0.101346,0.994851,94.2,0.657,0.000,6.781,18.7,1.755,28.5,19.6,0,0,1,0,0,0,0,0,1
DATA,1294000,-0.101201,0.994866,94.2,0.656,0.000,6.777,18.4,1.755,28.5,19.3,0,0,1,0,0,0,0,0,1
DATA,1296000,-0.101057,0.994881,95.0,0.656,0.000,6.775,18.3,1.753,28.5,19.3,0,0,1,0,0,0,0,0,1
DATA,1298000,-0.100911,0.994895,95.8,0.657,0.000,6.772,18.1,1.755,28.5,19.3,0,0,1,0,0,0,0,0,1
DATA,1300000,-0.100767,0.994910,95.8,0.655,0.000,6.774,18.3,1.753,28.5,19.3,0,0,1,0,0,0,0,0,1
DATA,1302000,-0.100622,0.994925,85.0,0.655,0.000,6.777,18.5,1.753,28.4,19.3,0,0,1,0,0,0,0,0,1
DATA,1304000,-0.100478,0.994939,74.2,0.655,0.000,6.778,18.5,1.754,28.5,19.3,0,0,1,0,0,0,0,0,1
DATA,1306000,-0.100332,0.994954,80.0,0.655,0.000,6.776,18.4,1.752,28.4,19.3,0,0,1,0,0,0,0,0,1
DATA,1308000,-0.100188,0.994969,73.3,0.657,0.000,6.778,18.5,1.754,28.4,19.3,0,0,1,0,0,0,0,0,1
DATA,1310000,-0.100043,0.994983,66.7,0.657,0.000,6.776,18.4,1.754,28.4,19.3,0,0,1,0,0,0,0,0,1
DATA,1312000,-0.099899,0.994998,64.2,0.657,0.000,6.777,18.4,1.755,28.4,19.3,0,0,1,0,0,0,0,0,1
DATA,1314000,-0.099753,0.995012,58.3,0.658,0.000,6.772,18.1,1.756,28.4,19.3,0,0,1,0,0,0,0,0,1
DATA,1316000,-0.099609,0.995027,56.7,0.659,0.000,6.773,18.2,1.756,28.4,19.3,0,0,1,0,0,0,0,0,1
DATA,1318000,-0.099464,0.995041,62.5,0.658,0.000,6.773,18.2,1.755,28.4,19.3,0,0,1,0,0,0,0,0,1
DATA,1320000,-0.099319,0.995056,81.7,0.657,0.000,6.770,18.0,1.754,28.3,19.3,0,0,1,0,0,0,0,0,1
DATA,1322000,-0.099175,0.995070,61.7,0.657,0.000,6.769,17.9,1.754,28.3,19.3,0,0,1,0,0,0,0,0,1
DATA,1324000,-0.099030,0.995084,71.7,0.656,0.000,6.764,17.6,1.753,28.3,19.3,0,0,1,0,0,0,0,0,1
DATA,1326000,-0.098886,0.995099,90.0,0.657,0.000,6.769,17.9,1.755,28.3,19.3,0,0,1,0,0,0,0,0,1
DATA,1328000,-0.098740,0.995113,90.0,0.659,0.000,6.771,18.1,1.756,28.3,19.3,0,0,1,0,0,0,0,0,1
DATA,1330000,-0.098596,0.995128,93.3,0.659,0.000,6.772,18.2,1.756,28.2,19.3,0,0,1,0,0,0,0,0,1
DATA,1332000,-0.098451,0.995142,87.5,0.660,0.000,6.769,17.9,1.756,28.2,19.3,0,0,1,0,0,0,0,0,1
DATA,1334000,-0.098307,0.995156,96.7,0.659,0.000,6.769,17.9,1.755,28.2,19.3,0,0,1,0,0,0,0,0,1
DATA,1336000,-0.098162,0.995170,97.5,0.658,0.000,6.771,18.1,1.755,28.2,19.3,0,0,1,0,0,0,0,0,1
DATA,1338000,-0.098017,0.995185,96.7,0.657,0.000,6.767,17.8,1.755,28.2,19.3,0,0,1,0,0,0,0,0,1
DATA,1340000,-0.097873,0.995199,96.7,0.658,0.000,6.772,18.2,1.756,28.2,19.3,0,0,1,0,0,0,0,0,1
DATA,1342000,-0.097727,0.995213,96.7,0.658,0.000,6.766,17.7,1.757,28.2,19.3,0,0,1,0,0,0,0,0,1
DATA,1344000,-0.097583,0.995227,95.0,0.659,0.000,6.765,17.6,1.757,28.2,19.3,0,0,1,0,0,0,0,0,1
DATA,1346000,-0.097438,0.995242,96.7,0.659,0.000,6.770,18.0,1.757,28.2,19.3,0,0,1,0,0,0,0,0,1
DATA,1348000,-0.097294,0.995256,96.7,0.659,0.000,6.771,18.1,1.757,28.1,19.3,0,0,1,0,0,0,0,0,1
DATA,1350000,-0.097148,0.995270,96.7,0.658,0.000,6.768,17.9,1.756,28.1,19.3,0,0,1,0,0,0,0,0,1
DATA,1352000,-0.097004,0.995284,94.2,0.658,0.000,6.768,17.8,1.756,28.1,19.3,0,0,1,0,0,0,0,0,1
DATA,1354000,-0.096859,0.995298,94.2,0.657,0.000,6.763,17.5,1.755,28.1,19.3,0,0,1,0,0,0,0,0,1
DATA,1356000,-0.096715,0.995312,94.2,0.657,0.000,6.766,17.7,1.755,28.1,19.3,0,0,1,0,0,0,0,0,1
DATA,1358000,-0.096569,0.995326,94.2,0.658,0.000,6.769,17.9,1.755,28.1,19.3,0,0,1,0,0,0,0,0,1
DATA,1360000,-0.096425,0.995340,94.2,0.658,0.000,6.766,17.7,1.755,28.1,19.3,0,0,1,0,0,0,0,0,1
DATA,1362000,-0.096280,0.995354,94.2,0.658,0.000,6.765,17.7,1.755,28.0,19.3,0,0,1,0,0,0,0,0,1
DATA,1364000,-0.096135,0.995368,85.0,0.657,0.000,6.766,17.7,1.755,28.1,19.3,0,0,1,0,0,0,0,0,1
DATA,1366000,-0.095990,0.995382,95.8,0.657,0.000,6.765,17.7,1.756,28.0,19.3,0,0,1,0,0,0,0,0,1
DATA,1368000,-0.095846,0.995396,95.8,0.656,0.000,6.764,17.6,1.755,28.0,19.3,0,0,1,0,0,0,0,0,1
DATA,1370000,-0.095701,0.995410,80.0,0.656,0.000,6.765,17.6,1.755,28.0,19.3,0,0,1,0,0,0,0,0,1
DATA,1372000,-0.095556,0.995424,93.3,0.654,0.000,6.762,17.5,1.753,27.9,19.3,0,0,1,0,0,0,0,0,1
DATA,1374000,-0.095411,0.995438,77.5,0.655,0.000,6.765,17.7,1.753,27.9,19.3,0,0,1,0,0,0,0,0,1
DATA,1376000,-0.095266,0.995452,70.0,0.656,0.000,6.767,17.8,1.755,27.9,19.3,0,0,1,0,0,0,0,0,1
DATA,1378000,-0.095122,0.995466,69.2,0.657,0.000,6.765,17.7,1.755,27.9,19.3,0,0,1,0,0,0,0,0,1
DATA,1380000,-0.094977,0.995479,91.7,0.657,0.000,6.764,17.6,1.755,27.9,19.3,0,0,1,0,0,0,0,0,1
DATA,1382000,-0.094832,0.995493,95.8,0.657,0.000,6.763,17.5,1.755,27.9,19.3,0,0,1,0,0,0,0,0,1
DATA,1384000,-0.094687,0.995507,97.5,0.655,0.000,6.761,17.4,1.753,27.9,19.3,0,0,1,0,0,0,0,0,1
DATA,1386000,-0.094543,0.995521,97.5,0.656,0.000,6.763,17.5,1.752,27.9,19.3,0,0,1,0,0,0,0,0,1
DATA,1388000,-0.094398,0.995535,97.5,0.655,0.000,6.762,17.5,1.752,27.9,19.3,0,0,1,0,0,0,0,0,1
DATA,1390000,-0.094252,0.995548,97.5,0.655,0.000,6.764,17.6,1.753,27.8,19.3,0,0,1,0,0,0,0,0,1
DATA,1392000,-0.094108,0.995562,97.5,0.655,0.000,6.763,17.6,1.754,27.9,19.3,0,0,1,0,0,0,0,0,1
DATA,1394000,-0.093963,0.995576,97.5,0.655,0.000,6.759,17.3,1.754,27.8,19.3,0,0,1,0,0,0,0,0,1
DATA,1396000,-0.093819,0.995589,97.5,0.656,0.000,6.758,17.2,1.754,27.8,19.3,0,0,1,0,0,0,0,0,1
DATA,1398000,-0.093674,0.995603,97.5,0.657,0.000,6.762,17.4,1.753,27.8,19.3,0,0,1,0,0,0,0,0,1
DATA,1400000,-0.093529,0.995617,97.5,0.657,0.000,6.761,17.4,1.753,27.7,19.3,0,0,1,0,0,0,0,0,1
DATA,1402000,-0.093384,0.995630,97.5,0.657,0.000,6.762,17.5,1.755,27.7,19.3,0,0,1,0,0,0,0,0,1
DATA,1404000,-0.093239,0.995644,97.5,0.657,0.000,6.761,17.4,1.755,27.7,19.1,0,0,1,0,0,0,0,0,1
DATA,1406000,-0.093095,0.995657,96.7,0.657,0.000,6.761,17.4,1.755,27.7,19.1,0,0,1,0,0,0,0,0,1
DATA,1408000,-0.092950,0.995671,97.5,0.657,0.000,6.761,17.4,1.756,27.7,19.1,0,0,1,0,0,0,0,0,1
DATA,1410000,-0.092805,0.995684,96.7,0.658,0.000,6.763,17.6,1.755,27.7,19.1,0,0,1,0,0,0,0,0,1
DATA,1412000,-0.092660,0.995698,96.7,0.659,0.000,6.760,17.3,1.756,27.7,19.1,0,0,1,0,0,0,0,0,1
DATA,1414000,-0.092516,0.995711,96.7,0.659,0.000,6.760,17.4,1.755,27.6,19.1,0,0,1,0,0,0,0,0,1
DATA,1416000,-0.092370,0.995725,96.7,0.658,0.000,6.758,17.2,1.755,27.7,19.1,0,0,1,0,0,0,0,0,1
DATA,1418000,-0.092226,0.995738,96.7,0.658,0.000,6.758,17.2,1.756,27.6,19.1,0,0,1,0,0,0,0,0,1
DATA,1420000,-0.092081,0.995752,96.7,0.657,0.000,6.759,17.3,1.756,27.6,19.1,0,0,1,0,0,0,0,0,1
DATA,1422000,-0.091937,0.995765,96.7,0.657,0.000,6.759,17.3,1.757,27.6,19.1,0,0,1,0,0,0,0,0,1
DATA,1424000,-0.091791,0.995778,96.7,0.656,0.000,6.757,17.1,1.756,27.6,19.1,0,0,1,0,0,0,0,0,1
DATA,1426000,-0.091646,0.995792,96.7,0.657,0.000,6.758,17.2,1.756,27.6,19.1,0,0,1,0,0,0,0,0,1
DATA,1428000,-0.091502,0.995805,96.7,0.656,0.000,6.756,17.0,1.755,27.6,19.1,0,0,1,0,0,0,0,0,1
DATA,1430000,-0.091357,0.995818,96.7,0.656,0.000,6.757,17.1,1.755,27.6,19.1,0,0,1,0,0,0,0,0,1
DATA,1432000,-0.091212,0.995832,97.5,0.656,0.000,6.756,17.1,1.755,27.6,19.1,0,0,1,0,0,0,0,0,1
DATA,1434000,-0.091067,0.995845,97.5,0.656,0.000,6.756,17.1,1.754,27.6,19.1,0,0,1,0,0,0,0,0,1
DATA,1436000,-0.090922,0.995858,97.5,0.656,0.000,6.755,17.0,1.753,27.5,19.1,0,0,1,0,0,0,0,0,1
DATA,1438000,-0.090777,0.995871,97.5,0.657,0.000,6.756,17.1,1.753,27.5,19.1,0,0,1,0,0,0,0,0,1
DATA,1440000,-0.090632,0.995884,96.7,0.657,0.000,6.754,16.9,1.753,27.5,19.1,0,0,1,0,0,0,0,0,1
DATA,1442000,-0.090488,0.995898,97.5,0.656,0.000,6.753,16.9,1.753,27.5,19.1,0,0,1,0,0,0,0,0,1
DATA,1444000,-0.090343,0.995911,97.5,0.656,0.000,6.753,16.9,1.754,27.4,19.1,0,0,1,0,0,0,0,0,1
DATA,1446000,-0.090198,0.995924,96.7,0.655,0.000,6.757,17.1,1.754,27.4,19.1,0,0,1,0,0,0,0,0,1
DATA,1448000,-0.090053,0.995937,96.7,0.656,0.000,6.757,17.1,1.755,27.4,19.1,0,0,1,0,0,0,0,0,1
DATA,1450000,-0.089908,0.995950,97.5,0.656,0.000,6.753,16.9,1.755,27.4,19.1,0,0,1,0,0,0,0,0,1
DATA,1452000,-0.089764,0.995963,96.7,0.657,0.000,6.756,17.1,1.755,27.4,19.1,0,0,1,0,0,0,0,0,1
DATA,1454000,-0.089618,0.995976,97.5,0.657,0.000,6.754,16.9,1.755,27.4,19.1,0,0,1,0,0,0,0,0,1
DATA,1456000,-0.089473,0.995989,97.5,0.657,0.000,6.753,16.9,1.755,27.4,19.1,0,0,1,0,0,0,0,0,1
DATA,1458000,-0.089329,0.996002,97.5,0.657,0.000,6.755,17.0,1.755,27.4,19.1,0,0,1,0,0,0,0,0,1
DATA,1460000,-0.089183,0.996015,97.5,0.657,0.000,6.754,17.0,1.755,27.3,19.1,0,0,1,0,0,0,0,0,1
DATA,1462000,-0.089039,0.996028,97.5,0.657,0.000,6.752,16.8,1.755,27.3,19.1,0,0,1,0,0,0,0,0,1
DATA,1464000,-0.088894,0.996041,97.5,0.657,0.000,6.754,16.9,1.754,27.3,19.1,0,0,1,0,0,0,0,0,1
DATA,1466000,-0.088750,0.996054,97.5,0.658,0.000,6.754,16.9,1.755,27.3,19.1,0,0,1,0,0,0,0,0,1
DATA,1468000,-0.088604,0.996067,97.5,0.658,0.000,6.753,16.9,1.755,27.3,19.1,0,0,1,0,0,0,0,0,1
DATA,1470000,-0.088459,0.996080,97.5,0.658,0.000,6.753,16.8,1.755,27.2,19.1,0,0,1,0,0,0,0,0,1
DATA,1472000,-0.088315,0.996093,97.5,0.658,0.000,6.752,16.8,1.755,27.2,19.1,0,0,1,0,0,0,0,0,1
DATA,1474000,-0.088170,0.996105,97.5,0.658,0.000,6.750,16.7,1.755,27.2,19.1,0,0,1,0,0,0,0,0,1
DATA,1476000,-0.088024,0.996118,97.5,0.659,0.000,6.751,16.7,1.755,27.2,19.1,0,0,1,0,0,0,0,0,1
DATA,1478000,-0.087880,0.996131,97.5,0.659,0.000,6.751,16.7,1.755,27.2,19.1,0,0,1,0,0,0,0,0,1
DATA,1480000,-0.087735,0.996144,97.5,0.658,0.000,6.750,16.7,1.755,27.2,19.1,0,0,1,0,0,0,0,0,1
DATA,1482000,-0.087590,0.996157,97.5,0.659,0.000,6.749,16.6,1.755,27.2,19.1,0,0,1,0,0,0,0,0,1
DATA,1484000,-0.087445,0.996169,96.7,0.658,0.000,6.749,16.6,1.755,27.2,19.1,0,0,1,0,0,0,0,0,1
DATA,1486000,-0.087300,0.996182,96.7,0.659,0.000,6.749,16.6,1.755,27.2,19.1,0,0,1,0,0,0,0,0,1
DATA,1488000,-0.087156,0.996195,96.7,0.659,0.000,6.749,16.6,1.755,27.2,19.1,0,0,1,0,0,0,0,0,1
DATA,1490000,-0.087011,0.996207,96.7,0.660,0.000,6.750,16.6,1.756,27.1,19.1,0,0,1,0,0,0,0,0,1
DATA,1492000,-0.086865,0.996220,97.5,0.660,0.000,6.748,16.6,1.757,27.1,19.1,0,0,1,0,0,0,0,0,1
DATA,1494000,-0.086721,0.996233,97.5,0.660,0.000,6.747,16.4,1.757,27.1,19.1,0,0,1,0,0,0,0,0,1
DATA,1496000,-0.086576,0.996245,96.7,0.661,0.000,6.748,16.5,1.757,27.1,19.1,0,0,1,0,0,0,0,0,1
DATA,1498000,-0.086431,0.996258,96.7,0.661,0.000,6.748,16.5,1.757,27.1,19.1,0,0,1,0,0,0,0,0,1
DATA,1500000,-0.086286,0.996270,97.5,0.660,0.000,6.745,16.4,1.757,27.1,19.1,0,0,1,0,0,0,0,0,1
DATA,1502000,-0.086141,0.996283,96.7,0.660,0.000,6.746,16.4,1.757,27.1,19.1,0,0,1,0,0,0,0,0,1
DATA,1504000,-0.085996,0.996295,97.5,0.660,0.000,6.746,16.4,1.757,27.1,19.1,0,0,1,0,0,0,0,0,1
DATA,1506000,-0.085852,0.996308,97.5,0.660,0.000,6.744,16.3,1.757,27.0,19.1,0,0,1,0,0,0,0,0,1
DATA,1508000,-0.085706,0.996320,97.5,0.661,0.000,6.745,16.4,1.757,27.0,19.1,0,0,1,0,0,0,0,0,1
DATA,1510000,-0.085562,0.996333,96.7,0.661,0.000,6.745,16.3,1.757,27.0,18.8,0,0,1,0,0,0,0,0,1
DATA,1512000,-0.085417,0.996345,96.7,0.661,0.000,6.745,16.3,1.757,27.0,18.8,0,0,1,0,0,0,0,0,1
DATA,1514000,-0.085272,0.996358,96.7,0.661,0.000,6.744,16.2,1.756,27.0,18.8,0,0,1,0,0,0,0,0,1
DATA,1516000,-0.085127,0.996370,97.5,0.661,0.000,6.744,16.3,1.756,26.9,18.8,0,0,1,0,0,0,0,0,1
DATA,1518000,-0.084982,0.996382,97.5,0.661,0.000,6.745,16.3,1.756,26.9,18.8,0,0,1,0,0,0,0,0,1
DATA,1520000,-0.084837,0.996395,97.5,0.660,0.000,6.744,16.3,1.756,26.9,18.8,0,0,1,0,0,0,0,0,1
DATA,1522000,-0.084692,0.996407,97.5,0.661,0.000,6.745,16.3,1.757,26.9,18.8,0,0,1,0,0,0,0,0,1
DATA,1524000,-0.084547,0.996419,97.5,0.660,0.000,6.741,16.1,1.756,26.9,18.8,0,0,1,0,0,0,0,0,1
DATA,1526000,-0.084402,0.996432,97.5,0.660,0.000,6.744,16.2,1.756,26.9,18.8,0,0,1,0,0,0,0,0,1
DATA,1528000,-0.084258,0.996444,96.7,0.660,0.000,6.743,16.2,1.756,26.9,18.8,0,0,1,0,0,0,0,0,1
DATA,1530000,-0.084113,0.996456,96.7,0.660,0.000,6.743,16.2,1.755,26.9,18.8,0,0,1,0,0,0,0,0,1
DATA,1532000,-0.083967,0.996469,97.5,0.660,0.000,6.744,16.3,1.755,26.8,18.8,0,0,1,0,0,0,0,0,1
DATA,1534000,-0.083822,0.996481,97.5,0.660,0.000,6.741,16.1,1.755,26.8,18.8,0,0,1,0,0,0,0,0,1
DATA,1536000,-0.083678,0.996493,96.7,0.659,0.000,6.737,15.8,1.753,26.8,18.8,0,0,1,0,0,0,0,0,1
DATA,1538000,-0.083533,0.996505,96.7,0.659,0.000,6.741,16.1,1.754,26.8,18.8,0,0,1,0,0,0,0,0,1
DATA,1540000,-0.083388,0.996517,96.7,0.659,0.000,6.741,16.1,1.754,26.7,18.8,0,0,1,0,0,0,0,0,1
DATA,1542000,-0.083243,0.996529,96.7,0.659,0.000,6.741,16.1,1.754,26.7,18.8,0,0,1,0,0,0,0,0,1
DATA,1544000,-0.083098,0.996541,96.7,0.659,0.000,6.740,16.0,1.754,26.7,18.8,0,0,1,0,0,0,0,0,1
DATA,1546000,-0.082953,0.996553,96.7,0.659,0.000,6.740,16.0,1.753,26.7,18.8,0,0,1,0,0,0,0,0,1
DATA,1548000,-0.082808,0.996566,97.5,0.659,0.000,6.738,15.9,1.753,26.7,18.8,0,0,1,0,0,0,0,0,1
DATA,1550000,-0.082663,0.996578,97.5,0.658,0.000,6.739,15.9,1.753,26.7,18.8,0,0,1,0,0,0,0,0,1
DATA,1552000,-0.082518,0.996590,97.5,0.659,0.000,6.738,15.9,1.754,26.7,18.8,0,0,1,0,0,0,0,0,1
DATA,1554000,-0.082373,0.996602,97.5,0.659,0.000,6.737,15.8,1.753,26.6,18.8,0,0,1,0,0,0,0,0,1
DATA,1556000,-0.082228,0.996614,97.5,0.659,0.000,6.736,15.7,1.753,26.7,18.8,0,0,1,0,0,0,0,0,1
DATA,1558000,-0.082083,0.996625,97.5,0.659,0.000,6.737,15.8,1.753,26.6,18.8,0,0,1,0,0,0,0,0,1
DATA,1560000,-0.081939,0.996637,97.5,0.659,0.000,6.737,15.8,1.752,26.6,18.8,0,0,1,0,0,0,0,0,1
DATA,1562000,-0.081794,0.996649,97.5,0.658,0.000,6.737,15.8,1.752,26.6,18.8,0,0,1,0,0,0,0,0,1
DATA,1564000,-0.081648,0.996661,97.5,0.659,0.000,6.736,15.7,1.753,26.6,18.8,0,0,1,0,0,0,0,0,1
DATA,1566000,-0.081503,0.996673,97.5,0.659,0.000,6.737,15.8,1.754,26.6,18.8,0,0,1,0,0,0,0,0,1
DATA,1568000,-0.081359,0.996685,97.5,0.659,0.000,6.735,15.7,1.755,26.6,18.8,0,0,1,0,0,0,0,0,1
DATA,1570000,-0.081214,0.996697,97.5,0.659,0.000,6.736,15.8,1.755,26.6,18.8,0,0,1,0,0,0,0,0,1
DATA,1572000,-0.081068,0.996709,97.5,0.660,0.000,6.734,15.6,1.755,26.6,18.8,0,0,1,0,0,0,0,0,1
DATA,1574000,-0.080923,0.996720,97.5,0.660,0.000,6.735,15.6,1.755,26.6,18.8,0,0,1,0,0,0,0,0,1
DATA,1576000,-0.080779,0.996732,97.5,0.659,0.000,6.734,15.6,1.755,26.5,18.8,0,0,1,0,0,0,0,0,1
DATA,1578000,-0.080633,0.996744,97.5,0.659,0.000,6.733,15.5,1.755,26.5,18.8,0,0,1,0,0,0,0,0,1
DATA,1580000,-0.080489,0.996756,97.5,0.658,0.000,6.733,15.5,1.755,26.5,18.8,0,0,1,0,0,0,0,0,1
DATA,1582000,-0.080344,0.996767,97.5,0.659,0.000,6.734,15.6,1.755,26.4,18.8,0,0,1,0,0,0,0,0,1
DATA,1584000,-0.080199,0.996779,97.5,0.659,0.000,6.730,15.3,1.756,26.4,18.8,0,0,1,0,0,0,0,0,1
DATA,1586000,-0.080053,0.996791,97.5,0.659,0.000,6.733,15.5,1.755,26.5,18.8,0,0,1,0,0,0,0,0,1
DATA,1588000,-0.079909,0.996802,97.5,0.659,0.000,6.732,15.5,1.755,26.4,18.8,0,0,1,0,0,0,0,0,1
DATA,1590000,-0.079764,0.996814,97.5,0.658,0.000,6.729,15.3,1.753,26.4,18.8,0,0,1,0,0,0,0,0,1
DATA,1592000,-0.079619,0.996825,97.5,0.658,0.000,6.727,15.2,1.752,26.4,18.8,0,0,1,0,0,0,0,0,1
DATA,1594000,-0.079473,0.996837,97.5,0.657,0.000,6.731,15.4,1.752,26.4,18.8,0,0,1,0,0,0,0,0,1
DATA,1596000,-0.079329,0.996849,97.5,0.657,0.000,6.729,15.3,1.752,26.4,18.8,0,0,1,0,0,0,0,0,1
DATA,1598000,-0.079184,0.996860,97.5,0.657,0.000,6.730,15.3,1.752,26.4,18.8,0,0,1,0,0,0,0,0,1
DATA,1600000,-0.079039,0.996872,97.5,0.657,0.000,6.728,15.2,1.752,26.4,18.8,0,0,1,0,0,0,0,0,1
DATA,1602000,-0.078893,0.996883,97.5,0.657,0.000,6.728,15.2,1.751,26.4,18.8,0,0,1,0,0,0,0,0,1
DATA,1604000,-0.078749,0.996894,97.5,0.657,0.000,6.725,15.0,1.751,26.4,18.8,0,0,1,0,0,0,0,0,1
DATA,1606000,-0.078604,0.996906,97.5,0.657,0.000,6.728,15.2,1.752,26.3,18.8,0,0,1,0,0,0,0,0,1
DATA,1608000,-0.078459,0.996917,97.5,0.657,0.000,6.727,15.1,1.752,26.3,18.8,0,0,1,0,0,0,0,0,1
DATA,1610000,-0.078313,0.996929,97.5,0.658,0.000,6.726,15.1,1.752,26.2,18.8,0,0,1,0,0,0,0,0,1
DATA,1612000,-0.078169,0.996940,97.5,0.658,0.000,6.727,15.1,1.752,26.2,18.5,0,0,1,0,0,0,0,0,1
DATA,1614000,-0.078024,0.996951,97.5,0.658,0.000,6.724,14.9,1.752,26.2,18.5,0,0,1,0,0,0,0,0,1
DATA,1616000,-0.077879,0.996963,97.5,0.658,0.000,6.725,15.0,1.752,26.2,18.5,0,0,1,0,0,0,0,0,1
DATA,1618000,-0.077734,0.996974,97.5,0.658,0.000,6.726,15.1,1.752,26.2,18.5,0,0,1,0,0,0,0,0,1
DATA,1620000,-0.077589,0.996985,97.5,0.657,0.000,6.726,15.1,1.751,26.2,18.5,0,0,1,0,0,0,0,0,1
DATA,1622000,-0.077444,0.996997,97.5,0.657,0.000,6.722,14.8,1.751,26.2,18.5,0,0,1,0,0,0,0,0,1
DATA,1624000,-0.077299,0.997008,97.5,0.658,0.000,6.722,14.8,1.752,26.2,18.5,0,0,1,0,0,0,0,0,1
DATA,1626000,-0.077154,0.997019,97.5,0.657,0.000,6.723,14.9,1.752,26.2,18.5,0,0,1,0,0,0,0,0,1
DATA,1628000,-0.077009,0.997030,97.5,0.658,0.000,6.722,14.8,1.753,26.2,18.5,0,0,1,0,0,0,0,0,1
DATA,1630000,-0.076864,0.997042,97.5,0.658,0.000,6.722,14.8,1.753,26.1,18.5,0,0,1,0,0,0,0,0,1
DATA,1632000,-0.076719,0.997053,97.5,0.659,0.000,6.722,14.8,1.753,26.1,18.5,0,0,1,0,0,0,0,0,1
DATA,1634000,-0.076574,0.997064,97.5,0.659,0.000,6.720,14.7,1.752,26.1,18.5,0,0,1,0,0,0,0,0,1
DATA,1636000,-0.076429,0.997075,97.5,0.660,0.000,6.719,14.6,1.752,26.1,18.5,0,0,1,0,0,0,0,0,1
DATA,1638000,-0.076283,0.997086,97.5,0.660,0.000,6.721,14.8,1.753,26.1,18.5,0,0,1,0,0,0,0,0,1
DATA,1640000,-0.076139,0.997097,97.5,0.661,0.000,6.720,14.7,1.753,26.1,18.5,0,0,1,0,0,0,0,0,1
DATA,1642000,-0.075993,0.997108,97.5,0.661,0.000,6.721,14.7,1.753,26.1,18.5,0,0,1,0,0,0,0,0,1
DATA,1644000,-0.075849,0.997119,97.5,0.661,0.000,6.720,14.7,1.753,26.0,18.5,0,0,1,0,0,0,0,0,1
DATA,1646000,-0.075703,0.997130,97.5,0.660,0.000,6.720,14.6,1.752,26.0,18.5,0,0,1,0,0,0,0,0,1
DATA,1648000,-0.075559,0.997141,97.5,0.660,0.000,6.720,14.6,1.753,26.0,18.5,0,0,1,0,0,0,0,0,1
DATA,1650000,-0.075413,0.997152,97.5,0.660,0.000,6.718,14.6,1.755,25.9,18.5,0,0,1,0,0,0,0,0,1
DATA,1652000,-0.075268,0.997163,97.5,0.660,0.000,6.721,14.7,1.754,25.9,18.5,0,0,1,0,0,0,0,0,1
DATA,1654000,-0.075124,0.997174,97.5,0.660,0.000,6.718,14.5,1.754,25.9,18.5,0,0,1,0,0,0,0,0,1
DATA,1656000,-0.074979,0.997185,97.5,0.661,0.000,6.719,14.6,1.753,25.9,18.5,0,0,1,0,0,0,0,0,1
DATA,1658000,-0.074833,0.997196,97.5,0.661,0.000,6.718,14.6,1.752,25.9,18.5,0,0,1,0,0,0,0,0,1
DATA,1660000,-0.074688,0.997207,97.5,0.661,0.000,6.718,14.5,1.752,25.9,18.5,0,0,1,0,0,0,0,0,1
DATA,1662000,-0.074544,0.997218,97.5,0.661,0.000,6.718,14.5,1.751,25.9,18.5,0,0,1,0,0,0,0,0,1
DATA,1664000,-0.074399,0.997229,97.5,0.661,0.000,6.716,14.4,1.751,25.9,18.5,0,0,1,0,0,0,0,0,1
DATA,1666000,-0.074253,0.997239,97.5,0.661,0.000,6.715,14.3,1.751,25.9,18.5,0,0,1,0,0,0,0,0,1
DATA,1668000,-0.074108,0.997250,97.5,0.660,0.000,6.715,14.4,1.751,25.9,18.5,0,0,1,0,0,0,0,0,1
DATA,1670000,-0.073964,0.997261,97.5,0.660,0.000,6.714,14.3,1.751,25.9,18.5,0,0,1,0,0,0,0,0,1
DATA,1672000,-0.073819,0.997272,97.5,0.659,0.000,6.714,14.3,1.751,25.8,18.5,0,0,1,0,0,0,0,0,1
DATA,1674000,-0.073673,0.997282,97.5,0.659,0.000,6.712,14.1,1.751,25.8,18.5,0,0,1,0,0,0,0,0,1
DATA,1676000,-0.073528,0.997293,97.5,0.659,0.000,6.714,14.3,1.751,25.8,18.5,0,0,1,0,0,0,0,0,1
DATA,1678000,-0.073383,0.997304,97.5,0.659,0.000,6.713,14.2,1.751,25.7,18.5,0,0,1,0,0,0,0,0,1
DATA,1680000,-0.073238,0.997314,97.5,0.658,0.000,6.712,14.1,1.751,25.7,18.5,0,0,1,0,0,0,0,0,1
DATA,1682000,-0.073093,0.997325,97.5,0.659,0.000,6.711,14.1,1.751,25.7,18.5,0,0,1,0,0,0,0,0,1
DATA,1684000,-0.072948,0.997336,97.5,0.658,0.000,6.708,13.9,1.751,25.7,18.5,0,0,1,0,0,0,0,0,1
DATA,1686000,-0.072803,0.997346,97.5,0.658,0.000,6.709,13.9,1.751,25.7,18.5,0,0,1,0,0,0,0,0,1
DATA,1688000,-0.072658,0.997357,97.5,0.658,0.000,6.712,14.1,1.752,25.7,18.5,0,0,1,0,0,0,0,0,1
DATA,1690000,-0.072513,0.997368,97.5,0.658,0.000,6.710,14.0,1.752,25.7,18.5,0,0,1,0,0,0,0,0,1
DATA,1692000,-0.072368,0.997378,97.5,0.658,0.000,6.708,13.9,1.753,25.7,18.5,0,0,1,0,0,0,0,0,1
DATA,1694000,-0.072223,0.997388,97.5,0.659,0.000,6.707,13.8,1.753,25.7,18.5,0,0,1,0,0,0,0,0,1
DATA,1696000,-0.072077,0.997399,97.5,0.658,0.000,6.708,13.9,1.753,25.6,18.5,0,0,1,0,0,0,0,0,1
DATA,1698000,-0.071932,0.997410,97.5,0.658,0.000,6.707,13.8,1.753,25.6,18.5,0,0,1,0,0,0,0,0,1
DATA,1700000,-0.071787,0.997420,97.5,0.659,0.000,6.706,13.7,1.753,25.6,18.5,0,0,1,0,0,0,0,0,1
DATA,1702000,-0.071643,0.997430,97.5,0.659,0.000,6.705,13.7,1.753,25.6,18.5,0,0,1,0,0,0,0,0,1
DATA,1704000,-0.071497,0.997441,97.5,0.659,0.000,6.706,13.7,1.752,25.6,18.5,0,0,1,0,0,0,0,0,1
DATA,1706000,-0.071352,0.997451,97.5,0.659,0.000,6.704,13.6,1.754,25.6,18.5,0,0,1,0,0,0,0,0,1
DATA,1708000,-0.071207,0.997462,97.5,0.659,0.000,6.703,13.6,1.754,25.6,18.5,0,0,1,0,0,0,0,0,1
DATA,1710000,-0.071063,0.997472,97.5,0.659,0.000,6.703,13.6,1.754,25.6,18.5,0,0,1,0,0,0,0,0,1
DATA,1712000,-0.070917,0.997482,97.5,0.659,0.000,6.702,13.5,1.755,25.6,18.5,0,0,1,0,0,0,0,0,1
DATA,1714000,-0.070772,0.997493,97.5,0.660,0.000,6.703,13.5,1.755,25.5,18.3,0,0,1,0,0,0,0,0,1
DATA,1716000,-0.070627,0.997503,97.5,0.660,0.000,6.705,13.7,1.755,25.5,18.3,0,0,1,0,0,0,0,0,1
DATA,1718000,-0.070482,0.997513,97.5,0.661,0.000,6.703,13.6,1.755,25.5,18.3,0,0,1,0,0,0,0,0,1
DATA,1720000,-0.070336,0.997523,97.5,0.661,0.000,6.702,13.5,1.754,25.5,18.3,0,0,1,0,0,0,0,0,1
DATA,1722000,-0.070192,0.997534,97.5,0.661,0.000,6.700,13.4,1.752,25.5,18.3,0,0,1,0,0,0,0,0,1
DATA,1724000,-0.070047,0.997544,97.5,0.661,0.000,6.700,13.3,1.753,25.4,18.3,0,0,1,0,0,0,0,0,1
DATA,1726000,-0.069901,0.997554,97.5,0.660,0.000,6.702,13.4,1.753,25.4,18.3,0,0,1,0,0,0,0,0,1
DATA,1728000,-0.069756,0.997564,97.5,0.660,0.000,6.701,13.4,1.753,25.4,18.3,0,0,1,0,0,0,0,0,1
DATA,1730000,-0.069611,0.997574,97.5,0.660,0.000,6.701,13.4,1.754,25.4,18.3,0,0,1,0,0,0,0,0,1
DATA,1732000,-0.069466,0.997584,97.5,0.660,0.000,6.702,13.4,1.753,25.4,18.3,0,0,1,0,0,0,0,0,1
DATA,1734000,-0.069321,0.997594,97.5,0.660,0.000,6.700,13.3,1.754,25.4,18.3,0,0,1,0,0,0,0,0,1
DATA,1736000,-0.069176,0.997604,97.5,0.660,0.000,6.700,13.4,1.755,25.4,18.3,0,0,1,0,0,0,0,0,1
DATA,1738000,-0.069031,0.997615,97.5,0.661,0.000,6.700,13.3,1.755,25.4,18.3,0,0,1,0,0,0,0,0,1
DATA,1740000,-0.068886,0.997625,97.5,0.660,0.000,6.697,13.2,1.755,25.3,18.3,0,0,1,0,0,0,0,0,1
DATA,1742000,-0.068741,0.997635,97.5,0.659,0.000,6.699,13.3,1.754,25.3,18.3,0,0,1,0,0,0,0,0,1
DATA,1744000,-0.068595,0.997645,97.5,0.658,0.000,6.689,12.6,1.752,25.3,18.3,0,0,1,0,0,0,0,0,1
DATA,1746000,-0.068451,0.997654,97.5,0.658,0.000,6.698,13.2,1.752,25.3,18.3,0,0,1,0,0,0,0,0,1
DATA,1748000,-0.068305,0.997665,97.5,0.658,0.000,6.696,13.1,1.752,25.3,18.3,0,0,1,0,0,0,0,0,1
DATA,1750000,-0.068160,0.997674,97.5,0.659,0.000,6.696,13.1,1.753,25.2,18.3,0,0,1,0,0,0,0,0,1
DATA,1752000,-0.068015,0.997684,97.5,0.660,0.000,6.696,13.0,1.755,25.2,18.3,0,0,1,0,0,0,0,0,1
DATA,1754000,-0.067870,0.997694,97.5,0.659,0.000,6.693,12.9,1.755,25.2,18.3,0,0,1,0,0,0,0,0,1
DATA,1756000,-0.067725,0.997704,97.5,0.659,0.000,6.694,12.9,1.756,25.2,18.3,0,0,1,0,0,0,0,0,1
DATA,1758000,-0.067580,0.997714,97.5,0.659,0.000,6.694,12.9,1.756,25.2,18.3,0,0,1,0,0,0,0,0,1
DATA,1760000,-0.067434,0.997724,97.5,0.659,0.000,6.690,12.7,1.756,25.2,18.3,0,0,1,0,0,0,0,0,1
DATA,1762000,-0.067290,0.997733,97.5,0.659,0.000,6.693,12.9,1.756,25.2,18.3,0,0,1,0,0,0,0,0,1
DATA,1764000,-0.067144,0.997743,95.8,0.658,0.000,6.690,12.6,1.755,25.2,18.3,0,0,1,0,0,0,0,0,1
DATA,1766000,-0.067000,0.997753,95.8,0.658,0.000,6.691,12.7,1.754,25.1,18.3,0,0,1,0,0,0,0,0,1
DATA,1768000,-0.066854,0.997763,90.8,0.657,0.000,6.692,12.8,1.752,25.1,18.3,0,0,1,0,0,0,0,0,1
DATA,1770000,-0.066709,0.997772,94.2,0.657,0.000,6.690,12.7,1.752,25.1,18.3,0,0,1,0,0,0,0,0,1
DATA,1772000,-0.066564,0.997782,95.0,0.657,0.000,6.691,12.7,1.751,25.1,18.3,0,0,1,0,0,0,0,0,1
DATA,1774000,-0.066419,0.997792,94.2,0.657,0.000,6.690,12.7,1.751,25.1,18.3,0,0,1,0,0,0,0,0,1
DATA,1776000,-0.066274,0.997801,95.0,0.656,0.000,6.690,12.7,1.751,25.1,18.3,0,0,1,0,0,0,0,0,1
DATA,1778000,-0.066128,0.997811,95.0,0.657,0.000,6.691,12.7,1.751,25.1,18.3,0,0,1,0,0,0,0,0,1
DATA,1780000,-0.065983,0.997821,95.8,0.657,0.000,6.690,12.7,1.751,25.1,18.3,0,0,1,0,0,0,0,0,1
DATA,1782000,-0.065839,0.997830,95.8,0.657,0.000,6.687,12.5,1.751,25.1,18.3,0,0,1,0,0,0,0,0,1
DATA,1784000,-0.065693,0.997840,95.8,0.657,0.000,6.686,12.4,1.752,25.1,18.3,0,0,1,0,0,0,0,0,1
DATA,1786000,-0.065548,0.997849,95.8,0.657,0.000,6.685,12.4,1.752,25.1,18.3,0,0,1,0,0,0,0,0,1
DATA,1788000,-0.065403,0.997859,95.8,0.658,0.000,6.685,12.4,1.752,25.0,18.3,0,0,1,0,0,0,0,0,1
DATA,1790000,-0.065258,0.997868,95.8,0.658,0.000,6.685,12.3,1.752,25.0,18.3,0,0,1,0,0,0,0,0,1
DATA,1792000,-0.065113,0.997878,86.7,0.658,0.000,6.686,12.4,1.751,25.0,18.3,0,0,1,0,0,0,0,0,1
DATA,1794000,-0.064967,0.997887,95.0,0.658,0.000,6.684,12.3,1.751,24.9,18.3,0,0,1,0,0,0,0,0,1
DATA,1796000,-0.064822,0.997897,95.0,0.658,0.000,6.685,12.3,1.752,24.9,18.3,0,0,1,0,0,0,0,0,1
DATA,1798000,-0.064678,0.997906,93.3,0.659,0.000,6.685,12.3,1.753,24.9,18.3,0,0,1,0,0,0,0,0,1
DATA,1800000,-0.064532,0.997916,93.3,0.659,0.000,6.683,12.2,1.754,24.9,18.3,0,0,1,0,0,0,0,0,1
DATA,1802000,-0.064387,0.997925,95.0,0.660,0.000,6.683,12.2,1.755,24.9,18.3,0,0,1,0,0,0,0,0,1
DATA,1804000,-0.064242,0.997934,97.5,0.660,0.000,6.682,12.1,1.754,24.9,18.3,0,0,1,0,0,0,0,0,1
DATA,1806000,-0.064097,0.997944,97.5,0.660,0.000,6.683,12.2,1.752,24.9,18.3,0,0,1,0,0,0,0,0,1
DATA,1808000,-0.063952,0.997953,97.5,0.660,0.000,6.681,12.1,1.752,24.9,18.3,0,0,1,0,0,0,0,0,1
DATA,1810000,-0.063806,0.997962,97.5,0.659,0.000,6.680,12.0,1.751,24.8,18.0,0,0,1,0,0,0,0,0,1
DATA,1812000,-0.063661,0.997972,97.5,0.660,0.000,6.679,11.9,1.752,24.9,18.0,0,0,1,0,0,0,0,0,1
DATA,1814000,-0.063516,0.997981,97.5,0.660,0.000,6.680,12.0,1.753,24.8,18.0,0,0,1,0,0,0,0,0,1
DATA,1816000,-0.063371,0.997990,97.5,0.660,0.000,6.679,11.9,1.755,24.8,18.0,0,0,1,0,0,0,0,0,1
DATA,1818000,-0.063226,0.997999,97.5,0.661,0.000,6.679,11.9,1.755,24.8,18.0,0,0,1,0,0,0,0,0,1
DATA,1820000,-0.063081,0.998008,97.5,0.661,0.000,6.677,11.8,1.755,24.7,18.0,0,0,1,0,0,0,0,0,1
DATA,1822000,-0.062935,0.998018,97.5,0.661,0.000,6.677,11.8,1.755,24.7,18.0,0,0,1,0,0,0,0,0,1
DATA,1824000,-0.062790,0.998027,97.5,0.660,0.000,6.676,11.8,1.755,24.7,18.0,0,0,1,0,0,0,0,0,1
DATA,1826000,-0.062645,0.998036,97.5,0.660,0.000,6.676,11.7,1.755,24.7,18.0,0,0,1,0,0,0,0,0,1
DATA,1828000,-0.062501,0.998045,97.5,0.660,0.000,6.674,11.6,1.755,24.7,18.0,0,0,1,0,0,0,0,0,1
DATA,1830000,-0.062354,0.998054,97.5,0.661,0.000,6.675,11.7,1.755,24.7,18.0,0,0,1,0,0,0,0,0,1
DATA,1832000,-0.062210,0.998063,97.5,0.661,0.000,6.675,11.6,1.755,24.7,18.0,0,0,1,0,0,0,0,0,1
DATA,1834000,-0.062065,0.998072,97.5,0.661,0.000,6.675,11.6,1.755,24.7,18.0,0,0,1,0,0,0,0,0,1
DATA,1836000,-0.061919,0.998081,97.5,0.661,0.000,6.674,11.6,1.754,24.7,18.0,0,0,1,0,0,0,0,0,1
DATA,1838000,-0.061774,0.998090,97.5,0.661,0.000,6.672,11.4,1.752,24.7,18.0,0,0,1,0,0,0,0,0,1
DATA,1840000,-0.061629,0.998099,97.5,0.659,0.000,6.665,11.0,1.751,24.6,18.0,0,0,1,0,0,0,0,0,1
DATA,1842000,-0.061484,0.998108,97.5,0.658,0.000,6.667,11.1,1.751,24.6,18.0,0,0,1,0,0,0,0,0,1
DATA,1844000,-0.061339,0.998117,97.5,0.658,0.000,6.669,11.3,1.751,24.6,18.0,0,0,1,0,0,0,0,0,1
DATA,1846000,-0.061193,0.998126,97.5,0.657,0.000,6.670,11.3,1.751,24.6,18.0,0,0,1,0,0,0,0,0,1
DATA,1848000,-0.061048,0.998135,97.5,0.657,0.000,6.669,11.3,1.751,24.6,18.0,0,0,1,0,0,0,0,0,1
DATA,1850000,-0.060903,0.998144,97.5,0.658,0.000,6.669,11.2,1.751,24.6,18.0,0,0,1,0,0,0,0,0,1
DATA,1852000,-0.060758,0.998152,97.5,0.659,0.000,6.669,11.2,1.751,24.6,18.0,0,0,1,0,0,0,0,0,1
DATA,1854000,-0.060613,0.998161,97.5,0.658,0.000,6.666,11.1,1.751,24.6,18.0,0,0,1,0,0,0,0,0,1
DATA,1856000,-0.060468,0.998170,97.5,0.658,0.000,6.663,10.9,1.751,24.5,18.0,0,0,1,0,0,0,0,0,1
DATA,1858000,-0.060323,0.998179,97.5,0.658,0.000,6.666,11.1,1.751,24.5,18.0,0,0,1,0,0,0,0,0,1
DATA,1860000,-0.060177,0.998188,97.5,0.658,0.000,6.666,11.1,1.751,24.5,18.0,0,0,1,0,0,0,0,0,1
DATA,1862000,-0.060032,0.998196,97.5,0.658,0.000,6.665,11.0,1.751,24.5,18.0,0,0,1,0,0,0,0,0,1
DATA,1864000,-0.059887,0.998205,97.5,0.659,0.000,6.663,10.9,1.751,24.4,18.0,0,0,1,0,0,0,0,0,1
DATA,1866000,-0.059741,0.998214,97.5,0.659,0.000,6.665,11.0,1.751,24.4,18.0,0,0,1,0,0,0,0,0,1
DATA,1868000,-0.059597,0.998223,97.5,0.660,0.000,6.664,10.9,1.751,24.4,18.0,0,0,1,0,0,0,0,0,1
DATA,1870000,-0.059451,0.998231,97.5,0.660,0.000,6.664,11.0,1.751,24.4,18.0,0,0,1,0,0,0,0,0,1
DATA,1872000,-0.059306,0.998240,97.5,0.660,0.000,6.663,10.9,1.751,24.4,18.0,0,0,1,0,0,0,0,0,1
DATA,1874000,-0.059161,0.998248,97.5,0.660,0.000,6.663,10.9,1.751,24.4,18.0,0,0,1,0,0,0,0,0,1
DATA,1876000,-0.059016,0.998257,97.5,0.660,0.000,6.663,10.9,1.751,24.4,18.0,0,0,1,0,0,0,0,0,1
DATA,1878000,-0.058870,0.998266,97.5,0.661,0.000,6.662,10.8,1.751,24.4,18.0,0,0,1,0,0,0,0,0,1
DATA,1880000,-0.058726,0.998274,97.5,0.661,0.000,6.661,10.7,1.751,24.3,18.0,0,0,1,0,0,0,0,0,1
DATA,1882000,-0.058580,0.998283,97.5,0.661,0.000,6.661,10.7,1.751,24.4,18.0,0,0,1,0,0,0,0,0,1
DATA,1884000,-0.058435,0.998291,97.5,0.661,0.000,6.661,10.7,1.751,24.3,18.0,0,0,1,0,0,0,0,0,1
DATA,1886000,-0.058290,0.998300,97.5,0.661,0.000,6.658,10.5,1.751,24.3,18.0,0,0,1,0,0,0,0,0,1
DATA,1888000,-0.058144,0.998308,97.5,0.661,0.000,6.660,10.7,1.751,24.3,18.0,0,0,1,0,0,0,0,0,1
DATA,1890000,-0.057999,0.998317,97.5,0.661,0.000,6.657,10.5,1.751,24.3,18.0,0,0,1,0,0,0,0,0,1
DATA,1892000,-0.057855,0.998325,97.5,0.661,0.000,6.660,10.7,1.751,24.2,18.0,0,0,1,0,0,0,0,0,1
DATA,1894000,-0.057709,0.998333,97.5,0.661,0.000,6.655,10.3,1.751,24.2,18.0,0,0,1,0,0,0,0,0,1
DATA,1896000,-0.057564,0.998342,97.5,0.661,0.000,6.655,10.4,1.751,24.2,18.0,0,0,1,0,0,0,0,0,1
DATA,1898000,-0.057419,0.998350,97.5,0.661,0.000,6.655,10.4,1.751,24.2,18.0,0,0,1,0,0,0,0,0,1
DATA,1900000,-0.057274,0.998358,97.5,0.661,0.000,6.655,10.3,1.751,24.2,18.0,0,0,1,0,0,0,0,0,1
DATA,1902000,-0.057128,0.998367,97.5,0.661,0.000,6.655,10.3,1.751,24.2,18.0,0,0,1,0,0,0,0,0,1
DATA,1904000,-0.056983,0.998375,97.5,0.661,0.000,6.654,10.3,1.751,24.2,18.0,0,0,1,0,0,0,0,0,1
DATA,1906000,-0.056838,0.998383,97.5,0.660,0.000,6.652,10.2,1.751,24.2,17.8,0,0,1,0,0,0,0,0,1
DATA,1908000,-0.056693,0.998392,97.5,0.661,0.000,6.653,10.2,1.751,24.1,17.8,0,0,1,0,0,0,0,0,1
DATA,1910000,-0.056547,0.998400,97.5,0.660,0.000,6.647,9.8,1.751,24.1,17.8,0,0,1,0,0,0,0,0,1
DATA,1912000,-0.056402,0.998408,97.5,0.659,0.000,6.650,10.0,1.751,24.1,17.8,0,0,1,0,0,0,0,0,1
DATA,1914000,-0.056257,0.998416,97.5,0.658,0.000,6.650,10.0,1.751,24.1,17.8,0,0,1,0,0,0,0,0,1
DATA,1916000,-0.056112,0.998424,97.5,0.657,0.000,6.650,10.0,1.751,24.1,17.8,0,0,1,0,0,0,0,0,1
DATA,1918000,-0.055967,0.998433,97.5,0.658,0.000,6.649,9.9,1.751,24.1,17.8,0,0,1,0,0,0,0,0,1
DATA,1920000,-0.055821,0.998441,97.5,0.659,0.000,6.647,9.8,1.751,24.1,17.8,0,0,1,0,0,0,0,0,1
DATA,1922000,-0.055676,0.998449,97.5,0.659,0.000,6.648,9.9,1.751,24.1,17.8,0,0,1,0,0,0,0,0,1
DATA,1924000,-0.055531,0.998457,97.5,0.659,0.000,6.646,9.7,1.751,24.0,17.8,0,0,1,0,0,0,0,0,1
DATA,1926000,-0.055386,0.998465,97.5,0.658,0.000,6.646,9.7,1.751,24.0,17.8,0,0,1,0,0,0,0,0,1
DATA,1928000,-0.055240,0.998473,97.5,0.658,0.000,6.646,9.7,1.751,24.0,17.8,0,0,1,0,0,0,0,0,1
DATA,1930000,-0.055095,0.998481,97.5,0.657,0.000,6.645,9.7,1.751,24.0,17.8,0,0,1,0,0,0,0,0,1
DATA,1932000,-0.054950,0.998489,97.5,0.657,0.000,6.645,9.7,1.751,24.0,17.8,0,0,1,0,0,0,0,0,1
DATA,1934000,-0.054805,0.998497,97.5,0.658,0.000,6.643,9.6,1.751,23.9,17.8,0,0,1,0,0,0,0,0,1
DATA,1936000,-0.054660,0.998505,97.5,0.657,0.000,6.642,9.5,1.751,23.9,17.8,0,0,1,0,0,0,0,0,1
DATA,1938000,-0.054514,0.998513,97.5,0.657,0.000,6.643,9.6,1.751,23.9,17.8,0,0,1,0,0,0,0,0,1
DATA,1940000,-0.054369,0.998521,97.5,0.657,0.000,6.640,9.3,1.751,23.9,17.8,0,0,1,0,0,0,0,0,1
DATA,1942000,-0.054224,0.998529,97.5,0.656,0.000,6.641,9.4,1.751,23.9,17.8,0,0,1,0,0,0,0,0,1
DATA,1944000,-0.054079,0.998537,97.5,0.656,0.000,6.639,9.2,1.751,23.9,17.8,0,0,1,0,0,0,0,0,1
DATA,1946000,-0.053933,0.998545,97.5,0.657,0.000,6.640,9.4,1.751,23.9,17.8,0,0,1,0,0,0,0,0,1
DATA,1948000,-0.053788,0.998552,97.5,0.657,0.000,6.640,9.4,1.751,23.9,17.8,0,0,1,0,0,0,0,0,1
DATA,1950000,-0.053643,0.998560,97.5,0.657,0.000,6.640,9.3,1.751,23.8,17.8,0,0,1,0,0,0,0,0,1
DATA,1952000,-0.053498,0.998568,97.5,0.657,0.000,6.639,9.3,1.751,23.8,17.8,0,0,1,0,0,0,0,0,1
DATA,1954000,-0.053353,0.998576,97.5,0.658,0.000,6.639,9.2,1.751,23.8,17.8,0,0,1,0,0,0,0,0,1
DATA,1956000,-0.053207,0.998583,97.5,0.658,0.000,6.637,9.1,1.751,23.8,17.8,0,0,1,0,0,0,0,0,1
DATA,1958000,-0.053062,0.998591,97.5,0.658,0.000,6.636,9.1,1.751,23.7,17.8,0,0,1,0,0,0,0,0,1
DATA,1960000,-0.052917,0.998599,97.5,0.658,0.000,6.637,9.2,1.751,23.8,17.8,0,0,1,0,0,0,0,0,1
DATA,1962000,-0.052772,0.998607,97.5,0.658,0.000,6.637,9.1,1.751,23.7,17.8,0,0,1,0,0,0,0,0,1
DATA,1964000,-0.052626,0.998614,97.5,0.658,0.000,6.635,9.0,1.751,23.7,17.8,0,0,1,0,0,0,0,0,1
DATA,1966000,-0.052481,0.998622,97.5,0.658,0.000,6.635,9.0,1.751,23.7,17.8,0,0,1,0,0,0,0,0,1
DATA,1968000,-0.052336,0.998630,97.5,0.658,0.000,6.635,9.0,1.751,23.7,17.8,0,0,1,0,0,0,0,0,1
DATA,1970000,-0.052191,0.998637,97.5,0.658,0.000,6.633,8.9,1.751,23.7,17.8,0,0,1,0,0,0,0,0,1
DATA,1972000,-0.052045,0.998645,97.5,0.658,0.000,6.633,8.9,1.751,23.7,17.8,0,0,1,0,0,0,0,0,1
DATA,1974000,-0.051900,0.998652,97.5,0.658,0.000,6.631,8.7,1.751,23.7,17.8,0,0,1,0,0,0,0,0,1
DATA,1976000,-0.051755,0.998660,97.5,0.658,0.000,6.630,8.7,1.751,23.7,17.8,0,0,1,0,0,0,0,0,1
DATA,1978000,-0.051610,0.998667,97.5,0.659,0.000,6.630,8.7,1.751,23.6,17.8,0,0,1,0,0,0,0,0,1
DATA,1980000,-0.051464,0.998675,97.5,0.660,0.000,6.630,8.7,1.751,23.6,17.8,0,0,1,0,0,0,0,0,1
DATA,1982000,-0.051319,0.998682,97.5,0.660,0.000,6.630,8.7,1.751,23.6,17.8,0,0,1,0,0,0,0,0,1
DATA,1984000,-0.051174,0.998690,97.5,0.660,0.000,6.628,8.5,1.751,23.6,17.8,0,0,1,0,0,0,0,0,1
DATA,1986000,-0.051029,0.998697,97.5,0.659,0.000,6.628,8.5,1.751,23.6,17.8,0,0,1,0,0,0,0,0,1
DATA,1988000,-0.050883,0.998705,97.5,0.659,0.000,6.628,8.5,1.751,23.6,17.8,0,0,1,0,0,0,0,0,1
DATA,1990000,-0.050738,0.998712,97.5,0.660,0.000,6.627,8.4,1.751,23.6,17.8,0,0,1,0,0,0,0,0,1
DATA,1992000,-0.050593,0.998719,97.5,0.660,0.000,6.627,8.4,1.751,23.6,17.8,0,0,1,0,0,0,0,0,1
DATA,1994000,-0.050448,0.998727,97.5,0.660,0.000,6.626,8.4,1.751,23.6,17.8,0,0,1,0,0,0,0,0,1
DATA,1996000,-0.050302,0.998734,97.5,0.661,0.000,6.625,8.3,1.751,23.5,17.5,0,0,1,0,0,0,0,0,1
DATA,1998000,-0.050157,0.998741,97.5,0.661,0.000,6.623,8.2,1.751,23.5,17.5,0,0,1,0,0,0,0,0,1
DATA,2000000,-0.050012,0.998749,97.5,0.660,0.000,6.623,8.2,1.751,23.5,17.5,0,0,1,0,0,0,0,0,1
DATA,2002000,-0.049867,0.998756,97.5,0.660,0.000,6.622,8.2,1.751,23.5,17.5,0,0,1,0,0,0,0,0,1
DATA,2004000,-0.049721,0.998763,97.5,0.660,0.000,6.620,8.0,1.751,23.4,17.5,0,0,1,0,0,0,0,0,1
DATA,2006000,-0.049576,0.998770,97.5,0.660,0.000,6.620,8.0,1.751,23.4,17.5,0,0,1,0,0,0,0,0,1
DATA,2008000,-0.049431,0.998778,97.5,0.659,0.000,6.621,8.0,1.751,23.4,17.5,0,0,1,0,0,0,0,0,1
DATA,2010000,-0.049286,0.998785,97.5,0.659,0.000,6.620,8.0,1.751,23.4,17.5,0,0,1,0,0,0,0,0,1
DATA,2012000,-0.049140,0.998792,97.5,0.660,0.000,6.621,8.0,1.751,23.4,17.5,0,0,1,0,0,0,0,0,1
DATA,2014000,-0.048995,0.998799,97.5,0.660,0.000,6.619,7.9,1.751,23.4,17.5,0,0,1,0,0,0,0,0,1
DATA,2016000,-0.048850,0.998806,97.5,0.660,0.000,6.615,7.7,1.751,23.4,17.5,0,0,1,0,0,0,0,0,1
DATA,2018000,-0.048705,0.998813,97.5,0.660,0.000,6.616,7.7,1.751,23.4,17.5,0,0,1,0,0,0,0,0,1
DATA,2020000,-0.048559,0.998820,97.5,0.660,0.000,6.615,7.7,1.751,23.3,17.5,0,0,1,0,0,0,0,0,1
DATA,2022000,-0.048414,0.998827,97.5,0.660,0.000,6.615,7.6,1.751,23.3,17.5,0,0,1,0,0,0,0,0,1
DATA,2024000,-0.048268,0.998834,97.5,0.660,0.000,6.616,7.7,1.751,23.3,17.5,0,0,1,0,0,0,0,0,1
DATA,2026000,-0.048124,0.998841,97.5,0.660,0.000,6.613,7.5,1.751,23.3,17.5,0,0,1,0,0,0,0,0,1
DATA,2028000,-0.047977,0.998848,97.5,0.660,0.000,6.613,7.6,1.751,23.3,17.5,0,0,1,0,0,0,0,0,1
DATA,2030000,-0.047833,0.998855,97.5,0.659,0.000,6.613,7.5,1.751,23.2,17.5,0,0,1,0,0,0,0,0,1
DATA,2032000,-0.047687,0.998862,97.5,0.659,0.000,6.612,7.5,1.751,23.2,17.5,0,0,1,0,0,0,0,0,1
DATA,2034000,-0.047543,0.998869,97.5,0.659,0.000,6.613,7.5,1.751,23.2,17.5,0,0,1,0,0,0,0,0,1
DATA,2036000,-0.047396,0.998876,97.5,0.659,0.000,6.611,7.4,1.751,23.2,17.5,0,0,1,0,0,0,0,0,1
DATA,2038000,-0.047252,0.998883,97.5,0.659,0.000,6.612,7.4,1.751,23.2,17.5,0,0,1,0,0,0,0,0,1
DATA,2040000,-0.047106,0.998890,97.5,0.659,0.000,6.610,7.3,1.751,23.2,17.5,0,0,1,0,0,0,0,0,1
DATA,2042000,-0.046961,0.998897,97.5,0.659,0.000,6.609,7.3,1.751,23.2,17.5,0,0,1,0,0,0,0,0,1
DATA,2044000,-0.046815,0.998904,97.5,0.659,0.000,6.608,7.2,1.751,23.2,17.5,0,0,1,0,0,0,0,0,1
DATA,2046000,-0.046670,0.998910,97.5,0.659,0.000,6.608,7.2,1.751,23.2,17.5,0,0,1,0,0,0,0,0,1
DATA,2048000,-0.046525,0.998917,97.5,0.659,0.000,6.608,7.2,1.751,23.1,17.5,0,0,1,0,0,0,0,0,1
DATA,2050000,-0.046379,0.998924,97.5,0.659,0.000,6.607,7.1,1.751,23.1,17.5,0,0,1,0,0,0,0,0,1
DATA,2052000,-0.046234,0.998931,97.5,0.660,0.000,6.605,7.0,1.751,23.1,17.5,0,0,1,0,0,0,0,0,1
DATA,2054000,-0.046089,0.998937,97.5,0.660,0.000,6.605,7.0,1.751,23.1,17.5,0,0,1,0,0,0,0,0,1
DATA,2056000,-0.045944,0.998944,97.5,0.660,0.000,6.604,6.9,1.751,23.1,17.5,0,0,1,0,0,0,0,0,1
DATA,2058000,-0.045798,0.998951,97.5,0.660,0.000,6.603,6.8,1.751,23.0,17.5,0,0,1,0,0,0,0,0,1
DATA,2060000,-0.045653,0.998957,97.5,0.660,0.000,6.601,6.7,1.751,23.1,17.5,0,0,1,0,0,0,0,0,1
DATA,2062000,-0.045508,0.998964,97.5,0.660,0.000,6.601,6.7,1.751,23.0,17.5,0,0,1,0,0,0,0,0,1
DATA,2064000,-0.045363,0.998971,97.5,0.660,0.000,6.601,6.7,1.751,23.0,17.5,0,0,1,0,0,0,0,0,1
DATA,2066000,-0.045217,0.998977,97.5,0.660,0.000,6.598,6.6,1.751,23.0,17.5,0,0,1,0,0,0,0,0,1
DATA,2068000,-0.045072,0.998984,97.5,0.660,0.000,6.597,6.4,1.751,22.9,17.5,0,0,1,0,0,0,0,0,1
DATA,2070000,-0.044927,0.998990,97.5,0.660,0.000,6.600,6.7,1.751,22.9,17.5,0,0,1,0,0,0,0,0,1
DATA,2072000,-0.044782,0.998997,97.5,0.660,0.000,6.598,6.5,1.751,22.9,17.5,0,0,1,0,0,0,0,0,1
DATA,2074000,-0.044636,0.999003,97.5,0.661,0.000,6.598,6.6,1.751,23.0,17.5,0,0,1,0,0,0,0,0,1
DATA,2076000,-0.044491,0.999010,97.5,0.661,0.000,6.596,6.4,1.751,22.9,17.5,0,0,1,0,0,0,0,0,1
DATA,2078000,-0.044346,0.999016,97.5,0.661,0.000,6.595,6.3,1.751,22.9,17.5,0,0,1,0,0,0,0,0,1
DATA,2080000,-0.044201,0.999023,97.5,0.660,0.000,6.595,6.3,1.751,22.9,17.5,0,0,1,0,0,0,0,0,1
DATA,2082000,-0.044055,0.999029,97.5,0.660,0.000,6.594,6.3,1.751,22.9,17.5,0,0,1,0,0,0,0,0,1
DATA,2084000,-0.043910,0.999035,97.5,0.660,0.000,6.592,6.1,1.751,22.9,17.5,0,0,1,0,0,0,0,0,1
DATA,2086000,-0.043765,0.999042,97.5,0.660,0.000,6.591,6.1,1.751,22.9,17.5,0,0,1,0,0,0,0,0,1
DATA,2088000,-0.043619,0.999048,97.5,0.661,0.000,6.591,6.1,1.751,22.9,17.2,0,0,1,0,0,0,0,0,1
DATA,2090000,-0.043474,0.999055,97.5,0.661,0.000,6.590,6.0,1.751,22.8,17.2,0,0,1,0,0,0,0,0,1
DATA,2092000,-0.043329,0.999061,97.5,0.661,0.000,6.591,6.1,1.751,22.7,17.2,0,0,1,0,0,0,0,0,1
DATA,2094000,-0.043184,0.999067,97.5,0.661,0.000,6.589,6.0,1.751,22.8,17.2,0,0,1,0,0,0,0,0,1
DATA,2096000,-0.043038,0.999073,97.5,0.660,0.000,6.587,5.8,1.751,22.7,17.2,0,0,1,0,0,0,0,0,1
DATA,2098000,-0.042892,0.999080,97.5,0.660,0.000,6.588,5.9,1.751,22.7,17.2,0,0,1,0,0,0,0,0,1
DATA,2100000,-0.042748,0.999086,97.5,0.660,0.000,6.588,5.9,1.751,22.7,17.2,0,0,1,0,0,0,0,0,1
DATA,2102000,-0.042602,0.999092,97.5,0.659,0.000,6.587,5.8,1.751,22.7,17.2,0,0,1,0,0,0,0,0,1
DATA,2104000,-0.042457,0.999098,97.5,0.659,0.000,6.588,5.8,1.751,22.7,17.2,0,0,1,0,0,0,0,0,1
DATA,2106000,-0.042311,0.999104,97.5,0.659,0.000,6.585,5.7,1.751,22.7,17.2,0,0,1,0,0,0,0,0,1
DATA,2108000,-0.042166,0.999111,97.5,0.658,0.000,6.586,5.7,1.751,22.7,17.2,0,0,1,0,0,0,0,0,1
DATA,2110000,-0.042021,0.999117,97.5,0.658,0.000,6.584,5.6,1.751,22.7,17.2,0,0,1,0,0,0,0,0,1
DATA,2112000,-0.041876,0.999123,97.5,0.657,0.000,6.583,5.5,1.751,22.7,17.2,0,0,1,0,0,0,0,0,1
DATA,2114000,-0.041730,0.999129,97.5,0.657,0.000,6.584,5.6,1.751,22.7,17.2,0,0,1,0,0,0,0,0,1
DATA,2116000,-0.041585,0.999135,97.5,0.657,0.000,6.583,5.5,1.751,22.6,17.2,0,0,1,0,0,0,0,0,1
DATA,2118000,-0.041439,0.999141,97.5,0.658,0.000,6.580,5.4,1.751,22.6,17.2,0,0,1,0,0,0,0,0,1
DATA,2120000,-0.041295,0.999147,97.5,0.658,0.000,6.579,5.3,1.751,22.6,17.2,0,0,1,0,0,0,0,0,1
DATA,2122000,-0.041149,0.999153,97.5,0.657,0.000,6.580,5.3,1.751,22.6,17.2,0,0,1,0,0,0,0,0,1
DATA,2124000,-0.041003,0.999159,97.5,0.658,0.000,6.579,5.3,1.751,22.6,17.2,0,0,1,0,0,0,0,0,1
DATA,2126000,-0.040858,0.999165,97.5,0.658,0.000,6.576,5.1,1.751,22.6,17.2,0,0,1,0,0,0,0,0,1
DATA,2128000,-0.040713,0.999171,97.5,0.658,0.000,6.578,5.2,1.751,22.6,17.2,0,0,1,0,0,0,0,0,1
DATA,2130000,-0.040568,0.999177,97.5,0.658,0.000,6.578,5.2,1.751,22.6,17.2,0,0,1,0,0,0,0,0,1
DATA,2132000,-0.040422,0.999183,97.5,0.658,0.000,6.577,5.1,1.751,22.5,17.2,0,0,1,0,0,0,0,0,1
DATA,2134000,-0.040277,0.999189,97.5,0.657,0.000,6.577,5.1,1.751,22.5,17.2,0,0,1,0,0,0,0,0,1
DATA,2136000,-0.040132,0.999194,97.5,0.658,0.000,6.574,5.0,1.751,22.5,17.2,0,0,1,0,0,0,0,0,1
DATA,2138000,-0.039986,0.999200,97.5,0.658,0.000,6.573,4.9,1.751,22.5,17.2,0,0,1,0,0,0,0,0,1
DATA,2140000,-0.039841,0.999206,97.5,0.658,0.000,6.573,4.8,1.751,22.5,17.2,0,0,1,0,0,0,0,0,1
DATA,2142000,-0.039696,0.999212,97.5,0.658,0.000,6.569,4.6,1.751,22.4,17.2,0,0,1,0,0,0,0,0,1
DATA,2144000,-0.039551,0.999218,97.5,0.658,0.000,6.571,4.7,1.751,22.4,17.2,0,0,1,0,0,0,0,0,1
DATA,2146000,-0.039405,0.999223,97.5,0.658,0.000,6.570,4.6,1.751,22.4,17.2,0,0,1,0,0,0,0,0,1
DATA,2148000,-0.039260,0.999229,97.5,0.658,0.000,6.570,4.6,1.751,22.4,17.2,0,0,1,0,0,0,0,0,1
DATA,2150000,-0.039114,0.999235,97.5,0.658,0.000,6.567,4.5,1.751,22.4,17.2,0,0,1,0,0,0,0,0,1
DATA,2152000,-0.038969,0.999240,97.5,0.658,0.000,6.566,4.4,1.751,22.4,17.2,0,0,1,0,0,0,0,0,1
DATA,2154000,-0.038823,0.999246,97.5,0.658,0.000,6.566,4.4,1.751,22.4,17.2,0,0,1,0,0,0,0,0,1
DATA,2156000,-0.038678,0.999252,97.5,0.658,0.000,6.564,4.2,1.751,22.4,17.2,0,0,1,0,0,0,0,0,1
DATA,2158000,-0.038533,0.999257,97.5,0.658,0.000,6.564,4.3,1.751,22.3,17.2,0,0,1,0,0,0,0,0,1
DATA,2160000,-0.038388,0.999263,97.5,0.658,0.000,6.562,4.1,1.751,22.3,17.2,0,0,1,0,0,0,0,0,1
DATA,2162000,-0.038242,0.999269,97.5,0.659,0.000,6.562,4.1,1.751,22.3,17.2,0,0,1,0,0,0,0,0,1
DATA,2164000,-0.038097,0.999274,97.5,0.658,0.000,6.560,4.0,1.751,22.3,17.2,0,0,1,0,0,0,0,0,1
DATA,2166000,-0.037952,0.999280,97.5,0.658,0.000,6.559,3.9,1.751,22.2,17.2,0,0,1,0,0,0,0,0,1
DATA,2168000,-0.037806,0.999285,97.5,0.659,0.000,6.560,4.0,1.751,22.2,17.2,0,0,1,0,0,0,0,0,1
DATA,2170000,-0.037661,0.999291,97.5,0.659,0.000,6.559,3.9,1.751,22.2,17.2,0,0,1,0,0,0,0,0,1
DATA,2172000,-0.037516,0.999296,97.5,0.659,0.000,6.557,3.8,1.751,22.2,17.2,0,0,1,0,0,0,0,0,1
DATA,2174000,-0.037370,0.999301,97.5,0.659,0.000,6.558,3.8,1.751,22.2,17.2,0,0,1,0,0,0,0,0,1
DATA,2176000,-0.037225,0.999307,97.5,0.659,0.000,6.555,3.7,1.751,22.2,17.2,0,0,1,0,0,0,0,0,1
DATA,2178000,-0.037079,0.999312,97.5,0.660,0.000,6.558,3.8,1.751,22.2,17.0,0,0,1,0,0,0,0,0,1
DATA,2180000,-0.036934,0.999318,97.5,0.660,0.000,6.555,3.7,1.751,22.1,17.0,0,0,1,0,0,0,0,0,1
DATA,2182000,-0.036789,0.999323,97.5,0.660,0.000,6.556,3.7,1.751,22.1,17.0,0,0,1,0,0,0,0,0,1
DATA,2184000,-0.036643,0.999328,97.5,0.660,0.000,6.555,3.7,1.751,22.1,17.0,0,0,1,0,0,0,0,0,1
DATA,2186000,-0.036498,0.999334,97.5,0.660,0.000,6.552,3.4,1.751,22.1,17.0,0,0,1,0,0,0,0,0,1
DATA,2188000,-0.036353,0.999339,97.5,0.660,0.000,6.550,3.4,1.751,22.1,17.0,0,0,1,0,0,0,0,0,1
DATA,2190000,-0.036208,0.999344,97.5,0.660,0.000,6.552,3.5,1.751,22.1,17.0,0,0,1,0,0,0,0,0,1
DATA,2192000,-0.036062,0.999350,97.5,0.660,0.000,6.552,3.5,1.751,22.1,17.0,0,0,1,0,0,0,0,0,1
DATA,2194000,-0.035917,0.999355,97.5,0.661,0.000,6.551,3.4,1.751,22.1,17.0,0,0,1,0,0,0,0,0,1
DATA,2196000,-0.035772,0.999360,97.5,0.661,0.000,6.550,3.3,1.751,22.1,17.0,0,0,1,0,0,0,0,0,1
DATA,2198000,-0.035626,0.999365,97.5,0.661,0.000,6.550,3.4,1.751,22.1,17.0,0,0,1,0,0,0,0,0,1
DATA,2200000,-0.035481,0.999370,97.5,0.661,0.000,6.550,3.3,1.751,22.0,17.0,0,0,1,0,0,0,0,0,1
DATA,2202000,-0.035335,0.999376,97.5,0.660,0.000,6.549,3.2,1.751,22.0,17.0,0,0,1,0,0,0,0,0,1
DATA,2204000,-0.035190,0.999381,97.5,0.660,0.000,6.547,3.2,1.751,22.0,17.0,0,0,1,0,0,0,0,0,1
DATA,2206000,-0.035045,0.999386,97.5,0.660,0.000,6.545,3.0,1.751,22.0,17.0,0,0,1,0,0,0,0,0,1
DATA,2208000,-0.034899,0.999391,97.5,0.660,0.000,6.544,2.9,1.751,21.9,17.0,0,0,1,0,0,0,0,0,1
DATA,2210000,-0.034754,0.999396,97.5,0.660,0.000,6.543,2.9,1.751,21.9,17.0,0,0,1,0,0,0,0,0,1
DATA,2212000,-0.034609,0.999401,97.5,0.659,0.000,6.540,2.6,1.751,21.9,17.0,0,0,1,0,0,0,0,0,1
DATA,2214000,-0.034464,0.999406,97.5,0.659,0.000,6.541,2.7,1.751,21.9,17.0,0,0,1,0,0,0,0,0,1
DATA,2216000,-0.034318,0.999411,97.5,0.658,0.000,6.540,2.6,1.751,21.9,17.0,0,0,1,0,0,0,0,0,1
DATA,2218000,-0.034172,0.999416,97.5,0.659,0.000,6.540,2.7,1.751,21.9,17.0,0,0,1,0,0,0,0,0,1
DATA,2220000,-0.034027,0.999421,97.5,0.659,0.000,6.538,2.5,1.751,21.9,17.0,0,0,1,0,0,0,0,0,1
DATA,2222000,-0.033882,0.999426,97.5,0.659,0.000,6.538,2.6,1.751,21.9,17.0,0,0,1,0,0,0,0,0,1
DATA,2224000,-0.033736,0.999431,97.5,0.659,0.000,6.538,2.5,1.751,21.8,17.0,0,0,1,0,0,0,0,0,1
DATA,2226000,-0.033591,0.999436,97.5,0.659,0.000,6.536,2.4,1.751,21.8,17.0,0,0,1,0,0,0,0,0,1
DATA,2228000,-0.033446,0.999441,97.5,0.659,0.000,6.534,2.3,1.751,21.8,17.0,0,0,1,0,0,0,0,0,1
DATA,2230000,-0.033301,0.999445,97.5,0.659,0.000,6.534,2.2,1.751,21.8,17.0,0,0,1,0,0,0,0,0,1
DATA,2232000,-0.033155,0.999450,97.5,0.659,0.000,6.534,2.3,1.751,21.7,17.0,0,0,1,0,0,0,0,0,1
DATA,2234000,-0.033010,0.999455,97.5,0.660,0.000,6.533,2.2,1.751,21.7,17.0,0,0,1,0,0,0,0,0,1
DATA,2236000,-0.032864,0.999460,97.5,0.660,0.000,6.532,2.1,1.751,21.7,17.0,0,0,1,0,0,0,0,0,1
DATA,2238000,-0.032719,0.999465,97.5,0.660,0.000,6.530,2.0,1.751,21.7,17.0,0,0,1,0,0,0,0,0,1
DATA,2240000,-0.032573,0.999469,97.5,0.660,0.000,6.530,2.0,1.751,21.7,17.0,0,0,1,0,0,0,0,0,1
DATA,2242000,-0.032428,0.999474,97.5,0.660,0.000,6.529,1.9,1.751,21.7,17.0,0,0,1,0,0,0,0,0,1
DATA,2244000,-0.032283,0.999479,97.5,0.660,0.000,6.528,1.9,1.751,21.7,17.0,0,0,1,0,0,0,0,0,1
DATA,2246000,-0.032138,0.999483,97.5,0.661,0.000,6.527,1.8,1.751,21.7,17.0,0,0,1,0,0,0,0,0,1
DATA,2248000,-0.031992,0.999488,97.5,0.661,0.000,6.527,1.8,1.751,21.7,17.0,0,0,1,0,0,0,0,0,1
DATA,2250000,-0.031847,0.999493,97.5,0.661,0.000,6.525,1.6,1.751,21.6,17.0,0,0,1,0,0,0,0,0,1
DATA,2252000,-0.031701,0.999497,97.5,0.660,0.000,6.525,1.6,1.751,21.6,17.0,0,0,1,0,0,0,0,0,1
DATA,2254000,-0.031556,0.999502,97.5,0.660,0.000,6.524,1.6,1.751,21.6,17.0,0,0,1,0,0,0,0,0,1
DATA,2256000,-0.031411,0.999507,97.5,0.660,0.000,6.523,1.5,1.751,21.6,17.0,0,0,1,0,0,0,0,0,1
DATA,2258000,-0.031265,0.999511,97.5,0.660,0.000,6.523,1.5,1.751,21.6,17.0,0,0,1,0,0,0,0,0,1
DATA,2260000,-0.031120,0.999516,97.5,0.661,0.000,6.522,1.4,1.751,21.6,17.0,0,0,1,0,0,0,0,0,1
DATA,2262000,-0.030975,0.999520,97.5,0.661,0.000,6.520,1.3,1.751,21.6,17.0,0,0,1,0,0,0,0,0,1
DATA,2264000,-0.030829,0.999525,97.5,0.661,0.000,6.520,1.4,1.751,21.6,17.0,0,0,1,0,0,0,0,0,1
DATA,2266000,-0.030684,0.999529,97.5,0.660,0.000,6.518,1.2,1.751,21.5,16.7,0,0,1,0,0,0,0,0,1
DATA,2268000,-0.030538,0.999534,97.5,0.660,0.000,6.517,1.1,1.751,21.5,16.7,0,0,1,0,0,0,0,0,1
DATA,2270000,-0.030394,0.999538,97.5,0.660,0.000,6.517,1.2,1.751,21.4,16.7,0,0,1,0,0,0,0,0,1
DATA,2272000,-0.030247,0.999542,97.5,0.660,0.000,6.516,1.1,1.751,21.4,16.7,0,0,1,0,0,0,0,0,1
DATA,2274000,-0.030102,0.999547,97.5,0.661,0.000,6.516,1.1,1.751,21.4,16.7,0,0,1,0,0,0,0,0,1
DATA,2276000,-0.029957,0.999551,97.5,0.660,0.000,6.513,0.9,1.751,21.4,16.7,0,0,1,0,0,0,0,0,1
DATA,2278000,-0.029812,0.999556,97.5,0.660,0.000,6.513,0.9,1.751,21.4,16.7,0,0,1,0,0,0,0,0,1
DATA,2280000,-0.029666,0.999560,97.5,0.660,0.000,6.513,0.9,1.751,21.4,16.7,0,0,1,0,0,0,0,0,1
DATA,2282000,-0.029521,0.999564,97.5,0.660,0.000,6.511,0.7,1.751,21.4,16.7,0,0,1,0,0,0,0,0,1
DATA,2284000,-0.029375,0.999568,97.5,0.659,0.000,6.510,0.7,1.751,21.4,16.7,0,0,1,0,0,0,0,0,1
DATA,2286000,-0.029230,0.999573,97.5,0.660,0.000,6.508,0.6,1.751,21.4,16.7,0,0,1,0,0,0,0,0,1
DATA,2288000,-0.029084,0.999577,97.5,0.660,0.000,6.507,0.5,1.751,21.3,16.7,0,0,1,0,0,0,0,0,1
DATA,2290000,-0.028939,0.999581,97.5,0.660,0.000,6.507,0.5,1.751,21.3,16.7,0,0,1,0,0,0,0,0,1
DATA,2292000,-0.028794,0.999585,97.5,0.660,0.000,6.507,0.5,1.751,21.3,16.7,0,0,1,0,0,0,0,0,1
DATA,2294000,-0.028648,0.999590,97.5,0.660,0.000,6.506,0.4,1.751,21.3,16.7,0,0,1,0,0,0,0,0,1
DATA,2296000,-0.028503,0.999594,97.5,0.659,0.000,6.503,0.2,1.751,21.2,16.7,0,0,1,0,0,0,0,0,1
DATA,2298000,-0.028358,0.999598,97.5,0.658,0.000,6.504,0.2,1.751,21.2,16.7,0,0,1,0,0,0,0,0,1
DATA,2300000,-0.028212,0.999602,97.5,0.658,0.000,6.501,0.1,1.751,21.2,16.7,0,0,1,0,0,0,0,0,1
DATA,2302000,-0.028067,0.999606,97.5,0.658,0.000,6.502,0.2,1.751,21.2,16.7,0,0,1,0,0,0,0,0,1
DATA,2304000,-0.027921,0.999610,97.5,0.658,0.000,6.499,0.0,1.751,21.2,16.7,0,0,1,0,0,0,0,0,1
DATA,2306000,-0.027776,0.999614,95.8,0.658,0.000,6.498,0.0,1.751,21.2,16.7,0,0,1,0,0,0,0,0,1
DATA,2308000,-0.027631,0.999618,95.0,0.658,0.000,6.498,0.0,1.751,21.2,16.7,0,0,1,0,0,0,0,0,1
DATA,2310000,-0.027485,0.999622,86.7,0.658,0.000,6.496,0.0,1.751,21.1,16.7,0,0,1,0,0,0,0,0,1
DATA,2312000,-0.027340,0.999626,96.7,0.657,0.000,6.495,0.0,1.751,21.1,16.7,0,0,1,0,0,0,0,0,1
DATA,2314000,-0.027195,0.999630,96.7,0.657,0.000,6.496,0.0,1.751,21.1,16.7,0,0,1,0,0,0,0,0,1
DATA,2316000,-0.027048,0.999634,96.7,0.657,0.000,6.495,0.0,1.751,21.1,16.7,0,0,1,0,0,0,0,0,1
DATA,2318000,-0.026904,0.999638,96.7,0.655,0.000,6.485,0.0,1.751,21.1,16.7,0,0,1,0,0,0,0,0,1
DATA,2320000,-0.026758,0.999642,96.7,0.655,0.000,6.491,0.0,1.751,21.1,16.7,0,0,1,0,0,0,0,0,1
DATA,2322000,-0.026613,0.999646,95.8,0.655,0.000,6.492,0.0,1.751,21.1,16.7,0,0,1,0,0,0,0,0,1
DATA,2324000,-0.026467,0.999650,95.8,0.655,0.000,6.489,0.0,1.751,21.1,16.7,0,0,1,0,0,0,0,0,1
DATA,2326000,-0.026322,0.999654,95.8,0.657,0.000,6.489,0.0,1.751,21.1,16.7,0,0,1,0,0,0,0,0,1
DATA,2328000,-0.026177,0.999657,95.8,0.658,0.000,6.488,0.0,1.751,21.0,16.7,0,0,1,0,0,0,0,0,1
DATA,2330000,-0.026032,0.999661,95.8,0.657,0.000,6.482,0.0,1.751,21.0,16.7,0,0,1,0,0,0,0,0,1
DATA,2332000,-0.025886,0.999665,96.7,0.658,0.000,6.487,0.0,1.751,21.0,16.7,0,0,1,0,0,0,0,0,1
DATA,2334000,-0.025740,0.999669,97.5,0.657,0.000,6.484,0.0,1.751,21.0,16.7,0,0,1,0,0,0,0,0,1
DATA,2336000,-0.025595,0.999672,97.5,0.657,0.000,6.482,0.0,1.751,20.9,16.7,0,0,1,0,0,0,0,0,1
DATA,2338000,-0.025450,0.999676,96.7,0.657,0.000,6.484,0.0,1.751,20.9,16.7,0,0,1,0,0,0,0,0,1
DATA,2340000,-0.025305,0.999680,97.5,0.658,0.000,6.482,0.0,1.751,20.9,16.7,0,0,1,0,0,0,0,0,1
DATA,2342000,-0.025159,0.999683,97.5,0.659,0.000,6.483,0.0,1.751,20.9,16.7,0,0,1,0,0,0,0,0,1
DATA,2344000,-0.025014,0.999687,98.3,0.659,0.000,6.480,0.0,1.751,20.9,16.7,0,0,1,0,0,0,0,0,1
DATA,2346000,-0.024868,0.999691,98.3,0.658,0.000,6.466,0.0,1.751,20.9,16.7,0,0,1,0,0,0,0,0,1
DATA,2348000,-0.024723,0.999694,98.3,0.656,0.000,6.461,0.0,1.751,20.8,16.7,0,0,1,0,0,0,0,0,1
DATA,2350000,-0.024577,0.999698,98.3,0.653,0.000,6.458,0.0,1.751,20.8,16.7,0,0,1,0,0,0,0,0,1
DATA,2352000,-0.024432,0.999701,98.3,0.650,0.000,6.450,0.0,1.751,20.8,16.5,0,0,1,0,0,0,0,0,1
DATA,2354000,-0.024287,0.999705,98.3,0.648,0.000,6.447,0.0,1.751,20.8,16.5,0,0,1,0,0,0,0,0,1
DATA,2356000,-0.024142,0.999709,98.3,0.647,0.000,6.445,0.0,1.751,20.8,16.5,0,0,1,0,0,0,0,0,1
DATA,2358000,-0.023996,0.999712,98.3,0.645,0.000,6.443,0.0,1.751,20.7,16.5,0,0,1,0,0,0,0,0,1
DATA,2360000,-0.023850,0.999716,98.3,0.645,0.000,6.441,0.0,1.751,20.7,16.5,0,0,1,0,0,0,0,0,1
DATA,2362000,-0.023705,0.999719,98.3,0.644,0.000,6.433,0.0,1.750,20.7,16.5,0,0,1,0,0,0,0,0,1
DATA,2364000,-0.023560,0.999722,98.3,0.644,0.000,6.436,0.0,1.750,20.7,16.5,0,0,1,0,0,0,0,0,1
DATA,2366000,-0.023414,0.999726,98.3,0.644,0.000,6.433,0.0,1.750,20.7,16.5,0,0,1,0,0,0,0,0,1
DATA,2368000,-0.023269,0.999729,98.3,0.644,0.000,6.430,0.0,1.749,20.7,16.5,0,0,1,0,0,0,0,0,1
DATA,2370000,-0.023123,0.999733,98.3,0.645,0.000,6.436,0.0,1.750,20.7,16.5,0,0,1,0,0,0,0,0,1
DATA,2372000,-0.022978,0.999736,98.3,0.646,0.000,6.440,0.0,1.750,20.6,16.5,0,0,1,0,0,0,0,0,1
DATA,2374000,-0.022833,0.999739,98.3,0.647,0.000,6.438,0.0,1.750,20.6,16.5,0,0,1,0,0,0,0,0,1
DATA,2376000,-0.022687,0.999743,98.3,0.649,0.000,6.438,0.0,1.751,20.6,16.5,0,0,1,0,0,0,0,0,1
DATA,2378000,-0.022542,0.999746,98.3,0.648,0.000,6.427,0.0,1.751,20.6,16.5,0,0,1,0,0,0,0,0,1
DATA,2380000,-0.022397,0.999749,98.3,0.647,0.000,6.425,0.0,1.751,20.6,16.5,0,0,1,0,0,0,0,0,1
DATA,2382000,-0.022251,0.999752,98.3,0.646,0.000,6.424,0.0,1.751,20.6,16.5,0,0,1,0,0,0,0,0,1
DATA,2384000,-0.022106,0.999756,97.5,0.645,0.000,6.422,0.0,1.751,20.6,16.5,0,0,1,0,0,0,0,0,1
DATA,2386000,-0.021960,0.999759,98.3,0.645,0.000,6.421,0.0,1.751,20.5,16.5,0,0,1,0,0,0,0,0,1
DATA,2388000,-0.021815,0.999762,97.5,0.645,0.000,6.419,0.0,1.751,20.5,16.5,0,0,1,0,0,0,0,0,1
DATA,2390000,-0.021669,0.999765,98.3,0.645,0.000,6.418,0.0,1.751,20.5,16.5,0,0,1,0,0,0,0,0,1
DATA,2392000,-0.021524,0.999768,98.3,0.645,0.000,6.416,0.0,1.751,20.5,16.5,0,0,1,0,0,0,0,0,1
DATA,2394000,-0.021379,0.999771,98.3,0.647,0.000,6.431,0.0,1.751,20.5,16.5,0,0,1,0,0,0,0,0,1
DATA,2396000,-0.021234,0.999775,98.3,0.649,0.000,6.430,0.0,1.751,20.4,16.5,0,0,1,0,0,0,0,0,1
DATA,2398000,-0.021087,0.999778,98.3,0.651,0.000,6.429,0.0,1.751,20.4,16.5,0,0,1,0,0,0,0,0,1
DATA,2400000,-0.020942,0.999781,98.3,0.651,0.000,6.412,0.0,1.751,20.4,16.5,0,0,1,0,0,0,0,0,1
DATA,2402000,-0.020797,0.999784,98.3,0.649,0.000,6.410,0.0,1.751,20.4,16.5,0,0,1,0,0,0,0,0,1
DATA,2404000,-0.020651,0.999787,98.3,0.647,0.000,6.408,0.0,1.751,20.4,16.5,0,0,1,0,0,0,0,0,1
DATA,2406000,-0.020506,0.999790,98.3,0.645,0.000,6.406,0.0,1.751,20.4,16.5,0,0,1,0,0,0,0,0,1
DATA,2408000,-0.020361,0.999793,98.3,0.645,0.000,6.405,0.0,1.751,20.3,16.5,0,0,1,0,0,0,0,0,1
DATA,2410000,-0.020215,0.999796,98.3,0.645,0.000,6.404,0.0,1.751,20.3,16.5,0,0,1,0,0,0,0,0,1
DATA,2412000,-0.020070,0.999799,98.3,0.645,0.000,6.402,0.0,1.751,20.3,16.5,0,0,1,0,0,0,0,0,1
DATA,2414000,-0.019924,0.999802,98.3,0.646,0.000,6.407,0.0,1.751,20.3,16.5,0,0,1,0,0,0,0,0,1
DATA,2416000,-0.019779,0.999804,98.3,0.648,0.000,6.415,0.0,1.751,20.3,16.5,0,0,1,0,0,0,0,0,1
DATA,2418000,-0.019634,0.999807,97.5,0.650,0.000,6.414,0.0,1.751,20.2,16.5,0,0,1,0,0,0,0,0,1
DATA,2420000,-0.019488,0.999810,98.3,0.652,0.000,6.405,0.0,1.751,20.2,16.5,0,0,1,0,0,0,0,0,1
DATA,2422000,-0.019342,0.999813,98.3,0.650,0.000,6.395,0.0,1.751,20.2,16.5,0,0,1,0,0,0,0,0,1
DATA,2424000,-0.019198,0.999816,97.5,0.648,0.000,6.393,0.0,1.751,20.2,16.5,0,0,1,0,0,0,0,0,1
DATA,2426000,-0.019052,0.999819,98.3,0.646,0.000,6.391,0.0,1.751,20.2,16.5,0,0,1,0,0,0,0,0,1
DATA,2428000,-0.018906,0.999821,98.3,0.645,0.000,6.390,0.0,1.751,20.2,16.5,0,0,1,0,0,0,0,0,1
DATA,2430000,-0.018761,0.999824,98.3,0.645,0.000,6.388,0.0,1.751,20.2,16.5,0,0,1,0,0,0,0,0,1
DATA,2432000,-0.018616,0.999827,98.3,0.645,0.000,6.387,0.0,1.751,20.2,16.5,0,0,1,0,0,0,0,0,1
DATA,2434000,-0.018470,0.999829,98.3,0.645,0.000,6.385,0.0,1.751,20.1,16.5,0,0,1,0,0,0,0,0,1
DATA,2436000,-0.018325,0.999832,98.3,0.647,0.000,6.400,0.0,1.751,20.1,16.5,0,0,1,0,0,0,0,0,1
DATA,2438000,-0.018179,0.999835,98.3,0.649,0.000,6.400,0.0,1.751,20.1,16.5,0,0,1,0,0,0,0,0,1
DATA,2440000,-0.018034,0.999837,98.3,0.652,0.000,6.399,0.0,1.751,20.1,16.5,0,0,1,0,0,0,0,0,1
DATA,2442000,-0.017888,0.999840,98.3,0.653,0.000,6.397,0.0,1.751,20.1,16.5,0,0,1,0,0,0,0,0,1
DATA,2444000,-0.017743,0.999843,98.3,0.654,0.000,6.396,0.0,1.751,20.1,16.5,0,0,1,0,0,0,0,0,1
DATA,2446000,-0.017598,0.999845,98.3,0.654,0.000,6.395,0.0,1.751,20.1,16.5,0,0,1,0,0,0,0,0,1
DATA,2448000,-0.017453,0.999848,97.5,0.654,0.000,6.404,0.0,1.751,23.1,16.5,0,0,0,0,0,0,0,0,0
DATA,2450000,-0.017306,0.999850,97.5,0.658,0.000,6.416,0.0,1.313,23.2,16.5,0,0,0,0,0,0,0,0,0
DATA,2452000,-0.017161,0.999853,98.3,0.663,0.000,6.417,0.0,0.875,23.3,16.5,0,0,0,0,0,0,0,0,0
DATA,2454000,-0.017016,0.999855,97.5,0.667,0.000,6.416,0.0,0.438,23.4,16.5,0,0,0,0,0,0,0,0,0
DATA,2456000,-0.016870,0.999858,97.5,0.672,0.000,6.416,0.0,0.000,23.4,16.5,0,0,0,0,0,0,0,0,0
DATA,2458000,-0.016725,0.999860,98.3,0.672,0.000,6.415,0.0,0.000,23.4,16.5,0,0,0,0,0,0,0,0,0
DATA,2460000,-0.016580,0.999863,98.3,0.672,0.000,6.415,0.0,0.000,23.5,16.5,0,0,0,0,0,0,0,0,0
DATA,2462000,-0.016434,0.999865,97.5,0.672,0.000,6.411,0.0,0.000,23.5,16.5,0,0,0,0,0,0,0,0,0
DATA,2464000,-0.016289,0.999867,97.5,0.669,0.000,6.396,0.0,0.000,23.6,16.5,0,0,0,0,0,0,0,0,0
DATA,2466000,-0.016143,0.999870,97.5,0.667,0.000,6.394,0.0,0.000,23.6,16.5,0,0,0,0,0,0,0,0,0
DATA,2468000,-0.015998,0.999872,97.5,0.665,0.000,6.392,0.0,0.000,23.6,16.5,0,0,0,0,0,0,0,0,0
DATA,2470000,-0.015853,0.999874,98.3,0.662,0.000,6.391,0.0,0.000,23.7,16.5,0,0,0,0,0,0,0,0,0
DATA,2472000,-0.015707,0.999877,98.3,0.662,0.000,6.390,0.0,0.000,23.7,16.5,0,0,0,0,0,0,0,0,0
DATA,2474000,-0.015561,0.999879,98.3,0.662,0.000,6.389,0.0,0.000,23.7,16.5,0,0,0,0,0,0,0,0,0
DATA,2476000,-0.015416,0.999881,97.5,0.662,0.000,6.388,0.0,0.000,23.7,16.5,0,0,0,0,0,0,0,0,0
DATA,2478000,-0.015271,0.999883,98.3,0.664,0.000,6.400,0.0,0.000,23.7,16.5,0,0,0,0,0,0,0,0,0
DATA,2480000,-0.015125,0.999886,98.3,0.666,0.000,6.404,0.0,0.000,23.8,16.5,0,0,0,0,0,0,0,0,0
DATA,2482000,-0.014980,0.999888,98.3,0.668,0.000,6.403,0.0,0.000,23.8,16.5,0,0,0,0,0,0,0,0,0
DATA,2484000,-0.014835,0.999890,98.3,0.669,0.000,6.388,0.0,0.000,23.8,16.5,0,0,0,0,0,0,0,0,0
DATA,2486000,-0.014689,0.999892,98.3,0.667,0.000,6.383,0.0,0.000,23.8,16.5,0,0,0,0,0,0,0,0,0
DATA,2488000,-0.014544,0.999894,97.5,0.665,0.000,6.382,0.0,0.000,23.8,16.5,0,0,0,0,0,0,0,0,0
DATA,2490000,-0.014398,0.999896,97.5,0.663,0.000,6.380,0.0,0.000,23.9,16.5,0,0,0,0,0,0,0,0,0
DATA,2492000,-0.014253,0.999898,98.3,0.662,0.000,6.379,0.0,0.000,23.9,16.5,0,0,0,0,0,0,0,0,0
DATA,2494000,-0.014108,0.999900,98.3,0.662,0.000,6.378,0.0,0.000,23.9,16.5,0,0,0,0,0,0,0,0,0
DATA,2496000,-0.013962,0.999903,97.5,0.662,0.000,6.377,0.0,0.000,23.9,16.5,0,0,0,0,0,0,0,0,0
DATA,2498000,-0.013817,0.999905,98.3,0.664,0.000,6.379,0.0,0.000,23.9,16.5,0,0,0,0,0,0,0,0,0
DATA,2500000,-0.013671,0.999907,98.3,0.666,0.000,6.391,0.0,0.000,23.9,16.5,0,0,0,0,0,0,0,0,0
DATA,2502000,-0.013526,0.999909,98.3,0.668,0.000,6.391,0.0,0.000,23.9,16.5,0,0,0,0,0,0,0,0,0
DATA,2504000,-0.013380,0.999910,98.3,0.670,0.000,6.388,0.0,0.000,23.9,16.5,0,0,0,0,0,0,0,0,0
DATA,2506000,-0.013235,0.999912,97.5,0.668,0.000,6.372,0.0,0.000,23.9,16.5,0,0,0,0,0,0,0,0,0
DATA,2508000,-0.013089,0.999914,98.3,0.666,0.000,6.370,0.0,0.000,24.0,16.5,0,0,0,0,0,0,0,0,0
DATA,2510000,-0.012944,0.999916,97.5,0.665,0.000,6.368,0.0,0.000,24.0,16.5,0,0,0,0,0,0,0,0,0
DATA,2512000,-0.012799,0.999918,97.5,0.662,0.000,6.367,0.0,0.000,24.0,16.5,0,0,0,0,0,0,0,0,0
DATA,2514000,-0.012654,0.999920,97.5,0.662,0.000,6.365,0.0,0.000,24.0,16.5,0,0,0,0,0,0,0,0,0
DATA,2516000,-0.012507,0.999922,98.3,0.662,0.000,6.364,0.0,0.000,24.0,16.5,0,0,0,0,0,0,0,0,0
DATA,2518000,-0.012362,0.999924,98.3,0.662,0.000,6.362,0.0,0.000,24.0,16.5,0,0,0,0,0,0,0,0,0
DATA,2520000,-0.012217,0.999925,97.5,0.664,0.000,6.374,0.0,0.000,24.1,16.5,0,0,0,0,0,0,0,0,0
DATA,2522000,-0.012072,0.999927,98.3,0.666,0.000,6.379,0.0,0.000,24.1,16.5,0,0,0,0,0,0,0,0,0
DATA,2524000,-0.011926,0.999929,98.3,0.668,0.000,6.377,0.0,0.000,24.1,16.5,0,0,0,0,0,0,0,0,0
DATA,2526000,-0.011781,0.999931,98.3,0.671,0.000,6.377,0.0,0.000,24.1,16.5,0,0,0,0,0,0,0,0,0
DATA,2528000,-0.011635,0.999932,98.3,0.672,0.000,6.376,0.0,0.000,24.1,16.5,0,0,0,0,0,0,0,0,0
DATA,2530000,-0.011489,0.999934,97.5,0.672,0.000,6.375,0.0,0.000,24.1,16.5,0,0,0,0,0,0,0,0,0
DATA,2532000,-0.011344,0.999936,98.3,0.672,0.000,6.374,0.0,0.000,24.1,16.5,0,0,0,0,0,0,0,0,0
DATA,2534000,-0.011199,0.999937,98.3,0.672,0.000,6.373,0.0,0.000,24.1,16.5,0,0,0,0,0,0,0,0,0
DATA,2536000,-0.011054,0.999939,98.3,0.672,0.000,6.373,0.0,0.000,24.1,16.5,0,0,0,0,0,0,0,0,0
DATA,2538000,-0.010908,0.999941,98.3,0.672,0.000,6.371,0.0,0.000,24.1,16.5,0,0,0,0,0,0,0,0,0
DATA,2540000,-0.010762,0.999942,97.5,0.672,0.000,6.370,0.0,0.000,24.1,16.5,0,0,0,0,0,0,0,0,0
DATA,2542000,-0.010617,0.999944,98.3,0.672,0.000,6.369,0.0,0.000,24.1,16.5,0,0,0,0,0,0,0,0,0
DATA,2544000,-0.010472,0.999945,97.5,0.672,0.000,6.368,0.0,0.000,24.1,16.5,0,0,0,0,0,0,0,0,0
DATA,2546000,-0.010326,0.999947,98.3,0.671,0.000,6.367,0.0,0.000,24.1,16.5,0,0,0,0,0,0,0,0,0
DATA,2548000,-0.010181,0.999948,98.3,0.672,0.000,6.366,0.0,0.000,24.1,16.5,0,0,0,0,0,0,0,0,0
DATA,2550000,-0.010036,0.999950,97.5,0.672,0.000,6.365,0.0,0.000,24.1,16.5,0,0,0,0,0,0,0,0,0
DATA,2552000,-0.009889,0.999951,98.3,0.672,0.000,6.364,0.0,0.000,24.2,16.5,0,0,0,0,0,0,0,0,0
DATA,2554000,-0.009744,0.999952,98.3,0.672,0.000,6.362,0.0,0.000,24.2,16.5,0,0,0,0,0,0,0,0,0
DATA,2556000,-0.009599,0.999954,98.3,0.672,0.000,6.361,0.0,0.000,24.2,16.5,0,0,0,0,0,0,0,0,0
DATA,2558000,-0.009454,0.999955,98.3,0.670,0.000,6.347,0.0,0.000,24.2,16.5,0,0,0,0,0,0,0,0,0
DATA,2560000,-0.009308,0.999957,98.3,0.668,0.000,6.351,0.0,0.000,24.2,15.9,0,0,0,0,0,0,0,0,0
DATA,2562000,-0.009163,0.999958,98.3,0.667,0.000,6.348,0.0,0.000,24.2,15.9,0,0,0,0,0,0,0,0,0
DATA,2564000,-0.009017,0.999959,97.5,0.667,0.000,6.352,0.0,0.000,24.2,15.9,0,0,0,0,0,0,0,0,0
DATA,2566000,-0.008872,0.999961,98.3,0.670,0.000,6.355,0.0,0.000,24.2,15.9,0,0,0,0,0,0,0,0,0
DATA,2568000,-0.008726,0.999962,97.5,0.672,0.000,6.359,0.0,0.000,24.2,15.9,0,0,0,0,0,0,0,0,0
DATA,2570000,-0.008581,0.999963,98.3,0.673,0.000,6.355,0.0,0.000,24.2,15.9,0,0,0,0,0,0,0,0,0
DATA,2572000,-0.008435,0.999964,97.5,0.675,0.000,6.358,0.0,0.000,24.2,15.9,0,0,0,0,0,0,0,0,0
DATA,2574000,-0.008290,0.999966,97.5,0.675,0.000,6.362,0.0,0.000,24.2,15.9,0,0,0,0,0,0,0,0,0
DATA,2576000,-0.008144,0.999967,97.5,0.674,0.000,6.353,0.0,0.000,24.2,15.9,0,0,0,0,0,0,0,0,0
DATA,2578000,-0.007999,0.999968,97.5,0.676,0.000,6.363,0.0,0.000,24.2,15.9,0,0,0,0,0,0,0,0,0
DATA,2580000,-0.007854,0.999969,96.7,0.677,0.000,6.362,0.0,0.000,24.2,15.9,0,0,0,0,0,0,0,0,0
DATA,2582000,-0.007708,0.999970,95.8,0.677,0.000,6.357,0.0,0.000,24.2,15.9,0,0,0,0,0,0,0,0,0
DATA,2584000,-0.007562,0.999971,92.5,0.678,0.000,6.359,0.0,0.000,24.2,15.9,0,0,0,0,0,0,0,0,0
DATA,2586000,-0.007417,0.999972,85.8,0.679,0.000,6.359,0.0,0.000,24.2,15.9,0,0,0,0,0,0,0,0,0
DATA,2588000,-0.007272,0.999974,83.3,0.680,0.000,6.357,0.0,0.000,24.2,15.9,0,0,0,0,0,0,0,0,0
DATA,2590000,-0.007127,0.999975,63.3,0.680,0.000,6.358,0.0,0.000,24.2,15.9,0,0,0,0,0,0,0,0,0
DATA,2592000,-0.006981,0.999976,64.2,0.680,0.000,6.357,0.0,0.000,24.2,15.9,0,0,0,0,0,0,0,0,0
DATA,2594000,-0.006836,0.999977,68.3,0.679,0.000,6.357,0.0,0.000,24.2,15.9,0,0,0,0,0,0,0,0,0
DATA,2596000,-0.006690,0.999978,78.3,0.679,0.000,6.353,0.0,0.000,24.3,15.9,0,0,0,0,0,0,0,0,0
DATA,2598000,-0.006545,0.999979,94.2,0.679,0.000,6.353,0.0,0.000,24.2,15.9,0,0,0,0,0,0,0,0,0
DATA,2600000,-0.006399,0.999980,94.2,0.680,0.000,6.350,0.0,0.000,24.3,15.9,0,0,0,0,0,0,0,0,0
