JÅLCD ID:5510
DATA,period_ms,real_hour_sin,real_hour_cos,lux,pv_v,pv_p,home_v,home_soc,load_p,car_soc,human_soc,pvsrc,hsrc,rigid,led,fan,qi,hchg,cchg,v2h
CTP ID:9147
DATA,2000,0.000145,1.000000,89.2,0.674,0.000,7.775,75.9,0.875,94.0,-1.0,0,1,1,0,0,0,0,0,0
DATA,4000,0.000291,1.000000,89.2,0.672,0.000,7.735,73.5,1.313,94.0,-1.0,0,1,1,0,0,0,0,0,0
DATA,6000,0.000436,1.000000,107.5,0.671,0.000,7.734,73.4,1.459,94.0,-1.0,0,1,1,0,0,0,0,0,0
DATA,8000,0.000582,1.000000,111.7,0.671,0.000,7.732,73.2,1.501,94.0,-1.0,0,1,1,0,0,0,0,0,0
DATA,10000,0.000727,1.000000,111.7,0.670,0.000,7.731,73.2,1.751,94.0,-1.0,0,1,1,0,0,0,0,0,0
DATA,12000,0.000873,1.000000,111.7,0.670,0.000,7.730,73.1,1.751,94.0,59.8,0,1,1,0,0,0,0,0,0
DATA,14000,0.001018,0.999999,111.7,0.670,0.000,7.730,73.1,1.751,94.0,59.8,0,1,1,0,0,0,0,0,0
DATA,16000,0.001164,0.999999,113.3,0.670,0.000,7.734,73.4,1.752,94.0,59.8,0,1,1,0,0,0,0,0,0
DATA,18000,0.001309,0.999999,116.7,0.671,0.000,7.729,73.0,1.752,94.0,59.8,0,1,1,0,0,0,0,0,0
DATA,20000,-0.986703,-0.162537,116.7,0.671,0.000,7.733,73.3,1.752,94.0,59.8,0,1,1,0,0,0,0,0,0
DATA,22000,-0.986726,-0.162394,116.7,0.672,0.000,7.731,73.2,1.752,94.0,59.8,0,1,1,0,0,0,0,0,0
DATA,24000,-0.986750,-0.162250,116.7,0.672,0.000,7.733,73.3,1.753,94.0,59.8,0,1,1,0,0,0,0,0,0
DATA,26000,-0.986773,-0.162106,117.5,0.673,0.000,7.733,73.3,1.754,94.0,59.8,0,1,1,0,0,0,0,0,0
DATA,28000,-0.986797,-0.161963,117.5,0.673,0.000,7.732,73.2,1.755,94.0,59.8,0,1,1,0,0,0,0,0,0
DATA,30000,-0.986821,-0.161819,117.5,0.673,0.000,7.731,73.2,1.757,94.0,59.8,0,1,1,0,0,0,0,0,0
DATA,32000,-0.986844,-0.161676,117.5,0.673,0.000,7.730,73.1,1.757,94.0,59.8,0,1,1,0,0,0,0,0,0
DATA,34000,-0.986867,-0.161532,117.5,0.673,0.000,7.731,73.2,1.757,94.0,59.8,0,1,1,0,0,0,0,0,0
DATA,36000,-0.986891,-0.161389,117.5,0.673,0.000,7.731,73.2,1.757,94.0,59.8,0,1,1,0,0,0,0,0,0
DATA,38000,-0.986915,-0.161245,117.5,0.672,0.000,7.729,73.0,1.757,94.0,59.8,0,1,1,0,0,0,0,0,0
DATA,40000,-0.986938,-0.161101,117.5,0.672,0.000,7.729,73.0,1.757,94.0,59.8,0,1,1,0,0,0,0,0,0
DATA,42000,-0.986961,-0.160958,117.5,0.672,0.000,7.727,73.0,1.757,94.0,59.8,0,1,1,0,0,0,0,0,0
DATA,44000,-0.986985,-0.160814,117.5,0.673,0.000,7.727,73.0,1.757,94.0,59.8,0,1,1,0,0,0,0,0,0
DATA,46000,-0.987008,-0.160670,117.5,0.673,0.000,7.727,72.9,1.757,94.0,59.8,0,1,1,0,0,0,0,0,0
DATA,48000,-0.987031,-0.160527,117.5,0.673,0.000,7.726,72.9,1.757,94.0,59.8,0,1,1,0,0,0,0,0,0
DATA,50000,-0.987055,-0.160384,117.5,0.674,0.000,7.727,72.9,1.757,94.0,59.8,0,1,1,0,0,0,0,0,0
DATA,52000,-0.987078,-0.160240,117.5,0.674,0.000,7.726,72.9,1.757,94.0,59.8,0,1,1,0,0,0,0,0,0
DATA,54000,-0.987101,-0.160096,117.5,0.674,0.000,7.726,72.9,1.757,94.0,59.8,0,1,1,0,0,0,0,0,0
DATA,56000,-0.987125,-0.159953,117.5,0.675,0.000,7.725,72.8,1.757,94.0,59.8,0,1,1,0,0,0,0,0,0
DATA,58000,-0.987148,-0.159809,117.5,0.675,0.000,7.724,72.8,1.757,94.0,59.8,0,1,1,0,0,0,0,0,0
DATA,60000,-0.987171,-0.159665,117.5,0.675,0.000,7.724,72.7,1.757,94.0,59.8,0,1,1,0,0,0,0,0,0
DATA,62000,-0.987194,-0.159522,117.5,0.674,0.000,7.723,72.7,1.757,94.0,59.8,0,1,1,0,0,0,0,0,0
DATA,64000,-0.987217,-0.159379,117.5,0.674,0.000,7.723,72.7,1.757,94.0,59.8,0,1,1,0,0,0,0,0,0
DATA,66000,-0.987241,-0.159235,117.5,0.674,0.000,7.723,72.7,1.757,94.0,59.8,0,1,1,0,0,0,0,0,0
DATA,68000,-0.987264,-0.159091,117.5,0.674,0.000,7.722,72.6,1.757,94.0,59.8,0,1,1,0,0,0,0,0,0
DATA,70000,-0.987287,-0.158948,117.5,0.674,0.000,7.722,72.6,1.757,94.0,59.8,0,1,1,0,0,0,0,0,0
DATA,72000,-0.987310,-0.158804,117.5,0.674,0.000,7.719,72.5,1.757,94.0,59.5,0,1,1,0,0,0,0,0,0
DATA,74000,-0.987333,-0.158661,117.5,0.674,0.000,7.720,72.5,1.757,94.0,59.5,0,1,1,0,0,0,0,0,0
DATA,76000,-0.987356,-0.158517,117.5,0.674,0.000,7.720,72.5,1.757,94.0,59.5,0,1,1,0,0,0,0,0,0
DATA,78000,-0.987379,-0.158373,117.5,0.674,0.000,7.719,72.4,1.757,94.0,59.5,0,1,1,0,0,0,0,0,0
DATA,80000,-0.987402,-0.158230,117.5,0.674,0.000,7.717,72.3,1.757,94.0,59.5,0,1,1,0,0,0,0,0,0
DATA,82000,-0.987425,-0.158086,117.5,0.674,0.000,7.716,72.3,1.757,94.0,59.5,0,1,1,0,0,0,0,0,0
DATA,84000,-0.987448,-0.157942,117.5,0.673,0.000,7.714,72.1,1.756,94.0,59.5,0,1,1,0,0,0,0,0,0
DATA,86000,-0.987471,-0.157799,117.5,0.674,0.000,7.717,72.3,1.756,94.0,59.5,0,1,1,0,0,0,0,0,0
DATA,88000,-0.987494,-0.157656,117.5,0.674,0.000,7.716,72.2,1.756,94.0,59.5,0,1,1,0,0,0,0,0,0
DATA,90000,-0.987517,-0.157512,117.5,0.674,0.000,7.714,72.1,1.756,94.0,59.5,0,1,1,0,0,0,0,0,0
DATA,92000,-0.987540,-0.157368,117.5,0.675,0.000,7.715,72.2,1.757,94.0,59.5,0,1,1,0,0,0,0,0,0
DATA,94000,-0.987563,-0.157224,117.5,0.675,0.000,7.715,72.2,1.757,94.0,59.5,0,1,1,0,0,0,0,0,0
DATA,96000,-0.987586,-0.157081,117.5,0.675,0.000,7.716,72.2,1.757,94.0,59.5,0,1,1,0,0,0,0,0,0
DATA,98000,-0.987609,-0.156937,117.5,0.675,0.000,7.715,72.2,1.757,94.0,59.5,0,1,1,0,0,0,0,0,0
DATA,100000,-0.987631,-0.156793,117.5,0.675,0.000,7.716,72.2,1.757,94.0,59.5,0,1,1,0,0,0,0,0,0
DATA,102000,-0.987654,-0.156650,117.5,0.675,0.000,7.714,72.1,1.757,94.0,59.5,0,1,1,0,0,0,0,0,0
DATA,104000,-0.987677,-0.156506,117.5,0.675,0.000,7.715,72.2,1.757,94.0,59.5,0,1,1,0,0,0,0,0,0
DATA,106000,-0.987700,-0.156362,117.5,0.675,0.000,7.714,72.1,1.757,94.0,59.5,0,1,1,0,0,0,0,0,0
DATA,108000,-0.987722,-0.156219,117.5,0.675,0.000,7.713,72.1,1.757,94.0,59.5,0,1,1,0,0,0,0,0,0
DATA,110000,-0.987745,-0.156075,117.5,0.675,0.000,7.713,72.1,1.757,94.0,59.5,0,1,1,0,0,0,0,0,0
DATA,112000,-0.987768,-0.155932,117.5,0.674,0.000,7.711,71.9,1.757,94.0,59.5,0,1,1,0,0,0,0,0,0
DATA,114000,-0.987791,-0.155788,117.5,0.674,0.000,7.711,71.9,1.757,94.0,59.5,0,1,1,0,0,0,0,0,0
DATA,116000,-0.987813,-0.155644,117.5,0.674,0.000,7.709,71.8,1.757,94.0,59.5,0,1,1,0,0,0,0,0,0
DATA,118000,-0.987836,-0.155501,117.5,0.674,0.000,7.711,72.0,1.757,94.0,59.5,0,1,1,0,0,0,0,0,0
DATA,120000,-0.987858,-0.155357,117.5,0.674,0.000,7.710,71.9,1.757,94.0,59.5,0,1,1,0,0,0,0,0,0
DATA,122000,-0.987881,-0.155213,117.5,0.673,0.000,7.709,71.8,1.757,94.0,59.5,0,1,1,0,0,0,0,0,0
DATA,124000,-0.987904,-0.155070,117.5,0.674,0.000,7.708,71.8,1.757,94.0,59.5,0,1,1,0,0,0,0,0,0
DATA,126000,-0.987926,-0.154926,117.5,0.673,0.000,7.707,71.7,1.757,94.0,59.5,0,1,1,0,0,0,0,0,0
DATA,128000,-0.987949,-0.154782,117.5,0.673,0.000,7.708,71.8,1.757,94.0,59.5,0,1,1,0,0,0,0,0,0
DATA,130000,-0.987971,-0.154638,117.5,0.674,0.000,7.707,71.7,1.757,94.0,59.5,0,1,1,0,0,0,0,0,0
DATA,132000,-0.987994,-0.154495,117.5,0.673,0.000,7.706,71.6,1.757,94.0,59.5,0,1,1,0,0,0,0,0,0
DATA,134000,-0.988016,-0.154351,117.5,0.673,0.000,7.709,71.8,1.757,94.0,59.5,0,1,1,0,0,0,0,0,0
DATA,136000,-0.988038,-0.154207,117.5,0.674,0.000,7.707,71.7,1.757,94.0,59.5,0,1,1,0,0,0,0,0,0
DATA,138000,-0.988061,-0.154064,117.5,0.674,0.000,7.707,71.7,1.757,94.0,59.5,0,1,1,0,0,0,0,0,0
DATA,140000,-0.988083,-0.153920,117.5,0.674,0.000,7.707,71.7,1.757,94.0,59.5,0,1,1,0,0,0,0,0,0
DATA,142000,-0.988106,-0.153776,117.5,0.674,0.000,7.705,71.5,1.757,94.0,59.5,0,1,1,0,0,0,0,0,0
DATA,144000,-0.988128,-0.153633,117.5,0.674,0.000,7.701,71.3,1.757,94.0,59.5,0,1,1,0,0,0,0,0,0
DATA,146000,-0.988150,-0.153489,117.5,0.674,0.000,7.704,71.5,1.757,94.0,59.5,0,1,1,0,0,0,0,0,0
DATA,148000,-0.988173,-0.153345,117.5,0.674,0.000,7.704,71.5,1.757,94.0,59.5,0,1,1,0,0,0,0,0,0
DATA,150000,-0.988195,-0.153201,117.5,0.674,0.000,7.703,71.4,1.757,94.0,59.5,0,1,1,0,0,0,0,0,0
DATA,152000,-0.988217,-0.153058,117.5,0.675,0.000,7.703,71.4,1.757,94.0,59.5,0,1,1,0,0,0,0,0,0
DATA,154000,-0.988240,-0.152914,117.5,0.675,0.000,7.704,71.5,1.757,94.0,59.5,0,1,1,0,0,0,0,0,0
DATA,156000,-0.988262,-0.152770,117.5,0.674,0.000,7.705,71.6,1.757,94.0,59.5,0,1,1,0,0,0,0,0,0
DATA,158000,-0.988284,-0.152627,117.5,0.674,0.000,7.704,71.5,1.757,94.0,59.5,0,1,1,0,0,0,0,0,0
DATA,160000,-0.988306,-0.152483,117.5,0.673,0.000,7.704,71.5,1.757,94.0,59.5,0,1,1,0,0,0,0,0,0
DATA,162000,-0.988328,-0.152339,117.5,0.673,0.000,7.702,71.4,1.757,94.0,59.5,0,1,1,0,0,0,0,0,0
DATA,164000,-0.988351,-0.152195,117.5,0.673,0.000,7.702,71.3,1.757,94.0,59.5,0,1,1,0,0,0,0,0,0
DATA,166000,-0.988373,-0.152052,117.5,0.673,0.000,7.702,71.4,1.757,94.0,59.5,0,1,1,0,0,0,0,0,0
DATA,168000,-0.988395,-0.151908,117.5,0.673,0.000,7.700,71.3,1.757,94.0,59.5,0,1,1,0,0,0,0,0,0
DATA,170000,-0.988417,-0.151764,117.5,0.673,0.000,7.699,71.2,1.757,94.0,59.5,0,1,1,0,0,0,0,0,0
DATA,172000,-0.988439,-0.151620,117.5,0.673,0.000,7.700,71.2,1.757,94.0,59.5,0,1,1,0,0,0,0,0,0
DATA,174000,-0.988461,-0.151477,117.5,0.673,0.000,7.699,71.2,1.756,94.0,59.5,0,1,1,0,0,0,0,0,0
DATA,176000,-0.988483,-0.151333,117.5,0.673,0.000,7.700,71.3,1.756,94.0,59.5,0,1,1,0,0,0,0,0,0
DATA,178000,-0.988505,-0.151189,117.5,0.673,0.000,7.697,71.1,1.756,94.0,59.5,0,1,1,0,0,0,0,0,0
DATA,180000,-0.988527,-0.151045,117.5,0.673,0.000,7.699,71.2,1.756,94.0,59.5,0,1,1,0,0,0,0,0,0
DATA,182000,-0.988549,-0.150902,117.5,0.673,0.000,7.698,71.2,1.757,94.0,59.5,0,1,1,0,0,0,0,0,0
DATA,184000,-0.988571,-0.150758,116.7,0.673,0.000,7.696,71.0,1.757,94.0,59.5,0,1,1,0,0,0,0,0,0
DATA,186000,-0.988593,-0.150614,112.5,0.673,0.000,7.698,71.1,1.757,94.0,59.5,0,1,1,0,0,0,0,0,0
DATA,188000,-0.988615,-0.150470,115.8,0.673,0.000,7.695,70.9,1.757,94.0,59.5,0,1,1,0,0,0,0,0,0
DATA,190000,-0.988636,-0.150326,115.0,0.673,0.000,7.695,70.9,1.757,94.0,59.5,0,1,1,0,0,0,0,0,0
DATA,192000,-0.988658,-0.150183,115.0,0.673,0.000,7.695,70.9,1.757,94.0,59.5,0,1,1,0,0,0,0,0,0
DATA,194000,-0.988680,-0.150038,115.0,0.673,0.000,7.695,70.9,1.757,94.0,59.5,0,1,1,0,0,0,0,0,0
DATA,196000,-0.988702,-0.149895,115.0,0.674,0.000,7.695,70.9,1.757,94.0,59.5,0,1,1,0,0,0,0,0,0
DATA,198000,-0.988724,-0.149751,114.2,0.674,0.000,7.693,70.8,1.757,94.0,59.5,0,1,1,0,0,0,0,0,0
DATA,200000,-0.988746,-0.149607,114.2,0.674,0.000,7.695,70.9,1.757,94.0,59.5,0,1,1,0,0,0,0,0,0
DATA,202000,-0.988767,-0.149463,114.2,0.673,0.000,7.691,70.7,1.756,94.0,59.5,0,1,1,0,0,0,0,0,0
DATA,204000,-0.988789,-0.149319,114.2,0.672,0.000,7.691,70.7,1.755,94.0,59.5,0,1,1,0,0,0,0,0,0
DATA,206000,-0.988811,-0.149176,115.0,0.672,0.000,7.687,70.4,1.755,94.0,59.5,0,1,1,0,0,0,0,0,0
DATA,208000,-0.988832,-0.149032,115.0,0.672,0.000,7.692,70.7,1.755,94.0,59.5,0,1,1,0,0,0,0,0,0
DATA,210000,-0.988854,-0.148888,115.0,0.672,0.000,7.693,70.8,1.755,94.0,59.5,0,1,1,0,0,0,0,0,0
DATA,212000,-0.988876,-0.148744,115.0,0.672,0.000,7.693,70.8,1.755,94.0,59.5,0,1,1,0,0,0,0,0,0
DATA,214000,-0.988897,-0.148601,115.0,0.673,0.000,7.692,70.8,1.756,94.0,59.5,0,1,1,0,0,0,0,0,0
DATA,216000,-0.988919,-0.148457,115.0,0.673,0.000,7.692,70.7,1.757,94.0,59.5,0,1,1,0,0,0,0,0,0
DATA,218000,-0.988941,-0.148313,115.0,0.673,0.000,7.689,70.6,1.757,94.0,59.5,0,1,1,0,0,0,0,0,0
DATA,220000,-0.988962,-0.148169,114.2,0.672,0.000,7.692,70.7,1.757,94.0,59.5,0,1,1,0,0,0,0,0,0
DATA,222000,-0.988984,-0.148025,115.0,0.672,0.000,7.691,70.7,1.757,94.0,59.5,0,1,1,0,0,0,0,0,0
DATA,224000,-0.989005,-0.147881,115.0,0.672,0.000,7.689,70.6,1.757,94.0,59.5,0,1,1,0,0,0,0,0,0
DATA,226000,-0.989027,-0.147737,115.0,0.672,0.000,7.691,70.7,1.757,94.0,59.5,0,1,1,0,0,0,0,0,0
DATA,228000,-0.989048,-0.147594,115.0,0.673,0.000,7.691,70.7,1.757,94.0,59.5,0,1,1,0,0,0,0,0,0
DATA,230000,-0.989070,-0.147449,115.0,0.673,0.000,7.691,70.7,1.757,94.0,59.5,0,1,1,0,0,0,0,0,0
DATA,232000,-0.989091,-0.147306,115.0,0.673,0.000,7.690,70.7,1.757,94.0,59.5,0,1,1,0,0,0,0,0,0
DATA,234000,-0.989112,-0.147162,115.0,0.673,0.000,7.688,70.5,1.757,94.0,59.5,0,1,1,0,0,0,0,0,0
DATA,236000,-0.989134,-0.147018,115.0,0.673,0.000,7.688,70.5,1.757,94.0,59.5,0,1,1,0,0,0,0,0,0
DATA,238000,-0.989155,-0.146874,115.0,0.673,0.000,7.686,70.4,1.757,94.0,59.5,0,1,1,0,0,0,0,0,0
DATA,240000,-0.989177,-0.146730,114.2,0.673,0.000,7.688,70.5,1.757,94.0,59.5,0,1,1,0,0,0,0,0,0
DATA,242000,-0.989198,-0.146587,114.2,0.674,0.000,7.687,70.4,1.757,94.0,59.5,0,1,1,0,0,0,0,0,0
DATA,244000,-0.989219,-0.146443,114.2,0.674,0.000,7.685,70.3,1.757,94.0,59.5,0,1,1,0,0,0,0,0,0
DATA,246000,-0.989241,-0.146298,115.0,0.674,0.000,7.687,70.4,1.757,94.0,59.5,0,1,1,0,0,0,0,0,0
DATA,248000,-0.989262,-0.146155,115.8,0.674,0.000,7.687,70.4,1.757,94.0,59.5,0,1,1,0,0,0,0,0,0
DATA,250000,-0.989283,-0.146011,115.8,0.675,0.000,7.687,70.4,1.757,94.0,59.5,0,1,1,0,0,0,0,0,0
DATA,252000,-0.989304,-0.145867,115.0,0.675,0.000,7.687,70.4,1.757,94.0,59.5,0,1,1,0,0,0,0,0,0
DATA,254000,-0.989325,-0.145723,115.8,0.675,0.000,7.686,70.4,1.757,94.0,59.5,0,1,1,0,0,0,0,0,0
DATA,256000,-0.989347,-0.145579,115.0,0.675,0.000,7.685,70.3,1.757,94.0,59.5,0,1,1,0,0,0,0,0,0
DATA,258000,-0.989368,-0.145436,115.8,0.675,0.000,7.683,70.2,1.757,94.0,59.5,0,1,1,0,0,0,0,0,0
DATA,260000,-0.989389,-0.145292,115.0,0.675,0.000,7.684,70.3,1.757,94.0,59.5,0,1,1,0,0,0,0,0,0
DATA,262000,-0.989410,-0.145147,115.0,0.675,0.000,7.685,70.3,1.757,94.0,59.5,0,1,1,0,0,0,0,0,0
DATA,264000,-0.989431,-0.145004,114.2,0.675,0.000,7.685,70.3,1.757,94.0,59.5,0,1,1,0,0,0,0,0,0
DATA,266000,-0.989452,-0.144859,112.5,0.675,0.000,7.684,70.3,1.757,94.0,59.5,0,1,1,0,0,0,0,0,0
DATA,268000,-0.989473,-0.144716,115.8,0.675,0.000,7.685,70.3,1.757,94.0,59.5,0,1,1,0,0,0,0,0,0
DATA,270000,-0.989494,-0.144572,117.5,0.675,0.000,7.681,70.1,1.757,94.0,59.5,0,1,1,0,0,0,0,0,0
DATA,272000,-0.989515,-0.144428,117.5,0.675,0.000,7.682,70.1,1.757,94.0,59.5,0,1,1,0,0,0,0,0,0
DATA,274000,-0.989536,-0.144284,117.5,0.675,0.000,7.683,70.2,1.757,94.0,59.5,0,1,1,0,0,0,0,0,0
DATA,276000,-0.989557,-0.144140,117.5,0.675,0.000,7.681,70.1,1.757,94.0,59.5,0,1,1,0,0,0,0,0,0
DATA,278000,-0.989578,-0.143996,117.5,0.675,0.000,7.680,70.0,1.757,94.0,59.5,0,1,1,0,0,0,0,0,0
DATA,280000,-0.989599,-0.143853,117.5,0.675,0.000,7.681,70.1,1.757,94.0,59.5,0,1,1,0,0,0,0,0,0
DATA,282000,-0.989620,-0.143708,117.5,0.675,0.000,7.681,70.1,1.757,94.0,59.5,0,1,1,0,0,0,0,0,0
DATA,284000,-0.989641,-0.143565,117.5,0.675,0.000,7.681,70.0,1.757,94.0,59.5,0,1,1,0,0,0,0,0,0
DATA,286000,-0.989662,-0.143421,117.5,0.674,0.000,7.677,69.8,1.756,94.0,59.5,0,1,1,0,0,0,0,0,0
DATA,288000,-0.989683,-0.143276,117.5,0.673,0.000,7.677,69.8,1.755,94.0,59.5,0,1,1,0,0,0,0,0,0
DATA,290000,-0.989704,-0.143132,117.5,0.673,0.000,7.681,70.0,1.755,94.0,59.5,0,1,1,0,0,0,0,0,0
DATA,292000,-0.989724,-0.142989,117.5,0.672,0.000,7.679,70.0,1.754,94.0,59.5,0,1,1,0,0,0,0,0,0
DATA,294000,-0.989745,-0.142845,117.5,0.673,0.000,7.677,69.8,1.754,94.0,59.5,0,1,1,0,0,0,0,0,0
DATA,296000,-0.989766,-0.142701,117.5,0.673,0.000,7.673,69.6,1.755,94.0,59.5,0,1,1,0,0,0,0,0,0
DATA,298000,-0.989787,-0.142557,117.5,0.673,0.000,7.677,69.8,1.755,94.0,59.5,0,1,1,0,0,0,0,0,0
DATA,300000,-0.989807,-0.142413,117.5,0.674,0.000,7.678,69.9,1.755,94.0,59.5,0,1,1,0,0,0,0,0,0
DATA,302000,-0.989828,-0.142269,117.5,0.674,0.000,7.678,69.9,1.756,94.0,59.5,0,1,1,0,0,0,0,0,0
DATA,304000,-0.989849,-0.142125,117.5,0.674,0.000,7.677,69.8,1.757,94.0,59.5,0,1,1,0,0,0,0,0,0
DATA,306000,-0.989869,-0.141981,117.5,0.675,0.000,7.677,69.8,1.757,94.0,59.5,0,1,1,0,0,0,0,0,0
DATA,308000,-0.989890,-0.141837,117.5,0.674,0.000,7.667,69.2,1.755,94.0,59.5,0,1,1,0,0,0,0,0,0
DATA,310000,-0.989911,-0.141693,117.5,0.673,0.000,7.672,69.5,1.754,94.0,59.5,0,1,1,0,0,0,0,0,0
DATA,312000,-0.989931,-0.141549,117.5,0.672,0.000,7.672,69.5,1.753,94.0,59.5,0,1,1,0,0,0,0,0,0
DATA,314000,-0.989952,-0.141405,117.5,0.672,0.000,7.676,69.8,1.753,94.0,59.5,0,1,1,0,0,0,0,0,0
DATA,316000,-0.989972,-0.141261,117.5,0.673,0.000,7.677,69.8,1.755,94.0,59.5,0,1,1,0,0,0,0,0,0
DATA,318000,-0.989993,-0.141117,117.5,0.674,0.000,7.675,69.7,1.756,94.0,59.5,0,1,1,0,0,0,0,0,0
DATA,320000,-0.990013,-0.140973,117.5,0.674,0.000,7.676,69.8,1.757,94.0,59.5,0,1,1,0,0,0,0,0,0
DATA,322000,-0.990034,-0.140829,117.5,0.674,0.000,7.676,69.7,1.756,94.0,59.5,0,1,1,0,0,0,0,0,0
DATA,324000,-0.990054,-0.140686,117.5,0.674,0.000,7.676,69.8,1.755,94.0,59.5,0,1,1,0,0,0,0,0,0
DATA,326000,-0.990075,-0.140541,117.5,0.674,0.000,7.678,69.9,1.755,94.0,59.5,0,1,1,0,0,0,0,0,0
DATA,328000,-0.990095,-0.140397,117.5,0.674,0.000,7.676,69.8,1.755,94.0,59.5,0,1,1,0,0,0,0,0,0
DATA,330000,-0.990116,-0.140253,117.5,0.675,0.000,7.677,69.8,1.756,94.0,59.5,0,1,1,0,0,0,0,0,0
DATA,332000,-0.990136,-0.140110,117.5,0.675,0.000,7.676,69.8,1.757,94.0,59.5,0,1,1,0,0,0,0,0,0
DATA,334000,-0.990156,-0.139965,117.5,0.675,0.000,7.675,69.7,1.757,94.0,59.5,0,1,1,0,0,0,0,0,0
DATA,336000,-0.990177,-0.139821,117.5,0.675,0.000,7.675,69.7,1.757,94.0,59.5,0,1,1,0,0,0,0,0,0
DATA,338000,-0.990197,-0.139677,117.5,0.675,0.000,7.675,69.7,1.757,94.0,59.5,0,1,1,0,0,0,0,0,0
DATA,340000,-0.990218,-0.139533,117.5,0.675,0.000,7.675,69.7,1.757,94.0,59.5,0,1,1,0,0,0,0,0,0
DATA,342000,-0.990238,-0.139389,117.5,0.675,0.000,7.674,69.6,1.757,94.0,59.5,0,1,1,0,0,0,0,0,0
DATA,344000,-0.990258,-0.139245,117.5,0.675,0.000,7.675,69.7,1.757,94.0,59.5,0,1,1,0,0,0,0,0,0
DATA,346000,-0.990278,-0.139101,117.5,0.675,0.000,7.673,69.6,1.757,94.0,59.5,0,1,1,0,0,0,0,0,0
DATA,348000,-0.990299,-0.138957,117.5,0.675,0.000,7.673,69.6,1.757,94.0,59.5,0,1,1,0,0,0,0,0,0
DATA,350000,-0.990319,-0.138813,117.5,0.675,0.000,7.673,69.5,1.757,94.0,59.5,0,1,1,0,0,0,0,0,0
DATA,352000,-0.990339,-0.138669,117.5,0.674,0.000,7.672,69.5,1.757,94.0,59.5,0,1,1,0,0,0,0,0,0
DATA,354000,-0.990359,-0.138525,117.5,0.674,0.000,7.671,69.5,1.756,94.0,59.5,0,1,1,0,0,0,0,0,0
DATA,356000,-0.990379,-0.138380,117.5,0.674,0.000,7.671,69.4,1.756,94.0,59.5,0,1,1,0,0,0,0,0,0
DATA,358000,-0.990399,-0.138237,117.5,0.674,0.000,7.667,69.2,1.755,94.0,59.5,0,1,1,0,0,0,0,0,0
DATA,360000,-0.990419,-0.138093,117.5,0.673,0.000,7.666,69.1,1.755,94.0,59.5,0,1,1,0,0,0,0,0,0
DATA,362000,-0.990439,-0.137948,117.5,0.673,0.000,7.670,69.4,1.755,94.0,59.5,0,1,1,0,0,0,0,0,0
DATA,364000,-0.990460,-0.137804,117.5,0.673,0.000,7.671,69.4,1.753,94.0,59.5,0,1,1,0,0,0,0,0,0
DATA,366000,-0.990479,-0.137661,117.5,0.673,0.000,7.669,69.3,1.753,94.0,59.5,0,1,1,0,0,0,0,0,0
DATA,368000,-0.990499,-0.137517,117.5,0.674,0.000,7.670,69.4,1.754,94.0,59.5,0,1,1,0,0,0,0,0,0
DATA,370000,-0.990520,-0.137372,117.5,0.673,0.000,7.669,69.3,1.755,94.0,59.5,0,1,1,0,0,0,0,0,0
DATA,372000,-0.990539,-0.137228,117.5,0.673,0.000,7.669,69.3,1.755,94.0,59.5,0,1,1,0,0,0,0,0,0
DATA,374000,-0.990559,-0.137084,117.5,0.673,0.000,7.668,69.3,1.755,94.0,59.5,0,1,1,0,0,0,0,0,0
DATA,376000,-0.990579,-0.136940,117.5,0.673,0.000,7.669,69.3,1.755,94.0,59.5,0,1,1,0,0,0,0,0,0
DATA,378000,-0.990599,-0.136796,117.5,0.674,0.000,7.668,69.2,1.755,94.0,59.5,0,1,1,0,0,0,0,0,0
DATA,380000,-0.990619,-0.136652,117.5,0.674,0.000,7.668,69.3,1.755,94.0,59.5,0,1,1,0,0,0,0,0,0
DATA,382000,-0.990639,-0.136508,117.5,0.674,0.000,7.668,69.2,1.756,94.0,59.5,0,1,1,0,0,0,0,0,0
DATA,384000,-0.990659,-0.136364,117.5,0.674,0.000,7.665,69.1,1.756,94.0,59.5,0,1,1,0,0,0,0,0,0
DATA,386000,-0.990679,-0.136220,117.5,0.674,0.000,7.668,69.3,1.756,94.0,59.5,0,1,1,0,0,0,0,0,0
DATA,388000,-0.990698,-0.136075,117.5,0.674,0.000,7.667,69.2,1.756,94.0,59.5,0,1,1,0,0,0,0,0,0
DATA,390000,-0.990718,-0.135932,112.5,0.674,0.000,7.666,69.2,1.756,94.0,59.5,0,1,1,0,0,0,0,0,0
DATA,392000,-0.990738,-0.135787,120.8,0.674,0.000,7.666,69.1,1.757,94.0,59.5,0,1,1,0,0,0,0,0,0
DATA,394000,-0.990758,-0.135644,271.7,0.674,0.000,7.666,69.1,1.756,94.0,59.5,0,1,1,0,0,0,0,0,0
DATA,396000,-0.990777,-0.135499,75.0,0.674,0.000,7.666,69.1,1.756,94.0,59.5,0,1,1,1,0,0,0,0,0
DATA,398000,-0.990797,-0.135355,400.8,0.673,0.000,7.665,69.0,1.756,94.0,59.5,0,1,1,0,0,0,0,0,0
DATA,400000,-0.990817,-0.135211,161.7,1.390,0.000,7.663,68.9,1.756,94.0,59.5,0,1,1,0,0,0,0,0,0
DATA,402000,-0.990836,-0.135067,215.8,1.653,0.000,7.662,68.9,1.755,94.0,59.5,0,1,1,0,0,0,0,0,0
DATA,404000,-0.990856,-0.134923,216.7,2.028,0.000,7.661,68.8,1.755,94.0,59.5,0,1,1,0,0,0,0,0,0
DATA,406000,-0.990876,-0.134779,198.3,2.352,0.000,7.663,68.9,1.754,94.0,59.5,0,1,1,0,0,0,0,0,0
DATA,408000,-0.990895,-0.134634,214.2,1.984,0.000,7.662,68.8,1.753,94.0,59.5,0,1,1,0,0,0,0,0,0
DATA,410000,-0.990915,-0.134491,212.5,2.076,0.000,7.661,68.8,1.753,94.0,59.5,0,1,1,0,0,0,0,0,0
DATA,412000,-0.990934,-0.134346,233.3,2.100,0.000,7.662,68.9,1.752,94.0,59.5,0,1,1,0,0,0,0,0,0
DATA,414000,-0.990954,-0.134202,235.8,2.125,0.000,7.661,68.8,1.752,94.0,59.5,0,1,1,0,0,0,0,0,0
DATA,416000,-0.990973,-0.134058,237.5,2.216,0.000,7.660,68.8,1.752,94.0,59.5,0,1,1,0,0,0,0,0,0
DATA,418000,-0.990993,-0.133914,238.3,2.278,0.000,7.661,68.8,1.751,94.0,59.5,0,1,1,0,0,0,0,0,0
DATA,420000,-0.991012,-0.133770,237.5,2.324,0.000,7.660,68.8,1.751,94.0,59.5,0,1,1,0,0,0,0,0,0
DATA,422000,-0.991032,-0.133626,238.3,2.342,0.000,7.660,68.8,1.751,94.0,59.5,0,1,1,0,0,0,0,0,0
DATA,424000,-0.991051,-0.133481,238.3,2.347,0.000,7.659,68.7,1.751,94.0,59.5,0,1,1,0,0,0,0,0,0
DATA,426000,-0.991071,-0.133338,237.5,2.348,0.000,7.660,68.8,1.751,94.0,59.5,0,1,1,0,0,0,0,0,0
DATA,428000,-0.991090,-0.133193,238.3,2.348,0.000,7.660,68.8,1.751,94.0,59.5,0,1,1,0,0,0,0,0,0
DATA,430000,-0.991109,-0.133049,239.2,2.349,0.000,7.659,68.7,1.751,94.0,59.5,0,1,1,0,0,0,0,0,0
DATA,432000,-0.991129,-0.132905,240.0,2.350,0.000,7.658,68.6,1.751,94.0,59.5,0,1,1,0,0,0,0,0,0
DATA,434000,-0.991148,-0.132761,239.2,2.353,0.000,7.657,68.6,1.751,94.0,59.5,0,1,1,0,0,0,0,0,0
DATA,436000,-0.991167,-0.132617,238.3,2.355,0.000,7.660,68.8,1.751,94.0,59.5,0,1,1,0,0,0,0,0,0
DATA,438000,-0.991187,-0.132472,240.0,2.354,0.000,7.659,68.7,1.751,94.0,59.5,0,1,1,0,0,0,0,0,0
DATA,440000,-0.991206,-0.132328,239.2,2.357,0.000,7.659,68.7,1.751,94.0,59.5,0,1,1,0,0,0,0,0,0
DATA,442000,-0.991225,-0.132185,239.2,2.353,0.000,7.660,68.7,1.751,94.0,59.5,0,1,1,0,0,0,0,0,0
DATA,444000,-0.991244,-0.132040,240.0,2.356,0.000,7.657,68.6,1.751,94.0,59.5,0,1,1,0,0,0,0,0,0
DATA,446000,-0.991264,-0.131896,240.0,2.364,0.000,7.656,68.5,1.751,94.0,59.5,0,1,1,0,0,0,0,0,0
DATA,448000,-0.991283,-0.131752,240.8,2.366,0.000,7.658,68.6,1.751,94.0,59.5,0,1,1,0,0,0,0,0,0
DATA,450000,-0.991302,-0.131608,240.0,2.372,0.000,7.655,68.5,1.751,94.0,59.5,0,1,1,0,0,0,0,0,0
DATA,452000,-0.991321,-0.131463,240.0,2.373,0.000,7.657,68.6,1.751,94.0,59.5,0,1,1,0,0,0,0,0,0
DATA,454000,-0.991340,-0.131319,240.0,2.372,0.000,7.655,68.5,1.751,94.0,59.5,0,1,1,0,0,0,0,0,0
DATA,456000,-0.991359,-0.131175,240.0,2.372,0.000,7.655,68.4,1.751,94.0,59.5,0,1,1,0,0,0,0,0,0
DATA,458000,-0.991378,-0.131030,240.0,2.372,0.000,7.654,68.3,1.751,94.0,59.5,0,1,1,0,0,0,0,0,0
DATA,460000,-0.991397,-0.130887,240.8,2.373,0.000,7.654,68.3,1.751,94.0,59.5,0,1,1,0,0,0,0,0,0
DATA,462000,-0.991416,-0.130742,240.8,2.374,0.000,7.654,68.4,1.751,94.0,59.5,0,1,1,0,0,0,0,0,0
DATA,464000,-0.991435,-0.130598,240.8,2.376,0.000,7.650,68.1,1.751,94.0,59.5,0,1,1,0,0,0,0,0,0
DATA,466000,-0.991454,-0.130454,240.0,2.377,0.000,7.652,68.3,1.751,94.0,59.5,0,1,1,0,0,0,0,0,0
DATA,468000,-0.991473,-0.130310,240.0,2.375,0.000,7.654,68.3,1.751,94.0,59.5,0,1,1,0,0,0,0,0,0
DATA,470000,-0.991492,-0.130166,240.0,2.374,0.000,7.651,68.2,1.751,94.0,59.5,0,1,1,0,0,0,0,0,0
DATA,472000,-0.991511,-0.130021,240.0,2.371,0.000,7.652,68.3,1.751,94.0,59.5,0,1,1,0,0,0,0,0,0
DATA,474000,-0.991530,-0.129877,240.0,2.369,0.000,7.650,68.1,1.751,94.0,59.5,0,1,1,0,0,0,0,0,0
DATA,476000,-0.991549,-0.129733,240.8,2.370,0.000,7.652,68.3,1.751,94.0,59.5,0,1,1,0,0,0,0,0,0
DATA,478000,-0.991568,-0.129589,240.0,2.370,0.000,7.652,68.2,1.751,94.0,59.5,0,1,1,0,0,0,0,0,0
DATA,480000,-0.991587,-0.129444,244.2,2.371,0.000,7.652,68.3,1.751,94.0,59.5,0,1,1,0,0,0,0,0,0
DATA,482000,-0.991606,-0.129300,240.8,2.371,0.000,7.652,68.2,1.751,94.0,59.5,0,1,1,0,0,0,0,0,0
DATA,484000,-0.991624,-0.129156,240.8,2.371,0.000,7.650,68.1,1.751,94.0,59.5,0,1,1,0,0,0,0,0,0
DATA,486000,-0.991643,-0.129012,240.8,2.370,0.000,7.653,68.3,1.751,94.0,59.5,0,1,1,0,0,0,0,0,0
DATA,488000,-0.991662,-0.128867,240.8,2.370,0.000,7.653,68.3,1.751,94.0,59.5,0,1,1,0,0,0,0,0,0
DATA,490000,-0.991681,-0.128723,240.0,2.367,0.000,7.652,68.3,1.751,94.0,59.5,0,1,1,0,0,0,0,0,0
DATA,492000,-0.991699,-0.128579,240.0,2.367,0.000,7.652,68.3,1.751,94.0,59.5,0,1,1,0,0,0,0,0,0
DATA,494000,-0.991718,-0.128435,240.0,2.365,0.000,7.650,68.1,1.751,94.0,59.5,0,1,1,0,0,0,0,0,0
DATA,496000,-0.991737,-0.128290,240.0,2.364,0.000,7.652,68.3,1.751,94.0,59.5,0,1,1,0,0,0,0,0,0
DATA,498000,-0.991755,-0.128146,247.5,2.363,0.000,7.651,68.2,1.751,94.0,59.5,0,1,1,0,0,0,0,0,0
DATA,500000,-0.991774,-0.128002,241.7,2.373,0.000,7.652,68.2,1.751,94.0,59.5,0,1,1,0,0,0,0,0,0
DATA,502000,-0.991793,-0.127858,240.8,2.378,0.000,7.651,68.2,1.751,94.0,59.5,0,1,1,0,0,0,0,0,0
DATA,504000,-0.991811,-0.127713,241.7,2.381,0.000,7.650,68.1,1.751,94.0,59.5,0,1,1,0,0,0,0,0,0
DATA,506000,-0.991830,-0.127569,241.7,2.382,0.000,7.651,68.2,1.751,94.0,59.5,0,1,1,0,0,0,0,0,0
DATA,508000,-0.991848,-0.127425,240.8,2.375,0.000,7.651,68.2,1.751,94.0,59.5,0,1,1,0,0,0,0,0,0
DATA,510000,-0.991867,-0.127281,240.8,2.372,0.000,7.649,68.1,1.751,94.0,59.5,0,1,1,0,0,0,0,0,0
DATA,512000,-0.991885,-0.127136,241.7,2.378,0.000,7.651,68.2,1.751,94.0,59.5,0,1,1,0,0,0,0,0,0
DATA,514000,-0.991904,-0.126992,242.5,2.386,0.000,7.650,68.1,1.751,94.0,59.5,0,1,1,0,0,0,0,0,0
DATA,516000,-0.991922,-0.126848,241.7,2.392,0.000,7.649,68.1,1.751,94.0,59.5,0,1,1,0,0,0,0,0,0
DATA,518000,-0.991941,-0.126704,241.7,2.396,0.000,7.649,68.1,1.751,94.0,59.5,0,1,1,0,0,0,0,0,0
DATA,520000,-0.991959,-0.126559,241.7,2.392,0.000,7.648,68.0,1.751,94.0,59.5,0,1,1,0,0,0,0,0,0
DATA,522000,-0.991977,-0.126415,241.7,2.390,0.000,7.649,68.1,1.751,94.0,59.5,0,1,1,0,0,0,0,0,0
DATA,524000,-0.991996,-0.126271,242.5,2.388,0.000,7.648,68.0,1.751,94.0,59.5,0,1,1,0,0,0,0,0,0
DATA,526000,-0.992014,-0.126127,242.5,2.386,0.000,7.648,68.0,1.751,94.0,59.5,0,1,1,0,0,0,0,0,0
DATA,528000,-0.992032,-0.125982,242.5,2.387,0.000,7.648,68.0,1.751,94.0,59.5,0,1,1,0,0,0,0,0,0
DATA,530000,-0.992051,-0.125838,241.7,2.385,0.000,7.648,68.0,1.751,94.0,59.5,0,1,1,0,0,0,0,0,0
DATA,532000,-0.992069,-0.125694,241.7,2.381,0.000,7.647,67.9,1.751,94.0,59.5,0,1,1,0,0,0,0,0,0
DATA,534000,-0.992087,-0.125549,240.8,2.381,0.000,7.647,67.9,1.751,94.0,59.5,0,1,1,0,0,0,0,0,0
DATA,536000,-0.992106,-0.125405,245.0,2.380,0.000,7.647,68.0,1.751,94.0,59.5,0,1,1,0,0,0,0,0,0
DATA,538000,-0.992124,-0.125261,242.5,2.384,0.000,7.644,67.8,1.751,94.0,59.5,0,1,1,0,0,0,0,0,0
DATA,540000,-0.992142,-0.125117,242.5,2.386,0.000,7.648,68.0,1.751,94.0,59.5,0,1,1,0,0,0,0,0,0
DATA,542000,-0.992160,-0.124972,241.7,2.385,0.000,7.648,68.0,1.751,94.0,59.2,0,1,1,0,0,0,0,0,0
DATA,544000,-0.992178,-0.124828,244.2,2.385,0.000,7.646,67.9,1.751,94.0,59.2,0,1,1,0,0,0,0,0,0
DATA,546000,-0.992197,-0.124684,242.5,2.385,0.000,7.647,67.9,1.751,94.0,59.2,0,1,1,0,0,0,0,0,0
DATA,548000,-0.992215,-0.124539,242.5,2.385,0.000,7.646,67.9,1.751,94.0,59.2,0,1,1,0,0,0,0,0,0
DATA,550000,-0.992233,-0.124395,241.7,2.388,0.000,7.645,67.8,1.751,94.0,59.2,0,1,1,0,0,0,0,0,0
DATA,552000,-0.992251,-0.124251,241.7,2.389,0.000,7.645,67.8,1.751,94.0,59.2,0,1,1,0,0,0,0,0,0
DATA,554000,-0.992269,-0.124106,242.5,2.390,0.000,7.645,67.8,1.751,94.0,59.2,0,1,1,0,0,0,0,0,0
DATA,556000,-0.992287,-0.123962,242.5,2.389,0.000,7.645,67.8,1.751,94.0,59.2,0,1,1,0,0,0,0,0,0
DATA,558000,-0.992305,-0.123818,241.7,2.389,0.000,7.645,67.8,1.751,94.0,59.2,0,1,1,0,0,0,0,0,0
DATA,560000,-0.992323,-0.123674,242.5,2.385,0.000,7.645,67.8,1.751,94.0,59.2,0,1,1,0,0,0,0,0,0
DATA,562000,-0.992341,-0.123529,241.7,2.387,0.000,7.645,67.8,1.751,94.0,59.2,0,1,1,0,0,0,0,0,0
DATA,564000,-0.992359,-0.123385,244.2,2.386,0.000,7.644,67.8,1.751,94.0,59.2,0,1,1,0,0,0,0,0,0
DATA,566000,-0.992377,-0.123241,242.5,2.387,0.000,7.645,67.8,1.751,94.0,59.2,0,1,1,0,0,0,0,0,0
DATA,568000,-0.992395,-0.123097,241.7,2.391,0.000,7.645,67.8,1.751,94.0,59.2,0,1,1,0,0,0,0,0,0
DATA,570000,-0.992413,-0.122952,242.5,2.389,0.000,7.643,67.7,1.751,94.0,59.2,0,1,1,0,0,0,0,0,0
DATA,572000,-0.992431,-0.122808,242.5,2.390,0.000,7.644,67.7,1.751,94.0,59.2,0,1,1,0,0,0,0,0,0
DATA,574000,-0.992448,-0.122663,242.5,2.392,0.000,7.643,67.7,1.751,94.0,59.2,0,1,1,0,0,0,0,0,0
DATA,576000,-0.992466,-0.122518,242.5,2.393,0.000,7.644,67.7,1.751,94.0,59.2,0,1,1,0,0,0,0,0,0
DATA,578000,-0.992484,-0.122375,242.5,2.396,0.000,7.644,67.7,1.751,94.0,59.2,0,1,1,0,0,0,0,0,0
DATA,580000,-0.992502,-0.122230,259.2,2.410,0.000,7.643,67.7,1.751,94.0,59.2,0,1,1,0,0,0,0,0,0
DATA,582000,-0.992520,-0.122086,263.3,2.459,0.000,7.642,67.6,1.751,94.0,59.2,0,1,1,0,0,0,0,0,0
DATA,584000,-0.992537,-0.121941,264.2,2.514,0.000,7.643,67.7,1.751,94.0,59.2,0,1,1,0,0,0,0,0,0
DATA,586000,-0.992555,-0.121797,262.5,2.566,0.000,7.642,67.6,1.751,94.0,59.2,0,1,1,0,0,0,0,0,0
DATA,588000,-0.992573,-0.121653,246.7,2.567,0.000,7.642,67.6,1.751,94.0,59.2,0,1,1,0,0,0,0,0,0
DATA,590000,-0.992590,-0.121508,279.2,2.595,0.000,7.642,67.6,1.751,94.0,59.2,0,1,1,0,0,0,0,0,0
DATA,592000,-0.992608,-0.121364,291.7,2.638,0.000,7.642,67.6,1.751,94.0,59.2,0,1,1,0,0,0,0,0,0
DATA,594000,-0.992626,-0.121220,288.3,2.718,0.000,7.639,67.5,1.751,94.0,59.2,0,1,1,0,0,0,0,0,0
DATA,596000,-0.992643,-0.121075,286.7,2.817,0.000,7.641,67.5,1.751,94.0,59.2,0,1,1,0,0,0,0,0,0
DATA,598000,-0.992661,-0.120931,293.3,2.858,0.000,7.640,67.5,1.751,94.0,59.2,0,1,1,0,0,0,0,0,0
DATA,600000,-0.992679,-0.120786,285.8,2.903,0.000,7.640,67.5,1.751,94.0,59.2,0,1,1,0,0,0,0,0,0
DATA,602000,-0.992696,-0.120642,287.5,2.885,0.000,7.640,67.5,1.751,94.0,59.2,0,1,1,0,0,0,0,0,0
DATA,604000,-0.992714,-0.120498,303.3,2.907,0.000,7.640,67.5,1.751,94.0,59.2,0,1,1,0,0,0,0,0,0
DATA,606000,-0.992731,-0.120353,296.7,2.947,0.000,7.639,67.5,1.751,94.0,59.2,0,1,1,0,0,0,0,0,0
DATA,608000,-0.992749,-0.120209,296.7,2.938,0.000,7.641,67.5,1.751,94.0,59.2,0,1,1,0,0,0,0,0,0
DATA,610000,-0.992766,-0.120065,288.3,2.948,0.000,7.639,67.5,1.751,94.0,59.2,0,1,1,0,0,0,0,0,0
DATA,612000,-0.992783,-0.119920,295.8,2.941,0.000,7.640,67.5,1.751,94.0,59.2,0,1,1,0,0,0,0,0,0
DATA,614000,-0.992801,-0.119776,307.5,2.941,0.000,7.638,67.4,1.751,94.0,59.2,0,1,1,0,0,0,0,0,0
DATA,616000,-0.992818,-0.119631,304.2,2.942,0.000,7.639,67.4,1.751,94.0,59.2,0,1,1,0,0,0,0,0,0
DATA,618000,-0.992836,-0.119487,314.2,2.988,0.000,7.638,67.4,1.751,94.0,59.2,0,1,1,0,0,0,0,0,0
DATA,620000,-0.992853,-0.119342,317.5,3.060,0.000,7.639,67.4,1.751,94.0,59.2,0,1,1,0,0,0,0,0,0
DATA,622000,-0.992871,-0.119198,309.2,3.110,0.000,7.639,67.4,1.751,94.0,59.2,0,1,1,0,0,0,0,0,0
DATA,624000,-0.992888,-0.119054,327.5,3.144,0.000,7.637,67.3,1.751,94.0,59.2,0,1,1,0,0,0,0,0,0
DATA,626000,-0.992905,-0.118910,329.2,3.181,0.000,7.638,67.4,1.751,94.0,59.2,0,1,1,0,0,0,0,0,0
DATA,628000,-0.992922,-0.118765,330.0,3.212,0.000,7.638,67.4,1.751,94.0,59.2,0,1,1,0,0,0,0,0,0
DATA,630000,-0.992940,-0.118620,330.0,3.245,0.000,7.636,67.3,1.751,94.0,59.2,0,1,1,0,0,0,0,0,0
DATA,632000,-0.992957,-0.118476,330.0,3.284,0.000,7.637,67.3,1.751,94.0,59.2,0,1,1,0,0,0,0,0,0
DATA,634000,-0.992974,-0.118332,330.0,3.293,0.000,7.638,67.4,1.751,94.0,59.2,0,1,1,0,0,0,0,0,0
DATA,636000,-0.992991,-0.118187,330.0,3.294,0.000,7.638,67.4,1.751,94.0,59.2,0,1,1,0,0,0,0,0,0
DATA,638000,-0.993008,-0.118043,330.0,3.294,0.000,7.637,67.3,1.751,94.0,59.2,0,1,1,0,0,0,0,0,0
DATA,640000,-0.993026,-0.117898,330.0,3.293,0.000,7.638,67.4,1.751,94.0,59.2,0,1,1,0,0,0,0,0,0
DATA,642000,-0.993043,-0.117754,330.0,3.292,0.000,7.637,67.3,1.751,94.0,59.2,0,1,1,0,0,0,0,0,0
DATA,644000,-0.993060,-0.117609,330.0,3.291,0.000,7.637,67.3,1.751,94.0,59.2,0,1,1,0,0,0,0,0,0
DATA,646000,-0.993077,-0.117465,330.0,3.290,0.000,7.637,67.3,1.751,94.0,59.2,0,1,1,0,0,0,0,0,0
DATA,648000,-0.993094,-0.117321,330.0,3.290,0.000,7.637,67.3,1.751,94.0,59.2,0,1,1,0,0,0,0,0,0
DATA,650000,-0.993111,-0.117176,330.0,3.290,0.000,7.638,67.4,1.751,94.0,59.2,0,1,1,0,0,0,0,0,0
DATA,652000,-0.993128,-0.117032,330.0,3.290,0.000,7.637,67.3,1.751,94.0,59.2,0,1,1,0,0,0,0,0,0
DATA,654000,-0.993145,-0.116887,330.0,3.293,0.000,7.635,67.2,1.751,94.0,59.2,0,1,1,0,0,0,0,0,0
DATA,656000,-0.993162,-0.116743,330.0,3.295,0.000,7.636,67.2,1.751,94.0,59.2,0,1,1,0,0,0,0,0,0
DATA,658000,-0.993179,-0.116598,330.0,3.296,0.000,7.636,67.2,1.751,94.0,59.2,0,1,1,0,0,0,0,0,0
DATA,660000,-0.993196,-0.116454,330.0,3.295,0.000,7.635,67.2,1.751,94.0,59.2,0,1,1,0,0,0,0,0,0
DATA,662000,-0.993213,-0.116309,330.0,3.295,0.000,7.636,67.2,1.751,94.0,59.2,0,1,1,0,0,0,0,0,0
DATA,664000,-0.993230,-0.116165,330.0,3.294,0.000,7.634,67.1,1.751,94.0,59.2,0,1,1,0,0,0,0,0,0
DATA,666000,-0.993247,-0.116021,330.0,3.294,0.000,7.634,67.1,1.751,94.0,59.2,0,1,1,0,0,0,0,0,0
DATA,668000,-0.993264,-0.115876,330.0,3.293,0.000,7.634,67.1,1.751,94.0,59.2,0,1,1,0,0,0,0,0,0
DATA,670000,-0.993281,-0.115732,330.0,3.292,0.000,7.634,67.1,1.751,94.0,59.2,0,1,1,0,0,0,0,0,0
DATA,672000,-0.993297,-0.115587,330.0,3.293,0.000,7.633,67.0,1.751,94.0,59.2,0,1,1,0,0,0,0,0,0
DATA,674000,-0.993314,-0.115443,330.0,3.293,0.000,7.633,67.1,1.751,94.0,59.2,0,1,1,0,0,0,0,0,0
DATA,676000,-0.993331,-0.115298,330.0,3.292,0.000,7.634,67.1,1.751,94.0,59.2,0,1,1,0,0,0,0,0,0
DATA,678000,-0.993348,-0.115154,330.0,3.292,0.000,7.634,67.1,1.751,94.0,59.2,0,1,1,0,0,0,0,0,0
DATA,680000,-0.993364,-0.115009,330.0,3.291,0.000,7.632,67.0,1.751,94.0,59.2,0,1,1,0,0,0,0,0,0
DATA,682000,-0.993381,-0.114865,330.0,3.290,0.000,7.630,66.9,1.751,94.0,59.2,0,1,1,0,0,0,0,0,0
DATA,684000,-0.993398,-0.114720,330.0,3.290,0.000,7.631,66.9,1.751,94.0,59.2,0,1,1,0,0,0,0,0,0
DATA,686000,-0.993415,-0.114576,330.0,3.291,0.000,7.633,67.0,1.751,94.0,59.2,0,1,1,0,0,0,0,0,0
DATA,688000,-0.993431,-0.114431,330.0,3.291,0.000,7.632,67.0,1.751,94.0,59.2,0,1,1,0,0,0,0,0,0
DATA,690000,-0.993448,-0.114287,330.8,3.291,0.000,7.631,66.9,1.751,94.0,59.2,0,1,1,0,0,0,0,0,0
DATA,692000,-0.993464,-0.114142,330.0,3.291,0.000,7.631,67.0,1.751,94.0,59.2,0,1,1,0,0,0,0,0,0
DATA,694000,-0.993481,-0.113998,330.0,3.291,0.000,7.631,66.9,1.751,94.0,59.2,0,1,1,0,0,0,0,0,0
DATA,696000,-0.993498,-0.113853,330.0,3.290,0.000,7.632,67.0,1.751,94.0,59.2,0,1,1,0,0,0,0,0,0
DATA,698000,-0.993514,-0.113709,330.0,3.290,0.000,7.632,67.0,1.751,94.0,59.2,0,1,1,0,0,0,0,0,0
DATA,700000,-0.993531,-0.113565,330.0,3.288,0.000,7.632,67.0,1.751,94.0,59.2,0,1,1,0,0,0,0,0,0
DATA,702000,-0.993547,-0.113420,330.8,3.286,0.000,7.630,66.9,1.751,94.0,59.2,0,1,1,0,0,0,0,0,0
DATA,704000,-0.993564,-0.113276,330.0,3.288,0.000,7.630,66.9,1.751,94.0,59.2,0,1,1,0,0,0,0,0,0
DATA,706000,-0.993580,-0.113131,330.8,3.288,0.000,7.631,67.0,1.751,94.0,59.2,0,1,1,0,0,0,0,0,0
DATA,708000,-0.993596,-0.112987,330.8,3.289,0.000,7.631,67.0,1.751,94.0,59.2,0,1,1,0,0,0,0,0,0
DATA,710000,-0.993613,-0.112842,330.8,3.291,0.000,7.630,66.9,1.751,94.0,59.2,0,1,1,0,0,0,0,0,0
DATA,712000,-0.993629,-0.112698,330.8,3.290,0.000,7.629,66.8,1.751,94.0,59.2,0,1,1,0,0,0,0,0,0
DATA,714000,-0.993646,-0.112553,330.0,3.292,0.000,7.629,66.8,1.751,94.0,59.2,0,1,1,0,0,0,0,0,0
DATA,716000,-0.993662,-0.112408,330.8,3.292,0.000,7.630,66.9,1.751,94.0,59.2,0,1,1,0,0,0,0,0,0
DATA,718000,-0.993678,-0.112263,330.8,3.293,0.000,7.631,66.9,1.751,94.0,59.2,0,1,1,0,0,0,0,0,0
DATA,720000,-0.993695,-0.112119,330.8,3.295,0.000,7.629,66.8,1.751,94.0,59.2,0,1,1,0,0,0,0,0,0
DATA,722000,-0.993711,-0.111975,330.8,3.294,0.000,7.630,66.9,1.751,94.0,59.2,0,1,1,0,0,0,0,0,0
DATA,724000,-0.993727,-0.111830,330.8,3.295,0.000,7.629,66.8,1.751,94.0,59.2,0,1,1,0,0,0,0,0,0
DATA,726000,-0.993744,-0.111685,330.8,3.295,0.000,7.629,66.8,1.751,94.0,59.2,0,1,1,0,0,0,0,0,0
DATA,728000,-0.993760,-0.111541,330.0,3.294,0.000,7.628,66.8,1.751,94.0,59.2,0,1,1,0,0,0,0,0,0
DATA,730000,-0.993776,-0.111397,330.8,3.295,0.000,7.628,66.8,1.751,94.0,59.2,0,1,1,0,0,0,0,0,0
DATA,732000,-0.993792,-0.111252,330.8,3.296,0.000,7.628,66.7,1.751,94.0,59.2,0,1,1,0,0,0,0,0,0
DATA,734000,-0.993808,-0.111107,330.8,3.298,0.000,7.628,66.8,1.751,94.0,59.2,0,1,1,0,0,0,0,0,0
DATA,736000,-0.993825,-0.110963,330.8,3.298,0.000,7.628,66.8,1.751,94.0,59.2,0,1,1,0,0,0,0,0,0
DATA,738000,-0.993841,-0.110818,330.8,3.298,0.000,7.628,66.7,1.751,94.0,59.2,0,1,1,0,0,0,0,0,0
DATA,740000,-0.993857,-0.110674,330.8,3.298,0.000,7.628,66.8,1.751,94.0,59.2,0,1,1,0,0,0,0,0,0
DATA,742000,-0.993873,-0.110529,330.8,3.299,0.000,7.627,66.7,1.751,94.0,59.2,0,1,1,0,0,0,0,0,0
DATA,744000,-0.993889,-0.110385,330.8,3.299,0.000,7.628,66.7,1.751,94.0,59.2,0,1,1,0,0,0,0,0,0
DATA,746000,-0.993905,-0.110240,330.8,3.300,0.000,7.627,66.7,1.751,94.0,59.2,0,1,1,0,0,0,0,0,0
DATA,748000,-0.993921,-0.110095,330.8,3.300,0.000,7.627,66.7,1.751,94.0,59.2,0,1,1,0,0,0,0,0,0
DATA,750000,-0.993937,-0.109951,330.8,3.301,0.000,7.626,66.6,1.751,94.0,59.2,0,1,1,0,0,0,0,0,0
DATA,752000,-0.993953,-0.109807,330.8,3.302,0.000,7.625,66.6,1.751,94.0,59.2,0,1,1,0,0,0,0,0,0
DATA,754000,-0.993969,-0.109662,330.8,3.303,0.000,7.624,66.5,1.751,94.0,59.2,0,1,1,0,0,0,0,0,0
DATA,756000,-0.993985,-0.109517,330.8,3.303,0.000,7.627,66.7,1.751,94.0,59.2,0,1,1,0,0,0,0,0,0
DATA,758000,-0.994001,-0.109373,330.8,3.302,0.000,7.625,66.6,1.751,94.0,59.2,0,1,1,0,0,0,0,0,0
DATA,760000,-0.994017,-0.109229,330.8,3.302,0.000,7.626,66.6,1.751,94.0,59.2,0,1,1,0,0,0,0,0,0
DATA,762000,-0.994033,-0.109084,330.8,3.301,0.000,7.625,66.6,1.751,94.0,59.2,0,1,1,0,0,0,0,0,0
DATA,764000,-0.994048,-0.108939,330.8,3.299,0.000,7.625,66.6,1.751,94.0,59.2,0,1,1,0,0,0,0,0,0
DATA,766000,-0.994064,-0.108794,330.8,3.300,0.000,7.624,66.5,1.751,94.0,59.2,0,1,1,0,0,0,0,0,0
DATA,768000,-0.994080,-0.108649,330.8,3.301,0.000,7.625,66.6,1.751,94.0,59.2,0,1,1,0,0,0,0,0,0
DATA,770000,-0.994096,-0.108505,330.8,3.302,0.000,7.626,66.6,1.751,94.0,59.2,0,1,1,0,0,0,0,0,0
DATA,772000,-0.994112,-0.108361,330.8,3.304,0.000,7.625,66.5,1.751,94.0,59.2,0,1,1,0,0,0,0,0,0
DATA,774000,-0.994127,-0.108216,330.8,3.305,0.000,7.625,66.5,1.751,94.0,59.2,0,1,1,0,0,0,0,0,0
DATA,776000,-0.994143,-0.108071,330.8,3.305,0.000,7.624,66.5,1.751,94.0,59.2,0,1,1,0,0,0,0,0,0
DATA,778000,-0.994159,-0.107927,330.8,3.303,0.000,7.623,66.5,1.751,94.0,59.2,0,1,1,0,0,0,0,0,0
DATA,780000,-0.994175,-0.107782,329.2,3.301,0.000,7.625,66.5,1.751,94.0,59.2,0,1,1,0,0,0,0,0,0
DATA,782000,-0.994190,-0.107638,328.3,3.248,0.000,7.624,66.5,1.751,94.0,59.2,0,1,1,0,0,0,0,0,0
DATA,784000,-0.994206,-0.107493,365.0,3.322,0.000,7.623,66.4,1.751,94.0,59.2,0,1,1,0,0,0,0,0,0
DATA,786000,-0.994221,-0.107349,382.5,3.415,0.000,7.625,66.5,1.751,94.0,59.2,0,1,1,0,0,0,0,0,0
DATA,788000,-0.994237,-0.107204,388.3,3.568,0.000,7.623,66.5,1.751,94.0,59.2,0,1,1,0,0,0,0,0,0
DATA,790000,-0.994253,-0.107059,408.3,3.793,0.000,7.625,66.5,1.751,94.0,59.2,0,1,1,0,0,0,0,0,0
DATA,792000,-0.994268,-0.106914,413.3,3.928,0.000,7.625,66.5,1.751,94.0,59.2,0,1,1,0,0,0,0,0,0
DATA,794000,-0.994284,-0.106770,415.0,4.053,0.000,7.624,66.5,1.751,94.0,58.8,0,1,1,0,0,0,0,0,0
DATA,796000,-0.994299,-0.106626,413.3,4.118,0.000,7.623,66.4,1.751,94.0,58.8,0,1,1,0,0,0,0,0,0
DATA,798000,-0.994315,-0.106481,410.0,4.159,0.000,7.624,66.5,1.751,94.0,58.8,0,1,1,0,0,0,0,0,0
DATA,800000,-0.994330,-0.106336,432.5,4.179,0.000,7.623,66.4,1.751,94.0,58.8,0,1,1,0,0,0,0,0,0
DATA,802000,-0.994346,-0.106192,432.5,4.226,0.000,7.623,66.5,1.751,94.0,58.8,0,1,1,0,0,0,0,0,0
DATA,804000,-0.994361,-0.106047,432.5,4.273,0.000,7.620,66.3,1.751,94.0,58.8,0,1,1,0,0,0,0,0,0
DATA,806000,-0.994377,-0.105903,432.5,4.321,0.000,7.622,66.4,1.751,94.0,58.8,0,1,1,0,0,0,0,0,0
DATA,808000,-0.994392,-0.105757,429.2,4.352,0.000,7.621,66.3,1.751,94.0,58.8,0,1,1,0,0,0,0,0,0
DATA,810000,-0.994407,-0.105613,413.3,4.311,0.000,7.622,66.4,1.751,94.0,58.8,0,1,1,0,0,0,0,0,0
DATA,812000,-0.994423,-0.105468,420.8,4.273,0.000,7.621,66.3,1.751,94.0,58.8,0,1,1,0,0,0,0,0,0
DATA,814000,-0.994438,-0.105324,431.7,4.269,0.000,7.621,66.3,1.751,94.0,58.8,0,1,1,0,0,0,0,0,0
DATA,816000,-0.994453,-0.105179,433.3,4.269,0.000,7.622,66.4,1.751,94.0,58.8,0,1,1,0,0,0,0,0,0
DATA,818000,-0.994469,-0.105035,433.3,4.314,0.000,7.621,66.3,1.751,94.0,58.8,0,1,1,0,0,0,0,0,0
DATA,820000,-0.994484,-0.104890,435.0,4.339,0.000,7.621,66.3,1.751,94.0,58.8,0,1,1,0,0,0,0,0,0
DATA,822000,-0.994499,-0.104746,435.0,4.365,0.000,7.620,66.3,1.751,94.0,58.8,0,1,1,0,0,0,0,0,0
DATA,824000,-0.994514,-0.104601,435.8,4.377,0.000,7.619,66.2,1.751,94.0,58.8,0,1,1,0,0,0,0,0,0
DATA,826000,-0.994529,-0.104456,435.8,4.381,0.000,7.619,66.2,1.751,94.0,58.8,0,1,1,0,0,0,0,0,0
DATA,828000,-0.994545,-0.104311,435.0,4.384,0.000,7.620,66.2,1.751,94.0,58.8,0,1,1,0,0,0,0,0,0
DATA,830000,-0.994560,-0.104167,435.0,4.382,0.000,7.620,66.2,1.751,94.0,58.8,0,1,1,0,0,0,0,0,0
DATA,832000,-0.994575,-0.104022,435.0,4.381,0.000,7.620,66.2,1.751,94.0,58.8,0,1,1,0,0,0,0,0,0
DATA,834000,-0.994590,-0.103877,435.0,4.380,0.000,7.620,66.2,1.751,94.0,58.8,0,1,1,0,0,0,0,0,0
DATA,836000,-0.994605,-0.103733,435.0,4.380,0.000,7.620,66.3,1.751,94.0,58.8,0,1,1,0,0,0,0,0,0
DATA,838000,-0.994620,-0.103588,435.0,4.379,0.000,7.620,66.2,1.751,94.0,58.8,0,1,1,0,0,0,0,0,0
DATA,840000,-0.994635,-0.103444,435.0,4.377,0.000,7.618,66.2,1.751,94.0,58.8,0,1,1,0,0,0,0,0,0
DATA,842000,-0.994650,-0.103299,435.0,4.376,0.000,7.620,66.2,1.751,94.0,58.8,0,1,1,0,0,0,0,0,0
DATA,844000,-0.994665,-0.103154,435.0,4.374,0.000,7.620,66.3,1.751,94.0,58.8,0,1,1,0,0,0,0,0,0
DATA,846000,-0.994680,-0.103010,435.0,4.374,0.000,7.620,66.3,1.751,94.0,58.8,0,1,1,0,0,0,0,0,0
DATA,848000,-0.994695,-0.102865,435.0,4.374,0.000,7.620,66.2,1.751,94.0,58.8,0,1,1,0,0,0,0,0,0
DATA,850000,-0.994710,-0.102720,435.0,4.374,0.000,7.619,66.2,1.751,94.0,58.8,0,1,1,0,0,0,0,0,0
DATA,852000,-0.994725,-0.102575,435.0,4.373,0.000,7.618,66.1,1.751,94.0,58.8,0,1,1,0,0,0,0,0,0
DATA,854000,-0.994740,-0.102431,435.8,4.374,0.000,7.619,66.2,1.751,94.0,58.8,0,1,1,0,0,0,0,0,0
DATA,856000,-0.994755,-0.102286,435.0,4.374,0.000,7.620,66.2,1.751,94.0,58.8,0,1,1,0,0,0,0,0,0
DATA,858000,-0.994770,-0.102141,435.8,4.376,0.000,7.618,66.1,1.751,94.0,58.8,0,1,1,0,0,0,0,0,0
DATA,860000,-0.994785,-0.101997,435.8,4.378,0.000,7.619,66.2,1.751,94.0,58.8,0,1,1,0,0,0,0,0,0
DATA,862000,-0.994799,-0.101852,435.8,4.378,0.000,7.619,66.2,1.751,94.0,58.8,0,1,1,0,0,0,0,0,0
DATA,864000,-0.994814,-0.101707,435.8,4.379,0.000,7.617,66.1,1.751,94.0,58.8,0,1,1,0,0,0,0,0,0
DATA,866000,-0.994829,-0.101563,435.0,4.377,0.000,7.617,66.0,1.751,94.0,58.8,0,1,1,0,0,0,0,0,0
DATA,868000,-0.994844,-0.101418,435.0,4.376,0.000,7.619,66.2,1.751,94.0,58.8,0,1,1,0,0,0,0,0,0
DATA,870000,-0.994859,-0.101274,435.0,4.377,0.000,7.618,66.1,1.751,94.0,58.8,0,1,1,0,0,0,0,0,0
DATA,872000,-0.994873,-0.101128,435.8,4.376,0.000,7.618,66.1,1.751,94.0,58.8,0,1,1,0,0,0,0,0,0
DATA,874000,-0.994888,-0.100984,435.0,4.375,0.000,7.618,66.2,1.751,94.0,58.8,0,1,1,0,0,0,0,0,0
DATA,876000,-0.994903,-0.100839,435.8,4.375,0.000,7.619,66.2,1.751,94.0,58.8,0,1,1,0,0,0,0,0,0
DATA,878000,-0.994917,-0.100695,435.8,4.373,0.000,7.618,66.1,1.751,94.0,58.8,0,1,1,0,0,0,0,0,0
DATA,880000,-0.994932,-0.100550,435.0,4.372,0.000,7.616,66.0,1.751,94.0,58.8,0,1,1,0,0,0,0,0,0
DATA,882000,-0.994947,-0.100405,435.0,4.372,0.000,7.617,66.1,1.751,94.0,58.8,0,1,1,0,0,0,0,0,0
DATA,884000,-0.994961,-0.100260,435.0,4.373,0.000,7.615,66.0,1.751,94.0,58.8,0,1,1,0,0,0,0,0,0
DATA,886000,-0.994976,-0.100115,435.0,4.374,0.000,7.614,65.9,1.751,94.0,58.8,0,1,1,0,0,0,0,0,0
DATA,888000,-0.994990,-0.099971,435.8,4.375,0.000,7.616,66.0,1.751,94.0,58.8,0,1,1,0,0,0,0,0,0
DATA,890000,-0.995005,-0.099826,435.0,4.376,0.000,7.613,65.8,1.751,94.0,58.8,0,1,1,0,0,0,0,0,0
DATA,892000,-0.995019,-0.099681,435.8,4.376,0.000,7.615,65.9,1.751,94.0,58.8,0,1,1,0,0,0,0,0,0
DATA,894000,-0.995034,-0.099536,435.0,4.376,0.000,7.613,65.8,1.751,94.0,58.8,0,1,1,0,0,0,0,0,0
DATA,896000,-0.995048,-0.099392,435.0,4.378,0.000,7.613,65.8,1.751,94.0,58.8,0,1,1,0,0,0,0,0,0
DATA,898000,-0.995063,-0.099247,435.8,4.377,0.000,7.615,65.9,1.751,94.0,58.8,0,1,1,0,0,0,0,0,0
DATA,900000,-0.995077,-0.099103,435.0,4.379,0.000,7.613,65.8,1.751,94.0,58.8,0,1,1,0,0,0,0,0,0
DATA,902000,-0.995092,-0.098957,435.8,4.380,0.000,7.615,65.9,1.751,94.0,58.8,0,1,1,0,0,0,0,0,0
DATA,904000,-0.995106,-0.098813,435.0,4.378,0.000,7.612,65.8,1.751,94.0,58.8,0,1,1,0,0,0,0,0,0
DATA,906000,-0.995120,-0.098668,435.0,4.378,0.000,7.613,65.8,1.751,94.0,58.8,0,1,1,0,0,0,0,0,0
DATA,908000,-0.995135,-0.098523,435.8,4.377,0.000,7.614,65.9,1.751,94.0,58.8,0,1,1,0,0,0,0,0,0
DATA,910000,-0.995149,-0.098379,435.8,4.377,0.000,7.613,65.8,1.751,94.0,58.8,0,1,1,0,0,0,0,0,0
DATA,912000,-0.995163,-0.098234,435.8,4.377,0.000,7.613,65.8,1.751,94.0,58.8,0,1,1,0,0,0,0,0,0
DATA,914000,-0.995178,-0.098090,435.8,4.377,0.000,7.613,65.8,1.751,94.0,58.8,0,1,1,0,0,0,0,0,0
DATA,916000,-0.995192,-0.097944,435.8,4.379,0.000,7.614,65.8,1.751,94.0,58.8,0,1,1,0,0,0,0,0,0
DATA,918000,-0.995206,-0.097800,435.8,4.379,0.000,7.614,65.9,1.751,94.0,58.8,0,1,1,0,0,0,0,0,0
DATA,920000,-0.995220,-0.097655,435.0,4.380,0.000,7.615,65.9,1.751,94.0,58.8,0,1,1,0,0,0,0,0,0
DATA,922000,-0.995234,-0.097511,435.8,4.381,0.000,7.614,65.9,1.751,94.0,58.8,0,1,1,0,0,0,0,0,0
DATA,924000,-0.995249,-0.097365,435.8,4.379,0.000,7.614,65.9,1.751,94.0,58.8,0,1,1,0,0,0,0,0,0
DATA,926000,-0.995263,-0.097221,435.8,4.379,0.000,7.613,65.8,1.751,94.0,58.8,0,1,1,0,0,0,0,0,0
DATA,928000,-0.995277,-0.097076,435.8,4.380,0.000,7.614,65.9,1.751,94.0,58.8,0,1,1,0,0,0,0,0,0
DATA,930000,-0.995291,-0.096931,435.8,4.380,0.000,7.613,65.8,1.751,94.0,58.8,0,1,1,0,0,0,0,0,0
DATA,932000,-0.995305,-0.096786,435.8,4.381,0.000,7.613,65.8,1.751,94.0,58.8,0,1,1,0,0,0,0,0,0
DATA,934000,-0.995319,-0.096642,435.8,4.381,0.000,7.613,65.8,1.751,94.0,58.8,0,1,1,0,0,0,0,0,0
DATA,936000,-0.995333,-0.096497,435.8,4.380,0.000,7.614,65.9,1.751,94.0,58.8,0,1,1,0,0,0,0,0,0
DATA,938000,-0.995347,-0.096352,435.8,4.380,0.000,7.613,65.8,1.751,94.0,58.8,0,1,1,0,0,0,0,0,0
DATA,940000,-0.995361,-0.096207,435.8,4.380,0.000,7.613,65.8,1.751,94.0,58.8,0,1,1,0,0,0,0,0,0
DATA,942000,-0.995375,-0.096063,435.8,4.378,0.000,7.613,65.8,1.751,94.0,58.8,0,1,1,0,0,0,0,0,0
DATA,944000,-0.995389,-0.095918,435.8,4.380,0.000,7.612,65.8,1.751,94.0,58.8,0,1,1,0,0,0,0,0,0
DATA,946000,-0.995403,-0.095773,435.8,4.380,0.000,7.612,65.8,1.751,94.0,58.8,0,1,1,0,0,0,0,0,0
DATA,948000,-0.995417,-0.095629,435.8,4.381,0.000,7.612,65.7,1.751,94.0,58.8,0,1,1,0,0,0,0,0,0
DATA,950000,-0.995431,-0.095484,435.8,4.383,0.000,7.611,65.7,1.751,94.0,58.8,0,1,1,0,0,0,0,0,0
DATA,952000,-0.995445,-0.095339,435.8,4.383,0.000,7.611,65.7,1.751,94.0,58.8,0,1,1,0,0,0,0,0,0
DATA,954000,-0.995459,-0.095194,435.8,4.383,0.000,7.610,65.7,1.751,94.0,58.8,0,1,1,0,0,0,0,0,0
DATA,956000,-0.995473,-0.095050,435.8,4.384,0.000,7.609,65.6,1.751,94.0,58.8,0,1,1,0,0,0,0,0,0
DATA,958000,-0.995486,-0.094904,435.8,4.386,0.000,7.611,65.7,1.751,94.0,58.8,0,1,1,0,0,0,0,0,0
DATA,960000,-0.995500,-0.094760,435.8,4.386,0.000,7.611,65.7,1.751,94.0,58.8,0,1,1,0,0,0,0,0,0
DATA,962000,-0.995514,-0.094615,435.8,4.387,0.000,7.611,65.7,1.751,94.0,58.8,0,1,1,0,0,0,0,0,0
DATA,964000,-0.995528,-0.094471,435.8,4.387,0.000,7.609,65.6,1.751,94.0,58.8,0,1,1,0,0,0,0,0,0
DATA,966000,-0.995541,-0.094325,435.8,4.386,0.000,7.611,65.7,1.751,94.0,58.8,0,1,1,0,0,0,0,0,0
DATA,968000,-0.995555,-0.094180,435.8,4.387,0.000,7.610,65.6,1.751,94.0,58.8,0,1,1,0,0,0,0,0,0
DATA,970000,-0.995569,-0.094036,435.8,4.390,0.000,7.609,65.6,1.751,94.0,58.8,0,1,1,0,0,0,0,0,0
DATA,972000,-0.995582,-0.093891,435.8,4.390,0.000,7.611,65.7,1.751,94.0,58.8,0,1,1,0,0,0,0,0,0
DATA,974000,-0.995596,-0.093746,435.8,4.389,0.000,7.610,65.6,1.751,94.0,58.8,0,1,1,0,0,0,0,0,0
DATA,976000,-0.995610,-0.093601,435.8,4.390,0.000,7.610,65.6,1.751,94.0,58.8,0,1,1,0,0,0,0,0,0
DATA,978000,-0.995623,-0.093457,435.8,4.388,0.000,7.610,65.6,1.751,94.0,58.8,0,1,1,0,0,0,0,0,0
DATA,980000,-0.995637,-0.093312,435.8,4.388,0.000,7.610,65.6,1.751,94.0,58.8,0,1,1,0,0,0,0,0,0
DATA,982000,-0.995651,-0.093167,435.8,4.390,0.000,7.609,65.6,1.751,94.0,58.8,0,1,1,0,0,0,0,0,0
DATA,984000,-0.995664,-0.093022,435.8,4.389,0.000,7.610,65.6,1.751,94.0,58.8,0,1,1,0,0,0,0,0,0
DATA,986000,-0.995678,-0.092877,435.8,4.389,0.000,7.608,65.5,1.751,94.0,58.8,0,1,1,0,0,0,0,0,0
DATA,988000,-0.995691,-0.092733,435.8,4.391,0.000,7.607,65.4,1.751,94.0,58.8,0,1,1,0,0,0,0,0,0
DATA,990000,-0.995705,-0.092588,435.8,4.389,0.000,7.608,65.5,1.751,94.0,58.8,0,1,1,0,0,0,0,0,0
DATA,992000,-0.995718,-0.092443,435.8,4.390,0.000,7.608,65.5,1.751,94.0,58.8,0,1,1,0,0,0,0,0,0
DATA,994000,-0.995731,-0.092298,435.8,4.388,0.000,7.608,65.5,1.751,94.0,58.8,0,1,1,0,0,0,0,0,0
DATA,996000,-0.995745,-0.092154,435.8,4.386,0.000,7.608,65.5,1.751,94.0,58.8,0,1,1,0,0,0,0,0,0
DATA,998000,-0.995758,-0.092008,435.8,4.385,0.000,7.608,65.5,1.751,94.0,58.8,0,1,1,0,0,0,0,0,0
DATA,1000000,-0.995772,-0.091864,435.8,4.384,0.000,7.606,65.4,1.751,94.0,58.8,0,1,1,0,0,0,0,0,0
DATA,1002000,-0.995785,-0.091719,434.2,4.384,0.000,7.609,65.5,1.751,94.0,58.5,0,1,1,0,0,0,0,0,0
DATA,1004000,-0.995798,-0.091573,410.8,4.351,0.000,7.607,65.5,1.751,94.0,58.5,0,1,1,0,0,0,0,0,0
DATA,1006000,-0.995812,-0.091429,501.7,4.351,0.000,7.609,65.5,1.751,94.0,58.5,0,1,1,0,0,0,0,0,0
DATA,1008000,-0.995825,-0.091284,464.2,4.449,0.000,7.609,65.5,1.751,94.0,58.5,0,1,1,0,0,0,0,0,0
DATA,1010000,-0.995838,-0.091139,475.0,4.552,0.000,7.609,65.6,1.751,94.0,58.5,0,1,1,0,0,0,0,0,0
DATA,1012000,-0.995851,-0.090994,477.5,4.692,0.000,7.609,65.6,1.751,94.0,58.5,0,1,1,0,0,0,0,0,0
DATA,1014000,-0.995865,-0.090850,477.5,4.801,0.000,7.608,65.5,1.751,94.0,58.5,0,1,1,0,0,0,0,0,0
DATA,1016000,-0.995878,-0.090705,476.7,4.810,0.000,7.607,65.4,1.751,94.0,58.5,0,1,1,0,0,0,0,0,0
DATA,1018000,-0.995891,-0.090560,475.8,4.812,0.000,7.608,65.5,1.751,94.0,58.5,0,1,1,0,0,0,0,0,0
DATA,1020000,-0.995904,-0.090415,492.5,4.811,0.000,7.607,65.4,1.751,94.0,58.5,0,1,1,0,0,0,0,0,0
DATA,1022000,-0.995917,-0.090270,499.2,4.837,0.000,7.606,65.4,1.751,94.0,58.5,0,1,1,0,0,0,0,0,0
DATA,1024000,-0.995930,-0.090126,499.2,4.890,0.000,7.607,65.4,1.751,94.0,58.5,0,1,1,0,0,0,0,0,0
DATA,1026000,-0.995944,-0.089980,499.2,4.949,0.000,7.607,65.4,1.751,94.0,58.5,0,1,1,0,0,0,0,0,0
DATA,1028000,-0.995957,-0.089835,500.8,5.010,0.000,7.606,65.4,1.751,94.0,58.5,0,1,1,0,0,0,0,0,0
DATA,1030000,-0.995970,-0.089691,500.8,5.041,0.000,7.607,65.4,1.751,94.0,58.5,0,1,1,0,0,0,0,0,0
DATA,1032000,-0.995983,-0.089546,501.7,5.047,0.000,7.607,65.4,1.751,94.0,58.5,0,1,1,0,0,0,0,0,0
DATA,1034000,-0.995996,-0.089401,501.7,5.051,0.000,7.605,65.3,1.751,94.0,58.5,0,1,1,0,0,0,0,0,0
DATA,1036000,-0.996009,-0.089256,501.7,5.058,0.000,7.607,65.4,1.751,94.0,58.5,0,1,1,0,0,0,0,0,0
DATA,1038000,-0.996022,-0.089112,501.7,5.062,0.000,7.604,65.3,1.751,94.0,58.5,0,1,1,0,0,0,0,0,0
DATA,1040000,-0.996035,-0.088967,501.7,5.064,0.000,7.606,65.4,1.751,94.0,58.5,0,1,1,0,0,0,0,0,0
DATA,1042000,-0.996048,-0.088821,501.7,5.065,0.000,7.606,65.4,1.751,94.0,58.5,0,1,1,0,0,0,0,0,0
DATA,1044000,-0.996060,-0.088677,501.7,5.064,0.000,7.605,65.3,1.751,94.0,58.5,0,1,1,0,0,0,0,0,0
DATA,1046000,-0.996073,-0.088532,501.7,5.064,0.000,7.604,65.2,1.751,94.0,58.5,0,1,1,0,0,0,0,0,0
DATA,1048000,-0.996086,-0.088387,501.7,5.064,0.000,7.604,65.3,1.751,94.0,58.5,0,1,1,0,0,0,0,0,0
DATA,1050000,-0.996099,-0.088242,501.7,5.063,0.000,7.605,65.3,1.751,94.0,58.5,0,1,1,0,0,0,0,0,0
DATA,1052000,-0.996112,-0.088097,501.7,5.063,0.000,7.604,65.2,1.751,94.0,58.5,0,1,1,0,0,0,0,0,0
DATA,1054000,-0.996125,-0.087953,500.8,5.062,0.000,7.605,65.3,1.751,94.0,58.5,0,1,1,0,0,0,0,0,0
DATA,1056000,-0.996137,-0.087807,501.7,5.061,0.000,7.604,65.3,1.751,94.0,58.5,0,1,1,0,0,0,0,0,0
DATA,1058000,-0.996150,-0.087663,501.7,5.059,0.000,7.605,65.3,1.751,94.0,58.5,0,1,1,0,0,0,0,0,0
DATA,1060000,-0.996163,-0.087518,501.7,5.058,0.000,7.605,65.3,1.751,94.0,58.5,0,1,1,0,0,0,0,0,0
DATA,1062000,-0.996176,-0.087373,501.7,5.057,0.000,7.605,65.3,1.751,94.0,58.5,0,1,1,0,0,0,0,0,0
DATA,1064000,-0.996188,-0.087228,501.7,5.056,0.000,7.605,65.3,1.751,94.0,58.5,0,1,1,0,0,0,0,0,0
DATA,1066000,-0.996201,-0.087083,500.8,5.057,0.000,7.604,65.3,1.751,94.0,58.5,0,1,1,0,0,0,0,0,0
DATA,1068000,-0.996214,-0.086938,501.7,5.056,0.000,7.605,65.3,1.751,94.0,58.5,0,1,1,0,0,0,0,0,0
DATA,1070000,-0.996226,-0.086793,501.7,5.055,0.000,7.605,65.3,1.751,94.0,58.5,0,1,1,0,0,0,0,0,0
DATA,1072000,-0.996239,-0.086648,501.7,5.055,0.000,7.605,65.3,1.751,94.0,58.5,0,1,1,0,0,0,0,0,0
DATA,1074000,-0.996252,-0.086503,501.7,5.055,0.000,7.605,65.3,1.751,94.0,58.5,0,1,1,0,0,0,0,0,0
DATA,1076000,-0.996264,-0.086359,501.7,5.055,0.000,7.604,65.2,1.751,94.0,58.5,0,1,1,0,0,0,0,0,0
DATA,1078000,-0.996277,-0.086214,501.7,5.055,0.000,7.604,65.2,1.751,94.0,58.5,0,1,1,0,0,0,0,0,0
DATA,1080000,-0.996289,-0.086069,501.7,5.055,0.000,7.604,65.2,1.751,94.0,58.5,0,1,1,0,0,0,0,0,0
DATA,1082000,-0.996302,-0.085924,501.7,5.055,0.000,7.604,65.3,1.751,94.0,58.5,0,1,1,0,0,0,0,0,0
DATA,1084000,-0.996314,-0.085779,501.7,5.056,0.000,7.604,65.3,1.751,94.0,58.5,0,1,1,0,0,0,0,0,0
DATA,1086000,-0.996327,-0.085634,501.7,5.055,0.000,7.604,65.2,1.751,94.0,58.5,0,1,1,0,0,0,0,0,0
DATA,1088000,-0.996339,-0.085489,501.7,5.056,0.000,7.604,65.2,1.751,94.0,58.5,0,1,1,0,0,0,0,0,0
DATA,1090000,-0.996352,-0.085344,501.7,5.056,0.000,7.604,65.2,1.751,94.0,58.5,0,1,1,0,0,0,0,0,0
DATA,1092000,-0.996364,-0.085199,501.7,5.056,0.000,7.605,65.3,1.751,94.0,58.5,0,1,1,0,0,0,0,0,0
DATA,1094000,-0.996376,-0.085054,501.7,5.055,0.000,7.602,65.1,1.751,94.0,58.5,0,1,1,0,0,0,0,0,0
DATA,1096000,-0.996389,-0.084910,501.7,5.057,0.000,7.603,65.2,1.751,94.0,58.5,0,1,1,0,0,0,0,0,0
DATA,1098000,-0.996401,-0.084765,501.7,5.057,0.000,7.602,65.1,1.751,94.0,58.5,0,1,1,0,0,0,0,0,0
DATA,1100000,-0.996413,-0.084620,501.7,5.057,0.000,7.602,65.1,1.751,94.0,58.5,0,1,1,0,0,0,0,0,0
DATA,1102000,-0.996426,-0.084475,501.7,5.057,0.000,7.601,65.1,1.751,94.0,58.5,0,1,1,0,0,0,0,0,0
DATA,1104000,-0.996438,-0.084330,501.7,5.056,0.000,7.602,65.1,1.751,94.0,58.5,0,1,1,0,0,0,0,0,0
DATA,1106000,-0.996450,-0.084185,501.7,5.060,0.000,7.598,64.9,1.751,94.0,58.5,0,1,1,0,0,0,0,0,0
DATA,1108000,-0.996462,-0.084040,501.7,5.061,0.000,7.602,65.1,1.751,94.0,58.5,0,1,1,0,0,0,0,0,0
DATA,1110000,-0.996475,-0.083895,501.7,5.063,0.000,7.600,65.0,1.751,94.0,58.5,0,1,1,0,0,0,0,0,0
DATA,1112000,-0.996487,-0.083750,501.7,5.064,0.000,7.601,65.0,1.751,94.0,58.5,0,1,1,0,0,0,0,0,0
DATA,1114000,-0.996499,-0.083606,501.7,5.060,0.000,7.600,65.0,1.751,94.0,58.5,0,1,1,0,0,0,0,0,0
DATA,1116000,-0.996511,-0.083460,501.7,5.062,0.000,7.600,65.0,1.751,94.0,58.5,0,1,1,0,0,0,0,0,0
DATA,1118000,-0.996523,-0.083315,501.7,5.061,0.000,7.601,65.0,1.751,94.0,58.5,0,1,1,0,0,0,0,0,0
DATA,1120000,-0.996535,-0.083171,501.7,5.060,0.000,7.600,65.0,1.751,94.0,58.5,0,1,1,0,0,0,0,0,0
DATA,1122000,-0.996547,-0.083025,501.7,5.059,0.000,7.601,65.1,1.751,94.0,58.5,0,1,1,0,0,0,0,0,0
DATA,1124000,-0.996560,-0.082881,501.7,5.059,0.000,7.600,65.0,1.751,94.0,58.5,0,1,1,0,0,0,0,0,0
DATA,1126000,-0.996572,-0.082736,501.7,5.062,0.000,7.597,64.8,1.751,94.0,58.5,0,1,1,0,0,0,0,0,0
DATA,1128000,-0.996584,-0.082591,501.7,5.063,0.000,7.600,65.0,1.751,94.0,58.5,0,1,1,0,0,0,0,0,0
DATA,1130000,-0.996596,-0.082445,501.7,5.065,0.000,7.600,65.0,1.751,94.0,58.5,0,1,1,0,0,0,0,0,0
DATA,1132000,-0.996608,-0.082301,501.7,5.066,0.000,7.600,65.0,1.751,94.0,58.5,0,1,1,0,0,0,0,0,0
DATA,1134000,-0.996619,-0.082156,501.7,5.064,0.000,7.600,65.0,1.751,94.0,58.5,0,1,1,0,0,0,0,0,0
DATA,1136000,-0.996631,-0.082011,501.7,5.067,0.000,7.599,65.0,1.751,94.0,58.5,0,1,1,0,0,0,0,0,0
DATA,1138000,-0.996643,-0.081866,501.7,5.067,0.000,7.600,65.0,1.751,94.0,58.5,0,1,1,0,0,0,0,0,0
DATA,1140000,-0.996655,-0.081721,501.7,5.066,0.000,7.600,65.0,1.751,94.0,58.5,0,1,1,0,0,0,0,0,0
DATA,1142000,-0.996667,-0.081576,501.7,5.067,0.000,7.600,65.0,1.751,94.0,58.5,0,1,1,0,0,0,0,0,0
DATA,1144000,-0.996679,-0.081431,501.7,5.063,0.000,7.601,65.0,1.751,94.0,58.5,0,1,1,0,0,0,0,0,0
DATA,1146000,-0.996691,-0.081286,501.7,5.065,0.000,7.600,65.0,1.751,94.0,58.5,0,1,1,0,0,0,0,0,0
DATA,1148000,-0.996703,-0.081141,501.7,5.066,0.000,7.597,64.8,1.751,94.0,58.5,0,1,1,0,0,0,0,0,0
DATA,1150000,-0.996714,-0.080996,501.7,5.064,0.000,7.601,65.1,1.751,94.0,58.5,0,1,1,0,0,0,0,0,0
DATA,1152000,-0.996726,-0.080851,501.7,5.064,0.000,7.599,64.9,1.751,94.0,58.5,0,1,1,0,0,0,0,0,0
DATA,1154000,-0.996738,-0.080706,501.7,5.061,0.000,7.600,65.0,1.751,94.0,58.5,0,1,1,0,0,0,0,0,0
DATA,1156000,-0.996750,-0.080561,502.5,5.061,0.000,7.599,65.0,1.751,94.0,58.5,0,1,1,0,0,0,0,0,0
DATA,1158000,-0.996761,-0.080417,501.7,5.060,0.000,7.598,64.9,1.751,94.0,58.5,0,1,1,0,0,0,0,0,0
DATA,1160000,-0.996773,-0.080271,501.7,5.059,0.000,7.600,65.0,1.751,94.0,58.5,0,1,1,0,0,0,0,0,0
DATA,1162000,-0.996785,-0.080126,501.7,5.060,0.000,7.599,64.9,1.751,94.0,58.5,0,1,1,0,0,0,0,0,0
DATA,1164000,-0.996796,-0.079982,501.7,5.062,0.000,7.599,65.0,1.751,94.0,58.5,0,1,1,0,0,0,0,0,0
DATA,1166000,-0.996808,-0.079836,501.7,5.062,0.000,7.597,64.8,1.751,94.0,58.5,0,1,1,0,0,0,0,0,0
DATA,1168000,-0.996820,-0.079691,501.7,5.064,0.000,7.598,64.9,1.751,94.0,58.5,0,1,1,0,0,0,0,0,0
DATA,1170000,-0.996831,-0.079546,501.7,5.064,0.000,7.598,64.9,1.751,94.0,58.5,0,1,1,0,0,0,0,0,0
DATA,1172000,-0.996843,-0.079402,502.5,5.063,0.000,7.598,64.9,1.751,94.0,58.5,0,1,1,0,0,0,0,0,0
DATA,1174000,-0.996854,-0.079256,502.5,5.065,0.000,7.597,64.8,1.751,94.0,58.5,0,1,1,0,0,0,0,0,0
DATA,1176000,-0.996866,-0.079111,502.5,5.067,0.000,7.598,64.9,1.751,94.0,58.5,0,1,1,0,0,0,0,0,0
DATA,1178000,-0.996877,-0.078966,501.7,5.068,0.000,7.597,64.8,1.751,94.0,58.5,0,1,1,0,0,0,0,0,0
DATA,1180000,-0.996889,-0.078822,501.7,5.069,0.000,7.598,64.9,1.751,94.0,58.5,0,1,1,0,0,0,0,0,0
DATA,1182000,-0.996900,-0.078676,502.5,5.067,0.000,7.597,64.8,1.751,94.0,58.5,0,1,1,0,0,0,0,0,0
DATA,1184000,-0.996912,-0.078531,501.7,5.067,0.000,7.597,64.8,1.751,94.0,58.5,0,1,1,0,0,0,0,0,0
DATA,1186000,-0.996923,-0.078386,501.7,5.067,0.000,7.596,64.7,1.751,94.0,58.2,0,1,1,0,0,0,0,0,0
DATA,1188000,-0.996934,-0.078241,501.7,5.068,0.000,7.596,64.8,1.751,94.0,58.2,0,1,1,0,0,0,0,0,0
DATA,1190000,-0.996946,-0.078096,501.7,5.071,0.000,7.597,64.8,1.751,94.0,58.2,0,1,1,0,0,0,0,0,0
DATA,1192000,-0.996957,-0.077951,501.7,5.069,0.000,7.597,64.8,1.751,94.0,58.2,0,1,1,0,0,0,0,0,0
DATA,1194000,-0.996969,-0.077806,501.7,5.070,0.000,7.597,64.8,1.751,94.0,58.2,0,1,1,0,0,0,0,0,0
DATA,1196000,-0.996980,-0.077661,502.5,5.072,0.000,7.597,64.8,1.751,94.0,58.2,0,1,1,0,0,0,0,0,0
DATA,1198000,-0.996991,-0.077516,502.5,5.070,0.000,7.597,64.8,1.751,94.0,58.2,0,1,1,0,0,0,0,0,0
DATA,1200000,-0.997002,-0.077371,501.7,5.070,0.000,7.597,64.8,1.751,94.0,58.2,0,1,1,0,0,0,0,0,0
DATA,1202000,-0.997014,-0.077226,502.5,5.067,0.000,7.597,64.8,1.751,94.0,58.2,0,1,1,0,0,0,0,0,0
DATA,1204000,-0.997025,-0.077081,501.7,5.068,0.000,7.596,64.8,1.751,94.0,58.2,0,1,1,0,0,0,0,0,0
DATA,1206000,-0.997036,-0.076936,502.5,5.070,0.000,7.596,64.8,1.751,94.0,58.2,0,1,1,0,0,0,0,0,0
DATA,1208000,-0.997047,-0.076791,501.7,5.070,0.000,7.596,64.8,1.751,94.0,58.2,0,1,1,0,0,0,0,0,0
DATA,1210000,-0.997058,-0.076646,502.5,5.075,0.000,7.596,64.8,1.751,94.0,58.2,0,1,1,0,0,0,0,0,0
DATA,1212000,-0.997069,-0.076501,501.7,5.074,0.000,7.593,64.6,1.751,94.0,58.2,0,1,1,0,0,0,0,0,0
DATA,1214000,-0.997081,-0.076356,502.5,5.073,0.000,7.596,64.8,1.751,94.0,58.2,0,1,1,0,0,0,0,0,0
DATA,1216000,-0.997092,-0.076211,502.5,5.072,0.000,7.596,64.7,1.751,94.0,58.2,0,1,1,0,0,0,0,0,0
DATA,1218000,-0.997103,-0.076066,502.5,5.072,0.000,7.596,64.8,1.751,94.0,58.2,0,1,1,0,0,0,0,0,0
DATA,1220000,-0.997114,-0.075921,501.7,5.071,0.000,7.596,64.8,1.751,94.0,58.2,0,1,1,0,0,0,0,0,0
DATA,1222000,-0.997125,-0.075776,502.5,5.071,0.000,7.596,64.7,1.751,94.0,58.2,0,1,1,0,0,0,0,0,0
DATA,1224000,-0.997136,-0.075631,502.5,5.072,0.000,7.596,64.7,1.751,94.0,58.2,0,1,1,0,0,0,0,0,0
DATA,1226000,-0.997147,-0.075486,502.5,5.073,0.000,7.593,64.6,1.751,94.0,58.2,0,1,1,0,0,0,0,0,0
DATA,1228000,-0.997158,-0.075341,502.5,5.070,0.000,7.596,64.7,1.751,94.0,58.2,0,1,1,0,0,0,0,0,0
DATA,1230000,-0.997169,-0.075196,502.5,5.070,0.000,7.596,64.7,1.751,94.0,58.2,0,1,1,0,0,0,0,0,0
DATA,1232000,-0.997180,-0.075051,502.5,5.071,0.000,7.594,64.6,1.751,94.0,58.2,0,1,1,0,0,0,0,0,0
DATA,1234000,-0.997191,-0.074906,501.7,5.070,0.000,7.595,64.7,1.751,94.0,58.2,0,1,1,0,0,0,0,0,0
DATA,1236000,-0.997201,-0.074761,502.5,5.071,0.000,7.593,64.6,1.751,94.0,58.2,0,1,1,0,0,0,0,0,0
DATA,1238000,-0.997212,-0.074616,501.7,5.071,0.000,7.593,64.6,1.751,94.0,58.2,0,1,1,0,0,0,0,0,0
DATA,1240000,-0.997223,-0.074471,502.5,5.066,0.000,7.594,64.6,1.751,94.0,58.2,0,1,1,0,0,0,0,0,0
DATA,1242000,-0.997234,-0.074326,502.5,5.067,0.000,7.595,64.7,1.751,94.0,58.2,0,1,1,0,0,0,0,0,0
DATA,1244000,-0.997245,-0.074181,502.5,5.070,0.000,7.594,64.6,1.751,94.0,58.2,0,1,1,0,0,0,0,0,0
DATA,1246000,-0.997256,-0.074036,502.5,5.070,0.000,7.594,64.6,1.751,94.0,58.2,0,1,1,0,0,0,0,0,0
DATA,1248000,-0.997266,-0.073891,502.5,5.071,0.000,7.593,64.6,1.751,94.0,58.2,0,1,1,0,0,0,0,0,0
DATA,1250000,-0.997277,-0.073746,502.5,5.071,0.000,7.594,64.6,1.751,94.0,58.2,0,1,1,0,0,0,0,0,0
DATA,1252000,-0.997288,-0.073601,502.5,5.069,0.000,7.595,64.7,1.751,94.0,58.2,0,1,1,0,0,0,0,0,0
DATA,1254000,-0.997298,-0.073456,502.5,5.070,0.000,7.592,64.5,1.751,94.0,58.2,0,1,1,0,0,0,0,0,0
DATA,1256000,-0.997309,-0.073310,502.5,5.073,0.000,7.593,64.5,1.751,94.0,58.2,0,1,1,0,0,0,0,0,0
DATA,1258000,-0.997320,-0.073166,501.7,5.072,0.000,7.595,64.7,1.751,94.0,58.2,0,1,1,0,0,0,0,0,0
DATA,1260000,-0.997330,-0.073021,501.7,5.069,0.000,7.594,64.6,1.751,94.0,58.2,0,1,1,0,0,0,0,0,0
DATA,1262000,-0.997341,-0.072875,502.5,5.065,0.000,7.594,64.6,1.751,94.0,58.2,0,1,1,0,0,0,0,0,0
DATA,1264000,-0.997352,-0.072730,501.7,5.062,0.000,7.593,64.6,1.751,94.0,58.2,0,1,1,0,0,0,0,0,0
DATA,1266000,-0.997362,-0.072586,502.5,5.063,0.000,7.592,64.5,1.751,94.0,58.2,0,1,1,0,0,0,0,0,0
DATA,1268000,-0.997373,-0.072441,502.5,5.063,0.000,7.593,64.5,1.751,94.0,58.2,0,1,1,0,0,0,0,0,0
DATA,1270000,-0.997383,-0.072295,501.7,5.065,0.000,7.592,64.5,1.751,94.0,58.2,0,1,1,0,0,0,0,0,0
DATA,1272000,-0.997394,-0.072150,501.7,5.063,0.000,7.592,64.5,1.751,94.0,58.2,0,1,1,0,0,0,0,0,0
DATA,1274000,-0.997404,-0.072005,501.7,5.060,0.000,7.593,64.6,1.751,94.0,58.2,0,1,1,0,0,0,0,0,0
DATA,1276000,-0.997415,-0.071860,502.5,5.062,0.000,7.592,64.5,1.751,94.0,58.2,0,1,1,0,0,0,0,0,0
DATA,1278000,-0.997425,-0.071715,501.7,5.063,0.000,7.592,64.5,1.751,94.0,58.2,0,1,1,0,0,0,0,0,0
DATA,1280000,-0.997436,-0.071570,502.5,5.067,0.000,7.591,64.5,1.751,94.0,58.2,0,1,1,0,0,0,0,0,0
DATA,1282000,-0.997446,-0.071425,501.7,5.067,0.000,7.591,64.4,1.751,94.0,58.2,0,1,1,0,0,0,0,0,0
DATA,1284000,-0.997456,-0.071280,501.7,5.066,0.000,7.593,64.6,1.751,94.0,58.2,0,1,1,0,0,0,0,0,0
DATA,1286000,-0.997467,-0.071135,502.5,5.065,0.000,7.592,64.5,1.751,94.0,58.2,0,1,1,0,0,0,0,0,0
DATA,1288000,-0.997477,-0.070989,501.7,5.064,0.000,7.593,64.5,1.751,94.0,58.2,0,1,1,0,0,0,0,0,0
DATA,1290000,-0.997487,-0.070845,502.5,5.066,0.000,7.592,64.5,1.751,94.0,58.2,0,1,1,0,0,0,0,0,0
DATA,1292000,-0.997498,-0.070699,502.5,5.066,0.000,7.592,64.5,1.751,94.0,58.2,0,1,1,0,0,0,0,0,0
DATA,1294000,-0.997508,-0.070554,502.5,5.068,0.000,7.592,64.5,1.751,94.0,58.2,0,1,1,0,0,0,0,0,0
DATA,1296000,-0.997518,-0.070409,501.7,5.070,0.000,7.592,64.5,1.751,94.0,58.2,0,1,1,0,0,0,0,0,0
DATA,1298000,-0.997528,-0.070265,502.5,5.071,0.000,7.592,64.5,1.751,94.0,58.2,0,1,1,0,0,0,0,0,0
DATA,1300000,-0.997539,-0.070119,502.5,5.072,0.000,7.592,64.5,1.751,94.0,58.2,0,1,1,0,0,0,0,0,0
DATA,1302000,-0.997549,-0.069974,502.5,5.072,0.000,7.591,64.5,1.751,94.0,58.2,0,1,1,0,0,0,0,0,0
DATA,1304000,-0.997559,-0.069829,501.7,5.072,0.000,7.591,64.4,1.751,94.0,58.2,0,1,1,0,0,0,0,0,0
DATA,1306000,-0.997569,-0.069683,501.7,5.073,0.000,7.590,64.4,1.751,94.0,58.2,0,1,1,0,0,0,0,0,0
DATA,1308000,-0.997579,-0.069539,502.5,5.074,0.000,7.591,64.5,1.751,94.0,58.2,0,1,1,0,0,0,0,0,0
DATA,1310000,-0.997589,-0.069394,502.5,5.075,0.000,7.589,64.3,1.751,94.0,58.2,0,1,1,0,0,0,0,0,0
DATA,1312000,-0.997599,-0.069249,492.5,5.073,0.000,7.590,64.4,1.751,94.0,58.2,0,1,1,0,0,0,0,0,0
DATA,1314000,-0.997610,-0.069103,503.3,5.029,0.000,7.590,64.4,1.751,94.0,58.2,0,1,1,0,0,0,0,0,0
DATA,1316000,-0.997620,-0.068958,515.8,5.066,0.000,7.590,64.3,1.751,94.0,58.2,0,1,1,0,0,0,0,0,0
DATA,1318000,-0.997630,-0.068813,599.2,5.139,0.000,7.589,64.3,1.751,94.0,58.2,0,1,1,0,0,0,0,0,0
DATA,1320000,-0.997640,-0.068668,555.0,5.334,0.000,7.592,64.5,1.751,94.0,58.2,0,1,1,0,0,0,0,0,0
DATA,1322000,-0.997650,-0.068523,553.3,5.512,0.000,7.590,64.4,1.751,94.0,58.2,0,1,1,0,0,0,0,0,0
DATA,1324000,-0.997660,-0.068378,581.7,5.624,0.000,7.591,64.4,1.751,94.0,58.2,0,1,1,0,0,0,0,0,0
DATA,1326000,-0.997669,-0.068233,581.7,5.751,0.000,7.590,64.4,1.751,94.0,58.2,0,1,1,0,0,0,0,0,0
DATA,1328000,-0.997679,-0.068088,582.5,5.764,0.000,7.591,64.4,1.751,94.0,58.2,0,1,1,0,0,0,0,0,0
DATA,1330000,-0.997689,-0.067942,582.5,5.837,0.000,7.593,64.6,1.751,94.0,58.2,0,1,1,0,0,0,0,0,0
DATA,1332000,-0.997699,-0.067798,582.5,5.893,0.000,7.590,64.4,1.751,94.0,58.2,0,1,1,0,0,0,0,0,0
DATA,1334000,-0.997709,-0.067652,582.5,5.895,0.000,7.589,64.3,1.751,94.0,58.2,0,1,1,0,0,0,0,0,0
DATA,1336000,-0.997719,-0.067507,582.5,5.898,0.000,7.588,64.3,1.751,94.0,58.2,0,1,1,0,0,0,0,0,0
DATA,1338000,-0.997729,-0.067362,582.5,5.898,0.000,7.588,64.2,1.751,94.0,58.2,0,1,1,0,0,0,0,0,0
DATA,1340000,-0.997738,-0.067217,582.5,5.900,0.063,7.592,64.5,1.743,94.0,58.2,0,1,1,0,0,0,0,0,0
DATA,1342000,-0.997748,-0.067072,582.5,5.902,0.063,7.589,64.3,1.743,94.0,58.2,0,1,1,0,0,0,0,0,0
DATA,1344000,-0.997758,-0.066927,582.5,5.900,0.063,7.588,64.3,1.743,94.0,58.2,0,1,1,0,0,0,0,0,0
DATA,1346000,-0.997768,-0.066781,582.5,5.901,0.063,7.587,64.2,1.743,94.0,58.2,0,1,1,0,0,0,0,0,0
DATA,1348000,-0.997777,-0.066637,582.5,5.900,0.000,7.588,64.3,1.751,94.0,58.2,0,1,1,0,0,0,0,0,0
DATA,1350000,-0.997787,-0.066492,582.5,5.902,0.065,7.591,64.4,1.746,94.0,58.2,0,1,1,0,0,0,0,0,0
DATA,1352000,-0.997797,-0.066346,582.5,5.904,0.065,7.588,64.2,1.746,94.0,57.9,0,1,1,0,0,0,0,0,0
DATA,1354000,-0.997806,-0.066201,582.5,5.902,0.065,7.589,64.3,1.746,94.0,57.9,0,1,1,0,0,0,0,0,0
DATA,1356000,-0.997816,-0.066056,582.5,5.904,0.065,7.586,64.2,1.746,94.0,57.9,0,1,1,0,0,0,0,0,0
DATA,1358000,-0.997826,-0.065911,582.5,5.904,0.000,7.588,64.3,1.751,94.0,57.9,0,1,1,0,0,0,0,0,0
DATA,1360000,-0.997835,-0.065766,582.5,5.905,0.065,7.591,64.4,1.743,94.0,57.9,0,1,1,0,0,0,0,0,0
DATA,1362000,-0.997845,-0.065620,582.5,5.905,0.065,7.588,64.3,1.743,94.0,57.9,0,1,1,0,0,0,0,0,0
DATA,1364000,-0.997854,-0.065476,582.5,5.905,0.065,7.588,64.2,1.743,94.0,57.9,0,1,1,0,0,0,0,0,0
DATA,1366000,-0.997864,-0.065330,582.5,5.905,0.065,7.588,64.3,1.743,94.0,57.9,0,1,1,0,0,0,0,0,0
DATA,1368000,-0.997873,-0.065186,582.5,5.903,0.000,7.589,64.3,1.751,94.0,57.9,0,1,1,0,0,0,0,0,0
DATA,1370000,-0.997883,-0.065040,582.5,5.906,0.063,7.591,64.4,1.744,94.0,57.9,0,1,1,0,0,0,0,0,0
DATA,1372000,-0.997892,-0.064895,582.5,5.907,0.063,7.589,64.3,1.744,94.0,57.9,0,1,1,0,0,0,0,0,0
DATA,1374000,-0.997902,-0.064750,582.5,5.906,0.063,7.587,64.2,1.744,94.0,57.9,0,1,1,0,0,0,0,0,0
DATA,1376000,-0.997911,-0.064605,582.5,5.907,0.063,7.587,64.2,1.744,94.0,57.9,0,1,1,0,0,0,0,0,0
DATA,1378000,-0.997920,-0.064460,582.5,5.905,0.000,7.589,64.3,1.751,94.0,57.9,0,1,1,0,0,0,0,0,0
DATA,1380000,-0.997930,-0.064314,582.5,5.907,0.065,7.590,64.4,1.748,94.0,57.9,0,1,1,0,0,0,0,0,0
DATA,1382000,-0.997939,-0.064169,582.5,5.908,0.065,7.588,64.3,1.748,94.0,57.9,0,1,1,0,0,0,0,0,0
DATA,1384000,-0.997948,-0.064024,582.5,5.908,0.065,7.587,64.2,1.748,94.0,57.9,0,1,1,0,0,0,0,0,0
DATA,1386000,-0.997958,-0.063879,582.5,5.908,0.065,7.587,64.2,1.748,94.0,57.9,0,1,1,0,0,0,0,0,0
DATA,1388000,-0.997967,-0.063734,582.5,5.906,0.000,7.587,64.2,1.751,94.0,57.9,0,1,1,0,0,0,0,0,0
DATA,1390000,-0.997976,-0.063589,582.5,5.903,0.000,7.590,64.4,1.751,94.0,57.9,0,1,1,0,0,0,0,0,0
DATA,1392000,-0.997985,-0.063444,582.5,5.902,0.000,7.586,64.1,1.751,94.0,57.9,0,1,1,0,0,0,0,0,0
DATA,1394000,-0.997995,-0.063299,582.5,5.901,0.000,7.586,64.1,1.751,94.0,57.9,0,1,1,0,0,0,0,0,0
DATA,1396000,-0.998004,-0.063153,582.5,5.901,0.000,7.585,64.1,1.751,94.0,57.9,0,1,1,0,0,0,0,0,0
DATA,1398000,-0.998013,-0.063008,582.5,5.902,0.000,7.586,64.1,1.751,94.0,57.9,0,1,1,0,0,0,0,0,0
DATA,1400000,-0.998022,-0.062863,582.5,5.900,0.000,7.588,64.3,1.751,94.0,57.9,0,1,1,0,0,0,0,0,0
DATA,1402000,-0.998031,-0.062718,582.5,5.899,0.000,7.586,64.1,1.751,94.0,57.9,0,1,1,0,0,0,0,0,0
DATA,1404000,-0.998040,-0.062573,582.5,5.897,0.000,7.586,64.1,1.751,94.0,57.9,0,1,1,0,0,0,0,0,0
DATA,1406000,-0.998049,-0.062427,582.5,5.896,0.000,7.586,64.2,1.751,94.0,57.9,0,1,1,0,0,0,0,0,0
DATA,1408000,-0.998059,-0.062283,582.5,5.897,0.000,7.585,64.0,1.751,94.0,57.9,0,1,1,0,0,0,0,0,0
DATA,1410000,-0.998068,-0.062137,582.5,5.898,0.000,7.588,64.2,1.751,94.0,57.9,0,1,1,0,0,0,0,0,0
DATA,1412000,-0.998077,-0.061992,582.5,5.899,0.000,7.585,64.1,1.751,94.0,57.9,0,1,1,0,0,0,0,0,0
DATA,1414000,-0.998086,-0.061847,582.5,5.900,0.000,7.585,64.1,1.751,94.0,57.9,0,1,1,0,0,0,0,0,0
DATA,1416000,-0.998095,-0.061702,582.5,5.900,0.000,7.585,64.1,1.751,94.0,57.9,0,1,1,0,0,0,0,0,0
DATA,1418000,-0.998104,-0.061556,582.5,5.899,0.000,7.586,64.1,1.751,94.0,57.9,0,1,1,0,0,0,0,0,0
DATA,1420000,-0.998113,-0.061411,582.5,5.897,0.000,7.586,64.1,1.751,94.0,57.9,0,1,1,0,0,0,0,0,0
DATA,1422000,-0.998121,-0.061266,582.5,5.897,0.000,7.584,64.0,1.751,94.0,57.9,0,1,1,0,0,0,0,0,0
DATA,1424000,-0.998130,-0.061121,582.5,5.897,0.000,7.584,64.0,1.751,94.0,57.9,0,1,1,0,0,0,0,0,0
DATA,1426000,-0.998139,-0.060976,582.5,5.897,0.000,7.584,64.0,1.751,94.0,57.9,0,1,1,0,0,0,0,0,0
DATA,1428000,-0.998148,-0.060831,582.5,5.897,0.000,7.584,64.0,1.751,94.0,57.9,0,1,1,0,0,0,0,0,0
DATA,1430000,-0.998157,-0.060686,582.5,5.898,0.000,7.588,64.2,1.751,94.0,57.9,0,1,1,0,0,0,0,0,0
DATA,1432000,-0.998166,-0.060540,582.5,5.899,0.000,7.584,64.0,1.751,94.0,57.9,0,1,1,0,0,0,0,0,0
DATA,1434000,-0.998175,-0.060395,582.5,5.899,0.000,7.585,64.1,1.751,94.0,57.9,0,1,1,0,0,0,0,0,0
DATA,1436000,-0.998183,-0.060250,580.8,5.903,0.000,7.584,64.0,1.750,94.0,57.9,0,1,1,0,0,0,0,0,0
DATA,1438000,-0.998192,-0.060105,611.7,5.875,0.000,7.585,64.0,1.750,94.0,57.9,0,1,1,0,0,0,0,0,0
DATA,1440000,-0.998201,-0.059959,608.3,5.944,0.000,7.586,64.1,1.750,94.0,57.9,0,1,1,0,0,0,0,0,0
DATA,1442000,-0.998210,-0.059814,628.3,6.029,0.000,7.584,64.0,1.750,94.0,57.9,0,1,1,0,0,0,0,0,0
DATA,1444000,-0.998218,-0.059669,614.2,6.144,0.000,7.584,64.0,1.751,94.0,57.9,0,1,1,0,0,0,0,0,0
DATA,1446000,-0.998227,-0.059524,618.3,6.256,0.000,7.583,63.9,1.751,94.0,57.9,0,1,1,0,0,0,0,0,0
DATA,1448000,-0.998236,-0.059378,610.8,6.273,0.000,7.584,64.0,1.751,94.0,57.9,0,1,1,0,0,0,0,0,0
DATA,1450000,-0.998244,-0.059234,610.0,6.262,0.000,7.591,64.5,1.751,94.0,57.9,1,0,1,0,0,0,0,0,0
DATA,1452000,-0.998253,-0.059089,616.7,6.237,0.760,7.654,68.4,1.763,94.0,57.9,1,0,1,0,0,0,0,0,0
DATA,1454000,-0.998261,-0.058943,615.8,6.262,1.519,7.658,68.6,1.776,94.0,57.9,1,0,1,0,0,0,0,0,0
DATA,1456000,-0.998270,-0.058798,617.5,6.280,2.279,7.656,68.5,1.788,94.0,57.9,1,0,1,0,0,0,0,0,0
DATA,1458000,-0.998278,-0.058653,616.7,6.303,3.039,7.659,68.7,1.801,94.0,57.9,1,0,1,0,0,0,0,0,0
DATA,1460000,-0.998287,-0.058508,615.8,6.325,3.039,7.660,68.7,1.801,94.0,57.9,1,0,1,0,0,0,0,0,0
DATA,1462000,-0.998295,-0.058362,626.7,6.318,3.039,7.661,68.8,1.801,94.0,57.9,1,0,1,0,0,0,0,0,0
DATA,1464000,-0.998304,-0.058217,624.2,6.340,3.039,7.660,68.8,1.801,94.0,57.9,1,0,1,0,0,0,0,0,0
DATA,1466000,-0.998312,-0.058072,617.5,6.354,3.039,7.659,68.7,1.801,94.0,57.9,1,0,1,0,0,0,0,0,0
DATA,1468000,-0.998321,-0.057927,610.8,6.336,3.037,7.659,68.7,1.801,94.0,57.9,1,0,1,0,0,0,0,0,0
DATA,1470000,-0.998329,-0.057781,616.7,6.329,3.037,7.660,68.7,1.801,94.0,57.9,1,0,1,0,0,0,0,0,0
DATA,1472000,-0.998338,-0.057636,615.8,6.302,3.037,7.660,68.8,1.801,94.0,57.9,1,0,1,0,0,0,0,0,0
DATA,1474000,-0.998346,-0.057492,615.0,6.286,3.037,7.662,68.9,1.801,94.0,57.9,1,0,1,0,0,0,0,0,0
DATA,1476000,-0.998354,-0.057346,618.3,6.281,3.039,7.662,68.8,1.801,94.0,57.9,1,0,1,0,0,0,0,0,0
DATA,1478000,-0.998363,-0.057201,615.0,6.284,3.039,7.662,68.9,1.801,94.0,57.9,1,0,1,0,0,0,0,0,0
DATA,1480000,-0.998371,-0.057055,628.3,6.289,3.037,7.663,68.9,1.801,94.0,57.9,1,0,1,0,0,0,0,0,0
DATA,1482000,-0.998379,-0.056911,629.2,6.328,3.035,7.664,69.0,1.801,94.0,57.9,1,0,1,0,0,0,0,0,0
DATA,1484000,-0.998388,-0.056765,629.2,6.368,3.031,7.664,69.0,1.801,94.0,57.9,1,0,1,0,0,0,0,0,0
DATA,1486000,-0.998396,-0.056620,611.7,6.394,3.027,7.664,69.0,1.801,94.0,57.9,1,0,1,0,0,0,0,0,0
DATA,1488000,-0.998404,-0.056475,627.5,6.392,3.027,7.665,69.0,1.801,94.0,57.9,1,0,1,0,0,0,0,0,0
DATA,1490000,-0.998412,-0.056330,625.8,6.385,3.025,7.664,69.0,1.801,94.0,57.9,1,0,1,0,0,0,0,0,0
DATA,1492000,-0.998420,-0.056184,620.0,6.369,3.025,7.665,69.0,1.801,94.0,57.9,1,0,1,0,0,0,0,0,0
DATA,1494000,-0.998429,-0.056039,628.3,6.364,3.025,7.665,69.1,1.801,94.0,57.9,1,0,1,0,0,0,0,0,0
DATA,1496000,-0.998437,-0.055894,628.3,6.389,3.022,7.664,69.0,1.801,94.0,57.9,1,0,1,0,0,0,0,0,0
DATA,1498000,-0.998445,-0.055749,627.5,6.393,3.022,7.665,69.1,1.801,94.0,57.9,1,0,1,0,0,0,0,0,0
DATA,1500000,-0.998453,-0.055603,626.7,6.405,3.022,7.663,69.0,1.801,94.0,57.9,1,0,1,0,0,0,0,0,0
DATA,1502000,-0.998461,-0.055459,628.3,6.417,3.022,7.665,69.1,1.801,94.0,57.9,1,0,1,0,0,0,0,0,0
DATA,1504000,-0.998469,-0.055313,628.3,6.418,3.022,7.666,69.1,1.801,94.0,57.6,1,0,1,0,0,0,0,0,0
DATA,1506000,-0.998477,-0.055168,628.3,6.419,3.022,7.665,69.0,1.801,94.0,57.6,1,0,1,0,0,0,0,0,0
DATA,1508000,-0.998485,-0.055023,628.3,6.418,3.022,7.665,69.1,1.801,94.0,57.6,1,0,1,0,0,0,0,0,0
DATA,1510000,-0.998493,-0.054878,625.0,6.417,3.022,7.665,69.0,1.801,94.0,57.6,1,0,1,0,0,0,0,0,0
DATA,1512000,-0.998501,-0.054732,625.0,6.408,3.022,7.664,69.0,1.801,94.0,57.6,1,0,1,0,0,0,0,0,0
DATA,1514000,-0.998509,-0.054587,625.8,6.398,3.022,7.665,69.1,1.801,94.0,57.6,1,0,1,0,0,0,0,0,0
DATA,1516000,-0.998517,-0.054442,627.5,6.396,3.022,7.665,69.1,1.801,94.0,57.6,1,0,1,0,0,0,0,0,0
DATA,1518000,-0.998525,-0.054297,628.3,6.395,3.022,7.667,69.2,1.801,94.0,57.6,1,0,1,0,0,0,0,0,0
DATA,1520000,-0.998533,-0.054151,615.8,6.386,3.025,7.666,69.1,1.801,94.0,57.6,1,0,1,0,0,0,0,0,0
DATA,1522000,-0.998541,-0.054006,610.8,6.360,3.025,7.665,69.1,1.801,94.0,57.6,1,0,1,0,0,0,0,0,0
DATA,1524000,-0.998548,-0.053861,610.8,6.318,3.025,7.667,69.2,1.801,94.0,57.6,1,0,1,0,0,0,0,0,0
DATA,1526000,-0.998556,-0.053716,612.5,6.282,3.025,7.666,69.1,1.801,94.0,57.6,1,0,1,0,0,0,0,0,0
DATA,1528000,-0.998564,-0.053570,625.0,6.277,3.022,7.665,69.1,1.801,94.0,57.6,1,0,1,0,0,0,0,0,0
DATA,1530000,-0.998572,-0.053425,629.2,6.308,3.022,7.666,69.1,1.801,94.0,57.6,1,0,1,0,0,0,0,0,0
DATA,1532000,-0.998580,-0.053280,625.0,6.353,3.022,7.665,69.1,1.801,94.0,57.6,1,0,1,0,0,0,0,0,0
DATA,1534000,-0.998587,-0.053135,617.5,6.391,3.022,7.666,69.1,1.801,94.0,57.6,1,0,1,0,0,0,0,0,0
DATA,1536000,-0.998595,-0.052989,600.8,6.356,3.018,7.665,69.1,1.801,94.0,57.6,1,0,1,0,0,0,0,0,0
DATA,1538000,-0.998603,-0.052844,602.5,6.293,3.016,7.666,69.1,1.801,94.0,57.6,1,0,1,0,0,0,0,0,0
DATA,1540000,-0.998610,-0.052699,604.2,6.229,3.012,7.667,69.2,1.801,94.0,57.6,1,0,1,0,0,0,0,0,0
DATA,1542000,-0.998618,-0.052554,616.7,6.188,3.010,7.666,69.1,1.801,94.0,57.6,1,0,1,0,0,0,0,0,0
DATA,1544000,-0.998626,-0.052409,603.3,6.215,3.014,7.667,69.2,1.801,94.0,57.6,1,0,1,0,0,0,0,0,0
DATA,1546000,-0.998633,-0.052263,596.7,6.223,3.012,7.667,69.2,1.801,94.0,57.6,1,0,1,0,0,0,0,0,0
DATA,1548000,-0.998641,-0.052118,611.7,6.223,3.012,7.668,69.2,1.801,94.0,57.6,1,0,1,0,0,0,0,0,0
DATA,1550000,-0.998649,-0.051972,620.0,6.229,3.012,7.667,69.2,1.801,94.0,57.6,1,0,1,0,0,0,0,0,0
DATA,1552000,-0.998656,-0.051828,620.0,6.239,3.012,7.667,69.2,1.801,94.0,57.6,1,0,1,0,0,0,0,0,0
DATA,1554000,-0.998664,-0.051682,619.2,6.276,3.016,7.666,69.1,1.801,94.0,57.6,1,0,1,0,0,0,0,0,0
DATA,1556000,-0.998671,-0.051537,605.0,6.299,3.018,7.665,69.0,1.801,94.0,57.6,1,0,1,0,0,0,0,0,0
DATA,1558000,-0.998679,-0.051391,610.0,6.280,3.016,7.666,69.2,1.801,94.0,57.6,1,0,1,0,0,0,0,0,0
DATA,1560000,-0.998686,-0.051247,622.5,6.266,3.014,7.667,69.2,1.801,94.0,57.6,1,0,1,0,0,0,0,0,0
DATA,1562000,-0.998693,-0.051101,625.8,6.279,3.014,7.664,69.0,1.801,94.0,57.6,1,0,1,0,0,0,0,0,0
DATA,1564000,-0.998701,-0.050956,599.2,6.281,3.012,7.667,69.2,1.801,94.0,57.6,1,0,1,0,0,0,0,0,0
DATA,1566000,-0.998708,-0.050810,601.7,6.272,3.012,7.664,69.0,1.801,94.0,57.6,1,0,1,0,0,0,0,0,0
DATA,1568000,-0.998716,-0.050666,624.2,6.259,3.012,7.665,69.1,1.801,94.0,57.6,1,0,1,0,0,0,0,0,0
DATA,1570000,-0.998723,-0.050520,620.0,6.268,3.012,7.663,68.9,1.801,94.0,57.6,1,0,1,0,0,0,0,0,0
DATA,1572000,-0.998730,-0.050375,601.7,6.243,3.012,7.665,69.1,1.801,94.0,57.6,1,0,1,0,0,0,0,0,0
DATA,1574000,-0.998738,-0.050229,684.2,6.268,3.014,7.667,69.2,1.801,94.0,57.6,1,0,1,0,0,0,0,0,0
DATA,1576000,-0.998745,-0.050085,649.2,6.432,3.018,7.667,69.2,1.801,94.0,57.6,1,0,1,0,0,0,0,0,0
DATA,1578000,-0.998752,-0.049939,667.5,6.495,3.014,7.666,69.2,1.801,94.0,57.6,1,0,1,0,0,0,0,0,0
DATA,1580000,-0.998760,-0.049794,667.5,6.635,3.016,7.664,69.0,1.801,94.0,57.6,1,0,1,0,0,0,0,0,0
DATA,1582000,-0.998767,-0.049648,667.5,6.780,3.018,7.667,69.2,1.801,94.0,57.6,1,0,1,0,0,0,0,0,0
DATA,1584000,-0.998774,-0.049504,669.2,6.782,3.018,7.667,69.2,1.801,94.0,57.6,1,0,1,0,0,0,0,0,0
DATA,1586000,-0.998781,-0.049358,673.3,6.838,3.022,7.665,69.1,1.801,94.0,57.6,1,0,1,0,0,0,0,0,0
DATA,1588000,-0.998788,-0.049213,675.0,6.852,3.022,7.666,69.1,1.801,94.0,57.6,1,0,1,0,0,0,0,0,0
DATA,1590000,-0.998795,-0.049067,675.0,6.870,3.022,7.667,69.2,1.801,94.0,57.6,1,0,1,0,0,0,0,0,0
DATA,1592000,-0.998803,-0.048923,656.7,6.878,3.022,7.665,69.0,1.801,94.0,57.6,1,0,1,0,0,0,0,0,0
DATA,1594000,-0.998810,-0.048777,652.5,6.857,3.020,7.667,69.2,1.801,94.0,57.6,1,0,1,0,0,0,0,0,0
DATA,1596000,-0.998817,-0.048632,653.3,6.805,3.016,7.666,69.1,1.801,94.0,57.6,1,0,1,0,0,0,0,0,0
DATA,1598000,-0.998824,-0.048486,652.5,6.749,3.012,7.667,69.2,1.801,94.0,57.6,1,0,1,0,0,0,0,0,0
DATA,1600000,-0.998831,-0.048341,653.3,6.702,3.008,7.668,69.2,1.801,94.0,57.6,1,0,1,0,0,0,0,0,0
DATA,1602000,-0.998838,-0.048196,671.7,6.692,3.008,7.667,69.2,1.801,94.0,57.6,1,0,1,0,0,0,0,0,0
DATA,1604000,-0.998845,-0.048050,675.8,6.746,3.012,7.667,69.2,1.801,94.0,57.6,1,0,1,0,0,0,0,0,0
DATA,1606000,-0.998852,-0.047905,665.8,6.793,3.016,7.665,69.0,1.801,94.0,57.6,1,0,1,0,0,0,0,0,0
DATA,1608000,-0.998859,-0.047760,672.5,6.825,3.020,7.666,69.1,1.801,94.0,57.6,1,0,1,0,0,0,0,0,0
DATA,1610000,-0.998866,-0.047615,665.0,6.847,3.020,7.664,69.0,1.801,94.0,57.6,1,0,1,0,0,0,0,0,0
DATA,1612000,-0.998873,-0.047469,667.5,6.815,3.016,7.665,69.1,1.801,94.0,57.6,1,0,1,0,0,0,0,0,0
DATA,1614000,-0.998880,-0.047324,672.5,6.817,3.016,7.666,69.2,1.801,94.0,57.6,1,0,1,0,0,0,0,0,0
DATA,1616000,-0.998886,-0.047179,670.0,6.829,3.014,7.665,69.1,1.801,94.0,57.6,1,0,1,0,0,0,0,0,0
DATA,1618000,-0.998893,-0.047034,666.7,6.830,3.016,7.665,69.0,1.801,94.0,57.6,1,0,1,0,0,0,0,0,0
DATA,1620000,-0.998900,-0.046888,672.5,6.852,3.020,7.666,69.1,1.801,94.0,57.6,1,0,1,0,0,0,0,0,0
DATA,1622000,-0.998907,-0.046743,678.3,6.851,3.018,7.667,69.2,1.801,94.0,57.6,1,0,1,0,0,0,0,0,0
DATA,1624000,-0.998914,-0.046598,680.0,6.875,3.020,7.664,69.0,1.801,94.0,57.6,1,0,1,0,0,0,0,0,0
DATA,1626000,-0.998921,-0.046452,680.8,6.909,3.020,7.663,69.0,1.801,94.0,57.6,1,0,1,0,0,0,0,0,0
DATA,1628000,-0.998927,-0.046307,680.8,6.932,3.020,7.665,69.1,1.801,94.0,57.6,1,0,1,0,0,0,0,0,0
DATA,1630000,-0.998934,-0.046162,680.8,6.953,3.022,7.665,69.1,1.801,94.0,57.6,1,0,1,0,0,0,0,0,0
DATA,1632000,-0.998941,-0.046017,680.8,6.956,3.022,7.664,69.0,1.801,94.0,57.6,1,0,1,0,0,0,0,0,0
DATA,1634000,-0.998947,-0.045871,680.8,6.959,3.022,7.666,69.1,1.801,94.0,57.6,1,0,1,0,0,0,0,0,0
DATA,1636000,-0.998954,-0.045726,680.8,6.961,3.022,7.666,69.1,1.801,94.0,57.6,1,0,1,0,0,0,0,0,0
DATA,1638000,-0.998961,-0.045581,680.8,6.960,3.022,7.667,69.2,1.801,94.0,57.6,1,0,1,0,0,0,0,0,0
DATA,1640000,-0.998967,-0.045436,680.8,6.960,3.022,7.667,69.2,1.801,94.0,57.6,1,0,1,0,0,0,0,0,0
DATA,1642000,-0.998974,-0.045290,680.8,6.959,3.022,7.663,69.0,1.801,94.0,57.6,1,0,1,0,0,0,0,0,0
DATA,1644000,-0.998980,-0.045145,680.8,6.961,3.022,7.666,69.1,1.801,94.0,57.6,1,0,1,0,0,0,0,0,0
DATA,1646000,-0.998987,-0.045000,680.8,6.960,3.022,7.665,69.0,1.801,94.0,57.6,1,0,1,0,0,0,0,0,0
DATA,1648000,-0.998994,-0.044854,680.8,6.960,3.022,7.664,69.0,1.801,94.0,57.3,1,0,1,0,0,0,0,0,0
DATA,1650000,-0.999000,-0.044709,680.8,6.962,3.022,7.666,69.2,1.801,94.0,57.3,1,0,1,0,0,0,0,0,0
DATA,1652000,-0.999007,-0.044564,680.8,6.962,3.022,7.667,69.2,1.801,94.0,57.3,1,0,1,0,0,0,0,0,0
DATA,1654000,-0.999013,-0.044418,680.8,6.962,3.022,7.666,69.1,1.801,94.0,57.3,1,0,1,0,0,0,0,0,0
DATA,1656000,-0.999019,-0.044273,680.8,6.963,3.022,7.666,69.1,1.801,94.0,57.3,1,0,1,0,0,0,0,0,0
DATA,1658000,-0.999026,-0.044128,680.8,6.962,3.022,7.666,69.1,1.801,94.0,57.3,1,0,1,0,0,0,0,0,0
DATA,1660000,-0.999032,-0.043983,680.8,6.962,3.022,7.666,69.1,1.801,94.0,57.3,1,0,1,0,0,0,0,0,0
DATA,1662000,-0.999039,-0.043837,680.8,6.961,3.022,7.666,69.1,1.801,94.0,57.3,1,0,1,0,0,0,0,0,0
DATA,1664000,-0.999045,-0.043692,680.8,6.962,3.022,7.666,69.1,1.801,94.0,57.3,1,0,1,0,0,0,0,0,0
DATA,1666000,-0.999051,-0.043547,680.8,6.964,3.022,7.666,69.1,1.801,94.0,57.3,1,0,1,0,0,0,0,0,0
DATA,1668000,-0.999058,-0.043401,680.8,6.964,3.022,7.667,69.2,1.801,94.0,57.3,1,0,1,0,0,0,0,0,0
DATA,1670000,-0.999064,-0.043256,680.8,6.964,3.022,7.666,69.1,1.801,94.0,57.3,1,0,1,0,0,0,0,0,0
DATA,1672000,-0.999070,-0.043111,680.8,6.964,3.022,7.665,69.1,1.801,94.0,57.3,1,0,1,0,0,0,0,0,0
DATA,1674000,-0.999077,-0.042966,680.8,6.964,3.022,7.665,69.1,1.801,94.0,57.3,1,0,1,0,0,0,0,0,0
DATA,1676000,-0.999083,-0.042820,680.8,6.965,3.022,7.665,69.1,1.801,94.0,57.3,1,0,1,0,0,0,0,0,0
DATA,1678000,-0.999089,-0.042675,680.8,6.966,3.022,7.666,69.1,1.801,94.0,57.3,1,0,1,0,0,0,0,0,0
DATA,1680000,-0.999095,-0.042530,680.8,6.966,3.022,7.664,69.0,1.801,94.0,57.3,1,0,1,0,0,0,0,0,0
DATA,1682000,-0.999101,-0.042384,680.8,6.964,3.022,7.665,69.1,1.801,94.0,57.3,1,0,1,0,0,0,0,0,0
DATA,1684000,-0.999108,-0.042239,680.8,6.962,3.022,7.666,69.1,1.801,94.0,57.3,1,0,1,0,0,0,0,0,0
DATA,1686000,-0.999114,-0.042094,680.8,6.963,3.022,7.665,69.1,1.801,94.0,57.3,1,0,1,0,0,0,0,0,0
DATA,1688000,-0.999120,-0.041948,680.8,6.961,3.022,7.666,69.1,1.801,94.0,57.3,1,0,1,0,0,0,0,0,0
DATA,1690000,-0.999126,-0.041803,680.8,6.960,3.022,7.666,69.1,1.801,94.0,57.3,1,0,1,0,0,0,0,0,0
DATA,1692000,-0.999132,-0.041657,680.8,6.960,3.022,7.666,69.1,1.801,94.0,57.3,1,0,1,0,0,0,0,0,0
DATA,1694000,-0.999138,-0.041512,680.8,6.959,3.022,7.666,69.1,1.801,94.0,57.3,1,0,1,0,0,0,0,0,0
DATA,1696000,-0.999144,-0.041367,680.8,6.962,3.022,7.665,69.0,1.801,94.0,57.3,1,0,1,0,0,0,0,0,0
DATA,1698000,-0.999150,-0.041221,680.8,6.960,3.022,7.667,69.2,1.801,94.0,57.3,1,0,1,0,0,0,0,0,0
DATA,1700000,-0.999156,-0.041076,680.8,6.960,3.022,7.666,69.1,1.801,94.0,57.3,1,0,1,0,0,0,0,0,0
DATA,1702000,-0.999162,-0.040931,680.8,6.960,3.022,7.660,68.8,1.801,94.0,57.3,1,0,1,0,0,0,0,0,0
DATA,1704000,-0.999168,-0.040786,680.8,6.961,3.022,7.665,69.1,1.801,94.0,57.3,1,0,1,0,0,0,0,0,0
DATA,1706000,-0.999174,-0.040640,680.8,6.963,3.022,7.664,69.0,1.801,94.0,57.3,1,0,1,0,0,0,0,0,0
DATA,1708000,-0.999180,-0.040495,680.8,6.967,3.022,7.664,69.0,1.801,94.0,57.3,1,0,1,0,0,0,0,0,0
DATA,1710000,-0.999186,-0.040350,680.8,6.967,3.022,7.665,69.0,1.801,94.0,57.3,1,0,1,0,0,0,0,0,0
DATA,1712000,-0.999191,-0.040204,680.8,6.965,3.022,7.664,69.0,1.801,94.0,57.3,1,0,1,0,0,0,0,0,0
DATA,1714000,-0.999197,-0.040059,680.8,6.965,3.022,7.665,69.1,1.801,94.0,57.3,1,0,1,0,0,0,0,0,0
DATA,1716000,-0.999203,-0.039914,680.0,6.963,3.022,7.665,69.1,1.801,94.0,57.3,1,0,1,0,0,0,0,0,0
DATA,1718000,-0.999209,-0.039769,680.8,6.961,3.022,7.666,69.1,1.801,94.0,57.3,1,0,1,0,0,0,0,0,0
DATA,1720000,-0.999215,-0.039623,680.8,6.960,3.022,7.666,69.1,1.801,94.0,57.3,1,0,1,0,0,0,0,0,0
DATA,1722000,-0.999220,-0.039478,680.8,6.959,3.022,7.664,69.0,1.801,94.0,57.3,1,0,1,0,0,0,0,0,0
DATA,1724000,-0.999226,-0.039332,680.8,6.960,3.020,7.665,69.0,1.801,94.0,57.3,1,0,1,0,0,0,0,0,0
DATA,1726000,-0.999232,-0.039187,680.8,6.962,3.020,7.665,69.1,1.801,94.0,57.3,1,0,1,0,0,0,0,0,0
DATA,1728000,-0.999238,-0.039042,680.8,6.968,3.018,7.664,69.0,1.801,94.0,57.3,1,0,1,0,0,0,0,0,0
DATA,1730000,-0.999243,-0.038896,680.8,6.968,3.018,7.666,69.1,1.801,94.0,57.3,1,0,1,0,0,0,0,0,0
DATA,1732000,-0.999249,-0.038751,680.8,6.967,3.020,7.666,69.1,1.801,94.0,57.3,1,0,1,0,0,0,0,0,0
DATA,1734000,-0.999255,-0.038605,680.8,6.967,3.018,7.665,69.1,1.801,94.0,57.3,1,0,1,0,0,0,0,0,0
DATA,1736000,-0.999260,-0.038460,680.0,6.964,3.020,7.666,69.1,1.801,94.0,57.3,1,0,1,0,0,0,0,0,0
DATA,1738000,-0.999266,-0.038315,680.8,6.966,3.020,7.664,69.0,1.801,94.0,57.3,1,0,1,0,0,0,0,0,0
DATA,1740000,-0.999271,-0.038170,680.8,6.968,3.020,7.664,69.0,1.801,94.0,57.3,1,0,1,0,0,0,0,0,0
DATA,1742000,-0.999277,-0.038024,680.8,6.970,3.022,7.664,69.0,1.801,94.0,57.3,1,0,1,0,0,0,0,0,0
DATA,1744000,-0.999282,-0.037879,680.8,6.970,3.020,7.665,69.1,1.801,94.0,57.3,1,0,1,0,0,0,0,0,0
DATA,1746000,-0.999288,-0.037734,680.0,6.974,3.018,7.665,69.1,1.801,94.0,57.3,1,0,1,0,0,0,0,0,0
DATA,1748000,-0.999293,-0.037588,680.8,6.972,3.018,7.666,69.1,1.801,94.0,57.3,1,0,1,0,0,0,0,0,0
DATA,1750000,-0.999299,-0.037443,680.8,6.972,3.016,7.666,69.1,1.801,94.0,57.3,1,0,1,0,0,0,0,0,0
DATA,1752000,-0.999304,-0.037298,680.8,6.969,3.018,7.664,69.0,1.801,94.0,57.3,1,0,1,0,0,0,0,0,0
DATA,1754000,-0.999310,-0.037152,680.8,6.966,3.020,7.665,69.0,1.801,94.0,57.3,1,0,1,0,0,0,0,0,0
DATA,1756000,-0.999315,-0.037007,680.8,6.967,3.016,7.664,69.0,1.801,94.0,57.3,1,0,1,0,0,0,0,0,0
DATA,1758000,-0.999320,-0.036862,680.8,6.965,3.014,7.661,68.8,1.801,94.0,57.3,1,0,1,0,0,0,0,0,0
DATA,1760000,-0.999326,-0.036716,680.0,6.968,3.010,7.657,68.5,1.801,94.0,57.3,1,0,1,0,0,0,0,0,0
DATA,1762000,-0.999331,-0.036571,680.8,6.968,3.008,7.665,69.0,1.801,94.0,57.3,1,0,1,0,0,0,0,0,0
DATA,1764000,-0.999336,-0.036426,680.8,6.967,3.010,7.664,69.0,1.801,94.0,57.3,1,0,1,0,0,0,0,0,0
DATA,1766000,-0.999342,-0.036280,680.8,6.967,3.010,7.663,69.0,1.801,94.0,57.3,1,0,1,0,0,0,0,0,0
DATA,1768000,-0.999347,-0.036135,680.8,6.969,3.012,7.662,68.9,1.801,94.0,57.3,1,0,1,0,0,0,0,0,0
DATA,1770000,-0.999352,-0.035990,680.8,6.968,3.016,7.663,69.0,1.801,94.0,57.3,1,0,1,0,0,0,0,0,0
DATA,1772000,-0.999357,-0.035844,678.3,6.968,3.018,7.663,69.0,1.801,94.0,57.3,1,0,1,0,0,0,0,0,0
DATA,1774000,-0.999363,-0.035699,643.3,6.930,3.016,7.663,69.0,1.801,94.0,57.3,1,0,1,0,0,0,0,0,0
DATA,1776000,-0.999368,-0.035554,695.8,6.830,3.014,7.663,68.9,1.801,94.0,57.3,1,0,1,0,0,0,0,0,0
DATA,1778000,-0.999373,-0.035408,735.8,6.878,3.010,7.665,69.0,1.801,94.0,57.3,1,0,1,0,0,0,0,0,0
DATA,1780000,-0.999378,-0.035263,753.3,7.028,3.008,7.664,69.0,1.801,94.0,57.3,1,0,1,0,0,0,0,0,0
DATA,1782000,-0.999383,-0.035118,765.8,7.268,3.012,7.665,69.0,1.801,94.0,57.3,1,0,1,0,0,0,0,0,0
DATA,1784000,-0.999388,-0.034972,770.0,7.587,3.018,7.665,69.0,1.801,94.0,57.3,1,0,1,0,0,0,0,0,0
DATA,1786000,-0.999393,-0.034826,772.5,7.767,3.027,7.665,69.1,1.801,94.0,57.3,1,0,1,0,0,0,0,0,0
DATA,1788000,-0.999398,-0.034682,775.8,7.853,3.033,7.665,69.0,1.801,94.0,56.9,1,0,1,0,0,0,0,0,0
DATA,1790000,-0.999403,-0.034536,776.7,7.895,3.037,7.665,69.1,1.801,94.0,56.9,1,0,1,0,0,0,0,0,0
DATA,1792000,-0.999408,-0.034391,776.7,7.919,3.039,7.666,69.1,1.801,94.0,56.9,1,0,1,0,0,0,0,0,0
DATA,1794000,-0.999413,-0.034245,776.7,7.936,3.039,7.665,69.1,1.801,94.0,56.9,1,0,1,0,0,0,0,0,0
DATA,1796000,-0.999418,-0.034100,776.7,7.943,3.039,7.665,69.1,1.801,94.0,56.9,1,0,1,0,0,0,0,0,0
DATA,1798000,-0.999423,-0.033955,776.7,7.945,3.039,7.665,69.1,1.801,94.0,56.9,1,0,1,0,0,0,0,0,0
DATA,1800000,-0.999428,-0.033809,775.8,7.944,3.039,7.665,69.1,1.801,94.0,56.9,1,0,1,0,0,0,0,0,0
DATA,1802000,-0.999433,-0.033664,776.7,7.943,3.039,7.664,69.0,1.801,94.0,56.9,1,0,1,0,0,0,0,0,0
DATA,1804000,-0.999438,-0.033519,775.0,7.942,3.039,7.665,69.1,1.801,94.0,56.9,1,0,1,0,0,0,0,0,0
DATA,1806000,-0.999443,-0.033373,775.8,7.938,3.039,7.665,69.0,1.801,94.0,56.9,1,0,1,0,0,0,0,0,0
DATA,1808000,-0.999448,-0.033228,779.2,7.939,3.039,7.664,69.0,1.801,94.0,56.9,1,0,1,0,0,0,0,0,0
DATA,1810000,-0.999453,-0.033082,780.0,7.946,3.039,7.664,69.0,1.801,94.0,56.9,1,0,1,0,0,0,0,0,0
DATA,1812000,-0.999457,-0.032937,779.2,7.957,3.039,7.663,68.9,1.801,94.0,56.9,1,0,1,0,0,0,0,0,0
DATA,1814000,-0.999462,-0.032792,780.0,7.969,3.039,7.663,68.9,1.801,94.0,56.9,1,0,1,0,0,0,0,0,0
DATA,1816000,-0.999467,-0.032646,779.2,7.976,3.039,7.664,69.0,1.801,94.0,56.9,1,0,1,0,0,0,0,0,0
DATA,1818000,-0.999472,-0.032501,779.2,7.976,3.039,7.664,69.0,1.801,94.0,56.9,1,0,1,0,0,0,0,0,0
DATA,1820000,-0.999476,-0.032356,780.0,7.974,3.039,7.662,68.9,1.801,94.0,56.9,1,0,1,0,0,0,0,0,0
DATA,1822000,-0.999481,-0.032210,780.0,7.974,3.039,7.663,68.9,1.801,94.0,56.9,1,0,1,0,0,0,0,0,0
DATA,1824000,-0.999486,-0.032065,780.0,7.975,3.039,7.662,68.8,1.801,94.0,56.9,1,0,1,0,0,0,0,0,0
DATA,1826000,-0.999490,-0.031919,780.0,7.977,3.039,7.662,68.9,1.801,94.0,56.9,1,0,1,0,0,0,0,0,0
DATA,1828000,-0.999495,-0.031774,780.0,7.980,3.039,7.661,68.8,1.801,94.0,56.9,1,0,1,0,0,0,0,0,0
DATA,1830000,-0.999500,-0.031629,780.0,7.982,3.039,7.663,68.9,1.801,94.0,56.9,1,0,1,0,0,0,0,0,0
DATA,1832000,-0.999504,-0.031483,780.0,7.981,3.039,7.663,68.9,1.801,94.0,56.9,1,0,1,0,0,0,0,0,0
DATA,1834000,-0.999509,-0.031338,780.0,7.980,3.039,7.663,68.9,1.801,94.0,56.9,1,0,1,0,0,0,0,0,0
DATA,1836000,-0.999513,-0.031193,780.0,7.982,3.039,7.662,68.9,1.801,94.0,56.9,1,0,1,0,0,0,0,0,0
DATA,1838000,-0.999518,-0.031047,780.0,7.983,3.039,7.663,68.9,1.801,94.0,56.9,1,0,1,0,0,0,0,0,0
DATA,1840000,-0.999522,-0.030902,780.0,7.981,3.039,7.663,69.0,1.801,94.0,56.9,1,0,1,0,0,0,0,0,0
DATA,1842000,-0.999527,-0.030756,780.0,7.981,3.039,7.664,69.0,1.801,94.0,56.9,1,0,1,0,0,0,0,0,0
DATA,1844000,-0.999531,-0.030611,780.0,7.980,3.039,7.662,68.9,1.801,94.0,56.9,1,0,1,0,0,0,0,0,0
DATA,1846000,-0.999536,-0.030466,779.2,7.978,3.039,7.664,69.0,1.801,94.0,56.9,1,0,1,0,0,0,0,0,0
DATA,1848000,-0.999540,-0.030320,780.0,7.977,3.039,7.663,68.9,1.801,94.0,56.9,1,0,1,0,0,0,0,0,0
DATA,1850000,-0.999545,-0.030175,780.0,7.980,3.039,7.663,69.0,1.801,94.0,56.9,1,0,1,0,0,0,0,0,0
DATA,1852000,-0.999549,-0.030029,780.0,7.981,3.039,7.663,68.9,1.801,94.0,56.9,1,0,1,0,0,0,0,0,0
DATA,1854000,-0.999553,-0.029884,780.0,7.982,3.039,7.664,69.0,1.801,94.0,56.9,1,0,1,0,0,0,0,0,0
DATA,1856000,-0.999558,-0.029739,780.0,7.983,3.039,7.665,69.0,1.801,94.0,56.9,1,0,1,0,0,0,0,0,0
DATA,1858000,-0.999562,-0.029593,780.0,7.981,3.039,7.662,68.9,1.801,94.0,56.9,1,0,1,0,0,0,0,0,0
DATA,1860000,-0.999566,-0.029448,780.0,7.982,3.039,7.663,69.0,1.801,94.0,56.9,1,0,1,0,0,0,0,0,0
DATA,1862000,-0.999571,-0.029303,780.0,7.983,3.039,7.663,69.0,1.801,94.0,56.9,1,0,1,0,0,0,0,0,0
DATA,1864000,-0.999575,-0.029157,780.0,7.983,3.039,7.662,68.9,1.801,94.0,56.9,1,0,1,0,0,0,0,0,0
DATA,1866000,-0.999579,-0.029012,780.0,7.983,3.039,7.663,68.9,1.801,94.0,56.9,1,0,1,0,0,0,0,0,0
DATA,1868000,-0.999583,-0.028866,780.0,7.984,3.039,7.662,68.9,1.801,94.0,56.9,1,0,1,0,0,0,0,0,0
DATA,1870000,-0.999587,-0.028721,780.0,7.985,3.039,7.662,68.9,1.801,94.0,56.9,1,0,1,0,0,0,0,0,0
DATA,1872000,-0.999592,-0.028576,780.0,7.985,3.039,7.662,68.9,1.801,94.0,56.9,1,0,1,0,0,0,0,0,0
DATA,1874000,-0.999596,-0.028430,780.0,7.984,3.039,7.663,68.9,1.801,94.0,56.9,1,0,1,0,0,0,0,0,0
DATA,1876000,-0.999600,-0.028285,780.0,7.986,3.039,7.659,68.7,1.801,94.0,56.9,1,0,1,0,0,0,0,0,0
DATA,1878000,-0.999604,-0.028140,780.0,7.983,3.039,7.663,68.9,1.801,94.0,56.9,1,0,1,0,0,0,0,0,0
DATA,1880000,-0.999608,-0.027994,780.8,7.982,3.039,7.662,68.9,1.801,94.0,56.9,1,0,1,0,0,0,0,0,0
DATA,1882000,-0.999612,-0.027849,780.0,7.982,3.039,7.663,68.9,1.801,94.0,56.9,1,0,1,0,0,0,0,0,0
DATA,1884000,-0.999616,-0.027703,780.0,7.980,3.039,7.664,69.0,1.801,94.0,56.9,1,0,1,0,0,0,0,0,0
DATA,1886000,-0.999620,-0.027558,780.0,7.980,3.039,7.662,68.9,1.801,94.0,56.9,1,0,1,0,0,0,0,0,0
DATA,1888000,-0.999624,-0.027413,780.0,7.982,3.039,7.661,68.8,1.801,94.0,56.9,1,0,1,0,0,0,0,0,0
DATA,1890000,-0.999628,-0.027267,780.0,7.984,3.039,7.662,68.9,1.801,94.0,56.9,1,0,1,0,0,0,0,0,0
DATA,1892000,-0.999632,-0.027122,780.0,7.982,3.039,7.663,68.9,1.801,94.0,56.9,1,0,1,0,0,0,0,0,0
DATA,1894000,-0.999636,-0.026977,780.0,7.982,3.039,7.662,68.9,1.801,94.0,56.9,1,0,1,0,0,0,0,0,0
DATA,1896000,-0.999640,-0.026831,780.0,7.980,3.039,7.663,69.0,1.801,94.0,56.9,1,0,1,0,0,0,0,0,0
DATA,1898000,-0.999644,-0.026686,780.0,7.978,3.039,7.663,68.9,1.801,94.0,56.9,1,0,1,0,0,0,0,0,0
DATA,1900000,-0.999648,-0.026540,780.0,7.980,3.039,7.662,68.9,1.801,94.0,56.9,1,0,1,0,0,0,0,0,0
DATA,1902000,-0.999652,-0.026395,780.0,7.981,3.039,7.663,68.9,1.801,94.0,56.9,1,0,1,0,0,0,0,0,0
DATA,1904000,-0.999655,-0.026249,780.0,7.982,3.039,7.663,68.9,1.801,94.0,56.9,1,0,1,0,0,0,0,0,0
DATA,1906000,-0.999659,-0.026104,780.0,7.982,3.039,7.662,68.9,1.801,94.0,56.9,1,0,1,0,0,0,0,0,0
DATA,1908000,-0.999663,-0.025958,780.0,7.982,3.039,7.662,68.9,1.801,94.0,56.9,1,0,1,0,0,0,0,0,0
DATA,1910000,-0.999667,-0.025814,780.0,7.980,3.039,7.662,68.9,1.801,94.0,56.9,1,0,1,0,0,0,0,0,0
DATA,1912000,-0.999671,-0.025668,780.0,7.980,3.039,7.662,68.9,1.801,94.0,56.9,1,0,1,0,0,0,0,0,0
DATA,1914000,-0.999674,-0.025523,780.0,7.981,3.039,7.662,68.8,1.801,94.0,56.9,1,0,1,0,0,0,0,0,0
DATA,1916000,-0.999678,-0.025377,780.0,7.982,3.039,7.662,68.8,1.801,94.0,56.9,1,0,1,0,0,0,0,0,0
DATA,1918000,-0.999682,-0.025232,780.0,7.986,3.039,7.662,68.9,1.801,94.0,56.9,1,0,1,0,0,0,0,0,0
DATA,1920000,-0.999685,-0.025086,780.0,7.986,3.039,7.663,68.9,1.801,94.0,56.9,1,0,1,0,0,0,0,0,0
DATA,1922000,-0.999689,-0.024941,780.0,7.986,3.039,7.663,68.9,1.801,94.0,56.6,1,0,1,0,0,0,0,0,0
DATA,1924000,-0.999693,-0.024796,780.0,7.986,3.039,7.663,68.9,1.801,94.0,56.6,1,0,1,0,0,0,0,0,0
DATA,1926000,-0.999696,-0.024650,780.0,7.983,3.039,7.663,69.0,1.801,94.0,56.6,1,0,1,0,0,0,0,0,0
DATA,1928000,-0.999700,-0.024505,780.0,7.984,3.039,7.663,68.9,1.801,94.0,56.6,1,0,1,0,0,0,0,0,0
DATA,1930000,-0.999703,-0.024360,780.0,7.982,3.039,7.663,69.0,1.801,94.0,56.6,1,0,1,0,0,0,0,0,0
DATA,1932000,-0.999707,-0.024214,780.0,7.983,3.039,7.663,68.9,1.801,94.0,56.6,1,0,1,0,0,0,0,0,0
DATA,1934000,-0.999710,-0.024068,780.0,7.984,3.039,7.662,68.9,1.801,94.0,56.6,1,0,1,0,0,0,0,0,0
DATA,1936000,-0.999714,-0.023923,780.0,7.984,3.039,7.662,68.8,1.801,94.0,56.6,1,0,1,0,0,0,0,0,0
DATA,1938000,-0.999717,-0.023778,780.0,7.984,3.039,7.662,68.9,1.801,94.0,56.6,1,0,1,0,0,0,0,0,0
DATA,1940000,-0.999721,-0.023633,777.5,7.982,3.039,7.663,68.9,1.801,94.0,56.6,1,0,1,0,0,0,0,0,0
DATA,1942000,-0.999724,-0.023487,755.0,7.954,3.037,7.662,68.9,1.801,94.0,56.6,1,0,1,0,0,0,0,0,0
DATA,1944000,-0.999728,-0.023341,769.2,7.899,3.033,7.663,68.9,1.801,94.0,56.6,1,0,1,0,0,0,0,0,0
DATA,1946000,-0.999731,-0.023197,813.3,7.956,3.033,7.663,68.9,1.802,94.0,56.6,1,0,1,0,0,0,0,0,0
DATA,1948000,-0.999734,-0.023051,813.3,8.039,3.033,7.659,68.7,1.804,94.0,56.6,1,0,1,0,0,0,0,0,0
DATA,1950000,-0.999738,-0.022905,825.8,8.169,3.035,7.661,68.8,1.806,94.0,56.6,1,0,1,0,0,0,1,0,0
DATA,1952000,-0.999741,-0.022760,825.8,8.304,4.349,7.843,80.2,1.804,95.0,56.6,1,0,1,0,0,0,1,0,0
DATA,1954000,-0.999744,-0.022615,825.8,8.331,5.663,7.848,80.5,1.801,95.0,56.6,1,0,1,0,0,0,1,0,0
DATA,1956000,-0.999748,-0.022469,825.8,8.333,6.979,7.850,80.6,1.798,95.0,56.6,1,0,1,0,0,0,1,0,0
DATA,1958000,-0.999751,-0.022324,823.3,8.316,8.298,7.852,80.8,1.795,95.0,56.6,1,0,1,0,0,0,1,0,0
DATA,1960000,-0.999754,-0.022178,800.0,8.319,8.308,7.855,80.9,1.795,95.0,56.6,1,0,1,0,0,0,1,0,0
DATA,1962000,-0.999757,-0.022033,801.7,8.321,8.312,7.856,81.0,1.795,95.0,56.6,1,0,1,0,0,0,1,0,0
DATA,1964000,-0.999760,-0.021887,803.3,8.297,8.417,7.840,80.0,1.796,95.0,56.6,1,0,1,0,0,0,1,0,0
DATA,1966000,-0.999764,-0.021742,802.5,8.289,8.476,7.848,80.5,1.798,95.0,56.6,1,0,1,0,0,0,1,0,0
DATA,1968000,-0.999767,-0.021597,830.8,8.286,8.501,7.850,80.6,1.799,95.0,56.6,1,0,1,0,0,0,1,0,0
DATA,1970000,-0.999770,-0.021451,831.7,8.287,8.501,7.862,81.4,1.799,95.0,56.6,1,0,1,0,0,0,1,0,0
DATA,1972000,-0.999773,-0.021306,831.7,8.301,8.452,7.862,81.4,1.798,95.0,56.6,1,0,1,0,0,0,1,0,0
DATA,1974000,-0.999776,-0.021160,832.5,8.324,8.346,7.865,81.5,1.796,95.0,56.6,1,0,1,0,0,0,1,0,0
DATA,1976000,-0.999779,-0.021015,834.2,8.330,8.320,7.865,81.6,1.795,95.0,56.6,1,0,1,0,0,0,1,0,0
DATA,1978000,-0.999782,-0.020869,835.0,8.331,8.320,7.865,81.6,1.795,95.0,56.6,1,0,1,0,0,0,1,0,0
DATA,1980000,-0.999785,-0.020724,832.5,8.332,8.320,7.865,81.6,1.795,95.0,56.6,1,0,1,0,0,0,1,0,0
DATA,1982000,-0.999788,-0.020579,832.5,8.332,8.316,7.866,81.7,1.795,95.0,56.6,1,0,1,0,0,0,1,0,0
DATA,1984000,-0.999791,-0.020433,832.5,8.331,8.312,7.867,81.7,1.795,95.0,56.6,1,0,1,0,0,0,1,0,0
DATA,1986000,-0.999794,-0.020288,833.3,8.331,8.310,7.867,81.7,1.795,95.0,56.6,1,0,1,0,0,0,1,0,0
DATA,1988000,-0.999797,-0.020143,833.3,8.331,8.308,7.868,81.7,1.795,95.0,56.6,1,0,1,0,0,0,1,0,0
DATA,1990000,-0.999800,-0.019997,830.8,8.332,8.312,7.869,81.8,1.795,95.0,56.6,1,0,1,0,0,0,1,0,0
DATA,1992000,-0.999803,-0.019852,830.8,8.333,8.320,7.872,82.0,1.795,95.0,56.6,1,0,1,0,0,0,1,0,0
DATA,1994000,-0.999806,-0.019706,834.2,8.334,8.322,7.871,81.9,1.795,95.0,56.6,1,0,1,0,0,0,1,0,0
DATA,1996000,-0.999809,-0.019561,834.2,8.334,8.326,7.869,81.8,1.794,95.0,56.6,1,0,1,0,0,0,1,0,0
DATA,1998000,-0.999811,-0.019416,834.2,8.335,8.330,7.872,82.0,1.794,95.0,56.6,1,0,1,0,0,0,1,0,0
DATA,2000000,-0.999814,-0.019270,834.2,8.336,8.330,7.873,82.1,1.794,95.0,56.6,1,0,1,0,0,0,1,0,0
DATA,2002000,-0.999817,-0.019124,830.8,8.335,8.330,7.874,82.1,1.794,95.0,56.6,1,0,1,0,0,0,1,0,0
DATA,2004000,-0.999820,-0.018979,835.0,8.336,8.326,7.873,82.1,1.795,95.0,56.6,1,0,1,0,0,0,1,0,0
DATA,2006000,-0.999823,-0.018834,835.8,8.335,8.320,7.874,82.1,1.795,95.0,56.6,1,0,1,0,0,0,1,0,0
DATA,2008000,-0.999825,-0.018688,835.8,8.334,8.314,7.874,82.1,1.795,95.0,56.6,1,0,1,0,0,0,1,0,0
DATA,2010000,-0.999828,-0.018543,835.8,8.334,8.310,7.873,82.1,1.795,95.0,56.6,1,0,1,0,0,0,1,0,0
DATA,2012000,-0.999831,-0.018398,835.8,8.334,8.308,7.872,82.0,1.795,95.0,56.6,1,0,1,0,0,0,1,0,0
DATA,2014000,-0.999833,-0.018252,835.8,8.334,8.308,7.873,82.1,1.795,95.0,56.6,1,0,1,0,0,0,1,0,0
DATA,2016000,-0.999836,-0.018106,835.8,8.333,8.306,7.874,82.1,1.795,95.0,56.6,1,0,1,0,0,0,1,0,0
DATA,2018000,-0.999839,-0.017961,835.8,8.333,8.306,7.874,82.1,1.795,95.0,56.6,1,0,1,0,0,0,1,0,0
DATA,2020000,-0.999841,-0.017816,835.8,8.335,8.310,7.875,82.2,1.795,95.0,56.6,1,0,1,0,0,0,1,0,0
DATA,2022000,-0.999844,-0.017670,835.8,8.335,8.312,7.876,82.2,1.795,95.0,56.6,1,0,1,0,0,0,1,0,0
DATA,2024000,-0.999846,-0.017525,835.8,8.335,8.314,7.876,82.2,1.795,95.0,56.6,1,0,1,0,0,0,1,0,0
DATA,2026000,-0.999849,-0.017379,835.8,8.335,8.314,7.877,82.3,1.795,95.0,56.6,1,0,1,0,0,0,1,0,0
DATA,2028000,-0.999851,-0.017234,835.8,8.335,8.312,7.876,82.2,1.795,95.0,56.6,1,0,1,0,0,0,1,0,0
DATA,2030000,-0.999854,-0.017089,835.8,8.335,8.308,7.877,82.3,1.795,95.0,56.6,1,0,1,0,0,0,1,0,0
DATA,2032000,-0.999856,-0.016943,835.8,8.335,8.310,7.877,82.3,1.794,95.0,56.6,1,0,1,0,0,0,1,0,0
DATA,2034000,-0.999859,-0.016798,835.8,8.336,8.314,7.878,82.4,1.794,95.0,56.6,1,0,1,0,0,0,1,0,0
DATA,2036000,-0.999861,-0.016653,835.8,8.337,8.314,7.877,82.3,1.794,95.0,56.6,1,0,1,0,0,0,1,0,0
DATA,2038000,-0.999864,-0.016507,835.8,8.336,8.310,7.875,82.2,1.794,95.0,56.6,1,0,1,0,0,0,1,0,0
DATA,2040000,-0.999866,-0.016361,835.8,8.335,8.306,7.877,82.3,1.795,95.0,56.6,1,0,1,0,0,0,1,0,0
DATA,2042000,-0.999869,-0.016216,835.8,8.335,8.302,7.878,82.4,1.795,95.0,56.6,1,0,1,0,0,0,1,0,0
DATA,2044000,-0.999871,-0.016071,835.0,8.334,8.300,7.878,82.4,1.795,95.0,56.6,1,0,1,0,0,0,1,0,0
DATA,2046000,-0.999873,-0.015925,835.8,8.335,8.306,7.877,82.3,1.795,95.0,56.6,1,0,1,0,0,0,1,0,0
DATA,2048000,-0.999875,-0.015780,835.8,8.337,8.308,7.878,82.4,1.795,95.0,56.3,1,0,1,0,0,0,1,0,0
DATA,2050000,-0.999878,-0.015634,835.8,8.337,8.310,7.878,82.4,1.795,95.0,56.3,1,0,1,0,0,0,1,0,0
DATA,2052000,-0.999880,-0.015489,835.8,8.337,8.308,7.878,82.4,1.795,95.0,56.3,1,0,1,0,0,0,1,0,0
DATA,2054000,-0.999882,-0.015344,835.8,8.338,8.306,7.878,82.4,1.795,95.0,56.3,1,0,1,0,0,0,1,0,0
DATA,2056000,-0.999884,-0.015199,835.8,8.337,8.304,7.880,82.5,1.795,95.0,56.3,1,0,1,0,0,0,1,0,0
DATA,2058000,-0.999887,-0.015053,835.8,8.337,8.300,7.878,82.3,1.795,95.0,56.3,1,0,1,0,0,0,1,0,0
DATA,2060000,-0.999889,-0.014907,835.8,8.337,8.298,7.880,82.5,1.795,95.0,56.3,1,0,1,0,0,0,1,0,0
DATA,2062000,-0.999891,-0.014762,835.8,8.337,8.298,7.879,82.5,1.795,95.0,56.3,1,0,1,0,0,0,1,0,0
DATA,2064000,-0.999893,-0.014617,835.8,8.337,8.298,7.880,82.5,1.795,95.0,56.3,1,0,1,0,0,0,1,0,0
DATA,2066000,-0.999895,-0.014471,835.8,8.337,8.302,7.879,82.4,1.795,95.0,56.3,1,0,1,0,0,0,1,0,0
DATA,2068000,-0.999897,-0.014326,835.8,8.337,8.308,7.881,82.5,1.795,95.0,56.3,1,0,1,0,0,0,1,0,0
DATA,2070000,-0.999899,-0.014180,836.7,8.337,8.310,7.882,82.6,1.795,95.0,56.3,1,0,1,0,0,0,1,0,0
DATA,2072000,-0.999901,-0.014035,835.8,8.338,8.316,7.882,82.6,1.795,95.0,56.3,1,0,1,0,0,0,1,0,0
DATA,2074000,-0.999904,-0.013889,836.7,8.337,8.316,7.881,82.5,1.795,95.0,56.3,1,0,1,0,0,0,1,0,0
DATA,2076000,-0.999906,-0.013744,837.5,8.338,8.316,7.881,82.6,1.795,95.0,56.3,1,0,1,0,0,0,1,0,0
DATA,2078000,-0.999908,-0.013598,837.5,8.338,8.316,7.881,82.6,1.795,95.0,56.3,1,0,1,0,0,0,1,0,0
DATA,2080000,-0.999910,-0.013454,837.5,8.337,8.312,7.881,82.6,1.795,95.0,56.3,1,0,1,0,0,0,1,0,0
DATA,2082000,-0.999911,-0.013308,837.5,8.337,8.312,7.881,82.6,1.795,95.0,56.3,1,0,1,0,0,0,1,0,0
DATA,2084000,-0.999913,-0.013162,837.5,8.336,8.310,7.880,82.5,1.795,95.0,56.3,1,0,1,0,0,0,1,0,0
DATA,2086000,-0.999915,-0.013017,837.5,8.336,8.312,7.881,82.6,1.795,95.0,56.3,1,0,1,0,0,0,1,0,0
DATA,2088000,-0.999917,-0.012871,837.5,8.337,8.314,7.881,82.6,1.795,95.0,56.3,1,0,1,0,0,0,1,0,0
DATA,2090000,-0.999919,-0.012726,837.5,8.337,8.316,7.883,82.7,1.795,95.0,56.3,1,0,1,0,0,0,1,0,0
DATA,2092000,-0.999921,-0.012581,837.5,8.338,8.318,7.882,82.7,1.795,95.0,56.3,1,0,1,0,0,0,1,0,0
DATA,2094000,-0.999923,-0.012435,837.5,8.338,8.318,7.883,82.7,1.795,95.0,56.3,1,0,1,0,0,0,1,0,0
DATA,2096000,-0.999924,-0.012289,837.5,8.340,8.320,7.883,82.7,1.795,95.0,56.3,1,0,1,0,0,0,1,0,0
DATA,2098000,-0.999926,-0.012144,837.5,8.340,8.320,7.883,82.7,1.795,95.0,56.3,1,0,1,0,0,0,1,0,0
DATA,2100000,-0.999928,-0.011999,837.5,8.340,8.320,7.884,82.7,1.795,95.0,56.3,1,0,1,0,0,0,1,0,0
DATA,2102000,-0.999930,-0.011853,836.7,8.340,8.320,7.885,82.8,1.795,95.0,56.3,1,0,1,0,0,0,1,0,0
DATA,2104000,-0.999931,-0.011708,837.5,8.340,8.320,7.884,82.8,1.795,95.0,56.3,1,0,1,0,0,0,1,0,0
DATA,2106000,-0.999933,-0.011563,837.5,8.341,8.320,7.885,82.8,1.795,95.0,56.3,1,0,1,0,0,0,1,0,0
DATA,2108000,-0.999935,-0.011417,837.5,8.341,8.320,7.884,82.7,1.795,95.0,56.3,1,0,1,0,0,0,1,0,0
DATA,2110000,-0.999936,-0.011272,837.5,8.341,8.320,7.882,82.7,1.795,95.0,56.3,1,0,1,0,0,0,1,0,0
DATA,2112000,-0.999938,-0.011126,836.7,8.340,8.314,7.883,82.7,1.795,95.0,56.3,1,0,1,0,0,0,1,0,0
DATA,2114000,-0.999940,-0.010981,837.5,8.340,8.310,7.884,82.7,1.795,95.0,56.3,1,0,1,0,0,0,1,0,0
DATA,2116000,-0.999941,-0.010835,836.7,8.339,8.306,7.883,82.7,1.795,95.0,56.3,1,0,1,0,0,0,1,0,0
DATA,2118000,-0.999943,-0.010690,837.5,8.338,8.302,7.883,82.7,1.795,95.0,56.3,1,0,1,0,0,0,1,0,0
DATA,2120000,-0.999944,-0.010544,837.5,8.339,8.306,7.885,82.8,1.795,95.0,56.3,1,0,1,0,0,0,1,0,0
DATA,2122000,-0.999946,-0.010399,836.7,8.339,8.308,7.885,82.8,1.795,95.0,56.3,1,0,1,0,0,0,1,0,0
DATA,2124000,-0.999947,-0.010254,837.5,8.339,8.308,7.885,82.8,1.795,95.0,56.3,1,0,1,0,0,0,1,0,0
DATA,2126000,-0.999949,-0.010108,837.5,8.340,8.312,7.887,82.9,1.795,95.0,56.3,1,0,1,0,0,0,1,0,0
DATA,2128000,-0.999950,-0.009962,837.5,8.341,8.316,7.886,82.9,1.795,95.0,56.3,1,0,1,0,0,0,1,0,0
DATA,2130000,-0.999952,-0.009817,836.7,8.341,8.316,7.887,82.9,1.795,95.0,56.3,1,0,1,0,0,0,1,0,0
DATA,2132000,-0.999953,-0.009672,820.8,8.342,8.320,7.887,82.9,1.795,95.0,56.3,1,0,1,0,0,0,1,0,0
DATA,2134000,-0.999955,-0.009526,841.7,8.337,8.346,7.878,82.4,1.795,95.0,56.3,1,0,1,0,0,0,1,0,0
DATA,2136000,-0.999956,-0.009381,867.5,8.337,8.342,7.887,82.9,1.795,95.0,56.3,1,0,1,0,0,0,1,0,0
DATA,2138000,-0.999957,-0.009236,867.5,8.338,8.344,7.887,82.9,1.795,95.0,56.3,1,0,1,0,0,0,1,0,0
DATA,2140000,-0.999959,-0.009090,869.2,8.338,8.344,7.887,83.0,1.795,95.0,56.3,1,0,1,0,0,0,1,0,0
DATA,2142000,-0.999960,-0.008944,885.0,8.343,8.316,7.887,82.9,1.795,95.0,56.3,1,0,1,0,0,0,1,0,0
DATA,2144000,-0.999961,-0.008799,911.7,8.343,8.316,7.886,82.9,1.795,95.0,56.3,1,0,1,0,0,0,1,0,0
DATA,2146000,-0.999963,-0.008654,943.3,8.343,8.310,7.887,83.0,1.795,95.0,56.3,1,0,1,0,0,0,1,0,0
DATA,2148000,-0.999964,-0.008508,957.5,8.342,8.310,7.887,82.9,1.795,95.0,56.3,1,0,1,0,0,0,1,0,0
DATA,2150000,-0.999965,-0.008363,966.7,8.341,8.308,7.887,82.9,1.795,95.0,56.3,1,0,1,0,0,0,1,0,0
DATA,2152000,-0.999966,-0.008217,975.0,8.340,8.306,7.886,82.9,1.795,95.0,56.3,1,0,1,0,0,0,1,0,0
DATA,2154000,-0.999967,-0.008072,976.7,8.340,8.310,7.885,82.8,1.795,95.0,56.3,1,0,1,0,0,0,1,0,0
DATA,2156000,-0.999969,-0.007926,979.2,8.341,8.310,7.886,82.9,1.795,95.0,56.3,1,0,1,0,0,0,1,0,0
DATA,2158000,-0.999970,-0.007781,977.5,8.341,8.314,7.886,82.9,1.795,95.0,56.3,1,0,1,0,0,0,1,0,0
DATA,2160000,-0.999971,-0.007636,960.0,8.342,8.318,7.886,82.9,1.795,95.0,56.3,1,0,1,0,0,0,1,0,0
DATA,2162000,-0.999972,-0.007490,957.5,8.341,8.318,7.886,82.9,1.795,95.0,56.3,1,0,1,0,0,0,1,0,0
DATA,2164000,-0.999973,-0.007345,957.5,8.341,8.318,7.886,82.9,1.795,95.0,56.3,1,0,1,0,0,0,1,0,0
DATA,2166000,-0.999974,-0.007199,960.0,8.340,8.316,7.887,82.9,1.795,95.0,56.3,1,0,1,0,0,0,1,0,0
DATA,2168000,-0.999975,-0.007054,980.0,8.340,8.316,7.886,82.9,1.795,95.0,56.3,1,0,1,0,0,0,1,0,0
DATA,2170000,-0.999976,-0.006908,980.8,8.340,8.316,7.887,82.9,1.795,95.0,56.3,1,0,1,0,0,0,1,0,0
DATA,2172000,-0.999977,-0.006763,981.7,8.340,8.314,7.886,82.9,1.795,95.0,56.0,1,0,1,0,0,0,1,0,0
DATA,2174000,-0.999978,-0.006617,981.7,8.340,8.310,7.886,82.9,1.795,95.0,56.0,1,0,1,0,0,0,1,0,0
DATA,2176000,-0.999979,-0.006472,981.7,8.340,8.308,7.887,82.9,1.795,95.0,56.0,1,0,1,0,0,0,1,0,0
DATA,2178000,-0.999980,-0.006327,981.7,8.340,8.302,7.886,82.9,1.795,95.0,56.0,1,0,1,0,0,0,1,0,0
DATA,2180000,-0.999981,-0.006181,980.8,8.340,8.300,7.887,83.0,1.795,95.0,56.0,1,0,1,0,0,0,1,0,0
DATA,2182000,-0.999982,-0.006036,981.7,8.340,8.300,7.887,82.9,1.795,95.0,56.0,1,0,1,0,0,0,1,0,0
DATA,2184000,-0.999983,-0.005890,980.8,8.341,8.300,7.886,82.9,1.795,95.0,56.0,1,0,1,0,0,0,1,0,0
DATA,2186000,-0.999983,-0.005745,980.8,8.340,8.302,7.886,82.9,1.795,95.0,56.0,1,0,1,0,0,0,1,0,0
DATA,2188000,-0.999984,-0.005599,978.3,8.339,8.302,7.886,82.9,1.795,95.0,56.0,1,0,1,0,0,0,1,0,0
DATA,2190000,-0.999985,-0.005454,979.2,8.339,8.300,7.885,82.8,1.795,95.0,56.0,1,0,1,0,0,0,1,0,0
DATA,2192000,-0.999986,-0.005309,980.0,8.340,8.302,7.888,83.0,1.795,95.0,56.0,1,0,1,0,0,0,1,0,0
DATA,2194000,-0.999987,-0.005163,980.8,8.342,8.306,7.888,83.0,1.795,95.0,56.0,1,0,1,0,0,0,1,0,0
DATA,2196000,-0.999987,-0.005018,980.8,8.343,8.308,7.889,83.1,1.795,95.0,56.0,1,0,1,0,0,0,1,0,0
DATA,2198000,-0.999988,-0.004872,980.0,8.345,8.312,7.888,83.0,1.795,95.0,56.0,1,0,1,0,0,0,1,0,0
DATA,2200000,-0.999989,-0.004727,980.8,8.344,8.310,7.889,83.1,1.795,95.0,56.0,1,0,1,0,0,0,1,0,0
DATA,2202000,-0.999990,-0.004581,962.5,8.344,8.306,7.889,83.1,1.795,95.0,56.0,1,0,1,0,0,0,1,0,0
DATA,2204000,-0.999990,-0.004436,969.2,8.344,8.308,7.889,83.1,1.795,95.0,56.0,1,0,1,0,0,0,1,0,0
DATA,2206000,-0.999991,-0.004290,968.3,8.344,8.308,7.890,83.1,1.795,95.0,56.0,1,0,1,0,0,0,1,0,0
DATA,2208000,-0.999991,-0.004145,967.5,8.344,8.310,7.893,83.3,1.795,95.0,56.0,1,0,1,0,0,0,1,0,0
DATA,2210000,-0.999992,-0.004000,966.7,8.344,8.310,7.891,83.2,1.795,95.0,56.0,1,0,1,0,0,0,1,0,0
DATA,2212000,-0.999993,-0.003854,975.0,8.344,8.310,7.892,83.2,1.795,95.0,56.0,1,0,1,0,0,0,1,0,0
DATA,2214000,-0.999993,-0.003708,980.8,8.344,8.312,7.892,83.2,1.795,95.0,56.0,1,0,1,0,0,0,1,0,0
DATA,2216000,-0.999994,-0.003563,980.0,8.343,8.314,7.891,83.2,1.795,95.0,56.0,1,0,1,0,0,0,1,0,0
DATA,2218000,-0.999994,-0.003418,975.0,8.344,8.318,7.889,83.1,1.795,95.0,56.0,1,0,1,0,0,0,1,0,0
DATA,2220000,-0.999995,-0.003273,976.7,8.343,8.320,7.891,83.2,1.795,95.0,56.0,1,0,1,0,0,0,1,0,0
DATA,2222000,-0.999995,-0.003127,978.3,8.342,8.316,7.891,83.2,1.795,95.0,56.0,1,0,1,0,0,0,1,0,0
DATA,2224000,-0.999996,-0.002982,976.7,8.341,8.308,7.889,83.1,1.795,95.0,56.0,1,0,1,0,0,0,1,0,0
DATA,2226000,-0.999996,-0.002836,943.3,8.340,8.302,7.889,83.1,1.795,95.0,56.0,1,0,1,0,0,0,1,0,0
DATA,2228000,-0.999996,-0.002691,965.0,8.338,8.294,7.888,83.0,1.795,95.0,56.0,1,0,1,0,0,0,1,0,0
DATA,2230000,-0.999997,-0.002545,970.0,8.337,8.290,7.888,83.0,1.795,95.0,56.0,1,0,1,0,0,0,1,0,0
DATA,2232000,-0.999997,-0.002400,970.0,8.337,8.294,7.890,83.1,1.795,95.0,56.0,1,0,1,0,0,0,1,0,0
DATA,2234000,-0.999997,-0.002254,975.0,8.337,8.296,7.890,83.1,1.795,95.0,56.0,1,0,1,0,0,0,1,0,0
DATA,2236000,-0.999998,-0.002109,975.8,8.338,8.300,7.890,83.1,1.795,95.0,56.0,1,0,1,0,0,0,1,0,0
DATA,2238000,-0.999998,-0.001963,960.0,8.340,8.304,7.890,83.1,1.795,95.0,56.0,1,0,1,0,0,0,1,0,0
DATA,2240000,-0.999998,-0.001818,972.5,8.340,8.304,7.891,83.2,1.795,95.0,56.0,1,0,1,0,0,0,1,0,0
DATA,2242000,-0.999999,-0.001673,972.5,8.340,8.306,7.891,83.2,1.795,95.0,56.0,1,0,1,0,0,0,1,0,0
DATA,2244000,-0.999999,-0.001527,976.7,8.339,8.304,7.891,83.2,1.795,95.0,56.0,1,0,1,0,0,0,1,0,0
DATA,2246000,-0.999999,-0.001381,967.5,8.339,8.302,7.890,83.2,1.795,95.0,56.0,1,0,1,0,0,0,1,0,0
DATA,2248000,-0.999999,-0.001236,970.8,8.339,8.302,7.891,83.2,1.795,95.0,56.0,1,0,1,0,0,0,1,0,0
DATA,2250000,-0.999999,-0.001091,966.7,8.339,8.300,7.890,83.1,1.795,95.0,56.0,1,0,1,0,0,0,1,0,0
DATA,2252000,-1.000000,-0.000945,956.7,8.339,8.304,7.891,83.2,1.795,95.0,56.0,1,0,1,0,0,0,1,0,0
DATA,2254000,-1.000000,-0.000800,972.5,8.340,8.308,7.890,83.1,1.794,95.0,56.0,1,0,1,0,0,0,1,0,0
DATA,2256000,-1.000000,-0.000655,978.3,8.340,8.308,7.892,83.2,1.794,95.0,56.0,1,0,1,0,0,0,1,0,0
DATA,2258000,-1.000000,-0.000509,975.8,8.340,8.308,7.890,83.1,1.793,95.0,56.0,1,0,1,0,0,0,1,0,0
DATA,2260000,-1.000000,-0.000363,976.7,8.339,8.306,7.891,83.2,1.793,95.0,56.0,1,0,1,0,0,0,1,0,0
DATA,2262000,-1.000000,-0.000218,978.3,8.339,8.304,7.892,83.2,1.794,95.0,56.0,1,0,1,0,0,0,1,0,0
DATA,2264000,-1.000000,-0.000073,968.3,8.339,8.304,7.891,83.2,1.794,95.0,56.0,1,0,1,0,0,0,1,0,0
DATA,2266000,-1.000000,0.000073,980.8,8.331,8.294,7.873,82.0,1.907,95.0,56.0,1,0,1,1,0,0,1,0,0
DATA,2268000,-1.000000,0.000218,982.5,8.313,8.275,7.858,81.1,2.131,95.0,56.0,1,0,1,1,0,0,1,0,0
DATA,2270000,-1.000000,0.000364,976.7,8.295,8.259,7.858,81.1,2.355,95.0,56.0,1,0,1,1,0,0,1,0,0
DATA,2272000,-1.000000,0.000509,968.3,8.276,8.243,7.858,81.1,2.580,95.0,56.0,1,0,1,1,0,0,1,0,0
DATA,2274000,-1.000000,0.000655,982.5,8.267,8.239,7.858,81.1,2.692,95.0,56.0,1,0,1,1,0,0,1,0,0
DATA,2276000,-1.000000,0.000800,984.2,8.267,8.243,7.857,81.1,2.692,95.0,56.0,1,0,1,1,0,0,1,0,0
DATA,2278000,-1.000000,0.000946,982.5,8.267,8.243,7.857,81.0,2.692,95.0,56.0,1,0,1,1,0,0,1,0,0
DATA,2280000,-0.999999,0.001091,982.5,8.266,8.243,7.856,81.0,2.692,95.0,56.0,1,0,1,1,0,0,1,0,0
DATA,2282000,-0.999999,0.001236,973.3,8.265,8.239,7.855,80.9,2.692,95.0,56.0,1,0,1,1,0,0,1,0,0
DATA,2284000,-0.999999,0.001382,974.2,8.264,8.237,7.855,80.9,2.692,95.0,56.0,1,0,1,1,0,0,1,0,0
DATA,2286000,-0.999999,0.001527,979.2,8.263,8.233,7.855,80.9,2.692,95.0,56.0,1,0,1,1,0,0,1,0,0
DATA,2288000,-0.999999,0.001673,970.0,8.262,8.231,7.855,80.9,2.692,95.0,56.0,1,0,1,1,0,0,1,0,0
DATA,2290000,-0.999998,0.001818,964.2,8.263,8.233,7.856,81.0,2.692,95.0,56.0,1,0,1,1,0,0,1,0,0
DATA,2292000,-0.999998,0.001964,966.7,8.263,8.229,7.856,81.0,2.692,95.0,55.7,1,0,1,1,0,0,1,0,0
DATA,2294000,-0.999998,0.002109,962.5,8.263,8.231,7.855,80.9,2.692,95.0,55.7,1,0,1,1,0,0,1,0,0
DATA,2296000,-0.999997,0.002255,954.2,8.263,8.233,7.854,80.8,2.692,95.0,55.7,1,0,1,1,0,0,1,0,0
DATA,2298000,-0.999997,0.002400,965.8,8.263,8.233,7.855,80.9,2.692,95.0,55.7,1,0,1,1,0,0,1,0,0
DATA,2300000,-0.999997,0.002545,966.7,8.263,8.237,7.855,81.0,2.692,95.0,55.7,1,0,1,1,0,0,1,0,0
DATA,2302000,-0.999996,0.002691,964.2,8.273,8.255,7.857,81.1,2.644,95.0,55.7,1,0,1,0,0,0,1,0,0
DATA,2304000,-0.999996,0.002836,970.8,8.294,8.277,7.890,83.2,2.420,95.0,55.7,1,0,1,0,0,0,1,0,0
DATA,2306000,-0.999996,0.002982,960.0,8.304,8.290,7.892,83.2,2.308,95.0,55.7,1,0,1,0,0,0,1,0,0
DATA,2308000,-0.999995,0.003127,957.5,8.325,8.314,7.892,83.2,2.083,95.0,55.7,1,0,1,0,0,0,1,0,0
DATA,2310000,-0.999995,0.003273,959.2,8.345,8.334,7.892,83.3,1.859,95.0,55.7,1,0,1,0,0,0,1,0,0
DATA,2312000,-0.999994,0.003418,959.2,8.346,8.334,7.892,83.3,1.795,95.0,55.7,1,0,1,0,0,0,1,0,0
DATA,2314000,-0.999994,0.003563,970.0,8.345,8.332,7.893,83.3,1.795,95.0,55.7,1,0,1,0,0,0,1,0,0
DATA,2316000,-0.999993,0.003709,978.3,8.345,8.330,7.894,83.4,1.795,95.0,55.7,1,0,1,0,0,0,1,0,0
DATA,2318000,-0.999993,0.003854,980.8,8.345,8.326,7.894,83.4,1.795,95.0,55.7,1,0,1,0,0,0,1,0,0
DATA,2320000,-0.999992,0.004000,981.7,8.345,8.324,7.895,83.4,1.796,95.0,55.7,1,0,1,0,0,0,1,0,0
DATA,2322000,-0.999991,0.004145,976.7,8.345,8.324,7.895,83.5,1.797,95.0,55.7,1,0,1,0,0,0,1,0,0
DATA,2324000,-0.999991,0.004291,944.2,8.345,8.320,7.895,83.4,1.798,95.0,55.7,1,0,1,0,0,0,1,0,0
DATA,2326000,-0.999990,0.004436,1185.8,8.346,8.318,7.895,83.5,1.799,95.0,55.7,1,0,1,0,0,0,1,0,0
DATA,2328000,-0.999990,0.004581,1165.0,8.346,8.318,7.896,83.5,1.799,95.0,55.7,1,0,1,0,0,0,1,0,0
DATA,2330000,-0.999989,0.004727,1175.8,8.347,8.322,7.898,83.6,1.799,95.0,55.7,1,0,1,0,0,0,1,0,0
DATA,2332000,-0.999988,0.004873,1184.2,8.348,8.330,7.898,83.6,1.799,95.0,55.7,1,0,1,0,0,0,1,0,0
DATA,2334000,-0.999987,0.005018,1185.0,8.349,8.340,7.897,83.6,1.797,95.0,55.7,1,0,1,0,0,0,1,0,0
DATA,2336000,-0.999987,0.005163,1185.0,8.352,8.350,7.899,83.7,1.797,95.0,55.7,1,0,1,0,0,0,1,0,0
DATA,2338000,-0.999986,0.005309,1185.8,8.353,8.357,7.898,83.6,1.797,95.0,55.7,1,0,1,0,0,0,1,0,0
DATA,2340000,-0.999985,0.005455,1185.8,8.355,8.363,7.899,83.7,1.797,95.0,55.7,1,0,1,0,0,0,1,0,0
DATA,2342000,-0.999984,0.005599,1185.0,8.355,8.367,7.898,83.6,1.798,95.0,55.7,1,0,1,0,0,0,1,0,0
DATA,2344000,-0.999983,0.005745,1185.0,8.356,8.365,7.898,83.6,1.797,95.0,55.7,1,0,1,0,0,0,1,0,0
DATA,2346000,-0.999983,0.005890,1185.0,8.356,8.365,7.899,83.7,1.797,95.0,55.7,1,0,1,0,0,0,1,0,0
DATA,2348000,-0.999982,0.006036,1185.0,8.355,8.359,7.898,83.6,1.797,95.0,55.7,1,0,1,0,0,0,1,0,0
DATA,2350000,-0.999981,0.006181,1185.0,8.354,8.348,7.895,83.4,1.797,95.0,55.7,1,0,1,0,0,0,1,0,0
DATA,2352000,-0.999980,0.006327,1185.8,8.352,8.342,7.897,83.6,1.798,95.0,55.7,1,0,1,0,0,0,1,0,0
DATA,2354000,-0.999979,0.006473,1185.8,8.351,8.332,7.897,83.6,1.798,95.0,55.7,1,0,1,0,0,0,1,0,0
DATA,2356000,-0.999978,0.006618,1185.8,8.350,8.328,7.897,83.6,1.798,95.0,55.7,1,0,1,0,0,0,1,0,0
DATA,2358000,-0.999977,0.006763,1185.8,8.351,8.332,7.897,83.6,1.799,95.0,55.7,1,0,1,0,0,0,1,0,0
DATA,2360000,-0.999976,0.006908,1185.8,8.352,8.336,7.898,83.7,1.799,95.0,55.7,1,0,1,0,0,0,1,0,0
DATA,2362000,-0.999975,0.007054,1185.8,8.353,8.344,7.899,83.7,1.800,95.0,55.7,1,0,1,0,0,0,1,0,0
DATA,2364000,-0.999974,0.007200,1185.8,8.354,8.352,7.900,83.7,1.800,95.0,55.7,1,0,1,0,0,0,1,0,0
DATA,2366000,-0.999973,0.007345,1185.0,8.355,8.357,7.899,83.7,1.800,95.0,55.7,1,0,1,0,0,0,1,0,0
DATA,2368000,-0.999972,0.007490,1185.0,8.355,8.355,7.896,83.5,1.800,95.0,55.7,1,0,1,0,0,0,1,0,0
DATA,2370000,-0.999971,0.007636,1185.8,8.354,8.355,7.899,83.7,1.800,95.0,55.7,1,0,1,0,0,0,1,0,0
DATA,2372000,-0.999970,0.007781,1185.8,8.354,8.350,7.900,83.7,1.801,95.0,55.7,1,0,1,0,0,0,1,0,0
DATA,2374000,-0.999969,0.007926,1185.8,8.354,8.346,7.899,83.7,1.801,95.0,55.7,1,0,1,0,0,0,1,0,0
DATA,2376000,-0.999967,0.008072,1185.0,8.353,8.340,7.897,83.6,1.801,95.0,55.7,1,0,1,0,0,0,1,0,0
DATA,2378000,-0.999966,0.008218,1185.8,8.354,8.336,7.899,83.7,1.801,95.0,55.7,1,0,1,0,0,0,1,0,0
DATA,2380000,-0.999965,0.008363,1185.8,8.354,8.334,7.900,83.8,1.801,95.0,55.7,1,0,1,0,0,0,1,0,0
DATA,2382000,-0.999964,0.008508,1185.0,8.354,8.334,7.900,83.7,1.801,95.0,55.7,1,0,1,0,0,0,1,0,0
DATA,2384000,-0.999963,0.008654,1185.8,8.355,8.342,7.900,83.7,1.801,95.0,55.7,1,0,1,0,0,0,1,0,0
DATA,2386000,-0.999961,0.008799,1185.0,8.355,8.344,7.901,83.8,1.801,95.0,55.7,1,0,1,0,0,0,1,0,0
DATA,2388000,-0.999960,0.008945,1185.0,8.356,8.348,7.900,83.7,1.800,95.0,55.7,1,0,1,0,0,0,1,0,0
DATA,2390000,-0.999959,0.009090,1185.8,8.356,8.348,7.900,83.8,1.800,95.0,55.7,1,0,1,0,0,0,1,0,0
DATA,2392000,-0.999957,0.009236,1185.0,8.356,8.348,7.901,83.8,1.800,95.0,55.7,1,0,1,0,0,0,1,0,0
DATA,2394000,-0.999956,0.009381,1185.0,8.356,8.350,7.900,83.8,1.800,95.0,55.7,1,0,1,0,0,0,1,0,0
DATA,2396000,-0.999955,0.009527,1185.0,8.357,8.350,7.901,83.8,1.801,95.0,55.7,1,0,1,0,0,0,1,0,0
DATA,2398000,-0.999953,0.009673,1185.8,8.358,8.357,7.901,83.8,1.800,95.0,55.7,1,0,1,0,0,0,1,0,0
DATA,2400000,-0.999952,0.009817,1185.0,8.359,8.361,7.903,83.9,1.800,95.0,55.7,1,0,1,0,0,0,1,0,0
DATA,2402000,-0.999950,0.009963,1185.0,8.359,8.365,7.902,83.9,1.800,95.0,55.7,1,0,1,0,0,0,1,0,0
DATA,2404000,-0.999949,0.010108,1185.0,8.359,8.365,7.901,83.8,1.799,95.0,55.7,1,0,1,0,0,0,1,0,0
DATA,2406000,-0.999947,0.010254,1185.8,8.359,8.361,7.901,83.8,1.799,95.0,55.7,1,0,1,0,0,0,1,0,0
DATA,2408000,-0.999946,0.010399,1185.0,8.357,8.355,7.901,83.8,1.799,95.0,55.7,1,0,1,0,0,0,1,0,0
DATA,2410000,-0.999944,0.010545,1185.0,8.356,8.350,7.900,83.7,1.799,95.0,55.7,1,0,1,0,0,0,1,0,0
DATA,2412000,-0.999943,0.010690,1185.0,8.356,8.350,7.902,83.9,1.799,95.0,55.7,1,0,1,0,0,0,1,0,0
DATA,2414000,-0.999941,0.010836,1185.0,8.355,8.346,7.902,83.9,1.799,95.0,55.4,1,0,1,0,0,0,1,0,0
DATA,2416000,-0.999940,0.010981,1185.8,8.355,8.344,7.901,83.8,1.799,95.0,55.4,1,0,1,0,0,0,1,0,0
DATA,2418000,-0.999938,0.011126,1185.8,8.354,8.340,7.899,83.7,1.797,95.0,55.4,1,0,1,0,0,0,1,0,0
DATA,2420000,-0.999936,0.011272,1185.0,8.354,8.340,7.901,83.8,1.796,95.0,55.4,1,0,1,0,0,0,1,0,0
DATA,2422000,-0.999935,0.011418,1185.0,8.354,8.342,7.902,83.9,1.798,95.0,55.4,1,0,1,0,0,0,1,0,0
DATA,2424000,-0.999933,0.011563,1185.0,8.354,8.342,7.900,83.8,1.798,95.0,55.4,1,0,1,0,0,0,1,0,0
DATA,2426000,-0.999931,0.011708,1185.0,8.354,8.344,7.901,83.8,1.799,95.0,55.4,1,0,1,0,0,0,1,0,0
DATA,2428000,-0.999930,0.011854,1185.0,8.353,8.340,7.901,83.8,1.798,95.0,55.4,1,0,1,0,0,0,1,0,0
DATA,2430000,-0.999928,0.011999,1185.0,8.352,8.338,7.899,83.7,1.796,95.0,55.4,1,0,1,0,0,0,1,0,0
DATA,2432000,-0.999926,0.012144,1185.0,8.352,8.336,7.902,83.9,1.795,95.0,55.4,1,0,1,0,0,0,1,0,0
DATA,2434000,-0.999924,0.012290,1185.0,8.352,8.336,7.902,83.9,1.795,95.0,55.4,1,0,1,0,0,0,1,0,0
DATA,2436000,-0.999923,0.012435,1185.0,8.352,8.338,7.902,83.9,1.795,95.0,55.4,1,0,1,0,0,0,1,0,0
DATA,2438000,-0.999921,0.012581,1185.0,8.353,8.342,7.903,83.9,1.795,95.0,55.4,1,0,1,0,0,0,1,0,0
DATA,2440000,-0.999919,0.012726,1185.0,8.353,8.344,7.902,83.9,1.796,95.0,55.4,1,0,1,0,0,0,1,0,0
DATA,2442000,-0.999917,0.012871,1185.8,8.354,8.344,7.903,84.0,1.797,95.0,55.4,1,0,1,0,0,0,1,0,0
DATA,2444000,-0.999915,0.013017,1185.0,8.355,8.342,7.902,83.9,1.798,95.0,55.4,1,0,1,0,0,0,1,0,0
DATA,2446000,-0.999913,0.013163,1185.0,8.355,8.340,7.902,83.9,1.798,95.0,55.4,1,0,1,0,0,0,1,0,0
DATA,2448000,-0.999911,0.013308,1185.0,8.355,8.338,7.901,83.8,1.797,95.0,55.4,1,0,1,0,0,0,1,0,0
DATA,2450000,-0.999910,0.013454,1185.0,8.354,8.336,7.904,84.0,1.796,95.0,55.4,1,0,1,0,0,0,1,0,0
DATA,2452000,-0.999908,0.013599,1185.8,8.354,8.336,7.903,83.9,1.795,95.0,55.4,1,0,1,0,0,0,1,0,0
DATA,2454000,-0.999906,0.013744,1185.8,8.354,8.336,7.904,84.0,1.795,95.0,55.4,1,0,1,0,0,0,1,0,0
DATA,2456000,-0.999904,0.013889,1185.8,8.354,8.334,7.901,83.8,1.795,95.0,55.4,1,0,1,0,0,0,1,0,0
DATA,2458000,-0.999901,0.014035,1185.8,8.354,8.334,7.904,84.0,1.795,95.0,55.4,1,0,1,0,0,0,1,0,0
DATA,2460000,-0.999899,0.014180,1185.8,8.354,8.338,7.904,84.0,1.795,95.0,55.4,1,0,1,0,0,0,1,0,0
DATA,2462000,-0.999897,0.014326,1185.8,8.355,8.340,7.904,84.0,1.795,95.0,55.4,1,0,1,0,0,0,1,0,0
DATA,2464000,-0.999895,0.014471,1185.0,8.357,8.346,7.903,83.9,1.795,95.0,55.4,1,0,1,0,0,0,1,0,0
DATA,2466000,-0.999893,0.014617,1185.8,8.356,8.346,7.904,84.0,1.795,95.0,55.4,1,0,1,0,0,0,1,0,0
DATA,2468000,-0.999891,0.014762,1185.0,8.356,8.346,7.903,83.9,1.795,95.0,55.4,1,0,1,0,0,0,1,0,0
DATA,2470000,-0.999889,0.014908,1185.0,8.356,8.346,7.903,83.9,1.795,95.0,55.4,1,0,1,0,0,0,1,0,0
DATA,2472000,-0.999887,0.015053,1185.8,8.356,8.344,7.904,84.0,1.795,95.0,55.4,1,0,1,0,0,0,1,0,0
DATA,2474000,-0.999884,0.015199,1185.8,8.356,8.346,7.903,84.0,1.796,95.0,55.4,1,0,1,0,0,0,1,0,0
DATA,2476000,-0.999882,0.015344,1185.8,8.356,8.344,7.903,83.9,1.796,95.0,55.4,1,0,1,0,0,0,1,0,0
DATA,2478000,-0.999880,0.015489,1185.0,8.355,8.344,7.903,83.9,1.795,95.0,55.4,1,0,1,0,0,0,1,0,0
DATA,2480000,-0.999878,0.015635,1185.0,8.354,8.342,7.903,83.9,1.795,95.0,55.4,1,0,1,0,0,0,1,0,0
DATA,2482000,-0.999875,0.015780,1185.0,8.354,8.342,7.904,84.0,1.795,95.0,55.4,1,0,1,0,0,0,1,0,0
DATA,2484000,-0.999873,0.015925,1185.8,8.354,8.342,7.904,84.0,1.795,95.0,55.4,1,0,1,0,0,0,1,0,0
DATA,2486000,-0.999871,0.016071,1185.0,8.354,8.342,7.904,84.0,1.795,95.0,55.4,1,0,1,0,0,0,1,0,0
DATA,2488000,-0.999869,0.016217,1185.0,8.355,8.342,7.903,83.9,1.795,95.0,55.4,1,0,1,0,0,0,1,0,0
DATA,2490000,-0.999866,0.016362,1185.8,8.355,8.342,7.905,84.1,1.795,95.0,55.4,1,0,1,0,0,0,1,0,0
DATA,2492000,-0.999864,0.016507,1185.8,8.356,8.342,7.905,84.0,1.795,95.0,55.4,1,0,1,0,0,0,1,0,0
DATA,2494000,-0.999861,0.016653,1185.8,8.356,8.342,7.905,84.1,1.795,95.0,55.4,1,0,1,0,0,0,1,0,0
DATA,2496000,-0.999859,0.016798,1185.8,8.356,8.342,7.904,84.0,1.795,95.0,55.4,1,0,1,0,0,0,1,0,0
DATA,2498000,-0.999856,0.016944,1185.8,8.356,8.340,7.905,84.1,1.795,95.0,55.4,1,0,1,0,0,0,1,0,0
DATA,2500000,-0.999854,0.017089,1185.8,8.355,8.338,7.905,84.0,1.795,95.0,55.4,1,0,1,0,0,0,1,0,0
DATA,2502000,-0.999851,0.017234,1185.8,8.355,8.340,7.906,84.1,1.795,95.0,55.4,1,0,1,0,0,0,1,0,0
DATA,2504000,-0.999849,0.017380,1185.8,8.356,8.344,7.906,84.1,1.795,95.0,55.4,1,0,1,0,0,0,1,0,0
DATA,2506000,-0.999846,0.017525,1185.8,8.357,8.348,7.907,84.2,1.795,95.0,55.4,1,0,1,0,0,0,1,0,0
DATA,2508000,-0.999844,0.017670,1185.8,8.358,8.355,7.906,84.2,1.795,95.0,55.4,1,0,1,0,0,0,1,0,0
DATA,2510000,-0.999841,0.017816,1185.8,8.358,8.355,7.907,84.2,1.795,95.0,55.4,1,0,1,0,0,0,1,0,0
DATA,2512000,-0.999839,0.017962,1185.8,8.358,8.357,7.906,84.2,1.795,95.0,55.4,1,0,1,0,0,0,1,0,0
DATA,2514000,-0.999836,0.018107,1185.8,8.357,8.355,7.905,84.1,1.794,95.0,55.4,1,0,1,0,0,0,1,0,0
DATA,2516000,-0.999833,0.018253,1185.8,8.356,8.350,7.907,84.2,1.794,95.0,55.4,1,0,1,0,0,0,1,0,0
DATA,2518000,-0.999831,0.018398,1185.8,8.357,8.350,7.904,84.0,1.794,95.0,55.4,1,0,1,0,0,0,1,0,0
DATA,2520000,-0.999828,0.018543,1185.8,8.356,8.346,7.905,84.1,1.794,95.0,55.4,1,0,1,0,0,0,1,0,0
DATA,2522000,-0.999825,0.018689,1185.8,8.358,8.348,7.907,84.2,1.795,95.0,55.4,1,0,1,0,0,0,1,0,0
DATA,2524000,-0.999823,0.018834,1185.8,8.358,8.350,7.907,84.2,1.795,95.0,55.4,1,0,1,0,0,0,1,0,0
DATA,2526000,-0.999820,0.018979,1185.8,8.359,8.350,7.906,84.2,1.795,95.0,55.4,1,0,1,0,0,0,1,0,0
DATA,2528000,-0.999817,0.019125,1185.8,8.360,8.352,7.907,84.2,1.795,95.0,55.4,1,0,1,0,0,0,1,0,0
DATA,2530000,-0.999814,0.019270,1185.0,8.360,8.350,7.907,84.2,1.795,95.0,55.4,1,0,1,0,0,0,1,0,0
DATA,2532000,-0.999811,0.019416,1161.7,8.360,8.350,7.907,84.2,1.795,95.0,55.0,1,0,1,0,0,0,1,0,0
DATA,2534000,-0.999809,0.019561,1213.3,8.360,8.348,7.907,84.2,1.795,95.0,55.0,1,0,1,0,0,0,1,0,0
DATA,2536000,-0.999806,0.019706,1242.5,8.360,8.346,7.908,84.2,1.795,95.0,55.0,1,0,1,0,0,0,1,0,0
DATA,2538000,-0.999803,0.019852,1337.5,8.360,8.344,7.907,84.2,1.795,95.0,55.0,1,0,1,0,0,0,1,0,0
DATA,2540000,-0.999800,0.019998,1338.3,8.360,8.342,7.907,84.2,1.795,95.0,55.0,1,0,1,0,0,0,1,0,0
DATA,2542000,-0.999797,0.020143,1373.3,8.360,8.342,7.907,84.2,1.795,95.0,55.0,1,0,1,0,0,0,1,0,0
DATA,2544000,-0.999794,0.020288,1373.3,8.360,8.342,7.907,84.2,1.795,95.0,55.0,1,0,1,0,0,0,1,0,0
DATA,2546000,-0.999791,0.020434,1362.5,8.360,8.342,7.907,84.2,1.795,95.0,55.0,1,0,1,0,0,0,1,0,0
DATA,2548000,-0.999788,0.020579,1351.7,8.361,8.344,7.908,84.3,1.795,95.0,55.0,1,0,1,0,0,0,1,0,0
DATA,2550000,-0.999785,0.020724,1375.8,8.361,8.346,7.908,84.2,1.795,95.0,55.0,1,0,1,0,0,0,1,0,0
DATA,2552000,-0.999782,0.020870,1377.5,8.361,8.346,7.908,84.3,1.795,95.0,55.0,1,0,1,0,0,0,1,0,0
DATA,2554000,-0.999779,0.021016,1377.5,8.361,8.346,7.907,84.2,1.795,95.0,55.0,1,0,1,0,0,0,1,0,0
DATA,2556000,-0.999776,0.021161,1378.3,8.360,8.340,7.908,84.2,1.795,95.0,55.0,1,0,1,0,0,0,1,0,0
DATA,2558000,-0.999773,0.021306,1377.5,8.360,8.334,7.907,84.2,1.795,95.0,55.0,1,0,1,0,0,0,1,0,0
DATA,2560000,-0.999770,0.021451,1377.5,8.360,8.330,7.909,84.3,1.795,95.0,55.0,1,0,1,0,0,0,1,0,0
DATA,2562000,-0.999767,0.021597,1377.5,8.360,8.330,7.907,84.2,1.795,95.0,55.0,1,0,1,0,0,0,1,0,0
DATA,2564000,-0.999764,0.021743,1377.5,8.361,8.336,7.909,84.3,1.795,95.0,55.0,1,0,1,0,0,0,1,0,0
DATA,2566000,-0.999760,0.021887,1377.5,8.361,8.342,7.909,84.3,1.795,95.0,55.0,1,0,1,0,0,0,1,0,0
DATA,2568000,-0.999757,0.022033,1377.5,8.362,8.350,7.908,84.2,1.795,95.0,55.0,1,0,1,0,0,0,1,0,0
DATA,2570000,-0.999754,0.022179,1377.5,8.363,8.359,7.910,84.3,1.795,95.0,55.0,1,0,1,0,0,0,1,0,0
DATA,2572000,-0.999751,0.022324,1377.5,8.364,8.363,7.910,84.4,1.795,95.0,55.0,1,0,1,0,0,0,1,0,0
DATA,2574000,-0.999748,0.022469,1378.3,8.365,8.365,7.910,84.4,1.795,95.0,55.0,1,0,1,0,0,0,1,0,0
DATA,2576000,-0.999744,0.022615,1377.5,8.367,8.367,7.910,84.4,1.795,95.0,55.0,1,0,1,0,0,0,1,0,0
DATA,2578000,-0.999741,0.022760,1377.5,8.367,8.367,7.910,84.4,1.795,95.0,55.0,1,0,1,0,0,0,1,0,0
DATA,2580000,-0.999738,0.022906,1377.5,8.366,8.367,7.910,84.4,1.794,95.0,55.0,1,0,1,0,0,0,1,0,0
DATA,2582000,-0.999734,0.023051,1377.5,8.366,8.369,7.910,84.4,1.794,95.0,55.0,1,0,1,0,0,0,1,0,0
DATA,2584000,-0.999731,0.023197,1377.5,8.366,8.371,7.910,84.4,1.794,95.0,55.0,1,0,1,0,0,0,1,0,0
DATA,2586000,-0.999728,0.023342,1378.3,8.366,8.373,7.912,84.5,1.793,95.0,55.0,1,0,1,0,0,0,1,0,0
DATA,2588000,-0.999724,0.023487,1377.5,8.367,8.375,7.913,84.5,1.794,95.0,55.0,1,0,1,0,0,0,1,0,0
DATA,2590000,-0.999721,0.023633,1378.3,8.367,8.377,7.913,84.5,1.794,95.0,55.0,1,0,1,0,0,0,1,0,0
DATA,2592000,-0.999717,0.023778,1377.5,8.367,8.377,7.913,84.6,1.794,95.0,55.0,1,0,1,0,0,0,1,0,0
DATA,2594000,-0.999714,0.023924,1377.5,8.367,8.375,7.913,84.5,1.795,95.0,55.0,1,0,1,0,0,0,1,0,0
DATA,2596000,-0.999710,0.024069,1378.3,8.367,8.375,7.913,84.6,1.795,95.0,55.0,1,0,1,0,0,0,1,0,0
DATA,2598000,-0.999707,0.024214,1378.3,8.366,8.373,7.911,84.5,1.795,95.0,55.0,1,0,1,0,0,0,1,0,0
DATA,2600000,-0.999703,0.024360,1377.5,8.366,8.373,7.912,84.5,1.794,95.0,55.0,1,0,1,0,0,0,1,0,0
DATA,2602000,-0.999700,0.024505,1377.5,8.366,8.375,7.913,84.5,1.794,95.0,55.0,1,0,1,0,0,0,1,0,0
DATA,2604000,-0.999696,0.024650,1377.5,8.365,8.373,7.911,84.5,1.793,95.0,55.0,1,0,1,0,0,0,1,0,0
DATA,2606000,-0.999693,0.024796,1377.5,8.366,8.373,7.912,84.5,1.793,95.0,55.0,1,0,1,0,0,0,1,0,0
DATA,2608000,-0.999689,0.024941,1377.5,8.365,8.367,7.910,84.4,1.794,95.0,55.0,1,0,1,0,0,0,1,0,0
DATA,2610000,-0.999685,0.025086,1378.3,8.364,8.361,7.910,84.3,1.793,95.0,55.0,1,0,1,0,0,0,1,0,0
DATA,2612000,-0.999682,0.025232,1378.3,8.363,8.357,7.911,84.4,1.794,95.0,55.0,1,0,1,0,0,0,1,0,0
DATA,2614000,-0.999678,0.025377,1378.3,8.361,8.350,7.911,84.4,1.794,95.0,55.0,1,0,1,0,0,0,1,0,0
DATA,2616000,-0.999674,0.025523,1378.3,8.362,8.350,7.912,84.5,1.794,95.0,55.0,1,0,1,0,0,0,1,0,0
DATA,2618000,-0.999671,0.025668,1378.3,8.363,8.352,7.910,84.4,1.795,95.0,55.0,1,0,1,0,0,0,1,0,0
DATA,2620000,-0.999667,0.025814,1378.3,8.364,8.352,7.910,84.4,1.795,95.0,55.0,1,0,1,0,0,0,1,0,0
DATA,2622000,-0.999663,0.025959,1377.5,8.365,8.359,7.912,84.5,1.795,95.0,55.0,1,0,1,0,0,0,1,0,0
DATA,2624000,-0.999659,0.026104,1378.3,8.367,8.363,7.912,84.5,1.795,95.0,55.0,1,0,1,0,0,0,1,0,0
DATA,2626000,-0.999655,0.026249,1377.5,8.367,8.365,7.913,84.6,1.795,95.0,55.0,1,0,1,0,0,0,1,0,0
DATA,2628000,-0.999652,0.026395,1378.3,8.367,8.367,7.912,84.5,1.795,95.0,55.0,1,0,1,0,0,0,1,0,0
DATA,2630000,-0.999648,0.026541,1377.5,8.367,8.369,7.913,84.6,1.795,95.0,55.0,1,0,1,0,0,0,1,0,0
DATA,2632000,-0.999644,0.026686,1378.3,8.367,8.369,7.913,84.6,1.795,95.0,55.0,1,0,1,0,0,0,1,0,0
DATA,2634000,-0.999640,0.026832,1378.3,8.367,8.369,7.913,84.6,1.795,95.0,55.0,1,0,1,0,0,0,1,0,0
DATA,2636000,-0.999636,0.026977,1377.5,8.367,8.373,7.913,84.5,1.795,95.0,55.0,1,0,1,0,0,0,1,0,0
DATA,2638000,-0.999632,0.027122,1377.5,8.367,8.371,7.913,84.5,1.795,95.0,55.0,1,0,1,0,0,0,1,0,0
DATA,2640000,-0.999628,0.027267,1377.5,8.368,8.375,7.913,84.6,1.795,95.0,55.0,1,0,1,0,0,0,1,0,0
DATA,2642000,-0.999624,0.027413,1378.3,8.367,8.373,7.913,84.6,1.795,95.0,55.0,1,0,1,0,0,0,1,0,0
DATA,2644000,-0.999620,0.027558,1378.3,8.366,8.371,7.913,84.6,1.794,95.0,55.0,1,0,1,0,0,0,1,0,0
DATA,2646000,-0.999616,0.027704,1377.5,8.365,8.371,7.914,84.6,1.794,95.0,54.7,1,0,1,0,0,0,1,0,0
DATA,2648000,-0.999612,0.027849,1377.5,8.364,8.365,7.913,84.6,1.794,95.0,54.7,1,0,1,0,0,0,1,0,0
DATA,2650000,-0.999608,0.027995,1377.5,8.364,8.361,7.913,84.6,1.794,95.0,54.7,1,0,1,0,0,0,1,0,0
DATA,2652000,-0.999604,0.028140,1378.3,8.365,8.361,7.915,84.7,1.795,95.0,54.7,1,0,1,0,0,0,1,0,0
DATA,2654000,-0.999600,0.028285,1378.3,8.365,8.359,7.915,84.7,1.795,95.0,54.7,1,0,1,0,0,0,1,0,0
DATA,2656000,-0.999596,0.028431,1378.3,8.365,8.361,7.914,84.6,1.795,95.0,54.7,1,0,1,0,0,0,1,0,0
DATA,2658000,-0.999592,0.028576,1378.3,8.364,8.361,7.913,84.6,1.794,95.0,54.7,1,0,1,0,0,0,1,0,0
DATA,2660000,-0.999587,0.028721,1378.3,8.365,8.361,7.914,84.6,1.794,95.0,54.7,1,0,1,0,0,0,1,0,0
DATA,2662000,-0.999583,0.028867,1378.3,8.365,8.359,7.914,84.6,1.794,95.0,54.7,1,0,1,0,0,0,1,0,0
DATA,2664000,-0.999579,0.029012,1378.3,8.364,8.357,7.915,84.7,1.794,95.0,54.7,1,0,1,0,0,0,1,0,0
DATA,2666000,-0.999575,0.029158,1377.5,8.365,8.355,7.915,84.7,1.795,95.0,54.7,1,0,1,0,0,0,1,0,0
DATA,2668000,-0.999571,0.029303,1378.3,8.364,8.352,7.915,84.7,1.795,95.0,54.7,1,0,1,0,0,0,1,0,0
DATA,2670000,-0.999566,0.029448,1378.3,8.364,8.352,7.913,84.6,1.793,95.0,54.7,1,0,1,0,0,0,1,0,0
DATA,2672000,-0.999562,0.029594,1378.3,8.364,8.352,7.914,84.6,1.793,95.0,54.7,1,0,1,0,0,0,1,0,0
DATA,2674000,-0.999558,0.029739,1378.3,8.364,8.352,7.913,84.6,1.793,95.0,54.7,1,0,1,0,0,0,1,0,0
DATA,2676000,-0.999553,0.029884,1377.5,8.364,8.352,7.914,84.6,1.793,95.0,54.7,1,0,1,0,0,0,1,0,0
DATA,2678000,-0.999549,0.030030,1378.3,8.365,8.355,7.913,84.6,1.795,95.0,54.7,1,0,1,0,0,0,1,0,0
DATA,2680000,-0.999545,0.030175,1378.3,8.366,8.359,7.915,84.7,1.795,95.0,54.7,1,0,1,0,0,0,1,0,0
DATA,2682000,-0.999540,0.030321,1378.3,8.367,8.363,7.915,84.7,1.795,95.0,54.7,1,0,1,0,0,0,1,0,0
DATA,2684000,-0.999536,0.030466,1378.3,8.368,8.365,7.915,84.7,1.795,95.0,54.7,1,0,1,0,0,0,1,0,0
DATA,2686000,-0.999531,0.030612,1378.3,8.368,8.365,7.915,84.7,1.795,95.0,54.7,1,0,1,0,0,0,1,0,0
DATA,2688000,-0.999527,0.030757,1377.5,8.368,8.361,7.914,84.6,1.795,95.0,54.7,1,0,1,0,0,0,1,0,0
DATA,2690000,-0.999522,0.030902,1378.3,8.368,8.359,7.914,84.6,1.795,95.0,54.7,1,0,1,0,0,0,1,0,0
DATA,2692000,-0.999518,0.031047,1378.3,8.368,8.357,7.913,84.6,1.795,95.0,54.7,1,0,1,0,0,0,1,0,0
DATA,2694000,-0.999513,0.031193,1378.3,8.369,8.359,7.916,84.7,1.795,95.0,54.7,1,0,1,0,0,0,1,0,0
DATA,2696000,-0.999509,0.031338,1378.3,8.368,8.363,7.914,84.6,1.795,95.0,54.7,1,0,1,0,0,0,1,0,0
DATA,2698000,-0.999504,0.031484,1378.3,8.368,8.363,7.915,84.7,1.794,95.0,54.7,1,0,1,0,0,0,1,0,0
DATA,2700000,-0.999500,0.031629,1378.3,8.368,8.365,7.915,84.7,1.794,95.0,54.7,1,0,1,0,0,0,1,0,0
DATA,2702000,-0.999495,0.031774,1378.3,8.367,8.365,7.915,84.7,1.794,95.0,54.7,1,0,1,0,0,0,1,0,0
DATA,2704000,-0.999490,0.031920,1378.3,8.368,8.365,7.916,84.7,1.794,95.0,54.7,1,0,1,0,0,0,1,0,0
DATA,2706000,-0.999486,0.032065,1378.3,8.368,8.363,7.916,84.8,1.795,95.0,54.7,1,0,1,0,0,0,1,0,0
DATA,2708000,-0.999481,0.032211,1378.3,8.368,8.361,7.915,84.7,1.795,95.0,54.7,1,0,1,0,0,0,1,0,0
DATA,2710000,-0.999476,0.032356,1378.3,8.367,8.355,7.915,84.7,1.795,95.0,54.7,1,0,1,0,0,0,1,0,0
DATA,2712000,-0.999472,0.032501,1378.3,8.367,8.352,7.915,84.7,1.795,95.0,54.7,1,0,1,0,0,0,1,0,0
DATA,2714000,-0.999467,0.032647,1378.3,8.367,8.348,7.916,84.7,1.795,95.0,54.7,1,0,1,0,0,0,1,0,0
DATA,2716000,-0.999462,0.032792,1378.3,8.367,8.348,7.915,84.7,1.795,95.0,54.7,1,0,1,0,0,0,1,0,0
DATA,2718000,-0.999457,0.032937,1378.3,8.368,8.350,7.916,84.8,1.795,95.0,54.7,1,0,1,0,0,0,1,0,0
DATA,2720000,-0.999453,0.033083,1378.3,8.368,8.352,7.916,84.7,1.795,95.0,54.7,1,0,1,0,0,0,1,0,0
DATA,2722000,-0.999448,0.033228,1379.2,8.368,8.355,7.914,84.6,1.795,95.0,54.7,1,0,1,0,0,0,1,0,0
DATA,2724000,-0.999443,0.033373,1378.3,8.368,8.355,7.916,84.7,1.795,95.0,54.7,1,0,1,0,0,0,1,0,0
DATA,2726000,-0.999438,0.033519,1379.2,8.369,8.357,7.917,84.8,1.795,95.0,54.7,1,0,1,0,0,0,1,0,0
DATA,2728000,-0.999433,0.033664,1378.3,8.369,8.357,7.915,84.7,1.795,95.0,54.7,1,0,1,0,0,0,1,0,0
DATA,2730000,-0.999428,0.033809,1379.2,8.369,8.359,7.915,84.7,1.795,95.0,54.7,1,0,1,0,0,0,1,0,0
DATA,2732000,-0.999423,0.033955,1378.3,8.368,8.361,7.911,84.4,1.793,95.0,54.7,1,0,1,0,0,0,1,0,0
DATA,2734000,-0.999418,0.034100,1379.2,8.367,8.363,7.911,84.5,1.792,95.0,54.7,1,0,1,0,0,0,1,0,0
DATA,2736000,-0.999413,0.034245,1379.2,8.366,8.363,7.911,84.4,1.790,95.0,54.7,1,0,1,0,0,0,1,0,0
DATA,2738000,-0.999408,0.034391,1379.2,8.365,8.365,7.911,84.5,1.788,95.0,54.7,1,0,1,0,0,0,1,0,0
DATA,2740000,-0.999403,0.034536,1379.2,8.365,8.367,7.911,84.5,1.788,95.0,54.7,1,0,1,0,0,0,1,0,0
DATA,2742000,-0.999398,0.034682,1379.2,8.365,8.365,7.911,84.4,1.788,95.0,54.7,1,0,1,0,0,0,1,0,0
DATA,2744000,-0.999393,0.034827,1379.2,8.365,8.365,7.911,84.4,1.788,95.0,54.7,1,0,1,0,0,0,1,0,0
DATA,2746000,-0.999388,0.034972,1379.2,8.363,8.363,7.910,84.4,1.788,95.0,54.7,1,0,1,0,0,0,1,0,0
DATA,2748000,-0.999383,0.035118,1379.2,8.362,8.355,7.909,84.3,1.788,95.0,54.7,1,0,1,0,0,0,1,0,0
DATA,2750000,-0.999378,0.035263,1379.2,8.360,8.348,7.909,84.3,1.788,95.0,54.7,1,0,1,0,0,0,1,0,0
DATA,2752000,-0.999373,0.035409,1378.3,8.360,8.344,7.909,84.3,1.788,95.0,54.7,1,0,1,0,0,0,1,0,0
DATA,2754000,-0.999368,0.035554,1378.3,8.359,8.338,7.910,84.4,1.788,95.0,54.7,1,0,1,0,0,0,1,0,0
DATA,2756000,-0.999363,0.035699,1379.2,8.360,8.340,7.910,84.4,1.788,95.0,54.7,1,0,1,0,0,0,1,0,0
DATA,2758000,-0.999357,0.035844,1378.3,8.360,8.342,7.910,84.4,1.788,95.0,54.7,1,0,1,0,0,0,1,0,0
DATA,2760000,-0.999352,0.035990,1379.2,8.361,8.344,7.910,84.4,1.788,95.0,54.4,1,0,1,0,0,0,1,0,0
DATA,2762000,-0.999347,0.036135,1379.2,8.361,8.346,7.911,84.4,1.788,95.0,54.4,1,0,1,0,0,0,1,0,0
DATA,2764000,-0.999342,0.036280,1378.3,8.362,8.348,7.910,84.4,1.788,95.0,54.4,1,0,1,0,0,0,1,0,0
DATA,2766000,-0.999336,0.036426,1378.3,8.362,8.352,7.910,84.4,1.788,95.0,54.4,1,0,1,0,0,0,1,0,0
DATA,2768000,-0.999331,0.036571,1379.2,8.362,8.355,7.912,84.5,1.788,95.0,54.4,1,0,1,0,0,0,1,0,0
DATA,2770000,-0.999326,0.036716,1378.3,8.362,8.357,7.910,84.4,1.788,95.0,54.4,1,0,1,0,0,0,1,0,0
DATA,2772000,-0.999320,0.036862,1377.5,8.362,8.355,7.911,84.4,1.788,95.0,54.4,1,0,1,0,0,0,1,0,0
DATA,2774000,-0.999315,0.037007,1377.5,8.362,8.355,7.911,84.4,1.788,95.0,54.4,1,0,1,0,0,0,1,0,0
DATA,2776000,-0.999310,0.037153,1377.5,8.362,8.350,7.911,84.5,1.788,95.0,54.4,1,0,1,0,0,0,1,0,0
DATA,2778000,-0.999304,0.037298,1377.5,8.362,8.350,7.912,84.5,1.788,95.0,54.4,1,0,1,0,0,0,1,0,0
DATA,2780000,-0.999299,0.037443,1377.5,8.362,8.350,7.911,84.4,1.788,95.0,54.4,1,0,1,0,0,0,1,0,0
DATA,2782000,-0.999293,0.037589,1377.5,8.363,8.346,7.911,84.4,1.788,95.0,54.4,1,0,1,0,0,0,1,0,0
DATA,2784000,-0.999288,0.037734,1377.5,8.362,8.340,7.911,84.4,1.788,95.0,54.4,1,0,1,0,0,0,1,0,0
DATA,2786000,-0.999282,0.037879,1378.3,8.362,8.340,7.912,84.5,1.788,95.0,54.4,1,0,1,0,0,0,1,0,0
DATA,2788000,-0.999277,0.038024,1379.2,8.362,8.340,7.912,84.5,1.788,95.0,54.4,1,0,1,0,0,0,1,0,0
DATA,2790000,-0.999271,0.038170,1379.2,8.363,8.342,7.910,84.4,1.788,95.0,54.4,1,0,1,0,0,0,1,0,0
DATA,2792000,-0.999266,0.038315,1379.2,8.363,8.346,7.912,84.5,1.788,95.0,54.4,1,0,1,0,0,0,1,0,0
DATA,2794000,-0.999260,0.038460,1379.2,8.363,8.348,7.912,84.5,1.788,95.0,54.4,1,0,1,0,0,0,1,0,0
DATA,2796000,-0.999255,0.038606,1379.2,8.363,8.350,7.912,84.5,1.788,95.0,54.4,1,0,1,0,0,0,1,0,0
DATA,2798000,-0.999249,0.038751,1379.2,8.363,8.352,7.912,84.5,1.788,95.0,54.4,1,0,1,0,0,0,1,0,0
DATA,2800000,-0.999243,0.038897,1376.7,8.363,8.350,7.911,84.4,1.788,95.0,54.4,1,0,1,0,0,0,1,0,0
DATA,2802000,-0.999238,0.039042,1465.8,8.363,8.350,7.912,84.5,1.788,95.0,54.4,1,0,1,0,0,0,1,0,0
DATA,2804000,-0.999232,0.039187,1525.8,8.362,8.348,7.912,84.5,1.788,95.0,54.4,1,0,1,0,0,0,1,0,0
DATA,2806000,-0.999226,0.039333,1864.2,8.362,8.348,7.912,84.5,1.788,95.0,54.4,1,0,1,0,0,0,1,0,0
DATA,2808000,-0.999220,0.039478,1898.3,8.363,8.348,7.912,84.5,1.788,95.0,54.4,1,0,1,0,0,0,1,0,0
DATA,2810000,-0.999215,0.039623,1900.0,8.362,8.344,7.911,84.5,1.788,95.0,54.4,1,0,1,0,0,0,1,0,0
DATA,2812000,-0.999209,0.039769,1900.8,8.361,8.342,7.911,84.4,1.788,95.0,54.4,1,0,1,0,0,0,1,0,0
DATA,2814000,-0.999203,0.039914,1901.7,8.361,8.338,7.911,84.5,1.788,95.0,54.4,1,0,1,0,0,0,1,0,0
DATA,2816000,-0.999197,0.040059,1900.8,8.360,8.336,7.911,84.5,1.788,95.0,54.4,1,0,1,0,0,0,1,0,0
DATA,2818000,-0.999191,0.040204,1900.8,8.361,8.338,7.912,84.5,1.788,95.0,54.4,1,0,1,0,0,0,1,0,0
DATA,2820000,-0.999186,0.040350,1900.8,8.362,8.342,7.913,84.6,1.788,95.0,54.4,1,0,1,0,0,0,1,0,0
DATA,2822000,-0.999180,0.040495,1900.8,8.363,8.348,7.917,84.8,1.788,95.0,54.4,1,0,1,0,0,0,1,0,0
DATA,2824000,-0.999174,0.040641,1900.0,8.365,8.352,7.918,84.9,1.790,95.0,54.4,1,0,1,0,0,0,1,0,0
DATA,2826000,-0.999168,0.040786,1900.8,8.367,8.355,7.919,84.9,1.791,95.0,54.4,1,0,1,0,0,0,1,0,0
DATA,2828000,-0.999162,0.040931,1900.0,8.368,8.355,7.920,85.0,1.792,95.0,54.4,1,0,1,0,0,0,1,0,0
DATA,2830000,-0.999156,0.041077,1900.8,8.369,8.352,7.919,84.9,1.794,95.0,54.4,1,0,1,0,0,0,1,0,0
DATA,2832000,-0.999150,0.041222,1900.8,8.368,8.350,7.920,85.0,1.794,95.0,54.4,1,0,1,0,0,0,1,0,0
DATA,2834000,-0.999144,0.041368,1900.0,8.369,8.348,7.921,85.1,1.795,95.0,54.4,1,0,1,0,0,0,1,0,0
DATA,2836000,-0.999138,0.041512,1900.0,8.368,8.348,7.919,85.0,1.795,95.0,54.4,1,0,1,0,0,0,1,0,0
DATA,2838000,-0.999132,0.041658,1900.0,8.366,8.338,7.917,84.8,1.795,95.0,54.4,1,0,1,0,0,0,1,0,0
DATA,2840000,-0.999126,0.041803,1900.0,8.361,8.310,7.914,84.6,1.795,95.0,54.4,1,0,1,0,0,0,1,0,0
DATA,2842000,-0.999120,0.041949,1900.0,8.359,8.304,7.919,85.0,1.795,95.0,54.4,1,0,1,0,0,0,1,0,0
DATA,2844000,-0.999114,0.042094,1900.8,8.358,8.298,7.919,85.0,1.795,95.0,54.4,1,0,1,0,0,0,1,0,0
DATA,2846000,-0.999108,0.042239,1900.0,8.359,8.300,7.920,85.0,1.795,95.0,54.4,1,0,1,0,0,0,1,0,0
DATA,2848000,-0.999101,0.042384,1900.8,8.360,8.310,7.920,85.0,1.795,95.0,54.4,1,0,1,0,0,0,1,0,0
DATA,2850000,-0.999095,0.042530,1900.8,8.363,8.322,7.919,84.9,1.795,95.0,54.4,1,0,1,0,0,0,1,0,0
DATA,2852000,-0.999089,0.042675,1900.0,8.363,8.320,7.919,85.0,1.794,95.0,54.4,1,0,1,0,0,0,1,0,0
DATA,2854000,-0.999083,0.042820,1900.0,8.362,8.318,7.921,85.1,1.794,95.0,54.4,1,0,1,0,0,0,1,0,0
DATA,2856000,-0.999077,0.042966,1899.2,8.363,8.318,7.922,85.1,1.794,95.0,54.4,1,0,1,0,0,0,1,0,0
DATA,2858000,-0.999070,0.043111,1900.0,8.363,8.314,7.920,85.0,1.793,95.0,54.4,1,0,1,0,0,0,1,0,0
DATA,2860000,-0.999064,0.043256,1900.0,8.363,8.310,7.920,85.0,1.793,95.0,54.4,1,0,1,0,0,0,1,0,0
DATA,2862000,-0.999058,0.043401,1900.0,8.363,8.312,7.921,85.1,1.793,95.0,54.4,1,0,1,0,0,0,1,0,0
DATA,2864000,-0.999051,0.043547,1900.0,8.363,8.312,7.922,85.1,1.793,95.0,54.4,1,0,1,0,0,0,1,0,0
DATA,2866000,-0.999045,0.043692,1897.5,8.365,8.318,7.922,85.1,1.794,95.0,54.4,1,0,1,0,0,0,1,0,0
DATA,2868000,-0.999039,0.043837,2135.0,8.366,8.324,7.922,85.1,1.795,95.0,54.4,1,0,1,0,0,0,1,0,0
DATA,2870000,-0.999032,0.043983,2500.0,8.366,8.324,7.920,85.0,1.795,95.0,54.1,1,0,1,0,0,0,1,0,0
DATA,2872000,-0.999026,0.044128,2500.0,8.367,8.324,7.922,85.2,1.795,95.0,54.1,1,0,1,0,0,0,1,0,0
DATA,2874000,-0.999019,0.044273,2500.0,8.366,8.320,7.921,85.0,1.795,95.0,54.1,1,0,1,0,0,0,1,0,0
DATA,2876000,-0.999013,0.044419,2500.0,8.366,8.318,7.921,85.1,1.795,95.0,54.1,1,0,1,0,0,0,1,0,0
DATA,2878000,-0.999007,0.044564,2500.0,8.367,8.318,7.922,85.1,1.795,95.0,54.1,1,0,1,0,0,0,1,0,0
