ŒLCD ID:5510
DATA,period_ms,real_hour_sin,real_hour_cos,lux,pv_v,pv_p,home_v,home_soc,load_p,car_soc,human_soc,pvsrc,hsrc,rigid,led,fan,qi,hchg,cchg,v2h
CTP ID:9147
DATA,2000,0.000145,1.000000,2445.8,6.326,0.000,7.491,58.2,0.875,94.0,-1.0,1,0,1,0,0,0,0,0,0
DATA,4000,0.000291,1.000000,2444.2,8.442,1.527,7.521,60.1,1.348,94.0,-1.0,1,0,1,0,0,0,0,0,0
DATA,6000,0.000436,1.000000,2430.8,9.148,2.037,7.521,60.1,1.505,94.0,-1.0,1,0,1,0,0,0,0,0,0
DATA,8000,0.000582,1.000000,2416.7,9.349,2.182,7.522,60.2,1.550,94.0,-1.0,1,0,1,0,0,0,0,0,0
DATA,10000,0.000727,1.000000,2438.3,10.604,2.673,7.523,60.2,1.811,94.0,26.5,1,0,1,0,0,0,0,0,0
DATA,12000,0.000873,1.000000,2422.5,10.559,3.055,7.523,60.2,1.820,94.0,26.5,1,0,1,0,0,0,0,0,0
DATA,14000,0.001018,0.999999,2500.0,10.558,3.055,7.523,60.2,1.820,94.0,26.5,1,0,1,0,0,0,0,0,0
DATA,16000,0.001164,0.999999,2500.0,10.559,3.061,7.593,64.5,1.820,94.0,26.5,1,0,1,0,0,0,1,0,0
DATA,18000,0.001309,0.999999,2500.0,9.961,4.327,7.702,71.4,1.817,94.0,26.5,1,0,1,0,0,0,1,0,0
DATA,20000,-0.904207,0.427095,2500.0,9.366,5.596,7.708,71.8,1.816,94.0,26.5,1,0,1,1,0,0,1,0,0
DATA,22000,-0.904145,0.427226,2500.0,8.756,6.841,7.677,69.8,2.039,94.0,26.1,1,0,1,1,0,0,1,0,0
DATA,24000,-0.904083,0.427358,2500.0,8.147,8.084,7.683,70.2,2.261,94.0,26.1,1,0,1,1,0,0,1,0,0
DATA,26000,-0.904020,0.427489,2500.0,8.136,8.068,7.683,70.2,2.486,94.0,26.1,1,0,1,1,0,0,1,0,0
DATA,28000,-0.903958,0.427621,2500.0,8.122,8.046,7.684,70.3,2.712,94.0,26.1,1,0,1,1,0,0,1,0,0
DATA,30000,-0.903896,0.427752,2500.0,8.124,8.052,7.685,70.3,2.713,94.0,26.1,1,0,1,1,0,0,1,0,0
DATA,32000,-0.903834,0.427884,2500.0,8.124,8.054,7.686,70.4,2.713,94.0,26.1,1,0,1,1,0,0,1,0,0
DATA,34000,-0.903772,0.428015,2500.0,8.124,8.056,7.687,70.4,2.713,94.0,26.1,1,0,1,1,0,0,1,0,0
DATA,36000,-0.903709,0.428147,2500.0,8.124,8.060,7.684,70.3,2.712,94.0,26.1,1,0,1,1,0,0,1,0,0
DATA,38000,-0.903647,0.428278,2500.0,8.125,8.064,7.686,70.4,2.711,94.0,26.1,1,0,1,1,0,0,1,0,0
DATA,40000,-0.903585,0.428410,2500.0,8.125,8.068,7.691,70.7,2.711,94.0,26.1,1,0,1,1,0,0,1,0,0
DATA,42000,-0.903522,0.428541,2500.0,8.127,8.072,7.691,70.7,2.712,94.0,26.1,1,0,1,1,0,0,1,0,0
DATA,44000,-0.903460,0.428673,2500.0,8.129,8.076,7.691,70.7,2.712,94.0,26.1,1,0,1,1,0,0,1,0,0
DATA,46000,-0.903398,0.428804,2500.0,8.130,8.078,7.694,70.8,2.712,94.0,26.1,1,0,1,1,0,0,1,0,0
DATA,48000,-0.903335,0.428935,2500.0,8.130,8.078,7.693,70.8,2.712,94.0,26.1,1,0,1,1,0,0,1,0,0
DATA,50000,-0.903273,0.429067,2500.0,8.128,8.074,7.693,70.8,2.711,94.0,26.1,1,0,1,1,0,0,1,0,0
DATA,52000,-0.903210,0.429198,2500.0,8.128,8.072,7.693,70.8,2.711,94.0,26.1,1,0,1,1,0,0,1,0,0
DATA,54000,-0.903148,0.429329,2500.0,8.127,8.070,7.694,70.9,2.711,94.0,26.1,1,0,1,1,0,0,1,0,0
DATA,56000,-0.903086,0.429461,2500.0,8.128,8.074,7.697,71.1,2.711,94.0,26.1,1,0,1,1,0,0,1,0,0
DATA,58000,-0.903023,0.429592,2500.0,8.130,8.090,7.698,71.1,2.711,94.0,26.1,1,0,1,1,0,0,1,0,0
DATA,60000,-0.902960,0.429724,2500.0,8.133,8.101,7.699,71.2,2.711,94.0,26.1,1,0,1,1,0,0,1,0,0
DATA,62000,-0.902898,0.429855,2500.0,8.135,8.109,7.699,71.2,2.711,94.0,26.1,1,0,1,1,0,0,1,0,0
DATA,64000,-0.902835,0.429986,2500.0,8.136,8.111,7.701,71.3,2.711,94.0,26.1,1,0,1,1,0,0,1,0,0
DATA,66000,-0.902773,0.430118,2500.0,8.137,8.111,7.700,71.2,2.711,94.0,26.1,1,0,1,1,0,0,1,0,0
DATA,68000,-0.902710,0.430249,2500.0,8.137,8.115,7.699,71.2,2.711,94.0,26.1,1,0,1,1,0,0,1,0,0
DATA,70000,-0.902648,0.430380,2500.0,8.138,8.121,7.702,71.4,2.711,94.0,26.1,1,0,1,1,0,0,1,0,0
DATA,72000,-0.902585,0.430511,2500.0,8.139,8.127,7.702,71.4,2.711,94.0,26.1,1,0,1,1,0,0,1,0,0
DATA,74000,-0.902523,0.430643,2500.0,8.140,8.129,7.702,71.4,2.711,94.0,26.1,1,0,1,1,0,0,1,0,0
DATA,76000,-0.902460,0.430774,2500.0,8.141,8.133,7.702,71.4,2.711,94.0,26.1,1,0,1,1,0,0,1,0,0
DATA,78000,-0.902397,0.430905,2500.0,8.141,8.133,7.702,71.4,2.711,94.0,26.1,1,0,1,1,0,0,1,0,0
DATA,80000,-0.902335,0.431036,2500.0,8.142,8.135,7.703,71.5,2.711,94.0,26.1,1,0,1,1,0,0,1,0,0
DATA,82000,-0.902272,0.431168,2500.0,8.142,8.135,7.704,71.5,2.711,94.0,26.1,1,0,1,1,0,0,1,0,0
DATA,84000,-0.902209,0.431299,2500.0,8.143,8.133,7.704,71.5,2.711,94.0,26.1,1,0,1,1,0,0,1,0,0
DATA,86000,-0.902147,0.431430,2500.0,8.143,8.133,7.705,71.5,2.711,94.0,26.1,1,0,1,1,0,0,1,0,0
DATA,88000,-0.902084,0.431561,2500.0,8.143,8.135,7.705,71.6,2.711,94.0,26.1,1,0,1,1,0,0,1,0,0
DATA,90000,-0.902021,0.431692,2500.0,8.144,8.141,7.706,71.6,2.711,94.0,26.1,1,0,1,1,0,0,1,0,0
DATA,92000,-0.901958,0.431824,2500.0,8.145,8.145,7.706,71.6,2.711,94.0,26.1,1,0,1,1,0,0,1,0,0
DATA,94000,-0.901895,0.431955,2500.0,8.146,8.149,7.707,71.7,2.711,94.0,26.1,1,0,1,1,0,0,1,0,0
DATA,96000,-0.901832,0.432086,2500.0,8.147,8.151,7.707,71.7,2.711,94.0,26.1,1,0,1,1,0,0,1,0,0
DATA,98000,-0.901770,0.432217,2500.0,8.147,8.149,7.706,71.6,2.711,94.0,26.1,1,0,1,1,0,0,1,0,0
DATA,100000,-0.901707,0.432348,2500.0,8.146,8.147,7.707,71.7,2.711,94.0,26.1,1,0,1,1,0,0,1,0,0
DATA,102000,-0.901644,0.432479,2500.0,8.146,8.143,7.707,71.7,2.711,94.0,26.1,1,0,1,1,0,0,1,0,0
DATA,104000,-0.901581,0.432611,2500.0,8.146,8.141,7.707,71.7,2.711,94.0,26.1,1,0,1,1,0,0,1,0,0
DATA,106000,-0.901518,0.432741,2500.0,8.146,8.143,7.708,71.7,2.711,94.0,26.1,1,0,1,1,0,0,1,0,0
DATA,108000,-0.901455,0.432873,2500.0,8.146,8.147,7.708,71.8,2.711,94.0,26.1,1,0,1,1,0,0,1,0,0
DATA,110000,-0.901392,0.433004,2500.0,8.146,8.151,7.710,71.9,2.711,94.0,26.1,1,0,1,1,0,0,1,0,0
DATA,112000,-0.901329,0.433135,2500.0,8.147,8.155,7.711,71.9,2.711,94.0,26.1,1,0,1,1,0,0,1,0,0
DATA,114000,-0.901266,0.433266,2500.0,8.147,8.155,7.710,71.9,2.711,94.0,26.1,1,0,1,1,0,0,1,0,0
DATA,116000,-0.901203,0.433397,2500.0,8.148,8.158,7.711,71.9,2.711,94.0,26.1,1,0,1,1,0,0,1,0,0
DATA,118000,-0.901140,0.433528,2500.0,8.147,8.158,7.711,71.9,2.711,94.0,26.1,1,0,1,1,0,0,1,0,0
DATA,120000,-0.901077,0.433659,2500.0,8.147,8.160,7.711,71.9,2.711,94.0,26.1,1,0,1,1,0,0,1,0,0
DATA,122000,-0.901014,0.433790,2500.0,8.147,8.162,7.712,72.0,2.711,94.0,26.1,1,0,1,1,0,0,1,0,0
DATA,124000,-0.900951,0.433921,2500.0,8.147,8.162,7.712,72.0,2.711,94.0,26.1,1,0,1,1,0,0,1,0,0
DATA,126000,-0.900888,0.434052,2500.0,8.149,8.170,7.713,72.1,2.711,94.0,26.1,1,0,1,1,0,0,1,0,0
DATA,128000,-0.900825,0.434183,2500.0,8.150,8.176,7.713,72.1,2.710,94.0,26.1,1,0,1,1,0,0,1,0,0
DATA,130000,-0.900762,0.434314,2500.0,8.152,8.180,7.712,72.0,2.709,94.0,26.1,1,0,1,1,0,0,1,0,0
DATA,132000,-0.900698,0.434445,2500.0,8.154,8.188,7.715,72.2,2.709,94.0,26.1,1,0,1,1,0,0,1,0,0
DATA,134000,-0.900635,0.434576,2500.0,8.154,8.188,7.714,72.1,2.709,94.0,26.1,1,0,1,1,0,0,1,0,0
DATA,136000,-0.900572,0.434707,2500.0,8.154,8.188,7.715,72.2,2.710,94.0,26.1,1,0,1,1,0,0,1,0,0
DATA,138000,-0.900508,0.434839,2500.0,8.153,8.188,7.715,72.2,2.710,94.0,26.1,1,0,1,1,0,0,1,0,0
DATA,140000,-0.900445,0.434969,2500.0,8.153,8.184,7.714,72.1,2.709,94.0,26.1,1,0,1,1,0,0,1,0,0
DATA,142000,-0.900382,0.435100,2500.0,8.152,8.182,7.715,72.2,2.709,94.0,26.1,1,0,1,1,0,0,1,0,0
DATA,144000,-0.900319,0.435231,2500.0,8.151,8.180,7.715,72.2,2.708,94.0,26.1,1,0,1,1,0,0,1,0,0
DATA,146000,-0.900255,0.435362,2500.0,8.150,8.176,7.714,72.1,2.708,94.0,26.1,1,0,1,1,0,0,1,0,0
DATA,148000,-0.900192,0.435493,2500.0,8.150,8.176,7.716,72.2,2.709,94.0,26.1,1,0,1,1,0,0,1,0,0
DATA,150000,-0.900129,0.435624,2500.0,8.150,8.178,7.716,72.3,2.710,94.0,26.1,1,0,1,1,0,0,1,0,0
DATA,152000,-0.900065,0.435755,2500.0,8.150,8.180,7.715,72.2,2.711,94.0,26.1,1,0,1,1,0,0,1,0,0
DATA,154000,-0.900002,0.435886,2500.0,8.152,8.186,7.716,72.3,2.711,94.0,26.1,1,0,1,1,0,0,1,0,0
DATA,156000,-0.899939,0.436017,2500.0,8.153,8.192,7.717,72.3,2.711,94.0,26.1,1,0,1,1,0,0,1,0,0
DATA,158000,-0.899875,0.436147,2500.0,8.153,8.196,7.713,72.1,2.710,94.0,26.1,1,0,1,1,0,0,1,0,0
DATA,160000,-0.899812,0.436279,2500.0,8.153,8.196,7.717,72.3,2.710,94.0,26.1,1,0,1,1,0,0,1,0,0
DATA,162000,-0.899748,0.436410,2500.0,8.153,8.198,7.717,72.3,2.710,94.0,26.1,1,0,1,1,0,0,1,0,0
DATA,164000,-0.899685,0.436540,2500.0,8.154,8.200,7.717,72.3,2.710,94.0,26.1,1,0,1,1,0,0,1,0,0
DATA,166000,-0.899621,0.436671,2500.0,8.155,8.202,7.717,72.3,2.711,94.0,26.1,1,0,1,1,0,0,1,0,0
DATA,168000,-0.899558,0.436802,2500.0,8.156,8.206,7.717,72.3,2.711,94.0,26.1,1,0,1,1,0,0,1,0,0
DATA,170000,-0.899494,0.436933,2500.0,8.156,8.206,7.717,72.3,2.711,94.0,26.1,1,0,1,1,0,0,1,0,0
DATA,172000,-0.899431,0.437063,2500.0,8.156,8.206,7.718,72.4,2.711,94.0,26.1,1,0,1,1,0,0,1,0,0
DATA,174000,-0.899367,0.437194,2500.0,8.155,8.206,7.717,72.3,2.711,94.0,26.1,1,0,1,1,0,0,1,0,0
DATA,176000,-0.899303,0.437325,2500.0,8.155,8.206,7.719,72.4,2.711,94.0,26.1,1,0,1,1,0,0,1,0,0
DATA,178000,-0.899240,0.437456,2500.0,8.155,8.208,7.719,72.4,2.711,94.0,26.1,1,0,1,1,0,0,1,0,0
DATA,180000,-0.899176,0.437587,2500.0,8.155,8.206,7.718,72.4,2.711,94.0,26.1,1,0,1,1,0,0,1,0,0
DATA,182000,-0.899112,0.437718,2500.0,8.155,8.200,7.718,72.4,2.711,94.0,26.1,1,0,1,1,0,0,1,0,0
DATA,184000,-0.899049,0.437848,2500.0,8.154,8.194,7.719,72.4,2.711,94.0,26.1,1,0,1,1,0,0,1,0,0
DATA,186000,-0.898985,0.437979,2500.0,8.152,8.186,7.719,72.4,2.711,94.0,26.1,1,0,1,1,0,0,1,0,0
DATA,188000,-0.898922,0.438110,2500.0,8.153,8.188,7.719,72.4,2.711,94.0,26.1,1,0,1,1,0,0,1,0,0
DATA,190000,-0.898858,0.438241,2500.0,8.152,8.190,7.717,72.3,2.711,94.0,26.1,1,0,1,1,0,0,1,0,0
DATA,192000,-0.898794,0.438371,2500.0,8.153,8.196,7.719,72.5,2.711,94.0,26.1,1,0,1,1,0,0,1,0,0
DATA,194000,-0.898730,0.438502,2500.0,8.154,8.198,7.719,72.5,2.711,94.0,26.1,1,0,1,1,0,0,1,0,0
DATA,196000,-0.898667,0.438632,2500.0,8.153,8.196,7.719,72.4,2.711,94.0,26.1,1,0,1,1,0,0,1,0,0
DATA,198000,-0.898603,0.438764,2500.0,8.155,8.198,7.720,72.5,2.711,94.0,26.1,1,0,1,1,0,0,1,0,0
DATA,200000,-0.898539,0.438894,2500.0,8.155,8.198,7.722,72.6,2.711,94.0,26.1,1,0,1,1,0,0,1,0,0
DATA,202000,-0.898475,0.439025,2500.0,8.155,8.200,7.721,72.6,2.711,94.0,26.1,1,0,1,1,0,0,1,0,0
DATA,204000,-0.898411,0.439155,2500.0,8.156,8.200,7.720,72.5,2.710,94.0,26.1,1,0,1,1,0,0,1,0,0
DATA,206000,-0.898347,0.439286,2500.0,8.155,8.200,7.721,72.6,2.710,94.0,26.1,1,0,1,1,0,0,1,0,0
DATA,208000,-0.898283,0.439417,2500.0,8.155,8.202,7.721,72.6,2.710,94.0,26.1,1,0,1,1,0,0,1,0,0
DATA,210000,-0.898219,0.439547,2500.0,8.155,8.204,7.721,72.6,2.710,94.0,26.1,1,0,1,1,0,0,1,0,0
DATA,212000,-0.898155,0.439678,2500.0,8.155,8.204,7.721,72.6,2.708,94.0,26.1,1,0,1,1,0,0,1,0,0
DATA,214000,-0.898091,0.439809,2500.0,8.156,8.206,7.722,72.6,2.708,94.0,26.1,1,0,1,1,0,0,1,0,0
DATA,216000,-0.898027,0.439939,2500.0,8.155,8.206,7.723,72.7,2.708,94.0,26.1,1,0,1,1,0,0,1,0,0
DATA,218000,-0.897964,0.440070,2500.0,8.156,8.204,7.723,72.7,2.707,94.0,26.1,1,0,1,1,0,0,1,0,0
DATA,220000,-0.897900,0.440201,2500.0,8.157,8.206,7.723,72.7,2.708,94.0,26.1,1,0,1,1,0,0,1,0,0
DATA,222000,-0.897835,0.440331,2500.0,8.157,8.206,7.723,72.7,2.708,94.0,26.1,1,0,1,1,0,0,1,0,0
DATA,224000,-0.897771,0.440462,2500.0,8.156,8.206,7.718,72.4,2.707,94.0,26.1,1,0,1,1,0,0,1,0,0
DATA,226000,-0.897707,0.440592,2500.0,8.154,8.208,7.715,72.2,2.706,94.0,26.1,1,0,1,1,0,0,1,0,0
DATA,228000,-0.897643,0.440723,2500.0,8.153,8.208,7.716,72.2,2.705,94.0,26.1,1,0,1,1,0,0,1,0,0
DATA,230000,-0.897579,0.440853,2500.0,8.152,8.208,7.716,72.2,2.705,94.0,26.1,1,0,1,1,0,0,1,0,0
DATA,232000,-0.897515,0.440984,2500.0,8.151,8.208,7.716,72.3,2.705,94.0,26.1,1,0,1,1,0,0,1,0,0
DATA,234000,-0.897451,0.441114,2500.0,8.151,8.206,7.716,72.3,2.705,94.0,26.1,1,0,1,1,0,0,1,0,0
DATA,236000,-0.897387,0.441245,2500.0,8.151,8.206,7.717,72.3,2.705,94.0,26.1,1,0,1,1,0,0,1,0,0
DATA,238000,-0.897323,0.441375,2500.0,8.151,8.206,7.716,72.2,2.705,94.0,26.1,1,0,1,1,0,0,1,0,0
DATA,240000,-0.897258,0.441506,2500.0,8.151,8.202,7.716,72.3,2.705,94.0,26.1,1,0,1,1,0,0,1,0,0
DATA,242000,-0.897194,0.441636,2500.0,8.150,8.200,7.716,72.3,2.705,94.0,26.1,1,0,1,1,0,0,1,0,0
DATA,244000,-0.897130,0.441767,2500.0,8.150,8.198,7.715,72.2,2.705,94.0,26.1,1,0,1,1,0,0,1,0,0
DATA,246000,-0.897066,0.441897,2500.0,8.149,8.196,7.716,72.2,2.705,94.0,26.1,1,0,1,1,0,0,1,0,0
DATA,248000,-0.897001,0.442028,2500.0,8.150,8.200,7.717,72.3,2.705,94.0,26.1,1,0,1,1,0,0,1,0,0
DATA,250000,-0.896937,0.442158,2500.0,8.151,8.204,7.717,72.3,2.705,94.0,26.1,1,0,1,1,0,0,1,0,0
DATA,252000,-0.896873,0.442289,2500.0,8.152,8.208,7.718,72.4,2.705,94.0,26.1,1,0,1,1,0,0,1,0,0
DATA,254000,-0.896808,0.442419,2500.0,8.153,8.210,7.718,72.4,2.705,94.0,26.1,1,0,1,1,0,0,1,0,0
DATA,256000,-0.896744,0.442550,2500.0,8.153,8.210,7.717,72.3,2.705,94.0,26.1,1,0,1,1,0,0,1,0,0
DATA,258000,-0.896680,0.442680,2500.0,8.153,8.208,7.717,72.3,2.705,94.0,26.1,1,0,1,1,0,0,1,0,0
DATA,260000,-0.896615,0.442810,2500.0,8.153,8.206,7.717,72.3,2.705,94.0,26.1,1,0,1,1,0,0,1,0,0
DATA,262000,-0.896551,0.442941,2500.0,8.152,8.206,7.717,72.3,2.705,94.0,26.1,1,0,1,1,0,0,1,0,0
DATA,264000,-0.896486,0.443072,2500.0,8.152,8.206,7.718,72.4,2.705,94.0,26.1,1,0,1,1,0,0,1,0,0
DATA,266000,-0.896422,0.443202,2500.0,8.151,8.206,7.717,72.3,2.705,94.0,26.1,1,0,1,1,0,0,1,0,0
DATA,268000,-0.896358,0.443332,2500.0,8.151,8.206,7.718,72.4,2.705,94.0,26.1,1,0,1,1,0,0,1,0,0
DATA,270000,-0.896293,0.443462,2500.0,8.151,8.204,7.718,72.4,2.705,94.0,26.1,1,0,1,1,0,0,1,0,0
DATA,272000,-0.896228,0.443593,2500.0,8.150,8.204,7.718,72.4,2.705,94.0,26.1,1,0,1,1,0,0,1,0,0
DATA,274000,-0.896164,0.443723,2500.0,8.150,8.200,7.717,72.3,2.705,94.0,26.1,1,0,1,1,0,0,1,0,0
DATA,276000,-0.896099,0.443853,2500.0,8.150,8.196,7.718,72.4,2.705,94.0,26.1,1,0,1,1,0,0,1,0,0
DATA,278000,-0.896035,0.443984,2500.0,8.150,8.198,7.719,72.4,2.705,94.0,26.1,1,0,1,1,0,0,1,0,0
DATA,280000,-0.895970,0.444114,2500.0,8.151,8.196,7.718,72.4,2.705,94.0,26.1,1,0,1,1,0,0,1,0,0
DATA,282000,-0.895906,0.444244,2500.0,8.151,8.194,7.718,72.4,2.705,94.0,26.1,1,0,1,1,0,0,1,0,0
DATA,284000,-0.895841,0.444375,2500.0,8.152,8.196,7.719,72.4,2.705,94.0,26.1,1,0,1,1,0,0,1,0,0
DATA,286000,-0.895776,0.444505,2500.0,8.152,8.198,7.720,72.5,2.705,94.0,26.1,1,0,1,1,0,0,1,0,0
DATA,288000,-0.895712,0.444636,2500.0,8.151,8.200,7.719,72.4,2.705,94.0,26.1,1,0,1,1,0,0,1,0,0
DATA,290000,-0.895647,0.444765,2500.0,8.151,8.200,7.719,72.4,2.705,94.0,26.1,1,0,1,1,0,0,1,0,0
DATA,292000,-0.895582,0.444896,2500.0,8.151,8.198,7.719,72.5,2.705,94.0,26.1,1,0,1,1,0,0,1,0,0
DATA,294000,-0.895518,0.445026,2500.0,8.151,8.198,7.719,72.5,2.705,94.0,26.1,1,0,1,1,0,0,1,0,0
DATA,296000,-0.895453,0.445156,2500.0,8.151,8.198,7.719,72.5,2.705,94.0,26.1,1,0,1,1,0,0,1,0,0
DATA,298000,-0.895388,0.445286,2500.0,8.151,8.200,7.719,72.5,2.705,94.0,26.1,1,0,1,1,0,0,1,0,0
DATA,300000,-0.895323,0.445417,2500.0,8.151,8.200,7.719,72.4,2.705,94.0,26.1,1,0,1,1,0,0,1,0,0
DATA,302000,-0.895258,0.445547,2500.0,8.150,8.192,7.719,72.4,2.705,94.0,26.1,1,0,1,1,0,0,1,0,0
DATA,304000,-0.895194,0.445677,2500.0,8.149,8.188,7.719,72.4,2.705,94.0,26.1,1,0,1,1,0,0,1,0,0
DATA,306000,-0.895129,0.445807,2500.0,8.149,8.186,7.719,72.5,2.705,94.0,26.1,1,0,1,1,0,0,1,0,0
DATA,308000,-0.895064,0.445938,2500.0,8.149,8.186,7.719,72.5,2.705,94.0,26.1,1,0,1,1,0,0,1,0,0
DATA,310000,-0.894999,0.446068,2500.0,8.149,8.192,7.719,72.4,2.705,94.0,26.1,1,0,1,1,0,0,1,0,0
DATA,312000,-0.894934,0.446198,2500.0,8.149,8.194,7.719,72.5,2.705,94.0,26.1,1,0,1,1,0,0,1,0,0
DATA,314000,-0.894870,0.446328,2500.0,8.149,8.194,7.720,72.5,2.705,94.0,26.1,1,0,1,1,0,0,1,0,0
DATA,316000,-0.894804,0.446458,2500.0,8.149,8.198,7.720,72.5,2.705,94.0,26.1,1,0,1,1,0,0,1,0,0
DATA,318000,-0.894740,0.446588,2500.0,8.150,8.198,7.721,72.5,2.705,94.0,26.1,1,0,1,1,0,0,1,0,0
DATA,320000,-0.894675,0.446719,2500.0,8.150,8.198,7.720,72.5,2.705,94.0,26.1,1,0,1,1,0,0,1,0,0
DATA,322000,-0.894610,0.446848,2500.0,8.150,8.202,7.721,72.5,2.705,94.0,26.1,1,0,1,1,0,0,1,0,0
DATA,324000,-0.894545,0.446979,2500.0,8.149,8.196,7.720,72.5,2.705,94.0,26.1,1,0,1,1,0,0,1,0,0
DATA,326000,-0.894480,0.447109,2500.0,8.149,8.194,7.720,72.5,2.705,94.0,26.1,1,0,1,1,0,0,1,0,0
DATA,328000,-0.894414,0.447239,2500.0,8.150,8.196,7.721,72.6,2.705,94.0,26.1,1,0,1,1,0,0,1,0,0
DATA,330000,-0.894349,0.447369,2500.0,8.149,8.194,7.720,72.5,2.705,94.0,26.1,1,0,1,1,0,0,1,0,0
DATA,332000,-0.894284,0.447499,2500.0,8.150,8.196,7.720,72.5,2.705,94.0,26.1,1,0,1,1,0,0,1,0,0
DATA,334000,-0.894219,0.447629,2500.0,8.150,8.196,7.721,72.6,2.705,94.0,26.1,1,0,1,1,0,0,1,0,0
DATA,336000,-0.894154,0.447759,2500.0,8.150,8.190,7.721,72.5,2.705,94.0,26.1,1,0,1,1,0,0,1,0,0
DATA,338000,-0.894089,0.447890,2500.0,8.150,8.190,7.721,72.6,2.705,94.0,26.1,1,0,1,1,0,0,1,0,0
DATA,340000,-0.894024,0.448019,2500.0,8.150,8.194,7.720,72.5,2.705,94.0,26.1,1,0,1,1,0,0,1,0,0
DATA,342000,-0.893959,0.448149,2500.0,8.150,8.196,7.722,72.6,2.705,94.0,26.1,1,0,1,1,0,0,1,0,0
DATA,344000,-0.893894,0.448279,2500.0,8.150,8.200,7.721,72.6,2.705,94.0,26.1,1,0,1,1,0,0,1,0,0
DATA,346000,-0.893828,0.448410,2500.0,8.150,8.200,7.722,72.6,2.705,94.0,26.1,1,0,1,1,0,0,1,0,0
DATA,348000,-0.893763,0.448539,2500.0,8.150,8.194,7.722,72.6,2.705,94.0,26.1,1,0,1,1,0,0,1,0,0
DATA,350000,-0.893698,0.448669,2500.0,8.150,8.190,7.722,72.6,2.705,94.0,26.1,1,0,1,1,0,0,1,0,0
DATA,352000,-0.893633,0.448799,2500.0,8.150,8.188,7.722,72.6,2.705,94.0,26.1,1,0,1,1,0,0,1,0,0
DATA,354000,-0.893567,0.448930,2500.0,8.150,8.188,7.722,72.6,2.705,94.0,26.1,1,0,1,1,0,0,1,0,0
DATA,356000,-0.893502,0.449059,2500.0,8.151,8.192,7.722,72.7,2.705,94.0,26.1,1,0,1,1,0,0,1,0,0
DATA,358000,-0.893437,0.449189,2500.0,8.151,8.192,7.723,72.7,2.705,94.0,26.1,1,0,1,1,0,0,1,0,0
DATA,360000,-0.893371,0.449319,2500.0,8.151,8.194,7.722,72.7,2.705,94.0,26.1,1,0,1,1,0,0,1,0,0
DATA,362000,-0.893306,0.449449,2500.0,8.152,8.198,7.724,72.7,2.705,94.0,26.1,1,0,1,1,0,0,1,0,0
DATA,364000,-0.893241,0.449579,2500.0,8.153,8.200,7.724,72.7,2.705,94.0,26.1,1,0,1,1,0,0,1,0,0
DATA,366000,-0.893175,0.449709,2500.0,8.153,8.204,7.724,72.8,2.705,94.0,26.1,1,0,1,1,0,0,1,0,0
DATA,368000,-0.893110,0.449839,2500.0,8.154,8.208,7.723,72.7,2.705,94.0,26.1,1,0,1,1,0,0,1,0,0
DATA,370000,-0.893044,0.449969,2500.0,8.154,8.210,7.722,72.6,2.705,94.0,26.1,1,0,1,1,0,0,1,0,0
DATA,372000,-0.892979,0.450098,2500.0,8.154,8.210,7.724,72.8,2.705,94.0,26.1,1,0,1,1,0,0,1,0,0
DATA,374000,-0.892913,0.450229,2500.0,8.154,8.212,7.724,72.8,2.705,94.0,26.1,1,0,1,1,0,0,1,0,0
DATA,376000,-0.892848,0.450358,2500.0,8.154,8.210,7.724,72.8,2.705,94.0,26.1,1,0,1,1,0,0,1,0,0
DATA,378000,-0.892783,0.450488,2500.0,8.154,8.208,7.724,72.8,2.705,94.0,26.1,1,0,1,1,0,0,1,0,0
DATA,380000,-0.892717,0.450618,2500.0,8.153,8.208,7.723,72.7,2.705,94.0,26.1,1,0,1,1,0,0,1,0,0
DATA,382000,-0.892651,0.450748,2500.0,8.153,8.206,7.724,72.7,2.705,94.0,26.1,1,0,1,1,0,0,1,0,0
DATA,384000,-0.892586,0.450877,2500.0,8.152,8.202,7.724,72.7,2.705,94.0,26.1,1,0,1,1,0,0,1,0,0
DATA,386000,-0.892520,0.451007,2500.0,8.151,8.196,7.723,72.7,2.705,94.0,26.1,1,0,1,1,0,0,1,0,0
DATA,388000,-0.892455,0.451137,2500.0,8.150,8.190,7.723,72.7,2.705,94.0,26.1,1,0,1,1,0,0,1,0,0
DATA,390000,-0.892389,0.451267,2500.0,8.149,8.186,7.724,72.7,2.705,94.0,26.1,1,0,1,1,0,0,1,0,0
DATA,392000,-0.892323,0.451397,2500.0,8.149,8.186,7.723,72.7,2.705,94.0,26.1,1,0,1,1,0,0,1,0,0
DATA,394000,-0.892258,0.451526,2500.0,8.150,8.190,7.724,72.7,2.705,94.0,26.1,1,0,1,1,0,0,1,0,0
DATA,396000,-0.892192,0.451657,2500.0,8.151,8.196,7.725,72.8,2.705,94.0,26.1,1,0,1,1,0,0,1,0,0
DATA,398000,-0.892126,0.451786,2500.0,8.152,8.200,7.725,72.8,2.705,94.0,26.1,1,0,1,1,0,0,1,0,0
DATA,400000,-0.892061,0.451916,2500.0,8.152,8.200,7.723,72.7,2.705,94.0,26.1,1,0,1,1,0,0,1,0,0
DATA,402000,-0.891995,0.452045,2500.0,8.153,8.200,7.725,72.8,2.705,94.0,26.1,1,0,1,1,0,0,1,0,0
DATA,404000,-0.891929,0.452176,2500.0,8.152,8.196,7.725,72.8,2.705,94.0,26.1,1,0,1,1,0,0,1,0,0
DATA,406000,-0.891863,0.452305,2500.0,8.152,8.192,7.725,72.8,2.705,94.0,26.1,1,0,1,1,0,0,1,0,0
DATA,408000,-0.891798,0.452435,2500.0,8.152,8.192,7.725,72.8,2.705,94.0,26.1,1,0,1,1,0,0,1,0,0
DATA,410000,-0.891732,0.452564,2500.0,8.151,8.192,7.724,72.8,2.705,94.0,26.1,1,0,1,1,0,0,1,0,0
DATA,412000,-0.891666,0.452694,2500.0,8.151,8.190,7.724,72.8,2.705,94.0,26.1,1,0,1,1,0,0,1,0,0
DATA,414000,-0.891600,0.452824,2500.0,8.151,8.190,7.725,72.8,2.705,94.0,26.1,1,0,1,1,0,0,1,0,0
DATA,416000,-0.891534,0.452953,2500.0,8.151,8.190,7.725,72.8,2.705,94.0,26.1,1,0,1,1,0,0,1,0,0
DATA,418000,-0.891468,0.453083,2500.0,8.151,8.188,7.725,72.8,2.705,94.0,26.1,1,0,1,1,0,0,1,0,0
DATA,420000,-0.891402,0.453213,2500.0,8.151,8.186,7.725,72.8,2.705,94.0,26.1,1,0,1,1,0,0,1,0,0
DATA,422000,-0.891336,0.453343,2500.0,8.152,8.188,7.725,72.8,2.705,94.0,26.1,1,0,1,1,0,0,1,0,0
DATA,424000,-0.891271,0.453472,2500.0,8.152,8.188,7.725,72.8,2.705,94.0,26.1,1,0,1,1,0,0,1,0,0
DATA,426000,-0.891204,0.453602,2500.0,8.152,8.190,7.725,72.8,2.705,94.0,26.1,1,0,1,1,0,0,1,0,0
DATA,428000,-0.891138,0.453732,2500.0,8.153,8.188,7.728,73.0,2.705,94.0,26.1,1,0,1,1,0,0,1,0,0
DATA,430000,-0.891072,0.453861,2500.0,8.154,8.188,7.732,73.2,2.705,94.0,26.1,1,0,1,1,0,0,1,0,0
DATA,432000,-0.891007,0.453990,2500.0,8.156,8.188,7.733,73.3,2.705,94.0,26.1,1,0,1,1,0,0,1,0,0
DATA,434000,-0.890940,0.454120,2500.0,8.157,8.188,7.733,73.3,2.705,94.0,26.1,1,0,1,1,0,0,1,0,0
DATA,436000,-0.890874,0.454250,2500.0,8.158,8.188,7.734,73.4,2.705,94.0,26.1,1,0,1,1,0,0,1,0,0
DATA,438000,-0.890808,0.454379,2500.0,8.158,8.188,7.734,73.4,2.705,94.0,26.1,1,0,1,1,0,0,1,0,0
DATA,440000,-0.890742,0.454509,2500.0,8.158,8.188,7.733,73.3,2.705,94.0,26.1,1,0,1,1,0,0,1,0,0
DATA,442000,-0.890676,0.454638,2500.0,8.159,8.190,7.734,73.4,2.705,94.0,26.1,1,0,1,1,0,0,1,0,0
DATA,444000,-0.890610,0.454768,2500.0,8.159,8.192,7.734,73.4,2.705,94.0,26.1,1,0,1,1,0,0,1,0,0
DATA,446000,-0.890544,0.454898,2500.0,8.159,8.194,7.735,73.5,2.705,94.0,26.1,1,0,1,1,0,0,1,0,0
DATA,448000,-0.890477,0.455027,2500.0,8.160,8.198,7.734,73.4,2.705,94.0,26.1,1,0,1,1,0,0,1,0,0
DATA,450000,-0.890411,0.455157,2500.0,8.157,8.196,7.730,73.2,2.704,94.0,26.1,1,0,1,1,0,0,1,0,0
DATA,452000,-0.890345,0.455286,2500.0,8.157,8.200,7.734,73.4,2.704,94.0,26.1,1,0,1,1,0,0,1,0,0
DATA,454000,-0.890279,0.455416,2500.0,8.158,8.202,7.735,73.4,2.704,94.0,26.1,1,0,1,1,0,0,1,0,0
DATA,456000,-0.890213,0.455545,2500.0,8.157,8.200,7.735,73.5,2.704,94.0,26.1,1,0,1,1,0,0,1,0,0
DATA,458000,-0.890146,0.455674,2500.0,8.159,8.202,7.735,73.5,2.705,94.0,26.1,1,0,1,1,0,0,1,0,0
DATA,460000,-0.890080,0.455804,2500.0,8.160,8.200,7.734,73.3,2.705,94.0,26.1,1,0,1,1,0,0,1,0,0
DATA,462000,-0.890014,0.455933,2500.0,8.159,8.198,7.736,73.5,2.705,94.0,26.1,1,0,1,1,0,0,1,0,0
DATA,464000,-0.889947,0.456063,2500.0,8.159,8.196,7.736,73.5,2.705,94.0,26.1,1,0,1,1,0,0,1,0,0
DATA,466000,-0.889881,0.456192,2500.0,8.159,8.194,7.736,73.5,2.705,94.0,26.1,1,0,1,1,0,0,1,0,0
DATA,468000,-0.889815,0.456322,2500.0,8.159,8.192,7.736,73.5,2.705,94.0,26.1,1,0,1,1,0,0,1,0,0
DATA,470000,-0.889748,0.456451,2500.0,8.159,8.190,7.736,73.5,2.705,94.0,26.1,1,0,1,1,0,0,1,0,0
DATA,472000,-0.889682,0.456581,2500.0,8.160,8.188,7.736,73.5,2.705,94.0,26.1,1,0,1,1,0,0,1,0,0
DATA,474000,-0.889616,0.456710,2500.0,8.159,8.188,7.736,73.5,2.705,94.0,26.1,1,0,1,1,0,0,1,0,0
DATA,476000,-0.889549,0.456839,2500.0,8.159,8.190,7.737,73.6,2.705,94.0,26.1,1,0,1,1,0,0,1,0,0
DATA,478000,-0.889483,0.456969,2500.0,8.160,8.192,7.737,73.6,2.705,94.0,26.1,1,0,1,1,0,0,1,0,0
DATA,480000,-0.889416,0.457098,2500.0,8.160,8.198,7.737,73.5,2.705,94.0,26.1,1,0,1,1,0,0,1,0,0
DATA,482000,-0.889350,0.457227,2500.0,8.160,8.200,7.737,73.6,2.705,94.0,26.1,1,0,1,1,0,0,1,0,0
DATA,484000,-0.889283,0.457357,2500.0,8.161,8.204,7.736,73.5,2.705,94.0,26.1,1,0,1,1,0,0,1,0,0
DATA,486000,-0.889217,0.457486,2500.0,8.161,8.206,7.737,73.6,2.705,94.0,26.1,1,0,1,1,0,0,1,0,0
DATA,488000,-0.889150,0.457616,2500.0,8.162,8.206,7.737,73.6,2.705,94.0,26.1,1,0,1,1,0,0,1,0,0
DATA,490000,-0.889084,0.457745,2500.0,8.161,8.206,7.737,73.5,2.705,94.0,26.1,1,0,1,1,0,0,1,0,0
DATA,492000,-0.889017,0.457874,2500.0,8.161,8.204,7.738,73.6,2.705,94.0,26.1,1,0,1,1,0,0,1,0,0
DATA,494000,-0.888951,0.458003,2500.0,8.161,8.204,7.738,73.6,2.705,94.0,26.1,1,0,1,1,0,0,1,0,0
DATA,496000,-0.888884,0.458133,2500.0,8.161,8.204,7.738,73.7,2.705,94.0,26.1,1,0,1,1,0,0,1,0,0
DATA,498000,-0.888817,0.458262,2500.0,8.161,8.204,7.738,73.6,2.705,94.0,26.1,1,0,1,1,0,0,1,0,0
DATA,500000,-0.888750,0.458391,2500.0,8.161,8.206,7.737,73.6,2.705,94.0,26.1,1,0,1,1,0,0,1,0,0
DATA,502000,-0.888684,0.458520,2500.0,8.161,8.206,7.738,73.6,2.705,94.0,26.1,1,0,1,1,0,0,1,0,0
DATA,504000,-0.888617,0.458650,2500.0,8.162,8.208,7.738,73.6,2.705,94.0,26.1,1,0,1,1,0,0,1,0,0
DATA,506000,-0.888551,0.458779,2500.0,8.162,8.208,7.739,73.7,2.705,94.0,26.1,1,0,1,1,0,0,1,0,0
DATA,508000,-0.888484,0.458908,2500.0,8.163,8.210,7.739,73.7,2.705,94.0,26.1,1,0,1,1,0,0,1,0,0
DATA,510000,-0.888417,0.459037,2500.0,8.163,8.210,7.738,73.6,2.705,94.0,26.1,1,0,1,1,0,0,1,0,0
DATA,512000,-0.888350,0.459167,2500.0,8.163,8.212,7.739,73.7,2.705,94.0,26.1,1,0,1,1,0,0,1,0,0
DATA,514000,-0.888283,0.459296,2500.0,8.162,8.212,7.737,73.5,2.705,94.0,26.1,1,0,1,1,0,0,1,0,0
DATA,516000,-0.888216,0.459425,2500.0,8.160,8.210,7.732,73.2,2.705,94.0,26.1,1,0,1,1,0,0,1,0,0
DATA,518000,-0.888150,0.459554,2500.0,8.159,8.208,7.731,73.2,2.705,94.0,26.1,1,0,1,1,0,0,1,0,0
DATA,520000,-0.888083,0.459683,2500.0,8.157,8.200,7.730,73.1,2.705,94.0,25.7,1,0,1,1,0,0,1,0,0
DATA,522000,-0.888016,0.459813,2500.0,8.156,8.196,7.731,73.2,2.705,94.0,25.7,1,0,1,1,0,0,1,0,0
DATA,524000,-0.887949,0.459942,2500.0,8.156,8.192,7.731,73.2,2.705,94.0,25.7,1,0,1,1,0,0,1,0,0
DATA,526000,-0.887882,0.460070,2500.0,8.155,8.188,7.731,73.2,2.705,94.0,25.7,1,0,1,1,0,0,1,0,0
DATA,528000,-0.887815,0.460200,2500.0,8.154,8.186,7.730,73.2,2.705,94.0,25.7,1,0,1,1,0,0,1,0,0
DATA,530000,-0.887748,0.460329,2500.0,8.153,8.182,7.730,73.1,2.705,94.0,25.7,1,0,1,1,0,0,1,0,0
DATA,532000,-0.887681,0.460458,2500.0,8.152,8.182,7.729,73.1,2.705,94.0,25.7,1,0,1,1,0,0,1,0,0
DATA,534000,-0.887615,0.460587,2500.0,8.153,8.184,7.731,73.2,2.705,94.0,25.7,1,0,1,1,0,0,1,0,0
DATA,536000,-0.887548,0.460716,2500.0,8.153,8.186,7.731,73.2,2.705,94.0,25.7,1,0,1,1,0,0,1,0,0
DATA,538000,-0.887480,0.460846,2500.0,8.154,8.190,7.731,73.2,2.705,94.0,25.7,1,0,1,1,0,0,1,0,0
DATA,540000,-0.887413,0.460975,2500.0,8.154,8.190,7.731,73.2,2.705,94.0,25.7,1,0,1,1,0,0,1,0,0
DATA,542000,-0.887347,0.461103,2500.0,8.155,8.190,7.732,73.2,2.705,94.0,25.7,1,0,1,1,0,0,1,0,0
DATA,544000,-0.887279,0.461233,2500.0,8.155,8.192,7.731,73.2,2.705,94.0,25.7,1,0,1,1,0,0,1,0,0
DATA,546000,-0.887212,0.461362,2500.0,8.155,8.192,7.732,73.2,2.705,94.0,25.7,1,0,1,1,0,0,1,0,0
DATA,548000,-0.887145,0.461491,2500.0,8.155,8.192,7.732,73.3,2.705,94.0,25.7,1,0,1,1,0,0,1,0,0
DATA,550000,-0.887078,0.461619,2500.0,8.155,8.192,7.731,73.2,2.705,94.0,25.7,1,0,1,1,0,0,1,0,0
DATA,552000,-0.887011,0.461749,2500.0,8.155,8.192,7.733,73.3,2.705,94.0,25.7,1,0,1,1,0,0,1,0,0
DATA,554000,-0.886944,0.461878,2500.0,8.156,8.190,7.732,73.2,2.705,94.0,25.7,1,0,1,1,0,0,1,0,0
DATA,556000,-0.886876,0.462007,2500.0,8.156,8.192,7.732,73.3,2.705,94.0,25.7,1,0,1,1,0,0,1,0,0
DATA,558000,-0.886809,0.462135,2500.0,8.157,8.194,7.732,73.3,2.705,94.0,25.7,1,0,1,1,0,0,1,0,0
DATA,560000,-0.886742,0.462265,2500.0,8.157,8.198,7.732,73.3,2.705,94.0,25.7,1,0,1,1,0,0,1,0,0
DATA,562000,-0.886675,0.462394,2500.0,8.157,8.200,7.732,73.3,2.705,94.0,25.7,1,0,1,1,0,0,1,0,0
DATA,564000,-0.886608,0.462523,2500.0,8.156,8.196,7.732,73.3,2.705,94.0,25.7,1,0,1,1,0,0,1,0,0
DATA,566000,-0.886540,0.462652,2500.0,8.155,8.194,7.732,73.3,2.705,94.0,25.7,1,0,1,1,0,0,1,0,0
DATA,568000,-0.886473,0.462780,2500.0,8.154,8.188,7.731,73.2,2.705,94.0,25.7,1,0,1,1,0,0,1,0,0
DATA,570000,-0.886406,0.462909,2476.7,8.154,8.186,7.731,73.2,2.705,94.0,25.7,1,0,1,1,0,0,1,0,0
DATA,572000,-0.886338,0.463038,2500.0,8.154,8.190,7.732,73.3,2.705,94.0,25.7,1,0,1,1,0,0,1,0,0
DATA,574000,-0.886271,0.463168,2500.0,8.155,8.192,7.734,73.3,2.705,94.0,25.7,1,0,1,1,0,0,1,0,0
DATA,576000,-0.886204,0.463296,2500.0,8.157,8.196,7.734,73.3,2.705,94.0,25.7,1,0,1,1,0,0,1,0,0
DATA,578000,-0.886136,0.463425,2500.0,8.157,8.198,7.733,73.3,2.705,94.0,25.7,1,0,1,1,0,0,1,0,0
DATA,580000,-0.886069,0.463554,2500.0,8.157,8.200,7.733,73.3,2.705,94.0,25.7,1,0,1,1,0,0,1,0,0
DATA,582000,-0.886001,0.463683,2500.0,8.157,8.198,7.733,73.3,2.704,94.0,25.7,1,0,1,1,0,0,1,0,0
DATA,584000,-0.885934,0.463812,2500.0,8.157,8.196,7.733,73.3,2.702,94.0,25.7,1,0,1,1,0,0,1,0,0
DATA,586000,-0.885866,0.463940,2500.0,8.158,8.194,7.734,73.3,2.701,94.0,25.7,1,0,1,1,0,0,1,0,0
DATA,588000,-0.885799,0.464070,2500.0,8.158,8.190,7.733,73.3,2.699,94.0,25.7,1,0,1,1,0,0,1,0,0
DATA,590000,-0.885731,0.464198,2500.0,8.158,8.190,7.734,73.4,2.698,94.0,25.7,1,0,1,1,0,0,1,0,0
DATA,592000,-0.885664,0.464327,2500.0,8.158,8.190,7.733,73.3,2.698,94.0,25.7,1,0,1,1,0,0,1,0,0
DATA,594000,-0.885596,0.464456,2500.0,8.157,8.188,7.732,73.2,2.697,94.0,25.7,1,0,1,1,0,0,1,0,0
DATA,596000,-0.885529,0.464585,2500.0,8.157,8.188,7.734,73.4,2.697,94.0,25.7,1,0,1,1,0,0,1,0,0
DATA,598000,-0.885461,0.464714,2500.0,8.156,8.186,7.733,73.3,2.699,94.0,25.7,1,0,1,1,0,0,1,0,0
DATA,600000,-0.885394,0.464842,2500.0,8.156,8.186,7.733,73.3,2.700,94.0,25.7,1,0,1,1,0,0,1,0,0
DATA,602000,-0.885326,0.464971,2500.0,8.157,8.186,7.735,73.4,2.702,94.0,25.7,1,0,1,1,0,0,1,0,0
DATA,604000,-0.885258,0.465100,2500.0,8.157,8.184,7.734,73.4,2.704,94.0,25.7,1,0,1,1,0,0,1,0,0
DATA,606000,-0.885191,0.465229,2500.0,8.157,8.184,7.735,73.4,2.704,94.0,25.7,1,0,1,1,0,0,1,0,0
DATA,608000,-0.885123,0.465357,2500.0,8.157,8.182,7.734,73.3,2.705,94.0,25.7,1,0,1,1,0,0,1,0,0
DATA,610000,-0.885055,0.465486,2500.0,8.157,8.182,7.733,73.3,2.704,94.0,25.7,1,0,1,1,0,0,1,0,0
DATA,612000,-0.884987,0.465615,2500.0,8.156,8.182,7.734,73.4,2.703,94.0,25.7,1,0,1,1,0,0,1,0,0
DATA,614000,-0.884920,0.465744,2500.0,8.155,8.180,7.733,73.3,2.702,94.0,25.7,1,0,1,1,0,0,1,0,0
DATA,616000,-0.884852,0.465872,2500.0,8.155,8.180,7.733,73.3,2.702,94.0,25.7,1,0,1,1,0,0,1,0,0
DATA,618000,-0.884784,0.466001,2500.0,8.155,8.180,7.734,73.4,2.703,94.0,25.7,1,0,1,1,0,0,1,0,0
DATA,620000,-0.884716,0.466130,2500.0,8.154,8.178,7.733,73.3,2.704,94.0,25.7,1,0,1,1,0,0,1,0,0
DATA,622000,-0.884649,0.466258,2500.0,8.154,8.178,7.734,73.4,2.705,94.0,25.7,1,0,1,1,0,0,1,0,0
DATA,624000,-0.884581,0.466386,2500.0,8.155,8.184,7.735,73.4,2.705,94.0,25.7,1,0,1,1,0,0,1,0,0
DATA,626000,-0.884513,0.466516,2500.0,8.156,8.188,7.736,73.5,2.705,94.0,25.7,1,0,1,1,0,0,1,0,0
DATA,628000,-0.884445,0.466644,2500.0,8.158,8.194,7.735,73.5,2.705,94.0,25.7,1,0,1,1,0,0,1,0,0
DATA,630000,-0.884377,0.466773,2500.0,8.159,8.200,7.735,73.4,2.705,94.0,25.7,1,0,1,1,0,0,1,0,0
DATA,632000,-0.884309,0.466901,2500.0,8.158,8.198,7.733,73.3,2.704,94.0,25.7,1,0,1,1,0,0,1,0,0
DATA,634000,-0.884241,0.467030,2500.0,8.157,8.190,7.735,73.5,2.703,94.0,25.7,1,0,1,1,0,0,1,0,0
DATA,636000,-0.884174,0.467159,2500.0,8.156,8.188,7.734,73.4,2.702,94.0,25.7,1,0,1,1,0,0,1,0,0
DATA,638000,-0.884106,0.467287,2500.0,8.156,8.186,7.735,73.5,2.701,94.0,25.7,1,0,1,1,0,0,1,0,0
DATA,640000,-0.884038,0.467416,2500.0,8.157,8.184,7.734,73.4,2.701,94.0,25.7,1,0,1,1,0,0,1,0,0
DATA,642000,-0.883970,0.467544,2500.0,8.156,8.184,7.735,73.5,2.702,94.0,25.7,1,0,1,1,0,0,1,0,0
DATA,644000,-0.883902,0.467673,2500.0,8.156,8.180,7.735,73.4,2.702,94.0,25.7,1,0,1,1,0,0,1,0,0
DATA,646000,-0.883834,0.467801,2500.0,8.156,8.176,7.736,73.5,2.702,94.0,25.7,1,0,1,1,0,0,1,0,0
DATA,648000,-0.883766,0.467930,2500.0,8.155,8.174,7.735,73.5,2.703,94.0,25.7,1,0,1,1,0,0,1,0,0
DATA,650000,-0.883697,0.468059,2500.0,8.156,8.174,7.735,73.5,2.703,94.0,25.7,1,0,1,1,0,0,1,0,0
DATA,652000,-0.883630,0.468187,2500.0,8.156,8.174,7.735,73.5,2.704,94.0,25.7,1,0,1,1,0,0,1,0,0
DATA,654000,-0.883561,0.468316,2500.0,8.156,8.178,7.736,73.5,2.704,94.0,25.7,1,0,1,1,0,0,1,0,0
DATA,656000,-0.883493,0.468444,2500.0,8.156,8.182,7.736,73.5,2.704,94.0,25.7,1,0,1,1,0,0,1,0,0
DATA,658000,-0.883425,0.468573,2500.0,8.156,8.184,7.736,73.5,2.703,94.0,25.7,1,0,1,1,0,0,1,0,0
DATA,660000,-0.883357,0.468701,2500.0,8.157,8.188,7.736,73.5,2.703,94.0,25.7,1,0,1,1,0,0,1,0,0
DATA,662000,-0.883289,0.468829,2500.0,8.157,8.188,7.737,73.5,2.703,94.0,25.7,1,0,1,1,0,0,1,0,0
DATA,664000,-0.883220,0.468958,2500.0,8.157,8.188,7.737,73.5,2.703,94.0,25.7,1,0,1,1,0,0,1,0,0
DATA,666000,-0.883152,0.469086,2500.0,8.157,8.186,7.737,73.5,2.704,94.0,25.7,1,0,1,1,0,0,1,0,0
DATA,668000,-0.883084,0.469214,2500.0,8.155,8.178,7.733,73.3,2.702,94.0,25.7,1,0,1,1,0,0,1,0,0
DATA,670000,-0.883016,0.469343,2500.0,8.155,8.172,7.735,73.4,2.703,94.0,25.7,1,0,1,1,0,0,1,0,0
DATA,672000,-0.882948,0.469472,2500.0,8.154,8.164,7.736,73.5,2.703,94.0,25.7,1,0,1,1,0,0,1,0,0
DATA,674000,-0.882879,0.469600,2500.0,8.154,8.162,7.735,73.5,2.702,94.0,25.7,1,0,1,1,0,0,1,0,0
DATA,676000,-0.882811,0.469728,2500.0,8.155,8.164,7.735,73.5,2.704,94.0,25.7,1,0,1,1,0,0,1,0,0
DATA,678000,-0.882743,0.469857,2500.0,8.155,8.166,7.736,73.5,2.703,94.0,25.7,1,0,1,1,0,0,1,0,0
DATA,680000,-0.882674,0.469985,2500.0,8.155,8.172,7.737,73.5,2.703,94.0,25.7,1,0,1,1,0,0,1,0,0
DATA,682000,-0.882606,0.470114,2500.0,8.156,8.176,7.737,73.6,2.704,94.0,25.7,1,0,1,1,0,0,1,0,0
DATA,684000,-0.882537,0.470242,2500.0,8.156,8.178,7.737,73.6,2.704,94.0,25.7,1,0,1,1,0,0,1,0,0
DATA,686000,-0.882469,0.470370,2500.0,8.157,8.182,7.737,73.6,2.705,94.0,25.7,1,0,1,1,0,0,1,0,0
DATA,688000,-0.882401,0.470499,2500.0,8.157,8.186,7.738,73.6,2.705,94.0,25.7,1,0,1,1,0,0,1,0,0
DATA,690000,-0.882332,0.470627,2500.0,8.158,8.188,7.737,73.6,2.705,94.0,25.7,1,0,1,1,0,0,1,0,0
DATA,692000,-0.882264,0.470756,2500.0,8.158,8.190,7.738,73.6,2.705,94.0,25.7,1,0,1,1,0,0,1,0,0
DATA,694000,-0.882195,0.470884,2500.0,8.158,8.192,7.738,73.6,2.704,94.0,25.7,1,0,1,1,0,0,1,0,0
DATA,696000,-0.882127,0.471012,2500.0,8.158,8.192,7.738,73.7,2.703,94.0,25.7,1,0,1,1,0,0,1,0,0
DATA,698000,-0.882058,0.471140,2500.0,8.158,8.192,7.738,73.6,2.703,94.0,25.7,1,0,1,1,0,0,1,0,0
DATA,700000,-0.881990,0.471269,2500.0,8.158,8.192,7.738,73.6,2.702,94.0,25.7,1,0,1,1,0,0,1,0,0
DATA,702000,-0.881921,0.471397,2500.0,8.158,8.194,7.737,73.6,2.702,94.0,25.7,1,0,1,1,0,0,1,0,0
DATA,704000,-0.881853,0.471525,2500.0,8.158,8.190,7.737,73.6,2.703,94.0,25.7,1,0,1,1,0,0,1,0,0
DATA,706000,-0.881784,0.471654,2500.0,8.157,8.186,7.737,73.6,2.703,94.0,25.7,1,0,1,1,0,0,1,0,0
DATA,708000,-0.881715,0.471782,2500.0,8.157,8.180,7.738,73.6,2.704,94.0,25.7,1,0,1,1,0,0,1,0,0
DATA,710000,-0.881647,0.471910,2500.0,8.157,8.178,7.738,73.6,2.704,94.0,25.7,1,0,1,1,0,0,1,0,0
DATA,712000,-0.881578,0.472038,2500.0,8.158,8.180,7.739,73.7,2.704,94.0,25.7,1,0,1,1,0,0,1,0,0
DATA,714000,-0.881509,0.472167,2500.0,8.158,8.184,7.739,73.7,2.704,94.0,25.7,1,0,1,1,0,0,1,0,0
DATA,716000,-0.881441,0.472295,2500.0,8.157,8.184,7.737,73.6,2.703,94.0,25.7,1,0,1,1,0,0,1,0,0
DATA,718000,-0.881372,0.472422,2500.0,8.157,8.184,7.739,73.7,2.704,94.0,25.7,1,0,1,1,0,0,1,0,0
DATA,720000,-0.881303,0.472551,2500.0,8.157,8.186,7.738,73.6,2.704,94.0,25.7,1,0,1,1,0,0,1,0,0
DATA,722000,-0.881235,0.472679,2500.0,8.158,8.186,7.739,73.7,2.704,94.0,25.7,1,0,1,1,0,0,1,0,0
DATA,724000,-0.881166,0.472807,2500.0,8.159,8.190,7.739,73.7,2.705,94.0,25.7,1,0,1,1,0,0,1,0,0
DATA,726000,-0.881097,0.472935,2500.0,8.159,8.190,7.740,73.7,2.705,94.0,25.7,1,0,1,1,0,0,1,0,0
DATA,728000,-0.881028,0.473064,2500.0,8.159,8.190,7.739,73.7,2.704,94.0,25.7,1,0,1,1,0,0,1,0,0
DATA,730000,-0.880959,0.473192,2500.0,8.159,8.190,7.739,73.7,2.702,94.0,25.7,1,0,1,1,0,0,1,0,0
DATA,732000,-0.880891,0.473320,2500.0,8.159,8.190,7.740,73.7,2.702,94.0,25.7,1,0,1,1,0,0,1,0,0
DATA,734000,-0.880822,0.473448,2500.0,8.159,8.192,7.739,73.7,2.701,94.0,25.7,1,0,1,1,0,0,1,0,0
DATA,736000,-0.880753,0.473576,2500.0,8.159,8.190,7.739,73.7,2.700,94.0,25.7,1,0,1,1,0,0,1,0,0
DATA,738000,-0.880684,0.473704,2500.0,8.159,8.188,7.739,73.7,2.701,94.0,25.7,1,0,1,1,0,0,1,0,0
DATA,740000,-0.880615,0.473832,2500.0,8.159,8.184,7.738,73.6,2.700,94.0,25.7,1,0,1,1,0,0,1,0,0
DATA,742000,-0.880546,0.473960,2500.0,8.158,8.180,7.740,73.7,2.700,94.0,25.7,1,0,1,1,0,0,1,0,0
DATA,744000,-0.880477,0.474088,2500.0,8.160,8.184,7.747,74.2,2.701,94.0,25.7,1,0,1,1,0,0,1,0,0
DATA,746000,-0.880408,0.474216,2500.0,8.163,8.186,7.748,74.2,2.702,94.0,25.7,1,0,1,1,0,0,1,0,0
DATA,748000,-0.880339,0.474345,2500.0,8.163,8.190,7.743,73.9,2.701,94.0,25.7,1,0,1,1,0,0,1,0,0
DATA,750000,-0.880270,0.474473,2500.0,8.163,8.188,7.739,73.7,2.701,94.0,25.7,1,0,1,1,0,0,1,0,0
DATA,752000,-0.880201,0.474601,2500.0,8.162,8.186,7.740,73.7,2.701,94.0,25.7,1,0,1,1,0,0,1,0,0
DATA,754000,-0.880132,0.474729,2500.0,8.160,8.184,7.740,73.7,2.699,94.0,25.7,1,0,1,1,0,0,1,0,0
DATA,756000,-0.880063,0.474857,2500.0,8.158,8.182,7.740,73.7,2.698,94.0,25.7,1,0,1,1,0,0,1,0,0
DATA,758000,-0.879994,0.474985,2500.0,8.159,8.182,7.740,73.8,2.698,94.0,25.7,1,0,1,1,0,0,1,0,0
DATA,760000,-0.879925,0.475113,2500.0,8.159,8.182,7.742,73.9,2.698,94.0,25.7,1,0,1,1,0,0,1,0,0
DATA,762000,-0.879856,0.475240,2500.0,8.160,8.184,7.747,74.2,2.700,94.0,25.7,1,0,1,1,0,0,1,0,0
DATA,764000,-0.879787,0.475368,2500.0,8.163,8.186,7.747,74.2,2.701,94.0,25.7,1,0,1,1,0,0,1,0,0
DATA,766000,-0.879718,0.475496,2500.0,8.164,8.188,7.747,74.2,2.703,94.0,25.7,1,0,1,1,0,0,1,0,0
DATA,768000,-0.879649,0.475624,2500.0,8.166,8.188,7.747,74.2,2.705,94.0,25.7,1,0,1,1,0,0,1,0,0
DATA,770000,-0.879579,0.475752,2500.0,8.166,8.186,7.747,74.2,2.705,94.0,25.7,1,0,1,1,0,0,1,0,0
DATA,772000,-0.879510,0.475880,2500.0,8.166,8.186,7.747,74.2,2.705,94.0,25.7,1,0,1,1,0,0,1,0,0
DATA,774000,-0.879441,0.476008,2500.0,8.166,8.184,7.748,74.2,2.705,94.0,25.7,1,0,1,1,0,0,1,0,0
DATA,776000,-0.879372,0.476136,2500.0,8.165,8.184,7.741,73.8,2.704,94.0,25.7,1,0,1,1,0,0,1,0,0
DATA,778000,-0.879302,0.476264,2500.0,8.163,8.182,7.741,73.8,2.702,94.0,25.7,1,0,1,1,0,0,1,0,0
DATA,780000,-0.879233,0.476392,2500.0,8.161,8.178,7.740,73.7,2.701,94.0,25.7,1,0,1,1,0,0,1,0,0
DATA,782000,-0.879164,0.476520,2500.0,8.159,8.172,7.740,73.8,2.699,94.0,25.7,1,0,1,1,0,0,1,0,0
DATA,784000,-0.879095,0.476647,2500.0,8.158,8.170,7.740,73.8,2.698,94.0,25.7,1,0,1,1,0,0,1,0,0
DATA,786000,-0.879025,0.476775,2500.0,8.157,8.166,7.740,73.8,2.698,94.0,25.7,1,0,1,1,0,0,1,0,0
DATA,788000,-0.878956,0.476903,2500.0,8.156,8.158,7.740,73.7,2.699,94.0,25.7,1,0,1,1,0,0,1,0,0
DATA,790000,-0.878886,0.477031,2500.0,8.155,8.158,7.739,73.7,2.699,94.0,25.2,1,0,1,1,0,0,1,0,0
DATA,792000,-0.878817,0.477159,2500.0,8.155,8.155,7.741,73.8,2.699,94.0,25.2,1,0,1,1,0,0,1,0,0
DATA,794000,-0.878748,0.477287,2500.0,8.157,8.162,7.742,73.9,2.699,94.0,25.2,1,0,1,1,0,0,1,0,0
DATA,796000,-0.878678,0.477414,2500.0,8.158,8.172,7.742,73.9,2.698,94.0,25.2,1,0,1,1,0,0,1,0,0
DATA,798000,-0.878609,0.477542,2500.0,8.159,8.176,7.741,73.8,2.698,94.0,25.2,1,0,1,1,0,0,1,0,0
DATA,800000,-0.878539,0.477670,2500.0,8.159,8.178,7.741,73.8,2.698,94.0,25.2,1,0,1,1,0,0,1,0,0
DATA,802000,-0.878470,0.477798,2500.0,8.159,8.176,7.741,73.8,2.698,94.0,25.2,1,0,1,1,0,0,1,0,0
DATA,804000,-0.878400,0.477925,2500.0,8.158,8.174,7.742,73.9,2.698,94.0,25.2,1,0,1,1,0,0,1,0,0
DATA,806000,-0.878331,0.478053,2500.0,8.158,8.172,7.741,73.8,2.698,94.0,25.2,1,0,1,1,0,0,1,0,0
DATA,808000,-0.878261,0.478181,2500.0,8.158,8.170,7.741,73.8,2.698,94.0,25.2,1,0,1,1,0,0,1,0,0
DATA,810000,-0.878192,0.478309,2500.0,8.158,8.168,7.740,73.8,2.698,94.0,25.2,1,0,1,1,0,0,1,0,0
DATA,812000,-0.878122,0.478436,2500.0,8.158,8.168,7.741,73.8,2.698,94.0,25.2,1,0,1,1,0,0,1,0,0
DATA,814000,-0.878053,0.478564,2500.0,8.158,8.172,7.742,73.9,2.698,94.0,25.2,1,0,1,1,0,0,1,0,0
DATA,816000,-0.877983,0.478692,2500.0,8.159,8.174,7.743,73.9,2.698,94.0,25.2,1,0,1,1,0,0,1,0,0
DATA,818000,-0.877913,0.478820,2500.0,8.160,8.180,7.742,73.9,2.698,94.0,25.2,1,0,1,1,0,0,1,0,0
DATA,820000,-0.877844,0.478947,2500.0,8.160,8.182,7.743,73.9,2.698,94.0,25.2,1,0,1,1,0,0,1,0,0
DATA,822000,-0.877774,0.479075,2500.0,8.160,8.184,7.743,73.9,2.698,94.0,25.2,1,0,1,1,0,0,1,0,0
DATA,824000,-0.877704,0.479203,2500.0,8.161,8.186,7.743,74.0,2.698,94.0,25.2,1,0,1,1,0,0,1,0,0
DATA,826000,-0.877634,0.479331,2500.0,8.161,8.186,7.743,73.9,2.698,94.0,25.2,1,0,1,1,0,0,1,0,0
DATA,828000,-0.877565,0.479458,2500.0,8.161,8.186,7.743,73.9,2.698,94.0,25.2,1,0,1,1,0,0,1,0,0
DATA,830000,-0.877495,0.479585,2500.0,8.161,8.184,7.741,73.8,2.698,94.0,25.2,1,0,1,1,0,0,1,0,0
DATA,832000,-0.877425,0.479713,2500.0,8.159,8.178,7.742,73.9,2.698,94.0,25.2,1,0,1,1,0,0,1,0,0
DATA,834000,-0.877355,0.479841,2500.0,8.159,8.174,7.743,73.9,2.698,94.0,25.2,1,0,1,1,0,0,1,0,0
DATA,836000,-0.877286,0.479968,2500.0,8.158,8.170,7.743,73.9,2.698,94.0,25.2,1,0,1,1,0,0,1,0,0
DATA,838000,-0.877216,0.480096,2500.0,8.158,8.170,7.743,73.9,2.698,94.0,25.2,1,0,1,1,0,0,1,0,0
DATA,840000,-0.877146,0.480224,2500.0,8.159,8.174,7.743,73.9,2.698,94.0,25.2,1,0,1,0,0,0,1,0,0
DATA,842000,-0.877076,0.480351,2500.0,8.176,8.200,7.777,76.1,2.474,94.0,25.2,1,0,1,0,0,1,1,0,0
DATA,844000,-0.877007,0.480478,2500.0,8.193,8.218,7.777,76.1,2.250,94.0,25.2,1,0,1,0,1,0,1,0,0
DATA,846000,-0.876936,0.480606,2500.0,8.201,8.231,7.760,75.0,2.138,94.0,25.2,1,0,1,0,1,0,1,0,0
DATA,848000,-0.876866,0.480734,2500.0,8.208,8.239,7.760,75.0,2.024,94.0,25.2,1,0,1,0,1,0,1,0,0
DATA,850000,-0.876797,0.480861,2500.0,8.198,8.225,7.760,75.0,2.132,94.0,25.2,1,0,1,0,1,0,1,0,0
DATA,852000,-0.876727,0.480989,2500.0,8.189,8.218,7.761,75.1,2.239,94.0,25.2,1,0,1,0,1,0,1,0,0
DATA,854000,-0.876657,0.481117,2500.0,8.190,8.218,7.762,75.1,2.231,94.0,25.2,1,0,1,0,1,0,1,0,0
DATA,856000,-0.876587,0.481244,2500.0,8.191,8.220,7.762,75.1,2.225,94.0,25.2,1,0,1,0,1,0,1,0,0
DATA,858000,-0.876517,0.481371,2500.0,8.193,8.227,7.762,75.1,2.221,94.0,25.2,1,0,1,0,1,0,1,0,0
DATA,860000,-0.876447,0.481499,2500.0,8.193,8.227,7.762,75.1,2.216,94.0,25.2,1,0,1,0,1,0,1,0,0
DATA,862000,-0.876377,0.481626,2500.0,8.193,8.229,7.764,75.3,2.213,94.0,25.2,1,0,1,0,1,0,1,0,0
DATA,864000,-0.876307,0.481754,2500.0,8.195,8.233,7.770,75.6,2.209,94.0,25.2,1,0,1,0,1,0,1,0,0
DATA,866000,-0.876236,0.481881,2500.0,8.197,8.231,7.771,75.7,2.206,94.0,25.2,1,0,1,0,1,0,1,0,0
DATA,868000,-0.876166,0.482009,2500.0,8.200,8.231,7.771,75.7,2.203,94.0,25.2,1,0,1,0,1,0,1,0,0
DATA,870000,-0.876096,0.482136,2500.0,8.201,8.229,7.770,75.7,2.200,94.0,25.2,1,0,1,0,1,0,1,0,0
DATA,872000,-0.876026,0.482264,2500.0,8.200,8.227,7.770,75.6,2.198,94.0,25.2,1,0,1,0,1,0,1,0,0
DATA,874000,-0.875956,0.482391,2500.0,8.200,8.225,7.772,75.7,2.195,94.0,25.2,1,0,1,0,1,0,1,0,0
DATA,876000,-0.875886,0.482519,2500.0,8.200,8.225,7.771,75.7,2.193,94.0,25.2,1,0,1,0,1,0,1,0,0
DATA,878000,-0.875816,0.482646,2500.0,8.200,8.225,7.773,75.8,2.191,94.0,25.2,1,0,1,0,1,0,1,0,0
DATA,880000,-0.875745,0.482773,2500.0,8.201,8.222,7.773,75.8,2.188,94.0,25.2,1,0,1,0,1,0,1,0,0
DATA,882000,-0.875675,0.482900,2500.0,8.202,8.222,7.771,75.7,2.186,94.0,25.2,1,0,1,0,1,0,1,0,0
DATA,884000,-0.875605,0.483028,2500.0,8.209,8.231,7.779,76.2,2.136,94.0,25.2,1,0,1,0,0,0,1,0,0
DATA,886000,-0.875535,0.483155,2500.0,8.215,8.237,7.780,76.3,2.123,94.0,25.2,1,0,1,0,1,1,1,0,0
DATA,888000,-0.875464,0.483282,2500.0,8.215,8.243,7.773,75.8,2.123,94.0,25.2,1,0,1,0,1,1,1,0,0
DATA,890000,-0.875394,0.483410,2500.0,8.214,8.243,7.772,75.7,2.123,94.0,25.2,1,0,1,0,1,1,1,0,0
DATA,892000,-0.875324,0.483538,2500.0,8.212,8.241,7.779,76.2,2.121,94.0,25.2,1,0,1,0,0,1,1,0,0
DATA,894000,-0.875254,0.483664,2500.0,8.208,8.235,7.780,76.3,2.107,94.0,25.2,1,0,1,0,0,1,1,0,0
DATA,896000,-0.875183,0.483792,2500.0,8.217,8.235,7.782,76.4,2.048,94.0,25.2,1,0,1,0,0,1,1,0,0
DATA,898000,-0.875113,0.483919,2500.0,8.224,8.239,7.780,76.2,1.955,94.0,25.2,1,0,1,0,0,1,1,0,0
DATA,900000,-0.875042,0.484047,2500.0,8.195,8.239,7.707,71.7,2.377,94.0,25.2,1,0,1,0,0,1,1,0,0
DATA,902000,-0.874972,0.484174,2500.0,8.154,8.237,7.702,71.3,2.899,94.0,25.2,1,0,1,0,0,1,1,0,0
DATA,904000,-0.874902,0.484301,2500.0,8.110,8.241,7.699,71.2,3.406,94.0,25.2,1,0,1,0,0,1,1,0,0
DATA,906000,-0.874831,0.484428,2500.0,8.076,8.235,7.720,72.5,3.876,94.0,25.2,1,0,1,0,0,1,1,0,0
DATA,908000,-0.874760,0.484556,2500.0,8.105,8.237,7.778,76.1,3.382,94.0,25.2,1,0,1,0,0,1,1,0,0
DATA,910000,-0.874690,0.484682,2500.0,8.138,8.231,7.751,74.4,2.972,94.0,25.2,1,0,1,0,0,1,1,0,0
DATA,912000,-0.874620,0.484810,2500.0,8.144,8.222,7.710,71.8,2.916,94.0,25.2,1,0,1,0,0,1,1,0,0
DATA,914000,-0.874549,0.484937,2500.0,8.138,8.229,7.696,71.0,2.990,94.0,25.2,1,0,1,0,0,1,1,0,0
DATA,916000,-0.874479,0.485064,2500.0,8.122,8.225,7.758,74.9,3.304,94.0,25.2,1,0,1,0,0,1,1,0,0
DATA,918000,-0.874408,0.485191,2500.0,8.128,8.233,7.765,75.3,3.190,94.0,25.2,1,0,1,0,0,1,1,0,0
DATA,920000,-0.874337,0.485319,2500.0,8.117,8.245,7.699,71.2,3.249,94.0,25.2,1,0,1,0,0,1,1,0,0
DATA,922000,-0.874267,0.485445,2500.0,8.137,8.239,7.749,74.3,2.965,94.0,25.2,1,0,1,0,0,1,1,0,0
DATA,924000,-0.874196,0.485573,2500.0,8.133,8.235,7.706,71.6,3.148,94.0,25.2,1,0,1,0,0,1,1,0,0
DATA,926000,-0.874126,0.485700,2500.0,8.076,8.245,7.697,71.1,3.601,94.0,25.2,1,0,1,0,0,1,1,0,0
DATA,928000,-0.874055,0.485827,2500.0,8.089,8.222,7.706,71.6,3.586,94.0,25.2,1,0,1,0,0,1,1,0,0
DATA,930000,-0.873984,0.485954,2500.0,8.066,8.231,7.699,71.2,3.869,94.0,25.2,1,0,1,0,0,1,1,0,0
DATA,932000,-0.873914,0.486081,2500.0,8.057,8.233,7.700,71.2,3.887,94.0,25.2,1,0,1,0,0,1,1,0,0
DATA,934000,-0.873843,0.486208,2500.0,8.078,8.208,7.705,71.5,3.927,94.0,25.2,1,0,1,0,0,1,1,0,0
DATA,936000,-0.873772,0.486336,2500.0,8.079,8.200,7.701,71.3,3.899,94.0,25.2,1,0,1,0,0,1,1,0,0
DATA,938000,-0.873702,0.486462,2500.0,8.077,8.196,7.692,70.7,3.899,94.0,25.2,1,0,1,0,0,1,1,0,0
DATA,940000,-0.873631,0.486589,2500.0,8.074,8.200,7.693,70.8,3.908,94.0,25.2,1,0,1,0,0,1,1,0,0
DATA,942000,-0.873560,0.486717,2500.0,8.071,8.202,7.693,70.8,3.919,94.0,25.2,1,0,1,0,0,1,1,0,0
DATA,944000,-0.873489,0.486844,2500.0,8.059,8.222,7.690,70.6,3.952,94.0,25.2,1,0,1,0,0,1,1,0,0
DATA,946000,-0.873418,0.486971,2500.0,8.060,8.225,7.692,70.7,3.942,94.0,25.2,1,0,1,0,0,1,1,0,0
DATA,948000,-0.873348,0.487098,2500.0,8.058,8.229,7.693,70.8,3.939,94.0,25.2,1,0,1,0,0,1,1,0,0
DATA,950000,-0.873276,0.487225,2500.0,8.063,8.220,7.696,71.0,3.923,94.0,25.2,1,0,1,0,0,1,1,0,0
DATA,952000,-0.873206,0.487352,2500.0,8.071,8.202,7.693,70.8,3.894,94.0,25.2,1,0,1,0,0,1,1,0,0
DATA,954000,-0.873135,0.487479,2500.0,8.076,8.190,7.692,70.7,3.874,94.0,25.2,1,0,1,0,0,1,1,0,0
DATA,956000,-0.873064,0.487606,2500.0,8.082,8.176,7.692,70.8,3.867,94.0,25.2,1,0,1,0,0,1,1,0,0
DATA,958000,-0.872993,0.487733,2500.0,8.080,8.182,7.693,70.8,3.876,94.0,25.2,1,0,1,0,0,1,1,0,0
DATA,960000,-0.872922,0.487860,2500.0,8.069,8.200,7.692,70.8,3.908,94.0,25.2,1,0,1,0,0,1,1,0,0
DATA,962000,-0.872851,0.487986,2500.0,8.066,8.204,7.695,70.9,3.929,94.0,25.2,1,0,1,0,0,1,1,0,0
DATA,964000,-0.872780,0.488114,2500.0,8.064,8.204,7.691,70.7,3.932,94.0,25.2,1,0,1,0,0,1,1,0,0
DATA,966000,-0.872709,0.488241,2500.0,8.062,8.202,7.690,70.7,3.938,94.0,25.2,1,0,1,0,0,1,1,0,0
DATA,968000,-0.872638,0.488368,2500.0,8.061,8.204,7.691,70.7,3.941,94.0,25.2,1,0,1,0,0,1,1,0,0
DATA,970000,-0.872567,0.488494,2500.0,8.053,8.214,7.690,70.7,3.958,94.0,25.2,1,0,1,0,0,1,1,0,0
DATA,972000,-0.872496,0.488621,2500.0,8.049,8.220,7.690,70.7,3.953,94.0,25.2,1,0,1,0,0,1,1,0,0
DATA,974000,-0.872425,0.488748,2500.0,8.056,8.206,7.692,70.7,3.930,94.0,25.2,1,0,1,0,0,1,1,0,0
DATA,976000,-0.872354,0.488875,2500.0,8.055,8.206,7.692,70.7,3.930,94.0,25.2,1,0,1,0,0,1,1,0,0
DATA,978000,-0.872283,0.489002,2500.0,8.059,8.204,7.691,70.7,3.925,94.0,25.2,1,0,1,0,0,1,1,0,0
DATA,980000,-0.872212,0.489129,2500.0,8.062,8.198,7.690,70.7,3.922,94.0,25.2,1,0,1,0,0,1,1,0,0
DATA,982000,-0.872140,0.489256,2500.0,8.061,8.198,7.691,70.7,3.932,94.0,25.2,1,0,1,0,0,1,1,0,0
DATA,984000,-0.872069,0.489383,2500.0,8.062,8.198,7.689,70.5,3.920,94.0,25.2,1,0,1,0,0,1,1,0,0
DATA,986000,-0.871998,0.489509,2500.0,8.062,8.196,7.690,70.6,3.907,94.0,25.2,1,0,1,0,0,1,1,0,0
DATA,988000,-0.871927,0.489636,2500.0,8.061,8.200,7.691,70.7,3.904,94.0,25.2,1,0,1,0,0,1,1,0,0
DATA,990000,-0.871856,0.489763,2500.0,8.064,8.198,7.691,70.7,3.890,94.0,25.2,1,0,1,0,0,1,1,0,0
DATA,992000,-0.871784,0.489890,2500.0,8.074,8.178,7.689,70.6,3.871,94.0,25.2,1,0,1,0,0,1,1,0,0
DATA,994000,-0.871713,0.490017,2500.0,8.080,8.168,7.690,70.6,3.861,94.0,25.2,1,0,1,0,0,1,1,0,0
DATA,996000,-0.871642,0.490143,2500.0,8.081,8.170,7.688,70.5,3.869,94.0,25.2,1,0,1,0,0,1,1,0,0
DATA,998000,-0.871571,0.490270,2500.0,8.080,8.170,7.689,70.6,3.865,94.0,25.2,1,0,1,0,0,1,1,0,0
DATA,1000000,-0.871499,0.490397,2500.0,8.079,8.172,7.688,70.5,3.872,94.0,25.2,1,0,1,0,0,1,1,0,0
DATA,1002000,-0.871428,0.490524,2500.0,8.079,8.172,7.689,70.6,3.886,94.0,25.2,1,0,1,0,0,1,1,0,0
DATA,1004000,-0.871357,0.490650,2500.0,8.082,8.164,7.692,70.7,3.879,94.0,25.2,1,0,1,0,0,1,1,0,0
DATA,1006000,-0.871285,0.490777,2500.0,8.082,8.162,7.691,70.7,3.880,94.0,25.2,1,0,1,0,0,1,1,0,0
DATA,1008000,-0.871214,0.490904,2500.0,8.078,8.166,7.690,70.6,3.883,94.0,25.2,1,0,1,0,0,1,1,0,0
DATA,1010000,-0.871142,0.491031,2500.0,8.076,8.168,7.690,70.6,3.869,94.0,25.2,1,0,1,0,0,1,1,0,0
DATA,1012000,-0.871071,0.491157,2500.0,8.071,8.176,7.690,70.6,3.880,94.0,25.2,1,0,1,0,0,1,1,0,0
DATA,1014000,-0.871000,0.491284,2500.0,8.065,8.190,7.690,70.7,3.910,94.0,25.2,1,0,1,0,0,1,1,0,0
DATA,1016000,-0.870928,0.491411,2500.0,8.064,8.198,7.690,70.6,3.930,94.0,25.2,1,0,1,0,0,1,1,0,0
DATA,1018000,-0.870856,0.491538,2500.0,8.058,8.208,7.688,70.5,3.931,94.0,25.2,1,0,1,0,0,1,1,0,0
DATA,1020000,-0.870785,0.491664,2500.0,8.058,8.210,7.688,70.5,3.923,94.0,25.2,1,0,1,0,0,1,1,0,0
DATA,1022000,-0.870714,0.491790,2500.0,8.055,8.218,7.688,70.5,3.929,94.0,25.2,1,0,1,0,0,1,1,0,0
DATA,1024000,-0.870642,0.491918,2500.0,8.052,8.222,7.687,70.4,3.931,94.0,25.2,1,0,1,0,0,1,1,0,0
DATA,1026000,-0.870570,0.492044,2500.0,8.052,8.220,7.687,70.5,3.917,94.0,25.2,1,0,1,0,0,1,1,0,0
DATA,1028000,-0.870499,0.492170,2500.0,8.051,8.214,7.686,70.4,3.919,94.0,25.2,1,0,1,0,0,1,1,0,0
DATA,1030000,-0.870427,0.492297,2500.0,8.055,8.200,7.684,70.3,3.911,94.0,25.2,1,0,1,0,0,1,1,0,0
DATA,1032000,-0.870355,0.492424,2500.0,8.062,8.186,7.686,70.4,3.881,94.0,25.2,1,0,1,0,0,1,1,0,0
DATA,1034000,-0.870284,0.492551,2500.0,8.066,8.174,7.688,70.5,3.879,94.0,25.2,1,0,1,0,0,1,1,0,0
DATA,1036000,-0.870212,0.492677,2500.0,8.060,8.192,7.689,70.5,3.905,94.0,25.2,1,0,1,0,0,1,1,0,0
DATA,1038000,-0.870141,0.492804,2500.0,8.055,8.204,7.690,70.6,3.923,94.0,25.2,1,0,1,0,0,1,1,0,0
DATA,1040000,-0.870069,0.492930,2500.0,8.055,8.204,7.688,70.5,3.923,94.0,25.2,1,0,1,0,0,1,1,0,0
DATA,1042000,-0.869997,0.493057,2500.0,8.054,8.208,7.687,70.4,3.937,94.0,25.2,1,0,1,0,0,1,1,0,0
DATA,1044000,-0.869926,0.493183,2500.0,8.054,8.206,7.687,70.5,3.935,94.0,25.2,1,0,1,0,0,1,1,0,0
DATA,1046000,-0.869854,0.493310,2500.0,8.054,8.206,7.689,70.5,3.935,94.0,25.2,1,0,1,0,0,1,1,0,0
DATA,1048000,-0.869782,0.493436,2500.0,8.048,8.218,7.690,70.6,3.961,94.0,25.2,1,0,1,0,0,1,1,0,0
DATA,1050000,-0.869710,0.493563,2500.0,8.047,8.222,7.689,70.6,3.945,94.0,25.2,1,0,1,0,0,1,1,0,0
DATA,1052000,-0.869639,0.493689,2500.0,8.045,8.227,7.688,70.5,3.941,94.0,25.2,1,0,1,0,0,1,1,0,0
DATA,1054000,-0.869567,0.493816,2500.0,8.046,8.225,7.686,70.4,3.933,94.0,25.2,1,0,1,0,0,1,1,0,0
DATA,1056000,-0.869495,0.493942,2500.0,8.043,8.229,7.686,70.4,3.934,94.0,25.2,1,0,1,0,0,1,1,0,0
DATA,1058000,-0.869423,0.494069,2500.0,8.042,8.231,7.686,70.4,3.960,94.0,25.2,1,0,1,0,0,1,1,0,0
DATA,1060000,-0.869351,0.494195,2500.0,8.047,8.220,7.688,70.5,3.951,94.0,25.2,1,0,1,0,0,1,1,0,0
DATA,1062000,-0.869279,0.494321,2500.0,8.051,8.216,7.685,70.3,3.947,94.0,25.2,1,0,1,0,0,1,1,0,0
DATA,1064000,-0.869208,0.494447,2500.0,8.056,8.206,7.688,70.5,3.929,94.0,25.2,1,0,1,0,0,1,1,0,0
DATA,1066000,-0.869135,0.494574,2500.0,8.062,8.192,7.689,70.6,3.901,94.0,25.2,1,0,1,0,0,1,1,0,0
DATA,1068000,-0.869063,0.494701,2500.0,8.058,8.204,7.687,70.4,3.917,94.0,25.2,1,0,1,0,0,1,1,0,0
DATA,1070000,-0.868991,0.494827,2500.0,8.053,8.214,7.687,70.4,3.929,94.0,25.7,1,0,1,0,0,1,1,0,0
DATA,1072000,-0.868920,0.494953,2500.0,8.052,8.218,7.686,70.4,3.946,94.0,25.7,1,0,1,0,0,1,1,0,0
DATA,1074000,-0.868847,0.495080,2500.0,8.048,8.229,7.687,70.4,3.947,94.0,25.7,1,0,1,0,0,1,1,0,0
DATA,1076000,-0.868775,0.495206,2500.0,8.054,8.216,7.688,70.5,3.933,94.0,25.7,1,0,1,0,0,1,1,0,0
DATA,1078000,-0.868703,0.495333,2500.0,8.054,8.212,7.685,70.3,3.931,94.0,25.7,1,0,1,0,0,1,1,0,0
DATA,1080000,-0.868632,0.495458,2500.0,8.054,8.210,7.688,70.5,3.928,94.0,25.7,1,0,1,0,0,1,1,0,0
DATA,1082000,-0.868559,0.495585,2500.0,8.053,8.208,7.684,70.2,3.928,94.0,25.7,1,0,1,0,0,1,1,0,0
DATA,1084000,-0.868487,0.495712,2500.0,8.059,8.198,7.687,70.4,3.912,94.0,25.7,1,0,1,0,0,1,1,0,0
DATA,1086000,-0.868415,0.495838,2500.0,8.059,8.196,7.688,70.5,3.913,94.0,25.7,1,0,1,0,0,1,1,0,0
DATA,1088000,-0.868343,0.495964,2500.0,8.054,8.204,7.689,70.5,3.920,94.0,25.7,1,0,1,0,0,1,1,0,0
DATA,1090000,-0.868271,0.496090,2500.0,8.049,8.212,7.687,70.4,3.935,94.0,25.7,1,0,1,0,0,1,1,0,0
DATA,1092000,-0.868199,0.496217,2500.0,8.045,8.216,7.690,70.6,3.941,94.0,25.7,1,0,1,0,0,1,1,0,0
DATA,1094000,-0.868127,0.496343,2500.0,8.043,8.216,7.689,70.5,3.941,94.0,25.7,1,0,1,0,0,1,1,0,0
DATA,1096000,-0.868055,0.496469,2500.0,8.048,8.208,7.689,70.5,3.934,94.0,25.7,1,0,1,0,0,1,1,0,0
DATA,1098000,-0.867982,0.496595,2500.0,8.056,8.198,7.690,70.6,3.912,94.0,25.7,1,0,1,0,0,1,1,0,0
DATA,1100000,-0.867910,0.496722,2500.0,8.060,8.196,7.689,70.5,3.909,94.0,25.7,1,0,1,0,0,1,1,0,0
DATA,1102000,-0.867838,0.496848,2500.0,8.067,8.190,7.687,70.4,3.892,94.0,25.7,1,0,1,0,0,1,1,0,0
DATA,1104000,-0.867766,0.496974,2500.0,8.073,8.182,7.691,70.7,3.868,94.0,25.7,1,0,1,0,0,1,1,0,0
DATA,1106000,-0.867693,0.497100,2500.0,8.067,8.194,7.690,70.6,3.883,94.0,25.7,1,0,1,0,0,1,1,0,0
DATA,1108000,-0.867621,0.497226,2500.0,8.062,8.202,7.688,70.5,3.909,94.0,25.7,1,0,1,0,0,1,1,0,0
DATA,1110000,-0.867548,0.497353,2500.0,8.052,8.216,7.690,70.6,3.936,94.0,25.7,1,0,1,0,0,1,1,0,0
DATA,1112000,-0.867476,0.497479,2500.0,8.046,8.229,7.686,70.4,3.939,94.0,25.7,1,0,1,0,0,1,1,0,0
DATA,1114000,-0.867404,0.497605,2500.0,8.054,8.210,7.688,70.5,3.924,94.0,25.7,1,0,1,0,0,1,1,0,0
DATA,1116000,-0.867331,0.497731,2500.0,8.056,8.204,7.688,70.5,3.903,94.0,25.7,1,0,1,0,0,1,1,0,0
DATA,1118000,-0.867259,0.497857,2500.0,8.062,8.188,7.689,70.5,3.876,94.0,25.7,1,0,1,0,0,1,1,0,0
DATA,1120000,-0.867186,0.497984,2500.0,8.066,8.172,7.688,70.5,3.884,94.0,25.7,1,0,1,0,0,1,1,0,0
DATA,1122000,-0.867114,0.498109,2500.0,8.060,8.178,7.686,70.4,3.891,94.0,25.7,1,0,1,0,0,1,1,0,0
DATA,1124000,-0.867042,0.498236,2500.0,8.064,8.166,7.688,70.5,3.881,94.0,25.7,1,0,1,0,0,1,1,0,0
DATA,1126000,-0.866969,0.498362,2500.0,8.065,8.162,7.687,70.4,3.883,94.0,25.7,1,0,1,0,0,1,1,0,0
DATA,1128000,-0.866897,0.498488,2500.0,8.066,8.162,7.687,70.4,3.873,94.0,25.7,1,0,1,0,0,1,1,0,0
DATA,1130000,-0.866824,0.498614,2500.0,8.068,8.164,7.687,70.4,3.877,94.0,25.7,1,0,1,0,0,1,1,0,0
DATA,1132000,-0.866752,0.498740,2500.0,8.063,8.180,7.688,70.5,3.890,94.0,25.7,1,0,1,0,0,1,1,0,0
DATA,1134000,-0.866679,0.498866,2500.0,8.062,8.190,7.687,70.4,3.901,94.0,25.7,1,0,1,0,0,1,1,0,0
DATA,1136000,-0.866606,0.498992,2500.0,8.063,8.192,7.688,70.5,3.902,94.0,25.7,1,0,1,0,0,1,1,0,0
DATA,1138000,-0.866534,0.499118,2500.0,8.065,8.188,7.687,70.4,3.895,94.0,25.7,1,0,1,0,0,1,1,0,0
DATA,1140000,-0.866461,0.499244,2500.0,8.071,8.174,7.690,70.6,3.884,94.0,25.7,1,0,1,0,0,1,1,0,0
DATA,1142000,-0.866389,0.499370,2500.0,8.068,8.176,7.684,70.2,3.887,94.0,25.7,1,0,1,0,0,1,1,0,0
DATA,1144000,-0.866316,0.499496,2500.0,8.067,8.174,7.689,70.5,3.886,94.0,25.7,1,0,1,0,0,1,1,0,0
DATA,1146000,-0.866244,0.499622,2500.0,8.063,8.180,7.687,70.4,3.893,94.0,25.7,1,0,1,0,0,1,1,0,0
DATA,1148000,-0.866171,0.499748,2500.0,8.052,8.200,7.686,70.4,3.920,94.0,25.7,1,0,1,0,0,1,1,0,0
DATA,1150000,-0.866098,0.499874,2500.0,8.057,8.190,7.687,70.4,3.907,94.0,25.7,1,0,1,0,0,1,1,0,0
DATA,1152000,-0.866025,0.500000,2500.0,8.058,8.192,7.686,70.4,3.909,94.0,25.7,1,0,1,0,0,1,1,0,0
DATA,1154000,-0.865953,0.500126,2500.0,8.058,8.192,7.686,70.4,3.909,94.0,25.7,1,0,1,0,0,1,1,0,0
DATA,1156000,-0.865880,0.500252,2500.0,8.058,8.190,7.689,70.5,3.903,94.0,25.7,1,0,1,0,0,1,1,0,0
DATA,1158000,-0.865807,0.500378,2500.0,8.058,8.188,7.687,70.5,3.898,94.0,25.7,1,0,1,0,0,1,1,0,0
DATA,1160000,-0.865734,0.500504,2500.0,8.059,8.190,7.690,70.6,3.901,94.0,25.7,1,0,1,0,0,1,1,0,0
DATA,1162000,-0.865662,0.500630,2500.0,8.056,8.196,7.686,70.4,3.915,94.0,25.7,1,0,1,0,0,1,1,0,0
DATA,1164000,-0.865589,0.500756,2500.0,8.058,8.192,7.692,70.8,3.902,94.0,25.7,1,0,1,0,0,1,1,0,0
DATA,1166000,-0.865516,0.500882,2500.0,8.060,8.192,7.688,70.5,3.898,94.0,25.7,1,0,1,0,0,1,1,0,0
DATA,1168000,-0.865443,0.501008,2500.0,8.059,8.188,7.688,70.5,3.905,94.0,25.7,1,0,1,0,0,1,1,0,0
DATA,1170000,-0.865370,0.501133,2500.0,8.061,8.178,7.686,70.4,3.891,94.0,25.7,1,0,1,0,0,1,1,0,0
DATA,1172000,-0.865297,0.501259,2500.0,8.062,8.178,7.688,70.5,3.892,94.0,25.7,1,0,1,0,0,1,1,0,0
DATA,1174000,-0.865224,0.501385,2500.0,8.056,8.188,7.690,70.6,3.910,94.0,25.7,1,0,1,0,0,1,1,0,0
DATA,1176000,-0.865151,0.501511,2500.0,8.057,8.190,7.690,70.6,3.901,94.0,25.7,1,0,1,0,0,1,1,0,0
DATA,1178000,-0.865078,0.501637,2500.0,8.054,8.200,7.689,70.5,3.919,94.0,25.7,1,0,1,0,0,1,1,0,0
DATA,1180000,-0.865005,0.501763,2500.0,8.051,8.206,7.689,70.5,3.924,94.0,25.7,1,0,1,0,0,1,1,0,0
DATA,1182000,-0.864932,0.501888,2500.0,8.058,8.192,7.686,70.4,3.915,94.0,25.7,1,0,1,0,0,1,1,0,0
DATA,1184000,-0.864859,0.502014,2500.0,8.056,8.192,7.691,70.7,3.917,94.0,25.7,1,0,1,0,0,1,1,0,0
DATA,1186000,-0.864786,0.502140,2500.0,8.063,8.174,7.687,70.4,3.898,94.0,25.7,1,0,1,0,0,1,1,0,0
DATA,1188000,-0.864713,0.502266,2500.0,8.069,8.153,7.689,70.5,3.882,94.0,25.7,1,0,1,0,0,1,1,0,0
DATA,1190000,-0.864640,0.502391,2500.0,8.064,8.160,7.688,70.5,3.887,94.0,25.7,1,0,1,0,0,1,1,0,0
DATA,1192000,-0.864567,0.502517,2500.0,8.056,8.174,7.687,70.4,3.894,94.0,25.7,1,0,1,0,0,1,1,0,0
DATA,1194000,-0.864494,0.502643,2500.0,8.056,8.178,7.689,70.5,3.890,94.0,25.7,1,0,1,0,0,1,1,0,0
DATA,1196000,-0.864421,0.502769,2500.0,8.057,8.182,7.688,70.5,3.887,94.0,25.7,1,0,1,0,0,1,1,0,0
DATA,1198000,-0.864348,0.502894,2500.0,8.063,8.174,7.689,70.5,3.872,94.0,25.7,1,0,1,0,0,1,1,0,0
DATA,1200000,-0.864275,0.503020,2500.0,8.069,8.168,7.685,70.3,3.877,94.0,25.7,1,0,1,0,0,1,1,0,0
DATA,1202000,-0.864202,0.503146,2500.0,8.071,8.168,7.688,70.5,3.876,94.0,25.7,1,0,1,0,0,1,1,0,0
DATA,1204000,-0.864128,0.503271,2500.0,8.066,8.176,7.687,70.5,3.880,94.0,25.7,1,0,1,0,0,1,1,0,0
DATA,1206000,-0.864055,0.503397,2500.0,8.060,8.188,7.686,70.4,3.896,94.0,25.7,1,0,1,0,0,1,1,0,0
DATA,1208000,-0.863982,0.503523,2500.0,8.064,8.182,7.690,70.6,3.896,94.0,25.7,1,0,1,0,0,1,1,0,0
DATA,1210000,-0.863909,0.503648,2500.0,8.059,8.190,7.687,70.4,3.909,94.0,25.7,1,0,1,0,0,1,1,0,0
DATA,1212000,-0.863835,0.503774,2500.0,8.062,8.180,7.688,70.5,3.904,94.0,25.7,1,0,1,0,0,1,1,0,0
DATA,1214000,-0.863762,0.503899,2500.0,8.063,8.180,7.690,70.6,3.901,94.0,25.7,1,0,1,0,0,1,1,0,0
DATA,1216000,-0.863689,0.504025,2500.0,8.059,8.186,7.686,70.4,3.899,94.0,25.7,1,0,1,0,0,1,1,0,0
DATA,1218000,-0.863616,0.504151,2500.0,8.061,8.176,7.687,70.4,3.890,94.0,25.7,1,0,1,0,0,1,1,0,0
DATA,1220000,-0.863542,0.504277,2500.0,8.057,8.186,7.687,70.4,3.896,94.0,25.7,1,0,1,0,0,1,1,0,0
DATA,1222000,-0.863469,0.504402,2500.0,8.052,8.194,7.686,70.4,3.909,94.0,25.7,1,0,1,0,0,1,1,0,0
DATA,1224000,-0.863396,0.504528,2500.0,8.056,8.186,7.687,70.4,3.905,94.0,25.7,1,0,1,0,0,1,1,0,0
DATA,1226000,-0.863322,0.504653,2500.0,8.054,8.196,7.686,70.4,3.909,94.0,25.7,1,0,1,0,0,1,1,0,0
DATA,1228000,-0.863249,0.504779,2500.0,8.050,8.204,7.687,70.4,3.913,94.0,25.7,1,0,1,0,0,1,1,0,0
DATA,1230000,-0.863175,0.504905,2500.0,8.048,8.208,7.689,70.6,3.916,94.0,25.7,1,0,1,0,0,1,1,0,0
DATA,1232000,-0.863102,0.505030,2500.0,8.044,8.218,7.687,70.4,3.928,94.0,25.7,1,0,1,0,0,1,1,0,0
DATA,1234000,-0.863028,0.505155,2500.0,8.050,8.206,7.687,70.4,3.913,94.0,25.7,1,0,1,0,0,1,1,0,0
DATA,1236000,-0.862955,0.505281,2500.0,8.058,8.190,7.687,70.5,3.908,94.0,25.7,1,0,1,0,0,1,1,0,0
DATA,1238000,-0.862881,0.505407,2500.0,8.058,8.196,7.683,70.2,3.905,94.0,25.7,1,0,1,0,0,1,1,0,0
DATA,1240000,-0.862808,0.505532,2500.0,8.063,8.186,7.689,70.5,3.884,94.0,25.7,1,0,1,0,0,1,1,0,0
DATA,1242000,-0.862734,0.505657,2500.0,8.060,8.194,7.687,70.4,3.900,94.0,25.7,1,0,1,0,0,1,1,0,0
DATA,1244000,-0.862661,0.505783,2500.0,8.050,8.212,7.689,70.6,3.908,94.0,25.7,1,0,1,0,0,1,1,0,0
DATA,1246000,-0.862587,0.505909,2500.0,8.049,8.202,7.685,70.3,3.909,94.0,25.7,1,0,1,0,0,1,1,0,0
DATA,1248000,-0.862514,0.506034,2500.0,8.047,8.200,7.686,70.4,3.912,94.0,25.7,1,0,1,0,0,1,1,0,0
DATA,1250000,-0.862440,0.506159,2500.0,8.046,8.204,7.686,70.4,3.906,94.0,25.7,1,0,1,0,0,1,1,0,0
DATA,1252000,-0.862366,0.506285,2500.0,8.054,8.182,7.687,70.4,3.898,94.0,25.7,1,0,1,0,0,1,1,0,0
DATA,1254000,-0.862293,0.506410,2500.0,8.055,8.176,7.687,70.4,3.902,94.0,25.7,1,0,1,0,0,1,1,0,0
DATA,1256000,-0.862219,0.506535,2500.0,8.050,8.182,7.687,70.4,3.904,94.0,25.7,1,0,1,0,0,1,1,0,0
DATA,1258000,-0.862145,0.506661,2500.0,8.050,8.174,7.683,70.2,3.895,94.0,25.7,1,0,1,0,0,1,1,0,0
DATA,1260000,-0.862072,0.506787,2500.0,8.051,8.178,7.692,70.8,3.893,94.0,25.7,1,0,1,0,0,1,1,0,0
DATA,1262000,-0.861998,0.506912,2500.0,8.045,8.198,7.686,70.4,3.902,94.0,25.7,1,0,1,0,0,1,1,0,0
DATA,1264000,-0.861924,0.507037,2500.0,8.056,8.182,7.690,70.6,3.889,94.0,25.7,1,0,1,0,0,1,1,0,0
DATA,1266000,-0.861851,0.507162,2500.0,8.055,8.188,7.685,70.3,3.898,94.0,25.7,1,0,1,0,0,1,1,0,0
DATA,1268000,-0.861777,0.507288,2500.0,8.054,8.188,7.688,70.5,3.909,94.0,25.7,1,0,1,0,0,1,1,0,0
DATA,1270000,-0.861703,0.507413,2500.0,8.058,8.178,7.689,70.6,3.889,94.0,25.7,1,0,1,0,0,1,1,0,0
DATA,1272000,-0.861629,0.507538,2500.0,8.057,8.176,7.689,70.6,3.893,94.0,25.7,1,0,1,0,0,1,1,0,0
DATA,1274000,-0.861555,0.507664,2500.0,8.056,8.176,7.686,70.4,3.903,94.0,25.7,1,0,1,0,0,1,1,0,0
DATA,1276000,-0.861481,0.507789,2500.0,8.052,8.182,7.688,70.5,3.903,94.0,25.7,1,0,1,0,0,1,1,0,0
DATA,1278000,-0.861407,0.507915,2500.0,8.055,8.176,7.688,70.5,3.909,94.0,25.7,1,0,1,0,0,1,1,0,0
DATA,1280000,-0.861334,0.508039,2500.0,8.052,8.184,7.686,70.4,3.916,94.0,25.7,1,0,1,0,0,1,1,0,0
DATA,1282000,-0.861260,0.508165,2500.0,8.049,8.186,7.682,70.1,3.912,94.0,25.7,1,0,1,0,0,1,1,0,0
DATA,1284000,-0.861186,0.508290,2500.0,8.050,8.182,7.688,70.5,3.914,94.0,25.7,1,0,1,0,0,1,1,0,0
DATA,1286000,-0.861112,0.508416,2500.0,8.053,8.172,7.686,70.4,3.902,94.0,25.7,1,0,1,0,0,1,1,0,0
DATA,1288000,-0.861038,0.508540,2500.0,8.052,8.174,7.687,70.4,3.897,94.0,25.7,1,0,1,0,0,1,1,0,0
DATA,1290000,-0.860964,0.508666,2500.0,8.057,8.166,7.688,70.5,3.882,94.0,25.7,1,0,1,0,0,1,1,0,0
DATA,1292000,-0.860890,0.508791,2500.0,8.061,8.160,7.688,70.5,3.869,94.0,25.7,1,0,1,0,0,1,1,0,0
DATA,1294000,-0.860816,0.508916,2500.0,8.050,8.184,7.687,70.4,3.894,94.0,25.7,1,0,1,0,0,1,1,0,0
DATA,1296000,-0.860742,0.509042,2500.0,8.050,8.184,7.685,70.3,3.901,94.0,25.7,1,0,1,0,0,1,1,0,0
DATA,1298000,-0.860668,0.509167,2500.0,8.042,8.200,7.686,70.4,3.920,94.0,25.7,1,0,1,0,0,1,1,0,0
DATA,1300000,-0.860594,0.509292,2500.0,8.042,8.202,7.688,70.5,3.926,94.0,25.7,1,0,1,0,0,1,1,0,0
DATA,1302000,-0.860520,0.509417,2500.0,8.051,8.182,7.686,70.4,3.913,94.0,25.7,1,0,1,0,0,1,1,0,0
DATA,1304000,-0.860446,0.509542,2500.0,8.057,8.172,7.688,70.5,3.911,94.0,25.7,1,0,1,0,0,1,1,0,0
DATA,1306000,-0.860372,0.509667,2500.0,8.064,8.157,7.685,70.3,3.902,94.0,25.7,1,0,1,0,0,1,1,0,0
DATA,1308000,-0.860297,0.509793,2500.0,8.056,8.174,7.687,70.5,3.909,94.0,25.7,1,0,1,0,0,1,1,0,0
DATA,1310000,-0.860223,0.509918,2500.0,8.060,8.170,7.686,70.4,3.897,94.0,25.7,1,0,1,0,0,1,1,0,0
DATA,1312000,-0.860149,0.510043,2500.0,8.050,8.184,7.686,70.4,3.911,94.0,25.7,1,0,1,0,0,1,1,0,0
DATA,1314000,-0.860075,0.510168,2500.0,8.049,8.184,7.689,70.5,3.907,94.0,25.7,1,0,1,0,0,1,1,0,0
DATA,1316000,-0.860001,0.510293,2500.0,8.058,8.168,7.688,70.5,3.898,94.0,25.7,1,0,1,0,0,1,1,0,0
DATA,1318000,-0.859926,0.510418,2500.0,8.059,8.168,7.688,70.5,3.909,94.0,25.7,1,0,1,0,0,1,1,0,0
DATA,1320000,-0.859852,0.510543,2500.0,8.066,8.153,7.687,70.4,3.888,94.0,25.7,1,0,1,0,0,1,1,0,0
DATA,1322000,-0.859778,0.510668,2500.0,8.059,8.174,7.687,70.4,3.894,94.0,25.7,1,0,1,0,0,1,1,0,0
DATA,1324000,-0.859704,0.510793,2500.0,8.059,8.176,7.690,70.6,3.893,94.0,25.7,1,0,1,0,0,1,1,0,0
DATA,1326000,-0.859629,0.510918,2500.0,8.055,8.186,7.686,70.4,3.894,94.0,25.7,1,0,1,0,0,1,1,0,0
DATA,1328000,-0.859555,0.511043,2500.0,8.046,8.204,7.684,70.2,3.916,94.0,25.7,1,0,1,0,0,1,1,0,0
DATA,1330000,-0.859481,0.511168,2500.0,8.047,8.196,7.685,70.3,3.915,94.0,25.7,1,0,1,0,0,1,1,0,0
DATA,1332000,-0.859406,0.511293,2500.0,8.041,8.202,7.686,70.4,3.930,94.0,25.7,1,0,1,0,0,1,1,0,0
DATA,1334000,-0.859332,0.511418,2500.0,8.039,8.200,7.686,70.4,3.928,94.0,25.7,1,0,1,0,0,1,1,0,0
DATA,1336000,-0.859258,0.511543,2500.0,8.044,8.190,7.688,70.5,3.906,94.0,25.7,1,0,1,0,0,1,1,0,0
DATA,1338000,-0.859183,0.511668,2500.0,8.053,8.170,7.687,70.4,3.898,94.0,25.7,1,0,1,0,0,1,1,0,0
DATA,1340000,-0.859109,0.511793,2500.0,8.057,8.160,7.688,70.5,3.883,94.0,25.7,1,0,1,0,0,1,1,0,0
DATA,1342000,-0.859034,0.511918,2500.0,8.052,8.176,7.683,70.2,3.885,94.0,25.7,1,0,1,0,0,1,1,0,0
DATA,1344000,-0.858960,0.512043,2500.0,8.051,8.178,7.687,70.4,3.884,94.0,25.7,1,0,1,0,0,1,1,0,0
DATA,1346000,-0.858885,0.512168,2500.0,8.052,8.180,7.688,70.5,3.876,94.0,25.7,1,0,1,0,0,1,1,0,0
DATA,1348000,-0.858811,0.512293,2500.0,8.052,8.182,7.685,70.3,3.879,94.0,25.7,1,0,1,0,0,1,1,0,0
DATA,1350000,-0.858736,0.512418,2500.0,8.062,8.151,7.687,70.4,3.867,94.0,25.7,1,0,1,0,0,1,1,0,0
DATA,1352000,-0.858662,0.512542,2500.0,8.064,8.141,7.685,70.3,3.873,94.0,25.7,1,0,1,0,0,1,1,0,0
DATA,1354000,-0.858587,0.512667,2500.0,8.057,8.147,7.684,70.3,3.889,94.0,25.7,1,0,1,0,0,1,1,0,0
DATA,1356000,-0.858513,0.512793,2500.0,8.057,8.143,7.686,70.4,3.890,94.0,25.7,1,0,1,0,0,1,1,0,0
DATA,1358000,-0.858438,0.512917,2500.0,8.047,8.172,7.683,70.2,3.908,94.0,25.7,1,0,1,0,0,1,1,0,0
DATA,1360000,-0.858364,0.513042,2500.0,8.049,8.170,7.683,70.2,3.900,94.0,26.1,1,0,1,0,0,1,1,0,0
DATA,1362000,-0.858289,0.513167,2500.0,8.039,8.194,7.680,70.0,3.913,94.0,26.1,1,0,1,0,0,1,1,0,0
DATA,1364000,-0.858214,0.513292,2500.0,8.042,8.200,7.689,70.6,3.913,94.0,26.1,1,0,1,0,0,1,1,0,0
DATA,1366000,-0.858140,0.513416,2500.0,8.044,8.206,7.688,70.5,3.909,94.0,26.1,1,0,1,0,0,1,1,0,0
DATA,1368000,-0.858065,0.513541,2500.0,8.057,8.186,7.688,70.5,3.895,94.0,26.1,1,0,1,0,0,1,1,0,0
DATA,1370000,-0.857990,0.513666,2500.0,8.056,8.192,7.674,69.6,3.896,94.0,26.1,1,0,1,0,0,1,1,0,0
DATA,1372000,-0.857915,0.513791,2500.0,8.056,8.192,7.683,70.2,3.898,94.0,26.1,1,0,1,0,0,1,1,0,0
DATA,1374000,-0.857841,0.513916,2500.0,8.055,8.190,7.686,70.4,3.896,94.0,26.1,1,0,1,0,0,1,1,0,0
DATA,1376000,-0.857766,0.514040,2500.0,8.054,8.186,7.685,70.3,3.905,94.0,26.1,1,0,1,0,0,1,1,0,0
DATA,1378000,-0.857691,0.514165,2500.0,8.065,8.157,7.682,70.1,3.894,94.0,26.1,1,0,1,0,0,1,1,0,0
DATA,1380000,-0.857616,0.514290,2500.0,8.068,8.145,7.690,70.6,3.882,94.0,26.1,1,0,1,0,0,1,1,0,0
DATA,1382000,-0.857542,0.514414,2500.0,8.065,8.141,7.687,70.5,3.879,94.0,26.1,1,0,1,0,0,1,1,0,0
DATA,1384000,-0.857467,0.514539,2500.0,8.059,8.149,7.683,70.2,3.887,94.0,26.1,1,0,1,0,0,1,1,0,0
DATA,1386000,-0.857392,0.514664,2500.0,8.052,8.160,7.682,70.1,3.905,94.0,26.1,1,0,1,0,0,1,1,0,0
DATA,1388000,-0.857317,0.514789,2500.0,8.048,8.166,7.687,70.4,3.907,94.0,26.1,1,0,1,0,0,1,1,0,0
DATA,1390000,-0.857242,0.514913,2500.0,8.043,8.184,7.685,70.3,3.917,94.0,26.1,1,0,1,0,0,1,1,0,0
DATA,1392000,-0.857167,0.515038,2500.0,8.035,8.204,7.677,69.8,3.914,94.0,26.1,1,0,1,0,0,1,1,0,0
DATA,1394000,-0.857092,0.515163,2500.0,8.043,8.196,7.687,70.4,3.897,94.0,26.1,1,0,1,0,0,1,1,0,0
DATA,1396000,-0.857017,0.515288,2500.0,8.045,8.198,7.688,70.5,3.898,94.0,26.1,1,0,1,0,0,1,1,0,0
DATA,1398000,-0.856943,0.515412,2500.0,8.049,8.194,7.686,70.4,3.899,94.0,26.1,1,0,1,0,0,1,1,0,0
DATA,1400000,-0.856867,0.515537,2500.0,8.062,8.168,7.685,70.3,3.887,94.0,26.1,1,0,1,0,0,1,1,0,0
DATA,1402000,-0.856792,0.515661,2500.0,8.058,8.178,7.683,70.2,3.898,94.0,26.1,1,0,1,0,0,1,1,0,0
DATA,1404000,-0.856717,0.515786,2500.0,8.057,8.178,7.686,70.4,3.913,94.0,26.1,1,0,1,0,0,1,1,0,0
DATA,1406000,-0.856643,0.515910,2500.0,8.061,8.164,7.686,70.4,3.901,94.0,26.1,1,0,1,0,0,1,1,0,0
DATA,1408000,-0.856567,0.516035,2500.0,8.045,8.198,7.677,69.8,3.916,94.0,26.1,1,0,1,0,0,1,1,0,0
DATA,1410000,-0.856492,0.516160,2500.0,8.049,8.190,7.688,70.5,3.905,94.0,26.1,1,0,1,0,0,1,1,0,0
DATA,1412000,-0.856417,0.516284,2500.0,8.050,8.190,7.686,70.4,3.890,94.0,26.1,1,0,1,0,0,1,1,0,0
DATA,1414000,-0.856342,0.516409,2500.0,8.051,8.190,7.690,70.6,3.887,94.0,26.1,1,0,1,0,0,1,1,0,0
DATA,1416000,-0.856267,0.516533,2500.0,8.067,8.155,7.687,70.4,3.872,94.0,26.1,1,0,1,0,0,1,1,0,0
DATA,1418000,-0.856192,0.516658,2500.0,8.068,8.155,7.691,70.7,3.870,94.0,26.1,1,0,1,0,0,1,1,0,0
DATA,1420000,-0.856117,0.516783,2500.0,8.067,8.162,7.690,70.6,3.883,94.0,26.1,1,0,1,0,0,1,1,0,0
DATA,1422000,-0.856041,0.516907,2500.0,8.064,8.178,7.694,70.9,3.899,94.0,26.1,1,0,1,0,0,1,1,0,0
DATA,1424000,-0.855966,0.517032,2500.0,8.062,8.192,7.695,70.9,3.913,94.0,26.1,1,0,1,0,0,1,1,0,0
DATA,1426000,-0.855891,0.517156,2500.0,8.060,8.202,7.691,70.7,3.919,94.0,26.1,1,0,1,0,0,1,1,0,0
DATA,1428000,-0.855816,0.517280,2500.0,8.061,8.202,7.695,71.0,3.918,94.0,26.1,1,0,1,0,0,1,1,0,0
DATA,1430000,-0.855740,0.517405,2500.0,8.070,8.184,7.689,70.6,3.901,94.0,26.1,1,0,1,0,0,1,1,0,0
DATA,1432000,-0.855665,0.517529,2500.0,8.070,8.180,7.695,70.9,3.890,94.0,26.1,1,0,1,0,0,1,1,0,0
DATA,1434000,-0.855590,0.517654,2500.0,8.057,8.204,7.686,70.4,3.910,94.0,26.1,1,0,1,0,0,1,1,0,0
DATA,1436000,-0.855515,0.517778,2500.0,8.053,8.216,7.694,70.9,3.926,94.0,26.1,1,0,1,0,0,1,1,0,0
DATA,1438000,-0.855439,0.517903,2500.0,8.043,8.241,7.694,70.9,3.952,94.0,26.1,1,0,1,0,0,1,1,0,0
DATA,1440000,-0.855364,0.518027,2500.0,8.050,8.237,7.692,70.8,3.941,94.0,26.1,1,0,1,0,0,1,1,0,0
DATA,1442000,-0.855289,0.518151,2500.0,8.064,8.210,7.695,70.9,3.921,94.0,26.1,1,0,1,0,0,1,1,0,0
DATA,1444000,-0.855214,0.518276,2500.0,8.072,8.194,7.695,70.9,3.901,94.0,26.1,1,0,1,0,0,1,1,0,0
DATA,1446000,-0.855138,0.518401,2500.0,8.081,8.172,7.700,71.2,3.874,94.0,26.1,1,0,1,0,0,1,1,0,0
DATA,1448000,-0.855063,0.518525,2500.0,8.082,8.168,7.697,71.1,3.872,94.0,26.1,1,0,1,0,0,1,1,0,0
DATA,1450000,-0.854987,0.518649,2500.0,8.072,8.184,7.695,70.9,3.891,94.0,26.1,1,0,1,0,0,1,1,0,0
DATA,1452000,-0.854912,0.518773,2500.0,8.063,8.196,7.694,70.9,3.902,94.0,26.1,1,0,1,0,0,1,1,0,0
DATA,1454000,-0.854836,0.518898,2500.0,8.061,8.196,7.696,71.0,3.904,94.0,26.1,1,0,1,0,0,1,1,0,0
DATA,1456000,-0.854761,0.519022,2500.0,8.058,8.196,7.691,70.7,3.917,94.0,26.1,1,0,1,0,0,1,1,0,0
DATA,1458000,-0.854685,0.519146,2500.0,8.062,8.180,7.686,70.4,3.909,94.0,26.1,1,0,1,0,0,1,1,0,0
DATA,1460000,-0.854610,0.519271,2500.0,8.068,8.164,7.691,70.7,3.900,94.0,26.1,1,0,1,0,0,1,1,0,0
DATA,1462000,-0.854534,0.519395,2500.0,8.064,8.172,7.689,70.6,3.910,94.0,26.1,1,0,1,0,0,1,1,0,0
DATA,1464000,-0.854459,0.519519,2500.0,8.065,8.168,7.691,70.7,3.897,94.0,26.1,1,0,1,0,0,1,1,0,0
DATA,1466000,-0.854383,0.519644,2500.0,8.058,8.184,7.684,70.3,3.897,94.0,26.1,1,0,1,0,0,1,1,0,0
DATA,1468000,-0.854308,0.519768,2500.0,8.055,8.192,7.688,70.5,3.902,94.0,26.1,1,0,1,0,0,1,1,0,0
DATA,1470000,-0.854232,0.519892,2500.0,8.057,8.190,7.689,70.6,3.904,94.0,26.1,1,0,1,0,0,1,1,0,0
DATA,1472000,-0.854156,0.520016,2500.0,8.056,8.194,7.687,70.4,3.904,94.0,26.1,1,0,1,0,0,1,1,0,0
DATA,1474000,-0.854081,0.520141,2500.0,8.061,8.184,7.689,70.5,3.900,94.0,26.1,1,0,1,0,0,1,1,0,0
DATA,1476000,-0.854005,0.520265,2500.0,8.051,8.206,7.684,70.2,3.908,94.0,26.1,1,0,1,0,0,1,1,0,0
DATA,1478000,-0.853930,0.520389,2500.0,8.047,8.212,7.686,70.4,3.907,94.0,26.1,1,0,1,0,0,1,1,0,0
DATA,1480000,-0.853854,0.520513,2500.0,8.045,8.218,7.689,70.6,3.915,94.0,26.1,1,0,1,0,0,1,1,0,0
DATA,1482000,-0.853778,0.520637,2500.0,8.045,8.218,7.687,70.4,3.917,94.0,26.1,1,0,1,0,0,1,1,0,0
DATA,1484000,-0.853702,0.520761,2500.0,8.047,8.214,7.683,70.2,3.911,94.0,26.1,1,0,1,0,0,1,1,0,0
DATA,1486000,-0.853627,0.520885,2500.0,8.056,8.200,7.686,70.4,3.901,94.0,26.1,1,0,1,0,0,1,1,0,0
DATA,1488000,-0.853551,0.521010,2500.0,8.056,8.194,7.687,70.5,3.901,94.0,26.1,1,0,1,0,0,1,1,0,0
DATA,1490000,-0.853475,0.521134,2500.0,8.061,8.182,7.689,70.6,3.890,94.0,26.1,1,0,1,0,0,1,1,0,0
DATA,1492000,-0.853399,0.521258,2500.0,8.064,8.174,7.688,70.5,3.902,94.0,26.1,1,0,1,0,0,1,1,0,0
DATA,1494000,-0.853323,0.521382,2500.0,8.061,8.178,7.692,70.8,3.908,94.0,26.1,1,0,1,0,0,1,1,0,0
DATA,1496000,-0.853247,0.521506,2500.0,8.063,8.174,7.692,70.7,3.910,94.0,26.1,1,0,1,0,0,1,1,0,0
DATA,1498000,-0.853172,0.521630,2500.0,8.058,8.188,7.695,70.9,3.934,94.0,26.1,1,0,1,0,0,1,1,0,0
DATA,1500000,-0.853096,0.521754,2500.0,8.059,8.188,7.693,70.8,3.928,94.0,26.1,1,0,1,0,0,1,1,0,0
DATA,1502000,-0.853020,0.521878,2500.0,8.057,8.192,7.692,70.7,3.935,94.0,26.1,1,0,1,0,0,1,1,0,0
DATA,1504000,-0.852944,0.522003,2500.0,8.061,8.190,7.699,71.2,3.914,94.0,26.1,1,0,1,0,0,1,1,0,0
DATA,1506000,-0.852868,0.522127,2500.0,8.059,8.190,7.690,70.6,3.916,94.0,26.1,1,0,1,0,0,1,1,0,0
DATA,1508000,-0.852792,0.522250,2500.0,8.057,8.192,7.697,71.1,3.921,94.0,26.1,1,0,1,0,0,1,1,0,0
DATA,1510000,-0.852716,0.522375,2500.0,8.052,8.200,7.694,70.9,3.930,94.0,26.1,1,0,1,0,0,1,1,0,0
DATA,1512000,-0.852640,0.522499,2500.0,8.048,8.210,7.692,70.8,3.942,94.0,26.1,1,0,1,0,0,1,1,0,0
DATA,1514000,-0.852564,0.522623,2500.0,8.052,8.206,7.693,70.8,3.934,94.0,26.1,1,0,1,0,0,1,1,0,0
DATA,1516000,-0.852488,0.522746,2500.0,8.057,8.198,7.695,70.9,3.926,94.0,26.1,1,0,1,0,0,1,1,0,0
DATA,1518000,-0.852412,0.522871,2500.0,8.066,8.180,7.695,70.9,3.904,94.0,26.1,1,0,1,0,0,1,1,0,0
DATA,1520000,-0.852336,0.522995,2500.0,8.067,8.176,7.695,70.9,3.897,94.0,26.1,1,0,1,0,0,1,1,0,0
DATA,1522000,-0.852260,0.523119,2500.0,8.071,8.164,7.697,71.1,3.880,94.0,26.1,1,0,1,0,0,1,1,0,0
DATA,1524000,-0.852184,0.523242,2500.0,8.071,8.160,7.696,71.0,3.874,94.0,26.1,1,0,1,0,0,1,1,0,0
DATA,1526000,-0.852108,0.523367,2500.0,8.070,8.160,7.688,70.5,3.880,94.0,26.1,1,0,1,0,0,1,1,0,0
DATA,1528000,-0.852032,0.523490,2500.0,8.072,8.149,7.696,71.0,3.875,94.0,26.1,1,0,1,0,0,1,1,0,0
DATA,1530000,-0.851955,0.523614,2500.0,8.064,8.158,7.695,70.9,3.888,94.0,26.1,1,0,1,0,0,1,1,0,0
DATA,1532000,-0.851879,0.523739,2500.0,8.056,8.178,7.693,70.8,3.906,94.0,26.1,1,0,1,0,0,1,1,0,0
DATA,1534000,-0.851803,0.523862,2500.0,8.056,8.184,7.696,71.0,3.903,94.0,26.1,1,0,1,0,0,1,1,0,0
DATA,1536000,-0.851727,0.523986,2500.0,8.054,8.198,7.694,70.9,3.913,94.0,26.1,1,0,1,0,0,1,1,0,0
DATA,1538000,-0.851651,0.524110,2500.0,8.062,8.192,7.695,70.9,3.899,94.0,26.1,1,0,1,0,0,1,1,0,0
DATA,1540000,-0.851574,0.524234,2500.0,8.061,8.200,7.692,70.8,3.891,94.0,26.1,1,0,1,0,0,1,1,0,0
DATA,1542000,-0.851498,0.524358,2500.0,8.061,8.202,7.694,70.9,3.889,94.0,26.1,1,0,1,0,0,1,1,0,0
DATA,1544000,-0.851422,0.524481,2500.0,8.064,8.194,7.697,71.1,3.881,94.0,26.1,1,0,1,0,0,1,1,0,0
DATA,1546000,-0.851346,0.524605,2500.0,8.051,8.222,7.686,70.4,3.894,94.0,26.1,1,0,1,0,0,1,1,0,0
DATA,1548000,-0.851269,0.524729,2500.0,8.058,8.202,7.696,71.0,3.890,94.0,26.1,1,0,1,0,0,1,1,0,0
DATA,1550000,-0.851193,0.524853,2500.0,8.057,8.198,7.696,71.0,3.894,94.0,26.1,1,0,1,0,0,1,1,0,0
DATA,1552000,-0.851117,0.524977,2500.0,8.050,8.206,7.689,70.6,3.903,94.0,26.1,1,0,1,0,0,1,1,0,0
DATA,1554000,-0.851040,0.525100,2500.0,8.057,8.188,7.695,71.0,3.902,94.0,26.1,1,0,1,0,0,1,1,0,0
DATA,1556000,-0.850964,0.525225,2500.0,8.061,8.182,7.691,70.7,3.901,94.0,26.1,1,0,1,0,0,1,1,0,0
DATA,1558000,-0.850887,0.525348,2500.0,8.060,8.186,7.696,71.0,3.895,94.0,26.1,1,0,1,0,0,1,1,0,0
DATA,1560000,-0.850811,0.525472,2500.0,8.066,8.172,7.694,70.9,3.887,94.0,26.1,1,0,1,0,0,1,1,0,0
DATA,1562000,-0.850734,0.525596,2500.0,8.069,8.168,7.694,70.8,3.879,94.0,26.1,1,0,1,0,0,1,1,0,0
DATA,1564000,-0.850658,0.525720,2500.0,8.064,8.178,7.694,70.8,3.889,94.0,26.1,1,0,1,0,0,1,1,0,0
DATA,1566000,-0.850582,0.525843,2500.0,8.057,8.190,7.693,70.8,3.911,94.0,26.1,1,0,1,0,0,1,1,0,0
DATA,1568000,-0.850505,0.525967,2500.0,8.051,8.208,7.691,70.7,3.913,94.0,26.1,1,0,1,0,0,1,1,0,0
DATA,1570000,-0.850429,0.526091,2500.0,8.047,8.216,7.694,70.8,3.918,94.0,26.1,1,0,1,0,0,1,1,0,0
DATA,1572000,-0.850352,0.526214,2500.0,8.057,8.200,7.694,70.8,3.894,94.0,26.1,1,0,1,0,0,1,1,0,0
DATA,1574000,-0.850276,0.526338,2500.0,8.056,8.204,7.690,70.7,3.880,94.0,26.1,1,0,1,0,0,1,1,0,0
DATA,1576000,-0.850199,0.526461,2500.0,8.064,8.188,7.695,70.9,3.880,94.0,26.1,1,0,1,0,0,1,1,0,0
DATA,1578000,-0.850122,0.526585,2500.0,8.067,8.182,7.698,71.1,3.872,94.0,26.1,1,0,1,0,0,1,1,0,0
DATA,1580000,-0.850046,0.526709,2500.0,8.061,8.190,7.694,70.9,3.897,94.0,26.1,1,0,1,0,0,1,1,0,0
DATA,1582000,-0.849969,0.526832,2500.0,8.072,8.166,7.699,71.2,3.887,94.0,26.1,1,0,1,0,0,1,1,0,0
DATA,1584000,-0.849892,0.526956,2500.0,8.067,8.176,7.697,71.0,3.888,94.0,26.1,1,0,1,0,0,1,1,0,0
DATA,1586000,-0.849816,0.527080,2500.0,8.057,8.196,7.695,70.9,3.912,94.0,26.1,1,0,1,0,0,1,1,0,0
DATA,1588000,-0.849739,0.527203,2500.0,8.054,8.202,7.696,71.0,3.908,94.0,26.1,1,0,1,0,0,1,1,0,0
DATA,1590000,-0.849663,0.527326,2500.0,8.053,8.204,7.694,70.8,3.906,94.0,26.1,1,0,1,0,0,1,1,0,0
DATA,1592000,-0.849586,0.527450,2500.0,8.058,8.192,7.693,70.8,3.908,94.0,26.1,1,0,1,0,0,1,1,0,0
DATA,1594000,-0.849509,0.527574,2500.0,8.062,8.182,7.693,70.8,3.894,94.0,26.1,1,0,1,0,0,1,1,0,0
DATA,1596000,-0.849432,0.527698,2500.0,8.070,8.166,7.697,71.0,3.888,94.0,26.1,1,0,1,0,0,1,1,0,0
DATA,1598000,-0.849356,0.527821,2500.0,8.066,8.174,7.696,71.0,3.901,94.0,26.1,1,0,1,0,0,1,1,0,0
DATA,1600000,-0.849279,0.527945,2500.0,8.061,8.186,7.697,71.1,3.911,94.0,26.1,1,0,1,0,0,1,1,0,0
DATA,1602000,-0.849202,0.528068,2500.0,8.062,8.188,7.695,71.0,3.906,94.0,26.1,1,0,1,0,0,1,1,0,0
DATA,1604000,-0.849125,0.528192,2500.0,8.059,8.196,7.699,71.2,3.909,94.0,26.1,1,0,1,0,0,1,1,0,0
DATA,1606000,-0.849048,0.528315,2500.0,8.064,8.186,7.698,71.1,3.899,94.0,26.1,1,0,1,0,0,1,1,0,0
DATA,1608000,-0.848972,0.528439,2500.0,8.062,8.190,7.693,70.8,3.898,94.0,26.1,1,0,1,0,0,1,1,0,0
DATA,1610000,-0.848895,0.528562,2500.0,8.050,8.212,7.691,70.7,3.905,94.0,26.1,1,0,1,0,0,1,1,0,0
DATA,1612000,-0.848818,0.528686,2500.0,8.045,8.227,7.696,71.0,3.907,94.0,26.1,1,0,1,0,0,1,1,0,0
DATA,1614000,-0.848741,0.528809,2500.0,8.044,8.227,7.696,71.0,3.906,94.0,26.1,1,0,1,0,0,1,1,0,0
DATA,1616000,-0.848664,0.528932,2500.0,8.040,8.233,7.692,70.7,3.920,94.0,26.1,1,0,1,0,0,1,1,0,0
DATA,1618000,-0.848587,0.529055,2500.0,8.047,8.216,7.693,70.8,3.930,94.0,26.1,1,0,1,0,0,1,1,0,0
DATA,1620000,-0.848510,0.529179,2500.0,8.042,8.222,7.693,70.8,3.947,94.0,26.1,1,0,1,0,0,1,1,0,0
DATA,1622000,-0.848433,0.529303,2500.0,8.038,8.222,7.697,71.1,3.955,94.0,26.1,1,0,1,0,0,1,1,0,0
DATA,1624000,-0.848356,0.529426,2500.0,8.043,8.212,7.695,70.9,3.941,94.0,26.1,1,0,1,0,0,1,1,0,0
DATA,1626000,-0.848279,0.529549,2500.0,8.047,8.206,7.695,70.9,3.939,94.0,26.1,1,0,1,0,0,1,1,0,0
DATA,1628000,-0.848202,0.529673,2500.0,8.060,8.180,7.695,71.0,3.915,94.0,26.1,1,0,1,0,0,1,1,0,0
DATA,1630000,-0.848125,0.529796,2500.0,8.065,8.180,7.695,70.9,3.916,94.0,26.1,1,0,1,0,0,1,1,0,0
DATA,1632000,-0.848048,0.529919,2500.0,8.065,8.176,7.699,71.2,3.913,94.0,26.1,1,0,1,0,0,1,1,0,0
DATA,1634000,-0.847971,0.530042,2500.0,8.057,8.194,7.693,70.8,3.910,94.0,26.1,1,0,1,0,0,1,1,0,0
DATA,1636000,-0.847894,0.530166,2500.0,8.059,8.184,7.693,70.8,3.904,94.0,26.1,1,0,1,0,0,1,1,0,0
DATA,1638000,-0.847817,0.530289,2500.0,8.058,8.188,7.695,70.9,3.895,94.0,26.1,1,0,1,0,0,1,1,0,0
DATA,1640000,-0.847740,0.530413,2500.0,8.060,8.188,7.695,70.9,3.903,94.0,26.1,1,0,1,0,0,1,1,0,0
DATA,1642000,-0.847663,0.530536,2500.0,8.067,8.174,7.695,71.0,3.903,94.0,26.1,1,0,1,0,0,1,1,0,0
DATA,1644000,-0.847585,0.530659,2500.0,8.061,8.194,7.694,70.9,3.926,94.0,26.1,1,0,1,0,0,1,1,0,0
DATA,1646000,-0.847508,0.530783,2500.0,8.063,8.190,7.697,71.1,3.925,94.0,26.1,1,0,1,0,0,1,1,0,0
DATA,1648000,-0.847431,0.530906,2500.0,8.060,8.192,7.696,71.0,3.923,94.0,26.1,1,0,1,0,0,1,1,0,0
DATA,1650000,-0.847353,0.531029,2500.0,8.053,8.202,7.696,71.0,3.918,94.0,26.1,1,0,1,0,0,1,1,0,0
DATA,1652000,-0.847276,0.531152,2500.0,8.056,8.190,7.693,70.8,3.902,94.0,26.1,1,0,1,0,0,1,1,0,0
DATA,1654000,-0.847199,0.531275,2500.0,8.050,8.200,7.695,70.9,3.915,94.0,26.1,1,0,1,0,0,1,1,0,0
DATA,1656000,-0.847122,0.531399,2500.0,8.050,8.196,7.696,71.0,3.913,94.0,26.1,1,0,1,0,0,1,1,0,0
DATA,1658000,-0.847044,0.531522,2500.0,8.060,8.176,7.696,71.0,3.912,94.0,26.1,1,0,1,0,0,1,1,0,0
DATA,1660000,-0.846967,0.531645,2500.0,8.060,8.182,7.691,70.7,3.916,94.0,26.1,1,0,1,0,0,1,1,0,0
DATA,1662000,-0.846890,0.531768,2500.0,8.066,8.172,7.686,70.4,3.901,94.0,26.1,1,0,1,0,0,1,1,0,0
DATA,1664000,-0.846813,0.531891,2500.0,8.064,8.186,7.689,70.6,3.901,94.0,26.1,1,0,1,0,0,1,1,0,0
DATA,1666000,-0.846735,0.532015,2500.0,8.065,8.186,7.689,70.5,3.902,94.0,26.1,1,0,1,0,0,1,1,0,0
DATA,1668000,-0.846658,0.532138,2500.0,8.064,8.182,7.686,70.4,3.896,94.0,26.1,1,0,1,0,0,1,1,0,0
DATA,1670000,-0.846580,0.532261,2500.0,8.057,8.190,7.690,70.6,3.912,94.0,26.1,1,0,1,0,0,1,1,0,0
DATA,1672000,-0.846503,0.532384,2500.0,8.065,8.172,7.688,70.5,3.909,94.0,26.1,1,0,1,0,0,1,1,0,0
DATA,1674000,-0.846425,0.532507,2500.0,8.058,8.180,7.682,70.1,3.909,94.0,26.1,1,0,1,0,0,1,1,0,0
DATA,1676000,-0.846348,0.532630,2500.0,8.058,8.178,7.687,70.4,3.923,94.0,26.1,1,0,1,0,0,1,1,0,0
DATA,1678000,-0.846271,0.532753,2500.0,8.063,8.168,7.687,70.5,3.907,94.0,26.1,1,0,1,0,0,1,1,0,0
DATA,1680000,-0.846193,0.532877,2500.0,8.059,8.166,7.687,70.4,3.901,94.0,26.1,1,0,1,0,0,1,1,0,0
DATA,1682000,-0.846115,0.533000,2500.0,8.063,8.151,7.686,70.4,3.898,94.0,26.5,1,0,1,0,0,1,1,0,0
DATA,1684000,-0.846038,0.533122,2500.0,8.064,8.145,7.685,70.3,3.882,94.0,26.5,1,0,1,0,0,1,1,0,0
DATA,1686000,-0.845961,0.533245,2500.0,8.059,8.153,7.689,70.6,3.895,94.0,26.5,1,0,1,0,0,1,1,0,0
DATA,1688000,-0.845883,0.533369,2500.0,8.060,8.151,7.691,70.7,3.893,94.0,26.5,1,0,1,0,0,1,1,0,0
DATA,1690000,-0.845805,0.533492,2500.0,8.061,8.153,7.686,70.4,3.888,94.0,26.5,1,0,1,0,0,1,1,0,0
DATA,1692000,-0.845728,0.533614,2500.0,8.051,8.178,7.683,70.2,3.894,94.0,26.5,1,0,1,0,0,1,1,0,0
DATA,1694000,-0.845650,0.533737,2500.0,8.055,8.174,7.686,70.4,3.884,94.0,26.5,1,0,1,0,0,1,1,0,0
DATA,1696000,-0.845572,0.533861,2500.0,8.055,8.174,7.690,70.6,3.883,94.0,26.5,1,0,1,0,0,1,1,0,0
DATA,1698000,-0.845495,0.533984,2500.0,8.054,8.178,7.689,70.5,3.883,94.0,26.5,1,0,1,0,0,1,1,0,0
DATA,1700000,-0.845417,0.534106,2500.0,8.065,8.155,7.692,70.8,3.869,94.0,26.5,1,0,1,0,0,1,1,0,0
DATA,1702000,-0.845339,0.534230,2500.0,8.060,8.168,7.688,70.5,3.883,94.0,26.5,1,0,1,0,0,1,1,0,0
DATA,1704000,-0.845262,0.534353,2500.0,8.058,8.174,7.685,70.3,3.894,94.0,26.5,1,0,1,0,0,1,1,0,0
DATA,1706000,-0.845184,0.534476,2500.0,8.060,8.170,7.683,70.2,3.897,94.0,26.5,1,0,1,0,0,1,1,0,0
DATA,1708000,-0.845106,0.534598,2500.0,8.057,8.176,7.688,70.5,3.900,94.0,26.5,1,0,1,0,0,1,1,0,0
DATA,1710000,-0.845028,0.534721,2500.0,8.063,8.166,7.691,70.7,3.887,94.0,26.5,1,0,1,0,0,1,1,0,0
DATA,1712000,-0.844951,0.534844,2500.0,8.066,8.162,7.685,70.3,3.887,94.0,26.5,1,0,1,0,0,1,1,0,0
DATA,1714000,-0.844873,0.534967,2500.0,8.063,8.178,7.688,70.5,3.893,94.0,26.5,1,0,1,0,0,1,1,0,0
DATA,1716000,-0.844795,0.535090,2500.0,8.063,8.182,7.692,70.8,3.901,94.0,26.5,1,0,1,0,0,1,1,0,0
DATA,1718000,-0.844717,0.535213,2500.0,8.053,8.202,7.687,70.4,3.926,94.0,26.5,1,0,1,0,0,1,1,0,0
DATA,1720000,-0.844639,0.535336,2500.0,8.055,8.196,7.686,70.4,3.914,94.0,26.5,1,0,1,0,0,1,1,0,0
DATA,1722000,-0.844562,0.535459,2500.0,8.055,8.190,7.688,70.5,3.915,94.0,26.5,1,0,1,0,0,1,1,0,0
DATA,1724000,-0.844484,0.535581,2500.0,8.051,8.188,7.686,70.4,3.916,94.0,26.5,1,0,1,0,0,1,1,0,0
DATA,1726000,-0.844406,0.535704,2500.0,8.060,8.164,7.690,70.6,3.889,94.0,26.5,1,0,1,0,0,1,1,0,0
DATA,1728000,-0.844328,0.535827,2500.0,8.048,8.182,7.686,70.4,3.909,94.0,26.5,1,0,1,0,0,1,1,0,0
DATA,1730000,-0.844250,0.535950,2500.0,8.046,8.182,7.685,70.3,3.908,94.0,26.5,1,0,1,0,0,1,1,0,0
DATA,1732000,-0.844172,0.536073,2500.0,8.051,8.178,7.688,70.5,3.897,94.0,26.5,1,0,1,0,0,1,1,0,0
DATA,1734000,-0.844094,0.536195,2500.0,8.044,8.194,7.686,70.4,3.913,94.0,26.5,1,0,1,0,0,1,1,0,0
DATA,1736000,-0.844016,0.536318,2500.0,8.055,8.176,7.687,70.5,3.895,94.0,26.5,1,0,1,0,0,1,1,0,0
DATA,1738000,-0.843938,0.536441,2500.0,8.049,8.192,7.683,70.2,3.901,94.0,26.5,1,0,1,0,0,1,1,0,0
DATA,1740000,-0.843860,0.536564,2500.0,8.050,8.192,7.686,70.4,3.903,94.0,26.5,1,0,1,0,0,1,1,0,0
DATA,1742000,-0.843782,0.536686,2500.0,8.058,8.178,7.691,70.7,3.891,94.0,26.5,1,0,1,0,0,1,1,0,0
DATA,1744000,-0.843704,0.536809,2500.0,8.047,8.206,7.682,70.1,3.902,94.0,26.5,1,0,1,0,0,1,1,0,0
DATA,1746000,-0.843626,0.536932,2500.0,8.050,8.202,7.687,70.4,3.900,94.0,26.5,1,0,1,0,0,1,1,0,0
DATA,1748000,-0.843548,0.537054,2500.0,8.040,8.225,7.683,70.2,3.909,94.0,26.5,1,0,1,0,0,1,1,0,0
DATA,1750000,-0.843470,0.537177,2500.0,8.037,8.229,7.688,70.5,3.915,94.0,26.5,1,0,1,0,0,1,1,0,0
DATA,1752000,-0.843391,0.537300,2500.0,8.041,8.218,7.687,70.4,3.923,94.0,26.5,1,0,1,0,0,1,1,0,0
DATA,1754000,-0.843313,0.537422,2500.0,8.038,8.227,7.685,70.3,3.922,94.0,26.5,1,0,1,0,0,1,1,0,0
DATA,1756000,-0.843235,0.537545,2500.0,8.050,8.202,7.693,70.8,3.911,94.0,26.5,1,0,1,0,0,1,1,0,0
DATA,1758000,-0.843157,0.537668,2500.0,8.042,8.220,7.683,70.2,3.917,94.0,26.5,1,0,1,0,0,1,1,0,0
DATA,1760000,-0.843079,0.537790,2500.0,8.047,8.214,7.687,70.5,3.909,94.0,26.5,1,0,1,0,0,1,1,0,0
DATA,1762000,-0.843000,0.537913,2500.0,8.056,8.190,7.689,70.5,3.899,94.0,26.5,1,0,1,0,0,1,1,0,0
DATA,1764000,-0.842922,0.538035,2500.0,8.056,8.190,7.688,70.5,3.903,94.0,26.5,1,0,1,0,0,1,1,0,0
DATA,1766000,-0.842844,0.538158,2500.0,8.065,8.172,7.685,70.3,3.897,94.0,26.5,1,0,1,0,0,1,1,0,0
DATA,1768000,-0.842765,0.538281,2500.0,8.058,8.184,7.687,70.5,3.909,94.0,26.5,1,0,1,0,0,1,1,0,0
DATA,1770000,-0.842687,0.538403,2500.0,8.056,8.188,7.686,70.4,3.915,94.0,26.5,1,0,1,0,0,1,1,0,0
DATA,1772000,-0.842609,0.538526,2500.0,8.058,8.188,7.689,70.6,3.914,94.0,26.5,1,0,1,0,0,1,1,0,0
DATA,1774000,-0.842531,0.538648,2500.0,8.055,8.194,7.686,70.4,3.917,94.0,26.5,1,0,1,0,0,1,1,0,0
DATA,1776000,-0.842452,0.538771,2500.0,8.061,8.184,7.686,70.4,3.897,94.0,26.5,1,0,1,0,0,1,1,0,0
DATA,1778000,-0.842374,0.538893,2500.0,8.062,8.178,7.687,70.4,3.899,94.0,26.5,1,0,1,0,0,1,1,0,0
DATA,1780000,-0.842296,0.539016,2500.0,8.062,8.176,7.688,70.5,3.899,94.0,26.5,1,0,1,0,0,1,1,0,0
DATA,1782000,-0.842217,0.539138,2500.0,8.061,8.178,7.683,70.2,3.905,94.0,26.5,1,0,1,0,0,1,1,0,0
DATA,1784000,-0.842139,0.539261,2500.0,8.061,8.174,7.690,70.6,3.903,94.0,26.5,1,0,1,0,0,1,1,0,0
DATA,1786000,-0.842060,0.539383,2500.0,8.060,8.178,7.685,70.3,3.891,94.0,26.5,1,0,1,0,0,1,1,0,0
DATA,1788000,-0.841982,0.539506,2500.0,8.060,8.180,7.685,70.3,3.892,94.0,26.5,1,0,1,0,0,1,1,0,0
DATA,1790000,-0.841903,0.539628,2500.0,8.055,8.190,7.682,70.1,3.893,94.0,26.5,1,0,1,0,0,1,1,0,0
DATA,1792000,-0.841825,0.539751,2500.0,8.058,8.186,7.686,70.4,3.899,94.0,26.5,1,0,1,0,0,1,1,0,0
DATA,1794000,-0.841746,0.539873,2500.0,8.060,8.184,7.689,70.6,3.910,94.0,26.5,1,0,1,0,0,1,1,0,0
DATA,1796000,-0.841668,0.539995,2500.0,8.061,8.182,7.689,70.6,3.908,94.0,26.5,1,0,1,0,0,1,1,0,0
DATA,1798000,-0.841589,0.540118,2500.0,8.070,8.162,7.689,70.5,3.895,94.0,26.5,1,0,1,0,0,1,1,0,0
DATA,1800000,-0.841511,0.540241,2500.0,8.067,8.164,7.689,70.6,3.895,94.0,26.5,1,0,1,0,0,1,1,0,0
DATA,1802000,-0.841432,0.540363,2500.0,8.058,8.180,7.689,70.6,3.887,94.0,26.5,1,0,1,0,0,1,1,0,0
DATA,1804000,-0.841354,0.540485,2500.0,8.048,8.200,7.686,70.4,3.912,94.0,26.5,1,0,1,0,0,1,1,0,0
DATA,1806000,-0.841275,0.540608,2500.0,8.047,8.204,7.689,70.6,3.915,94.0,26.5,1,0,1,0,0,1,1,0,0
DATA,1808000,-0.841196,0.540730,2500.0,8.034,8.231,7.681,70.0,3.931,94.0,26.5,1,0,1,0,0,1,1,0,0
DATA,1810000,-0.841118,0.540852,2500.0,8.035,8.229,7.682,70.1,3.941,94.0,26.5,1,0,1,0,0,1,1,0,0
DATA,1812000,-0.841039,0.540974,2500.0,8.034,8.227,7.686,70.4,3.921,94.0,26.5,1,0,1,0,0,1,1,0,0
DATA,1814000,-0.840960,0.541097,2500.0,8.024,8.247,7.680,70.0,3.925,94.0,26.5,1,0,1,0,0,1,1,0,0
DATA,1816000,-0.840881,0.541219,2500.0,8.039,8.218,7.687,70.5,3.902,94.0,26.5,1,0,1,0,0,1,1,0,0
DATA,1818000,-0.840803,0.541341,2500.0,8.038,8.220,7.684,70.3,3.911,94.0,26.5,1,0,1,0,0,1,1,0,0
DATA,1820000,-0.840724,0.541464,2500.0,8.041,8.210,7.687,70.4,3.920,94.0,26.5,1,0,1,0,0,1,1,0,0
DATA,1822000,-0.840645,0.541586,2500.0,8.047,8.194,7.688,70.5,3.921,94.0,26.5,1,0,1,0,0,1,1,0,0
DATA,1824000,-0.840566,0.541708,2500.0,8.040,8.200,7.685,70.3,3.928,94.0,26.5,1,0,1,0,0,1,1,0,0
DATA,1826000,-0.840488,0.541830,2500.0,8.038,8.196,7.685,70.3,3.933,94.0,26.5,1,0,1,0,0,1,1,0,0
DATA,1828000,-0.840409,0.541953,2500.0,8.038,8.194,7.689,70.6,3.931,94.0,26.5,1,0,1,0,0,1,1,0,0
DATA,1830000,-0.840330,0.542075,2500.0,8.043,8.184,7.690,70.6,3.919,94.0,26.5,1,0,1,0,0,1,1,0,0
DATA,1832000,-0.840251,0.542197,2500.0,8.050,8.174,7.688,70.5,3.914,94.0,26.5,1,0,1,0,0,1,1,0,0
DATA,1834000,-0.840173,0.542319,2500.0,8.056,8.166,7.685,70.3,3.901,94.0,26.5,1,0,1,0,0,1,1,0,0
DATA,1836000,-0.840093,0.542442,2500.0,8.058,8.168,7.688,70.5,3.892,94.0,26.5,1,0,1,0,0,1,1,0,0
DATA,1838000,-0.840015,0.542564,2500.0,8.055,8.176,7.687,70.4,3.900,94.0,26.5,1,0,1,0,0,1,1,0,0
DATA,1840000,-0.839936,0.542686,2500.0,8.056,8.178,7.686,70.4,3.899,94.0,26.5,1,0,1,0,0,1,1,0,0
DATA,1842000,-0.839856,0.542809,2500.0,8.055,8.180,7.688,70.5,3.900,94.0,26.5,1,0,1,0,0,1,1,0,0
DATA,1844000,-0.839778,0.542930,2500.0,8.060,8.172,7.697,71.0,3.898,94.0,26.5,1,0,1,0,0,1,1,0,0
DATA,1846000,-0.839699,0.543052,2500.0,8.069,8.160,7.693,70.8,3.877,94.0,26.5,1,0,1,0,0,1,1,0,0
DATA,1848000,-0.839620,0.543175,2500.0,8.069,8.160,7.696,71.0,3.875,94.0,26.5,1,0,1,0,0,1,1,0,0
DATA,1850000,-0.839541,0.543297,2500.0,8.072,8.160,7.696,71.0,3.879,94.0,26.5,1,0,1,0,0,1,1,0,0
DATA,1852000,-0.839462,0.543419,2500.0,8.065,8.174,7.699,71.2,3.887,94.0,26.5,1,0,1,0,0,1,1,0,0
DATA,1854000,-0.839383,0.543541,2500.0,8.059,8.188,7.695,70.9,3.897,94.0,26.5,1,0,1,0,0,1,1,0,0
DATA,1856000,-0.839304,0.543663,2500.0,8.056,8.196,7.698,71.1,3.909,94.0,26.5,1,0,1,0,0,1,1,0,0
DATA,1858000,-0.839225,0.543785,2500.0,8.049,8.212,7.695,70.9,3.915,94.0,26.5,1,0,1,0,0,1,1,0,0
DATA,1860000,-0.839145,0.543907,2500.0,8.054,8.202,7.697,71.0,3.907,94.0,26.5,1,0,1,0,0,1,1,0,0
DATA,1862000,-0.839066,0.544029,2500.0,8.047,8.218,7.690,70.6,3.921,94.0,26.5,1,0,1,0,0,1,1,0,0
DATA,1864000,-0.838987,0.544151,2500.0,8.049,8.220,7.690,70.7,3.921,94.0,26.5,1,0,1,0,0,1,1,0,0
DATA,1866000,-0.838908,0.544273,2500.0,8.052,8.212,7.693,70.8,3.913,94.0,26.5,1,0,1,0,0,1,1,0,0
DATA,1868000,-0.838829,0.544395,2500.0,8.047,8.216,7.694,70.9,3.924,94.0,26.5,1,0,1,0,0,1,1,0,0
DATA,1870000,-0.838750,0.544517,2500.0,8.056,8.188,7.694,70.9,3.911,94.0,26.5,1,0,1,0,0,1,1,0,0
DATA,1872000,-0.838670,0.544639,2500.0,8.051,8.188,7.689,70.5,3.905,94.0,26.5,1,0,1,0,0,1,1,0,0
DATA,1874000,-0.838591,0.544761,2500.0,8.049,8.184,7.696,71.0,3.914,94.0,26.5,1,0,1,0,0,1,1,0,0
DATA,1876000,-0.838512,0.544883,2500.0,8.052,8.174,7.693,70.8,3.910,94.0,26.5,1,0,1,0,0,1,1,0,0
DATA,1878000,-0.838433,0.545005,2500.0,8.051,8.176,7.693,70.8,3.912,94.0,26.5,1,0,1,0,0,1,1,0,0
DATA,1880000,-0.838354,0.545127,2500.0,8.048,8.184,7.691,70.7,3.931,94.0,26.5,1,0,1,0,0,1,1,0,0
DATA,1882000,-0.838274,0.545249,2500.0,8.052,8.182,7.697,71.1,3.931,94.0,26.5,1,0,1,0,0,1,1,0,0
DATA,1884000,-0.838195,0.545371,2500.0,8.052,8.192,7.695,70.9,3.932,94.0,26.5,1,0,1,0,0,1,1,0,0
DATA,1886000,-0.838116,0.545493,2500.0,8.058,8.188,7.696,71.0,3.920,94.0,26.5,1,0,1,0,0,1,1,0,0
DATA,1888000,-0.838036,0.545615,2500.0,8.067,8.174,7.695,71.0,3.902,94.0,26.5,1,0,1,0,0,1,1,0,0
DATA,1890000,-0.837957,0.545736,2500.0,8.070,8.172,7.696,71.0,3.893,94.0,26.5,1,0,1,0,0,1,1,0,0
DATA,1892000,-0.837878,0.545858,2500.0,8.066,8.178,7.695,70.9,3.904,94.0,26.5,1,0,1,0,0,1,1,0,0
DATA,1894000,-0.837798,0.545981,2500.0,8.055,8.188,7.692,70.8,3.920,94.0,26.5,1,0,1,0,0,1,1,0,0
DATA,1896000,-0.837719,0.546102,2500.0,8.051,8.190,7.696,71.0,3.920,94.0,26.5,1,0,1,0,0,1,1,0,0
DATA,1898000,-0.837639,0.546224,2500.0,8.047,8.190,7.691,70.7,3.931,94.0,26.5,1,0,1,0,0,1,1,0,0
DATA,1900000,-0.837560,0.546346,2500.0,8.052,8.174,7.694,70.9,3.912,94.0,26.5,1,0,1,0,0,1,1,0,0
DATA,1902000,-0.837480,0.546468,2500.0,8.059,8.164,7.692,70.8,3.905,94.0,26.5,1,0,1,0,0,1,1,0,0
DATA,1904000,-0.837401,0.546589,2500.0,8.053,8.180,7.687,70.4,3.907,94.0,26.5,1,0,1,0,0,1,1,0,0
DATA,1906000,-0.837321,0.546711,2500.0,8.054,8.180,7.686,70.4,3.901,94.0,26.5,1,0,1,0,0,1,1,0,0
DATA,1908000,-0.837242,0.546833,2500.0,8.045,8.200,7.692,70.7,3.923,94.0,26.5,1,0,1,0,0,1,1,0,0
DATA,1910000,-0.837162,0.546955,2500.0,8.045,8.196,7.697,71.0,3.924,94.0,26.5,1,0,1,0,0,1,1,0,0
DATA,1912000,-0.837083,0.547076,2500.0,8.045,8.198,7.695,70.9,3.931,94.0,26.5,1,0,1,0,0,1,1,0,0
DATA,1914000,-0.837003,0.547198,2500.0,8.043,8.204,7.692,70.8,3.938,94.0,26.5,1,0,1,0,0,1,1,0,0
DATA,1916000,-0.836923,0.547320,2500.0,8.047,8.194,7.691,70.7,3.927,94.0,26.5,1,0,1,0,0,1,1,0,0
DATA,1918000,-0.836844,0.547442,2500.0,8.040,8.212,7.697,71.0,3.939,94.0,26.5,1,0,1,0,0,1,1,0,0
DATA,1920000,-0.836764,0.547563,2500.0,8.050,8.190,7.694,70.9,3.923,94.0,26.5,1,0,1,0,0,1,1,0,0
DATA,1922000,-0.836685,0.547685,2500.0,8.052,8.182,7.694,70.8,3.916,94.0,26.5,1,0,1,0,0,1,1,0,0
DATA,1924000,-0.836605,0.547807,2500.0,8.052,8.182,7.694,70.9,3.916,94.0,26.5,1,0,1,0,0,1,1,0,0
DATA,1926000,-0.836525,0.547929,2500.0,8.054,8.176,7.695,70.9,3.916,94.0,26.5,1,0,1,0,0,1,1,0,0
DATA,1928000,-0.836446,0.548050,2500.0,8.055,8.174,7.694,70.9,3.919,94.0,26.5,1,0,1,0,0,1,1,0,0
DATA,1930000,-0.836366,0.548171,2500.0,8.051,8.182,7.695,70.9,3.921,94.0,26.5,1,0,1,0,0,1,1,0,0
DATA,1932000,-0.836286,0.548293,2500.0,8.058,8.172,7.698,71.2,3.913,94.0,26.5,1,0,1,0,0,1,1,0,0
DATA,1934000,-0.836206,0.548415,2500.0,8.063,8.166,7.697,71.1,3.903,94.0,26.5,1,0,1,0,0,1,1,0,0
DATA,1936000,-0.836127,0.548536,2500.0,8.048,8.202,7.691,70.7,3.917,94.0,26.5,1,0,1,0,0,1,1,0,0
DATA,1938000,-0.836047,0.548658,2500.0,8.058,8.186,7.694,70.9,3.902,94.0,26.5,1,0,1,0,0,1,1,0,0
DATA,1940000,-0.835967,0.548780,2500.0,8.059,8.186,7.698,71.1,3.900,94.0,26.5,1,0,1,0,0,1,1,0,0
DATA,1942000,-0.835887,0.548901,2500.0,8.055,8.194,7.695,70.9,3.905,94.0,26.5,1,0,1,0,0,1,1,0,0
DATA,1944000,-0.835808,0.549023,2500.0,8.061,8.178,7.693,70.8,3.900,94.0,26.5,1,0,1,0,0,1,1,0,0
DATA,1946000,-0.835727,0.549145,2500.0,8.056,8.184,7.698,71.1,3.901,94.0,26.5,1,0,1,0,0,1,1,0,0
DATA,1948000,-0.835647,0.549266,2500.0,8.049,8.196,7.694,70.8,3.914,94.0,26.5,1,0,1,0,0,1,1,0,0
DATA,1950000,-0.835568,0.549388,2500.0,8.054,8.184,7.700,71.3,3.908,94.0,26.5,1,0,1,0,0,1,1,0,0
DATA,1952000,-0.835488,0.549509,2500.0,8.064,8.166,7.700,71.2,3.895,94.0,26.5,1,0,1,0,0,1,1,0,0
DATA,1954000,-0.835408,0.549631,2500.0,8.058,8.176,7.691,70.7,3.905,94.0,26.5,1,0,1,0,0,1,1,0,0
DATA,1956000,-0.835328,0.549752,2500.0,8.053,8.186,7.690,70.6,3.901,94.0,26.5,1,0,1,0,0,1,1,0,0
DATA,1958000,-0.835248,0.549874,2500.0,8.052,8.186,7.696,71.0,3.903,94.0,26.5,1,0,1,0,0,1,1,0,0
DATA,1960000,-0.835168,0.549995,2500.0,8.047,8.196,7.694,70.9,3.915,94.0,26.5,1,0,1,0,0,1,1,0,0
DATA,1962000,-0.835088,0.550117,2500.0,8.055,8.180,7.691,70.7,3.902,94.0,26.5,1,0,1,0,0,1,1,0,0
DATA,1964000,-0.835008,0.550238,2500.0,8.062,8.164,7.694,70.9,3.894,94.0,26.5,1,0,1,0,0,1,1,0,0
DATA,1966000,-0.834928,0.550359,2500.0,8.059,8.174,7.690,70.6,3.894,94.0,26.5,1,0,1,0,0,1,1,0,0
DATA,1968000,-0.834848,0.550481,2500.0,8.050,8.194,7.688,70.5,3.892,94.0,26.5,1,0,1,0,0,1,1,0,0
DATA,1970000,-0.834768,0.550602,2500.0,8.043,8.204,7.694,70.9,3.915,94.0,26.5,1,0,1,0,0,1,1,0,0
DATA,1972000,-0.834688,0.550724,2500.0,8.043,8.202,7.696,71.0,3.918,94.0,26.5,1,0,1,0,0,1,1,0,0
DATA,1974000,-0.834608,0.550845,2500.0,8.040,8.202,7.689,70.6,3.920,94.0,26.5,1,0,1,0,0,1,1,0,0
DATA,1976000,-0.834527,0.550967,2500.0,8.050,8.176,7.694,70.9,3.922,94.0,26.5,1,0,1,0,0,1,1,0,0
DATA,1978000,-0.834447,0.551088,2500.0,8.056,8.162,7.692,70.8,3.912,94.0,26.5,1,0,1,0,0,1,1,0,0
DATA,1980000,-0.834367,0.551209,2500.0,8.050,8.174,7.694,70.9,3.918,94.0,26.5,1,0,1,0,0,1,1,0,0
DATA,1982000,-0.834287,0.551331,2500.0,8.052,8.170,7.689,70.6,3.918,94.0,26.5,1,0,1,0,0,1,1,0,0
DATA,1984000,-0.834206,0.551452,2500.0,8.053,8.168,7.692,70.8,3.905,94.0,26.5,1,0,1,0,0,1,1,0,0
DATA,1986000,-0.834127,0.551573,2500.0,8.048,8.180,7.695,70.9,3.907,94.0,26.5,1,0,1,0,0,1,1,0,0
DATA,1988000,-0.834046,0.551694,2500.0,8.052,8.172,7.695,70.9,3.911,94.0,26.5,1,0,1,0,0,1,1,0,0
DATA,1990000,-0.833966,0.551816,2500.0,8.051,8.168,7.694,70.9,3.906,94.0,26.5,1,0,1,0,0,1,1,0,0
DATA,1992000,-0.833886,0.551937,2500.0,8.047,8.174,7.692,70.7,3.921,94.0,26.5,1,0,1,0,0,1,1,0,0
DATA,1994000,-0.833806,0.552058,2500.0,8.053,8.160,7.692,70.8,3.916,94.0,26.5,1,0,1,0,0,1,1,0,0
DATA,1996000,-0.833725,0.552180,2500.0,8.052,8.157,7.694,70.9,3.911,94.0,26.5,1,0,1,0,0,1,1,0,0
DATA,1998000,-0.833645,0.552301,2500.0,8.038,8.182,7.691,70.7,3.916,94.0,26.5,1,0,1,0,0,1,1,0,0
DATA,2000000,-0.833564,0.552422,2500.0,8.042,8.172,7.690,70.6,3.911,94.0,26.5,1,0,1,0,0,1,1,0,0
DATA,2002000,-0.833484,0.552543,2500.0,8.042,8.170,7.691,70.7,3.903,94.0,26.5,1,0,1,0,0,1,1,0,0
DATA,2004000,-0.833404,0.552664,2500.0,8.041,8.174,7.693,70.8,3.898,94.0,26.5,1,0,1,0,0,1,1,0,0
DATA,2006000,-0.833323,0.552786,2500.0,8.045,8.178,7.690,70.6,3.905,94.0,26.5,1,0,1,0,0,1,1,0,0
DATA,2008000,-0.833243,0.552907,2500.0,8.050,8.174,7.698,71.1,3.894,94.0,26.5,1,0,1,0,0,1,1,0,0
DATA,2010000,-0.833163,0.553028,2500.0,8.049,8.184,7.694,70.9,3.894,94.0,26.5,1,0,1,0,0,1,1,0,0
DATA,2012000,-0.833082,0.553150,2500.0,8.048,8.188,7.691,70.7,3.911,94.0,26.5,1,0,1,0,0,1,1,0,0
DATA,2014000,-0.833002,0.553270,2500.0,8.054,8.174,7.694,70.9,3.910,94.0,26.5,1,0,1,0,0,1,1,0,0
DATA,2016000,-0.832921,0.553392,2500.0,8.049,8.186,7.697,71.0,3.923,94.0,26.5,1,0,1,0,0,1,1,0,0
DATA,2018000,-0.832841,0.553513,2500.0,8.036,8.208,7.690,70.6,3.933,94.0,26.5,1,0,1,0,0,1,1,0,0
DATA,2020000,-0.832760,0.553634,2500.0,8.043,8.194,7.693,70.8,3.917,94.0,26.5,1,0,1,0,0,1,1,0,0
DATA,2022000,-0.832680,0.553755,2500.0,8.042,8.192,7.695,70.9,3.917,94.0,26.5,1,0,1,0,0,1,1,0,0
DATA,2024000,-0.832599,0.553876,2500.0,8.046,8.180,7.692,70.7,3.908,94.0,26.5,1,0,1,0,0,1,1,0,0
DATA,2026000,-0.832519,0.553997,2500.0,8.060,8.149,7.692,70.7,3.898,94.0,26.5,1,0,1,0,0,1,1,0,0
DATA,2028000,-0.832438,0.554119,2500.0,8.055,8.157,7.694,70.9,3.897,94.0,26.5,1,0,1,0,0,1,1,0,0
DATA,2030000,-0.832357,0.554239,2500.0,8.059,8.147,7.692,70.8,3.887,94.0,26.5,1,0,1,0,0,1,1,0,0
DATA,2032000,-0.832277,0.554360,2500.0,8.054,8.155,7.693,70.8,3.896,94.0,26.5,1,0,1,0,0,1,1,0,0
DATA,2034000,-0.832196,0.554482,2500.0,8.055,8.151,7.686,70.4,3.901,94.0,26.5,1,0,1,0,0,1,1,0,0
DATA,2036000,-0.832115,0.554603,2500.0,8.060,8.141,7.691,70.7,3.901,94.0,26.5,1,0,1,0,0,1,1,0,0
DATA,2038000,-0.832035,0.554723,2500.0,8.056,8.149,7.694,70.8,3.914,94.0,26.5,1,0,1,0,0,1,1,0,0
DATA,2040000,-0.831954,0.554844,2500.0,8.063,8.137,7.693,70.8,3.901,94.0,26.5,1,0,1,0,0,1,1,0,0
DATA,2042000,-0.831873,0.554966,2500.0,8.063,8.139,7.696,71.0,3.897,94.0,26.5,1,0,1,0,0,1,1,0,0
DATA,2044000,-0.831793,0.555087,2500.0,8.063,8.143,7.695,70.9,3.898,94.0,26.5,1,0,1,0,0,1,1,0,0
DATA,2046000,-0.831712,0.555207,2500.0,8.057,8.158,7.695,70.9,3.909,94.0,26.5,1,0,1,0,0,1,1,0,0
DATA,2048000,-0.831631,0.555328,2500.0,8.057,8.162,7.693,70.8,3.911,94.0,26.5,1,0,1,0,0,1,1,0,0
DATA,2050000,-0.831550,0.555449,2500.0,8.051,8.174,7.692,70.7,3.926,94.0,26.5,1,0,1,0,0,1,1,0,0
DATA,2052000,-0.831469,0.555570,2500.0,8.042,8.188,7.693,70.8,3.937,94.0,26.5,1,0,1,0,0,1,1,0,0
DATA,2054000,-0.831389,0.555691,2500.0,8.045,8.176,7.687,70.4,3.927,94.0,26.5,1,0,1,0,0,1,1,0,0
DATA,2056000,-0.831308,0.555812,2500.0,8.044,8.176,7.693,70.8,3.926,94.0,26.5,1,0,1,0,0,1,1,0,0
DATA,2058000,-0.831227,0.555933,2500.0,8.049,8.164,7.692,70.7,3.911,94.0,26.5,1,0,1,0,0,1,1,0,0
DATA,2060000,-0.831146,0.556054,2500.0,8.059,8.145,7.696,71.0,3.894,94.0,26.5,1,0,1,0,0,1,1,0,0
DATA,2062000,-0.831066,0.556175,2500.0,8.059,8.145,7.692,70.8,3.897,94.0,26.5,1,0,1,0,0,1,1,0,0
DATA,2064000,-0.830984,0.556296,2500.0,8.055,8.149,7.691,70.7,3.908,94.0,26.5,1,0,1,0,0,1,1,0,0
DATA,2066000,-0.830903,0.556417,2500.0,8.055,8.155,7.694,70.9,3.906,94.0,26.5,1,0,1,0,0,1,1,0,0
DATA,2068000,-0.830823,0.556537,2500.0,8.054,8.162,7.692,70.7,3.908,94.0,26.5,1,0,1,0,0,1,1,0,0
DATA,2070000,-0.830742,0.556658,2500.0,8.059,8.155,7.695,70.9,3.891,94.0,26.5,1,0,1,0,0,1,1,0,0
DATA,2072000,-0.830661,0.556779,2500.0,8.061,8.151,7.692,70.7,3.883,94.0,26.5,1,0,1,0,0,1,1,0,0
DATA,2074000,-0.830580,0.556900,2500.0,8.060,8.153,7.695,70.9,3.891,94.0,26.5,1,0,1,0,0,1,1,0,0
DATA,2076000,-0.830499,0.557021,2500.0,8.060,8.153,7.695,71.0,3.890,94.0,27.0,1,0,1,0,0,1,1,0,0
DATA,2078000,-0.830417,0.557142,2500.0,8.055,8.168,7.695,70.9,3.904,94.0,27.0,1,0,1,0,0,1,1,0,0
DATA,2080000,-0.830337,0.557262,2500.0,8.057,8.166,7.691,70.7,3.901,94.0,27.0,1,0,1,0,0,1,1,0,0
DATA,2082000,-0.830256,0.557383,2500.0,8.057,8.160,7.691,70.7,3.891,94.0,27.0,1,0,1,0,0,1,1,0,0
DATA,2084000,-0.830174,0.557504,2500.0,8.053,8.164,7.694,70.9,3.894,94.0,27.0,1,0,1,0,0,1,1,0,0
DATA,2086000,-0.830093,0.557625,2500.0,8.046,8.180,7.690,70.7,3.900,94.0,27.0,1,0,1,0,0,1,1,0,0
DATA,2088000,-0.830012,0.557745,2500.0,8.045,8.180,7.692,70.8,3.907,94.0,27.0,1,0,1,0,0,1,1,0,0
DATA,2090000,-0.829931,0.557866,2500.0,8.048,8.178,7.696,71.0,3.908,94.0,27.0,1,0,1,0,0,1,1,0,0
DATA,2092000,-0.829850,0.557987,2500.0,8.054,8.170,7.695,70.9,3.905,94.0,27.0,1,0,1,0,0,1,1,0,0
DATA,2094000,-0.829769,0.558108,2500.0,8.065,8.147,7.691,70.7,3.888,94.0,27.0,1,0,1,0,0,1,1,0,0
DATA,2096000,-0.829688,0.558228,2500.0,8.065,8.151,7.697,71.1,3.877,94.0,27.0,1,0,1,0,0,1,1,0,0
DATA,2098000,-0.829606,0.558349,2500.0,8.055,8.180,7.692,70.8,3.890,94.0,27.0,1,0,1,0,0,1,1,0,0
DATA,2100000,-0.829525,0.558470,2500.0,8.057,8.182,7.696,71.0,3.891,94.0,27.0,1,0,1,0,0,1,1,0,0
DATA,2102000,-0.829444,0.558590,2500.0,8.058,8.182,7.694,70.9,3.898,94.0,27.0,1,0,1,0,0,1,1,0,0
DATA,2104000,-0.829363,0.558711,2500.0,8.057,8.186,7.695,70.9,3.901,94.0,27.0,1,0,1,0,0,1,1,0,0
DATA,2106000,-0.829282,0.558831,2500.0,8.058,8.182,7.693,70.8,3.906,94.0,27.0,1,0,1,0,0,1,1,0,0
DATA,2108000,-0.829200,0.558952,2500.0,8.053,8.190,7.691,70.7,3.925,94.0,27.0,1,0,1,0,0,1,1,0,0
DATA,2110000,-0.829119,0.559073,2500.0,8.046,8.200,7.694,70.8,3.934,94.0,27.0,1,0,1,0,0,1,1,0,0
DATA,2112000,-0.829038,0.559193,2500.0,8.046,8.198,7.694,70.9,3.929,94.0,27.0,1,0,1,0,0,1,1,0,0
DATA,2114000,-0.828956,0.559313,2500.0,8.050,8.196,7.693,70.8,3.931,94.0,27.0,1,0,1,0,0,1,1,0,0
DATA,2116000,-0.828875,0.559434,2500.0,8.058,8.178,7.694,70.8,3.912,94.0,27.0,1,0,1,0,0,1,1,0,0
DATA,2118000,-0.828793,0.559555,2500.0,8.062,8.172,7.692,70.8,3.912,94.0,27.0,1,0,1,0,0,1,1,0,0
DATA,2120000,-0.828712,0.559675,2500.0,8.067,8.162,7.696,71.0,3.905,94.0,27.0,1,0,1,0,0,1,1,0,0
DATA,2122000,-0.828631,0.559796,2500.0,8.067,8.160,7.688,70.5,3.909,94.0,27.0,1,0,1,0,0,1,1,0,0
DATA,2124000,-0.828549,0.559916,2500.0,8.067,8.162,7.691,70.7,3.907,94.0,27.0,1,0,1,0,0,1,1,0,0
DATA,2126000,-0.828468,0.560037,2500.0,8.069,8.158,7.692,70.8,3.894,94.0,27.0,1,0,1,0,0,1,1,0,0
DATA,2128000,-0.828386,0.560157,2500.0,8.069,8.160,7.694,70.9,3.894,94.0,27.0,1,0,1,0,0,1,1,0,0
DATA,2130000,-0.828305,0.560278,2500.0,8.072,8.147,7.698,71.2,3.872,94.0,27.0,1,0,1,0,0,1,1,0,0
DATA,2132000,-0.828223,0.560398,2500.0,8.060,8.174,7.687,70.4,3.884,94.0,27.0,1,0,1,0,0,1,1,0,0
DATA,2134000,-0.828142,0.560519,2500.0,8.051,8.188,7.694,70.8,3.901,94.0,27.0,1,0,1,0,0,1,1,0,0
DATA,2136000,-0.828060,0.560639,2500.0,8.047,8.198,7.697,71.1,3.913,94.0,27.0,1,0,1,0,0,1,1,0,0
DATA,2138000,-0.827979,0.560760,2500.0,8.035,8.225,7.690,70.6,3.927,94.0,27.0,1,0,1,0,0,1,1,0,0
DATA,2140000,-0.827897,0.560880,2500.0,8.048,8.196,7.695,70.9,3.916,94.0,27.0,1,0,1,0,0,1,1,0,0
DATA,2142000,-0.827815,0.561001,2500.0,8.047,8.202,7.691,70.7,3.925,94.0,27.0,1,0,1,0,0,1,1,0,0
DATA,2144000,-0.827734,0.561121,2500.0,8.042,8.208,7.690,70.6,3.931,94.0,27.0,1,0,1,0,0,1,1,0,0
DATA,2146000,-0.827652,0.561241,2500.0,8.047,8.194,7.685,70.3,3.933,94.0,27.0,1,0,1,0,0,1,1,0,0
DATA,2148000,-0.827571,0.561361,2500.0,8.040,8.202,7.682,70.1,3.943,94.0,27.0,1,0,1,0,0,1,1,0,0
DATA,2150000,-0.827489,0.561482,2500.0,8.045,8.186,7.689,70.6,3.932,94.0,27.0,1,0,1,0,0,1,1,0,0
DATA,2152000,-0.827407,0.561602,2500.0,8.040,8.196,7.682,70.1,3.923,94.0,27.0,1,0,1,0,0,1,1,0,0
DATA,2154000,-0.827326,0.561723,2500.0,8.048,8.184,7.686,70.4,3.907,94.0,27.0,1,0,1,0,0,1,1,0,0
DATA,2156000,-0.827244,0.561843,2500.0,8.043,8.194,7.684,70.3,3.908,94.0,27.0,1,0,1,0,0,1,1,0,0
DATA,2158000,-0.827162,0.561963,2500.0,8.046,8.192,7.692,70.8,3.895,94.0,27.0,1,0,1,0,0,1,1,0,0
DATA,2160000,-0.827080,0.562084,2500.0,8.057,8.170,7.690,70.6,3.892,94.0,27.0,1,0,1,0,0,1,1,0,0
DATA,2162000,-0.826999,0.562204,2500.0,8.053,8.180,7.696,71.0,3.905,94.0,27.0,1,0,1,0,0,1,1,0,0
DATA,2164000,-0.826917,0.562324,2500.0,8.058,8.172,7.694,70.9,3.908,94.0,27.0,1,0,1,0,0,1,1,0,0
DATA,2166000,-0.826835,0.562444,2500.0,8.059,8.166,7.697,71.1,3.908,94.0,27.0,1,0,1,0,0,1,1,0,0
DATA,2168000,-0.826753,0.562565,2500.0,8.063,8.160,7.695,71.0,3.901,94.0,27.0,1,0,1,0,0,1,1,0,0
DATA,2170000,-0.826671,0.562685,2500.0,8.066,8.149,7.698,71.1,3.892,94.0,27.0,1,0,1,0,0,1,1,0,0
DATA,2172000,-0.826590,0.562805,2500.0,8.069,8.143,7.695,70.9,3.883,94.0,27.0,1,0,1,0,0,1,1,0,0
DATA,2174000,-0.826508,0.562925,2500.0,8.062,8.153,7.695,71.0,3.891,94.0,27.0,1,0,1,0,0,1,1,0,0
DATA,2176000,-0.826426,0.563046,2500.0,8.062,8.158,7.689,70.5,3.891,94.0,27.0,1,0,1,0,0,1,1,0,0
DATA,2178000,-0.826344,0.563166,2500.0,8.057,8.170,7.688,70.5,3.904,94.0,27.0,1,0,1,0,0,1,1,0,0
DATA,2180000,-0.826262,0.563285,2500.0,8.059,8.166,7.688,70.5,3.900,94.0,27.0,1,0,1,0,0,1,1,0,0
DATA,2182000,-0.826180,0.563406,2500.0,8.059,8.168,7.687,70.5,3.905,94.0,27.0,1,0,1,0,0,1,1,0,0
DATA,2184000,-0.826098,0.563526,2500.0,8.058,8.174,7.684,70.2,3.905,94.0,27.0,1,0,1,0,0,1,1,0,0
DATA,2186000,-0.826016,0.563646,2500.0,8.060,8.172,7.688,70.5,3.903,94.0,27.0,1,0,1,0,0,1,1,0,0
DATA,2188000,-0.825935,0.563766,2500.0,8.051,8.190,7.688,70.5,3.907,94.0,27.0,1,0,1,0,0,1,1,0,0
DATA,2190000,-0.825852,0.563887,2500.0,8.055,8.182,7.688,70.5,3.899,94.0,27.0,1,0,1,0,0,1,1,0,0
DATA,2192000,-0.825770,0.564007,2500.0,8.053,8.178,7.685,70.3,3.902,94.0,27.0,1,0,1,0,0,1,1,0,0
DATA,2194000,-0.825688,0.564127,2500.0,8.054,8.172,7.685,70.3,3.901,94.0,27.0,1,0,1,0,0,1,1,0,0
DATA,2196000,-0.825606,0.564247,2500.0,8.062,8.151,7.689,70.5,3.894,94.0,27.0,1,0,1,0,0,1,1,0,0
DATA,2198000,-0.825524,0.564367,2500.0,8.057,8.158,7.683,70.2,3.898,94.0,27.0,1,0,1,0,0,1,1,0,0
DATA,2200000,-0.825442,0.564487,2500.0,8.052,8.166,7.683,70.2,3.916,94.0,27.0,1,0,1,0,0,1,1,0,0
DATA,2202000,-0.825360,0.564607,2500.0,8.053,8.164,7.686,70.4,3.908,94.0,27.0,1,0,1,0,0,1,1,0,0
DATA,2204000,-0.825278,0.564727,2500.0,8.047,8.176,7.686,70.4,3.923,94.0,27.0,1,0,1,0,0,1,1,0,0
DATA,2206000,-0.825196,0.564847,2500.0,8.051,8.168,7.687,70.5,3.923,94.0,27.0,1,0,1,0,0,1,1,0,0
DATA,2208000,-0.825113,0.564967,2500.0,8.054,8.164,7.688,70.5,3.906,94.0,27.0,1,0,1,0,0,1,1,0,0
DATA,2210000,-0.825031,0.565087,2500.0,8.046,8.180,7.684,70.3,3.928,94.0,27.0,1,0,1,0,0,1,1,0,0
DATA,2212000,-0.824949,0.565207,2500.0,8.051,8.170,7.690,70.6,3.912,94.0,27.0,1,0,1,0,0,1,1,0,0
DATA,2214000,-0.824867,0.565327,2500.0,8.052,8.170,7.689,70.5,3.907,94.0,27.0,1,0,1,0,0,1,1,0,0
DATA,2216000,-0.824785,0.565447,2500.0,8.055,8.162,7.688,70.5,3.901,94.0,27.0,1,0,1,0,0,1,1,0,0
DATA,2218000,-0.824702,0.565567,2500.0,8.056,8.155,7.684,70.3,3.894,94.0,27.0,1,0,1,0,0,1,1,0,0
DATA,2220000,-0.824620,0.565687,2500.0,8.053,8.162,7.688,70.5,3.906,94.0,27.0,1,0,1,0,0,1,1,0,0
DATA,2222000,-0.824538,0.565807,2500.0,8.053,8.160,7.688,70.5,3.900,94.0,27.0,1,0,1,0,0,1,1,0,0
DATA,2224000,-0.824456,0.565927,2500.0,8.047,8.176,7.690,70.6,3.907,94.0,27.0,1,0,1,0,0,1,1,0,0
DATA,2226000,-0.824373,0.566047,2500.0,8.055,8.164,7.690,70.7,3.891,94.0,27.0,1,0,1,0,0,1,1,0,0
DATA,2228000,-0.824291,0.566167,2500.0,8.054,8.164,7.688,70.5,3.888,94.0,27.0,1,0,1,0,0,1,1,0,0
DATA,2230000,-0.824209,0.566286,2500.0,8.050,8.174,7.685,70.3,3.899,94.0,27.0,1,0,1,0,0,1,1,0,0
DATA,2232000,-0.824126,0.566406,2500.0,8.058,8.153,7.689,70.6,3.890,94.0,27.0,1,0,1,0,0,1,1,0,0
DATA,2234000,-0.824044,0.566526,2500.0,8.049,8.174,7.692,70.7,3.912,94.0,27.0,1,0,1,0,0,1,1,0,0
DATA,2236000,-0.823961,0.566646,2500.0,8.051,8.176,7.694,70.9,3.916,94.0,27.0,1,0,1,0,0,1,1,0,0
DATA,2238000,-0.823879,0.566766,2500.0,8.054,8.172,7.691,70.7,3.913,94.0,27.0,1,0,1,0,0,1,1,0,0
DATA,2240000,-0.823797,0.566886,2500.0,8.053,8.178,7.692,70.7,3.915,94.0,27.0,1,0,1,0,0,1,1,0,0
DATA,2242000,-0.823714,0.567006,2500.0,8.055,8.176,7.695,70.9,3.912,94.0,27.0,1,0,1,0,0,1,1,0,0
DATA,2244000,-0.823631,0.567125,2500.0,8.060,8.162,7.693,70.8,3.899,94.0,27.0,1,0,1,0,0,1,1,0,0
DATA,2246000,-0.823549,0.567245,2500.0,8.057,8.166,7.691,70.7,3.904,94.0,27.0,1,0,1,0,0,1,1,0,0
DATA,2248000,-0.823466,0.567365,2500.0,8.053,8.176,7.696,71.0,3.913,94.0,27.0,1,0,1,0,0,1,1,0,0
DATA,2250000,-0.823384,0.567485,2500.0,8.053,8.174,7.697,71.0,3.912,94.0,27.0,1,0,1,0,0,1,1,0,0
DATA,2252000,-0.823301,0.567605,2500.0,8.053,8.176,7.694,70.9,3.903,94.0,27.0,1,0,1,0,0,1,1,0,0
DATA,2254000,-0.823219,0.567724,2500.0,8.046,8.194,7.689,70.6,3.911,94.0,27.0,1,0,1,0,0,1,1,0,0
DATA,2256000,-0.823136,0.567844,2500.0,8.045,8.198,7.695,70.9,3.911,94.0,27.0,1,0,1,0,0,1,1,0,0
DATA,2258000,-0.823054,0.567964,2500.0,8.047,8.196,7.697,71.1,3.909,94.0,27.0,1,0,1,0,0,1,1,0,0
DATA,2260000,-0.822971,0.568083,2500.0,8.047,8.198,7.693,70.8,3.917,94.0,27.0,1,0,1,0,0,1,1,0,0
DATA,2262000,-0.822889,0.568203,2500.0,8.053,8.184,7.693,70.8,3.916,94.0,27.0,1,0,1,0,0,1,1,0,0
DATA,2264000,-0.822806,0.568323,2500.0,8.062,8.172,7.693,70.8,3.898,94.0,27.0,1,0,1,0,0,1,1,0,0
DATA,2266000,-0.822723,0.568442,2500.0,8.061,8.176,7.695,70.9,3.907,94.0,27.0,1,0,1,0,0,1,1,0,0
DATA,2268000,-0.822640,0.568562,2500.0,8.061,8.180,7.694,70.9,3.906,94.0,27.0,1,0,1,0,0,1,1,0,0
DATA,2270000,-0.822558,0.568682,2500.0,8.058,8.186,7.694,70.9,3.908,94.0,27.0,1,0,1,0,0,1,1,0,0
DATA,2272000,-0.822475,0.568801,2500.0,8.058,8.180,7.692,70.8,3.919,94.0,27.0,1,0,1,0,0,1,1,0,0
DATA,2274000,-0.822392,0.568921,2500.0,8.055,8.184,7.695,70.9,3.921,94.0,27.0,1,0,1,0,0,1,1,0,0
DATA,2276000,-0.822309,0.569041,2500.0,8.060,8.172,7.695,70.9,3.920,94.0,27.0,1,0,1,0,0,1,1,0,0
DATA,2278000,-0.822227,0.569160,2500.0,8.068,8.155,7.697,71.1,3.907,94.0,27.0,1,0,1,0,0,1,1,0,0
DATA,2280000,-0.822144,0.569280,2500.0,8.066,8.153,7.692,70.8,3.902,94.0,27.0,1,0,1,0,0,1,1,0,0
DATA,2282000,-0.822061,0.569399,2500.0,8.066,8.155,7.695,70.9,3.896,94.0,27.0,1,0,1,0,0,1,1,0,0
DATA,2284000,-0.821978,0.569519,2500.0,8.066,8.157,7.692,70.7,3.893,94.0,27.0,1,0,1,0,0,1,1,0,0
DATA,2286000,-0.821895,0.569638,2500.0,8.060,8.168,7.696,71.0,3.906,94.0,27.0,1,0,1,0,0,1,1,0,0
DATA,2288000,-0.821813,0.569758,2500.0,8.062,8.166,7.697,71.0,3.901,94.0,27.0,1,0,1,0,0,1,1,0,0
DATA,2290000,-0.821730,0.569877,2500.0,8.066,8.153,7.691,70.7,3.899,94.0,27.0,1,0,1,0,0,1,1,0,0
DATA,2292000,-0.821647,0.569997,2500.0,8.066,8.151,7.697,71.1,3.893,94.0,27.0,1,0,1,0,0,1,1,0,0
DATA,2294000,-0.821564,0.570116,2500.0,8.062,8.155,7.688,70.5,3.898,94.0,27.0,1,0,1,0,0,1,1,0,0
DATA,2296000,-0.821481,0.570236,2500.0,8.057,8.164,7.693,70.8,3.906,94.0,27.0,1,0,1,0,0,1,1,0,0
DATA,2298000,-0.821398,0.570355,2500.0,8.047,8.184,7.690,70.6,3.922,94.0,27.0,1,0,1,0,0,1,1,0,0
DATA,2300000,-0.821315,0.570475,2500.0,8.046,8.180,7.691,70.7,3.920,94.0,27.0,1,0,1,0,0,1,1,0,0
DATA,2302000,-0.821232,0.570594,2500.0,8.050,8.172,7.688,70.5,3.911,94.0,27.0,1,0,1,0,0,1,1,0,0
DATA,2304000,-0.821149,0.570714,2500.0,8.047,8.174,7.684,70.2,3.913,94.0,27.0,1,0,1,0,0,1,1,0,0
DATA,2306000,-0.821066,0.570833,2500.0,8.052,8.162,7.688,70.5,3.900,94.0,27.0,1,0,1,0,0,1,1,0,0
DATA,2308000,-0.820983,0.570952,2500.0,8.054,8.155,7.685,70.3,3.896,94.0,27.0,1,0,1,0,0,1,1,0,0
DATA,2310000,-0.820900,0.571072,2500.0,8.042,8.176,7.684,70.3,3.904,94.0,27.0,1,0,1,0,0,1,1,0,0
DATA,2312000,-0.820817,0.571191,2500.0,8.044,8.172,7.689,70.6,3.897,94.0,27.0,1,0,1,0,0,1,1,0,0
DATA,2314000,-0.820734,0.571311,2500.0,8.043,8.176,7.689,70.6,3.909,94.0,27.0,1,0,1,0,0,1,1,0,0
DATA,2316000,-0.820651,0.571430,2500.0,8.035,8.192,7.686,70.4,3.929,94.0,27.0,1,0,1,0,0,1,1,0,0
DATA,2318000,-0.820568,0.571549,2500.0,8.042,8.174,7.687,70.5,3.922,94.0,27.0,1,0,1,0,0,1,1,0,0
DATA,2320000,-0.820485,0.571669,2500.0,8.041,8.172,7.687,70.4,3.928,94.0,27.0,1,0,1,0,0,1,1,0,0
DATA,2322000,-0.820401,0.571788,2500.0,8.040,8.172,7.691,70.7,3.925,94.0,27.0,1,0,1,0,0,1,1,0,0
DATA,2324000,-0.820318,0.571907,2500.0,8.043,8.166,7.687,70.4,3.908,94.0,27.0,1,0,1,0,0,1,1,0,0
DATA,2326000,-0.820235,0.572027,2500.0,8.045,8.166,7.686,70.4,3.901,94.0,27.0,1,0,1,0,0,1,1,0,0
DATA,2328000,-0.820152,0.572146,2500.0,8.045,8.166,7.689,70.5,3.895,94.0,27.0,1,0,1,0,0,1,1,0,0
DATA,2330000,-0.820068,0.572266,2500.0,8.045,8.168,7.683,70.2,3.901,94.0,27.0,1,0,1,0,0,1,1,0,0
DATA,2332000,-0.819985,0.572384,2500.0,8.052,8.153,7.691,70.7,3.894,94.0,27.0,1,0,1,0,0,1,1,0,0
DATA,2334000,-0.819902,0.572504,2500.0,8.049,8.157,7.686,70.4,3.903,94.0,27.0,1,0,1,0,0,1,1,0,0
DATA,2336000,-0.819819,0.572623,2500.0,8.047,8.166,7.684,70.3,3.913,94.0,27.0,1,0,1,0,0,1,1,0,0
DATA,2338000,-0.819735,0.572743,2500.0,8.051,8.162,7.686,70.4,3.907,94.0,27.0,1,0,1,0,0,1,1,0,0
DATA,2340000,-0.819652,0.572861,2500.0,8.053,8.164,7.693,70.8,3.907,94.0,27.0,1,0,1,0,0,1,1,0,0
DATA,2342000,-0.819569,0.572981,2500.0,8.055,8.168,7.686,70.4,3.905,94.0,27.0,1,0,1,0,0,1,1,0,0
DATA,2344000,-0.819485,0.573100,2500.0,8.060,8.162,7.690,70.6,3.894,94.0,27.0,1,0,1,0,0,1,1,0,0
DATA,2346000,-0.819402,0.573219,2500.0,8.057,8.166,7.689,70.6,3.898,94.0,27.0,1,0,1,0,0,1,1,0,0
DATA,2348000,-0.819319,0.573338,2500.0,8.045,8.186,7.684,70.2,3.918,94.0,27.0,1,0,1,0,0,1,1,0,0
DATA,2350000,-0.819236,0.573457,2500.0,8.051,8.168,7.686,70.4,3.907,94.0,27.0,1,0,1,0,0,1,1,0,0
DATA,2352000,-0.819152,0.573577,2500.0,8.049,8.168,7.688,70.5,3.915,94.0,27.0,1,0,1,0,0,1,1,0,0
DATA,2354000,-0.819068,0.573696,2500.0,8.049,8.164,7.683,70.2,3.904,94.0,27.0,1,0,1,0,0,1,1,0,0
DATA,2356000,-0.818985,0.573815,2500.0,8.056,8.147,7.690,70.6,3.905,94.0,27.0,1,0,1,0,0,1,1,0,0
DATA,2358000,-0.818902,0.573934,2500.0,8.048,8.162,7.684,70.3,3.923,94.0,27.0,1,0,1,0,0,1,1,0,0
DATA,2360000,-0.818818,0.574053,2500.0,8.045,8.170,7.688,70.5,3.925,94.0,27.0,1,0,1,0,0,1,1,0,0
DATA,2362000,-0.818735,0.574172,2500.0,8.045,8.170,7.688,70.5,3.934,94.0,27.0,1,0,1,0,0,1,1,0,0
DATA,2364000,-0.818651,0.574291,2500.0,8.044,8.176,7.686,70.4,3.918,94.0,27.0,1,0,1,0,0,1,1,0,0
DATA,2366000,-0.818567,0.574410,2500.0,8.051,8.166,7.685,70.3,3.902,94.0,27.0,1,0,1,0,0,1,1,0,0
DATA,2368000,-0.818484,0.574529,2500.0,8.054,8.164,7.685,70.3,3.903,94.0,27.0,1,0,1,0,0,1,1,0,0
DATA,2370000,-0.818400,0.574648,2500.0,8.058,8.157,7.688,70.5,3.896,94.0,27.0,1,0,1,0,0,1,1,0,0
DATA,2372000,-0.818317,0.574767,2500.0,8.061,8.151,7.684,70.2,3.898,94.0,27.0,1,0,1,0,0,1,1,0,0
DATA,2374000,-0.818233,0.574886,2500.0,8.059,8.155,7.686,70.4,3.906,94.0,27.0,1,0,1,0,0,1,1,0,0
DATA,2376000,-0.818150,0.575005,2500.0,8.056,8.160,7.688,70.5,3.916,94.0,27.0,1,0,1,0,0,1,1,0,0
DATA,2378000,-0.818066,0.575124,2500.0,8.053,8.164,7.687,70.4,3.915,94.0,27.0,1,0,1,0,0,1,1,0,0
DATA,2380000,-0.817983,0.575243,2500.0,8.052,8.166,7.686,70.4,3.909,94.0,27.0,1,0,1,0,0,1,1,0,0
DATA,2382000,-0.817899,0.575362,2500.0,8.056,8.153,7.688,70.5,3.899,94.0,27.0,1,0,1,0,0,1,1,0,0
DATA,2384000,-0.817815,0.575481,2500.0,8.053,8.160,7.689,70.6,3.901,94.0,27.0,1,0,1,0,0,1,1,0,0
DATA,2386000,-0.817731,0.575600,2500.0,8.058,8.149,7.687,70.4,3.895,94.0,27.0,1,0,1,0,0,1,1,0,0
DATA,2388000,-0.817647,0.575720,2500.0,8.054,8.158,7.686,70.4,3.907,94.0,27.0,1,0,1,0,0,1,1,0,0
DATA,2390000,-0.817564,0.575838,2500.0,8.047,8.176,7.684,70.3,3.918,94.0,27.0,1,0,1,0,0,1,1,0,0
DATA,2392000,-0.817480,0.575957,2500.0,8.051,8.168,7.689,70.5,3.912,94.0,27.0,1,0,1,0,0,1,1,0,0
DATA,2394000,-0.817396,0.576076,2500.0,8.048,8.170,7.683,70.2,3.908,94.0,27.0,1,0,1,0,0,1,1,0,0
DATA,2396000,-0.817312,0.576195,2500.0,8.052,8.160,7.691,70.7,3.898,94.0,27.0,1,0,1,0,0,1,1,0,0
DATA,2398000,-0.817229,0.576314,2500.0,8.043,8.176,7.683,70.2,3.907,94.0,27.0,1,0,1,0,0,1,1,0,0
DATA,2400000,-0.817145,0.576432,2500.0,8.040,8.180,7.688,70.5,3.910,94.0,27.0,1,0,1,0,0,1,1,0,0
DATA,2402000,-0.817061,0.576551,2500.0,8.042,8.180,7.688,70.5,3.917,94.0,27.0,1,0,1,0,0,1,1,0,0
DATA,2404000,-0.816977,0.576670,2500.0,8.042,8.178,7.684,70.2,3.918,94.0,27.0,1,0,1,0,0,1,1,0,0
DATA,2406000,-0.816893,0.576789,2500.0,8.052,8.153,7.684,70.2,3.903,94.0,27.0,1,0,1,0,0,1,1,0,0
DATA,2408000,-0.816809,0.576908,2500.0,8.056,8.143,7.685,70.3,3.898,94.0,27.0,1,0,1,0,0,1,1,0,0
DATA,2410000,-0.816725,0.577026,2500.0,8.055,8.145,7.687,70.4,3.891,94.0,27.0,1,0,1,0,0,1,1,0,0
DATA,2412000,-0.816642,0.577145,2500.0,8.053,8.157,7.687,70.4,3.901,94.0,27.0,1,0,1,0,0,1,1,0,0
DATA,2414000,-0.816558,0.577264,2500.0,8.058,8.157,7.687,70.4,3.898,94.0,27.0,1,0,1,0,0,1,1,0,0
DATA,2416000,-0.816474,0.577383,2500.0,8.048,8.180,7.685,70.3,3.916,94.0,27.0,1,0,1,0,0,1,1,0,0
DATA,2418000,-0.816390,0.577502,2500.0,8.046,8.184,7.687,70.4,3.920,94.0,27.0,1,0,1,0,0,1,1,0,0
DATA,2420000,-0.816306,0.577620,2500.0,8.036,8.200,7.680,70.0,3.922,94.0,27.0,1,0,1,0,0,1,1,0,0
DATA,2422000,-0.816222,0.577739,2500.0,8.037,8.192,7.687,70.4,3.922,94.0,27.0,1,0,1,0,0,1,1,0,0
DATA,2424000,-0.816138,0.577858,2500.0,8.039,8.188,7.683,70.2,3.913,94.0,27.0,1,0,1,0,0,1,1,0,0
DATA,2426000,-0.816054,0.577976,2500.0,8.033,8.196,7.682,70.1,3.930,94.0,27.0,1,0,1,0,0,1,1,0,0
DATA,2428000,-0.815969,0.578095,2500.0,8.037,8.186,7.683,70.2,3.937,94.0,27.0,1,0,1,0,0,1,1,0,0
DATA,2430000,-0.815885,0.578214,2500.0,8.033,8.192,7.686,70.4,3.941,94.0,27.0,1,0,1,0,0,1,1,0,0
DATA,2432000,-0.815801,0.578333,2500.0,8.041,8.178,7.688,70.5,3.928,94.0,27.0,1,0,1,0,0,1,1,0,0
DATA,2434000,-0.815717,0.578451,2500.0,8.040,8.180,7.684,70.3,3.927,94.0,27.0,1,0,1,0,0,1,1,0,0
DATA,2436000,-0.815633,0.578570,2500.0,8.042,8.176,7.686,70.4,3.919,94.0,27.0,1,0,1,0,0,1,1,0,0
DATA,2438000,-0.815549,0.578688,2500.0,8.041,8.182,7.690,70.6,3.921,94.0,27.0,1,0,1,0,0,1,1,0,0
DATA,2440000,-0.815464,0.578807,2500.0,8.042,8.182,7.687,70.4,3.926,94.0,27.0,1,0,1,0,0,1,1,0,0
DATA,2442000,-0.815381,0.578925,2500.0,8.045,8.180,7.682,70.1,3.916,94.0,27.0,1,0,1,0,0,1,1,0,0
DATA,2444000,-0.815296,0.579044,2500.0,8.050,8.170,7.686,70.4,3.907,94.0,27.0,1,0,1,0,0,1,1,0,0
DATA,2446000,-0.815212,0.579163,2500.0,8.049,8.172,7.687,70.4,3.901,94.0,27.0,1,0,1,0,0,1,1,0,0
DATA,2448000,-0.815128,0.579282,2500.0,8.048,8.172,7.686,70.4,3.899,94.0,27.0,1,0,1,0,0,1,1,0,0
DATA,2450000,-0.815044,0.579400,2500.0,8.046,8.174,7.681,70.1,3.908,94.0,27.0,1,0,1,0,0,1,1,0,0
DATA,2452000,-0.814959,0.579518,2500.0,8.041,8.184,7.688,70.5,3.916,94.0,27.0,1,0,1,0,0,1,1,0,0
DATA,2454000,-0.814875,0.579637,2500.0,8.037,8.192,7.687,70.4,3.922,94.0,27.0,1,0,1,0,0,1,1,0,0
DATA,2456000,-0.814790,0.579756,2500.0,8.040,8.188,7.686,70.4,3.911,94.0,27.0,1,0,1,0,0,1,1,0,0
DATA,2458000,-0.814706,0.579874,2500.0,8.048,8.176,7.684,70.2,3.899,94.0,27.0,1,0,1,0,0,1,1,0,0
DATA,2460000,-0.814622,0.579992,2500.0,8.050,8.172,7.687,70.4,3.901,94.0,27.0,1,0,1,0,0,1,1,0,0
DATA,2462000,-0.814537,0.580111,2500.0,8.058,8.155,7.689,70.5,3.902,94.0,27.0,1,0,1,0,0,1,1,0,0
DATA,2464000,-0.814453,0.580230,2500.0,8.058,8.155,7.687,70.4,3.909,94.0,27.0,1,0,1,0,0,1,1,0,0
DATA,2466000,-0.814369,0.580348,2500.0,8.046,8.178,7.685,70.3,3.927,94.0,27.0,1,0,1,0,0,1,1,0,0
DATA,2468000,-0.814285,0.580466,2500.0,8.048,8.170,7.687,70.4,3.918,94.0,27.0,1,0,1,0,0,1,1,0,0
DATA,2470000,-0.814200,0.580585,2500.0,8.045,8.172,7.687,70.4,3.914,94.0,27.0,1,0,1,0,0,1,1,0,0
DATA,2472000,-0.814115,0.580703,2500.0,8.042,8.172,7.686,70.4,3.912,94.0,27.0,1,0,1,0,0,1,1,0,0
DATA,2474000,-0.814031,0.580821,2500.0,8.054,8.149,7.689,70.6,3.900,94.0,27.0,1,0,1,0,0,1,1,0,0
DATA,2476000,-0.813947,0.580940,2500.0,8.053,8.151,7.687,70.4,3.904,94.0,27.0,1,0,1,0,0,1,1,0,0
DATA,2478000,-0.813862,0.581058,2500.0,8.052,8.158,7.687,70.4,3.906,94.0,27.0,1,0,1,0,0,1,1,0,0
DATA,2480000,-0.813777,0.581177,2500.0,8.051,8.158,7.687,70.4,3.912,94.0,27.0,1,0,1,0,0,1,1,0,0
DATA,2482000,-0.813693,0.581295,2500.0,8.050,8.153,7.688,70.5,3.906,94.0,27.0,1,0,1,0,0,1,1,0,0
DATA,2484000,-0.813608,0.581413,2500.0,8.050,8.149,7.685,70.3,3.911,94.0,27.0,1,0,1,0,0,1,1,0,0
DATA,2486000,-0.813524,0.581532,2500.0,8.052,8.141,7.689,70.6,3.903,94.0,27.0,1,0,1,0,0,1,1,0,0
DATA,2488000,-0.813439,0.581650,2500.0,8.055,8.137,7.685,70.3,3.895,94.0,27.0,1,0,1,0,0,1,1,0,0
DATA,2490000,-0.813355,0.581768,2500.0,8.050,8.147,7.687,70.4,3.908,94.0,27.0,1,0,1,0,0,1,1,0,0
DATA,2492000,-0.813270,0.581887,2500.0,8.052,8.147,7.688,70.5,3.898,94.0,27.0,1,0,1,0,0,1,1,0,0
DATA,2494000,-0.813186,0.582004,2500.0,8.052,8.149,7.687,70.5,3.903,94.0,27.0,1,0,1,0,0,1,1,0,0
DATA,2496000,-0.813101,0.582123,2500.0,8.051,8.158,7.687,70.4,3.902,94.0,27.0,1,0,1,0,0,1,1,0,0
DATA,2498000,-0.813016,0.582241,2500.0,8.056,8.149,7.688,70.5,3.888,94.0,27.0,1,0,1,0,0,1,1,0,0
DATA,2500000,-0.812931,0.582360,2500.0,8.053,8.155,7.683,70.2,3.891,94.0,27.0,1,0,1,0,0,1,1,0,0
DATA,2502000,-0.812847,0.582477,2500.0,8.047,8.168,7.684,70.2,3.898,94.0,27.0,1,0,1,0,0,1,1,0,0
DATA,2504000,-0.812762,0.582596,2500.0,8.053,8.155,7.686,70.4,3.900,94.0,27.0,1,0,1,0,0,1,1,0,0
DATA,2506000,-0.812677,0.582714,2500.0,8.047,8.168,7.685,70.3,3.915,94.0,27.0,1,0,1,0,0,1,1,0,0
DATA,2508000,-0.812592,0.582832,2500.0,8.050,8.160,7.686,70.4,3.915,94.0,27.0,1,0,1,0,0,1,1,0,0
DATA,2510000,-0.812508,0.582950,2500.0,8.055,8.147,7.684,70.3,3.905,94.0,27.0,1,0,1,0,0,1,1,0,0
DATA,2512000,-0.812423,0.583069,2500.0,8.053,8.149,7.685,70.3,3.910,94.0,27.0,1,0,1,0,0,1,1,0,0
DATA,2514000,-0.812338,0.583187,2500.0,8.047,8.155,7.685,70.3,3.917,94.0,27.0,1,0,1,0,0,1,1,0,0
DATA,2516000,-0.812253,0.583305,2500.0,8.050,8.155,7.686,70.4,3.910,94.0,27.0,1,0,1,0,0,1,1,0,0
DATA,2518000,-0.812169,0.583423,2500.0,8.047,8.168,7.688,70.5,3.926,94.0,27.0,1,0,1,0,0,1,1,0,0
DATA,2520000,-0.812083,0.583541,2500.0,8.050,8.166,7.683,70.2,3.921,94.0,27.0,1,0,1,0,0,1,1,0,0
DATA,2522000,-0.811999,0.583659,2500.0,8.047,8.178,7.688,70.5,3.919,94.0,27.0,1,0,1,0,0,1,1,0,0
DATA,2524000,-0.811914,0.583777,2500.0,8.046,8.178,7.685,70.3,3.923,94.0,27.0,1,0,1,0,0,1,1,0,0
DATA,2526000,-0.811829,0.583895,2500.0,8.043,8.182,7.682,70.2,3.916,94.0,27.0,1,0,1,0,0,1,1,0,0
DATA,2528000,-0.811744,0.584014,2500.0,8.043,8.184,7.688,70.5,3.923,94.0,27.0,1,0,1,0,0,1,1,0,0
DATA,2530000,-0.811659,0.584132,2500.0,8.050,8.166,7.679,69.9,3.916,94.0,27.0,1,0,1,0,0,1,1,0,0
DATA,2532000,-0.811574,0.584250,2500.0,8.052,8.162,7.687,70.4,3.910,94.0,27.0,1,0,1,0,0,1,1,0,0
DATA,2534000,-0.811489,0.584367,2500.0,8.047,8.172,7.686,70.4,3.909,94.0,27.0,1,0,1,0,0,1,1,0,0
DATA,2536000,-0.811404,0.584486,2500.0,8.045,8.174,7.685,70.3,3.903,94.0,27.0,1,0,1,0,0,1,1,0,0
DATA,2538000,-0.811319,0.584604,2500.0,8.045,8.176,7.687,70.4,3.905,94.0,27.0,1,0,1,0,0,1,1,0,0
DATA,2540000,-0.811234,0.584722,2500.0,8.047,8.170,7.687,70.5,3.905,94.0,27.0,1,0,1,0,0,1,1,0,0
DATA,2542000,-0.811149,0.584839,2500.0,8.045,8.168,7.685,70.3,3.916,94.0,27.0,1,0,1,0,0,1,1,0,0
DATA,2544000,-0.811064,0.584958,2500.0,8.049,8.162,7.687,70.4,3.909,94.0,27.0,1,0,1,0,0,1,1,0,0
DATA,2546000,-0.810979,0.585076,2500.0,8.038,8.188,7.684,70.3,3.916,94.0,27.0,1,0,1,0,0,1,1,0,0
DATA,2548000,-0.810894,0.585194,2500.0,8.036,8.194,7.685,70.3,3.919,94.0,27.0,1,0,1,0,0,1,1,0,0
DATA,2550000,-0.810808,0.585312,2500.0,8.034,8.202,7.683,70.2,3.909,94.0,27.0,1,0,1,0,0,1,1,0,0
DATA,2552000,-0.810723,0.585430,2500.0,8.027,8.214,7.683,70.2,3.928,94.0,27.0,1,0,1,0,0,1,1,0,0
DATA,2554000,-0.810638,0.585547,2500.0,8.032,8.198,7.684,70.2,3.940,94.0,27.0,1,0,1,0,0,1,1,0,0
DATA,2556000,-0.810553,0.585665,2500.0,8.029,8.200,7.685,70.3,3.938,94.0,27.0,1,0,1,0,0,1,1,0,0
DATA,2558000,-0.810468,0.585783,2500.0,8.040,8.170,7.689,70.6,3.927,94.0,27.0,1,0,1,0,0,1,1,0,0
DATA,2560000,-0.810382,0.585901,2500.0,8.038,8.174,7.684,70.2,3.918,94.0,27.0,1,0,1,0,0,1,1,0,0
DATA,2562000,-0.810297,0.586019,2500.0,8.042,8.164,7.685,70.3,3.902,94.0,27.0,1,0,1,0,0,1,1,0,0
DATA,2564000,-0.810212,0.586137,2500.0,8.043,8.164,7.688,70.5,3.903,94.0,27.0,1,0,1,0,0,1,1,0,0
DATA,2566000,-0.810127,0.586255,2500.0,8.043,8.168,7.691,70.7,3.906,94.0,27.0,1,0,1,0,0,1,1,0,0
DATA,2568000,-0.810041,0.586373,2500.0,8.056,8.145,7.694,70.9,3.894,94.0,27.0,1,0,1,0,0,1,1,0,0
DATA,2570000,-0.809956,0.586490,2500.0,8.049,8.164,7.692,70.7,3.907,94.0,27.0,1,0,1,0,0,1,1,0,0
DATA,2572000,-0.809871,0.586608,2500.0,8.050,8.166,7.694,70.8,3.912,94.0,27.0,1,0,1,0,0,1,1,0,0
DATA,2574000,-0.809785,0.586726,2500.0,8.046,8.174,7.693,70.8,3.916,94.0,27.0,1,0,1,0,0,1,1,0,0
DATA,2576000,-0.809700,0.586844,2500.0,8.037,8.190,7.694,70.9,3.930,94.0,27.0,1,0,1,0,0,1,1,0,0
DATA,2578000,-0.809615,0.586961,2500.0,8.043,8.178,7.695,70.9,3.920,94.0,27.0,1,0,1,0,0,1,1,0,0
DATA,2580000,-0.809529,0.587080,2500.0,8.045,8.170,7.696,71.0,3.917,94.0,27.0,1,0,1,0,0,1,1,0,0
DATA,2582000,-0.809444,0.587197,2500.0,8.047,8.166,7.695,70.9,3.913,94.0,27.0,1,0,1,0,0,1,1,0,0
DATA,2584000,-0.809359,0.587315,2500.0,8.054,8.153,7.695,71.0,3.907,94.0,27.0,1,0,1,0,0,1,1,0,0
DATA,2586000,-0.809273,0.587432,2500.0,8.048,8.168,7.693,70.8,3.917,94.0,27.0,1,0,1,0,0,1,1,0,0
DATA,2588000,-0.809187,0.587551,2500.0,8.050,8.162,7.691,70.7,3.911,94.0,27.0,1,0,1,0,0,1,1,0,0
DATA,2590000,-0.809102,0.587668,2500.0,8.050,8.162,7.693,70.8,3.923,94.0,27.0,1,0,1,0,0,1,1,0,0
DATA,2592000,-0.809017,0.587785,2500.0,8.046,8.172,7.694,70.9,3.933,94.0,27.0,1,0,1,0,0,1,1,0,0
DATA,2594000,-0.808932,0.587903,2500.0,8.057,8.153,7.690,70.6,3.912,94.0,27.0,1,0,1,0,0,1,1,0,0
DATA,2596000,-0.808846,0.588021,2500.0,8.058,8.158,7.693,70.8,3.920,94.0,27.0,1,0,1,0,0,1,1,0,0
DATA,2598000,-0.808760,0.588138,2500.0,8.053,8.180,7.691,70.7,3.914,94.0,27.0,1,0,1,0,0,1,1,0,0
DATA,2600000,-0.808675,0.588256,2500.0,8.059,8.172,7.698,71.1,3.905,94.0,27.0,1,0,1,0,0,1,1,0,0
DATA,2602000,-0.808589,0.588374,2500.0,8.056,8.180,7.696,71.0,3.915,94.0,27.0,1,0,1,0,0,1,1,0,0
DATA,2604000,-0.808503,0.588492,2500.0,8.050,8.190,7.695,70.9,3.923,94.0,27.0,1,0,1,0,0,1,1,0,0
DATA,2606000,-0.808418,0.588609,2500.0,8.058,8.174,7.698,71.1,3.916,94.0,27.0,1,0,1,0,0,1,1,0,0
DATA,2608000,-0.808332,0.588726,2500.0,8.052,8.182,7.695,70.9,3.919,94.0,27.0,1,0,1,0,0,1,1,0,0
DATA,2610000,-0.808247,0.588844,2500.0,8.052,8.178,7.695,71.0,3.911,94.0,27.0,1,0,1,0,0,1,1,0,0
DATA,2612000,-0.808161,0.588962,2500.0,8.053,8.172,7.694,70.9,3.898,94.0,27.0,1,0,1,0,0,1,1,0,0
DATA,2614000,-0.808075,0.589079,2500.0,8.049,8.170,7.693,70.8,3.905,94.0,27.0,1,0,1,0,0,1,1,0,0
DATA,2616000,-0.807990,0.589197,2500.0,8.048,8.168,7.693,70.8,3.912,94.0,27.0,1,0,1,0,0,1,1,0,0
DATA,2618000,-0.807904,0.589314,2500.0,8.046,8.168,7.692,70.7,3.919,94.0,27.0,1,0,1,0,0,1,1,0,0
DATA,2620000,-0.807818,0.589432,2500.0,8.045,8.172,7.694,70.9,3.927,94.0,27.0,1,0,1,0,0,1,1,0,0
DATA,2622000,-0.807733,0.589549,2500.0,8.046,8.172,7.694,70.8,3.924,94.0,27.0,1,0,1,0,0,1,1,0,0
DATA,2624000,-0.807647,0.589666,2500.0,8.052,8.164,7.696,71.0,3.916,94.0,27.0,1,0,1,0,0,1,1,0,0
DATA,2626000,-0.807561,0.589784,2500.0,8.057,8.157,7.693,70.8,3.914,94.0,27.0,1,0,1,0,0,1,1,0,0
DATA,2628000,-0.807476,0.589901,2500.0,8.055,8.164,7.692,70.8,3.914,94.0,27.0,1,0,1,0,0,1,1,0,0
DATA,2630000,-0.807390,0.590019,2500.0,8.055,8.166,7.692,70.8,3.912,94.0,27.0,1,0,1,0,0,1,1,0,0
DATA,2632000,-0.807304,0.590136,2500.0,8.051,8.170,7.695,70.9,3.916,94.0,27.0,1,0,1,0,0,1,1,0,0
DATA,2634000,-0.807218,0.590254,2500.0,8.052,8.170,7.694,70.9,3.909,94.0,27.4,1,0,1,0,0,1,1,0,0
DATA,2636000,-0.807132,0.590371,2500.0,8.061,8.155,7.696,71.0,3.899,94.0,27.4,1,0,1,0,0,1,1,0,0
DATA,2638000,-0.807046,0.590488,2500.0,8.060,8.153,7.695,70.9,3.901,94.0,27.4,1,0,1,0,0,1,1,0,0
DATA,2640000,-0.806960,0.590606,2500.0,8.057,8.164,7.695,71.0,3.908,94.0,27.4,1,0,1,0,0,1,1,0,0
DATA,2642000,-0.806874,0.590723,2500.0,8.056,8.164,7.696,71.0,3.905,94.0,27.4,1,0,1,0,0,1,1,0,0
DATA,2644000,-0.806789,0.590840,2500.0,8.056,8.162,7.690,70.6,3.908,94.0,27.4,1,0,1,0,0,1,1,0,0
DATA,2646000,-0.806702,0.590958,2500.0,8.054,8.168,7.691,70.7,3.898,94.0,27.4,1,0,1,0,0,1,1,0,0
DATA,2648000,-0.806617,0.591075,2500.0,8.058,8.162,7.695,70.9,3.900,94.0,27.4,1,0,1,0,0,1,1,0,0
DATA,2650000,-0.806531,0.591192,2500.0,8.052,8.172,7.691,70.7,3.896,94.0,27.4,1,0,1,0,0,1,1,0,0
DATA,2652000,-0.806445,0.591309,2500.0,8.046,8.182,7.692,70.8,3.904,94.0,27.4,1,0,1,0,0,1,1,0,0
DATA,2654000,-0.806358,0.591427,2500.0,8.047,8.176,7.694,70.9,3.914,94.0,27.4,1,0,1,0,0,1,1,0,0
DATA,2656000,-0.806273,0.591544,2500.0,8.039,8.192,7.694,70.9,3.927,94.0,27.4,1,0,1,0,0,1,1,0,0
DATA,2658000,-0.806187,0.591661,2500.0,8.042,8.190,7.695,71.0,3.929,94.0,27.4,1,0,1,0,0,1,1,0,0
DATA,2660000,-0.806101,0.591778,2500.0,8.043,8.190,7.686,70.4,3.924,94.0,27.4,1,0,1,0,0,1,1,0,0
DATA,2662000,-0.806014,0.591896,2500.0,8.040,8.192,7.690,70.7,3.927,94.0,27.4,1,0,1,0,0,1,1,0,0
DATA,2664000,-0.805928,0.592013,2500.0,8.047,8.182,7.688,70.5,3.913,94.0,27.4,1,0,1,0,0,1,1,0,0
DATA,2666000,-0.805842,0.592130,2500.0,8.053,8.170,7.695,71.0,3.910,94.0,27.4,1,0,1,0,0,1,1,0,0
DATA,2668000,-0.805756,0.592248,2500.0,8.056,8.164,7.694,70.8,3.909,94.0,27.4,1,0,1,0,0,1,1,0,0
DATA,2670000,-0.805670,0.592365,2500.0,8.062,8.153,7.695,70.9,3.897,94.0,27.4,1,0,1,0,0,1,1,0,0
DATA,2672000,-0.805584,0.592482,2500.0,8.061,8.151,7.693,70.8,3.904,94.0,27.4,1,0,1,0,0,1,1,0,0
DATA,2674000,-0.805498,0.592599,2500.0,8.063,8.147,7.692,70.7,3.900,94.0,27.4,1,0,1,0,0,1,1,0,0
DATA,2676000,-0.805411,0.592717,2500.0,8.049,8.178,7.695,70.9,3.911,94.0,27.4,1,0,1,0,0,1,1,0,0
DATA,2678000,-0.805325,0.592834,2500.0,8.051,8.176,7.697,71.1,3.911,94.0,27.4,1,0,1,0,0,1,1,0,0
DATA,2680000,-0.805239,0.592950,2500.0,8.049,8.180,7.696,71.0,3.909,94.0,27.4,1,0,1,0,0,1,1,0,0
DATA,2682000,-0.805153,0.593068,2500.0,8.048,8.184,7.694,70.9,3.915,94.0,27.4,1,0,1,0,0,1,1,0,0
DATA,2684000,-0.805066,0.593185,2500.0,8.064,8.151,7.695,70.9,3.903,94.0,27.4,1,0,1,0,0,1,1,0,0
DATA,2686000,-0.804980,0.593302,2500.0,8.064,8.149,7.692,70.7,3.901,94.0,27.4,1,0,1,0,0,1,1,0,0
DATA,2688000,-0.804894,0.593419,2500.0,8.059,8.160,7.693,70.8,3.912,94.0,27.4,1,0,1,0,0,1,1,0,0
DATA,2690000,-0.804808,0.593536,2500.0,8.056,8.166,7.696,71.0,3.907,94.0,27.4,1,0,1,0,0,1,1,0,0
DATA,2692000,-0.804721,0.593653,2500.0,8.047,8.186,7.693,70.8,3.920,94.0,27.4,1,0,1,0,0,1,1,0,0
DATA,2694000,-0.804635,0.593770,2500.0,8.048,8.188,7.699,71.2,3.923,94.0,27.4,1,0,1,0,0,1,1,0,0
DATA,2696000,-0.804549,0.593887,2500.0,8.057,8.170,7.696,71.0,3.914,94.0,27.4,1,0,1,0,0,1,1,0,0
DATA,2698000,-0.804462,0.594005,2500.0,8.061,8.162,7.698,71.2,3.913,94.0,27.4,1,0,1,0,0,1,1,0,0
DATA,2700000,-0.804375,0.594121,2500.0,8.062,8.160,7.691,70.7,3.907,94.0,27.4,1,0,1,0,0,1,1,0,0
DATA,2702000,-0.804289,0.594238,2500.0,8.053,8.174,7.694,70.9,3.921,94.0,27.4,1,0,1,0,0,1,1,0,0
DATA,2704000,-0.804203,0.594355,2500.0,8.045,8.188,7.691,70.7,3.927,94.0,27.4,1,0,1,0,0,1,1,0,0
DATA,2706000,-0.804116,0.594473,2500.0,8.040,8.194,7.688,70.5,3.934,94.0,27.4,1,0,1,0,0,1,1,0,0
DATA,2708000,-0.804030,0.594589,2500.0,8.045,8.180,7.691,70.7,3.924,94.0,27.4,1,0,1,0,0,1,1,0,0
DATA,2710000,-0.803943,0.594706,2500.0,8.048,8.168,7.689,70.6,3.919,94.0,27.4,1,0,1,0,0,1,1,0,0
DATA,2712000,-0.803857,0.594823,2500.0,8.047,8.168,7.688,70.5,3.923,94.0,27.4,1,0,1,0,0,1,1,0,0
DATA,2714000,-0.803770,0.594940,2500.0,8.051,8.155,7.686,70.4,3.910,94.0,27.4,1,0,1,0,0,1,1,0,0
DATA,2716000,-0.803684,0.595057,2500.0,8.042,8.170,7.687,70.4,3.927,94.0,27.4,1,0,1,0,0,1,1,0,0
DATA,2718000,-0.803597,0.595174,2500.0,8.044,8.166,7.685,70.3,3.926,94.0,27.4,1,0,1,0,0,1,1,0,0
DATA,2720000,-0.803511,0.595290,2500.0,8.050,8.158,7.692,70.7,3.907,94.0,27.4,1,0,1,0,0,1,1,0,0
DATA,2722000,-0.803424,0.595408,2500.0,8.048,8.166,7.686,70.4,3.910,94.0,27.4,1,0,1,0,0,1,1,0,0
DATA,2724000,-0.803337,0.595524,2500.0,8.052,8.162,7.689,70.5,3.905,94.0,27.4,1,0,1,0,0,1,1,0,0
DATA,2726000,-0.803251,0.595641,2500.0,8.048,8.172,7.685,70.3,3.913,94.0,27.4,1,0,1,0,0,1,1,0,0
DATA,2728000,-0.803164,0.595758,2500.0,8.042,8.182,7.681,70.1,3.922,94.0,27.4,1,0,1,0,0,1,1,0,0
DATA,2730000,-0.803077,0.595875,2500.0,8.043,8.182,7.685,70.3,3.924,94.0,27.4,1,0,1,0,0,1,1,0,0
DATA,2732000,-0.802991,0.595991,2500.0,8.045,8.178,7.685,70.3,3.921,94.0,27.4,1,0,1,0,0,1,1,0,0
DATA,2734000,-0.802904,0.596108,2500.0,8.048,8.172,7.688,70.5,3.916,94.0,27.4,1,0,1,0,0,1,1,0,0
DATA,2736000,-0.802817,0.596225,2500.0,8.043,8.184,7.686,70.4,3.918,94.0,27.4,1,0,1,0,0,1,1,0,0
DATA,2738000,-0.802730,0.596342,2500.0,8.042,8.182,7.685,70.3,3.917,94.0,27.4,1,0,1,0,0,1,1,0,0
DATA,2740000,-0.802644,0.596458,2500.0,8.041,8.178,7.683,70.2,3.912,94.0,27.4,1,0,1,0,0,1,1,0,0
DATA,2742000,-0.802557,0.596575,2500.0,8.037,8.176,7.687,70.4,3.919,94.0,27.4,1,0,1,0,0,1,1,0,0
DATA,2744000,-0.802470,0.596692,2500.0,8.045,8.153,7.685,70.3,3.916,94.0,27.4,1,0,1,0,0,1,1,0,0
DATA,2746000,-0.802383,0.596809,2500.0,8.040,8.153,7.686,70.4,3.910,94.0,27.4,1,0,1,0,0,1,1,0,0
DATA,2748000,-0.802297,0.596925,2500.0,8.042,8.149,7.687,70.4,3.912,94.0,27.4,1,0,1,0,0,1,1,0,0
DATA,2750000,-0.802210,0.597042,2500.0,8.046,8.147,7.689,70.6,3.904,94.0,27.4,1,0,1,0,0,1,1,0,0
DATA,2752000,-0.802123,0.597159,2500.0,8.045,8.151,7.692,70.8,3.908,94.0,27.4,1,0,1,0,0,1,1,0,0
DATA,2754000,-0.802036,0.597276,2500.0,8.054,8.141,7.693,70.8,3.905,94.0,27.4,1,0,1,0,0,1,1,0,0
DATA,2756000,-0.801949,0.597392,2500.0,8.046,8.162,7.691,70.7,3.920,94.0,27.4,1,0,1,0,0,1,1,0,0
DATA,2758000,-0.801863,0.597509,2500.0,8.038,8.184,7.692,70.8,3.934,94.0,27.4,1,0,1,0,0,1,1,0,0
DATA,2760000,-0.801776,0.597625,2500.0,8.034,8.198,7.692,70.8,3.941,94.0,27.4,1,0,1,0,0,1,1,0,0
DATA,2762000,-0.801688,0.597742,2500.0,8.029,8.216,7.685,70.3,3.956,94.0,27.4,1,0,1,0,0,1,1,0,0
DATA,2764000,-0.801601,0.597859,2500.0,8.033,8.214,7.689,70.5,3.954,94.0,27.4,1,0,1,0,0,1,1,0,0
DATA,2766000,-0.801515,0.597975,2500.0,8.035,8.208,7.691,70.7,3.954,94.0,27.4,1,0,1,0,0,1,1,0,0
DATA,2768000,-0.801428,0.598091,2500.0,8.045,8.190,7.697,71.1,3.937,94.0,27.4,1,0,1,0,0,1,1,0,0
DATA,2770000,-0.801341,0.598208,2500.0,8.045,8.184,7.692,70.7,3.932,94.0,27.4,1,0,1,0,0,1,1,0,0
DATA,2772000,-0.801254,0.598325,2500.0,8.052,8.170,7.696,71.0,3.916,94.0,27.4,1,0,1,0,0,1,1,0,0
DATA,2774000,-0.801167,0.598441,2500.0,8.049,8.176,7.693,70.8,3.921,94.0,27.4,1,0,1,0,0,1,1,0,0
DATA,2776000,-0.801080,0.598558,2500.0,8.047,8.184,7.694,70.9,3.927,94.0,27.4,1,0,1,0,0,1,1,0,0
DATA,2778000,-0.800992,0.598674,2500.0,8.044,8.192,7.694,70.8,3.930,94.0,27.4,1,0,1,0,0,1,1,0,0
DATA,2780000,-0.800905,0.598791,2500.0,8.039,8.202,7.693,70.8,3.939,94.0,27.4,1,0,1,0,0,1,1,0,0
DATA,2782000,-0.800819,0.598907,2500.0,8.046,8.190,7.693,70.8,3.931,94.0,27.4,1,0,1,0,0,1,1,0,0
DATA,2784000,-0.800731,0.599024,2500.0,8.050,8.180,7.694,70.9,3.920,94.0,27.4,1,0,1,0,0,1,1,0,0
DATA,2786000,-0.800644,0.599140,2500.0,8.046,8.188,7.688,70.5,3.926,94.0,27.4,1,0,1,0,0,1,1,0,0
DATA,2788000,-0.800557,0.599257,2500.0,8.044,8.194,7.690,70.6,3.910,94.0,27.4,1,0,1,0,0,1,1,0,0
DATA,2790000,-0.800470,0.599373,2500.0,8.043,8.196,7.696,71.0,3.909,94.0,27.4,1,0,1,0,0,1,1,0,0
DATA,2792000,-0.800383,0.599489,2500.0,8.049,8.190,7.692,70.7,3.909,94.0,27.4,1,0,1,0,0,1,1,0,0
DATA,2794000,-0.800295,0.599606,2500.0,8.051,8.184,7.693,70.8,3.912,94.0,27.4,1,0,1,0,0,1,1,0,0
DATA,2796000,-0.800208,0.599722,2500.0,8.064,8.157,7.690,70.7,3.906,94.0,27.4,1,0,1,0,0,1,1,0,0
DATA,2798000,-0.800121,0.599838,2500.0,8.062,8.157,7.697,71.1,3.912,94.0,27.4,1,0,1,0,0,1,1,0,0
DATA,2800000,-0.800034,0.599955,2500.0,8.059,8.162,7.700,71.2,3.904,94.0,27.4,1,0,1,0,0,1,1,0,0
DATA,2802000,-0.799946,0.600071,2500.0,8.066,8.151,7.696,71.0,3.892,94.0,27.4,1,0,1,0,0,1,1,0,0
DATA,2804000,-0.799859,0.600188,2500.0,8.065,8.149,7.700,71.3,3.893,94.0,27.4,1,0,1,0,0,1,1,0,0
DATA,2806000,-0.799772,0.600304,2500.0,8.061,8.155,7.695,71.0,3.897,94.0,27.4,1,0,1,0,0,1,1,0,0
DATA,2808000,-0.799685,0.600420,2500.0,8.058,8.158,7.697,71.1,3.906,94.0,27.4,1,0,1,0,0,1,1,0,0
DATA,2810000,-0.799597,0.600537,2500.0,8.053,8.166,7.693,70.8,3.908,94.0,27.4,1,0,1,0,0,1,1,0,0
DATA,2812000,-0.799510,0.600653,2500.0,8.049,8.174,7.694,70.9,3.923,94.0,27.4,1,0,1,0,0,1,1,0,0
DATA,2814000,-0.799423,0.600769,2500.0,8.049,8.176,7.696,71.0,3.921,94.0,27.4,1,0,1,0,0,1,1,0,0
DATA,2816000,-0.799335,0.600886,2500.0,8.049,8.176,7.687,70.4,3.927,94.0,27.4,1,0,1,0,0,1,1,0,0
DATA,2818000,-0.799248,0.601002,2500.0,8.051,8.176,7.691,70.7,3.932,94.0,27.4,1,0,1,0,0,1,1,0,0
DATA,2820000,-0.799160,0.601118,2500.0,8.055,8.170,7.698,71.2,3.916,94.0,27.4,1,0,1,0,0,1,1,0,0
DATA,2822000,-0.799073,0.601234,2500.0,8.061,8.160,7.690,70.6,3.917,94.0,27.4,1,0,1,0,0,1,1,0,0
DATA,2824000,-0.798985,0.601351,2500.0,8.061,8.162,7.693,70.8,3.914,94.0,27.4,1,0,1,0,0,1,1,0,0
DATA,2826000,-0.798898,0.601467,2500.0,8.059,8.164,7.695,71.0,3.915,94.0,27.4,1,0,1,0,0,1,1,0,0
DATA,2828000,-0.798810,0.601583,2500.0,8.049,8.180,7.687,70.5,3.917,94.0,27.4,1,0,1,0,0,1,1,0,0
DATA,2830000,-0.798723,0.601699,2500.0,8.042,8.190,7.692,70.7,3.924,94.0,27.4,1,0,1,0,0,1,1,0,0
DATA,2832000,-0.798635,0.601816,2500.0,8.047,8.184,7.694,70.9,3.923,94.0,27.4,1,0,1,0,0,1,1,0,0
DATA,2834000,-0.798548,0.601931,2500.0,8.047,8.186,7.692,70.7,3.927,94.0,27.4,1,0,1,0,0,1,1,0,0
DATA,2836000,-0.798460,0.602047,2500.0,8.051,8.182,7.692,70.7,3.935,94.0,27.4,1,0,1,0,0,1,1,0,0
DATA,2838000,-0.798373,0.602164,2500.0,8.057,8.170,7.692,70.8,3.928,94.0,27.4,1,0,1,0,0,1,1,0,0
DATA,2840000,-0.798285,0.602280,2500.0,8.058,8.164,7.696,71.0,3.917,94.0,27.4,1,0,1,0,0,1,1,0,0
DATA,2842000,-0.798198,0.602396,2500.0,8.062,8.158,7.697,71.1,3.915,94.0,27.4,1,0,1,0,0,1,1,0,0
DATA,2844000,-0.798110,0.602512,2500.0,8.061,8.155,7.695,70.9,3.912,94.0,27.4,1,0,1,0,0,1,1,0,0
DATA,2846000,-0.798022,0.602628,2500.0,8.058,8.162,7.693,70.8,3.905,94.0,27.4,1,0,1,0,0,1,1,0,0
DATA,2848000,-0.797934,0.602744,2500.0,8.059,8.160,7.697,71.0,3.904,94.0,27.4,1,0,1,0,0,1,1,0,0
DATA,2850000,-0.797847,0.602860,2500.0,8.049,8.178,7.693,70.8,3.922,94.0,27.4,1,0,1,0,0,1,1,0,0
DATA,2852000,-0.797759,0.602976,2500.0,8.046,8.182,7.696,71.0,3.923,94.0,27.4,1,0,1,0,0,1,1,0,0
DATA,2854000,-0.797672,0.603092,2500.0,8.046,8.184,7.689,70.6,3.927,94.0,27.4,1,0,1,0,0,1,1,0,0
DATA,2856000,-0.797584,0.603208,2500.0,8.044,8.190,7.696,71.0,3.932,94.0,27.4,1,0,1,0,0,1,1,0,0
DATA,2858000,-0.797496,0.603324,2500.0,8.052,8.176,7.697,71.0,3.912,94.0,27.4,1,0,1,0,0,1,1,0,0
DATA,2860000,-0.797408,0.603440,2500.0,8.057,8.168,7.691,70.7,3.902,94.0,27.4,1,0,1,0,0,1,1,0,0
DATA,2862000,-0.797321,0.603556,2500.0,8.065,8.153,7.695,71.0,3.892,94.0,27.4,1,0,1,0,0,1,1,0,0
DATA,2864000,-0.797233,0.603672,2500.0,8.058,8.172,7.694,70.9,3.898,94.0,27.4,1,0,1,0,0,1,1,0,0
DATA,2866000,-0.797145,0.603788,2500.0,8.059,8.178,7.693,70.8,3.898,94.0,27.4,1,0,1,0,0,1,1,0,0
DATA,2868000,-0.797057,0.603904,2500.0,8.059,8.178,7.694,70.9,3.899,94.0,27.4,1,0,1,0,0,1,1,0,0
DATA,2870000,-0.796969,0.604020,2500.0,8.054,8.186,7.694,70.9,3.906,94.0,27.4,1,0,1,0,0,1,1,0,0
DATA,2872000,-0.796881,0.604136,2500.0,8.059,8.174,7.693,70.8,3.913,94.0,27.4,1,0,1,0,0,1,1,0,0
DATA,2874000,-0.796794,0.604252,2500.0,8.061,8.164,7.697,71.1,3.909,94.0,27.4,1,0,1,0,0,1,1,0,0
DATA,2876000,-0.796705,0.604368,2500.0,8.058,8.170,7.696,71.0,3.907,94.0,27.4,1,0,1,0,0,1,1,0,0
DATA,2878000,-0.796618,0.604483,2500.0,8.059,8.164,7.695,70.9,3.907,94.0,27.4,1,0,1,0,0,1,1,0,0
DATA,2880000,-0.796530,0.604599,2500.0,8.064,8.153,7.698,71.1,3.891,94.0,27.4,1,0,1,0,0,1,1,0,0
DATA,2882000,-0.796442,0.604715,2500.0,8.052,8.180,7.689,70.5,3.905,94.0,27.4,1,0,1,0,0,1,1,0,0
DATA,2884000,-0.796354,0.604831,2500.0,8.054,8.174,7.695,70.9,3.909,94.0,27.4,1,0,1,0,0,1,1,0,0
DATA,2886000,-0.796266,0.604947,2500.0,8.054,8.180,7.695,71.0,3.909,94.0,27.4,1,0,1,0,0,1,1,0,0
DATA,2888000,-0.796178,0.605063,2500.0,8.052,8.184,7.697,71.0,3.912,94.0,27.4,1,0,1,0,0,1,1,0,0
DATA,2890000,-0.796090,0.605179,2500.0,8.062,8.158,7.693,70.8,3.908,94.0,27.4,1,0,1,0,0,1,1,0,0
DATA,2892000,-0.796002,0.605294,2500.0,8.058,8.168,7.696,71.0,3.915,94.0,27.4,1,0,1,0,0,1,1,0,0
DATA,2894000,-0.795914,0.605410,2500.0,8.056,8.168,7.696,71.0,3.913,94.0,27.4,1,0,1,0,0,1,1,0,0
DATA,2896000,-0.795826,0.605526,2500.0,8.054,8.174,7.695,71.0,3.915,94.0,27.4,1,0,1,0,0,1,1,0,0
DATA,2898000,-0.795738,0.605642,2500.0,8.057,8.174,7.693,70.8,3.909,94.0,27.4,1,0,1,0,0,1,1,0,0
DATA,2900000,-0.795650,0.605757,2500.0,8.055,8.180,7.697,71.1,3.909,94.0,27.4,1,0,1,0,0,1,1,0,0
DATA,2902000,-0.795562,0.605873,2500.0,8.058,8.176,7.697,71.0,3.906,94.0,27.4,1,0,1,0,0,1,1,0,0
DATA,2904000,-0.795473,0.605989,2500.0,8.062,8.168,7.696,71.0,3.903,94.0,27.4,1,0,1,0,0,1,1,0,0
DATA,2906000,-0.795385,0.606104,2500.0,8.056,8.178,7.694,70.9,3.907,94.0,27.4,1,0,1,0,0,1,1,0,0
DATA,2908000,-0.795297,0.606220,2500.0,8.063,8.162,7.694,70.9,3.901,94.0,27.4,1,0,1,0,0,1,1,0,0
DATA,2910000,-0.795209,0.606335,2500.0,8.057,8.172,7.692,70.7,3.902,94.0,27.4,1,0,1,0,0,1,1,0,0
DATA,2912000,-0.795121,0.606451,2500.0,8.058,8.170,7.701,71.3,3.901,94.0,27.4,1,0,1,0,0,1,1,0,0
DATA,2914000,-0.795032,0.606567,2500.0,8.058,8.170,7.698,71.1,3.901,94.0,27.4,1,0,1,0,0,1,1,0,0
DATA,2916000,-0.794944,0.606682,2500.0,8.055,8.174,7.694,70.9,3.906,94.0,27.4,1,0,1,0,0,1,1,0,0
DATA,2918000,-0.794856,0.606798,2500.0,8.054,8.170,7.695,70.9,3.910,94.0,27.4,1,0,1,0,0,1,1,0,0
DATA,2920000,-0.794768,0.606914,2500.0,8.058,8.162,7.697,71.0,3.906,94.0,27.4,1,0,1,0,0,1,1,0,0
DATA,2922000,-0.794679,0.607029,2500.0,8.057,8.162,7.696,71.0,3.907,94.0,27.4,1,0,1,0,0,1,1,0,0
DATA,2924000,-0.794591,0.607145,2500.0,8.061,8.153,7.691,70.7,3.896,94.0,27.4,1,0,1,0,0,1,1,0,0
DATA,2926000,-0.794503,0.607260,2500.0,8.058,8.162,7.694,70.9,3.902,94.0,27.4,1,0,1,0,0,1,1,0,0
DATA,2928000,-0.794414,0.607376,2500.0,8.050,8.178,7.697,71.0,3.913,94.0,27.4,1,0,1,0,0,1,1,0,0
DATA,2930000,-0.794326,0.607492,2500.0,8.046,8.184,7.689,70.5,3.923,94.0,27.4,1,0,1,0,0,1,1,0,0
DATA,2932000,-0.794238,0.607607,2500.0,8.046,8.178,7.688,70.5,3.923,94.0,27.4,1,0,1,0,0,1,1,0,0
DATA,2934000,-0.794149,0.607723,2500.0,8.050,8.164,7.690,70.6,3.915,94.0,27.4,1,0,1,0,0,1,1,0,0
DATA,2936000,-0.794061,0.607838,2500.0,8.055,8.149,7.688,70.5,3.907,94.0,27.4,1,0,1,0,0,1,1,0,0
DATA,2938000,-0.793973,0.607954,2500.0,8.054,8.153,7.691,70.7,3.908,94.0,27.4,1,0,1,0,0,1,1,0,0
DATA,2940000,-0.793884,0.608069,2500.0,8.057,8.153,7.690,70.6,3.905,94.0,27.4,1,0,1,0,0,1,1,0,0
DATA,2942000,-0.793795,0.608185,2500.0,8.053,8.168,7.690,70.6,3.912,94.0,27.4,1,0,1,0,0,1,1,0,0
DATA,2944000,-0.793707,0.608300,2500.0,8.051,8.174,7.688,70.5,3.916,94.0,27.4,1,0,1,0,0,1,1,0,0
DATA,2946000,-0.793619,0.608415,2500.0,8.042,8.190,7.682,70.1,3.912,94.0,27.4,1,0,1,0,0,1,1,0,0
DATA,2948000,-0.793531,0.608530,2500.0,8.042,8.188,7.687,70.5,3.909,94.0,27.4,1,0,1,0,0,1,1,0,0
DATA,2950000,-0.793441,0.608647,2500.0,8.034,8.200,7.682,70.1,3.915,94.0,27.4,1,0,1,0,0,1,1,0,0
DATA,2952000,-0.793353,0.608762,2500.0,8.034,8.196,7.684,70.3,3.916,94.0,27.4,1,0,1,0,0,1,1,0,0
DATA,2954000,-0.793265,0.608877,2500.0,8.042,8.172,7.684,70.2,3.916,94.0,27.4,1,0,1,0,0,1,1,0,0
DATA,2956000,-0.793176,0.608992,2500.0,8.041,8.170,7.686,70.4,3.917,94.0,27.4,1,0,1,0,0,1,1,0,0
DATA,2958000,-0.793087,0.609108,2500.0,8.048,8.158,7.688,70.5,3.916,94.0,27.4,1,0,1,0,0,1,1,0,0
DATA,2960000,-0.792999,0.609223,2500.0,8.048,8.162,7.687,70.5,3.910,94.0,27.4,1,0,1,0,0,1,1,0,0
DATA,2962000,-0.792910,0.609338,2500.0,8.053,8.158,7.685,70.3,3.907,94.0,27.4,1,0,1,0,0,1,1,0,0
DATA,2964000,-0.792822,0.609454,2500.0,8.055,8.162,7.692,70.7,3.912,94.0,27.4,1,0,1,0,0,1,1,0,0
DATA,2966000,-0.792733,0.609569,2500.0,8.064,8.151,7.697,71.0,3.900,94.0,27.4,1,0,1,0,0,1,1,0,0
DATA,2968000,-0.792644,0.609684,2500.0,8.066,8.149,7.697,71.1,3.895,94.0,27.4,1,0,1,0,0,1,1,0,0
DATA,2970000,-0.792556,0.609799,2500.0,8.065,8.155,7.696,71.0,3.896,94.0,27.4,1,0,1,0,0,1,1,0,0
DATA,2972000,-0.792467,0.609915,2500.0,8.064,8.158,7.695,70.9,3.893,94.0,27.4,1,0,1,0,0,1,1,0,0
DATA,2974000,-0.792378,0.610030,2500.0,8.053,8.176,7.694,70.9,3.909,94.0,27.4,1,0,1,0,0,1,1,0,0
DATA,2976000,-0.792290,0.610145,2500.0,8.054,8.174,7.695,70.9,3.909,94.0,27.4,1,0,1,0,0,1,1,0,0
DATA,2978000,-0.792201,0.610261,2500.0,8.055,8.172,7.697,71.1,3.905,94.0,27.4,1,0,1,0,0,1,1,0,0
DATA,2980000,-0.792112,0.610376,2500.0,8.055,8.170,7.696,71.0,3.911,94.0,27.4,1,0,1,0,0,1,1,0,0
DATA,2982000,-0.792023,0.610491,2500.0,8.063,8.151,7.696,71.0,3.895,94.0,27.4,1,0,1,0,0,1,1,0,0
DATA,2984000,-0.791935,0.610606,2500.0,8.060,8.160,7.690,70.6,3.905,94.0,27.4,1,0,1,0,0,1,1,0,0
DATA,2986000,-0.791845,0.610722,2500.0,8.059,8.162,7.692,70.8,3.916,94.0,27.4,1,0,1,0,0,1,1,0,0
DATA,2988000,-0.791757,0.610836,2500.0,8.057,8.166,7.696,71.0,3.916,94.0,27.4,1,0,1,0,0,1,1,0,0
DATA,2990000,-0.791668,0.610952,2500.0,8.052,8.178,7.693,70.8,3.920,94.0,27.4,1,0,1,0,0,1,1,0,0
DATA,2992000,-0.791579,0.611067,2500.0,8.055,8.168,7.692,70.7,3.920,94.0,27.4,1,0,1,0,0,1,1,0,0
DATA,2994000,-0.791490,0.611182,2500.0,8.058,8.164,7.690,70.6,3.911,94.0,27.4,1,0,1,0,0,1,1,0,0
DATA,2996000,-0.791401,0.611297,2500.0,8.057,8.162,7.695,71.0,3.903,94.0,27.4,1,0,1,0,0,1,1,0,0
DATA,2998000,-0.791312,0.611412,2500.0,8.054,8.164,7.696,71.0,3.911,94.0,27.4,1,0,1,0,0,1,1,0,0
DATA,3000000,-0.791223,0.611527,2500.0,8.057,8.160,7.698,71.1,3.901,94.0,27.4,1,0,1,0,0,1,1,0,0
DATA,3002000,-0.791134,0.611642,2500.0,8.039,8.198,7.693,70.8,3.920,94.0,27.4,1,0,1,0,0,1,1,0,0
DATA,3004000,-0.791046,0.611757,2500.0,8.033,8.212,7.693,70.8,3.941,94.0,27.4,1,0,1,0,0,1,1,0,0
DATA,3006000,-0.790956,0.611872,2500.0,8.034,8.216,7.693,70.8,3.949,94.0,27.4,1,0,1,0,0,1,1,0,0
DATA,3008000,-0.790867,0.611988,2500.0,8.030,8.227,7.697,71.1,3.957,94.0,27.4,1,0,1,0,0,1,1,0,0
DATA,3010000,-0.790778,0.612103,2500.0,8.050,8.188,7.694,70.9,3.937,94.0,27.4,1,0,1,0,0,1,1,0,0
DATA,3012000,-0.790690,0.612217,2500.0,8.060,8.174,7.693,70.8,3.916,94.0,27.4,1,0,1,0,0,1,1,0,0
DATA,3014000,-0.790600,0.612333,2500.0,8.064,8.170,7.692,70.7,3.910,94.0,27.4,1,0,1,0,0,1,1,0,0
DATA,3016000,-0.790511,0.612448,2500.0,8.066,8.172,7.698,71.1,3.906,94.0,27.4,1,0,1,0,0,1,1,0,0
DATA,3018000,-0.790422,0.612562,2500.0,8.064,8.174,7.695,70.9,3.907,94.0,27.4,1,0,1,0,0,1,1,0,0
DATA,3020000,-0.790333,0.612677,2500.0,8.056,8.176,7.690,70.6,3.909,94.0,27.4,1,0,1,0,0,1,1,0,0
DATA,3022000,-0.790244,0.612792,2500.0,8.057,8.160,7.690,70.6,3.894,94.0,27.4,1,0,1,0,0,1,1,0,0
DATA,3024000,-0.790155,0.612907,2500.0,8.051,8.155,7.685,70.3,3.905,94.0,27.4,1,0,1,0,0,1,1,0,0
DATA,3026000,-0.790066,0.613022,2500.0,8.044,8.155,7.685,70.3,3.909,94.0,27.4,1,0,1,0,0,1,1,0,0
DATA,3028000,-0.789977,0.613137,2500.0,8.049,8.147,7.688,70.5,3.909,94.0,27.4,1,0,1,0,0,1,1,0,0
DATA,3030000,-0.789887,0.613252,2500.0,8.045,8.160,7.687,70.5,3.920,94.0,27.4,1,0,1,0,0,1,1,0,0
DATA,3032000,-0.789798,0.613367,2500.0,8.047,8.157,7.690,70.6,3.905,94.0,27.4,1,0,1,0,0,1,1,0,0
DATA,3034000,-0.789709,0.613482,2500.0,8.051,8.157,7.682,70.1,3.906,94.0,27.4,1,0,1,0,0,1,1,0,0
DATA,3036000,-0.789620,0.613596,2500.0,8.050,8.160,7.687,70.4,3.906,94.0,27.4,1,0,1,0,0,1,1,0,0
DATA,3038000,-0.789530,0.613711,2500.0,8.045,8.174,7.681,70.1,3.905,94.0,27.4,1,0,1,0,0,1,1,0,0
DATA,3040000,-0.789441,0.613826,2500.0,8.046,8.174,7.690,70.6,3.902,94.0,27.4,1,0,1,0,0,1,1,0,0
DATA,3042000,-0.789352,0.613941,2500.0,8.046,8.180,7.694,70.9,3.898,94.0,27.4,1,0,1,0,0,1,1,0,0
DATA,3044000,-0.789263,0.614055,2500.0,8.049,8.180,7.690,70.6,3.898,94.0,27.4,1,0,1,0,0,1,1,0,0
DATA,3046000,-0.789173,0.614171,2500.0,8.059,8.164,7.694,70.9,3.891,94.0,27.4,1,0,1,0,0,1,1,0,0
DATA,3048000,-0.789084,0.614285,2500.0,8.062,8.164,7.695,70.9,3.905,94.0,27.4,1,0,1,0,0,1,1,0,0
DATA,3050000,-0.788995,0.614400,2500.0,8.050,8.192,7.691,70.7,3.914,94.0,27.4,1,0,1,0,0,1,1,0,0
DATA,3052000,-0.788905,0.614515,2500.0,8.054,8.186,7.695,70.9,3.913,94.0,27.4,1,0,1,0,0,1,1,0,0
DATA,3054000,-0.788816,0.614630,2500.0,8.055,8.188,7.700,71.3,3.918,94.0,27.4,1,0,1,0,0,1,1,0,0
DATA,3056000,-0.788727,0.614744,2500.0,8.051,8.192,7.695,71.0,3.918,94.0,27.4,1,0,1,0,0,1,1,0,0
DATA,3058000,-0.788637,0.614859,2500.0,8.055,8.176,7.689,70.6,3.912,94.0,27.4,1,0,1,0,0,1,1,0,0
DATA,3060000,-0.788547,0.614974,2500.0,8.051,8.184,7.695,70.9,3.924,94.0,27.4,1,0,1,0,0,1,1,0,0
DATA,3062000,-0.788458,0.615088,2500.0,8.054,8.176,7.698,71.1,3.918,94.0,27.4,1,0,1,0,0,1,1,0,0
DATA,3064000,-0.788369,0.615203,2500.0,8.055,8.174,7.697,71.0,3.910,94.0,27.4,1,0,1,0,0,1,1,0,0
DATA,3066000,-0.788280,0.615317,2500.0,8.058,8.170,7.691,70.7,3.909,94.0,27.4,1,0,1,0,0,1,1,0,0
DATA,3068000,-0.788189,0.615433,2500.0,8.060,8.166,7.687,70.4,3.913,94.0,27.4,1,0,1,0,0,1,1,0,0
DATA,3070000,-0.788100,0.615547,2500.0,8.051,8.184,7.697,71.1,3.928,94.0,27.4,1,0,1,0,0,1,1,0,0
DATA,3072000,-0.788011,0.615662,2500.0,8.054,8.178,7.696,71.0,3.927,94.0,27.4,1,0,1,0,0,1,1,0,0
DATA,3074000,-0.787921,0.615776,2500.0,8.060,8.170,7.696,71.0,3.920,94.0,27.4,1,0,1,0,0,1,1,0,0
DATA,3076000,-0.787831,0.615891,2500.0,8.052,8.188,7.691,70.7,3.917,94.0,27.4,1,0,1,0,0,1,1,0,0
DATA,3078000,-0.787742,0.616005,2500.0,8.054,8.184,7.689,70.6,3.913,94.0,27.4,1,0,1,0,0,1,1,0,0
DATA,3080000,-0.787652,0.616120,2500.0,8.052,8.186,7.692,70.7,3.920,94.0,27.4,1,0,1,0,0,1,1,0,0
DATA,3082000,-0.787563,0.616234,2500.0,8.047,8.194,7.695,71.0,3.930,94.0,27.4,1,0,1,0,0,1,1,0,0
DATA,3084000,-0.787473,0.616349,2500.0,8.052,8.180,7.692,70.8,3.927,94.0,27.4,1,0,1,0,0,1,1,0,0
DATA,3086000,-0.787384,0.616463,2500.0,8.059,8.166,7.699,71.2,3.915,94.0,27.4,1,0,1,0,0,1,1,0,0
DATA,3088000,-0.787294,0.616578,2500.0,8.058,8.166,7.694,70.9,3.912,94.0,27.4,1,0,1,0,0,1,1,0,0
DATA,3090000,-0.787204,0.616692,2500.0,8.064,8.155,7.695,70.9,3.901,94.0,27.4,1,0,1,0,0,1,1,0,0
DATA,3092000,-0.787114,0.616807,2500.0,8.069,8.145,7.695,70.9,3.891,94.0,27.4,1,0,1,0,0,1,1,0,0
DATA,3094000,-0.787025,0.616921,2500.0,8.062,8.158,7.694,70.9,3.908,94.0,27.4,1,0,1,0,0,1,1,0,0
DATA,3096000,-0.786935,0.617036,2500.0,8.060,8.160,7.697,71.0,3.906,94.0,27.4,1,0,1,0,0,1,1,0,0
DATA,3098000,-0.786845,0.617150,2500.0,8.059,8.160,7.697,71.0,3.909,94.0,27.4,1,0,1,0,0,1,1,0,0
DATA,3100000,-0.786755,0.617265,2500.0,8.059,8.160,7.695,71.0,3.907,94.0,27.4,1,0,1,0,0,1,1,0,0
DATA,3102000,-0.786666,0.617379,2500.0,8.051,8.176,7.690,70.6,3.901,94.0,27.4,1,0,1,0,0,1,1,0,0
DATA,3104000,-0.786576,0.617494,2500.0,8.052,8.172,7.692,70.8,3.905,94.0,27.4,1,0,1,0,0,1,1,0,0
DATA,3106000,-0.786486,0.617608,2500.0,8.047,8.178,7.692,70.8,3.910,94.0,27.4,1,0,1,0,0,1,1,0,0
DATA,3108000,-0.786396,0.617723,2500.0,8.041,8.184,7.694,70.8,3.922,94.0,27.4,1,0,1,0,0,1,1,0,0
DATA,3110000,-0.786306,0.617837,2500.0,8.054,8.155,7.687,70.5,3.911,94.0,27.4,1,0,1,0,0,1,1,0,0
DATA,3112000,-0.786216,0.617951,2500.0,8.050,8.170,7.683,70.2,3.914,94.0,27.4,1,0,1,0,0,1,1,0,0
DATA,3114000,-0.786127,0.618065,2500.0,8.053,8.162,7.689,70.6,3.909,94.0,27.4,1,0,1,0,0,1,1,0,0
DATA,3116000,-0.786037,0.618180,2500.0,8.054,8.164,7.686,70.4,3.905,94.0,27.4,1,0,1,0,0,1,1,0,0
DATA,3118000,-0.785947,0.618294,2500.0,8.055,8.164,7.685,70.3,3.905,94.0,27.4,1,0,1,0,0,1,1,0,0
DATA,3120000,-0.785857,0.618409,2500.0,8.050,8.168,7.687,70.4,3.911,94.0,27.4,1,0,1,0,0,1,1,0,0
DATA,3122000,-0.785767,0.618523,2500.0,8.049,8.164,7.688,70.5,3.906,94.0,27.4,1,0,1,0,0,1,1,0,0
DATA,3124000,-0.785677,0.618637,2500.0,8.048,8.164,7.688,70.5,3.905,94.0,27.4,1,0,1,0,0,1,1,0,0
DATA,3126000,-0.785587,0.618751,2500.0,8.044,8.166,7.688,70.5,3.913,94.0,27.4,1,0,1,0,0,1,1,0,0
DATA,3128000,-0.785497,0.618866,2500.0,8.042,8.166,7.686,70.4,3.919,94.0,27.4,1,0,1,0,0,1,1,0,0
DATA,3130000,-0.785407,0.618980,2500.0,8.042,8.162,7.687,70.5,3.919,94.0,27.4,1,0,1,0,0,1,1,0,0
DATA,3132000,-0.785317,0.619094,2500.0,8.043,8.162,7.686,70.4,3.920,94.0,27.4,1,0,1,0,0,1,1,0,0
DATA,3134000,-0.785227,0.619208,2500.0,8.049,8.149,7.687,70.4,3.910,94.0,27.4,1,0,1,0,0,1,1,0,0
DATA,3136000,-0.785137,0.619323,2500.0,8.049,8.147,7.687,70.4,3.910,94.0,27.4,1,0,1,0,0,1,1,0,0
DATA,3138000,-0.785047,0.619436,2500.0,8.049,8.153,7.684,70.2,3.917,94.0,27.4,1,0,1,0,0,1,1,0,0
DATA,3140000,-0.784956,0.619551,2500.0,8.049,8.149,7.690,70.6,3.909,94.0,27.4,1,0,1,0,0,1,1,0,0
DATA,3142000,-0.784866,0.619665,2500.0,8.042,8.164,7.686,70.4,3.923,94.0,27.4,1,0,1,0,0,1,1,0,0
DATA,3144000,-0.784776,0.619779,2500.0,8.041,8.166,7.683,70.2,3.923,94.0,27.4,1,0,1,0,0,1,1,0,0
DATA,3146000,-0.784686,0.619893,2500.0,8.037,8.172,7.685,70.3,3.929,94.0,27.4,1,0,1,0,0,1,1,0,0
DATA,3148000,-0.784596,0.620007,2500.0,8.033,8.178,7.688,70.5,3.940,94.0,27.4,1,0,1,0,0,1,1,0,0
DATA,3150000,-0.784506,0.620122,2500.0,8.040,8.164,7.685,70.3,3.927,94.0,27.4,1,0,1,0,0,1,1,0,0
DATA,3152000,-0.784416,0.620236,2500.0,8.041,8.162,7.688,70.5,3.926,94.0,27.4,1,0,1,0,0,1,1,0,0
DATA,3154000,-0.784326,0.620349,2500.0,8.051,8.139,7.689,70.5,3.913,94.0,27.4,1,0,1,0,0,1,1,0,0
DATA,3156000,-0.784235,0.620464,2500.0,8.051,8.139,7.688,70.5,3.911,94.0,27.4,1,0,1,0,0,1,1,0,0
DATA,3158000,-0.784145,0.620578,2500.0,8.042,8.157,7.686,70.4,3.928,94.0,27.4,1,0,1,0,0,1,1,0,0
DATA,3160000,-0.784055,0.620692,2500.0,8.046,8.149,7.688,70.5,3.916,94.0,27.4,1,0,1,0,0,1,1,0,0
DATA,3162000,-0.783965,0.620806,2500.0,8.046,8.153,7.686,70.4,3.914,94.0,27.4,1,0,1,0,0,1,1,0,0
DATA,3164000,-0.783874,0.620920,2500.0,8.042,8.162,7.686,70.4,3.917,94.0,27.4,1,0,1,0,0,1,1,0,0
DATA,3166000,-0.783784,0.621034,2500.0,8.049,8.147,7.687,70.4,3.900,94.0,27.4,1,0,1,0,0,1,1,0,0
DATA,3168000,-0.783693,0.621148,2500.0,8.042,8.162,7.687,70.4,3.916,94.0,27.4,1,0,1,0,0,1,1,0,0
DATA,3170000,-0.783603,0.621262,2500.0,8.043,8.160,7.688,70.5,3.913,94.0,27.4,1,0,1,0,0,1,1,0,0
DATA,3172000,-0.783513,0.621376,2500.0,8.049,8.149,7.684,70.3,3.905,94.0,27.4,1,0,1,0,0,1,1,0,0
DATA,3174000,-0.783422,0.621490,2500.0,8.052,8.145,7.688,70.5,3.905,94.0,27.4,1,0,1,0,0,1,1,0,0
DATA,3176000,-0.783332,0.621604,2500.0,8.057,8.133,7.685,70.3,3.898,94.0,27.4,1,0,1,0,0,1,1,0,0
DATA,3178000,-0.783241,0.621718,2500.0,8.047,8.153,7.686,70.4,3.916,94.0,27.4,1,0,1,0,0,1,1,0,0
DATA,3180000,-0.783151,0.621831,2500.0,8.043,8.160,7.686,70.4,3.919,94.0,27.4,1,0,1,0,0,1,1,0,0
DATA,3182000,-0.783061,0.621945,2500.0,8.039,8.166,7.685,70.3,3.928,94.0,27.4,1,0,1,0,0,1,1,0,0
DATA,3184000,-0.782970,0.622059,2500.0,8.035,8.172,7.686,70.4,3.931,94.0,27.4,1,0,1,0,0,1,1,0,0
DATA,3186000,-0.782879,0.622173,2500.0,8.040,8.162,7.686,70.4,3.922,94.0,27.4,1,0,1,0,0,1,1,0,0
DATA,3188000,-0.782789,0.622287,2500.0,8.045,8.149,7.685,70.3,3.920,94.0,27.4,1,0,1,0,0,1,1,0,0
DATA,3190000,-0.782699,0.622401,2500.0,8.035,8.168,7.687,70.4,3.941,94.0,27.4,1,0,1,0,0,1,1,0,0
DATA,3192000,-0.782608,0.622515,2500.0,8.032,8.176,7.684,70.3,3.941,94.0,27.4,1,0,1,0,0,1,1,0,0
DATA,3194000,-0.782517,0.622629,2500.0,8.033,8.174,7.687,70.4,3.941,94.0,27.4,1,0,1,0,0,1,1,0,0
DATA,3196000,-0.782427,0.622742,2500.0,8.038,8.160,7.683,70.2,3.927,94.0,27.4,1,0,1,0,0,1,1,0,0
DATA,3198000,-0.782336,0.622856,2500.0,8.048,8.139,7.690,70.6,3.909,94.0,27.4,1,0,1,0,0,1,1,0,0
DATA,3200000,-0.782246,0.622970,2500.0,8.049,8.139,7.685,70.3,3.901,94.0,27.4,1,0,1,0,0,1,1,0,0
DATA,3202000,-0.782155,0.623084,2500.0,8.040,8.162,7.688,70.5,3.904,94.0,27.4,1,0,1,0,0,1,1,0,0
DATA,3204000,-0.782065,0.623197,2500.0,8.041,8.166,7.687,70.4,3.904,94.0,27.4,1,0,1,0,0,1,1,0,0
DATA,3206000,-0.781974,0.623311,2500.0,8.041,8.168,7.685,70.3,3.901,94.0,27.4,1,0,1,0,0,1,1,0,0
DATA,3208000,-0.781883,0.623425,2500.0,8.047,8.153,7.690,70.6,3.895,94.0,27.4,1,0,1,0,0,1,1,0,0
DATA,3210000,-0.781792,0.623539,2500.0,8.055,8.137,7.687,70.5,3.895,94.0,27.4,1,0,1,0,0,1,1,0,0
DATA,3212000,-0.781702,0.623652,2500.0,8.054,8.139,7.687,70.5,3.893,94.0,27.4,1,0,1,0,0,1,1,0,0
DATA,3214000,-0.781611,0.623766,2500.0,8.053,8.145,7.684,70.2,3.893,94.0,27.4,1,0,1,0,0,1,1,0,0
DATA,3216000,-0.781521,0.623880,2500.0,8.051,8.151,7.687,70.4,3.898,94.0,27.4,1,0,1,0,0,1,1,0,0
DATA,3218000,-0.781429,0.623994,2500.0,8.046,8.162,7.685,70.3,3.908,94.0,27.4,1,0,1,0,0,1,1,0,0
DATA,3220000,-0.781339,0.624107,2500.0,8.044,8.160,7.683,70.2,3.918,94.0,27.4,1,0,1,0,0,1,1,0,0
DATA,3222000,-0.781248,0.624221,2500.0,8.046,8.153,7.687,70.5,3.920,94.0,27.4,1,0,1,0,0,1,1,0,0
DATA,3224000,-0.781157,0.624334,2500.0,8.045,8.151,7.687,70.4,3.918,94.0,27.4,1,0,1,0,0,1,1,0,0
DATA,3226000,-0.781066,0.624448,2500.0,8.052,8.133,7.684,70.3,3.905,94.0,27.4,1,0,1,0,0,1,1,0,0
DATA,3228000,-0.780976,0.624561,2500.0,8.053,8.131,7.684,70.3,3.895,94.0,27.4,1,0,1,0,0,1,1,0,0
DATA,3230000,-0.780885,0.624675,2500.0,8.047,8.139,7.685,70.3,3.897,94.0,27.4,1,0,1,0,0,1,1,0,0
DATA,3232000,-0.780794,0.624788,2500.0,8.051,8.131,7.685,70.3,3.888,94.0,27.4,1,0,1,0,0,1,1,0,0
DATA,3234000,-0.780703,0.624902,2500.0,8.047,8.141,7.686,70.4,3.898,94.0,27.4,1,0,1,0,0,1,1,0,0
DATA,3236000,-0.780612,0.625015,2500.0,8.047,8.143,7.684,70.2,3.903,94.0,27.4,1,0,1,0,0,1,1,0,0
DATA,3238000,-0.780521,0.625129,2500.0,8.050,8.139,7.682,70.1,3.909,94.0,27.4,1,0,1,0,0,1,1,0,0
DATA,3240000,-0.780431,0.625243,2500.0,8.042,8.157,7.688,70.5,3.925,94.0,27.4,1,0,1,0,0,1,1,0,0
DATA,3242000,-0.780339,0.625356,2500.0,8.045,8.149,7.685,70.3,3.917,94.0,27.4,1,0,1,0,0,1,1,0,0
DATA,3244000,-0.780248,0.625470,2500.0,8.045,8.149,7.689,70.5,3.911,94.0,27.4,1,0,1,0,0,1,1,0,0
DATA,3246000,-0.780157,0.625583,2500.0,8.045,8.149,7.684,70.3,3.920,94.0,27.4,1,0,1,0,0,1,1,0,0
DATA,3248000,-0.780067,0.625696,2500.0,8.049,8.139,7.684,70.3,3.915,94.0,27.4,1,0,1,0,0,1,1,0,0
