1ÞLCD ID:5510
DATA,period_ms,real_hour_sin,real_hour_cos,lux,pv_v,pv_p,home_v,home_soc,load_p,car_soc,human_soc,pvsrc,hsrc,rigid,led,fan,qi,hchg,cchg,v2h
CTP ID:9147
DATA,2000,0.000145,1.000000,1942.5,6.193,0.000,7.701,71.3,0.875,44.5,-1.0,1,0,1,0,0,0,0,0,0
DATA,4000,0.000291,1.000000,1942.5,8.374,1.527,7.722,72.6,1.348,44.7,-1.0,1,0,1,0,0,0,0,0,0
DATA,6000,0.000436,1.000000,1939.2,9.101,2.037,7.719,72.5,1.505,44.7,-1.0,1,0,1,0,0,0,0,0,0
DATA,8000,0.000582,1.000000,1932.5,9.309,2.182,7.719,72.5,1.550,44.7,-1.0,1,0,1,0,0,0,0,0,0
DATA,10000,0.000727,1.000000,1931.7,10.601,2.673,7.718,72.4,1.811,44.7,46.9,1,0,1,0,0,0,0,0,0
DATA,12000,0.000873,1.000000,1931.7,10.555,3.055,7.717,72.3,1.820,44.7,46.9,1,0,1,0,0,0,0,0,0
DATA,14000,0.001018,0.999999,1932.5,10.555,3.055,7.716,72.2,1.820,44.7,46.9,1,0,1,0,0,0,0,0,0
DATA,16000,0.001164,0.999999,1937.5,10.529,3.126,7.777,76.0,1.820,45.4,46.9,1,0,1,0,0,0,1,0,0
DATA,18000,0.001309,0.999999,1934.2,9.972,4.394,7.863,81.5,1.817,45.4,46.9,1,0,1,0,0,0,1,0,0
DATA,20000,0.001454,0.999999,1931.7,9.415,5.663,7.871,81.9,1.813,45.3,46.9,1,0,1,0,0,0,1,0,0
DATA,22000,-0.432020,0.901864,1937.5,8.860,6.937,7.876,82.2,1.810,45.3,46.9,1,0,1,0,0,0,1,0,0
DATA,24000,-0.431889,0.901927,1938.3,8.332,8.141,7.876,82.2,1.807,45.4,46.9,1,0,1,0,0,0,1,0,0
DATA,26000,-0.431758,0.901990,1935.0,8.335,8.149,7.880,82.5,1.807,45.4,46.9,1,0,1,0,0,0,1,0,0
DATA,28000,-0.431626,0.902053,1937.5,8.339,8.155,7.881,82.6,1.807,45.3,46.9,1,0,1,0,0,0,1,0,0
DATA,30000,-0.431495,0.902115,1945.0,8.340,8.160,7.883,82.7,1.807,45.4,46.9,1,0,1,0,0,0,1,0,0
DATA,32000,-0.431364,0.902178,1945.0,8.341,8.162,7.885,82.8,1.807,45.4,46.9,1,0,1,0,0,0,1,0,0
DATA,34000,-0.431233,0.902240,1945.0,8.342,8.168,7.885,82.8,1.807,45.3,46.9,1,0,1,0,0,0,1,0,0
DATA,36000,-0.431101,0.902304,1946.7,8.343,8.174,7.886,82.9,1.807,45.3,46.9,1,0,1,0,0,0,1,0,0
DATA,38000,-0.430970,0.902366,1940.0,8.344,8.176,7.886,82.9,1.807,45.3,46.9,1,0,1,0,0,0,1,0,0
DATA,40000,-0.430839,0.902429,1953.3,8.345,8.180,7.886,82.9,1.807,45.4,46.9,1,0,1,0,0,0,1,0,0
DATA,42000,-0.430708,0.902491,1950.0,8.346,8.180,7.887,82.9,1.807,45.3,46.9,1,0,1,0,0,0,1,0,0
DATA,44000,-0.430576,0.902554,1948.3,8.347,8.180,7.889,83.1,1.807,45.3,46.9,1,0,1,0,0,0,1,0,0
DATA,46000,-0.430445,0.902617,1955.0,8.348,8.182,7.888,83.0,1.807,45.3,46.9,1,0,1,0,0,0,1,0,0
DATA,48000,-0.430314,0.902679,1955.8,8.350,8.184,7.892,83.2,1.807,45.4,46.9,1,0,1,0,0,0,1,0,0
DATA,50000,-0.430183,0.902742,1951.7,8.350,8.184,7.890,83.2,1.807,45.3,46.9,1,0,1,0,0,0,1,0,0
DATA,52000,-0.430051,0.902805,1954.2,8.351,8.184,7.893,83.3,1.807,45.3,46.9,1,0,1,0,0,0,1,0,0
DATA,54000,-0.429920,0.902867,1950.0,8.352,8.184,7.894,83.3,1.807,45.3,46.9,1,0,1,0,0,0,1,0,0
DATA,56000,-0.429789,0.902929,1952.5,8.352,8.182,7.894,83.4,1.807,45.3,46.9,1,0,1,0,0,0,1,0,0
DATA,58000,-0.429658,0.902992,1952.5,8.353,8.184,7.895,83.5,1.807,45.3,46.9,1,0,1,0,0,0,1,0,0
DATA,60000,-0.429526,0.903055,1955.0,8.353,8.186,7.896,83.5,1.807,45.3,46.9,1,0,1,0,0,0,1,0,0
DATA,62000,-0.429395,0.903117,1955.0,8.354,8.188,7.896,83.5,1.807,45.3,46.9,1,0,1,0,0,0,1,0,0
DATA,64000,-0.429264,0.903179,1955.0,8.355,8.192,7.896,83.5,1.807,45.3,46.9,1,0,1,0,0,0,1,0,0
DATA,66000,-0.429132,0.903242,1955.0,8.356,8.194,7.895,83.4,1.807,45.3,46.9,1,0,1,0,0,0,1,0,0
DATA,68000,-0.429000,0.903304,1955.0,8.356,8.198,7.897,83.6,1.807,45.3,46.9,1,0,1,0,0,0,1,0,0
DATA,70000,-0.428869,0.903367,1955.8,8.357,8.202,7.897,83.6,1.807,45.3,46.9,1,0,1,0,0,0,1,0,0
DATA,72000,-0.428738,0.903429,1956.7,8.357,8.204,7.898,83.6,1.807,45.3,46.9,1,0,1,0,0,0,1,0,0
DATA,74000,-0.428607,0.903491,1955.0,8.356,8.206,7.898,83.6,1.807,45.3,46.9,1,0,1,0,0,0,1,0,0
DATA,76000,-0.428475,0.903554,1955.0,8.357,8.206,7.899,83.7,1.807,45.3,46.9,1,0,1,0,0,0,1,0,0
DATA,78000,-0.428344,0.903616,1955.0,8.358,8.210,7.900,83.7,1.807,45.3,46.9,1,0,1,0,0,0,1,0,0
DATA,80000,-0.428212,0.903678,1955.0,8.358,8.214,7.900,83.7,1.807,45.3,46.9,1,0,1,0,0,0,1,0,0
DATA,82000,-0.428081,0.903740,1955.0,8.359,8.218,7.900,83.8,1.807,45.2,46.9,1,0,1,0,0,0,1,0,0
DATA,84000,-0.427949,0.903803,1955.0,8.360,8.222,7.899,83.7,1.807,45.3,46.9,1,0,1,0,0,0,1,0,0
DATA,86000,-0.427818,0.903865,1955.8,8.359,8.222,7.901,83.8,1.807,45.3,46.9,1,0,1,0,0,0,1,0,0
DATA,88000,-0.427686,0.903927,1955.8,8.359,8.218,7.900,83.7,1.807,45.4,46.9,1,0,1,0,0,0,1,0,0
DATA,90000,-0.427555,0.903989,1953.3,8.359,8.216,7.901,83.8,1.807,45.3,46.9,1,0,1,0,0,0,1,0,0
DATA,92000,-0.427423,0.904052,1953.3,8.358,8.212,7.901,83.8,1.807,45.3,46.9,1,0,1,0,0,0,1,0,0
DATA,94000,-0.427292,0.904114,1953.3,8.358,8.206,7.901,83.8,1.807,45.3,46.9,1,0,1,0,0,0,1,0,0
DATA,96000,-0.427160,0.904176,1953.3,8.357,8.202,7.900,83.7,1.807,45.3,46.9,1,0,1,0,0,0,1,0,0
DATA,98000,-0.427029,0.904238,1953.3,8.356,8.196,7.901,83.8,1.807,45.3,46.9,1,0,1,0,0,0,1,0,0
DATA,100000,-0.426897,0.904300,1954.2,8.355,8.194,7.902,83.9,1.807,45.3,46.9,1,0,1,0,0,0,1,0,0
DATA,102000,-0.426766,0.904362,1955.0,8.356,8.196,7.902,83.9,1.807,45.3,46.9,1,0,1,0,0,0,1,0,0
DATA,104000,-0.426634,0.904424,1955.8,8.357,8.202,7.903,84.0,1.807,45.3,46.9,1,0,1,0,0,0,1,0,0
DATA,106000,-0.426503,0.904486,1955.8,8.358,8.208,7.902,83.9,1.807,45.3,46.9,1,0,1,0,0,0,1,0,0
DATA,108000,-0.426371,0.904548,1956.7,8.359,8.212,7.903,83.9,1.807,45.2,46.9,1,0,1,0,0,0,1,0,0
DATA,110000,-0.426240,0.904610,1955.0,8.360,8.214,7.904,84.0,1.807,45.2,46.9,1,0,1,0,0,0,1,0,0
DATA,112000,-0.426108,0.904672,1955.8,8.360,8.214,7.905,84.1,1.807,45.2,46.9,1,0,1,0,0,0,1,0,0
DATA,114000,-0.425977,0.904734,1956.7,8.361,8.214,7.905,84.1,1.807,45.2,46.9,1,0,1,0,0,0,1,0,0
DATA,116000,-0.425844,0.904796,1955.8,8.362,8.214,7.905,84.1,1.807,45.2,46.9,1,0,1,0,0,0,1,0,0
DATA,118000,-0.425713,0.904858,1955.8,8.362,8.218,7.906,84.1,1.807,45.3,46.9,1,0,1,0,0,0,1,0,0
DATA,120000,-0.425582,0.904920,1955.0,8.362,8.216,7.905,84.1,1.807,45.3,46.9,1,0,1,0,0,0,1,0,0
DATA,122000,-0.425451,0.904982,1955.0,8.362,8.218,7.907,84.2,1.807,45.3,46.9,1,0,1,0,0,0,1,0,0
DATA,124000,-0.425318,0.905044,1956.7,8.362,8.222,7.907,84.2,1.807,45.3,46.9,1,0,1,0,0,0,1,0,0
DATA,126000,-0.425187,0.905106,1955.8,8.362,8.218,7.907,84.2,1.807,45.3,46.9,1,0,1,0,0,0,1,0,0
DATA,128000,-0.425055,0.905167,1953.3,8.362,8.220,7.906,84.1,1.807,45.3,46.9,1,0,1,0,0,0,1,0,0
DATA,130000,-0.424924,0.905229,1955.8,8.361,8.218,7.907,84.2,1.807,45.3,46.9,1,0,1,0,0,0,1,0,0
DATA,132000,-0.424792,0.905291,1955.8,8.361,8.214,7.907,84.2,1.807,45.3,46.9,1,0,1,0,0,0,1,0,0
DATA,134000,-0.424660,0.905353,1955.8,8.361,8.216,7.908,84.3,1.807,45.3,46.9,1,0,1,0,0,0,1,0,0
DATA,136000,-0.424529,0.905415,1956.7,8.362,8.220,7.907,84.2,1.807,45.3,46.9,1,0,1,0,0,0,1,0,0
DATA,138000,-0.424396,0.905477,1955.8,8.363,8.225,7.908,84.2,1.807,45.3,46.9,1,0,1,0,0,0,1,0,0
DATA,140000,-0.424265,0.905538,1956.7,8.364,8.231,7.908,84.2,1.807,45.3,46.9,1,0,1,0,0,0,1,0,0
DATA,142000,-0.424133,0.905600,1954.2,8.365,8.233,7.908,84.2,1.807,45.3,46.9,1,0,1,0,0,0,1,0,0
DATA,144000,-0.424002,0.905661,1954.2,8.365,8.235,7.908,84.2,1.807,45.3,46.9,1,0,1,0,0,0,1,0,0
DATA,146000,-0.423870,0.905723,1954.2,8.364,8.231,7.908,84.2,1.807,45.2,46.9,1,0,1,0,0,0,1,0,0
DATA,148000,-0.423738,0.905785,1955.8,8.363,8.233,7.909,84.3,1.807,45.2,46.9,1,0,1,0,0,0,1,0,0
DATA,150000,-0.423607,0.905846,1955.8,8.364,8.233,7.909,84.3,1.807,45.2,46.9,1,0,1,0,0,0,1,0,0
DATA,152000,-0.423475,0.905908,1953.3,8.365,8.233,7.910,84.4,1.807,45.2,46.9,1,0,1,0,0,0,1,0,0
DATA,154000,-0.423343,0.905970,1953.3,8.366,8.233,7.910,84.4,1.807,45.2,46.9,1,0,1,0,0,0,1,0,0
DATA,156000,-0.423211,0.906031,1954.2,8.366,8.229,7.910,84.4,1.807,45.2,46.9,1,0,1,0,0,0,1,0,0
DATA,158000,-0.423080,0.906093,1956.7,8.367,8.231,7.911,84.4,1.807,45.2,46.9,1,0,1,0,0,0,1,0,0
DATA,160000,-0.422948,0.906154,1957.5,8.367,8.229,7.910,84.4,1.807,45.2,46.9,1,0,1,0,0,0,1,0,0
DATA,162000,-0.422816,0.906216,1957.5,8.366,8.233,7.910,84.4,1.807,45.2,46.9,1,0,1,0,0,0,1,0,0
DATA,164000,-0.422684,0.906277,1957.5,8.366,8.235,7.911,84.5,1.807,45.2,46.9,1,0,1,0,0,0,1,0,0
DATA,166000,-0.422552,0.906339,1957.5,8.365,8.233,7.910,84.4,1.807,45.2,46.9,1,0,1,0,0,0,1,0,0
DATA,168000,-0.422421,0.906400,1958.3,8.365,8.233,7.910,84.3,1.807,45.2,46.9,1,0,1,0,0,0,1,0,0
DATA,170000,-0.422288,0.906462,1957.5,8.365,8.233,7.910,84.4,1.807,45.2,46.9,1,0,1,0,0,0,1,0,0
DATA,172000,-0.422157,0.906523,1957.5,8.365,8.235,7.910,84.4,1.807,45.2,46.9,1,0,1,0,0,0,1,0,0
DATA,174000,-0.422025,0.906584,1958.3,8.366,8.237,7.912,84.5,1.807,45.2,46.9,1,0,1,0,0,0,1,0,0
DATA,176000,-0.421893,0.906646,1957.5,8.367,8.243,7.912,84.5,1.807,45.2,46.9,1,0,1,0,0,0,1,0,0
DATA,178000,-0.421761,0.906707,1958.3,8.367,8.243,7.912,84.5,1.807,45.2,46.9,1,0,1,0,0,0,1,0,0
DATA,180000,-0.421629,0.906768,1957.5,8.367,8.245,7.911,84.5,1.807,45.2,46.9,1,0,1,0,0,0,1,0,0
DATA,182000,-0.421498,0.906830,1950.8,8.368,8.247,7.913,84.6,1.807,45.2,46.9,1,0,1,0,0,0,1,0,0
DATA,184000,-0.421366,0.906891,1863.3,8.368,8.247,7.912,84.5,1.807,45.2,46.9,1,0,1,0,0,0,1,0,0
DATA,186000,-0.421233,0.906952,1188.3,8.368,8.249,7.912,84.5,1.807,45.2,46.9,1,0,1,0,0,0,1,0,0
DATA,188000,-0.421102,0.907013,1383.3,8.368,8.249,7.913,84.6,1.806,45.2,46.9,1,0,1,0,0,0,1,0,0
DATA,190000,-0.420969,0.907075,1395.8,8.368,8.247,7.914,84.6,1.806,45.2,46.9,1,0,1,0,0,0,1,0,0
DATA,192000,-0.420838,0.907136,1386.7,8.368,8.247,7.914,84.6,1.806,45.2,46.9,1,0,1,0,0,0,1,0,0
DATA,194000,-0.420706,0.907197,1387.5,8.362,8.243,7.906,84.1,1.862,45.2,46.9,1,0,1,0,1,0,1,0,0
DATA,196000,-0.420574,0.907258,1394.2,8.352,8.235,7.896,83.5,1.973,45.2,46.9,1,0,1,0,1,0,1,0,0
DATA,198000,-0.420442,0.907320,1401.7,8.341,8.229,7.895,83.4,2.083,45.2,46.9,1,0,1,0,1,0,1,0,0
DATA,200000,-0.420310,0.907380,1403.3,8.330,8.220,7.895,83.5,2.192,45.2,46.9,1,0,1,0,1,0,1,0,0
DATA,202000,-0.420178,0.907442,1403.3,8.324,8.218,7.896,83.5,2.242,45.2,46.9,1,0,1,0,1,0,1,0,0
DATA,204000,-0.420046,0.907503,1403.3,8.325,8.218,7.896,83.5,2.237,45.2,46.9,1,0,1,0,1,0,1,0,0
DATA,206000,-0.419914,0.907564,1403.3,8.325,8.220,7.895,83.4,2.232,45.2,46.9,1,0,1,0,1,0,1,0,0
DATA,208000,-0.419782,0.907625,1403.3,8.326,8.220,7.896,83.5,2.228,45.2,46.9,1,0,1,0,1,0,1,0,0
DATA,210000,-0.419650,0.907686,1403.3,8.326,8.220,7.897,83.5,2.226,45.2,46.9,1,0,1,0,1,0,1,0,0
DATA,212000,-0.419518,0.907747,1403.3,8.327,8.225,7.897,83.6,2.221,45.2,46.9,1,0,1,0,1,0,1,0,0
DATA,214000,-0.419386,0.907808,1403.3,8.328,8.229,7.897,83.6,2.217,45.2,46.9,1,0,1,0,1,0,1,0,0
DATA,216000,-0.419254,0.907869,1403.3,8.328,8.231,7.896,83.5,2.214,45.3,46.9,1,0,1,0,1,0,1,0,0
DATA,218000,-0.419122,0.907930,1403.3,8.327,8.231,7.895,83.4,2.211,45.3,46.9,1,0,1,0,1,0,1,0,0
DATA,220000,-0.418990,0.907991,1403.3,8.327,8.231,7.897,83.5,2.209,45.2,46.9,1,0,1,0,1,0,1,0,0
DATA,222000,-0.418858,0.908052,1403.3,8.326,8.229,7.897,83.6,2.206,45.2,46.9,1,0,1,0,1,0,1,0,0
DATA,224000,-0.418726,0.908113,1403.3,8.326,8.227,7.896,83.5,2.205,45.2,46.9,1,0,1,0,1,0,1,0,0
DATA,226000,-0.418593,0.908174,1403.3,8.326,8.225,7.895,83.4,2.202,45.2,46.9,1,0,1,0,1,0,1,0,0
DATA,228000,-0.418461,0.908235,1403.3,8.326,8.222,7.895,83.5,2.199,45.2,46.9,1,0,1,0,1,0,1,0,0
DATA,230000,-0.418329,0.908295,1403.3,8.325,8.218,7.895,83.4,2.198,45.2,46.9,1,0,1,0,1,0,1,0,0
DATA,232000,-0.418198,0.908356,1403.3,8.325,8.218,7.896,83.5,2.197,45.2,46.9,1,0,1,0,1,0,1,0,0
DATA,234000,-0.418065,0.908417,1403.3,8.325,8.218,7.896,83.5,2.196,45.2,46.9,1,0,1,0,1,0,1,0,0
DATA,236000,-0.417933,0.908478,1403.3,8.325,8.220,7.895,83.4,2.195,45.2,46.9,1,0,1,0,1,0,1,0,0
DATA,238000,-0.417801,0.908539,1403.3,8.325,8.222,7.896,83.5,2.193,45.2,46.9,1,0,1,0,1,0,1,0,0
DATA,240000,-0.417669,0.908599,1403.3,8.325,8.220,7.895,83.4,2.189,45.2,46.9,1,0,1,0,1,0,1,0,0
DATA,242000,-0.417536,0.908660,1403.3,8.325,8.222,7.895,83.4,2.187,45.2,46.9,1,0,1,0,1,0,1,0,0
DATA,244000,-0.417404,0.908721,1403.3,8.325,8.220,7.894,83.4,2.185,45.2,46.9,1,0,1,0,1,0,1,0,0
DATA,246000,-0.417272,0.908782,1403.3,8.324,8.220,7.895,83.4,2.184,45.2,46.9,1,0,1,0,1,0,1,0,0
DATA,248000,-0.417140,0.908842,1404.2,8.324,8.220,7.896,83.5,2.184,45.2,46.9,1,0,1,0,1,0,1,0,0
DATA,250000,-0.417007,0.908903,1403.3,8.324,8.216,7.895,83.4,2.183,45.2,46.9,1,0,1,0,1,0,1,0,0
DATA,252000,-0.416876,0.908964,1403.3,8.323,8.214,7.894,83.4,2.182,45.2,46.9,1,0,1,0,1,0,1,0,0
DATA,254000,-0.416743,0.909024,1403.3,8.323,8.210,7.894,83.4,2.181,45.2,46.9,1,0,1,0,1,0,1,0,0
DATA,256000,-0.416611,0.909085,1403.3,8.321,8.204,7.893,83.3,2.179,45.2,46.9,1,0,1,0,1,0,1,0,0
DATA,258000,-0.416479,0.909146,1403.3,8.320,8.200,7.895,83.4,2.178,45.2,46.9,1,0,1,0,1,0,1,0,0
DATA,260000,-0.416347,0.909206,1403.3,8.320,8.202,7.897,83.5,2.177,45.2,46.9,1,0,1,0,1,0,1,0,0
DATA,262000,-0.416215,0.909266,1404.2,8.321,8.210,7.898,83.6,2.177,45.2,46.9,1,0,1,0,1,0,1,0,0
DATA,264000,-0.416082,0.909327,1404.2,8.324,8.222,7.898,83.6,2.177,45.2,46.9,1,0,1,0,1,0,1,0,0
DATA,266000,-0.415950,0.909388,1403.3,8.325,8.235,7.896,83.5,2.177,45.2,46.9,1,0,1,0,1,0,1,0,0
DATA,268000,-0.415818,0.909448,1403.3,8.326,8.239,7.898,83.7,2.177,45.2,46.9,1,0,1,0,1,0,1,0,0
DATA,270000,-0.415686,0.909508,1404.2,8.325,8.237,7.897,83.5,2.177,45.2,46.9,1,0,1,0,1,0,1,0,0
DATA,272000,-0.415553,0.909569,1403.3,8.325,8.237,7.899,83.7,2.176,45.2,46.9,1,0,1,0,1,0,1,0,0
DATA,274000,-0.415421,0.909629,1403.3,8.325,8.233,7.899,83.7,2.174,45.2,46.9,1,0,1,0,1,0,1,0,0
DATA,276000,-0.415289,0.909690,1404.2,8.324,8.229,7.897,83.6,2.173,45.2,46.9,1,0,1,0,1,0,1,0,0
DATA,278000,-0.415156,0.909750,1403.3,8.324,8.227,7.898,83.6,2.172,45.2,46.9,1,0,1,0,1,0,1,0,0
DATA,280000,-0.415024,0.909811,1403.3,8.324,8.225,7.898,83.6,2.171,45.2,46.9,1,0,1,0,1,0,1,0,0
DATA,282000,-0.414891,0.909871,1403.3,8.324,8.222,7.898,83.6,2.172,45.2,46.9,1,0,1,0,1,0,1,0,0
DATA,284000,-0.414759,0.909931,1403.3,8.323,8.220,7.898,83.6,2.172,45.2,46.9,1,0,1,0,1,0,1,0,0
DATA,286000,-0.414627,0.909991,1403.3,8.324,8.222,7.898,83.7,2.172,45.2,46.9,1,0,1,0,1,0,1,0,0
DATA,288000,-0.414494,0.910052,1403.3,8.324,8.222,7.897,83.5,2.172,45.2,46.9,1,0,1,0,1,0,1,0,0
DATA,290000,-0.414362,0.910112,1404.2,8.324,8.220,7.898,83.6,2.171,45.2,46.9,1,0,1,0,1,0,1,0,0
DATA,292000,-0.414230,0.910172,1404.2,8.324,8.218,7.896,83.5,2.171,45.2,46.9,1,0,1,0,1,0,1,0,0
DATA,294000,-0.414098,0.910232,1404.2,8.323,8.216,7.898,83.6,2.171,45.2,46.9,1,0,1,0,1,0,1,0,0
DATA,296000,-0.413965,0.910293,1404.2,8.323,8.214,7.897,83.5,2.171,45.2,46.9,1,0,1,0,1,0,1,0,0
DATA,298000,-0.413833,0.910353,1403.3,8.324,8.214,7.898,83.6,2.171,45.2,46.9,1,0,1,0,1,0,1,0,0
DATA,300000,-0.413700,0.910413,1404.2,8.325,8.218,7.898,83.6,2.171,45.2,46.9,1,0,1,0,1,0,1,0,0
DATA,302000,-0.413568,0.910473,1404.2,8.325,8.220,7.899,83.7,2.171,45.2,46.9,1,0,1,0,1,0,1,0,0
DATA,304000,-0.413435,0.910534,1403.3,8.326,8.222,7.899,83.7,2.171,45.2,46.9,1,0,1,0,1,0,1,0,0
DATA,306000,-0.413303,0.910593,1403.3,8.326,8.225,7.899,83.7,2.171,45.2,46.9,1,0,1,0,1,0,1,0,0
DATA,308000,-0.413170,0.910654,1403.3,8.326,8.229,7.899,83.7,2.171,45.2,46.9,1,0,1,0,1,0,1,0,0
DATA,310000,-0.413038,0.910714,1403.3,8.326,8.231,7.899,83.7,2.171,45.2,46.9,1,0,1,0,1,0,1,0,0
DATA,312000,-0.412905,0.910774,1403.3,8.326,8.235,7.899,83.7,2.171,45.2,46.9,1,0,1,0,1,0,1,0,0
DATA,314000,-0.412773,0.910834,1404.2,8.326,8.239,7.899,83.7,2.171,45.2,46.9,1,0,1,0,1,0,1,0,0
DATA,316000,-0.412641,0.910894,1403.3,8.326,8.237,7.897,83.5,2.171,45.2,46.9,1,0,1,0,1,0,1,0,0
DATA,318000,-0.412508,0.910954,1403.3,8.326,8.237,7.899,83.7,2.171,45.2,46.9,1,0,1,0,1,0,1,0,0
DATA,320000,-0.412376,0.911014,1403.3,8.327,8.235,7.899,83.7,2.171,45.2,46.9,1,0,1,0,1,0,1,0,0
DATA,322000,-0.412243,0.911074,1403.3,8.327,8.231,7.899,83.7,2.171,45.2,46.9,1,0,1,0,1,0,1,0,0
DATA,324000,-0.412111,0.911134,1404.2,8.327,8.231,7.899,83.7,2.171,45.2,46.9,1,0,1,0,1,0,1,0,0
DATA,326000,-0.411978,0.911194,1403.3,8.327,8.229,7.898,83.6,2.171,45.2,46.9,1,0,1,0,1,0,1,0,0
DATA,328000,-0.411845,0.911254,1404.2,8.327,8.227,7.898,83.7,2.171,45.2,46.9,1,0,1,0,1,0,1,0,0
DATA,330000,-0.411713,0.911314,1403.3,8.326,8.227,7.898,83.6,2.171,45.1,46.9,1,0,1,0,1,0,1,0,0
DATA,332000,-0.411580,0.911373,1404.2,8.326,8.225,7.899,83.7,2.171,45.2,46.9,1,0,1,0,1,0,1,0,0
DATA,334000,-0.411448,0.911433,1404.2,8.326,8.222,7.901,83.8,2.171,45.2,46.9,1,0,1,0,1,0,1,0,0
DATA,336000,-0.411315,0.911493,1403.3,8.325,8.222,7.899,83.7,2.170,45.1,46.9,1,0,1,0,1,0,1,0,0
DATA,338000,-0.411183,0.911553,1403.3,8.326,8.220,7.899,83.7,2.170,45.1,46.9,1,0,1,0,1,0,1,0,0
DATA,340000,-0.411050,0.911613,1403.3,8.324,8.214,7.897,83.6,2.169,45.1,46.9,1,0,1,0,1,0,1,0,0
DATA,342000,-0.410918,0.911672,1403.3,8.323,8.210,7.898,83.7,2.169,45.2,46.9,1,0,1,0,1,0,1,0,0
DATA,344000,-0.410785,0.911732,1403.3,8.323,8.210,7.898,83.6,2.170,45.1,46.9,1,0,1,0,1,0,1,0,0
DATA,346000,-0.410652,0.911792,1403.3,8.323,8.210,7.900,83.7,2.170,45.2,46.9,1,0,1,0,1,0,1,0,0
DATA,348000,-0.410520,0.911852,1403.3,8.324,8.212,7.898,83.6,2.170,45.2,46.9,1,0,1,0,1,0,1,0,0
DATA,350000,-0.410388,0.911911,1404.2,8.324,8.216,7.898,83.6,2.170,45.1,46.9,1,0,1,0,1,0,1,0,0
DATA,352000,-0.410254,0.911971,1403.3,8.324,8.218,7.899,83.7,2.170,45.1,46.9,1,0,1,0,1,0,1,0,0
DATA,354000,-0.410122,0.912031,1403.3,8.324,8.220,7.900,83.7,2.169,45.2,46.9,1,0,1,0,1,0,1,0,0
DATA,356000,-0.409989,0.912090,1403.3,8.325,8.222,7.900,83.7,2.168,45.1,46.9,1,0,1,0,1,0,1,0,0
DATA,358000,-0.409857,0.912150,1402.5,8.326,8.229,7.901,83.8,2.169,45.1,46.9,1,0,1,0,1,0,1,0,0
DATA,360000,-0.409723,0.912210,1375.8,8.327,8.229,7.900,83.8,2.169,45.2,46.9,1,0,1,0,1,0,1,0,0
DATA,362000,-0.409591,0.912269,1376.7,8.328,8.227,7.901,83.8,2.168,45.1,46.9,1,0,1,0,1,0,1,0,0
DATA,364000,-0.409459,0.912329,1297.5,8.329,8.227,7.902,83.8,2.169,45.2,46.9,1,0,1,0,1,0,1,0,0
DATA,366000,-0.409326,0.912388,1313.3,8.328,8.225,7.901,83.8,2.167,45.1,46.9,1,0,1,0,1,0,1,0,0
DATA,368000,-0.409193,0.912448,1328.3,8.328,8.227,7.901,83.8,2.166,45.1,46.9,1,0,1,0,1,0,1,0,0
DATA,370000,-0.409060,0.912507,1330.8,8.327,8.229,7.902,83.9,2.166,45.1,46.9,1,0,1,0,1,0,1,0,0
DATA,372000,-0.408928,0.912567,1330.8,8.327,8.231,7.901,83.8,2.166,45.2,46.9,1,0,1,0,1,0,1,0,0
DATA,374000,-0.408795,0.912626,1330.8,8.327,8.233,7.902,83.9,2.166,45.1,46.9,1,0,1,0,1,0,1,0,0
DATA,376000,-0.408662,0.912686,1330.0,8.328,8.235,7.899,83.7,2.166,45.1,46.9,1,0,1,0,1,0,1,0,0
DATA,378000,-0.408530,0.912745,1330.0,8.328,8.239,7.902,83.9,2.165,45.1,46.9,1,0,1,0,1,0,1,0,0
DATA,380000,-0.408397,0.912804,1330.0,8.330,8.243,7.902,83.9,2.165,45.1,46.9,1,0,1,0,1,0,1,0,0
DATA,382000,-0.408264,0.912864,1330.8,8.331,8.247,7.902,83.9,2.165,45.1,46.9,1,0,1,0,1,0,1,0,0
DATA,384000,-0.408131,0.912923,1330.8,8.331,8.247,7.902,83.9,2.165,45.1,46.9,1,0,1,0,1,0,1,0,0
DATA,386000,-0.407999,0.912983,1330.8,8.330,8.241,7.899,83.7,2.165,45.1,46.9,1,0,1,0,1,0,1,0,0
DATA,388000,-0.407866,0.913042,1330.8,8.328,8.235,7.901,83.8,2.165,45.1,46.9,1,0,1,0,1,0,1,0,0
DATA,390000,-0.407732,0.913101,1330.8,8.327,8.225,7.900,83.8,2.165,45.1,46.9,1,0,1,0,1,0,1,0,0
DATA,392000,-0.407600,0.913161,1330.8,8.326,8.220,7.901,83.8,2.165,45.1,46.9,1,0,1,0,1,0,1,0,0
DATA,394000,-0.407467,0.913220,1330.8,8.326,8.220,7.901,83.8,2.165,45.1,46.9,1,0,1,0,1,0,1,0,0
DATA,396000,-0.407335,0.913279,1330.8,8.327,8.225,7.902,83.9,2.165,45.1,46.9,1,0,1,0,1,0,1,0,0
DATA,398000,-0.407201,0.913338,1330.8,8.327,8.229,7.902,83.9,2.165,45.1,46.9,1,0,1,0,1,0,1,0,0
DATA,400000,-0.407068,0.913398,1330.8,8.328,8.233,7.903,83.9,2.165,45.1,46.9,1,0,1,0,1,0,1,0,0
DATA,402000,-0.406936,0.913457,1330.0,8.329,8.237,7.902,83.8,2.165,45.1,46.9,1,0,1,0,1,0,1,0,0
DATA,404000,-0.406803,0.913516,1329.2,8.330,8.241,7.904,84.0,2.165,45.1,46.9,1,0,1,0,1,0,1,0,0
DATA,406000,-0.406670,0.913575,1326.7,8.330,8.245,7.903,84.0,2.165,45.1,46.9,1,0,1,0,1,0,1,0,0
DATA,408000,-0.406537,0.913634,1329.2,8.331,8.249,7.903,84.0,2.165,45.1,46.5,1,0,1,0,1,0,1,0,0
DATA,410000,-0.406405,0.913693,1329.2,8.331,8.251,7.903,83.9,2.165,45.1,46.5,1,0,1,0,1,0,1,0,0
DATA,412000,-0.406272,0.913752,1329.2,8.331,8.251,7.905,84.0,2.165,45.1,46.5,1,0,1,0,1,0,1,0,0
DATA,414000,-0.406138,0.913812,1327.5,8.332,8.255,7.904,84.0,2.165,45.1,46.5,1,0,1,0,1,0,1,0,0
DATA,416000,-0.406005,0.913871,1325.8,8.332,8.253,7.902,83.9,2.165,45.1,46.5,1,0,1,0,1,0,1,0,0
DATA,418000,-0.405873,0.913930,1322.5,8.332,8.251,7.897,83.5,2.165,45.0,46.5,1,0,1,0,1,0,1,0,0
DATA,420000,-0.405740,0.913989,1314.2,8.328,8.247,7.896,83.5,2.165,45.1,46.5,1,0,1,0,1,0,1,0,0
DATA,422000,-0.405607,0.914048,1317.5,8.328,8.245,7.905,84.0,2.165,45.1,46.5,1,0,1,0,1,0,1,0,0
DATA,424000,-0.405474,0.914107,1327.5,8.328,8.243,7.904,84.0,2.165,45.1,46.5,1,0,1,0,1,0,1,0,0
DATA,426000,-0.405341,0.914166,1327.5,8.328,8.243,7.905,84.1,2.165,45.1,46.5,1,0,1,0,1,0,1,0,0
DATA,428000,-0.405208,0.914224,1329.2,8.330,8.243,7.905,84.0,2.165,45.1,46.5,1,0,1,0,1,0,1,0,0
DATA,430000,-0.405075,0.914284,1327.5,8.330,8.243,7.903,83.9,2.165,45.1,46.5,1,0,1,0,1,0,1,0,0
DATA,432000,-0.404942,0.914342,1321.7,8.329,8.241,7.905,84.1,2.165,45.1,46.5,1,0,1,0,1,0,1,0,0
DATA,434000,-0.404809,0.914401,1330.0,8.329,8.241,7.904,84.0,2.165,45.1,46.5,1,0,1,0,1,0,1,0,0
DATA,436000,-0.404676,0.914460,1329.2,8.329,8.239,7.903,83.9,2.165,45.1,46.5,1,0,1,0,1,0,1,0,0
DATA,438000,-0.404543,0.914519,1329.2,8.329,8.237,7.905,84.1,2.165,45.1,46.5,1,0,1,0,1,0,1,0,0
DATA,440000,-0.404410,0.914578,1330.0,8.329,8.241,7.905,84.0,2.165,45.1,46.5,1,0,1,0,1,0,1,0,0
DATA,442000,-0.404277,0.914637,1330.0,8.328,8.239,7.904,84.0,2.165,45.0,46.5,1,0,1,0,1,0,1,0,0
DATA,444000,-0.404144,0.914695,1330.8,8.328,8.243,7.906,84.1,2.165,45.1,46.5,1,0,1,0,1,0,1,0,0
DATA,446000,-0.404011,0.914754,1330.8,8.328,8.243,7.904,84.0,2.165,45.0,46.5,1,0,1,0,1,0,1,0,0
DATA,448000,-0.403878,0.914813,1330.8,8.329,8.243,7.905,84.1,2.165,45.0,46.5,1,0,1,0,1,0,1,0,0
DATA,450000,-0.403745,0.914872,1330.8,8.330,8.247,7.906,84.1,2.165,45.0,46.5,1,0,1,0,1,0,1,0,0
DATA,452000,-0.403612,0.914930,1330.8,8.330,8.247,7.905,84.1,2.165,45.0,46.5,1,0,1,0,1,0,1,0,0
DATA,454000,-0.403479,0.914989,1330.8,8.331,8.249,7.905,84.1,2.165,45.0,46.5,1,0,1,0,1,0,1,0,0
DATA,456000,-0.403346,0.915048,1330.8,8.331,8.247,7.905,84.0,2.165,45.0,46.5,1,0,1,0,1,0,1,0,0
DATA,458000,-0.403212,0.915106,1330.8,8.331,8.247,7.904,84.0,2.165,45.1,46.5,1,0,1,0,1,0,1,0,0
DATA,460000,-0.403080,0.915165,1330.8,8.331,8.245,7.906,84.1,2.165,45.1,46.5,1,0,1,0,1,0,1,0,0
DATA,462000,-0.402946,0.915224,1330.8,8.331,8.245,7.905,84.0,2.165,45.0,46.5,1,0,1,0,1,0,1,0,0
DATA,464000,-0.402813,0.915282,1330.8,8.332,8.245,7.905,84.1,2.165,45.1,46.5,1,0,1,0,1,0,1,0,0
DATA,466000,-0.402680,0.915341,1330.8,8.331,8.247,7.906,84.1,2.165,45.1,46.5,1,0,1,0,1,0,1,0,0
DATA,468000,-0.402547,0.915399,1330.8,8.332,8.251,7.906,84.1,2.165,45.1,46.5,1,0,1,0,1,0,1,0,0
DATA,470000,-0.402413,0.915458,1330.8,8.332,8.249,7.905,84.1,2.165,45.1,46.5,1,0,1,0,1,0,1,0,0
DATA,472000,-0.402281,0.915516,1330.8,8.332,8.251,7.906,84.1,2.165,45.1,46.5,1,0,1,0,1,0,1,0,0
DATA,474000,-0.402147,0.915575,1330.8,8.332,8.249,7.905,84.1,2.165,45.1,46.5,1,0,1,0,1,0,1,0,0
DATA,476000,-0.402015,0.915633,1330.8,8.332,8.247,7.904,84.0,2.165,45.1,46.5,1,0,1,0,1,0,1,0,0
DATA,478000,-0.401881,0.915692,1330.8,8.332,8.245,7.905,84.0,2.165,45.1,46.5,1,0,1,0,1,0,1,0,0
DATA,480000,-0.401748,0.915750,1330.8,8.333,8.243,7.906,84.2,2.165,45.0,46.5,1,0,1,0,1,0,1,0,0
DATA,482000,-0.401615,0.915809,1330.8,8.332,8.243,7.905,84.0,2.165,45.0,46.5,1,0,1,0,1,0,1,0,0
DATA,484000,-0.401482,0.915867,1330.8,8.332,8.243,7.906,84.1,2.165,45.0,46.5,1,0,1,0,1,0,1,0,0
DATA,486000,-0.401348,0.915926,1330.8,8.332,8.245,7.906,84.1,2.165,45.0,46.5,1,0,1,0,1,0,1,0,0
DATA,488000,-0.401215,0.915984,1330.8,8.332,8.245,7.907,84.2,2.165,45.1,46.5,1,0,1,0,1,0,1,0,0
DATA,490000,-0.401082,0.916042,1330.8,8.333,8.249,7.907,84.2,2.165,45.0,46.5,1,0,1,0,1,0,1,0,0
DATA,492000,-0.400949,0.916100,1330.8,8.333,8.249,7.906,84.1,2.165,45.0,46.5,1,0,1,0,1,0,1,0,0
DATA,494000,-0.400815,0.916159,1330.8,8.334,8.247,7.905,84.0,2.165,45.0,46.5,1,0,1,0,1,0,1,0,0
DATA,496000,-0.400682,0.916217,1330.8,8.333,8.247,7.903,83.9,2.165,45.1,46.5,1,0,1,0,1,0,1,0,0
DATA,498000,-0.400549,0.916275,1330.8,8.333,8.245,7.908,84.3,2.165,45.0,46.5,1,0,1,0,1,0,1,0,0
DATA,500000,-0.400415,0.916334,1330.8,8.332,8.243,7.905,84.1,2.165,45.0,46.5,1,0,1,0,1,0,1,0,0
DATA,502000,-0.400282,0.916392,1330.0,8.333,8.245,7.909,84.3,2.165,45.0,46.5,1,0,1,0,1,0,1,0,0
DATA,504000,-0.400149,0.916450,1330.8,8.335,8.253,7.909,84.3,2.165,45.0,46.5,1,0,1,0,1,0,1,0,0
DATA,506000,-0.400016,0.916508,1330.8,8.335,8.255,7.907,84.2,2.165,45.0,46.5,1,0,1,0,1,0,1,0,0
DATA,508000,-0.399882,0.916567,1330.8,8.336,8.259,7.908,84.3,2.164,45.1,46.5,1,0,1,0,1,0,1,0,0
DATA,510000,-0.399749,0.916625,1330.8,8.334,8.257,7.907,84.2,2.164,45.0,46.5,1,0,1,0,1,0,1,0,0
DATA,512000,-0.399616,0.916683,1330.8,8.333,8.249,7.907,84.2,2.164,45.0,46.5,1,0,1,0,1,0,1,0,0
DATA,514000,-0.399483,0.916741,1330.8,8.333,8.247,7.908,84.3,2.164,45.0,46.5,1,0,1,0,1,0,1,0,0
DATA,516000,-0.399349,0.916799,1330.8,8.332,8.243,7.906,84.2,2.165,45.1,46.5,1,0,1,0,1,0,1,0,0
DATA,518000,-0.399215,0.916857,1330.8,8.332,8.241,7.908,84.3,2.165,45.0,46.5,1,0,1,0,1,0,1,0,0
DATA,520000,-0.399083,0.916915,1330.8,8.333,8.241,7.907,84.2,2.165,44.9,46.5,1,0,1,0,1,0,1,0,0
DATA,522000,-0.398948,0.916973,1330.8,8.332,8.239,7.907,84.2,2.165,45.0,46.5,1,0,1,0,1,0,1,0,0
DATA,524000,-0.398815,0.917031,1330.8,8.332,8.239,7.907,84.2,2.165,45.0,46.5,1,0,1,0,1,0,1,0,0
DATA,526000,-0.398682,0.917089,1330.8,8.330,8.237,7.902,83.9,2.164,45.0,46.5,1,0,1,0,1,0,1,0,0
DATA,528000,-0.398549,0.917147,1330.8,8.329,8.237,7.904,84.0,2.163,45.0,46.5,1,0,1,0,1,0,1,0,0
DATA,530000,-0.398415,0.917205,1330.8,8.327,8.235,7.900,83.7,2.162,44.9,46.5,1,0,1,0,1,0,1,0,0
DATA,532000,-0.398282,0.917263,1330.8,8.326,8.233,7.901,83.8,2.162,45.0,46.5,1,0,1,0,1,0,1,0,0
DATA,534000,-0.398148,0.917321,1330.8,8.326,8.235,7.904,84.0,2.163,45.0,46.5,1,0,1,0,1,0,1,0,0
DATA,536000,-0.398015,0.917379,1330.8,8.326,8.233,7.900,83.7,2.163,44.9,46.5,1,0,1,0,1,0,1,0,0
DATA,538000,-0.397881,0.917437,1330.8,8.327,8.233,7.902,83.9,2.164,44.9,46.5,1,0,1,0,1,0,1,0,0
DATA,540000,-0.397748,0.917495,1330.8,8.327,8.235,7.902,83.9,2.164,45.0,46.5,1,0,1,0,1,0,1,0,0
DATA,542000,-0.397615,0.917552,1330.8,8.330,8.235,7.904,84.0,2.163,45.0,46.5,1,0,1,0,1,0,1,0,0
DATA,544000,-0.397481,0.917610,1330.8,8.332,8.239,7.908,84.2,2.164,45.0,46.5,1,0,1,0,1,0,1,0,0
DATA,546000,-0.397348,0.917668,1330.8,8.334,8.245,7.909,84.3,2.164,45.0,46.5,1,0,1,0,1,0,1,0,0
DATA,548000,-0.397214,0.917726,1330.8,8.334,8.245,7.908,84.3,2.164,45.0,46.5,1,0,1,0,1,0,1,0,0
DATA,550000,-0.397081,0.917784,1330.8,8.335,8.245,7.909,84.3,2.165,45.0,46.5,1,0,1,0,1,0,1,0,0
DATA,552000,-0.396947,0.917841,1330.8,8.335,8.243,7.908,84.3,2.165,44.9,46.5,1,0,1,0,1,0,1,0,0
DATA,554000,-0.396814,0.917899,1330.8,8.335,8.241,7.910,84.4,2.165,44.9,46.5,1,0,1,0,1,0,1,0,0
DATA,556000,-0.396680,0.917957,1330.8,8.334,8.239,7.908,84.3,2.165,44.9,46.5,1,0,1,0,1,0,1,0,0
DATA,558000,-0.396547,0.918014,1330.8,8.335,8.243,7.908,84.3,2.165,45.0,46.5,1,0,1,0,1,0,1,0,0
DATA,560000,-0.396413,0.918072,1330.8,8.334,8.245,7.909,84.3,2.165,45.0,46.5,1,0,1,0,1,0,1,0,0
DATA,562000,-0.396280,0.918130,1330.8,8.334,8.247,7.910,84.3,2.165,45.0,46.5,1,0,1,0,1,0,1,0,0
DATA,564000,-0.396146,0.918187,1330.8,8.334,8.247,7.908,84.2,2.165,45.0,46.5,1,0,1,0,1,0,1,0,0
DATA,566000,-0.396013,0.918245,1330.8,8.334,8.243,7.909,84.3,2.165,44.9,46.5,1,0,1,0,1,0,1,0,0
DATA,568000,-0.395879,0.918303,1330.8,8.333,8.241,7.908,84.3,2.165,45.0,46.5,1,0,1,0,1,0,1,0,0
DATA,570000,-0.395746,0.918360,1330.8,8.333,8.239,7.910,84.4,2.165,45.0,46.5,1,0,1,0,1,0,1,0,0
DATA,572000,-0.395612,0.918418,1330.8,8.333,8.237,7.910,84.3,2.165,45.0,46.5,1,0,1,0,1,0,1,0,0
DATA,574000,-0.395479,0.918475,1330.8,8.333,8.233,7.909,84.3,2.165,44.9,46.5,1,0,1,0,1,0,1,0,0
DATA,576000,-0.395345,0.918533,1330.8,8.333,8.231,7.910,84.4,2.164,45.0,46.5,1,0,1,0,1,0,1,0,0
DATA,578000,-0.395212,0.918590,1330.8,8.332,8.229,7.910,84.4,2.163,45.0,46.5,1,0,1,0,1,0,1,0,0
DATA,580000,-0.395078,0.918648,1330.8,8.332,8.229,7.910,84.4,2.163,44.9,46.5,1,0,1,0,1,0,1,0,0
DATA,582000,-0.394944,0.918705,1330.8,8.331,8.229,7.910,84.4,2.163,44.9,46.5,1,0,1,0,1,0,1,0,0
DATA,584000,-0.394811,0.918763,1331.7,8.332,8.227,7.909,84.3,2.163,44.9,46.5,1,0,1,0,1,0,1,0,0
DATA,586000,-0.394677,0.918820,1330.8,8.331,8.229,7.910,84.3,2.163,44.9,46.5,1,0,1,0,1,0,1,0,0
DATA,588000,-0.394543,0.918878,1330.8,8.332,8.231,7.910,84.4,2.163,44.9,46.5,1,0,1,0,1,0,1,0,0
DATA,590000,-0.394410,0.918935,1330.8,8.332,8.235,7.910,84.4,2.162,44.9,46.5,1,0,1,0,1,0,1,0,0
DATA,592000,-0.394276,0.918992,1330.8,8.333,8.241,7.910,84.4,2.162,44.9,46.5,1,0,1,0,1,0,1,0,0
DATA,594000,-0.394143,0.919049,1331.7,8.333,8.245,7.911,84.4,2.163,44.9,46.5,1,0,1,0,1,0,1,0,0
DATA,596000,-0.394008,0.919107,1330.8,8.333,8.247,7.909,84.3,2.162,44.9,46.5,1,0,1,0,1,0,1,0,0
DATA,598000,-0.393875,0.919164,1330.8,8.333,8.249,7.911,84.4,2.162,44.9,46.5,1,0,1,0,1,0,1,0,0
DATA,600000,-0.393741,0.919221,1330.8,8.333,8.247,7.911,84.4,2.162,44.9,46.5,1,0,1,0,1,0,1,0,0
DATA,602000,-0.393608,0.919278,1330.8,8.333,8.243,7.911,84.4,2.160,44.9,46.5,1,0,1,0,1,0,1,0,0
DATA,604000,-0.393474,0.919336,1330.8,8.333,8.241,7.911,84.4,2.160,44.9,46.5,1,0,1,0,1,0,1,0,0
DATA,606000,-0.393340,0.919393,1330.8,8.333,8.235,7.910,84.3,2.159,44.9,46.5,1,0,1,0,1,0,1,0,0
DATA,608000,-0.393207,0.919450,1330.8,8.333,8.233,7.911,84.4,2.159,44.9,46.5,1,0,1,0,1,0,1,0,0
DATA,610000,-0.393073,0.919507,1330.8,8.333,8.233,7.912,84.5,2.159,44.9,46.5,1,0,1,0,1,0,1,0,0
DATA,612000,-0.392939,0.919565,1330.8,8.334,8.233,7.911,84.5,2.159,44.9,46.5,1,0,1,0,1,0,1,0,0
DATA,614000,-0.392805,0.919622,1330.8,8.334,8.237,7.911,84.4,2.159,44.9,46.5,1,0,1,0,1,0,1,0,0
DATA,616000,-0.392672,0.919679,1331.7,8.335,8.239,7.911,84.4,2.159,44.9,46.5,1,0,1,0,1,0,1,0,0
DATA,618000,-0.392537,0.919736,1331.7,8.335,8.239,7.912,84.5,2.160,44.8,46.5,1,0,1,0,1,0,1,0,0
DATA,620000,-0.392404,0.919793,1330.8,8.334,8.237,7.909,84.3,2.161,44.9,46.5,1,0,1,0,1,0,1,0,0
DATA,622000,-0.392270,0.919850,1330.8,8.334,8.235,7.911,84.4,2.161,44.8,46.5,1,0,1,0,1,0,1,0,0
DATA,624000,-0.392137,0.919907,1330.8,8.333,8.231,7.911,84.5,2.162,44.9,46.5,1,0,1,0,1,0,1,0,0
DATA,626000,-0.392002,0.919964,1330.8,8.333,8.227,7.911,84.4,2.162,44.8,46.5,1,0,1,0,1,0,1,0,0
DATA,628000,-0.391868,0.920021,1330.8,8.332,8.225,7.910,84.3,2.160,44.9,46.5,1,0,1,0,1,0,1,0,0
DATA,630000,-0.391735,0.920078,1330.8,8.332,8.225,7.911,84.4,2.162,44.9,46.5,1,0,1,0,1,0,1,0,0
DATA,632000,-0.391601,0.920135,1330.8,8.332,8.225,7.911,84.4,2.162,44.9,46.5,1,0,1,0,1,0,1,0,0
DATA,634000,-0.391467,0.920192,1330.8,8.332,8.229,7.910,84.4,2.162,44.9,46.5,1,0,1,0,1,0,1,0,0
DATA,636000,-0.391333,0.920249,1330.8,8.333,8.229,7.911,84.5,2.162,44.9,46.5,1,0,1,0,1,0,1,0,0
DATA,638000,-0.391200,0.920306,1331.7,8.333,8.229,7.912,84.5,2.161,44.9,46.5,1,0,1,0,1,0,1,0,0
DATA,640000,-0.391065,0.920363,1330.8,8.332,8.222,7.910,84.4,2.161,44.8,46.5,1,0,1,0,1,0,1,0,0
DATA,642000,-0.390932,0.920420,1330.8,8.331,8.214,7.911,84.4,2.160,44.9,46.5,1,0,1,0,1,0,1,0,0
DATA,644000,-0.390798,0.920477,1331.7,8.331,8.212,7.912,84.5,2.161,44.9,46.5,1,0,1,0,1,0,1,0,0
DATA,646000,-0.390664,0.920533,1330.8,8.332,8.214,7.913,84.6,2.160,44.9,46.5,1,0,1,0,1,0,1,0,0
DATA,648000,-0.390530,0.920590,1330.8,8.333,8.225,7.912,84.5,2.159,44.8,46.5,1,0,1,0,1,0,1,0,0
DATA,650000,-0.390396,0.920647,1330.8,8.335,8.233,7.913,84.6,2.159,44.8,46.5,1,0,1,0,1,0,1,0,0
DATA,652000,-0.390262,0.920704,1330.8,8.336,8.239,7.913,84.6,2.159,44.9,46.5,1,0,1,0,1,0,1,0,0
DATA,654000,-0.390129,0.920760,1330.8,8.336,8.237,7.914,84.6,2.159,44.9,46.5,1,0,1,0,1,0,1,0,0
DATA,656000,-0.389994,0.920817,1331.7,8.335,8.231,7.911,84.4,2.159,44.8,46.5,1,0,1,0,1,0,1,0,0
DATA,658000,-0.389860,0.920874,1330.8,8.334,8.222,7.913,84.6,2.159,44.8,46.5,1,0,1,0,1,0,1,0,0
DATA,660000,-0.389727,0.920931,1330.8,8.333,8.216,7.913,84.6,2.159,44.9,46.5,1,0,1,0,1,0,1,0,0
DATA,662000,-0.389593,0.920987,1330.8,8.332,8.214,7.912,84.5,2.159,44.9,46.5,1,0,1,0,1,0,1,0,0
DATA,664000,-0.389458,0.921044,1330.8,8.333,8.216,7.912,84.5,2.159,44.8,46.1,1,0,1,0,1,0,1,0,0
DATA,666000,-0.389325,0.921101,1330.8,8.333,8.218,7.912,84.5,2.159,44.9,46.1,1,0,1,0,1,0,1,0,0
DATA,668000,-0.389191,0.921157,1330.8,8.333,8.220,7.912,84.5,2.159,44.9,46.1,1,0,1,0,1,0,1,0,0
DATA,670000,-0.389057,0.921214,1330.8,8.333,8.220,7.912,84.5,2.159,44.8,46.1,1,0,1,0,1,0,1,0,0
DATA,672000,-0.388922,0.921271,1331.7,8.333,8.220,7.913,84.6,2.159,44.8,46.1,1,0,1,0,1,0,1,0,0
DATA,674000,-0.388789,0.921327,1330.8,8.334,8.222,7.913,84.6,2.159,44.9,46.1,1,0,1,0,1,0,1,0,0
DATA,676000,-0.388655,0.921383,1330.8,8.333,8.222,7.912,84.5,2.159,44.8,46.1,1,0,1,0,1,0,1,0,0
DATA,678000,-0.388521,0.921440,1330.8,8.333,8.222,7.912,84.5,2.159,44.8,46.1,1,0,1,0,1,0,1,0,0
DATA,680000,-0.388386,0.921497,1330.8,8.333,8.222,7.912,84.5,2.159,44.9,46.1,1,0,1,0,1,0,1,0,0
DATA,682000,-0.388253,0.921553,1330.8,8.332,8.220,7.913,84.6,2.159,44.8,46.1,1,0,1,0,1,0,1,0,0
DATA,684000,-0.388119,0.921609,1331.7,8.332,8.218,7.913,84.6,2.159,44.8,46.1,1,0,1,0,1,0,1,0,0
DATA,686000,-0.387985,0.921666,1330.8,8.333,8.218,7.912,84.5,2.159,44.9,46.1,1,0,1,0,1,0,1,0,0
DATA,688000,-0.387850,0.921722,1330.8,8.333,8.216,7.913,84.5,2.159,44.9,46.1,1,0,1,0,1,0,1,0,0
DATA,690000,-0.387717,0.921779,1330.8,8.333,8.216,7.913,84.5,2.159,44.9,46.1,1,0,1,0,1,0,1,0,0
DATA,692000,-0.387583,0.921835,1330.8,8.333,8.216,7.913,84.5,2.159,44.9,46.1,1,0,1,0,1,0,1,0,0
DATA,694000,-0.387448,0.921891,1331.7,8.333,8.216,7.913,84.6,2.159,44.8,46.1,1,0,1,0,1,0,1,0,0
DATA,696000,-0.387314,0.921948,1330.8,8.333,8.216,7.913,84.5,2.159,44.8,46.1,1,0,1,0,1,0,1,0,0
DATA,698000,-0.387180,0.922004,1330.8,8.333,8.216,7.914,84.6,2.159,44.8,46.1,1,0,1,0,1,0,1,0,0
DATA,700000,-0.387046,0.922060,1330.8,8.334,8.216,7.913,84.6,2.159,44.8,46.1,1,0,1,0,1,0,1,0,0
DATA,702000,-0.386912,0.922117,1330.8,8.333,8.216,7.912,84.5,2.159,44.8,46.1,1,0,1,0,1,0,1,0,0
DATA,704000,-0.386778,0.922173,1330.8,8.333,8.218,7.914,84.6,2.159,44.9,46.1,1,0,1,0,1,0,1,0,0
DATA,706000,-0.386643,0.922229,1330.8,8.334,8.220,7.912,84.5,2.159,44.8,46.1,1,0,1,0,1,0,1,0,0
DATA,708000,-0.386510,0.922285,1330.8,8.334,8.222,7.913,84.6,2.159,44.8,46.1,1,0,1,0,1,0,1,0,0
DATA,710000,-0.386376,0.922342,1330.8,8.334,8.218,7.914,84.6,2.159,44.8,46.1,1,0,1,0,1,0,1,0,0
DATA,712000,-0.386242,0.922398,1331.7,8.334,8.218,7.913,84.6,2.159,44.9,46.1,1,0,1,0,1,0,1,0,0
DATA,714000,-0.386107,0.922454,1330.8,8.334,8.216,7.914,84.6,2.159,44.8,46.1,1,0,1,0,1,0,1,0,0
DATA,716000,-0.385973,0.922510,1330.8,8.334,8.216,7.914,84.6,2.159,44.8,46.1,1,0,1,0,1,0,1,0,0
DATA,718000,-0.385839,0.922566,1330.8,8.335,8.218,7.914,84.6,2.159,44.8,46.1,1,0,1,0,1,0,1,0,0
DATA,720000,-0.385705,0.922622,1330.8,8.335,8.218,7.914,84.6,2.159,44.8,46.1,1,0,1,0,1,0,1,0,0
DATA,722000,-0.385570,0.922679,1330.8,8.335,8.220,7.913,84.6,2.159,44.8,46.1,1,0,1,0,1,0,1,0,0
DATA,724000,-0.385436,0.922734,1330.8,8.335,8.216,7.914,84.6,2.159,44.8,46.1,1,0,1,0,1,0,1,0,0
DATA,726000,-0.385302,0.922790,1328.3,8.335,8.218,7.914,84.6,2.159,44.9,46.1,1,0,1,0,1,0,1,0,0
DATA,728000,-0.385168,0.922846,1151.7,8.335,8.218,7.915,84.7,2.159,44.8,46.1,1,0,1,0,1,0,1,0,0
DATA,730000,-0.385033,0.922903,1101.7,8.335,8.218,7.915,84.7,2.159,44.8,46.1,1,0,1,0,1,0,1,0,0
DATA,732000,-0.384900,0.922958,1119.2,8.335,8.220,7.915,84.7,2.159,44.8,46.1,1,0,1,0,1,0,1,0,0
DATA,734000,-0.384765,0.923014,1136.7,8.335,8.220,7.915,84.7,2.159,44.8,46.1,1,0,1,0,1,0,1,0,0
DATA,736000,-0.384631,0.923071,1138.3,8.334,8.216,7.913,84.6,2.159,44.8,46.1,1,0,1,0,1,0,1,0,0
DATA,738000,-0.384496,0.923127,1138.3,8.335,8.214,7.916,84.8,2.159,44.8,46.1,1,0,1,0,1,0,1,0,0
DATA,740000,-0.384363,0.923182,1138.3,8.335,8.216,7.916,84.8,2.159,44.8,46.1,1,0,1,0,1,0,1,0,0
DATA,742000,-0.384228,0.923238,1138.3,8.336,8.216,7.916,84.7,2.159,44.8,46.1,1,0,1,0,1,0,1,0,0
DATA,744000,-0.384094,0.923294,1137.5,8.337,8.220,7.915,84.7,2.159,44.8,46.1,1,0,1,0,1,0,1,0,0
DATA,746000,-0.383959,0.923350,1138.3,8.337,8.222,7.916,84.8,2.159,44.8,46.1,1,0,1,0,1,0,1,0,0
DATA,748000,-0.383825,0.923406,1138.3,8.336,8.222,7.915,84.7,2.159,44.8,46.1,1,0,1,0,1,0,1,0,0
DATA,750000,-0.383691,0.923461,1138.3,8.336,8.222,7.916,84.7,2.159,44.8,46.1,1,0,1,0,1,0,1,0,0
DATA,752000,-0.383556,0.923517,1138.3,8.336,8.222,7.916,84.8,2.159,44.8,46.1,1,0,1,0,1,0,1,0,0
DATA,754000,-0.383422,0.923573,1138.3,8.336,8.222,7.916,84.8,2.159,44.8,46.1,1,0,1,0,1,0,1,0,0
DATA,756000,-0.383288,0.923629,1138.3,8.336,8.225,7.914,84.6,2.159,44.8,46.1,1,0,1,0,1,0,1,0,0
DATA,758000,-0.383153,0.923685,1138.3,8.336,8.222,7.915,84.7,2.159,44.8,46.1,1,0,1,0,1,0,1,0,0
DATA,760000,-0.383019,0.923740,1138.3,8.336,8.220,7.915,84.7,2.159,44.8,46.1,1,0,1,0,1,0,1,0,0
DATA,762000,-0.382885,0.923796,1138.3,8.334,8.216,7.916,84.8,2.159,44.8,46.1,1,0,1,0,1,0,1,0,0
DATA,764000,-0.382751,0.923852,1138.3,8.334,8.212,7.915,84.7,2.159,44.8,46.1,1,0,1,0,1,0,1,0,0
DATA,766000,-0.382616,0.923908,1138.3,8.334,8.212,7.916,84.7,2.159,44.8,46.1,1,0,1,0,1,0,1,0,0
DATA,768000,-0.382482,0.923963,1138.3,8.332,8.210,7.916,84.8,2.159,44.8,46.1,1,0,1,0,1,0,1,0,0
DATA,770000,-0.382347,0.924019,1138.3,8.333,8.208,7.915,84.7,2.158,44.8,46.1,1,0,1,0,1,0,1,0,0
DATA,772000,-0.382213,0.924074,1138.3,8.333,8.206,7.916,84.7,2.158,44.8,46.1,1,0,1,0,1,0,1,0,0
DATA,774000,-0.382078,0.924130,1139.2,8.333,8.204,7.917,84.8,2.158,44.8,46.1,1,0,1,0,1,0,1,0,0
DATA,776000,-0.381944,0.924185,1138.3,8.334,8.204,7.915,84.7,2.158,44.8,46.1,1,0,1,0,1,0,1,0,0
DATA,778000,-0.381810,0.924241,1138.3,8.335,8.210,7.917,84.8,2.159,44.8,46.1,1,0,1,0,1,0,1,0,0
DATA,780000,-0.381675,0.924296,1138.3,8.336,8.214,7.916,84.8,2.159,44.8,46.1,1,0,1,0,1,0,1,0,0
DATA,782000,-0.381540,0.924352,1138.3,8.336,8.218,7.917,84.8,2.159,44.8,46.1,1,0,1,0,1,0,1,0,0
DATA,784000,-0.381406,0.924407,1138.3,8.337,8.222,7.916,84.8,2.159,44.8,46.1,1,0,1,0,1,0,1,0,0
DATA,786000,-0.381272,0.924463,1138.3,8.336,8.222,7.917,84.8,2.159,44.8,46.1,1,0,1,0,1,0,1,0,0
DATA,788000,-0.381137,0.924518,1138.3,8.336,8.225,7.918,84.9,2.159,44.8,46.1,1,0,1,0,1,0,1,0,0
DATA,790000,-0.381003,0.924574,1138.3,8.336,8.227,7.917,84.8,2.159,44.8,46.1,1,0,1,0,1,0,1,0,0
DATA,792000,-0.380869,0.924629,1138.3,8.337,8.229,7.918,84.9,2.159,44.8,46.1,1,0,1,0,1,0,1,0,0
DATA,794000,-0.380734,0.924685,1139.2,8.338,8.229,7.918,84.9,2.159,44.8,46.1,1,0,1,0,1,0,1,0,0
DATA,796000,-0.380600,0.924740,1138.3,8.338,8.231,7.918,84.9,2.159,44.8,46.1,1,0,1,0,1,0,1,0,0
DATA,798000,-0.380465,0.924796,1139.2,8.339,8.233,7.918,84.9,2.159,44.8,46.1,1,0,1,0,1,0,1,0,0
DATA,800000,-0.380331,0.924851,1139.2,8.339,8.233,7.919,84.9,2.159,44.8,46.1,1,0,1,0,1,0,1,0,0
DATA,802000,-0.380196,0.924906,1138.3,8.338,8.235,7.918,84.9,2.159,44.8,46.1,1,0,1,0,1,0,1,0,0
DATA,804000,-0.380062,0.924961,1139.2,8.338,8.233,7.918,84.9,2.159,44.8,46.1,1,0,1,0,1,0,1,0,0
DATA,806000,-0.379927,0.925017,1139.2,8.337,8.229,7.918,84.9,2.159,44.8,46.1,1,0,1,0,1,0,1,0,0
DATA,808000,-0.379792,0.925072,1139.2,8.337,8.220,7.917,84.8,2.158,44.8,46.1,1,0,1,0,1,0,1,0,0
DATA,810000,-0.379658,0.925127,1139.2,8.340,8.210,7.918,84.9,2.156,44.8,46.1,1,0,1,0,1,0,1,0,0
DATA,812000,-0.379523,0.925182,1139.2,8.341,8.200,7.917,84.8,2.155,44.8,46.1,1,0,1,0,1,0,1,0,0
DATA,814000,-0.379388,0.925238,1139.2,8.345,8.194,7.918,84.9,2.153,44.8,46.1,1,0,1,0,1,0,1,0,0
DATA,816000,-0.379254,0.925292,1138.3,8.347,8.192,7.917,84.8,2.152,44.8,46.1,1,0,1,0,1,0,1,0,0
DATA,818000,-0.379120,0.925348,1139.2,8.346,8.194,7.917,84.8,2.153,44.8,46.1,1,0,1,0,1,0,1,0,0
DATA,820000,-0.378985,0.925403,1139.2,8.344,8.194,7.917,84.8,2.154,44.8,46.1,1,0,1,0,1,0,1,0,0
DATA,822000,-0.378850,0.925458,1138.3,8.341,8.196,7.917,84.8,2.155,44.7,46.1,1,0,1,0,1,0,1,0,0
DATA,824000,-0.378716,0.925513,1139.2,8.337,8.194,7.918,84.9,2.157,44.8,46.1,1,0,1,0,1,0,1,0,0
DATA,826000,-0.378581,0.925568,1139.2,8.335,8.200,7.919,85.0,2.159,44.8,46.1,1,0,1,0,1,0,1,0,0
DATA,828000,-0.378447,0.925623,1139.2,8.336,8.206,7.920,85.0,2.159,44.8,46.1,1,0,1,0,1,0,1,0,0
DATA,830000,-0.378312,0.925678,1139.2,8.338,8.216,7.920,85.0,2.159,44.7,46.1,1,0,1,0,1,0,1,0,0
DATA,832000,-0.378177,0.925733,1139.2,8.340,8.229,7.920,85.0,2.159,44.8,46.1,1,0,1,0,1,0,1,0,0
DATA,834000,-0.378043,0.925788,1139.2,8.342,8.237,7.921,85.1,2.159,44.8,46.1,1,0,1,0,1,0,1,0,0
DATA,836000,-0.377908,0.925843,1138.3,8.344,8.245,7.921,85.1,2.159,44.8,46.1,1,0,1,0,1,0,1,0,0
DATA,838000,-0.377773,0.925898,1139.2,8.343,8.245,7.920,85.0,2.159,44.7,46.1,1,0,1,0,1,0,1,0,0
DATA,840000,-0.377638,0.925953,1139.2,8.343,8.243,7.922,85.1,2.159,44.8,46.1,1,0,1,0,1,0,1,0,0
DATA,842000,-0.377504,0.926008,1139.2,8.343,8.241,7.921,85.1,2.159,44.8,46.1,1,0,1,0,1,0,1,0,0
DATA,844000,-0.377369,0.926063,1138.3,8.342,8.235,7.921,85.0,2.159,44.7,46.1,1,0,1,0,1,0,1,0,0
DATA,846000,-0.377234,0.926118,1139.2,8.343,8.233,7.921,85.1,2.159,44.8,46.1,1,0,1,0,1,0,1,0,0
DATA,848000,-0.377100,0.926173,1139.2,8.343,8.231,7.920,85.0,2.159,44.8,46.1,1,0,1,0,1,0,1,0,0
DATA,850000,-0.376965,0.926227,1139.2,8.342,8.227,7.920,85.0,2.158,44.8,46.1,1,0,1,0,1,0,1,0,0
DATA,852000,-0.376831,0.926282,1139.2,8.341,8.225,7.921,85.0,2.158,44.8,46.1,1,0,1,0,1,0,1,0,0
DATA,854000,-0.376696,0.926337,1139.2,8.341,8.222,7.922,85.1,2.158,44.7,46.1,1,0,1,0,1,0,1,0,0
DATA,856000,-0.376561,0.926392,1139.2,8.341,8.227,7.920,85.0,2.158,44.8,46.1,1,0,1,0,1,0,1,0,0
DATA,858000,-0.376427,0.926446,1139.2,8.343,8.233,7.922,85.1,2.159,44.8,46.1,1,0,1,0,1,0,1,0,0
DATA,860000,-0.376292,0.926501,1139.2,8.343,8.239,7.922,85.1,2.159,44.7,46.1,1,0,1,0,1,0,1,0,0
DATA,862000,-0.376157,0.926556,1139.2,8.344,8.243,7.921,85.1,2.159,44.8,46.1,1,0,1,0,1,0,1,0,0
DATA,864000,-0.376022,0.926611,1139.2,8.344,8.247,7.923,85.2,2.158,44.8,46.1,1,0,1,0,1,0,1,0,0
DATA,866000,-0.375888,0.926665,1139.2,8.344,8.247,7.923,85.2,2.158,44.8,46.1,1,0,1,0,1,0,1,0,0
DATA,868000,-0.375753,0.926720,1139.2,8.344,8.245,7.923,85.2,2.158,44.7,46.1,1,0,1,0,1,0,1,0,0
DATA,870000,-0.375618,0.926775,1139.2,8.346,8.243,7.922,85.1,2.156,44.8,46.1,1,0,1,0,1,0,1,0,0
DATA,872000,-0.375483,0.926829,1139.2,8.348,8.233,7.923,85.2,2.155,44.8,46.1,1,0,1,0,1,0,1,0,0
DATA,874000,-0.375348,0.926884,1139.2,8.351,8.225,7.924,85.2,2.154,44.7,46.1,1,0,1,0,1,0,1,0,0
DATA,876000,-0.375213,0.926939,1139.2,8.354,8.218,7.923,85.2,2.152,44.7,46.1,1,0,1,0,1,0,1,0,0
DATA,878000,-0.375078,0.926993,1139.2,8.355,8.216,7.923,85.2,2.152,44.8,46.1,1,0,1,0,1,0,1,0,0
DATA,880000,-0.374943,0.927048,1139.2,8.355,8.216,7.924,85.2,2.152,44.7,45.7,1,0,1,0,1,0,1,0,0
DATA,882000,-0.374809,0.927102,1139.2,8.353,8.222,7.924,85.2,2.154,44.7,45.7,1,0,1,0,1,0,1,0,0
DATA,884000,-0.374673,0.927157,1139.2,8.351,8.229,7.924,85.2,2.155,44.8,45.7,1,0,1,0,1,0,1,0,0
DATA,886000,-0.374539,0.927211,1139.2,8.349,8.237,7.925,85.3,2.157,44.8,45.7,1,0,1,0,1,0,1,0,0
DATA,888000,-0.374404,0.927266,1139.2,8.348,8.243,7.924,85.3,2.158,44.7,45.7,1,0,1,0,1,0,1,0,0
DATA,890000,-0.374270,0.927320,1139.2,8.347,8.247,7.924,85.2,2.159,44.7,45.7,1,0,1,0,1,0,1,0,0
DATA,892000,-0.374134,0.927375,1139.2,8.347,8.247,7.924,85.3,2.159,44.8,45.7,1,0,1,0,1,0,1,0,0
DATA,894000,-0.374000,0.927429,1139.2,8.347,8.245,7.923,85.2,2.159,44.8,45.7,1,0,1,0,1,0,1,0,0
DATA,896000,-0.373865,0.927483,1139.2,8.347,8.245,7.924,85.2,2.159,44.8,45.7,1,0,1,0,1,0,1,0,0
DATA,898000,-0.373730,0.927538,1139.2,8.347,8.245,7.924,85.2,2.159,44.7,45.7,1,0,1,0,1,0,1,0,0
DATA,900000,-0.373594,0.927592,1139.2,8.347,8.245,7.923,85.2,2.159,44.8,45.7,1,0,1,0,1,0,1,0,0
DATA,902000,-0.373460,0.927646,1138.3,8.347,8.245,7.924,85.3,2.159,44.8,45.7,1,0,1,0,1,0,1,0,0
DATA,904000,-0.373325,0.927701,1138.3,8.347,8.239,7.925,85.3,2.159,44.7,45.7,1,0,1,0,1,0,1,0,0
DATA,906000,-0.373190,0.927755,1138.3,8.350,8.231,7.925,85.3,2.157,44.7,45.7,1,0,1,0,1,0,1,0,0
DATA,908000,-0.373055,0.927809,1137.5,8.351,8.225,7.924,85.3,2.155,44.8,45.7,1,0,1,0,1,0,1,0,0
DATA,910000,-0.372920,0.927863,1113.3,8.354,8.216,7.925,85.3,2.154,44.7,45.7,1,0,1,0,1,0,1,0,0
DATA,912000,-0.372785,0.927918,1038.3,8.355,8.210,7.924,85.2,2.152,44.7,45.7,1,0,1,0,1,0,1,0,0
DATA,914000,-0.372650,0.927972,1039.2,8.355,8.208,7.923,85.2,2.152,44.7,45.7,1,0,1,0,1,0,1,0,0
DATA,916000,-0.372515,0.928026,1073.3,8.355,8.206,7.924,85.2,2.152,44.8,45.7,1,0,1,0,1,0,1,0,0
DATA,918000,-0.372380,0.928080,1077.5,8.355,8.206,7.925,85.3,2.152,44.7,45.7,1,0,1,0,1,0,1,0,0
DATA,920000,-0.372245,0.928135,1077.5,8.355,8.208,7.925,85.3,2.152,44.7,45.7,1,0,1,0,1,0,1,0,0
DATA,922000,-0.372110,0.928189,1077.5,8.355,8.208,7.925,85.3,2.152,44.7,45.7,1,0,1,0,1,0,1,0,0
DATA,924000,-0.371975,0.928243,1077.5,8.355,8.212,7.925,85.3,2.152,44.7,45.7,1,0,1,0,1,0,1,0,0
DATA,926000,-0.371840,0.928297,1077.5,8.356,8.216,7.925,85.3,2.152,44.7,45.7,1,0,1,0,1,0,1,0,0
DATA,928000,-0.371705,0.928351,1077.5,8.353,8.222,7.923,85.2,2.154,44.7,45.7,1,0,1,0,1,0,1,0,0
DATA,930000,-0.371570,0.928405,1077.5,8.351,8.235,7.924,85.3,2.155,44.7,45.7,1,0,1,0,1,0,1,0,0
DATA,932000,-0.371435,0.928459,1077.5,8.350,8.237,7.926,85.4,2.155,44.7,45.7,1,0,1,0,1,0,1,0,0
DATA,934000,-0.371300,0.928513,1078.3,8.350,8.237,7.926,85.4,2.155,44.7,45.7,1,0,1,0,1,0,1,0,0
DATA,936000,-0.371165,0.928567,1077.5,8.353,8.231,7.927,85.4,2.154,44.7,45.7,1,0,1,0,1,0,1,0,0
DATA,938000,-0.371030,0.928621,1077.5,8.354,8.220,7.926,85.4,2.152,44.7,45.7,1,0,1,0,1,0,1,0,0
DATA,940000,-0.370895,0.928675,1077.5,8.353,8.216,7.925,85.3,2.153,44.7,45.7,1,0,1,0,1,0,1,0,0
DATA,942000,-0.370760,0.928729,1077.5,8.352,8.212,7.926,85.4,2.153,44.6,45.7,1,0,1,0,1,0,1,0,0
DATA,944000,-0.370625,0.928783,1078.3,8.352,8.210,7.926,85.4,2.153,44.7,45.7,1,0,1,0,1,0,1,0,0
DATA,946000,-0.370490,0.928836,1077.5,8.353,8.210,7.926,85.4,2.153,44.7,45.7,1,0,1,0,1,0,1,0,0
DATA,948000,-0.370354,0.928891,1078.3,8.353,8.212,7.927,85.4,2.152,44.6,45.7,1,0,1,0,1,0,1,0,0
DATA,950000,-0.370219,0.928944,1078.3,8.354,8.212,7.928,85.5,2.152,44.7,45.7,1,0,1,0,1,0,1,0,0
DATA,952000,-0.370084,0.928998,1078.3,8.352,8.216,7.928,85.5,2.153,44.6,45.7,1,0,1,0,1,0,1,0,0
DATA,954000,-0.369950,0.929052,1077.5,8.350,8.216,7.926,85.4,2.154,44.6,45.7,1,0,1,0,1,0,1,0,0
DATA,956000,-0.369814,0.929106,1077.5,8.348,8.222,7.927,85.4,2.155,44.6,45.7,1,0,1,0,1,0,1,0,0
DATA,958000,-0.369679,0.929160,1077.5,8.347,8.222,7.927,85.5,2.157,44.7,45.7,1,0,1,0,1,0,1,0,0
DATA,960000,-0.369544,0.929213,1077.5,8.345,8.227,7.927,85.5,2.159,44.7,45.7,1,0,1,0,1,0,1,0,0
DATA,962000,-0.369409,0.929267,1077.5,8.346,8.227,7.927,85.4,2.159,44.7,45.7,1,0,1,0,1,0,1,0,0
DATA,964000,-0.369273,0.929321,1077.5,8.346,8.227,7.926,85.4,2.159,44.7,45.7,1,0,1,0,1,0,1,0,0
DATA,966000,-0.369138,0.929375,1077.5,8.345,8.229,7.926,85.4,2.158,44.7,45.7,1,0,1,0,1,0,1,0,0
DATA,968000,-0.369004,0.929428,1077.5,8.344,8.227,7.925,85.3,2.158,44.6,45.7,1,0,1,0,1,0,1,0,0
DATA,970000,-0.368868,0.929482,1077.5,8.343,8.227,7.923,85.2,2.158,44.7,45.7,1,0,1,0,1,0,1,0,0
DATA,972000,-0.368733,0.929535,1077.5,8.345,8.225,7.927,85.4,2.156,44.7,45.7,1,0,1,0,1,0,1,0,0
DATA,974000,-0.368598,0.929589,1078.3,8.349,8.218,7.926,85.4,2.155,44.7,45.7,1,0,1,0,1,0,1,0,0
DATA,976000,-0.368463,0.929642,1078.3,8.351,8.214,7.925,85.3,2.153,44.6,45.7,1,0,1,0,1,0,1,0,0
DATA,978000,-0.368328,0.929696,1078.3,8.354,8.210,7.926,85.4,2.151,44.6,45.7,1,0,1,0,1,0,1,0,0
DATA,980000,-0.368192,0.929750,1077.5,8.355,8.210,7.927,85.4,2.151,44.6,45.7,1,0,1,0,1,0,1,0,0
DATA,982000,-0.368057,0.929803,1077.5,8.356,8.214,7.928,85.5,2.151,44.6,45.7,1,0,1,0,1,0,1,0,0
DATA,984000,-0.367922,0.929857,1077.5,8.357,8.216,7.928,85.5,2.151,44.6,45.7,1,0,1,0,1,0,1,0,0
DATA,986000,-0.367787,0.929910,1077.5,8.359,8.220,7.929,85.5,2.152,44.6,45.7,1,0,1,0,1,0,1,0,0
DATA,988000,-0.367651,0.929964,1077.5,8.360,8.218,7.928,85.5,2.152,44.6,45.7,1,0,1,0,1,0,1,0,0
DATA,990000,-0.367516,0.930017,1077.5,8.359,8.218,7.927,85.5,2.152,44.6,45.7,1,0,1,0,1,0,1,0,0
DATA,992000,-0.367381,0.930071,1077.5,8.360,8.218,7.929,85.6,2.152,44.7,45.7,1,0,1,0,1,0,1,0,0
DATA,994000,-0.367245,0.930124,1077.5,8.360,8.220,7.929,85.6,2.152,44.7,45.7,1,0,1,0,1,0,1,0,0
DATA,996000,-0.367110,0.930178,1078.3,8.359,8.220,7.928,85.5,2.152,44.7,45.7,1,0,1,0,1,0,1,0,0
DATA,998000,-0.366975,0.930231,1077.5,8.359,8.225,7.929,85.6,2.152,44.7,45.7,1,0,1,0,1,0,1,0,0
DATA,1000000,-0.366840,0.930284,1078.3,8.360,8.227,7.930,85.6,2.152,44.7,45.7,1,0,1,0,1,0,1,0,0
DATA,1002000,-0.366704,0.930338,1077.5,8.359,8.222,7.927,85.5,2.152,44.7,45.7,1,0,1,0,1,0,1,0,0
DATA,1004000,-0.366569,0.930391,1078.3,8.359,8.222,7.928,85.5,2.152,44.7,45.7,1,0,1,0,1,0,1,0,0
DATA,1006000,-0.366433,0.930444,1078.3,8.359,8.214,7.929,85.5,2.152,44.7,45.7,1,0,1,0,1,0,1,0,0
DATA,1008000,-0.366299,0.930497,1078.3,8.359,8.212,7.930,85.6,2.152,44.7,45.7,1,0,1,0,1,0,1,0,0
DATA,1010000,-0.366162,0.930551,1078.3,8.359,8.210,7.929,85.5,2.152,44.7,45.7,1,0,1,0,1,0,1,0,0
DATA,1012000,-0.366027,0.930604,1078.3,8.358,8.208,7.929,85.5,2.152,44.6,45.7,1,0,1,0,1,0,1,0,0
DATA,1014000,-0.365892,0.930657,1078.3,8.357,8.206,7.928,85.5,2.150,44.6,45.7,1,0,1,0,1,0,1,0,0
DATA,1016000,-0.365757,0.930710,1078.3,8.356,8.202,7.928,85.5,2.150,44.6,45.7,1,0,1,0,1,0,1,0,0
DATA,1018000,-0.365621,0.930764,1078.3,8.356,8.200,7.927,85.4,2.150,44.6,45.7,1,0,1,0,1,0,1,0,0
DATA,1020000,-0.365486,0.930817,1078.3,8.355,8.198,7.930,85.6,2.151,44.6,45.7,1,0,1,0,1,0,1,0,0
DATA,1022000,-0.365351,0.930870,1078.3,8.356,8.198,7.928,85.5,2.152,44.7,45.7,1,0,1,0,1,0,1,0,0
DATA,1024000,-0.365215,0.930923,1078.3,8.357,8.196,7.929,85.6,2.152,44.6,45.7,1,0,1,0,1,0,1,0,0
DATA,1026000,-0.365079,0.930976,1078.3,8.357,8.202,7.931,85.7,2.152,44.6,45.7,1,0,1,0,1,0,1,0,0
DATA,1028000,-0.364944,0.931029,1078.3,8.359,8.206,7.932,85.7,2.152,44.7,45.7,1,0,1,0,1,0,1,0,0
DATA,1030000,-0.364809,0.931082,1078.3,8.361,8.214,7.930,85.6,2.152,44.7,45.7,1,0,1,0,1,0,1,0,0
DATA,1032000,-0.364674,0.931135,1078.3,8.362,8.220,7.930,85.6,2.152,44.6,45.7,1,0,1,0,1,0,1,0,0
DATA,1034000,-0.364538,0.931189,1078.3,8.363,8.222,7.930,85.6,2.152,44.6,45.7,1,0,1,0,1,0,1,0,0
DATA,1036000,-0.364403,0.931241,1078.3,8.363,8.222,7.931,85.7,2.152,44.7,45.7,1,0,1,0,1,0,1,0,0
DATA,1038000,-0.364267,0.931295,1078.3,8.362,8.218,7.930,85.6,2.152,44.6,45.7,1,0,1,0,1,0,1,0,0
DATA,1040000,-0.364132,0.931347,1077.5,8.362,8.218,7.931,85.7,2.152,44.6,45.7,1,0,1,0,1,0,1,0,0
DATA,1042000,-0.363996,0.931401,1078.3,8.362,8.214,7.930,85.6,2.152,44.6,45.7,1,0,1,0,1,0,1,0,0
DATA,1044000,-0.363861,0.931453,1078.3,8.361,8.210,7.931,85.7,2.152,44.6,45.7,1,0,1,0,1,0,1,0,0
DATA,1046000,-0.363725,0.931506,1078.3,8.362,8.210,7.930,85.7,2.152,44.6,45.7,1,0,1,0,1,0,1,0,0
DATA,1048000,-0.363590,0.931559,1078.3,8.362,8.206,7.930,85.6,2.152,44.6,45.7,1,0,1,0,1,0,1,0,0
DATA,1050000,-0.363454,0.931612,1078.3,8.361,8.206,7.930,85.6,2.152,44.6,45.7,1,0,1,0,1,0,1,0,0
DATA,1052000,-0.363319,0.931665,1078.3,8.361,8.206,7.931,85.7,2.152,44.6,45.7,1,0,1,0,1,0,1,0,0
DATA,1054000,-0.363183,0.931718,1078.3,8.361,8.206,7.930,85.6,2.152,44.6,45.7,1,0,1,0,1,0,1,0,0
DATA,1056000,-0.363048,0.931770,1078.3,8.360,8.206,7.932,85.8,2.152,44.6,45.7,1,0,1,0,1,0,1,0,0
DATA,1058000,-0.362912,0.931823,1078.3,8.359,8.210,7.929,85.6,2.153,44.6,45.7,1,0,1,0,1,0,1,0,0
DATA,1060000,-0.362777,0.931876,1078.3,8.358,8.216,7.930,85.6,2.153,44.6,45.7,1,0,1,0,1,0,1,0,0
DATA,1062000,-0.362641,0.931929,1078.3,8.357,8.216,7.929,85.6,2.153,44.6,45.7,1,0,1,0,1,0,1,0,0
DATA,1064000,-0.362506,0.931982,1078.3,8.355,8.220,7.932,85.7,2.155,44.5,45.7,1,0,1,0,1,0,1,0,0
DATA,1066000,-0.362370,0.932034,1078.3,8.358,8.218,7.932,85.7,2.154,44.6,45.7,1,0,1,0,1,0,1,0,0
DATA,1068000,-0.362234,0.932087,1078.3,8.359,8.212,7.932,85.7,2.154,44.6,45.7,1,0,1,0,1,0,1,0,0
DATA,1070000,-0.362099,0.932140,1078.3,8.360,8.212,7.932,85.8,2.154,44.5,45.3,1,0,1,0,1,0,1,0,0
DATA,1072000,-0.361964,0.932192,1078.3,8.362,8.208,7.932,85.8,2.152,44.6,45.3,1,0,1,0,1,0,1,0,0
DATA,1074000,-0.361828,0.932245,1078.3,8.362,8.206,7.932,85.8,2.152,44.6,45.3,1,0,1,0,1,0,1,0,0
DATA,1076000,-0.361692,0.932298,1078.3,8.362,8.210,7.933,85.8,2.152,44.6,45.3,1,0,1,0,1,0,1,0,0
DATA,1078000,-0.361556,0.932350,1078.3,8.363,8.214,7.932,85.7,2.152,44.6,45.3,1,0,1,0,1,0,1,0,0
DATA,1080000,-0.361421,0.932403,1078.3,8.363,8.218,7.933,85.8,2.152,44.5,45.3,1,0,1,0,1,0,1,0,0
DATA,1082000,-0.361285,0.932455,1078.3,8.363,8.222,7.933,85.8,2.152,44.5,45.3,1,0,1,0,1,0,1,0,0
DATA,1084000,-0.361150,0.932508,1078.3,8.364,8.220,7.933,85.8,2.151,44.6,45.3,1,0,1,0,1,0,1,0,0
DATA,1086000,-0.361014,0.932560,1078.3,8.363,8.218,7.932,85.8,2.151,44.6,45.3,1,0,1,0,1,0,1,0,0
DATA,1088000,-0.360879,0.932613,1078.3,8.362,8.214,7.933,85.8,2.150,44.6,45.3,1,0,1,0,1,0,1,0,0
DATA,1090000,-0.360743,0.932665,1078.3,8.362,8.212,7.934,85.9,2.150,44.6,45.3,1,0,1,0,1,0,1,0,0
DATA,1092000,-0.360607,0.932718,1077.5,8.362,8.208,7.935,85.9,2.150,44.5,45.3,1,0,1,0,1,0,1,0,0
DATA,1094000,-0.360471,0.932770,1078.3,8.362,8.208,7.935,85.9,2.151,44.5,45.3,1,0,1,0,1,0,1,0,0
DATA,1096000,-0.360336,0.932823,1078.3,8.362,8.208,7.935,85.9,2.151,44.5,45.3,1,0,1,0,1,0,1,0,0
DATA,1098000,-0.360200,0.932875,1078.3,8.362,8.210,7.935,85.9,2.152,44.6,45.3,1,0,1,0,1,0,1,0,0
DATA,1100000,-0.360064,0.932927,1078.3,8.362,8.214,7.935,86.0,2.151,44.5,45.3,1,0,1,0,1,0,1,0,0
DATA,1102000,-0.359929,0.932980,1078.3,8.362,8.216,7.935,86.0,2.150,44.5,45.3,1,0,1,0,1,0,1,0,0
DATA,1104000,-0.359794,0.933032,1078.3,8.363,8.220,7.936,86.0,2.150,44.6,45.3,1,0,1,0,1,0,1,0,0
DATA,1106000,-0.359657,0.933084,1078.3,8.363,8.222,7.936,86.0,2.149,44.6,45.3,1,0,1,0,1,0,1,0,0
DATA,1108000,-0.359522,0.933137,1078.3,8.363,8.220,7.935,85.9,2.149,44.6,45.3,1,0,1,0,1,0,1,0,0
DATA,1110000,-0.359386,0.933189,1078.3,8.363,8.218,7.935,85.9,2.149,44.6,45.3,1,0,1,0,1,0,1,0,0
DATA,1112000,-0.359250,0.933241,1078.3,8.363,8.220,7.935,86.0,2.149,44.6,45.3,1,0,1,0,1,0,1,0,0
DATA,1114000,-0.359114,0.933294,1078.3,8.363,8.222,7.936,86.0,2.149,44.6,45.3,1,0,1,0,1,0,1,0,0
DATA,1116000,-0.358979,0.933346,1078.3,8.364,8.227,7.936,86.0,2.150,44.6,45.3,1,0,1,0,1,0,1,0,0
DATA,1118000,-0.358843,0.933398,1078.3,8.364,8.229,7.935,85.9,2.151,44.6,45.3,1,0,1,0,1,0,1,0,0
DATA,1120000,-0.358707,0.933450,1078.3,8.364,8.227,7.935,86.0,2.151,44.5,45.3,1,0,1,0,1,0,1,0,0
DATA,1122000,-0.358571,0.933502,1078.3,8.364,8.225,7.936,86.0,2.151,44.5,45.3,1,0,1,0,1,0,1,0,0
DATA,1124000,-0.358436,0.933554,1078.3,8.364,8.220,7.935,85.9,2.151,44.5,45.3,1,0,1,0,1,0,1,0,0
DATA,1126000,-0.358300,0.933607,1078.3,8.363,8.220,7.930,85.6,2.149,44.5,45.3,1,0,1,0,1,0,1,0,0
DATA,1128000,-0.358164,0.933659,1078.3,8.363,8.222,7.930,85.7,2.148,44.5,45.3,1,0,1,0,1,0,1,0,0
DATA,1130000,-0.358028,0.933711,1078.3,8.362,8.225,7.932,85.7,2.148,44.5,45.3,1,0,1,0,1,0,1,0,0
DATA,1132000,-0.357893,0.933763,1078.3,8.362,8.231,7.932,85.7,2.146,44.5,45.3,1,0,1,0,1,0,1,0,0
DATA,1134000,-0.357757,0.933815,1078.3,8.363,8.233,7.936,86.0,2.146,44.5,45.3,1,0,1,0,1,0,1,0,0
DATA,1136000,-0.357621,0.933867,1078.3,8.363,8.235,7.935,85.9,2.147,44.5,45.3,1,0,1,0,1,0,1,0,0
DATA,1138000,-0.357485,0.933919,1078.3,8.363,8.233,7.930,85.6,2.147,44.5,45.3,1,0,1,0,1,0,1,0,0
DATA,1140000,-0.357349,0.933971,1078.3,8.363,8.231,7.933,85.8,2.147,44.6,45.3,1,0,1,0,1,0,1,0,0
DATA,1142000,-0.357213,0.934023,1078.3,8.363,8.229,7.933,85.8,2.148,44.5,45.3,1,0,1,0,1,0,1,0,0
DATA,1144000,-0.357077,0.934075,1078.3,8.363,8.222,7.931,85.7,2.147,44.6,45.3,1,0,1,0,1,0,1,0,0
DATA,1146000,-0.356942,0.934127,1078.3,8.364,8.222,7.934,85.9,2.148,44.5,45.3,1,0,1,0,1,0,1,0,0
DATA,1148000,-0.356806,0.934179,1078.3,8.365,8.220,7.935,85.9,2.149,44.5,45.3,1,0,1,0,1,0,1,0,0
DATA,1150000,-0.356670,0.934230,1078.3,8.365,8.220,7.936,86.0,2.149,44.5,45.3,1,0,1,0,1,0,1,0,0
DATA,1152000,-0.356534,0.934282,1078.3,8.366,8.222,7.934,85.8,2.150,44.5,45.3,1,0,1,0,1,0,1,0,0
DATA,1154000,-0.356398,0.934334,1078.3,8.366,8.222,7.936,86.0,2.151,44.5,45.3,1,0,1,0,1,0,1,0,0
DATA,1156000,-0.356262,0.934386,1078.3,8.367,8.225,7.937,86.1,2.151,44.5,45.3,1,0,1,0,1,0,1,0,0
DATA,1158000,-0.356127,0.934438,1078.3,8.367,8.225,7.937,86.0,2.152,44.5,45.3,1,0,1,0,1,0,1,0,0
DATA,1160000,-0.355990,0.934490,1078.3,8.368,8.227,7.937,86.1,2.152,44.5,45.3,1,0,1,0,1,0,1,0,0
DATA,1162000,-0.355855,0.934541,1078.3,8.367,8.225,7.938,86.1,2.152,44.5,45.3,1,0,1,0,1,0,1,0,0
DATA,1164000,-0.355718,0.934593,1078.3,8.367,8.220,7.937,86.1,2.152,44.5,45.3,1,0,1,0,1,0,1,0,0
DATA,1166000,-0.355583,0.934645,1078.3,8.366,8.218,7.938,86.1,2.152,44.5,45.3,1,0,1,0,1,0,1,0,0
DATA,1168000,-0.355446,0.934697,1078.3,8.366,8.216,7.938,86.1,2.152,44.5,45.3,1,0,1,0,1,0,1,0,0
DATA,1170000,-0.355311,0.934748,1078.3,8.366,8.212,7.938,86.1,2.152,44.5,45.3,1,0,1,0,1,0,1,0,0
DATA,1172000,-0.355175,0.934800,1078.3,8.367,8.216,7.936,86.0,2.152,44.5,45.3,1,0,1,0,1,0,1,0,0
DATA,1174000,-0.355039,0.934851,1078.3,8.367,8.210,7.938,86.1,2.152,44.5,45.3,1,0,1,0,1,0,1,0,0
DATA,1176000,-0.354903,0.934903,1078.3,8.366,8.208,7.937,86.0,2.152,44.5,45.3,1,0,1,0,1,0,1,0,0
DATA,1178000,-0.354767,0.934955,1078.3,8.367,8.208,7.938,86.1,2.152,44.5,45.3,1,0,1,0,1,0,1,0,0
DATA,1180000,-0.354631,0.935006,1078.3,8.366,8.204,7.939,86.2,2.152,44.5,45.3,1,0,1,0,1,0,1,0,0
DATA,1182000,-0.354495,0.935058,1078.3,8.366,8.204,7.938,86.1,2.152,44.5,45.3,1,0,1,0,1,0,1,0,0
DATA,1184000,-0.354359,0.935110,1078.3,8.368,8.210,7.939,86.2,2.152,44.5,45.3,1,0,1,0,1,0,1,0,0
DATA,1186000,-0.354223,0.935161,1078.3,8.367,8.216,7.937,86.1,2.152,44.5,45.3,1,0,1,0,1,0,1,0,0
DATA,1188000,-0.354087,0.935213,1078.3,8.368,8.220,7.939,86.2,2.152,44.5,45.3,1,0,1,0,1,0,1,0,0
DATA,1190000,-0.353951,0.935264,1078.3,8.369,8.227,7.940,86.3,2.152,44.5,45.3,1,0,1,0,1,0,1,0,0
DATA,1192000,-0.353815,0.935316,1078.3,8.369,8.225,7.940,86.2,2.151,44.5,45.3,1,0,1,0,1,0,1,0,0
DATA,1194000,-0.353679,0.935367,1079.2,8.369,8.220,7.940,86.3,2.152,44.5,45.3,1,0,1,0,1,0,1,0,0
DATA,1196000,-0.353543,0.935418,1078.3,8.369,8.220,7.940,86.3,2.152,44.5,45.3,1,0,1,0,1,0,1,0,0
DATA,1198000,-0.353407,0.935470,1078.3,8.369,8.218,7.938,86.1,2.152,44.5,45.3,1,0,1,0,1,0,1,0,0
DATA,1200000,-0.353271,0.935521,1078.3,8.369,8.214,7.940,86.2,2.152,44.5,45.3,1,0,1,0,1,0,1,0,0
DATA,1202000,-0.353134,0.935573,1078.3,8.369,8.214,7.939,86.2,2.152,44.5,45.3,1,0,1,0,1,0,1,0,0
DATA,1204000,-0.352998,0.935624,1078.3,8.369,8.212,7.940,86.3,2.152,44.5,45.3,1,0,1,0,1,0,1,0,0
DATA,1206000,-0.352863,0.935675,1078.3,8.369,8.210,7.940,86.3,2.152,44.5,45.3,1,0,1,0,1,0,1,0,0
DATA,1208000,-0.352726,0.935727,1078.3,8.369,8.210,7.940,86.2,2.152,44.5,45.3,1,0,1,0,1,0,1,0,0
DATA,1210000,-0.352590,0.935778,1078.3,8.369,8.208,7.940,86.2,2.152,44.5,45.3,1,0,1,0,1,0,1,0,0
DATA,1212000,-0.352454,0.935829,1078.3,8.369,8.206,7.940,86.2,2.152,44.5,45.3,1,0,1,0,1,0,1,0,0
DATA,1214000,-0.352318,0.935880,1078.3,8.368,8.204,7.940,86.3,2.152,44.5,45.3,1,0,1,0,1,0,1,0,0
DATA,1216000,-0.352181,0.935932,1078.3,8.369,8.202,7.940,86.3,2.152,44.5,45.3,1,0,1,0,1,0,1,0,0
DATA,1218000,-0.352046,0.935983,1078.3,8.369,8.202,7.940,86.2,2.152,44.5,45.3,1,0,1,0,1,0,1,0,0
DATA,1220000,-0.351910,0.936034,1078.3,8.369,8.202,7.941,86.3,2.152,44.5,45.3,1,0,1,0,1,0,1,0,0
DATA,1222000,-0.351774,0.936085,1078.3,8.370,8.206,7.941,86.3,2.152,44.5,45.3,1,0,1,0,1,0,1,0,0
DATA,1224000,-0.351637,0.936136,1078.3,8.370,8.210,7.941,86.3,2.152,44.5,45.3,1,0,1,0,1,0,1,0,0
DATA,1226000,-0.351501,0.936187,1078.3,8.369,8.210,7.939,86.2,2.152,44.5,45.3,1,0,1,0,1,0,1,0,0
DATA,1228000,-0.351365,0.936239,1077.5,8.369,8.212,7.940,86.2,2.152,44.5,45.3,1,0,1,0,1,0,1,0,0
DATA,1230000,-0.351228,0.936290,1050.8,8.369,8.212,7.940,86.3,2.152,44.5,45.3,1,0,1,0,1,0,1,0,0
DATA,1232000,-0.351093,0.936341,926.7,8.369,8.208,7.941,86.3,2.152,44.5,45.3,1,0,1,0,1,0,1,0,0
DATA,1234000,-0.350956,0.936392,923.3,8.370,8.208,7.941,86.3,2.152,44.5,45.3,1,0,1,0,1,0,1,0,0
DATA,1236000,-0.350820,0.936443,934.2,8.370,8.206,7.942,86.3,2.152,44.5,45.3,1,0,1,0,1,0,1,0,0
DATA,1238000,-0.350684,0.936494,958.3,8.370,8.208,7.940,86.3,2.152,44.5,45.3,1,0,1,0,1,0,1,0,0
DATA,1240000,-0.350548,0.936545,958.3,8.371,8.208,7.942,86.4,2.152,44.5,45.3,1,0,1,0,1,0,1,0,0
DATA,1242000,-0.350412,0.936596,959.2,8.370,8.208,7.940,86.2,2.152,44.5,45.3,1,0,1,0,1,0,1,0,0
DATA,1244000,-0.350275,0.936647,959.2,8.369,8.206,7.942,86.4,2.152,44.5,45.3,1,0,1,0,1,0,1,0,0
DATA,1246000,-0.350139,0.936698,959.2,8.369,8.204,7.943,86.4,2.152,44.5,45.3,1,0,1,0,1,0,1,0,0
DATA,1248000,-0.350003,0.936749,959.2,8.369,8.206,7.942,86.4,2.152,44.5,44.9,1,0,1,0,1,0,1,0,0
DATA,1250000,-0.349867,0.936799,959.2,8.369,8.206,7.943,86.4,2.151,44.5,44.9,1,0,1,0,1,0,1,0,0
DATA,1252000,-0.349730,0.936850,959.2,8.368,8.206,7.942,86.4,2.151,44.5,44.9,1,0,1,0,1,0,1,0,0
DATA,1254000,-0.349594,0.936901,959.2,8.368,8.204,7.941,86.3,2.151,44.4,44.9,1,0,1,0,1,0,1,0,0
DATA,1256000,-0.349458,0.936952,959.2,8.367,8.202,7.942,86.4,2.150,44.5,44.9,1,0,1,0,1,0,1,0,0
DATA,1258000,-0.349322,0.937003,960.0,8.367,8.200,7.942,86.4,2.149,44.5,44.9,1,0,1,0,1,0,1,0,0
DATA,1260000,-0.349185,0.937054,960.0,8.367,8.202,7.943,86.4,2.148,44.5,44.9,1,0,1,0,1,0,1,0,0
DATA,1262000,-0.349049,0.937105,959.2,8.366,8.208,7.943,86.4,2.148,44.5,44.9,1,0,1,0,1,0,1,0,0
DATA,1264000,-0.348913,0.937155,960.0,8.366,8.208,7.942,86.4,2.148,44.5,44.9,1,0,1,0,1,0,1,0,0
DATA,1266000,-0.348777,0.937206,959.2,8.367,8.210,7.943,86.5,2.148,44.5,44.9,1,0,1,0,1,0,1,0,0
DATA,1268000,-0.348640,0.937257,959.2,8.367,8.212,7.943,86.5,2.150,44.5,44.9,1,0,1,0,1,0,1,0,0
DATA,1270000,-0.348504,0.937307,959.2,8.370,8.208,7.943,86.4,2.149,44.5,44.9,1,0,1,0,1,0,1,0,0
DATA,1272000,-0.348368,0.937358,960.0,8.371,8.214,7.943,86.4,2.150,44.4,44.9,1,0,1,0,1,0,1,0,0
DATA,1274000,-0.348231,0.937409,960.0,8.371,8.218,7.943,86.5,2.150,44.4,44.9,1,0,1,0,1,0,1,0,0
DATA,1276000,-0.348095,0.937459,959.2,8.372,8.218,7.943,86.5,2.149,44.5,44.9,1,0,1,0,1,0,1,0,0
DATA,1278000,-0.347958,0.937510,959.2,8.372,8.222,7.944,86.5,2.148,44.5,44.9,1,0,1,0,1,0,1,0,0
DATA,1280000,-0.347822,0.937560,959.2,8.372,8.218,7.945,86.5,2.148,44.5,44.9,1,0,1,0,1,0,1,0,0
DATA,1282000,-0.347685,0.937611,954.2,8.372,8.218,7.945,86.5,2.147,44.5,44.9,1,0,1,0,1,0,1,0,0
DATA,1284000,-0.347550,0.937662,944.2,8.373,8.220,7.945,86.5,2.148,44.5,44.9,1,0,1,0,1,0,1,0,0
DATA,1286000,-0.347413,0.937712,920.0,8.373,8.214,7.945,86.5,2.149,44.5,44.9,1,0,1,0,1,0,1,0,0
DATA,1288000,-0.347277,0.937763,833.3,8.372,8.212,7.944,86.5,2.150,44.5,44.9,1,0,1,0,1,0,1,0,0
DATA,1290000,-0.347140,0.937813,618.3,8.045,7.065,7.855,80.9,2.152,44.0,44.9,1,0,1,0,1,0,1,0,0
DATA,1292000,-0.347004,0.937864,653.3,7.788,6.490,7.805,77.8,2.151,44.0,44.9,1,0,1,0,1,0,0,0,0
DATA,1294000,-0.346867,0.937914,675.0,7.413,5.338,7.806,77.9,2.151,43.9,44.9,1,0,1,0,1,0,0,0,0
DATA,1296000,-0.346731,0.937965,695.8,7.086,4.190,7.803,77.7,2.152,43.9,44.9,1,0,1,0,1,0,0,0,0
DATA,1298000,-0.346594,0.938015,692.5,6.904,3.612,7.799,77.4,2.154,43.9,44.9,1,0,1,0,1,0,0,0,0
DATA,1300000,-0.346458,0.938065,689.2,7.064,3.607,7.795,77.2,2.156,43.9,44.9,1,0,1,0,1,0,0,0,0
DATA,1302000,-0.346321,0.938116,684.2,7.118,3.607,7.794,77.1,2.158,43.9,44.9,1,0,1,0,1,0,0,0,0
DATA,1304000,-0.346185,0.938166,684.2,7.117,3.607,7.794,77.1,2.158,43.9,44.9,1,0,1,0,1,0,0,0,0
DATA,1306000,-0.346049,0.938217,690.8,7.093,3.607,7.792,77.0,2.158,43.9,44.9,1,0,1,0,1,0,0,0,0
DATA,1308000,-0.345913,0.938267,698.3,7.092,3.607,7.789,76.8,2.157,43.9,44.9,1,0,1,0,1,0,0,0,0
DATA,1310000,-0.345776,0.938317,700.0,7.122,3.607,7.791,76.9,2.157,43.9,44.9,1,0,1,0,1,0,0,0,0
DATA,1312000,-0.345639,0.938367,700.0,7.162,3.607,7.790,76.9,2.158,43.9,44.9,1,0,1,0,1,0,0,0,0
DATA,1314000,-0.345503,0.938418,700.0,7.199,3.607,7.790,76.8,2.158,43.9,44.9,1,0,1,0,1,0,0,0,0
DATA,1316000,-0.345367,0.938468,700.0,7.215,3.607,7.789,76.8,2.159,43.9,44.9,1,0,1,0,1,0,0,0,0
DATA,1318000,-0.345230,0.938518,700.8,7.217,3.607,7.787,76.7,2.159,43.9,44.9,1,0,1,0,1,0,0,0,0
DATA,1320000,-0.345093,0.938568,700.0,7.217,3.607,7.786,76.6,2.159,43.9,44.9,1,0,1,0,1,0,0,0,0
DATA,1322000,-0.344957,0.938619,700.8,7.216,3.607,7.786,76.6,2.159,43.9,44.9,1,0,1,0,1,0,0,0,0
DATA,1324000,-0.344821,0.938669,700.8,7.215,3.607,7.785,76.5,2.159,43.8,44.9,1,0,1,0,1,0,0,0,0
DATA,1326000,-0.344683,0.938719,700.0,7.214,3.607,7.783,76.5,2.159,43.9,44.9,1,0,1,0,1,0,0,0,0
DATA,1328000,-0.344547,0.938769,700.8,7.214,3.607,7.782,76.4,2.159,43.9,44.9,1,0,1,0,1,0,0,0,0
DATA,1330000,-0.344411,0.938819,700.0,7.215,3.607,7.782,76.4,2.159,43.9,44.9,1,0,1,0,1,0,0,0,0
DATA,1332000,-0.344275,0.938869,700.8,7.215,3.607,7.781,76.3,2.159,43.9,44.9,1,0,1,0,1,0,0,0,0
DATA,1334000,-0.344137,0.938919,700.0,7.215,3.607,7.780,76.3,2.159,43.9,44.9,1,0,1,0,1,0,0,0,0
DATA,1336000,-0.344001,0.938969,700.8,7.215,3.607,7.779,76.2,2.159,43.9,44.9,1,0,1,0,1,0,0,0,0
DATA,1338000,-0.343864,0.939019,700.0,7.215,3.607,7.778,76.1,2.159,43.9,44.9,1,0,1,0,1,0,0,0,0
DATA,1340000,-0.343728,0.939069,700.0,7.214,3.607,7.777,76.1,2.159,43.8,44.9,1,0,1,0,1,0,0,0,0
DATA,1342000,-0.343591,0.939119,700.0,7.216,3.607,7.775,76.0,2.159,43.9,44.9,1,0,1,0,1,0,0,0,0
DATA,1344000,-0.343455,0.939169,700.0,7.217,3.607,7.775,75.9,2.159,43.9,44.9,1,0,1,0,1,0,0,0,0
DATA,1346000,-0.343318,0.939219,700.0,7.218,3.607,7.773,75.8,2.159,43.9,44.9,1,0,1,0,1,0,0,0,0
DATA,1348000,-0.343181,0.939269,700.0,7.217,3.607,7.774,75.9,2.159,43.9,44.9,1,0,1,0,1,0,0,0,0
DATA,1350000,-0.343044,0.939319,700.0,7.216,3.607,7.774,75.9,2.159,43.9,44.9,1,0,1,0,1,0,0,0,0
DATA,1352000,-0.342908,0.939369,700.8,7.218,3.607,7.773,75.8,2.159,43.9,44.9,1,0,1,0,1,0,0,0,0
DATA,1354000,-0.342772,0.939419,700.0,7.217,3.607,7.772,75.8,2.159,43.8,44.9,1,0,1,0,1,0,0,0,0
DATA,1356000,-0.342635,0.939469,700.0,7.217,3.607,7.772,75.8,2.159,43.9,44.9,1,0,1,0,1,0,0,0,0
DATA,1358000,-0.342498,0.939519,700.0,7.220,3.607,7.770,75.6,2.159,43.8,44.9,1,0,1,0,1,0,0,0,0
DATA,1360000,-0.342362,0.939568,700.0,7.220,3.607,7.770,75.6,2.159,43.8,44.9,1,0,1,0,1,0,0,0,0
DATA,1362000,-0.342225,0.939618,700.0,7.220,3.605,7.769,75.6,2.159,43.8,44.9,1,0,1,0,1,0,0,0,0
DATA,1364000,-0.342088,0.939668,700.0,7.220,3.603,7.770,75.6,2.159,43.9,44.9,1,0,1,0,1,0,0,0,0
DATA,1366000,-0.341951,0.939718,700.0,7.219,3.601,7.769,75.5,2.159,43.9,44.9,1,0,1,0,1,0,0,0,0
DATA,1368000,-0.341815,0.939767,700.0,7.219,3.601,7.768,75.5,2.159,43.9,44.9,1,0,1,0,1,0,0,0,0
DATA,1370000,-0.341678,0.939817,700.0,7.217,3.603,7.768,75.5,2.159,43.8,44.9,1,0,1,0,1,0,0,0,0
DATA,1372000,-0.341541,0.939867,700.0,7.217,3.603,7.767,75.4,2.158,43.9,44.9,1,0,1,0,1,0,0,0,0
DATA,1374000,-0.341405,0.939916,700.0,7.217,3.601,7.768,75.5,2.158,43.9,44.9,1,0,1,0,1,0,0,0,0
DATA,1376000,-0.341268,0.939966,700.0,7.215,3.599,7.767,75.4,2.158,43.9,44.9,1,0,1,0,1,0,0,0,0
DATA,1378000,-0.341132,0.940016,700.0,7.216,3.597,7.766,75.4,2.158,43.8,44.9,1,0,1,0,1,0,0,0,0
DATA,1380000,-0.340995,0.940065,700.0,7.216,3.595,7.767,75.4,2.159,43.8,44.9,1,0,1,0,1,0,0,0,0
DATA,1382000,-0.340858,0.940115,700.0,7.215,3.597,7.765,75.3,2.158,43.8,44.9,1,0,1,0,1,0,0,0,0
DATA,1384000,-0.340721,0.940164,700.8,7.216,3.595,7.765,75.3,2.158,43.8,44.9,1,0,1,0,1,0,0,0,0
DATA,1386000,-0.340585,0.940214,700.0,7.215,3.593,7.765,75.3,2.158,43.8,44.9,1,0,1,0,1,0,0,0,0
DATA,1388000,-0.340448,0.940264,700.8,7.217,3.595,7.763,75.2,2.158,43.8,44.9,1,0,1,0,1,0,0,0,0
DATA,1390000,-0.340311,0.940313,700.0,7.217,3.595,7.764,75.3,2.159,43.8,44.9,1,0,1,0,1,0,0,0,0
DATA,1392000,-0.340174,0.940362,700.8,7.216,3.595,7.764,75.2,2.159,43.8,44.9,1,0,1,0,1,0,0,0,0
DATA,1394000,-0.340038,0.940412,700.0,7.215,3.595,7.764,75.2,2.159,43.8,44.9,1,0,1,0,1,0,0,0,0
DATA,1396000,-0.339901,0.940461,700.0,7.215,3.593,7.763,75.2,2.159,43.8,44.9,1,0,1,0,1,0,0,0,0
DATA,1398000,-0.339764,0.940511,700.0,7.214,3.591,7.763,75.2,2.159,43.8,44.9,1,0,1,0,1,0,0,0,0
DATA,1400000,-0.339627,0.940560,700.0,7.213,3.591,7.762,75.1,2.159,43.8,44.9,1,0,1,0,1,0,0,0,0
DATA,1402000,-0.339491,0.940609,700.0,7.214,3.591,7.762,75.1,2.159,43.8,44.9,1,0,1,0,1,0,0,0,0
DATA,1404000,-0.339353,0.940659,700.8,7.212,3.593,7.760,75.0,2.159,43.8,44.9,1,0,1,0,1,0,0,0,0
DATA,1406000,-0.339217,0.940708,700.0,7.214,3.593,7.761,75.1,2.159,43.8,44.9,1,0,1,0,1,0,0,0,0
DATA,1408000,-0.339080,0.940758,700.8,7.217,3.593,7.759,74.9,2.159,43.8,44.9,1,0,1,0,1,0,0,0,0
DATA,1410000,-0.338943,0.940807,700.8,7.218,3.593,7.760,75.0,2.159,43.8,44.5,1,0,1,0,1,0,0,0,0
DATA,1412000,-0.338806,0.940856,700.0,7.219,3.591,7.759,74.9,2.159,43.8,44.5,1,0,1,0,1,0,0,0,0
DATA,1414000,-0.338670,0.940905,700.0,7.220,3.591,7.759,74.9,2.159,43.8,44.5,1,0,1,0,1,0,0,0,0
DATA,1416000,-0.338532,0.940955,700.8,7.219,3.591,7.759,74.9,2.159,43.8,44.5,1,0,1,0,1,0,0,0,0
DATA,1418000,-0.338396,0.941004,700.8,7.218,3.591,7.758,74.9,2.159,43.8,44.5,1,0,1,0,1,0,0,0,0
DATA,1420000,-0.338259,0.941053,700.8,7.219,3.593,7.758,74.9,2.159,43.8,44.5,1,0,1,0,1,0,0,0,0
DATA,1422000,-0.338122,0.941102,700.0,7.219,3.593,7.757,74.8,2.159,43.8,44.5,1,0,1,0,1,0,0,0,0
DATA,1424000,-0.337985,0.941151,700.8,7.219,3.593,7.757,74.8,2.159,43.8,44.5,1,0,1,0,1,0,0,0,0
DATA,1426000,-0.337849,0.941200,700.0,7.220,3.593,7.757,74.8,2.159,43.8,44.5,1,0,1,0,1,0,0,0,0
DATA,1428000,-0.337711,0.941250,700.8,7.220,3.593,7.757,74.8,2.159,43.8,44.5,1,0,1,0,1,0,0,0,0
DATA,1430000,-0.337574,0.941299,700.8,7.221,3.593,7.757,74.8,2.159,43.8,44.5,1,0,1,0,1,0,0,0,0
DATA,1432000,-0.337437,0.941348,700.8,7.223,3.595,7.757,74.8,2.159,43.8,44.5,1,0,1,0,1,0,0,0,0
DATA,1434000,-0.337301,0.941397,700.0,7.224,3.595,7.757,74.8,2.159,43.8,44.5,1,0,1,0,1,0,0,0,0
DATA,1436000,-0.337164,0.941446,700.8,7.223,3.595,7.756,74.7,2.159,43.8,44.5,1,0,1,0,1,0,0,0,0
DATA,1438000,-0.337027,0.941495,700.0,7.223,3.593,7.755,74.7,2.159,43.8,44.5,1,0,1,0,1,0,0,0,0
DATA,1440000,-0.336890,0.941544,700.8,7.222,3.591,7.756,74.7,2.159,43.8,44.5,1,0,1,0,1,0,0,0,0
DATA,1442000,-0.336753,0.941593,700.0,7.221,3.591,7.757,74.8,2.159,43.8,44.5,1,0,1,0,1,0,0,0,0
DATA,1444000,-0.336615,0.941642,700.8,7.222,3.591,7.755,74.7,2.159,43.8,44.5,1,0,1,0,1,0,0,0,0
DATA,1446000,-0.336479,0.941691,700.8,7.222,3.591,7.753,74.6,2.159,43.8,44.5,1,0,1,0,1,0,0,0,0
DATA,1448000,-0.336342,0.941740,700.8,7.223,3.591,7.754,74.6,2.159,43.8,44.5,1,0,1,0,1,0,0,0,0
DATA,1450000,-0.336205,0.941789,700.0,7.223,3.591,7.754,74.6,2.159,43.8,44.5,1,0,1,0,1,0,0,0,0
DATA,1452000,-0.336068,0.941838,700.8,7.222,3.591,7.753,74.5,2.159,43.8,44.5,1,0,1,0,1,0,0,0,0
DATA,1454000,-0.335931,0.941887,700.8,7.222,3.591,7.754,74.6,2.159,43.8,44.5,1,0,1,0,1,0,0,0,0
DATA,1456000,-0.335794,0.941935,700.0,7.221,3.591,7.754,74.6,2.159,43.8,44.5,1,0,1,0,1,0,0,0,0
DATA,1458000,-0.335657,0.941984,700.8,7.221,3.591,7.752,74.5,2.159,43.7,44.5,1,0,1,0,1,0,0,0,0
DATA,1460000,-0.335520,0.942033,700.0,7.221,3.591,7.753,74.6,2.159,43.7,44.5,1,0,1,0,1,0,0,0,0
DATA,1462000,-0.335383,0.942082,700.8,7.219,3.591,7.752,74.5,2.159,43.8,44.5,1,0,1,0,1,0,0,0,0
DATA,1464000,-0.335246,0.942131,700.8,7.220,3.591,7.752,74.5,2.159,43.7,44.5,1,0,1,0,1,0,0,0,0
DATA,1466000,-0.335109,0.942180,700.8,7.219,3.591,7.752,74.5,2.159,43.7,44.5,1,0,1,0,1,0,0,0,0
DATA,1468000,-0.334971,0.942228,700.8,7.220,3.591,7.752,74.5,2.159,43.7,44.5,1,0,1,0,1,0,0,0,0
DATA,1470000,-0.334835,0.942277,700.8,7.221,3.591,7.752,74.5,2.159,43.8,44.5,1,0,1,0,1,0,0,0,0
DATA,1472000,-0.334698,0.942326,700.8,7.221,3.591,7.749,74.3,2.159,43.8,44.5,1,0,1,0,1,0,0,0,0
DATA,1474000,-0.334560,0.942374,700.8,7.221,3.591,7.750,74.4,2.159,43.7,44.5,1,0,1,0,1,0,0,0,0
DATA,1476000,-0.334423,0.942423,700.8,7.220,3.591,7.751,74.4,2.159,43.8,44.5,1,0,1,0,1,0,0,0,0
DATA,1478000,-0.334287,0.942471,700.8,7.219,3.591,7.750,74.4,2.159,43.7,44.5,1,0,1,0,1,0,0,0,0
DATA,1480000,-0.334150,0.942520,700.0,7.217,3.591,7.750,74.4,2.159,43.7,44.5,1,0,1,0,1,0,0,0,0
DATA,1482000,-0.334012,0.942569,700.8,7.216,3.591,7.748,74.2,2.159,43.7,44.5,1,0,1,0,1,0,0,0,0
DATA,1484000,-0.333875,0.942617,700.8,7.217,3.591,7.749,74.3,2.159,43.7,44.5,1,0,1,0,1,0,0,0,0
DATA,1486000,-0.333738,0.942666,700.0,7.217,3.591,7.750,74.4,2.159,43.8,44.5,1,0,1,0,1,0,0,0,0
DATA,1488000,-0.333601,0.942714,700.8,7.218,3.591,7.748,74.2,2.159,43.7,44.5,1,0,1,0,1,0,0,0,0
DATA,1490000,-0.333464,0.942763,700.8,7.219,3.591,7.747,74.2,2.159,43.7,44.5,1,0,1,0,1,0,0,0,0
DATA,1492000,-0.333327,0.942811,700.8,7.217,3.591,7.749,74.3,2.159,43.8,44.5,1,0,1,0,1,0,0,0,0
DATA,1494000,-0.333190,0.942860,700.8,7.216,3.591,7.749,74.3,2.159,43.7,44.5,1,0,1,0,1,0,0,0,0
DATA,1496000,-0.333053,0.942908,700.8,7.216,3.591,7.749,74.3,2.159,43.7,44.5,1,0,1,0,1,0,0,0,0
DATA,1498000,-0.332915,0.942957,700.8,7.215,3.591,7.747,74.2,2.159,43.7,44.5,1,0,1,0,1,0,0,0,0
DATA,1500000,-0.332778,0.943005,700.8,7.215,3.591,7.747,74.2,2.159,43.7,44.5,1,0,1,0,1,0,0,0,0
DATA,1502000,-0.332641,0.943053,700.8,7.215,3.591,7.747,74.2,2.159,43.7,44.5,1,0,1,0,1,0,0,0,0
DATA,1504000,-0.332504,0.943102,700.8,7.214,3.591,7.746,74.1,2.159,43.7,44.5,1,0,1,0,1,0,0,0,0
DATA,1506000,-0.332367,0.943150,700.8,7.216,3.591,7.745,74.1,2.159,43.7,44.5,1,0,1,0,1,0,0,0,0
DATA,1508000,-0.332229,0.943199,700.8,7.217,3.591,7.745,74.1,2.159,43.7,44.5,1,0,1,0,1,0,0,0,0
DATA,1510000,-0.332093,0.943247,700.8,7.219,3.591,7.745,74.1,2.159,43.7,44.5,1,0,1,0,1,0,0,0,0
DATA,1512000,-0.331955,0.943295,700.8,7.220,3.591,7.746,74.1,2.159,43.7,44.5,1,0,1,0,1,0,0,0,0
DATA,1514000,-0.331818,0.943344,700.8,7.220,3.591,7.744,74.0,2.159,43.7,44.5,1,0,1,0,1,0,0,0,0
DATA,1516000,-0.331681,0.943392,700.8,7.220,3.591,7.745,74.1,2.159,43.7,44.5,1,0,1,0,1,0,0,0,0
DATA,1518000,-0.331543,0.943440,700.8,7.220,3.591,7.744,74.0,2.158,43.7,44.5,1,0,1,0,1,0,0,0,0
DATA,1520000,-0.331407,0.943488,700.8,7.220,3.591,7.744,74.0,2.158,43.7,44.5,1,0,1,0,1,0,0,0,0
DATA,1522000,-0.331269,0.943536,700.8,7.219,3.591,7.745,74.1,2.158,43.7,44.5,1,0,1,0,1,0,0,0,0
DATA,1524000,-0.331132,0.943585,700.8,7.218,3.591,7.744,74.0,2.158,43.7,44.5,1,0,1,0,1,0,0,0,0
DATA,1526000,-0.330995,0.943633,700.0,7.217,3.591,7.744,74.0,2.159,43.7,44.5,1,0,1,0,1,0,0,0,0
DATA,1528000,-0.330858,0.943681,700.0,7.218,3.591,7.744,74.0,2.159,43.7,44.5,1,0,1,0,1,0,0,0,0
DATA,1530000,-0.330720,0.943729,700.8,7.217,3.591,7.744,74.0,2.159,43.7,44.5,1,0,1,0,1,0,0,0,0
DATA,1532000,-0.330583,0.943777,700.8,7.218,3.591,7.743,73.9,2.159,43.7,44.5,1,0,1,0,1,0,0,0,0
DATA,1534000,-0.330446,0.943825,699.2,7.217,3.591,7.743,73.9,2.159,43.7,44.5,1,0,1,0,1,0,0,0,0
DATA,1536000,-0.330309,0.943873,655.8,7.143,3.591,7.744,74.0,2.158,43.7,44.5,1,0,1,0,1,0,0,0,0
DATA,1538000,-0.330171,0.943921,627.5,7.000,3.591,7.743,73.9,2.156,43.7,44.5,1,0,1,0,1,0,0,0,0
DATA,1540000,-0.330034,0.943969,652.5,6.876,3.591,7.742,73.9,2.155,43.7,44.5,1,0,1,0,1,0,0,0,0
DATA,1542000,-0.329896,0.944017,651.7,6.747,3.591,7.743,73.9,2.153,43.7,44.5,1,0,1,0,1,0,0,0,0
DATA,1544000,-0.329760,0.944065,653.3,6.690,3.591,7.743,73.9,2.152,43.7,44.5,1,0,1,0,1,0,0,0,0
DATA,1546000,-0.329622,0.944113,660.8,6.702,3.591,7.743,74.0,2.152,43.7,44.5,1,0,1,0,1,0,0,0,0
DATA,1548000,-0.329485,0.944161,660.8,6.726,3.591,7.742,73.9,2.152,43.7,44.5,1,0,1,0,1,0,0,0,0
DATA,1550000,-0.329347,0.944209,650.8,6.743,3.591,7.742,73.9,2.152,43.7,44.5,1,0,1,0,1,0,0,0,0
DATA,1552000,-0.329210,0.944257,654.2,6.743,3.591,7.741,73.8,2.152,43.7,44.5,1,0,1,0,1,0,0,0,0
DATA,1554000,-0.329073,0.944305,652.5,6.760,3.591,7.742,73.9,2.152,43.7,44.5,1,0,1,0,1,0,0,0,0
DATA,1556000,-0.328935,0.944353,657.5,6.751,3.591,7.741,73.8,2.152,43.7,44.5,1,0,1,0,1,0,0,0,0
DATA,1558000,-0.328798,0.944400,563.3,6.633,3.587,7.740,73.8,2.152,43.8,44.5,1,0,1,0,1,0,0,0,0
DATA,1560000,-0.328661,0.944448,630.8,6.573,3.587,7.741,73.8,2.152,43.7,44.5,1,0,1,0,1,0,0,0,0
DATA,1562000,-0.328523,0.944496,621.7,6.494,3.587,7.741,73.8,2.152,43.7,44.5,1,0,1,0,1,0,0,0,0
DATA,1564000,-0.328386,0.944544,632.5,6.465,3.587,7.740,73.7,2.152,43.7,44.5,1,0,1,0,1,0,0,0,0
DATA,1566000,-0.328248,0.944591,646.7,6.443,3.587,7.741,73.8,2.152,43.7,44.1,1,0,1,0,1,0,0,0,0
DATA,1568000,-0.328111,0.944639,617.5,6.544,3.591,7.739,73.7,2.152,43.7,44.1,1,0,1,0,1,0,0,0,0
DATA,1570000,-0.327973,0.944687,585.0,6.465,3.583,7.741,73.8,2.143,43.8,44.1,1,0,1,0,1,0,0,0,0
DATA,1572000,-0.327836,0.944735,598.3,6.377,3.583,7.740,73.8,2.143,43.7,44.1,1,0,1,0,1,0,0,0,0
DATA,1574000,-0.327699,0.944782,606.7,6.293,3.583,7.740,73.7,2.143,43.7,44.1,1,0,1,0,1,0,0,0,0
DATA,1576000,-0.327562,0.944830,622.5,6.212,3.583,7.739,73.7,2.143,43.7,44.1,1,0,1,0,1,0,0,0,0
DATA,1578000,-0.327424,0.944878,624.2,6.281,3.591,7.738,73.6,2.152,43.7,44.1,1,0,1,0,1,0,0,0,0
DATA,1580000,-0.327287,0.944925,625.0,6.368,3.591,7.739,73.7,2.152,43.7,44.1,1,0,1,0,1,0,0,0,0
DATA,1582000,-0.327149,0.944973,625.0,6.417,3.591,7.738,73.7,2.152,43.7,44.1,1,0,1,0,1,0,0,0,0
DATA,1584000,-0.327011,0.945020,624.2,6.442,3.591,7.737,73.6,2.152,43.7,44.1,1,0,1,0,1,0,0,0,0
DATA,1586000,-0.326874,0.945068,625.0,6.445,3.591,7.738,73.6,2.152,43.7,44.1,1,0,1,0,1,0,0,0,0
DATA,1588000,-0.326737,0.945115,624.2,6.445,3.591,7.737,73.6,2.152,43.7,44.1,1,0,1,0,1,0,0,0,0
DATA,1590000,-0.326599,0.945163,624.2,6.445,3.591,7.738,73.6,2.152,43.7,44.1,1,0,1,0,1,0,0,0,0
DATA,1592000,-0.326461,0.945211,624.2,6.445,3.591,7.737,73.5,2.152,43.7,44.1,1,0,1,0,1,0,0,0,0
DATA,1594000,-0.326324,0.945258,625.0,6.445,3.591,7.737,73.6,2.152,43.7,44.1,1,0,1,0,1,0,0,0,0
DATA,1596000,-0.326187,0.945305,625.0,6.444,3.591,7.738,73.6,2.152,43.7,44.1,1,0,1,0,1,0,0,0,0
DATA,1598000,-0.326049,0.945353,625.0,6.445,3.591,7.737,73.5,2.152,43.7,44.1,1,0,1,0,1,0,0,0,0
DATA,1600000,-0.325912,0.945400,624.2,6.444,3.591,7.737,73.5,2.152,43.7,44.1,1,0,1,0,1,0,0,0,0
DATA,1602000,-0.325774,0.945448,624.2,6.445,3.591,7.735,73.4,2.152,43.7,44.1,1,0,1,0,1,0,0,0,0
DATA,1604000,-0.325637,0.945495,625.0,6.445,3.591,7.736,73.5,2.152,43.7,44.1,1,0,1,0,1,0,0,0,0
DATA,1606000,-0.325499,0.945543,624.2,6.444,3.591,7.736,73.5,2.152,43.7,44.1,1,0,1,0,1,0,0,0,0
DATA,1608000,-0.325362,0.945590,625.0,6.444,3.591,7.734,73.4,2.152,43.7,44.1,1,0,1,0,1,0,0,0,0
DATA,1610000,-0.325224,0.945637,625.0,6.443,3.591,7.738,73.6,2.152,43.7,44.1,1,0,1,0,1,0,0,0,0
DATA,1612000,-0.325087,0.945684,624.2,6.441,3.591,7.737,73.6,2.152,43.7,44.1,1,0,1,0,1,0,0,0,0
DATA,1614000,-0.324948,0.945732,624.2,6.441,3.591,7.736,73.5,2.152,43.7,44.1,1,0,1,0,1,0,0,0,0
DATA,1616000,-0.324811,0.945779,624.2,6.439,3.591,7.737,73.5,2.152,43.7,44.1,1,0,1,0,1,0,0,0,0
DATA,1618000,-0.324674,0.945826,624.2,6.439,3.591,7.735,73.4,2.152,43.7,44.1,1,0,1,0,1,0,0,0,0
DATA,1620000,-0.324537,0.945873,624.2,6.440,3.591,7.736,73.5,2.152,43.7,44.1,1,0,1,0,1,0,0,0,0
DATA,1622000,-0.324398,0.945921,624.2,6.439,3.591,7.735,73.4,2.152,43.7,44.1,1,0,1,0,1,0,0,0,0
DATA,1624000,-0.324261,0.945968,624.2,6.440,3.591,7.735,73.4,2.152,43.7,44.1,1,0,1,0,1,0,0,0,0
DATA,1626000,-0.324124,0.946015,625.0,6.438,3.591,7.734,73.4,2.152,43.7,44.1,1,0,1,0,1,0,0,0,0
DATA,1628000,-0.323986,0.946062,625.0,6.438,3.591,7.733,73.3,2.152,43.7,44.1,1,0,1,0,1,0,0,0,0
DATA,1630000,-0.323848,0.946109,624.2,6.438,3.591,7.733,73.3,2.152,43.7,44.1,1,0,1,0,1,0,0,0,0
DATA,1632000,-0.323711,0.946156,625.0,6.438,3.591,7.734,73.4,2.152,43.7,44.1,1,0,1,0,1,0,0,0,0
DATA,1634000,-0.323573,0.946203,625.0,6.437,3.591,7.734,73.4,2.152,43.7,44.1,1,0,1,0,1,0,0,0,0
DATA,1636000,-0.323436,0.946250,625.0,6.438,3.591,7.734,73.3,2.152,43.7,44.1,1,0,1,0,1,0,0,0,0
DATA,1638000,-0.323297,0.946297,625.0,6.438,3.591,7.731,73.2,2.152,43.7,44.1,1,0,1,0,1,0,0,0,0
DATA,1640000,-0.323160,0.946344,625.0,6.439,3.591,7.733,73.3,2.152,43.7,44.1,1,0,1,0,1,0,0,0,0
DATA,1642000,-0.323023,0.946391,625.0,6.440,3.591,7.733,73.3,2.152,43.7,44.1,1,0,1,0,1,0,0,0,0
DATA,1644000,-0.322885,0.946438,624.2,6.441,3.591,7.732,73.3,2.152,43.7,44.1,1,0,1,0,1,0,0,0,0
DATA,1646000,-0.322748,0.946485,624.2,6.440,3.591,7.733,73.3,2.152,43.7,44.1,1,0,1,0,1,0,0,0,0
DATA,1648000,-0.322610,0.946532,625.0,6.439,3.591,7.732,73.3,2.152,43.7,44.1,1,0,1,0,1,0,0,0,0
DATA,1650000,-0.322472,0.946579,625.0,6.439,3.591,7.732,73.3,2.152,43.7,44.1,1,0,1,0,1,0,0,0,0
DATA,1652000,-0.322334,0.946626,624.2,6.439,3.591,7.732,73.3,2.152,43.7,44.1,1,0,1,0,1,0,0,0,0
DATA,1654000,-0.322197,0.946673,624.2,6.439,3.591,7.732,73.3,2.152,43.7,44.1,1,0,1,0,1,0,0,0,0
DATA,1656000,-0.322059,0.946720,625.0,6.439,3.591,7.732,73.3,2.152,43.7,44.1,1,0,1,0,1,0,0,0,0
DATA,1658000,-0.321921,0.946766,625.0,6.441,3.591,7.731,73.2,2.152,43.7,44.1,1,0,1,0,1,0,0,0,0
DATA,1660000,-0.321784,0.946813,625.0,6.441,3.591,7.732,73.3,2.152,43.7,44.1,1,0,1,0,1,0,0,0,0
DATA,1662000,-0.321646,0.946860,625.0,6.443,3.591,7.731,73.2,2.152,43.7,44.1,1,0,1,0,1,0,0,0,0
DATA,1664000,-0.321508,0.946907,625.0,6.444,3.591,7.732,73.3,2.152,43.7,44.1,1,0,1,0,1,0,0,0,0
DATA,1666000,-0.321370,0.946954,625.0,6.444,3.591,7.732,73.2,2.152,43.7,44.1,1,0,1,0,1,0,0,0,0
DATA,1668000,-0.321233,0.947000,624.2,6.444,3.591,7.732,73.2,2.152,43.7,44.1,1,0,1,0,1,0,0,0,0
DATA,1670000,-0.321095,0.947047,625.0,6.443,3.591,7.730,73.2,2.152,43.7,44.1,1,0,1,0,1,0,0,0,0
DATA,1672000,-0.320957,0.947094,625.0,6.444,3.591,7.731,73.2,2.152,43.7,44.1,1,0,1,0,1,0,0,0,0
DATA,1674000,-0.320820,0.947140,625.0,6.444,3.591,7.730,73.1,2.152,43.7,44.1,1,0,1,0,1,0,0,0,0
DATA,1676000,-0.320682,0.947187,625.0,6.444,3.591,7.731,73.2,2.152,43.7,44.1,1,0,1,0,1,0,0,0,0
DATA,1678000,-0.320545,0.947233,624.2,6.443,3.591,7.731,73.2,2.152,43.7,44.1,1,0,1,0,1,0,0,0,0
DATA,1680000,-0.320406,0.947280,625.0,6.443,3.591,7.730,73.1,2.152,43.7,44.1,1,0,1,0,1,0,0,0,0
DATA,1682000,-0.320269,0.947327,625.0,6.442,3.591,7.732,73.2,2.152,43.7,44.1,1,0,1,0,1,0,0,0,0
DATA,1684000,-0.320131,0.947373,625.0,6.442,3.591,7.731,73.2,2.152,43.7,44.1,1,0,1,0,1,0,0,0,0
DATA,1686000,-0.319993,0.947420,625.0,6.442,3.591,7.730,73.1,2.152,43.7,44.1,1,0,1,0,1,0,0,0,0
DATA,1688000,-0.319855,0.947467,625.0,6.441,3.591,7.730,73.2,2.152,43.7,44.1,1,0,1,0,1,0,0,0,0
DATA,1690000,-0.319717,0.947513,625.0,6.441,3.591,7.731,73.2,2.152,43.7,44.1,1,0,1,0,1,0,0,0,0
DATA,1692000,-0.319580,0.947559,625.0,6.440,3.591,7.731,73.2,2.152,43.7,44.1,1,0,1,0,1,0,0,0,0
DATA,1694000,-0.319442,0.947606,625.0,6.440,3.591,7.730,73.1,2.152,43.7,44.1,1,0,1,0,1,0,0,0,0
DATA,1696000,-0.319303,0.947653,625.0,6.441,3.591,7.730,73.1,2.152,43.7,44.1,1,0,1,0,1,0,0,0,0
DATA,1698000,-0.319166,0.947699,625.0,6.440,3.591,7.730,73.1,2.152,43.7,44.1,1,0,1,0,1,0,0,0,0
DATA,1700000,-0.319028,0.947745,625.0,6.442,3.591,7.730,73.1,2.152,43.7,44.1,1,0,1,0,1,0,0,0,0
DATA,1702000,-0.318890,0.947792,625.0,6.442,3.591,7.730,73.1,2.152,43.7,44.1,1,0,1,0,1,0,0,0,0
DATA,1704000,-0.318752,0.947838,625.0,6.443,3.591,7.729,73.1,2.152,43.7,44.1,1,0,1,0,1,0,0,0,0
DATA,1706000,-0.318615,0.947884,625.0,6.444,3.591,7.729,73.0,2.152,43.7,44.1,1,0,1,0,1,0,0,0,0
DATA,1708000,-0.318477,0.947931,625.0,6.443,3.591,7.729,73.0,2.152,43.7,44.1,1,0,1,0,1,0,0,0,0
DATA,1710000,-0.318339,0.947977,625.0,6.445,3.591,7.727,73.0,2.152,43.7,44.1,1,0,1,0,1,0,0,0,0
DATA,1712000,-0.318201,0.948023,625.0,6.446,3.591,7.727,73.0,2.152,43.7,43.6,1,0,1,0,1,0,0,0,0
DATA,1714000,-0.318063,0.948070,625.0,6.445,3.591,7.729,73.1,2.152,43.7,43.6,1,0,1,0,1,0,0,0,0
DATA,1716000,-0.317925,0.948116,625.0,6.445,3.591,7.729,73.1,2.152,43.7,43.6,1,0,1,0,1,0,0,0,0
DATA,1718000,-0.317787,0.948162,625.0,6.445,3.591,7.728,73.0,2.152,43.7,43.6,1,0,1,0,1,0,0,0,0
DATA,1720000,-0.317649,0.948208,625.0,6.446,3.591,7.728,73.0,2.152,43.7,43.6,1,0,1,0,1,0,0,0,0
DATA,1722000,-0.317512,0.948254,625.0,6.447,3.591,7.726,72.9,2.152,43.7,43.6,1,0,1,0,1,0,0,0,0
DATA,1724000,-0.317374,0.948301,625.0,6.447,3.591,7.727,73.0,2.152,43.7,43.6,1,0,1,0,1,0,0,0,0
DATA,1726000,-0.317235,0.948347,625.0,6.446,3.591,7.728,73.0,2.152,43.7,43.6,1,0,1,0,1,0,0,0,0
DATA,1728000,-0.317097,0.948393,625.0,6.445,3.591,7.726,72.9,2.152,43.7,43.6,1,0,1,0,1,0,0,0,0
DATA,1730000,-0.316960,0.948439,625.0,6.445,3.591,7.727,72.9,2.152,43.7,43.6,1,0,1,0,1,0,0,0,0
DATA,1732000,-0.316821,0.948485,625.0,6.443,3.591,7.727,73.0,2.152,43.7,43.6,1,0,1,0,1,0,0,0,0
DATA,1734000,-0.316684,0.948531,625.0,6.442,3.591,7.727,73.0,2.152,43.7,43.6,1,0,1,0,1,0,0,0,0
DATA,1736000,-0.316546,0.948577,625.0,6.445,3.591,7.726,72.9,2.152,43.7,43.6,1,0,1,0,1,0,0,0,0
DATA,1738000,-0.316408,0.948623,625.0,6.445,3.591,7.727,72.9,2.152,43.7,43.6,1,0,1,0,1,0,0,0,0
DATA,1740000,-0.316269,0.948669,625.0,6.445,3.591,7.727,73.0,2.152,43.7,43.6,1,0,1,0,1,0,0,0,0
DATA,1742000,-0.316132,0.948715,625.0,6.447,3.591,7.727,72.9,2.152,43.7,43.6,1,0,1,0,1,0,0,0,0
DATA,1744000,-0.315994,0.948761,625.0,6.444,3.591,7.726,72.9,2.152,43.7,43.6,1,0,1,0,1,0,0,0,0
DATA,1746000,-0.315856,0.948807,625.0,6.444,3.591,7.725,72.8,2.152,43.6,43.6,1,0,1,0,1,0,0,0,0
DATA,1748000,-0.315717,0.948853,625.0,6.445,3.591,7.726,72.9,2.152,43.7,43.6,1,0,1,0,1,0,0,0,0
DATA,1750000,-0.315580,0.948899,625.0,6.444,3.591,7.725,72.8,2.152,43.7,43.6,1,0,1,0,1,0,0,0,0
DATA,1752000,-0.315442,0.948945,625.0,6.445,3.591,7.726,72.9,2.152,43.6,43.6,1,0,1,0,1,0,0,0,0
DATA,1754000,-0.315304,0.948991,625.0,6.447,3.591,7.724,72.8,2.152,43.7,43.6,1,0,1,0,1,0,0,0,0
DATA,1756000,-0.315165,0.949037,625.0,6.448,3.591,7.725,72.8,2.152,43.6,43.6,1,0,1,0,1,0,0,0,0
DATA,1758000,-0.315028,0.949082,625.0,6.450,3.591,7.725,72.8,2.152,43.7,43.6,1,0,1,0,1,0,0,0,0
DATA,1760000,-0.314890,0.949128,625.0,6.451,3.591,7.725,72.8,2.152,43.7,43.6,1,0,1,0,1,0,0,0,0
DATA,1762000,-0.314752,0.949174,625.0,6.450,3.591,7.726,72.9,2.152,43.6,43.6,1,0,1,0,1,0,0,0,0
DATA,1764000,-0.314613,0.949220,625.0,6.449,3.591,7.725,72.8,2.152,43.6,43.6,1,0,1,0,1,0,0,0,0
DATA,1766000,-0.314476,0.949266,625.0,6.450,3.591,7.724,72.8,2.152,43.6,43.6,1,0,1,0,1,0,0,0,0
DATA,1768000,-0.314338,0.949311,625.0,6.447,3.591,7.725,72.8,2.152,43.6,43.6,1,0,1,0,1,0,0,0,0
DATA,1770000,-0.314199,0.949357,625.0,6.448,3.591,7.725,72.8,2.152,43.6,43.6,1,0,1,0,1,0,0,0,0
DATA,1772000,-0.314061,0.949403,625.0,6.448,3.591,7.725,72.8,2.152,43.6,43.6,1,0,1,0,1,0,0,0,0
DATA,1774000,-0.313923,0.949448,625.0,6.450,3.591,7.725,72.8,2.152,43.7,43.6,1,0,1,0,1,0,0,0,0
DATA,1776000,-0.313785,0.949494,625.0,6.450,3.591,7.724,72.8,2.152,43.6,43.6,1,0,1,0,1,0,0,0,0
DATA,1778000,-0.313647,0.949540,625.0,6.451,3.591,7.725,72.8,2.152,43.6,43.6,1,0,1,0,1,0,0,0,0
DATA,1780000,-0.313509,0.949585,625.0,6.454,3.591,7.723,72.7,2.152,43.6,43.6,1,0,1,0,1,0,0,0,0
DATA,1782000,-0.313371,0.949631,625.0,6.454,3.591,7.723,72.7,2.152,43.6,43.6,1,0,1,0,1,0,0,0,0
DATA,1784000,-0.313233,0.949676,625.0,6.452,3.591,7.724,72.7,2.152,43.6,43.6,1,0,1,0,1,0,0,0,0
DATA,1786000,-0.313095,0.949722,625.0,6.451,3.591,7.723,72.7,2.152,43.6,43.6,1,0,1,0,1,0,0,0,0
DATA,1788000,-0.312956,0.949768,625.0,6.448,3.591,7.723,72.7,2.152,43.6,43.6,1,0,1,0,1,0,0,0,0
DATA,1790000,-0.312818,0.949813,625.0,6.449,3.591,7.723,72.7,2.152,43.6,43.6,1,0,1,0,1,0,0,0,0
DATA,1792000,-0.312680,0.949858,625.0,6.449,3.591,7.724,72.7,2.152,43.6,43.6,1,0,1,0,1,0,0,0,0
DATA,1794000,-0.312542,0.949904,625.0,6.449,3.591,7.723,72.7,2.152,43.6,43.6,1,0,1,0,1,0,0,0,0
DATA,1796000,-0.312404,0.949950,625.0,6.449,3.591,7.722,72.6,2.152,43.6,43.6,1,0,1,0,1,0,0,0,0
DATA,1798000,-0.312265,0.949995,625.0,6.446,3.591,7.722,72.6,2.152,43.6,43.6,1,0,1,0,1,0,0,0,0
DATA,1800000,-0.312128,0.950040,625.0,6.446,3.591,7.723,72.7,2.152,43.6,43.6,1,0,1,0,1,0,0,0,0
DATA,1802000,-0.311989,0.950086,625.0,6.444,3.591,7.724,72.8,2.152,43.6,43.6,1,0,1,0,1,0,0,0,0
DATA,1804000,-0.311851,0.950131,625.0,6.443,3.591,7.722,72.6,2.152,43.6,43.6,1,0,1,0,1,0,0,0,0
DATA,1806000,-0.311713,0.950176,625.0,6.442,3.591,7.723,72.7,2.152,43.6,43.6,1,0,1,0,1,0,0,0,0
DATA,1808000,-0.311575,0.950222,625.0,6.441,3.591,7.722,72.6,2.152,43.6,43.6,1,0,1,0,1,0,0,0,0
DATA,1810000,-0.311437,0.950267,625.0,6.442,3.591,7.723,72.7,2.152,43.6,43.6,1,0,1,0,1,0,0,0,0
DATA,1812000,-0.311299,0.950312,625.0,6.443,3.591,7.722,72.6,2.152,43.6,43.6,1,0,1,0,1,0,0,0,0
DATA,1814000,-0.311160,0.950358,625.0,6.446,3.591,7.723,72.7,2.152,43.6,43.6,1,0,1,0,1,0,0,0,0
DATA,1816000,-0.311022,0.950403,625.0,6.447,3.591,7.723,72.7,2.152,43.6,43.6,1,0,1,0,1,0,0,0,0
DATA,1818000,-0.310884,0.950448,625.0,6.446,3.591,7.722,72.6,2.152,43.6,43.6,1,0,1,0,1,0,0,0,0
DATA,1820000,-0.310745,0.950493,625.0,6.446,3.591,7.721,72.6,2.152,43.6,43.6,1,0,1,0,1,0,0,0,0
DATA,1822000,-0.310607,0.950538,625.8,6.447,3.591,7.721,72.5,2.152,43.6,43.6,1,0,1,0,1,0,0,0,0
DATA,1824000,-0.310469,0.950583,625.8,6.448,3.591,7.722,72.6,2.152,43.6,43.6,1,0,1,0,1,0,0,0,0
DATA,1826000,-0.310331,0.950629,625.0,6.448,3.591,7.721,72.6,2.152,43.6,43.6,1,0,1,0,1,0,0,0,0
DATA,1828000,-0.310192,0.950674,625.8,6.449,3.591,7.719,72.5,2.152,43.6,43.6,1,0,1,0,1,0,0,0,0
DATA,1830000,-0.310054,0.950719,625.8,6.449,3.591,7.718,72.4,2.152,43.6,43.6,1,0,1,0,1,0,0,0,0
DATA,1832000,-0.309916,0.950764,625.8,6.448,3.591,7.720,72.5,2.152,43.6,43.6,1,0,1,0,1,0,0,0,0
DATA,1834000,-0.309778,0.950809,625.8,6.449,3.591,7.720,72.5,2.152,43.6,43.6,1,0,1,0,1,0,0,0,0
DATA,1836000,-0.309639,0.950854,625.0,6.448,3.591,7.719,72.5,2.152,43.6,43.6,1,0,1,0,1,0,0,0,0
DATA,1838000,-0.309501,0.950899,625.0,6.449,3.591,7.720,72.5,2.152,43.6,43.6,1,0,1,0,1,0,0,0,0
DATA,1840000,-0.309363,0.950944,625.8,6.448,3.591,7.720,72.5,2.152,43.6,43.6,1,0,1,0,1,0,0,0,0
DATA,1842000,-0.309225,0.950989,625.8,6.449,3.591,7.719,72.4,2.152,43.6,43.6,1,0,1,0,1,0,0,0,0
DATA,1844000,-0.309086,0.951034,625.0,6.451,3.591,7.720,72.5,2.152,43.6,43.6,1,0,1,0,1,0,0,0,0
DATA,1846000,-0.308948,0.951079,625.0,6.450,3.591,7.719,72.5,2.152,43.6,43.6,1,0,1,0,1,0,0,0,0
DATA,1848000,-0.308810,0.951124,625.8,6.452,3.591,7.718,72.4,2.152,43.6,43.6,1,0,1,0,1,0,0,0,0
DATA,1850000,-0.308670,0.951169,625.0,6.455,3.591,7.719,72.4,2.152,43.6,43.6,1,0,1,0,1,0,0,0,0
DATA,1852000,-0.308533,0.951214,625.0,6.455,3.591,7.719,72.4,2.152,43.6,43.2,1,0,1,0,1,0,0,0,0
DATA,1854000,-0.308394,0.951259,625.0,6.455,3.591,7.718,72.3,2.152,43.6,43.2,1,0,1,0,1,0,0,0,0
DATA,1856000,-0.308256,0.951303,625.8,6.455,3.591,7.718,72.4,2.152,43.6,43.2,1,0,1,0,1,0,0,0,0
DATA,1858000,-0.308117,0.951348,625.0,6.451,3.591,7.720,72.5,2.152,43.6,43.2,1,0,1,0,1,0,0,0,0
DATA,1860000,-0.307979,0.951393,625.8,6.451,3.591,7.716,72.3,2.152,43.6,43.2,1,0,1,0,1,0,0,0,0
DATA,1862000,-0.307841,0.951438,625.8,6.451,3.591,7.719,72.4,2.152,43.5,43.2,1,0,1,0,1,0,0,0,0
DATA,1864000,-0.307703,0.951483,625.0,6.451,3.591,7.718,72.4,2.152,43.6,43.2,1,0,1,0,1,0,0,0,0
DATA,1866000,-0.307564,0.951528,625.0,6.448,3.591,7.718,72.4,2.152,43.6,43.2,1,0,1,0,1,0,0,0,0
DATA,1868000,-0.307426,0.951572,617.5,6.439,3.591,7.719,72.4,2.152,43.6,43.2,1,0,1,0,1,0,0,0,0
DATA,1870000,-0.307287,0.951617,278.3,6.317,3.573,7.717,72.3,2.134,43.1,43.2,1,0,1,0,1,0,0,0,0
DATA,1872000,-0.307149,0.951662,309.2,5.444,2.679,7.668,69.2,1.858,43.2,43.2,0,1,1,0,1,0,0,0,0
DATA,1874000,-0.307010,0.951706,333.3,4.647,1.781,7.637,67.3,1.839,43.2,43.2,0,1,1,0,1,0,0,0,0
DATA,1876000,-0.306872,0.951751,337.5,3.894,0.884,7.636,67.2,1.821,43.2,43.2,0,1,1,0,1,0,0,0,0
DATA,1878000,-0.306734,0.951795,335.8,3.263,0.004,7.634,67.1,1.820,43.2,43.2,0,1,1,0,1,0,0,0,0
DATA,1880000,-0.306595,0.951840,305.0,3.342,0.000,7.633,67.1,2.077,43.2,43.2,0,1,1,0,1,0,0,0,0
DATA,1882000,-0.306456,0.951885,304.2,3.310,0.000,7.630,66.9,2.077,43.1,43.2,0,1,1,0,1,0,0,0,0
DATA,1884000,-0.306318,0.951929,306.7,3.235,0.000,7.631,67.0,2.077,43.2,43.2,0,1,1,0,1,0,0,0,0
DATA,1886000,-0.306180,0.951974,336.7,3.205,0.000,7.630,66.9,2.077,43.2,43.2,0,1,1,0,1,0,0,0,0
DATA,1888000,-0.306041,0.952018,340.0,3.242,0.000,7.629,66.8,2.077,43.2,43.2,0,1,1,0,1,0,0,0,0
DATA,1890000,-0.305902,0.952063,339.2,3.326,0.000,7.626,66.6,2.077,43.1,43.2,0,1,1,0,1,0,0,0,0
DATA,1892000,-0.305764,0.952107,339.2,3.414,0.000,7.627,66.7,2.077,43.2,43.2,0,1,1,0,1,0,0,0,0
DATA,1894000,-0.305626,0.952152,337.5,3.443,0.000,7.627,66.7,2.077,43.1,43.2,0,1,1,0,1,0,0,0,0
DATA,1896000,-0.305488,0.952196,337.5,3.450,0.000,7.626,66.6,2.077,43.2,43.2,0,1,1,0,1,0,0,0,0
DATA,1898000,-0.305349,0.952241,338.3,3.445,0.000,7.625,66.6,2.077,43.1,43.2,0,1,1,0,1,0,0,0,0
DATA,1900000,-0.305211,0.952285,338.3,3.443,0.000,7.626,66.6,2.077,43.1,43.2,0,1,1,0,1,0,0,0,0
DATA,1902000,-0.305072,0.952329,338.3,3.444,0.000,7.623,66.4,2.077,43.1,43.2,0,1,1,0,1,0,0,0,0
DATA,1904000,-0.304934,0.952374,336.7,3.447,0.000,7.625,66.6,2.077,43.1,43.2,0,1,1,0,1,0,0,0,0
DATA,1906000,-0.304795,0.952418,336.7,3.447,0.000,7.625,66.5,2.077,43.1,43.2,0,1,1,0,1,0,0,0,0
DATA,1908000,-0.304657,0.952462,337.5,3.440,0.000,7.623,66.4,2.077,43.1,43.2,0,1,1,0,1,0,0,0,0
DATA,1910000,-0.304518,0.952507,337.5,3.436,0.000,7.623,66.4,2.077,43.1,43.2,0,1,1,0,1,0,0,0,0
DATA,1912000,-0.304379,0.952551,339.2,3.434,0.000,7.618,66.1,2.077,43.1,43.2,0,1,1,0,1,0,0,0,0
DATA,1914000,-0.304240,0.952595,336.7,3.440,0.000,7.620,66.2,2.076,43.1,43.2,0,1,1,0,1,0,0,0,0
DATA,1916000,-0.304102,0.952640,324.2,3.444,0.000,7.619,66.2,2.076,43.2,43.2,0,1,1,0,1,0,0,0,0
DATA,1918000,-0.303964,0.952684,319.2,3.404,0.000,7.621,66.3,2.076,43.1,43.2,0,1,1,0,1,0,0,0,0
DATA,1920000,-0.303825,0.952728,334.2,3.360,0.000,7.619,66.2,2.076,43.1,43.2,0,1,1,0,1,0,0,0,0
DATA,1922000,-0.303686,0.952772,335.0,3.349,0.000,7.619,66.2,2.077,43.1,43.2,0,1,1,0,1,0,0,0,0
DATA,1924000,-0.303548,0.952816,326.7,3.330,0.000,7.622,66.3,2.077,43.1,43.2,0,1,1,0,0,0,0,0,0
DATA,1926000,-0.303410,0.952860,329.2,3.352,0.000,7.632,67.0,2.003,43.1,43.2,0,1,1,1,1,0,0,0,0
DATA,1928000,-0.303271,0.952904,338.3,3.372,0.000,7.583,63.9,2.181,43.2,43.2,0,1,1,1,1,0,0,0,0
DATA,1930000,-0.303132,0.952949,337.5,3.373,0.000,7.582,63.9,2.366,43.1,43.2,0,1,1,1,1,0,0,0,0
DATA,1932000,-0.302993,0.952993,318.3,3.366,0.000,7.581,63.8,2.552,43.1,43.2,0,1,1,1,1,0,0,0,0
DATA,1934000,-0.302855,0.953037,320.0,3.331,0.000,7.581,63.8,2.811,43.1,43.2,0,1,1,1,1,0,0,0,0
DATA,1936000,-0.302717,0.953081,318.3,3.300,0.000,7.580,63.8,2.817,43.1,43.2,0,1,1,1,1,0,0,0,0
DATA,1938000,-0.302577,0.953125,340.8,3.243,0.000,7.578,63.7,2.818,43.1,43.2,0,1,1,1,1,0,0,0,0
DATA,1940000,-0.302439,0.953169,342.5,3.254,0.000,7.579,63.7,2.818,43.1,43.2,0,1,1,1,1,0,0,0,0
DATA,1942000,-0.302301,0.953213,342.5,3.310,0.000,7.578,63.6,2.819,43.1,43.2,0,1,1,1,1,0,0,0,0
DATA,1944000,-0.302162,0.953257,343.3,3.369,0.000,7.576,63.5,2.819,43.1,43.2,0,1,1,1,1,0,0,0,0
DATA,1946000,-0.302023,0.953301,342.5,3.435,0.000,7.570,63.1,2.818,43.1,43.2,0,1,1,1,1,0,0,0,0
DATA,1948000,-0.301884,0.953345,343.3,3.453,0.000,7.573,63.3,2.819,43.1,43.2,0,1,1,1,1,0,0,0,0
DATA,1950000,-0.301746,0.953388,342.5,3.456,0.000,7.571,63.2,2.818,43.1,43.2,0,1,1,1,1,0,0,0,0
DATA,1952000,-0.301607,0.953432,343.3,3.456,0.000,7.576,63.5,2.820,43.1,43.2,0,1,1,1,1,0,0,0,0
DATA,1954000,-0.301468,0.953476,343.3,3.454,0.000,7.575,63.5,2.821,43.1,43.2,0,1,1,1,1,0,0,0,0
DATA,1956000,-0.301330,0.953520,343.3,3.454,0.000,7.575,63.5,2.821,43.1,43.2,0,1,1,1,1,0,0,0,0
DATA,1958000,-0.301191,0.953564,343.3,3.452,0.000,7.574,63.3,2.821,43.1,43.2,0,1,1,1,1,0,0,0,0
DATA,1960000,-0.301053,0.953607,343.3,3.452,0.000,7.573,63.3,2.820,43.1,43.2,0,1,1,1,1,0,0,0,0
DATA,1962000,-0.300914,0.953651,343.3,3.453,0.000,7.572,63.3,2.820,43.1,43.2,0,1,1,1,1,0,0,0,0
DATA,1964000,-0.300775,0.953695,343.3,3.452,0.000,7.573,63.3,2.821,43.1,43.2,0,1,1,1,1,0,0,0,0
DATA,1966000,-0.300637,0.953739,343.3,3.451,0.000,7.572,63.3,2.821,43.1,43.2,0,1,1,1,1,0,0,0,0
DATA,1968000,-0.300497,0.953783,343.3,3.449,0.000,7.573,63.3,2.822,43.1,43.2,0,1,1,1,1,0,0,0,0
DATA,1970000,-0.300359,0.953826,343.3,3.448,0.000,7.573,63.3,2.822,43.1,43.2,0,1,1,1,1,0,0,0,0
DATA,1972000,-0.300220,0.953870,343.3,3.447,0.000,7.573,63.3,2.823,43.1,43.2,0,1,1,1,1,0,0,0,0
DATA,1974000,-0.300082,0.953914,343.3,3.446,0.000,7.572,63.2,2.824,43.1,43.2,0,1,1,1,1,0,0,0,0
DATA,1976000,-0.299942,0.953957,343.3,3.446,0.000,7.571,63.2,2.824,43.1,43.2,0,1,1,1,1,0,0,0,0
DATA,1978000,-0.299804,0.954001,343.3,3.446,0.000,7.571,63.2,2.824,43.1,43.2,0,1,1,1,1,0,0,0,0
DATA,1980000,-0.299665,0.954044,343.3,3.447,0.000,7.570,63.1,2.824,43.1,43.2,0,1,1,1,1,0,0,0,0
DATA,1982000,-0.299527,0.954088,343.3,3.449,0.000,7.571,63.2,2.824,43.1,43.2,0,1,1,1,1,0,0,0,0
DATA,1984000,-0.299387,0.954132,343.3,3.450,0.000,7.571,63.2,2.824,43.1,43.2,0,1,1,1,1,0,0,0,0
DATA,1986000,-0.299249,0.954175,343.3,3.450,0.000,7.571,63.2,2.824,43.1,42.8,0,1,1,1,1,0,0,0,0
DATA,1988000,-0.299110,0.954219,343.3,3.452,0.000,7.569,63.1,2.824,43.1,42.8,0,1,1,1,1,0,0,0,0
DATA,1990000,-0.298971,0.954262,343.3,3.451,0.000,7.568,63.0,2.824,43.1,42.8,0,1,1,1,1,0,0,0,0
DATA,1992000,-0.298832,0.954306,343.3,3.452,0.000,7.569,63.1,2.824,43.1,42.8,0,1,1,1,1,0,0,0,0
DATA,1994000,-0.298694,0.954349,343.3,3.452,0.000,7.569,63.0,2.824,43.1,42.8,0,1,1,1,1,0,0,0,0
DATA,1996000,-0.298555,0.954392,343.3,3.452,0.000,7.568,63.0,2.825,43.1,42.8,0,1,1,1,1,0,0,0,0
DATA,1998000,-0.298416,0.954436,343.3,3.452,0.000,7.568,63.0,2.825,43.1,42.8,0,1,1,1,1,0,0,0,0
DATA,2000000,-0.298277,0.954479,343.3,3.452,0.000,7.568,63.0,2.825,43.1,42.8,0,1,1,1,1,0,0,0,0
DATA,2002000,-0.298138,0.954523,343.3,3.452,0.000,7.568,63.0,2.825,43.1,42.8,0,1,1,1,1,0,0,0,0
DATA,2004000,-0.298000,0.954566,343.3,3.451,0.000,7.568,63.0,2.824,43.1,42.8,0,1,1,1,1,0,0,0,0
DATA,2006000,-0.297861,0.954609,343.3,3.452,0.000,7.568,63.0,2.824,43.1,42.8,0,1,1,1,1,0,0,0,0
DATA,2008000,-0.297722,0.954653,343.3,3.453,0.000,7.566,62.9,2.824,43.1,42.8,0,1,1,1,1,0,0,0,0
DATA,2010000,-0.297583,0.954696,343.3,3.454,0.000,7.566,62.9,2.824,43.1,42.8,0,1,1,1,1,0,0,0,0
DATA,2012000,-0.297444,0.954739,343.3,3.453,0.000,7.566,62.9,2.825,43.1,42.8,0,1,1,1,1,0,0,0,0
DATA,2014000,-0.297305,0.954782,343.3,3.454,0.000,7.565,62.8,2.825,43.1,42.8,0,1,1,1,1,0,0,0,0
DATA,2016000,-0.297166,0.954826,343.3,3.452,0.000,7.566,62.9,2.825,43.1,42.8,0,1,1,1,1,0,0,0,0
DATA,2018000,-0.297028,0.954869,343.3,3.450,0.000,7.565,62.8,2.826,43.0,42.8,0,1,1,1,1,0,0,0,0
DATA,2020000,-0.296888,0.954912,343.3,3.451,0.000,7.563,62.7,2.825,43.1,42.8,0,1,1,1,1,0,0,0,0
DATA,2022000,-0.296750,0.954955,343.3,3.451,0.000,7.563,62.7,2.826,43.1,42.8,0,1,1,1,1,0,0,0,0
DATA,2024000,-0.296611,0.954999,343.3,3.452,0.000,7.564,62.8,2.825,43.1,42.8,0,1,1,1,1,0,0,0,0
DATA,2026000,-0.296472,0.955042,343.3,3.451,0.000,7.563,62.7,2.825,43.1,42.8,0,1,1,1,1,0,0,0,0
DATA,2028000,-0.296333,0.955085,343.3,3.449,0.000,7.564,62.7,2.825,43.1,42.8,0,1,1,1,1,0,0,0,0
DATA,2030000,-0.296194,0.955128,343.3,3.450,0.000,7.563,62.7,2.825,43.1,42.8,0,1,1,1,1,0,0,0,0
DATA,2032000,-0.296055,0.955171,343.3,3.449,0.000,7.564,62.8,2.827,43.1,42.8,0,1,1,1,1,0,0,0,0
DATA,2034000,-0.295916,0.955214,343.3,3.450,0.000,7.563,62.7,2.828,43.1,42.8,0,1,1,1,1,0,0,0,0
DATA,2036000,-0.295777,0.955257,343.3,3.450,0.000,7.564,62.8,2.829,43.1,42.8,0,1,1,1,1,0,0,0,0
DATA,2038000,-0.295639,0.955300,343.3,3.450,0.000,7.563,62.7,2.829,43.1,42.8,0,1,1,1,1,0,0,0,0
DATA,2040000,-0.295499,0.955343,343.3,3.450,0.000,7.562,62.6,2.828,43.1,42.8,0,1,1,1,1,0,0,0,0
DATA,2042000,-0.295360,0.955386,343.3,3.450,0.000,7.563,62.7,2.828,43.0,42.8,0,1,1,1,1,0,0,0,0
DATA,2044000,-0.295221,0.955429,343.3,3.449,0.000,7.562,62.6,2.828,43.1,42.8,0,1,1,1,1,0,0,0,0
DATA,2046000,-0.295083,0.955472,343.3,3.448,0.000,7.561,62.6,2.829,43.1,42.8,0,1,1,1,1,0,0,0,0
DATA,2048000,-0.294943,0.955515,343.3,3.448,0.000,7.561,62.5,2.830,43.0,42.8,0,1,1,1,1,0,0,0,0
DATA,2050000,-0.294804,0.955558,343.3,3.449,0.000,7.560,62.5,2.830,43.0,42.8,0,1,1,1,1,0,0,0,0
DATA,2052000,-0.294666,0.955600,343.3,3.450,0.000,7.561,62.6,2.830,43.0,42.8,0,1,1,1,1,0,0,0,0
DATA,2054000,-0.294527,0.955643,344.2,3.450,0.000,7.561,62.5,2.830,43.0,42.8,0,1,1,1,1,0,0,0,0
DATA,2056000,-0.294388,0.955686,343.3,3.451,0.000,7.560,62.5,2.830,43.0,42.8,0,1,1,1,1,0,0,0,0
DATA,2058000,-0.294249,0.955729,343.3,3.450,0.000,7.560,62.5,2.830,43.1,42.8,0,1,1,1,1,0,0,0,0
DATA,2060000,-0.294110,0.955772,343.3,3.450,0.000,7.559,62.4,2.830,43.0,42.8,0,1,1,1,1,0,0,0,0
DATA,2062000,-0.293971,0.955814,343.3,3.451,0.000,7.560,62.5,2.830,43.0,42.8,0,1,1,1,1,0,0,0,0
DATA,2064000,-0.293832,0.955857,343.3,3.452,0.000,7.559,62.5,2.830,43.0,42.8,0,1,1,1,1,0,0,0,0
DATA,2066000,-0.293692,0.955900,343.3,3.453,0.000,7.560,62.5,2.830,43.0,42.8,0,1,1,1,1,0,0,0,0
DATA,2068000,-0.293553,0.955943,343.3,3.453,0.000,7.559,62.5,2.830,43.0,42.8,0,1,1,1,1,0,0,0,0
DATA,2070000,-0.293415,0.955985,343.3,3.453,0.000,7.559,62.4,2.830,43.0,42.8,0,1,1,1,1,0,0,0,0
DATA,2072000,-0.293275,0.956028,343.3,3.453,0.000,7.560,62.5,2.830,43.0,42.8,0,1,1,1,1,0,0,0,0
DATA,2074000,-0.293136,0.956071,343.3,3.454,0.000,7.557,62.3,2.830,43.0,42.8,0,1,1,1,1,0,0,0,0
DATA,2076000,-0.292998,0.956113,343.3,3.455,0.000,7.557,62.3,2.830,43.0,42.8,0,1,1,1,1,0,0,0,0
DATA,2078000,-0.292859,0.956156,343.3,3.454,0.000,7.558,62.4,2.830,43.1,42.8,0,1,1,1,1,0,0,0,0
DATA,2080000,-0.292719,0.956198,343.3,3.455,0.000,7.557,62.3,2.830,43.0,42.8,0,1,1,1,1,0,0,0,0
DATA,2082000,-0.292580,0.956241,343.3,3.454,0.000,7.556,62.2,2.830,43.0,42.8,0,1,1,1,1,0,0,0,0
DATA,2084000,-0.292442,0.956283,344.2,3.456,0.000,7.556,62.3,2.830,43.0,42.8,0,1,1,1,1,0,0,0,0
DATA,2086000,-0.292302,0.956326,343.3,3.456,0.000,7.557,62.3,2.830,43.0,42.8,0,1,1,1,1,0,0,0,0
DATA,2088000,-0.292163,0.956369,344.2,3.456,0.000,7.556,62.3,2.830,43.0,42.8,0,1,1,1,1,0,0,0,0
DATA,2090000,-0.292024,0.956411,343.3,3.458,0.000,7.557,62.3,2.830,43.0,42.8,0,1,1,1,1,0,0,0,0
DATA,2092000,-0.291885,0.956453,343.3,3.457,0.000,7.556,62.2,2.830,43.0,42.8,0,1,1,1,1,0,0,0,0
DATA,2094000,-0.291745,0.956496,343.3,3.457,0.000,7.554,62.1,2.830,43.0,42.8,0,1,1,1,1,0,0,0,0
DATA,2096000,-0.291606,0.956538,343.3,3.456,0.000,7.555,62.2,2.830,43.0,42.8,0,1,1,1,1,0,0,0,0
DATA,2098000,-0.291467,0.956581,343.3,3.456,0.000,7.555,62.2,2.830,43.0,42.8,0,1,1,1,1,0,0,0,0
DATA,2100000,-0.291329,0.956623,343.3,3.457,0.000,7.553,62.1,2.830,43.0,42.8,0,1,1,1,1,0,0,0,0
DATA,2102000,-0.291189,0.956666,343.3,3.457,0.000,7.555,62.2,2.830,43.0,42.8,0,1,1,1,1,0,0,0,0
DATA,2104000,-0.291050,0.956708,343.3,3.456,0.000,7.554,62.1,2.830,43.0,42.8,0,1,1,1,1,0,0,0,0
DATA,2106000,-0.290911,0.956750,343.3,3.457,0.000,7.553,62.1,2.830,43.0,42.8,0,1,1,1,1,0,0,0,0
DATA,2108000,-0.290772,0.956792,343.3,3.453,0.000,7.553,62.0,2.830,43.0,42.8,0,1,1,1,1,0,0,0,0
DATA,2110000,-0.290632,0.956835,343.3,3.453,0.000,7.553,62.1,2.830,43.0,42.8,0,1,1,1,1,0,0,0,0
DATA,2112000,-0.290493,0.956877,344.2,3.453,0.000,7.553,62.1,2.830,43.0,42.8,0,1,1,1,1,0,0,0,0
DATA,2114000,-0.290354,0.956919,343.3,3.451,0.000,7.553,62.1,2.830,43.0,42.4,0,1,1,1,1,0,0,0,0
DATA,2116000,-0.290215,0.956961,344.2,3.450,0.000,7.554,62.1,2.830,43.0,42.4,0,1,1,1,1,0,0,0,0
DATA,2118000,-0.290075,0.957004,344.2,3.449,0.000,7.553,62.1,2.830,43.0,42.4,0,1,1,1,1,0,0,0,0
DATA,2120000,-0.289937,0.957046,343.3,3.451,0.000,7.553,62.0,2.830,43.0,42.4,0,1,1,1,1,0,0,0,0
DATA,2122000,-0.289797,0.957088,344.2,3.451,0.000,7.552,62.0,2.830,43.0,42.4,0,1,1,1,1,0,0,0,0
DATA,2124000,-0.289658,0.957130,343.3,3.451,0.000,7.553,62.0,2.830,43.0,42.4,0,1,1,1,1,0,0,0,0
DATA,2126000,-0.289519,0.957172,343.3,3.450,0.000,7.553,62.0,2.830,43.0,42.4,0,1,1,1,1,0,0,0,0
DATA,2128000,-0.289380,0.957214,344.2,3.447,0.000,7.552,62.0,2.830,43.0,42.4,0,1,1,1,1,0,0,0,0
DATA,2130000,-0.289240,0.957257,343.3,3.448,0.000,7.552,62.0,2.830,43.0,42.4,0,1,1,1,1,0,0,0,0
DATA,2132000,-0.289101,0.957298,343.3,3.447,0.000,7.551,61.9,2.830,43.0,42.4,0,1,1,1,1,0,0,0,0
DATA,2134000,-0.288962,0.957341,343.3,3.447,0.000,7.551,61.9,2.830,43.0,42.4,0,1,1,1,1,0,0,0,0
DATA,2136000,-0.288823,0.957383,343.3,3.447,0.000,7.551,61.9,2.830,43.0,42.4,0,1,1,1,1,0,0,0,0
DATA,2138000,-0.288683,0.957425,344.2,3.446,0.000,7.552,62.0,2.830,43.0,42.4,0,1,1,1,1,0,0,0,0
DATA,2140000,-0.288544,0.957466,343.3,3.447,0.000,7.550,61.9,2.830,43.0,42.4,0,1,1,1,1,0,0,0,0
DATA,2142000,-0.288405,0.957509,343.3,3.448,0.000,7.551,61.9,2.830,43.0,42.4,0,1,1,1,1,0,0,0,0
DATA,2144000,-0.288266,0.957550,343.3,3.448,0.000,7.552,62.0,2.830,43.0,42.4,0,1,1,1,1,0,0,0,0
DATA,2146000,-0.288126,0.957592,343.3,3.448,0.000,7.551,61.9,2.830,43.0,42.4,0,1,1,1,1,0,0,0,0
DATA,2148000,-0.287987,0.957634,343.3,3.447,0.000,7.551,61.9,2.830,43.0,42.4,0,1,1,1,1,0,0,0,0
DATA,2150000,-0.287848,0.957676,343.3,3.446,0.000,7.550,61.9,2.830,43.0,42.4,0,1,1,1,1,0,0,0,0
DATA,2152000,-0.287708,0.957718,343.3,3.449,0.000,7.549,61.8,2.830,43.0,42.4,0,1,1,1,1,0,0,0,0
DATA,2154000,-0.287569,0.957760,343.3,3.450,0.000,7.550,61.9,2.830,43.0,42.4,0,1,1,1,1,0,0,0,0
DATA,2156000,-0.287430,0.957802,343.3,3.451,0.000,7.549,61.8,2.830,43.0,42.4,0,1,1,1,1,0,0,0,0
DATA,2158000,-0.287291,0.957843,343.3,3.452,0.000,7.550,61.9,2.830,43.0,42.4,0,1,1,1,1,0,0,0,0
DATA,2160000,-0.287151,0.957885,343.3,3.449,0.000,7.548,61.8,2.830,43.0,42.4,0,1,1,1,1,0,0,0,0
DATA,2162000,-0.287012,0.957927,343.3,3.449,0.000,7.549,61.8,2.830,43.0,42.4,0,1,1,1,1,0,0,0,0
DATA,2164000,-0.286873,0.957969,343.3,3.448,0.000,7.548,61.7,2.830,43.0,42.4,0,1,1,1,1,0,0,0,0
DATA,2166000,-0.286733,0.958010,343.3,3.449,0.000,7.548,61.8,2.830,43.0,42.4,0,1,1,1,1,0,0,0,0
DATA,2168000,-0.286594,0.958052,343.3,3.451,0.000,7.546,61.6,2.830,43.0,42.4,0,1,1,1,1,0,0,0,0
DATA,2170000,-0.286455,0.958094,343.3,3.452,0.000,7.547,61.7,2.830,43.0,42.4,0,1,1,1,1,0,0,0,0
DATA,2172000,-0.286316,0.958135,343.3,3.453,0.000,7.548,61.7,2.830,43.0,42.4,0,1,1,1,1,0,0,0,0
DATA,2174000,-0.286176,0.958177,343.3,3.453,0.000,7.547,61.7,2.830,43.0,42.4,0,1,1,1,1,0,0,0,0
DATA,2176000,-0.286037,0.958219,343.3,3.452,0.000,7.547,61.7,2.830,43.0,42.4,0,1,1,1,1,0,0,0,0
DATA,2178000,-0.285897,0.958260,343.3,3.452,0.000,7.548,61.7,2.830,43.0,42.4,0,1,1,1,1,0,0,0,0
DATA,2180000,-0.285758,0.958302,343.3,3.452,0.000,7.546,61.6,2.830,43.0,42.4,0,1,1,1,1,0,0,0,0
DATA,2182000,-0.285618,0.958343,343.3,3.452,0.000,7.547,61.7,2.830,43.0,42.4,0,1,1,1,1,0,0,0,0
DATA,2184000,-0.285479,0.958385,343.3,3.453,0.000,7.546,61.6,2.830,43.0,42.4,0,1,1,1,1,0,0,0,0
DATA,2186000,-0.285340,0.958426,343.3,3.453,0.000,7.545,61.6,2.830,43.0,42.4,0,1,1,1,1,0,0,0,0
DATA,2188000,-0.285201,0.958468,343.3,3.452,0.000,7.546,61.7,2.830,43.0,42.4,0,1,1,1,1,0,0,0,0
DATA,2190000,-0.285061,0.958509,343.3,3.453,0.000,7.545,61.6,2.830,43.0,42.4,0,1,1,1,1,0,0,0,0
DATA,2192000,-0.284921,0.958551,343.3,3.453,0.000,7.544,61.5,2.830,43.0,42.4,0,1,1,1,1,0,0,0,0
DATA,2194000,-0.284782,0.958592,343.3,3.454,0.000,7.544,61.5,2.830,43.0,42.4,0,1,1,1,1,0,0,0,0
DATA,2196000,-0.284643,0.958634,343.3,3.452,0.000,7.545,61.6,2.830,43.0,42.4,0,1,1,1,1,0,0,0,0
DATA,2198000,-0.284503,0.958675,343.3,3.451,0.000,7.544,61.5,2.830,43.0,42.4,0,1,1,1,1,0,0,0,0
DATA,2200000,-0.284364,0.958716,343.3,3.451,0.000,7.544,61.5,2.830,43.0,42.4,0,1,1,1,1,0,0,0,0
DATA,2202000,-0.284224,0.958758,343.3,3.449,0.000,7.544,61.5,2.830,43.0,42.4,0,1,1,1,1,0,0,0,0
DATA,2204000,-0.284084,0.958799,343.3,3.450,0.000,7.545,61.5,2.830,43.0,42.4,0,1,1,1,1,0,0,0,0
DATA,2206000,-0.283946,0.958840,343.3,3.451,0.000,7.545,61.6,2.830,43.0,42.4,0,1,1,1,1,0,0,0,0
DATA,2208000,-0.283806,0.958882,343.3,3.449,0.000,7.544,61.5,2.830,43.0,42.4,0,1,1,1,1,0,0,0,0
DATA,2210000,-0.283667,0.958923,343.3,3.448,0.000,7.543,61.4,2.830,43.0,42.4,0,1,1,1,1,0,0,0,0
DATA,2212000,-0.283527,0.958964,343.3,3.448,0.000,7.544,61.5,2.830,43.0,42.4,0,1,1,1,1,0,0,0,0
DATA,2214000,-0.283388,0.959005,343.3,3.447,0.000,7.545,61.6,2.830,43.0,42.4,0,1,1,1,1,0,0,0,0
DATA,2216000,-0.283248,0.959047,343.3,3.449,0.000,7.545,61.5,2.830,43.0,42.4,0,1,1,1,1,0,0,0,0
DATA,2218000,-0.283109,0.959088,343.3,3.450,0.000,7.544,61.5,2.830,43.0,42.4,0,1,1,1,1,0,0,0,0
DATA,2220000,-0.282969,0.959129,343.3,3.452,0.000,7.544,61.5,2.830,43.0,42.4,0,1,1,1,1,0,0,0,0
DATA,2222000,-0.282830,0.959170,343.3,3.453,0.000,7.543,61.4,2.830,43.0,42.4,0,1,1,1,1,0,0,0,0
DATA,2224000,-0.282690,0.959211,343.3,3.452,0.000,7.543,61.5,2.830,43.0,42.4,0,1,1,1,1,0,0,0,0
DATA,2226000,-0.282551,0.959252,343.3,3.452,0.000,7.543,61.4,2.830,43.0,42.4,0,1,1,1,1,0,0,0,0
DATA,2228000,-0.282411,0.959294,343.3,3.451,0.000,7.542,61.4,2.830,43.0,42.4,0,1,1,1,1,0,0,0,0
DATA,2230000,-0.282272,0.959334,343.3,3.449,0.000,7.541,61.3,2.830,43.0,42.4,0,1,1,1,1,0,0,0,0
DATA,2232000,-0.282132,0.959376,343.3,3.449,0.000,7.541,61.3,2.830,43.0,42.4,0,1,1,1,1,0,0,0,0
DATA,2234000,-0.281993,0.959417,343.3,3.451,0.000,7.541,61.3,2.830,43.0,42.4,0,1,1,1,1,0,0,0,0
DATA,2236000,-0.281853,0.959458,343.3,3.451,0.000,7.540,61.3,2.830,43.0,42.4,0,1,1,1,1,0,0,0,0
DATA,2238000,-0.281714,0.959499,343.3,3.451,0.000,7.542,61.4,2.830,43.0,42.0,0,1,1,1,1,0,0,0,0
DATA,2240000,-0.281574,0.959540,343.3,3.452,0.000,7.539,61.2,2.830,43.0,42.0,0,1,1,1,1,0,0,0,0
DATA,2242000,-0.281434,0.959580,343.3,3.453,0.000,7.540,61.3,2.830,43.0,42.0,0,1,1,1,1,0,0,0,0
DATA,2244000,-0.281294,0.959621,343.3,3.453,0.000,7.541,61.3,2.830,43.0,42.0,0,1,1,1,1,0,0,0,0
DATA,2246000,-0.281155,0.959662,343.3,3.453,0.000,7.541,61.3,2.830,43.0,42.0,0,1,1,1,1,0,0,0,0
DATA,2248000,-0.281015,0.959703,343.3,3.453,0.000,7.541,61.3,2.830,43.0,42.0,0,1,1,1,1,0,0,0,0
DATA,2250000,-0.280876,0.959744,343.3,3.452,0.000,7.540,61.2,2.830,43.0,42.0,0,1,1,1,1,0,0,0,0
DATA,2252000,-0.280736,0.959785,343.3,3.451,0.000,7.541,61.3,2.830,43.0,42.0,0,1,1,1,1,0,0,0,0
DATA,2254000,-0.280597,0.959826,343.3,3.451,0.000,7.539,61.2,2.830,43.0,42.0,0,1,1,1,1,0,0,0,0
DATA,2256000,-0.280457,0.959867,343.3,3.451,0.000,7.541,61.3,2.830,43.0,42.0,0,1,1,1,1,0,0,0,0
DATA,2258000,-0.280318,0.959907,343.3,3.451,0.000,7.540,61.3,2.830,43.0,42.0,0,1,1,1,1,0,0,0,0
DATA,2260000,-0.280178,0.959948,343.3,3.453,0.000,7.540,61.2,2.830,43.0,42.0,0,1,1,1,1,0,0,0,0
DATA,2262000,-0.280039,0.959989,343.3,3.454,0.000,7.538,61.1,2.830,43.0,42.0,0,1,1,1,1,0,0,0,0
DATA,2264000,-0.279898,0.960030,343.3,3.453,0.000,7.539,61.2,2.830,43.0,42.0,0,1,1,1,1,0,0,0,0
DATA,2266000,-0.279759,0.960070,343.3,3.452,0.000,7.539,61.2,2.830,43.0,42.0,0,1,1,1,1,0,0,0,0
DATA,2268000,-0.279619,0.960111,343.3,3.451,0.000,7.539,61.2,2.830,43.0,42.0,0,1,1,1,1,0,0,0,0
DATA,2270000,-0.279480,0.960152,343.3,3.451,0.000,7.538,61.2,2.830,43.0,42.0,0,1,1,1,1,0,0,0,0
DATA,2272000,-0.279340,0.960192,343.3,3.451,0.000,7.539,61.2,2.830,43.0,42.0,0,1,1,1,1,0,0,0,0
DATA,2274000,-0.279201,0.960233,343.3,3.450,0.000,7.538,61.1,2.831,42.9,42.0,0,1,1,1,1,0,0,0,0
DATA,2276000,-0.279061,0.960274,343.3,3.451,0.000,7.537,61.1,2.831,43.0,42.0,0,1,1,1,1,0,0,0,0
DATA,2278000,-0.278921,0.960314,343.3,3.450,0.000,7.537,61.1,2.831,43.0,42.0,0,1,1,1,1,0,0,0,0
DATA,2280000,-0.278781,0.960355,343.3,3.450,0.000,7.537,61.1,2.831,42.9,42.0,0,1,1,1,1,0,0,0,0
DATA,2282000,-0.278642,0.960395,343.3,3.451,0.000,7.538,61.1,2.830,43.0,42.0,0,1,1,1,1,0,0,0,0
DATA,2284000,-0.278502,0.960436,343.3,3.451,0.000,7.536,61.0,2.830,43.0,42.0,0,1,1,1,1,0,0,0,0
DATA,2286000,-0.278362,0.960476,343.3,3.451,0.000,7.537,61.1,2.830,43.0,42.0,0,1,1,1,1,0,0,0,0
DATA,2288000,-0.278223,0.960517,343.3,3.450,0.000,7.536,61.0,2.830,42.9,42.0,0,1,1,1,1,0,0,0,0
DATA,2290000,-0.278083,0.960557,343.3,3.450,0.000,7.537,61.1,2.830,43.0,42.0,0,1,1,1,1,0,0,0,0
DATA,2292000,-0.277943,0.960598,343.3,3.448,0.000,7.536,61.0,2.831,42.9,42.0,0,1,1,1,1,0,0,0,0
DATA,2294000,-0.277803,0.960638,343.3,3.446,0.000,7.537,61.1,2.831,42.9,42.0,0,1,1,1,1,0,0,0,0
DATA,2296000,-0.277664,0.960678,343.3,3.446,0.000,7.537,61.0,2.831,42.9,42.0,0,1,1,1,1,0,0,0,0
DATA,2298000,-0.277525,0.960719,343.3,3.445,0.000,7.536,61.0,2.832,43.0,42.0,0,1,1,1,1,0,0,0,0
DATA,2300000,-0.277384,0.960759,343.3,3.445,0.000,7.535,60.9,2.831,42.9,42.0,0,1,1,1,1,0,0,0,0
DATA,2302000,-0.277245,0.960799,343.3,3.446,0.000,7.535,61.0,2.831,42.9,42.0,0,1,1,1,1,0,0,0,0
DATA,2304000,-0.277105,0.960840,343.3,3.446,0.000,7.535,60.9,2.831,42.9,42.0,0,1,1,1,1,0,0,0,0
DATA,2306000,-0.276966,0.960880,343.3,3.446,0.000,7.535,60.9,2.830,42.9,42.0,0,1,1,1,1,0,0,0,0
DATA,2308000,-0.276825,0.960920,343.3,3.446,0.000,7.536,61.0,2.831,43.0,42.0,0,1,1,1,1,0,0,0,0
DATA,2310000,-0.276686,0.960961,343.3,3.447,0.000,7.535,60.9,2.832,42.9,42.0,0,1,1,1,1,0,0,0,0
DATA,2312000,-0.276546,0.961001,343.3,3.446,0.000,7.535,60.9,2.832,42.9,42.0,0,1,1,1,1,0,0,0,0
DATA,2314000,-0.276407,0.961041,343.3,3.446,0.000,7.533,60.8,2.832,42.9,42.0,0,1,1,1,1,0,0,0,0
DATA,2316000,-0.276266,0.961081,343.3,3.448,0.000,7.533,60.8,2.831,42.9,42.0,0,1,1,1,1,0,0,0,0
DATA,2318000,-0.276127,0.961121,343.3,3.449,0.000,7.533,60.8,2.830,42.9,42.0,0,1,1,1,1,0,0,0,0
DATA,2320000,-0.275987,0.961161,343.3,3.450,0.000,7.532,60.8,2.831,42.9,42.0,0,1,1,1,1,0,0,0,0
DATA,2322000,-0.275847,0.961202,343.3,3.450,0.000,7.532,60.8,2.832,43.0,42.0,0,1,1,1,1,0,0,0,0
DATA,2324000,-0.275707,0.961242,343.3,3.450,0.000,7.533,60.8,2.832,42.9,42.0,0,1,1,1,1,0,0,0,0
DATA,2326000,-0.275567,0.961282,343.3,3.450,0.000,7.533,60.8,2.832,42.9,42.0,0,1,1,1,1,0,0,0,0
DATA,2328000,-0.275428,0.961322,343.3,3.450,0.000,7.532,60.7,2.832,42.9,42.0,0,1,1,1,1,0,0,0,0
DATA,2330000,-0.275287,0.961362,343.3,3.451,0.000,7.532,60.7,2.831,43.0,42.0,0,1,1,1,1,0,0,0,0
DATA,2332000,-0.275148,0.961402,343.3,3.451,0.000,7.533,60.8,2.832,42.9,42.0,0,1,1,1,1,0,0,0,0
DATA,2334000,-0.275008,0.961442,343.3,3.452,0.000,7.533,60.8,2.832,42.9,42.0,0,1,1,1,1,0,0,0,0
DATA,2336000,-0.274868,0.961482,343.3,3.452,0.000,7.532,60.8,2.831,42.9,42.0,0,1,1,1,1,0,0,0,0
DATA,2338000,-0.274728,0.961522,343.3,3.452,0.000,7.531,60.7,2.831,42.9,42.0,0,1,1,1,1,0,0,0,0
DATA,2340000,-0.274589,0.961562,343.3,3.454,0.000,7.531,60.7,2.830,42.9,42.0,0,1,1,1,1,0,0,0,0
DATA,2342000,-0.274449,0.961602,343.3,3.453,0.000,7.531,60.7,2.830,42.9,42.0,0,1,1,1,1,0,0,0,0
DATA,2344000,-0.274309,0.961642,343.3,3.452,0.000,7.532,60.7,2.830,42.9,42.0,0,1,1,1,1,0,0,0,0
DATA,2346000,-0.274169,0.961682,343.3,3.452,0.000,7.531,60.7,2.830,42.9,42.0,0,1,1,1,1,0,0,0,0
DATA,2348000,-0.274029,0.961721,343.3,3.451,0.000,7.531,60.7,2.830,42.9,42.0,0,1,1,1,1,0,0,0,0
DATA,2350000,-0.273889,0.961761,343.3,3.452,0.000,7.530,60.6,2.830,42.9,42.0,0,1,1,1,1,0,0,0,0
DATA,2352000,-0.273749,0.961801,341.7,3.451,0.000,7.529,60.5,2.830,42.9,42.0,0,1,1,1,1,0,0,0,0
DATA,2354000,-0.273609,0.961841,323.3,3.429,0.000,7.531,60.7,2.831,42.9,42.0,0,1,1,1,1,0,0,0,0
DATA,2356000,-0.273470,0.961881,262.5,3.326,0.000,7.531,60.7,2.831,42.9,41.6,0,1,1,1,1,0,0,0,0
DATA,2358000,-0.273330,0.961920,162.5,3.062,0.000,7.531,60.7,2.831,42.9,41.6,0,1,1,1,1,0,0,0,0
DATA,2360000,-0.273190,0.961960,161.7,2.677,0.000,7.531,60.7,2.831,42.9,41.6,0,1,1,1,1,0,0,0,0
DATA,2362000,-0.273050,0.962000,184.2,2.199,0.000,7.531,60.7,2.830,42.9,41.6,0,1,1,1,1,0,0,0,0
DATA,2364000,-0.272910,0.962040,187.5,1.906,0.000,7.530,60.7,2.830,42.9,41.6,0,1,1,1,1,0,0,0,0
DATA,2366000,-0.272770,0.962079,135.0,1.682,0.000,7.530,60.6,2.830,42.8,41.6,0,1,1,1,1,0,0,0,0
DATA,2368000,-0.272630,0.962119,165.0,1.577,0.000,7.529,60.6,2.830,42.9,41.6,0,1,1,1,1,0,0,0,0
DATA,2370000,-0.272490,0.962159,187.5,1.648,0.000,7.528,60.5,2.830,42.9,41.6,0,1,1,1,1,0,0,0,0
DATA,2372000,-0.272350,0.962198,181.7,1.642,0.000,7.529,60.6,2.830,42.9,41.6,0,1,1,1,1,0,0,0,0
DATA,2374000,-0.272210,0.962238,190.0,1.652,0.000,7.530,60.6,2.830,42.9,41.6,0,1,1,1,1,0,0,0,0
DATA,2376000,-0.272070,0.962277,190.0,1.785,0.000,7.530,60.6,2.830,42.9,41.6,0,1,1,1,1,0,0,0,0
DATA,2378000,-0.271930,0.962317,190.0,1.860,0.000,7.529,60.6,2.830,42.8,41.6,0,1,1,1,1,0,0,0,0
DATA,2380000,-0.271791,0.962356,190.0,1.867,0.000,7.528,60.5,2.830,42.9,41.6,0,1,1,1,1,0,0,0,0
DATA,2382000,-0.271650,0.962396,190.0,1.878,0.000,7.527,60.4,2.830,42.8,41.6,0,1,1,1,1,0,0,0,0
DATA,2384000,-0.271511,0.962435,189.2,1.879,0.000,7.527,60.5,2.830,42.9,41.6,0,1,1,1,1,0,0,0,0
DATA,2386000,-0.271370,0.962475,189.2,1.878,0.000,7.527,60.4,2.830,42.9,41.6,0,1,1,1,1,0,0,0,0
DATA,2388000,-0.271230,0.962515,189.2,1.876,0.000,7.528,60.5,2.830,42.9,41.6,0,1,1,1,1,0,0,0,0
DATA,2390000,-0.271090,0.962554,189.2,1.874,0.000,7.527,60.4,2.830,42.9,41.6,0,1,1,1,1,0,0,0,0
DATA,2392000,-0.270951,0.962593,189.2,1.872,0.000,7.527,60.4,2.830,42.9,41.6,0,1,1,1,1,0,0,0,0
DATA,2394000,-0.270810,0.962633,189.2,1.871,0.000,7.527,60.4,2.830,42.9,41.6,0,1,1,1,1,0,0,0,0
DATA,2396000,-0.270670,0.962672,189.2,1.870,0.000,7.527,60.4,2.830,42.9,41.6,0,1,1,1,1,0,0,0,0
DATA,2398000,-0.270530,0.962712,189.2,1.869,0.000,7.526,60.4,2.830,42.9,41.6,0,1,1,1,1,0,0,0,0
DATA,2400000,-0.270391,0.962751,189.2,1.868,0.000,7.526,60.4,2.830,42.8,41.6,0,1,1,1,1,0,0,0,0
DATA,2402000,-0.270250,0.962790,189.2,1.869,0.000,7.525,60.3,2.830,42.8,41.6,0,1,1,1,1,0,0,0,0
DATA,2404000,-0.270110,0.962829,189.2,1.868,0.000,7.526,60.4,2.830,42.9,41.6,0,1,1,1,1,0,0,0,0
DATA,2406000,-0.269970,0.962869,189.2,1.871,0.000,7.526,60.4,2.830,42.8,41.6,0,1,1,1,1,0,0,0,0
DATA,2408000,-0.269831,0.962908,186.7,1.871,0.000,7.525,60.3,2.830,42.8,41.6,0,1,1,1,1,0,0,0,0
DATA,2410000,-0.269690,0.962947,185.8,1.863,0.000,7.525,60.3,2.830,42.8,41.6,0,1,1,1,1,0,0,0,0
DATA,2412000,-0.269550,0.962986,179.2,1.842,0.000,7.525,60.3,2.830,42.9,41.6,0,1,1,1,1,0,0,0,0
DATA,2414000,-0.269410,0.963026,180.8,1.816,0.000,7.525,60.3,2.830,42.8,41.6,0,1,1,1,1,0,0,0,0
DATA,2416000,-0.269270,0.963065,179.2,1.793,0.000,7.526,60.4,2.830,42.8,41.6,0,1,1,1,1,0,0,0,0
DATA,2418000,-0.269129,0.963104,180.8,1.775,0.000,7.526,60.4,2.830,42.8,41.6,0,1,1,1,1,0,0,0,0
DATA,2420000,-0.268990,0.963143,189.2,1.790,0.000,7.524,60.3,2.830,42.9,41.6,0,1,1,1,1,0,0,0,0
DATA,2422000,-0.268850,0.963182,190.0,1.817,0.000,7.524,60.3,2.831,42.8,41.6,0,1,1,1,1,0,0,0,0
DATA,2424000,-0.268710,0.963221,190.0,1.843,0.000,7.524,60.3,2.831,42.8,41.6,0,1,1,1,1,0,0,0,0
DATA,2426000,-0.268569,0.963260,190.0,1.871,0.000,7.523,60.2,2.831,42.9,41.6,0,1,1,1,1,0,0,0,0
DATA,2428000,-0.268429,0.963299,190.0,1.880,0.000,7.524,60.2,2.831,42.8,41.6,0,1,1,1,1,0,0,0,0
DATA,2430000,-0.268289,0.963338,190.0,1.880,0.000,7.522,60.1,2.830,42.8,41.6,0,1,1,1,1,0,0,0,0
DATA,2432000,-0.268150,0.963377,190.0,1.881,0.000,7.522,60.1,2.830,42.8,41.6,0,1,1,1,1,0,0,0,0
DATA,2434000,-0.268009,0.963417,190.0,1.880,0.000,7.523,60.2,2.830,42.8,41.6,0,1,1,1,1,0,0,0,0
DATA,2436000,-0.267869,0.963455,190.0,1.880,0.000,7.522,60.2,2.830,42.9,41.6,0,1,1,1,1,0,0,0,0
DATA,2438000,-0.267729,0.963494,190.0,1.879,0.000,7.523,60.2,2.830,42.8,41.6,0,1,1,1,1,0,0,0,0
DATA,2440000,-0.267588,0.963533,190.0,1.880,0.000,7.524,60.2,2.830,42.8,41.6,0,1,1,1,1,0,0,0,0
DATA,2442000,-0.267448,0.963572,190.0,1.880,0.000,7.523,60.2,2.830,42.8,41.6,0,1,1,1,1,0,0,0,0
DATA,2444000,-0.267308,0.963611,190.0,1.881,0.000,7.524,60.2,2.830,42.8,41.6,0,1,1,1,1,0,0,0,0
DATA,2446000,-0.267168,0.963650,190.0,1.880,0.000,7.523,60.2,2.830,42.8,41.6,0,1,1,1,1,0,0,0,0
DATA,2448000,-0.267028,0.963689,190.0,1.879,0.000,7.523,60.2,2.830,42.8,41.6,0,1,1,1,1,0,0,0,0
DATA,2450000,-0.266887,0.963728,190.0,1.877,0.000,7.521,60.1,2.830,42.8,41.6,0,1,1,1,1,0,0,0,0
DATA,2452000,-0.266748,0.963766,190.0,1.876,0.000,7.522,60.1,2.830,42.8,41.6,0,1,1,1,1,0,0,0,0
DATA,2454000,-0.266608,0.963805,190.0,1.877,0.000,7.522,60.1,2.830,42.8,41.6,0,1,1,1,1,0,0,0,0
DATA,2456000,-0.266467,0.963844,190.0,1.878,0.000,7.521,60.1,2.830,42.8,41.6,0,1,1,1,1,0,0,0,0
DATA,2458000,-0.266327,0.963883,190.0,1.877,0.000,7.521,60.1,2.830,42.8,41.6,0,1,1,1,1,0,0,0,0
DATA,2460000,-0.266187,0.963921,190.0,1.877,0.000,7.519,60.0,2.830,42.8,41.6,0,1,1,1,1,0,0,0,0
DATA,2462000,-0.266047,0.963960,190.0,1.876,0.000,7.521,60.1,2.830,42.8,41.6,0,1,1,1,1,0,0,0,0
DATA,2464000,-0.265906,0.963999,190.0,1.877,0.000,7.520,60.0,2.830,42.8,41.6,0,1,1,1,1,0,0,0,0
DATA,2466000,-0.265766,0.964038,190.0,1.877,0.000,7.521,60.0,2.830,42.8,41.6,0,1,1,1,1,0,0,0,0
DATA,2468000,-0.265626,0.964076,190.0,1.877,0.000,7.521,60.0,2.830,42.8,41.6,0,1,1,1,1,0,0,0,0
DATA,2470000,-0.265486,0.964115,190.0,1.877,0.000,7.519,60.0,2.831,42.8,41.6,0,1,1,1,1,0,0,0,0
DATA,2472000,-0.265345,0.964153,190.0,1.875,0.000,7.520,60.0,2.831,42.8,41.2,0,1,1,1,1,0,0,0,0
DATA,2474000,-0.265205,0.964192,190.0,1.876,0.000,7.520,60.0,2.831,42.8,41.2,0,1,1,1,1,0,0,0,0
DATA,2476000,-0.265065,0.964230,190.0,1.875,0.000,7.519,60.0,2.831,42.8,41.2,0,1,1,1,1,0,0,0,0
DATA,2478000,-0.264925,0.964269,190.0,1.875,0.000,7.519,59.9,2.831,42.8,41.2,0,1,1,1,1,0,0,0,0
DATA,2480000,-0.264784,0.964308,190.0,1.877,0.000,7.518,59.9,2.831,42.8,41.2,0,1,1,1,1,0,0,0,0
DATA,2482000,-0.264644,0.964346,190.0,1.877,0.000,7.520,60.0,2.832,42.8,41.2,0,1,1,1,1,0,0,0,0
DATA,2484000,-0.264504,0.964385,190.0,1.877,0.000,7.519,60.0,2.832,42.8,41.2,0,1,1,1,1,0,0,0,0
DATA,2486000,-0.264364,0.964423,190.0,1.878,0.000,7.519,59.9,2.832,42.8,41.2,0,1,1,1,1,0,0,0,0
DATA,2488000,-0.264223,0.964462,190.0,1.877,0.000,7.517,59.8,2.832,42.8,41.2,0,1,1,1,1,0,0,0,0
DATA,2490000,-0.264083,0.964500,190.0,1.877,0.000,7.518,59.9,2.831,42.8,41.2,0,1,1,1,1,0,0,0,0
DATA,2492000,-0.263943,0.964538,190.0,1.878,0.000,7.519,59.9,2.832,42.8,41.2,0,1,1,1,1,0,0,0,0
DATA,2494000,-0.263803,0.964577,190.0,1.880,0.000,7.518,59.9,2.831,42.8,41.2,0,1,1,1,1,0,0,0,0
DATA,2496000,-0.263662,0.964615,190.0,1.881,0.000,7.518,59.9,2.831,42.8,41.2,0,1,1,1,1,0,0,0,0
DATA,2498000,-0.263523,0.964653,190.0,1.880,0.000,7.519,59.9,2.831,42.8,41.2,0,1,1,1,1,0,0,0,0
DATA,2500000,-0.263382,0.964692,190.0,1.881,0.000,7.518,59.9,2.831,42.8,41.2,0,1,1,1,1,0,0,0,0
DATA,2502000,-0.263242,0.964730,190.0,1.880,0.000,7.518,59.9,2.832,42.8,41.2,0,1,1,1,1,0,0,0,0
DATA,2504000,-0.263101,0.964768,190.0,1.880,0.000,7.517,59.8,2.832,42.8,41.2,0,1,1,1,1,0,0,0,0
DATA,2506000,-0.262961,0.964806,190.0,1.880,0.000,7.518,59.9,2.833,42.8,41.2,0,1,1,1,1,0,0,0,0
DATA,2508000,-0.262820,0.964845,190.0,1.879,0.000,7.517,59.8,2.833,42.8,41.2,0,1,1,1,1,0,0,0,0
DATA,2510000,-0.262681,0.964883,190.0,1.879,0.000,7.518,59.9,2.833,42.8,41.2,0,1,1,1,1,0,0,0,0
DATA,2512000,-0.262540,0.964921,190.0,1.878,0.000,7.515,59.7,2.833,42.8,41.2,0,1,1,1,1,0,0,0,0
DATA,2514000,-0.262399,0.964959,189.2,1.877,0.000,7.516,59.7,2.833,42.8,41.2,0,1,1,1,1,0,0,0,0
DATA,2516000,-0.262259,0.964997,189.2,1.874,0.000,7.515,59.7,2.832,42.8,41.2,0,1,1,1,1,0,0,0,0
DATA,2518000,-0.262119,0.965035,189.2,1.870,0.000,7.516,59.7,2.833,42.7,41.2,0,1,1,1,1,0,0,0,0
DATA,2520000,-0.261978,0.965074,189.2,1.866,0.000,7.514,59.6,2.833,42.8,41.2,0,1,1,1,1,0,0,0,0
DATA,2522000,-0.261838,0.965112,189.2,1.866,0.000,7.515,59.7,2.834,42.8,41.2,0,1,1,1,1,0,0,0,0
DATA,2524000,-0.261698,0.965150,184.2,1.865,0.000,7.515,59.7,2.834,42.8,41.2,0,1,1,1,1,0,0,0,0
DATA,2526000,-0.261558,0.965188,167.5,1.851,0.000,7.515,59.7,2.833,42.8,41.2,0,1,1,1,1,0,0,0,0
DATA,2528000,-0.261417,0.965226,37.5,1.785,0.000,7.514,59.6,2.832,42.8,41.2,0,1,1,1,1,0,0,0,0
DATA,2530000,-0.261277,0.965264,42.5,1.484,0.000,7.513,59.6,2.832,42.8,41.2,0,1,1,1,1,0,0,0,0
DATA,2532000,-0.261136,0.965302,58.3,1.185,0.000,7.514,59.6,2.832,42.8,41.2,0,1,1,1,1,0,0,0,0
DATA,2534000,-0.260996,0.965340,63.3,0.899,0.000,7.512,59.5,2.832,42.7,41.2,0,1,1,1,1,0,0,0,0
DATA,2536000,-0.260855,0.965378,65.0,0.665,0.000,7.513,59.6,2.832,42.8,41.2,0,1,1,1,1,0,0,0,0
DATA,2538000,-0.260715,0.965416,65.8,0.664,0.000,7.513,59.6,2.832,42.7,41.2,0,1,1,1,1,0,0,0,0
DATA,2540000,-0.260575,0.965454,65.0,0.663,0.000,7.513,59.5,2.832,42.8,41.2,0,1,1,1,1,0,0,0,0
DATA,2542000,-0.260435,0.965491,65.8,0.663,0.000,7.513,59.6,2.832,42.8,41.2,0,1,1,1,1,0,0,0,0
DATA,2544000,-0.260293,0.965530,65.8,0.663,0.000,7.512,59.5,2.831,42.7,41.2,0,1,1,1,1,0,0,0,0
DATA,2546000,-0.260153,0.965567,65.0,0.662,0.000,7.513,59.6,2.830,42.8,41.2,0,1,1,1,1,0,0,0,0
DATA,2548000,-0.260013,0.965605,65.0,0.662,0.000,7.512,59.5,2.830,42.7,41.2,0,1,1,1,1,0,0,0,0
DATA,2550000,-0.259873,0.965643,65.0,0.662,0.000,7.512,59.5,2.830,42.8,41.2,0,1,1,1,1,0,0,0,0
DATA,2552000,-0.259732,0.965681,65.0,0.662,0.000,7.513,59.6,2.830,42.8,41.2,0,1,1,1,1,0,0,0,0
DATA,2554000,-0.259592,0.965719,65.8,0.662,0.000,7.513,59.5,2.831,42.7,41.2,0,1,1,1,1,0,0,0,0
DATA,2556000,-0.259451,0.965756,65.0,0.662,0.000,7.512,59.5,2.831,42.7,41.2,0,1,1,1,1,0,0,0,0
DATA,2558000,-0.259310,0.965794,65.8,0.662,0.000,7.512,59.5,2.831,42.7,41.2,0,1,1,1,1,0,0,0,0
DATA,2560000,-0.259170,0.965832,65.0,0.662,0.000,7.513,59.5,2.832,42.8,41.2,0,1,1,1,1,0,0,0,0
DATA,2562000,-0.259030,0.965869,65.8,0.662,0.000,7.512,59.5,2.831,42.7,41.2,0,1,1,1,1,0,0,0,0
DATA,2564000,-0.258889,0.965907,65.8,0.662,0.000,7.510,59.4,2.831,42.7,41.2,0,1,1,1,1,0,0,0,0
DATA,2566000,-0.258748,0.965945,65.8,0.662,0.000,7.512,59.5,2.831,42.7,41.2,0,1,1,1,1,0,0,0,0
DATA,2568000,-0.258608,0.965982,65.8,0.662,0.000,7.512,59.5,2.830,42.7,41.2,0,1,1,1,1,0,0,0,0
DATA,2570000,-0.258468,0.966020,65.8,0.662,0.000,7.512,59.5,2.830,42.7,40.8,0,1,1,1,1,0,0,0,0
DATA,2572000,-0.258327,0.966057,65.0,0.662,0.000,7.512,59.5,2.830,42.7,40.8,0,1,1,1,1,0,0,0,0
DATA,2574000,-0.258186,0.966095,65.8,0.662,0.000,7.510,59.4,2.830,42.7,40.8,0,1,1,1,1,0,0,0,0
DATA,2576000,-0.258046,0.966133,65.8,0.662,0.000,7.510,59.3,2.831,42.7,40.8,0,1,1,1,1,0,0,0,0
DATA,2578000,-0.257906,0.966170,65.8,0.662,0.000,7.510,59.4,2.832,42.7,40.8,0,1,1,1,1,0,0,0,0
DATA,2580000,-0.257764,0.966208,65.0,0.662,0.000,7.511,59.4,2.832,42.7,40.8,0,1,1,1,1,0,0,0,0
DATA,2582000,-0.257624,0.966245,65.8,0.662,0.000,7.510,59.4,2.832,42.7,40.8,0,1,1,1,1,0,0,0,0
DATA,2584000,-0.257484,0.966283,65.0,0.662,0.000,7.510,59.4,2.831,42.7,40.8,0,1,1,1,1,0,0,0,0
DATA,2586000,-0.257344,0.966320,65.8,0.662,0.000,7.510,59.4,2.831,42.7,40.8,0,1,1,1,1,0,0,0,0
DATA,2588000,-0.257203,0.966357,65.8,0.663,0.000,7.509,59.3,2.832,42.7,40.8,0,1,1,1,1,0,0,0,0
DATA,2590000,-0.257062,0.966395,65.0,0.663,0.000,7.509,59.3,2.832,42.7,40.8,0,1,1,1,1,0,0,0,0
DATA,2592000,-0.256922,0.966432,65.8,0.663,0.000,7.509,59.3,2.832,42.7,40.8,0,1,1,1,1,0,0,0,0
DATA,2594000,-0.256782,0.966469,65.8,0.663,0.000,7.509,59.3,2.832,42.7,40.8,0,1,1,1,1,0,0,0,0
DATA,2596000,-0.256641,0.966507,65.8,0.663,0.000,7.509,59.3,2.831,42.7,40.8,0,1,1,1,1,0,0,0,0
DATA,2598000,-0.256500,0.966544,65.8,0.663,0.000,7.508,59.3,2.832,42.7,40.8,0,1,1,1,1,0,0,0,0
DATA,2600000,-0.256359,0.966582,65.0,0.663,0.000,7.508,59.2,2.832,42.7,40.8,0,1,1,1,1,0,0,0,0
DATA,2602000,-0.256219,0.966619,65.0,0.663,0.000,7.508,59.3,2.833,42.7,40.8,0,1,1,1,1,0,0,0,0
DATA,2604000,-0.256079,0.966656,65.0,0.663,0.000,7.508,59.3,2.835,42.7,40.8,0,1,1,1,1,0,0,0,0
DATA,2606000,-0.255938,0.966693,65.8,0.663,0.000,7.507,59.2,2.835,42.7,40.8,0,1,1,1,1,0,0,0,0
DATA,2608000,-0.255797,0.966731,65.8,0.663,0.000,7.507,59.2,2.835,42.7,40.8,0,1,1,1,1,0,0,0,0
DATA,2610000,-0.255656,0.966768,65.8,0.663,0.000,7.506,59.1,2.834,42.7,40.8,0,1,1,1,1,0,0,0,0
DATA,2612000,-0.255516,0.966805,65.0,0.663,0.000,7.507,59.2,2.834,42.7,40.8,0,1,1,1,1,0,0,0,0
DATA,2614000,-0.255375,0.966842,65.8,0.663,0.000,7.507,59.2,2.833,42.7,40.8,0,1,1,1,1,0,0,0,0
DATA,2616000,-0.255235,0.966879,65.8,0.663,0.000,7.506,59.1,2.833,42.7,40.8,0,1,1,1,1,0,0,0,0
DATA,2618000,-0.255094,0.966916,65.0,0.663,0.000,7.503,58.9,2.832,42.7,40.8,0,1,1,1,1,0,0,0,0
DATA,2620000,-0.254954,0.966953,65.0,0.663,0.000,7.502,58.9,2.831,42.7,40.8,0,1,1,1,1,0,0,0,0
DATA,2622000,-0.254813,0.966990,65.0,0.662,0.000,7.499,58.7,2.831,42.7,40.8,0,1,1,1,1,0,0,0,0
DATA,2624000,-0.254672,0.967027,65.0,0.661,0.000,7.496,58.5,2.830,42.7,40.8,0,1,1,1,1,0,0,0,0
DATA,2626000,-0.254531,0.967064,65.0,0.661,0.000,7.505,59.0,2.831,42.7,40.8,0,1,1,1,1,0,0,0,0
DATA,2628000,-0.254391,0.967101,65.0,0.661,0.000,7.505,59.1,2.832,42.7,40.8,0,1,1,1,1,0,0,0,0
DATA,2630000,-0.254250,0.967139,65.0,0.662,0.000,7.505,59.1,2.833,42.7,40.8,0,1,1,1,1,0,0,0,0
DATA,2632000,-0.254109,0.967175,65.0,0.663,0.000,7.505,59.1,2.834,42.7,40.8,0,1,1,1,1,0,0,0,0
DATA,2634000,-0.253969,0.967212,65.0,0.663,0.000,7.505,59.0,2.834,42.7,40.8,0,1,1,1,1,0,0,0,0
DATA,2636000,-0.253829,0.967249,65.0,0.663,0.000,7.502,58.9,2.833,42.7,40.8,0,1,1,1,1,0,0,0,0
DATA,2638000,-0.253687,0.967286,65.0,0.663,0.000,7.504,59.0,2.833,42.7,40.8,0,1,1,1,1,0,0,0,0
DATA,2640000,-0.253547,0.967323,65.0,0.662,0.000,7.502,58.9,2.832,42.7,40.8,0,1,1,1,1,0,0,0,0
DATA,2642000,-0.253406,0.967360,65.0,0.662,0.000,7.500,58.8,2.832,42.7,40.8,0,1,1,1,1,0,0,0,0
DATA,2644000,-0.253266,0.967397,65.0,0.662,0.000,7.502,58.9,2.832,42.7,40.8,0,1,1,1,1,0,0,0,0
DATA,2646000,-0.253125,0.967434,65.0,0.662,0.000,7.502,58.9,2.832,42.7,40.8,0,1,1,1,1,0,0,0,0
DATA,2648000,-0.252984,0.967470,65.0,0.662,0.000,7.504,59.0,2.832,42.7,40.8,0,1,1,1,1,0,0,0,0
DATA,2650000,-0.252843,0.967507,65.0,0.663,0.000,7.502,58.9,2.833,42.7,40.8,0,1,1,1,1,0,0,0,0
DATA,2652000,-0.252703,0.967544,65.0,0.663,0.000,7.502,58.9,2.833,42.7,40.8,0,1,1,1,1,0,0,0,0
DATA,2654000,-0.252561,0.967581,65.0,0.662,0.000,7.500,58.7,2.833,42.7,40.8,0,1,1,1,1,0,0,0,0
DATA,2656000,-0.252421,0.967617,65.0,0.663,0.000,7.503,58.9,2.834,42.7,40.8,0,1,1,1,1,0,0,0,0
DATA,2658000,-0.252280,0.967654,65.0,0.663,0.000,7.501,58.8,2.835,42.7,40.8,0,1,1,1,1,0,0,0,0
DATA,2660000,-0.252140,0.967691,65.0,0.663,0.000,7.502,58.9,2.836,42.7,40.8,0,1,1,1,1,0,0,0,0
DATA,2662000,-0.251998,0.967728,65.0,0.663,0.000,7.500,58.8,2.835,42.7,40.8,0,1,1,1,1,0,0,0,0
DATA,2664000,-0.251858,0.967764,65.0,0.663,0.000,7.502,58.8,2.834,42.7,40.8,0,1,1,1,1,0,0,0,0
DATA,2666000,-0.251717,0.967801,65.0,0.663,0.000,7.501,58.8,2.833,42.7,40.5,0,1,1,1,1,0,0,0,0
DATA,2668000,-0.251577,0.967837,65.0,0.663,0.000,7.501,58.8,2.833,42.7,40.5,0,1,1,1,1,0,0,0,0
DATA,2670000,-0.251435,0.967874,65.0,0.664,0.000,7.501,58.8,2.835,42.7,40.5,0,1,1,1,1,0,0,0,0
DATA,2672000,-0.251295,0.967911,65.0,0.663,0.000,7.500,58.8,2.835,42.7,40.5,0,1,1,1,1,0,0,0,0
DATA,2674000,-0.251154,0.967947,65.0,0.663,0.000,7.500,58.8,2.835,42.7,40.5,0,1,1,1,1,0,0,0,0
DATA,2676000,-0.251013,0.967984,65.0,0.663,0.000,7.500,58.7,2.834,42.7,40.5,0,1,1,1,1,0,0,0,0
DATA,2678000,-0.250872,0.968020,65.0,0.663,0.000,7.500,58.8,2.833,42.7,40.5,0,1,1,1,1,0,0,0,0
DATA,2680000,-0.250732,0.968056,65.0,0.662,0.000,7.499,58.7,2.833,42.7,40.5,0,1,1,1,1,0,0,0,0
DATA,2682000,-0.250591,0.968093,65.0,0.662,0.000,7.499,58.7,2.833,42.7,40.5,0,1,1,1,1,0,0,0,0
DATA,2684000,-0.250450,0.968130,65.0,0.662,0.000,7.499,58.7,2.832,42.7,40.5,0,1,1,1,1,0,0,0,0
DATA,2686000,-0.250309,0.968166,65.0,0.663,0.000,7.499,58.7,2.832,42.7,40.5,0,1,1,1,1,0,0,0,0
DATA,2688000,-0.250169,0.968202,65.0,0.663,0.000,7.500,58.7,2.832,42.7,40.5,0,1,1,1,1,0,0,0,0
DATA,2690000,-0.250028,0.968239,65.0,0.663,0.000,7.500,58.7,2.832,42.7,40.5,0,1,1,1,1,0,0,0,0
DATA,2692000,-0.249887,0.968275,65.0,0.663,0.000,7.499,58.7,2.834,42.7,40.5,0,1,1,1,1,0,0,0,0
DATA,2694000,-0.249746,0.968311,65.0,0.663,0.000,7.500,58.8,2.835,42.7,40.5,0,1,1,1,1,0,0,0,0
DATA,2696000,-0.249606,0.968348,65.0,0.663,0.000,7.500,58.7,2.836,42.7,40.5,0,1,1,1,1,0,0,0,0
DATA,2698000,-0.249464,0.968384,65.0,0.663,0.000,7.499,58.7,2.836,42.7,40.5,0,1,1,1,1,0,0,0,0
DATA,2700000,-0.249323,0.968420,65.0,0.663,0.000,7.499,58.7,2.835,42.7,40.5,0,1,1,1,1,0,0,0,0
DATA,2702000,-0.249183,0.968457,65.0,0.663,0.000,7.497,58.6,2.834,42.7,40.5,0,1,1,1,1,0,0,0,0
DATA,2704000,-0.249042,0.968493,65.0,0.663,0.000,7.499,58.7,2.834,42.7,40.5,0,1,1,1,1,0,0,0,0
DATA,2706000,-0.248900,0.968529,65.0,0.663,0.000,7.499,58.7,2.835,42.7,40.5,0,1,1,1,1,0,0,0,0
DATA,2708000,-0.248760,0.968565,65.0,0.663,0.000,7.499,58.7,2.835,42.7,40.5,0,1,1,1,1,0,0,0,0
DATA,2710000,-0.248619,0.968601,65.0,0.663,0.000,7.498,58.6,2.835,42.7,40.5,0,1,1,1,1,0,0,0,0
DATA,2712000,-0.248479,0.968637,65.0,0.663,0.000,7.498,58.6,2.834,42.7,40.5,0,1,1,1,1,0,0,0,0
DATA,2714000,-0.248337,0.968674,65.0,0.663,0.000,7.498,58.6,2.833,42.7,40.5,0,1,1,1,1,0,0,0,0
DATA,2716000,-0.248197,0.968710,65.0,0.663,0.000,7.496,58.5,2.833,42.7,40.5,0,1,1,1,1,0,0,0,0
DATA,2718000,-0.248056,0.968746,65.0,0.663,0.000,7.497,58.6,2.833,42.7,40.5,0,1,1,1,1,0,0,0,0
DATA,2720000,-0.247915,0.968782,65.0,0.663,0.000,7.496,58.5,2.832,42.7,40.5,0,1,1,1,1,0,0,0,0
DATA,2722000,-0.247773,0.968818,65.0,0.663,0.000,7.495,58.4,2.833,42.7,40.5,0,1,1,1,1,0,0,0,0
DATA,2724000,-0.247633,0.968854,65.0,0.663,0.000,7.496,58.5,2.832,42.7,40.5,0,1,1,1,1,0,0,0,0
DATA,2726000,-0.247492,0.968890,65.0,0.663,0.000,7.495,58.5,2.832,42.7,40.5,0,1,1,1,1,0,0,0,0
DATA,2728000,-0.247351,0.968926,65.0,0.663,0.000,7.496,58.5,2.832,42.7,40.5,0,1,1,1,1,0,0,0,0
DATA,2730000,-0.247210,0.968962,65.0,0.663,0.000,7.496,58.5,2.831,42.7,40.5,0,1,1,1,1,0,0,0,0
DATA,2732000,-0.247069,0.968998,65.0,0.663,0.000,7.496,58.5,2.831,42.7,40.5,0,1,1,1,1,0,0,0,0
DATA,2734000,-0.246928,0.969034,65.0,0.663,0.000,7.495,58.4,2.831,42.7,40.5,0,1,1,1,1,0,0,0,0
DATA,2736000,-0.246787,0.969070,65.0,0.662,0.000,7.494,58.4,2.830,42.7,40.5,0,1,1,1,1,0,0,0,0
DATA,2738000,-0.246646,0.969106,65.0,0.662,0.000,7.494,58.4,2.830,42.7,40.5,0,1,1,1,1,0,0,0,0
DATA,2740000,-0.246506,0.969141,65.0,0.662,0.000,7.495,58.4,2.830,42.7,40.5,0,1,1,1,1,0,0,0,0
DATA,2742000,-0.246365,0.969177,65.0,0.662,0.000,7.495,58.4,2.831,42.7,40.5,0,1,1,1,1,0,0,0,0
DATA,2744000,-0.246224,0.969213,65.0,0.662,0.000,7.494,58.4,2.831,42.7,40.5,0,1,1,1,1,0,0,0,0
DATA,2746000,-0.246082,0.969249,65.0,0.662,0.000,7.494,58.4,2.831,42.7,40.5,0,1,1,1,1,0,0,0,0
DATA,2748000,-0.245942,0.969285,65.0,0.662,0.000,7.494,58.4,2.831,42.7,40.5,0,1,1,1,1,0,0,0,0
DATA,2750000,-0.245801,0.969320,65.0,0.662,0.000,7.494,58.4,2.830,42.7,40.5,0,1,1,1,1,0,0,0,0
DATA,2752000,-0.245660,0.969356,65.0,0.662,0.000,7.493,58.3,2.830,42.6,40.5,0,1,1,1,1,0,0,0,0
DATA,2754000,-0.245519,0.969392,65.0,0.662,0.000,7.494,58.3,2.831,42.6,40.5,0,1,1,1,1,0,0,0,0
DATA,2756000,-0.245378,0.969428,65.0,0.663,0.000,7.493,58.3,2.832,42.6,40.5,0,1,1,1,1,0,0,0,0
DATA,2758000,-0.245237,0.969463,65.0,0.663,0.000,7.493,58.3,2.832,42.7,40.5,0,1,1,1,1,0,0,0,0
DATA,2760000,-0.245096,0.969499,65.0,0.663,0.000,7.493,58.3,2.832,42.7,40.1,0,1,1,1,1,0,0,0,0
DATA,2762000,-0.244955,0.969534,65.0,0.663,0.000,7.493,58.3,2.832,42.7,40.1,0,1,1,1,1,0,0,0,0
DATA,2764000,-0.244814,0.969570,65.0,0.663,0.000,7.493,58.3,2.832,42.7,40.1,0,1,1,1,1,0,0,0,0
DATA,2766000,-0.244673,0.969606,65.0,0.663,0.000,7.493,58.3,2.832,42.6,40.1,0,1,1,1,1,0,0,0,0
DATA,2768000,-0.244532,0.969641,65.0,0.663,0.000,7.492,58.3,2.833,42.7,40.1,0,1,1,1,1,0,0,0,0
DATA,2770000,-0.244391,0.969677,65.0,0.663,0.000,7.492,58.2,2.834,42.7,40.1,0,1,1,1,1,0,0,0,0
DATA,2772000,-0.244249,0.969712,65.0,0.663,0.000,7.492,58.2,2.835,42.7,40.1,0,1,1,1,1,0,0,0,0
DATA,2774000,-0.244109,0.969748,65.0,0.663,0.000,7.492,58.2,2.835,42.6,40.1,0,1,1,1,1,0,0,0,0
DATA,2776000,-0.243968,0.969783,65.0,0.663,0.000,7.491,58.2,2.835,42.6,40.1,0,1,1,1,1,0,0,0,0
DATA,2778000,-0.243827,0.969819,65.0,0.663,0.000,7.491,58.2,2.835,42.6,40.1,0,1,1,1,1,0,0,0,0
DATA,2780000,-0.243685,0.969854,65.0,0.663,0.000,7.491,58.2,2.834,42.7,40.1,0,1,1,1,1,0,0,0,0
DATA,2782000,-0.243544,0.969890,65.0,0.663,0.000,7.490,58.1,2.835,42.6,40.1,0,1,1,1,1,0,0,0,0
DATA,2784000,-0.243403,0.969925,65.0,0.663,0.000,7.490,58.1,2.835,42.6,40.1,0,1,1,1,1,0,0,0,0
DATA,2786000,-0.243263,0.969960,65.0,0.663,0.000,7.490,58.1,2.836,42.6,40.1,0,1,1,1,1,0,0,0,0
DATA,2788000,-0.243121,0.969996,65.0,0.663,0.000,7.490,58.1,2.836,42.6,40.1,0,1,1,1,1,0,0,0,0
DATA,2790000,-0.242980,0.970031,65.0,0.664,0.000,7.490,58.1,2.836,42.6,40.1,0,1,1,1,1,0,0,0,0
DATA,2792000,-0.242839,0.970067,65.0,0.664,0.000,7.489,58.1,2.836,42.6,40.1,0,1,1,1,1,0,0,0,0
DATA,2794000,-0.242698,0.970102,65.0,0.664,0.000,7.490,58.1,2.836,42.6,40.1,0,1,1,1,1,0,0,0,0
DATA,2796000,-0.242557,0.970137,65.0,0.664,0.000,7.487,57.9,2.836,42.6,40.1,0,1,1,1,1,0,0,0,0
DATA,2798000,-0.242416,0.970172,65.0,0.664,0.000,7.488,58.0,2.836,42.6,40.1,0,1,1,1,1,0,0,0,0
DATA,2800000,-0.242275,0.970208,65.0,0.664,0.000,7.490,58.1,2.836,42.6,40.1,0,1,1,1,1,0,0,0,0
DATA,2802000,-0.242133,0.970243,65.0,0.664,0.000,7.488,58.0,2.836,42.6,40.1,0,1,1,1,1,0,0,0,0
DATA,2804000,-0.241992,0.970278,65.0,0.664,0.000,7.488,58.0,2.836,42.6,40.1,0,1,1,1,1,0,0,0,0
DATA,2806000,-0.241851,0.970313,65.0,0.664,0.000,7.489,58.0,2.836,42.6,40.1,0,1,1,1,1,0,0,0,0
DATA,2808000,-0.241710,0.970348,65.0,0.664,0.000,7.488,58.0,2.836,42.6,40.1,0,1,1,1,1,0,0,0,0
DATA,2810000,-0.241569,0.970384,65.0,0.663,0.000,7.488,58.0,2.836,42.6,40.1,0,1,1,1,1,0,0,0,0
DATA,2812000,-0.241428,0.970419,65.0,0.663,0.000,7.488,58.0,2.836,42.6,40.1,0,1,1,1,1,0,0,0,0
DATA,2814000,-0.241287,0.970454,65.0,0.663,0.000,7.488,58.0,2.836,42.6,40.1,0,1,1,1,1,0,0,0,0
DATA,2816000,-0.241145,0.970489,65.0,0.663,0.000,7.488,58.0,2.836,42.6,40.1,0,1,1,1,1,0,0,0,0
DATA,2818000,-0.241004,0.970524,65.0,0.664,0.000,7.487,58.0,2.836,42.7,40.1,0,1,1,1,1,0,0,0,0
DATA,2820000,-0.240863,0.970559,65.0,0.664,0.000,7.487,58.0,2.835,42.6,40.1,0,1,1,1,1,0,0,0,0
DATA,2822000,-0.240722,0.970594,65.0,0.663,0.000,7.485,57.8,2.834,42.6,40.1,0,1,1,1,1,0,0,0,0
DATA,2824000,-0.240580,0.970629,65.0,0.663,0.000,7.487,57.9,2.833,42.6,40.1,0,1,1,1,1,0,0,0,0
DATA,2826000,-0.240440,0.970664,65.0,0.663,0.000,7.487,57.9,2.832,42.6,40.1,0,1,1,1,1,0,0,0,0
DATA,2828000,-0.240298,0.970699,65.0,0.663,0.000,7.487,57.9,2.832,42.6,40.1,0,1,1,1,1,0,0,0,0
DATA,2830000,-0.240158,0.970734,65.0,0.663,0.000,7.486,57.9,2.832,42.6,40.1,0,1,1,1,1,0,0,0,0
DATA,2832000,-0.240016,0.970769,65.0,0.663,0.000,7.484,57.8,2.832,42.6,40.1,0,1,1,1,1,0,0,0,0
DATA,2834000,-0.239875,0.970804,65.0,0.663,0.000,7.486,57.9,2.832,42.6,40.1,0,1,1,1,1,0,0,0,0
DATA,2836000,-0.239734,0.970839,65.0,0.663,0.000,7.485,57.8,2.832,42.6,40.1,0,1,1,1,1,0,0,0,0
DATA,2838000,-0.239592,0.970874,65.0,0.663,0.000,7.486,57.9,2.832,42.6,40.1,0,1,1,1,1,0,0,0,0
DATA,2840000,-0.239451,0.970909,65.0,0.663,0.000,7.486,57.9,2.833,42.5,40.1,0,1,1,1,1,0,0,0,0
DATA,2842000,-0.239310,0.970943,65.0,0.663,0.000,7.484,57.7,2.833,42.6,40.1,0,1,1,1,1,0,0,0,0
DATA,2844000,-0.239169,0.970978,65.0,0.663,0.000,7.484,57.8,2.833,42.6,40.1,0,1,1,1,1,0,0,0,0
DATA,2846000,-0.239028,0.971013,65.0,0.662,0.000,7.484,57.8,2.833,42.6,40.1,0,1,1,1,1,0,0,0,0
DATA,2848000,-0.238886,0.971048,65.0,0.662,0.000,7.482,57.6,2.832,42.6,39.7,0,1,1,1,1,0,0,0,0
DATA,2850000,-0.238745,0.971082,65.0,0.662,0.000,7.485,57.8,2.832,42.6,39.7,0,1,1,1,1,0,0,0,0
DATA,2852000,-0.238604,0.971117,65.0,0.662,0.000,7.483,57.7,2.832,42.6,39.7,0,1,1,1,1,0,0,0,0
DATA,2854000,-0.238463,0.971152,65.0,0.662,0.000,7.484,57.7,2.832,42.6,39.7,0,1,1,1,1,0,0,0,0
DATA,2856000,-0.238321,0.971186,65.0,0.663,0.000,7.483,57.7,2.832,42.6,39.7,0,1,1,1,1,0,0,0,0
DATA,2858000,-0.238180,0.971221,65.0,0.663,0.000,7.482,57.6,2.833,42.6,39.7,0,1,1,1,1,0,0,0,0
DATA,2860000,-0.238039,0.971256,65.8,0.663,0.000,7.483,57.7,2.834,42.6,39.7,0,1,1,1,1,0,0,0,0
DATA,2862000,-0.237898,0.971290,65.0,0.663,0.000,7.481,57.6,2.835,42.5,39.7,0,1,1,1,1,0,0,0,0
DATA,2864000,-0.237756,0.971325,65.0,0.663,0.000,7.482,57.6,2.835,42.6,39.7,0,1,1,1,1,0,0,0,0
DATA,2866000,-0.237615,0.971359,65.0,0.663,0.000,7.483,57.7,2.834,42.6,39.7,0,1,1,1,1,0,0,0,0
DATA,2868000,-0.237474,0.971394,65.0,0.663,0.000,7.482,57.6,2.834,42.6,39.7,0,1,1,1,1,0,0,0,0
DATA,2870000,-0.237333,0.971428,65.0,0.664,0.000,7.482,57.6,2.834,42.6,39.7,0,1,1,1,1,0,0,0,0
DATA,2872000,-0.237191,0.971463,65.0,0.664,0.000,7.481,57.6,2.835,42.5,39.7,0,1,1,1,1,0,0,0,0
DATA,2874000,-0.237050,0.971497,65.0,0.664,0.000,7.481,57.6,2.836,42.6,39.7,0,1,1,1,1,0,0,0,0
DATA,2876000,-0.236909,0.971532,65.0,0.664,0.000,7.482,57.6,2.836,42.6,39.7,0,1,1,1,1,0,0,0,0
DATA,2878000,-0.236767,0.971566,65.0,0.664,0.000,7.481,57.6,2.836,42.6,39.7,0,1,1,1,1,0,0,0,0
DATA,2880000,-0.236626,0.971601,65.0,0.663,0.000,7.480,57.5,2.835,42.6,39.7,0,1,1,1,1,0,0,0,0
DATA,2882000,-0.236485,0.971635,65.0,0.663,0.000,7.480,57.5,2.834,42.5,39.7,0,1,1,1,1,0,0,0,0
DATA,2884000,-0.236344,0.971670,63.3,0.663,0.000,7.480,57.5,2.832,42.6,39.7,0,1,1,1,1,0,0,0,0
DATA,2886000,-0.236202,0.971704,55.0,0.663,0.000,7.479,57.5,2.833,42.6,39.7,0,1,1,1,1,0,0,0,0
DATA,2888000,-0.236060,0.971738,21.7,0.663,0.000,7.477,57.3,2.833,42.6,39.7,0,1,1,1,1,0,0,0,0
DATA,2890000,-0.235919,0.971773,27.5,0.663,0.000,7.473,57.1,2.832,42.6,39.7,0,1,1,1,1,0,0,0,0
DATA,2892000,-0.235778,0.971807,50.0,0.663,0.000,7.478,57.4,2.833,42.6,39.7,0,1,1,1,1,0,0,0,0
DATA,2894000,-0.235637,0.971841,51.7,0.662,0.000,7.479,57.5,2.832,42.6,39.7,0,1,1,1,1,0,0,0,0
