1?ÄLCD ID:5510
DATA,period_ms,real_hour_sin,real_hour_cos,lux,pv_v,pv_p,home_v,home_soc,load_p,car_soc,human_soc,pvsrc,hsrc,rigid,led,fan,qi,hchg,cchg,v2h
CTP ID:9147
DATA,2000,0.000145,1.000000,64.2,0.676,0.000,7.635,67.2,1.258,94.0,-1.0,0,1,1,1,0,0,0,0,0
DATA,4000,0.000291,1.000000,60.0,0.671,0.000,7.565,62.8,1.887,94.0,-1.0,0,1,1,1,0,0,0,0,0
DATA,6000,0.000436,1.000000,33.3,0.669,0.000,7.563,62.7,2.097,94.0,-1.0,0,1,1,1,0,0,0,0,0
DATA,8000,0.000582,1.000000,32.5,0.669,0.000,7.571,63.2,2.157,94.0,-1.0,0,1,1,0,0,0,0,0,0
DATA,10000,0.000727,1.000000,58.3,0.667,0.000,7.601,65.1,2.325,94.0,42.4,0,1,1,0,0,0,0,0,0
DATA,12000,0.000873,1.000000,53.3,0.668,0.000,7.602,65.1,2.134,94.0,42.4,0,1,1,0,0,0,0,0,0
DATA,14000,0.001018,0.999999,63.3,0.668,0.000,7.602,65.1,1.942,94.0,42.4,0,1,1,0,0,0,0,0,0
DATA,16000,0.001164,0.999999,64.2,0.669,0.000,7.602,65.1,1.751,94.0,42.4,0,1,1,0,0,0,0,0,0
DATA,18000,0.001309,0.999999,64.2,0.668,0.000,7.597,64.8,1.751,94.0,42.0,0,1,1,0,0,0,0,0,0
DATA,20000,-0.981460,0.191665,64.2,0.669,0.000,7.606,65.4,1.751,94.0,42.0,0,1,1,1,0,0,0,0,0
DATA,22000,-0.981432,0.191809,57.5,0.669,0.000,7.567,62.9,1.942,94.0,42.0,0,1,1,1,0,0,0,0,0
DATA,24000,-0.981404,0.191951,31.7,0.669,0.000,7.567,62.9,2.134,94.0,42.0,0,1,1,1,0,0,0,0,0
DATA,26000,-0.981377,0.192094,32.5,0.670,0.000,7.568,63.0,2.325,94.0,42.0,0,1,1,1,0,0,0,0,0
DATA,28000,-0.981349,0.192237,60.8,0.670,0.000,7.603,65.2,2.421,94.0,42.0,0,1,1,0,0,0,0,0,0
DATA,30000,-0.981321,0.192379,58.3,0.671,0.000,7.608,65.5,2.230,94.0,42.0,0,1,1,0,0,0,0,0,0
DATA,32000,-0.981293,0.192522,60.0,0.671,0.000,7.608,65.5,2.039,94.0,42.0,0,1,1,0,0,0,0,0,0
DATA,34000,-0.981265,0.192664,64.2,0.672,0.000,7.604,65.3,1.850,94.0,42.0,0,1,1,0,0,0,0,0,0
DATA,36000,-0.981237,0.192808,65.8,0.671,0.000,7.605,65.3,1.755,94.0,42.0,0,1,1,0,0,0,0,0,0
DATA,38000,-0.981209,0.192950,65.8,0.671,0.000,7.602,65.1,1.755,94.0,42.0,0,1,1,0,0,0,0,0,0
DATA,40000,-0.981180,0.193093,65.8,0.672,0.000,7.604,65.2,1.755,94.0,42.0,0,1,1,0,0,0,0,0,0
DATA,42000,-0.981152,0.193235,65.8,0.672,0.000,7.606,65.4,1.755,94.0,42.0,0,1,1,0,0,0,0,0,0
DATA,44000,-0.981124,0.193378,65.8,0.672,0.000,7.601,65.1,1.755,94.0,42.0,0,1,1,0,0,0,0,0,0
DATA,46000,-0.981096,0.193521,65.8,0.672,0.000,7.608,65.5,1.756,94.0,42.0,0,1,1,0,0,0,0,0,0
DATA,48000,-0.981068,0.193664,65.8,0.671,0.000,7.602,65.1,1.755,94.0,42.0,0,1,1,0,0,0,0,0,0
DATA,50000,-0.981040,0.193807,65.0,0.671,0.000,7.607,65.4,1.755,94.0,42.0,0,1,1,0,0,0,0,0,0
DATA,52000,-0.981012,0.193949,64.2,0.672,0.000,7.607,65.4,1.756,94.0,42.0,0,1,1,0,0,0,0,0,0
DATA,54000,-0.980983,0.194092,64.2,0.672,0.000,7.607,65.4,1.756,94.0,42.0,0,1,1,0,0,0,0,0,0
DATA,56000,-0.980955,0.194234,64.2,0.673,0.000,7.605,65.3,1.757,94.0,42.0,0,1,1,0,0,0,0,0,0
DATA,58000,-0.980927,0.194378,64.2,0.673,0.000,7.604,65.3,1.757,94.0,42.0,0,1,1,0,0,0,0,0,0
DATA,60000,-0.980899,0.194520,63.3,0.673,0.000,7.605,65.3,1.757,94.0,42.0,0,1,1,0,0,0,0,0,0
DATA,62000,-0.980870,0.194662,64.2,0.674,0.000,7.605,65.3,1.757,94.0,42.0,0,1,1,0,0,0,0,0,0
DATA,64000,-0.980842,0.194805,64.2,0.673,0.000,7.602,65.2,1.757,94.0,42.0,0,1,1,0,0,0,0,0,0
DATA,66000,-0.980814,0.194948,64.2,0.673,0.000,7.604,65.3,1.757,94.0,42.0,0,1,1,0,0,0,0,0,0
DATA,68000,-0.980785,0.195090,64.2,0.673,0.000,7.604,65.2,1.757,94.0,42.0,0,1,1,0,0,0,0,0,0
DATA,70000,-0.980757,0.195233,56.7,0.673,0.000,7.601,65.0,1.757,94.0,42.0,0,1,1,0,0,0,0,0,0
DATA,72000,-0.980728,0.195376,64.2,0.673,0.000,7.602,65.1,1.757,94.0,42.0,0,1,1,0,0,0,0,0,0
DATA,74000,-0.980700,0.195519,65.8,0.673,0.000,7.604,65.2,1.757,94.0,42.0,0,1,1,0,0,0,0,0,0
DATA,76000,-0.980672,0.195661,65.8,0.673,0.000,7.605,65.3,1.757,94.0,42.0,0,1,1,0,0,0,0,0,0
DATA,78000,-0.980643,0.195804,65.8,0.673,0.000,7.604,65.3,1.757,94.0,42.0,0,1,1,0,0,0,0,0,0
DATA,80000,-0.980615,0.195946,65.8,0.673,0.000,7.605,65.3,1.757,94.0,42.0,0,1,1,0,0,0,0,0,0
DATA,82000,-0.980586,0.196089,65.8,0.673,0.000,7.601,65.1,1.757,94.0,42.0,0,1,1,0,0,0,0,0,0
DATA,84000,-0.980558,0.196231,65.8,0.673,0.000,7.603,65.2,1.757,94.0,42.0,0,1,1,0,0,0,0,0,0
DATA,86000,-0.980529,0.196374,65.8,0.672,0.000,7.605,65.3,1.757,94.0,42.0,0,1,1,0,0,0,0,0,0
DATA,88000,-0.980501,0.196517,65.8,0.672,0.000,7.604,65.3,1.757,94.0,42.0,0,1,1,0,0,0,0,0,0
DATA,90000,-0.980472,0.196659,65.8,0.673,0.000,7.603,65.2,1.757,94.0,42.0,0,1,1,0,0,0,0,0,0
DATA,92000,-0.980443,0.196802,65.8,0.672,0.000,7.602,65.2,1.757,94.0,42.0,0,1,1,0,0,0,0,0,0
DATA,94000,-0.980415,0.196945,65.8,0.672,0.000,7.602,65.1,1.757,94.0,42.0,0,1,1,0,0,0,0,0,0
DATA,96000,-0.980386,0.197087,65.8,0.672,0.000,7.602,65.1,1.757,94.0,42.0,0,1,1,0,0,0,0,0,0
DATA,98000,-0.980357,0.197230,65.8,0.671,0.000,7.602,65.1,1.757,94.0,42.0,0,1,1,0,0,0,0,0,0
DATA,100000,-0.980329,0.197372,65.8,0.671,0.000,7.601,65.1,1.757,94.0,42.0,0,1,1,0,0,0,0,0,0
DATA,102000,-0.980300,0.197515,65.8,0.671,0.000,7.602,65.1,1.757,94.0,42.0,0,1,1,0,0,0,0,0,0
DATA,104000,-0.980271,0.197657,65.8,0.671,0.000,7.602,65.1,1.757,94.0,42.0,0,1,1,0,0,0,0,0,0
DATA,106000,-0.980242,0.197800,65.8,0.671,0.000,7.601,65.1,1.757,94.0,42.0,0,1,1,0,0,0,0,0,0
DATA,108000,-0.980214,0.197942,65.8,0.671,0.000,7.602,65.1,1.757,94.0,42.0,0,1,1,0,0,0,0,0,0
DATA,110000,-0.980185,0.198085,65.8,0.671,0.000,7.602,65.1,1.757,94.0,42.0,0,1,1,0,0,0,0,0,0
DATA,112000,-0.980156,0.198228,65.8,0.671,0.000,7.602,65.1,1.756,94.0,42.0,0,1,1,0,0,0,0,0,0
DATA,114000,-0.980127,0.198370,65.8,0.671,0.000,7.601,65.1,1.756,94.0,42.0,0,1,1,0,0,0,0,0,0
DATA,116000,-0.980098,0.198513,65.8,0.671,0.000,7.601,65.0,1.756,94.0,42.0,0,1,1,0,0,0,0,0,0
DATA,118000,-0.980069,0.198656,65.8,0.671,0.000,7.599,64.9,1.755,94.0,42.0,0,1,1,0,0,0,0,0,0
DATA,120000,-0.980041,0.198798,65.8,0.671,0.000,7.599,65.0,1.755,94.0,42.0,0,1,1,0,0,0,0,0,0
DATA,122000,-0.980012,0.198940,65.8,0.671,0.000,7.597,64.8,1.755,94.0,42.0,0,1,1,0,0,0,0,0,0
DATA,124000,-0.979983,0.199083,65.8,0.670,0.000,7.596,64.8,1.755,94.0,42.0,0,1,1,0,0,0,0,0,0
DATA,126000,-0.979954,0.199226,65.8,0.670,0.000,7.598,64.9,1.755,94.0,42.0,0,1,1,0,0,0,0,0,0
DATA,128000,-0.979925,0.199368,65.8,0.670,0.000,7.592,64.5,1.754,94.0,42.0,0,1,1,0,0,0,0,0,0
DATA,130000,-0.979896,0.199510,65.8,0.669,0.000,7.592,64.5,1.753,94.0,42.0,0,1,1,0,0,0,0,0,0
DATA,132000,-0.979867,0.199653,65.8,0.670,0.000,7.596,64.8,1.753,94.0,42.0,0,1,1,0,0,0,0,0,0
DATA,134000,-0.979838,0.199796,65.8,0.668,0.000,7.590,64.4,1.752,94.0,42.0,0,1,1,0,0,0,0,0,0
DATA,136000,-0.979809,0.199938,65.8,0.668,0.000,7.593,64.6,1.752,94.0,42.0,0,1,1,0,0,0,0,0,0
DATA,138000,-0.979779,0.200080,65.8,0.669,0.000,7.593,64.6,1.753,94.0,42.0,0,1,1,0,0,0,0,0,0
DATA,140000,-0.979750,0.200223,65.8,0.669,0.000,7.597,64.8,1.753,94.0,42.0,0,1,1,0,0,0,0,0,0
DATA,142000,-0.979721,0.200366,65.8,0.670,0.000,7.593,64.6,1.754,94.0,42.0,0,1,1,0,0,0,0,0,0
DATA,144000,-0.979692,0.200508,65.8,0.670,0.000,7.590,64.4,1.754,94.0,42.0,0,1,1,0,0,0,0,0,0
DATA,146000,-0.979663,0.200651,65.8,0.670,0.000,7.592,64.5,1.754,94.0,42.0,0,1,1,0,0,0,0,0,0
DATA,148000,-0.979634,0.200793,65.8,0.670,0.000,7.594,64.6,1.754,94.0,42.0,0,1,1,0,0,0,0,0,0
DATA,150000,-0.979604,0.200936,65.8,0.670,0.000,7.597,64.8,1.755,94.0,42.0,0,1,1,0,0,0,0,0,0
DATA,152000,-0.979575,0.201078,65.8,0.671,0.000,7.594,64.6,1.755,94.0,42.0,0,1,1,0,0,0,0,0,0
DATA,154000,-0.979546,0.201221,65.8,0.671,0.000,7.595,64.7,1.755,94.0,42.0,0,1,1,0,0,0,0,0,0
DATA,156000,-0.979517,0.201363,65.8,0.671,0.000,7.594,64.6,1.756,94.0,42.0,0,1,1,0,0,0,0,0,0
DATA,158000,-0.979487,0.201505,65.8,0.672,0.000,7.591,64.4,1.756,94.0,42.0,0,1,1,0,0,0,0,0,0
DATA,160000,-0.979458,0.201647,65.8,0.672,0.000,7.595,64.7,1.756,94.0,42.0,0,1,1,0,0,0,0,0,0
DATA,162000,-0.979429,0.201790,65.8,0.672,0.000,7.596,64.7,1.757,94.0,42.0,0,1,1,0,0,0,0,0,0
DATA,164000,-0.979399,0.201933,65.8,0.672,0.000,7.595,64.7,1.757,94.0,42.0,0,1,1,0,0,0,0,0,0
DATA,166000,-0.979370,0.202075,65.8,0.672,0.000,7.593,64.6,1.756,94.0,42.0,0,1,1,0,0,0,0,0,0
DATA,168000,-0.979340,0.202218,65.8,0.672,0.000,7.593,64.5,1.756,94.0,42.0,0,1,1,0,0,0,0,0,0
DATA,170000,-0.979311,0.202360,65.8,0.672,0.000,7.595,64.7,1.756,94.0,42.0,0,1,1,0,0,0,0,0,0
DATA,172000,-0.979282,0.202503,65.8,0.672,0.000,7.595,64.7,1.756,94.0,42.0,0,1,1,0,0,0,0,0,0
DATA,174000,-0.979252,0.202645,65.8,0.672,0.000,7.595,64.7,1.757,94.0,42.0,0,1,1,0,0,0,0,0,0
DATA,176000,-0.979223,0.202788,65.8,0.672,0.000,7.592,64.5,1.757,94.0,42.0,0,1,1,0,0,0,0,0,0
DATA,178000,-0.979193,0.202930,65.8,0.671,0.000,7.589,64.3,1.756,94.0,42.0,0,1,1,0,0,0,0,0,0
DATA,180000,-0.979164,0.203072,65.8,0.671,0.000,7.593,64.6,1.755,94.0,42.0,0,1,1,0,0,0,0,0,0
DATA,182000,-0.979134,0.203215,65.8,0.671,0.000,7.595,64.7,1.755,94.0,42.0,0,1,1,0,0,0,0,0,0
DATA,184000,-0.979105,0.203357,65.8,0.672,0.000,7.595,64.7,1.755,94.0,42.0,0,1,1,0,0,0,0,0,0
DATA,186000,-0.979075,0.203499,65.8,0.672,0.000,7.596,64.7,1.756,94.0,42.0,0,1,1,0,0,0,0,0,0
DATA,188000,-0.979045,0.203642,65.8,0.672,0.000,7.594,64.6,1.757,94.0,42.0,0,1,1,0,0,0,0,0,0
DATA,190000,-0.979016,0.203785,65.8,0.672,0.000,7.595,64.7,1.756,94.0,42.0,0,1,1,0,0,0,0,0,0
DATA,192000,-0.978986,0.203927,65.8,0.672,0.000,7.594,64.6,1.756,94.0,42.0,0,1,1,0,0,0,0,0,0
DATA,194000,-0.978957,0.204069,65.8,0.672,0.000,7.593,64.6,1.756,94.0,42.0,0,1,1,0,0,0,0,0,0
DATA,196000,-0.978927,0.204211,65.8,0.672,0.000,7.595,64.7,1.756,94.0,42.0,0,1,1,0,0,0,0,0,0
DATA,198000,-0.978897,0.204354,65.8,0.672,0.000,7.593,64.6,1.757,94.0,42.0,0,1,1,0,0,0,0,0,0
DATA,200000,-0.978867,0.204497,65.8,0.672,0.000,7.594,64.6,1.757,94.0,42.0,0,1,1,0,0,0,0,0,0
DATA,202000,-0.978838,0.204638,65.8,0.673,0.000,7.593,64.6,1.757,94.0,42.0,0,1,1,0,0,0,0,0,0
DATA,204000,-0.978808,0.204781,65.8,0.673,0.000,7.593,64.6,1.756,94.0,42.0,0,1,1,0,0,0,0,0,0
DATA,206000,-0.978778,0.204924,65.8,0.673,0.000,7.594,64.6,1.756,94.0,42.0,0,1,1,0,0,0,0,0,0
DATA,208000,-0.978748,0.205066,65.8,0.672,0.000,7.593,64.5,1.756,94.0,42.0,0,1,1,0,0,0,0,0,0
DATA,210000,-0.978718,0.205208,65.8,0.672,0.000,7.592,64.5,1.756,94.0,42.0,0,1,1,0,0,0,0,0,0
DATA,212000,-0.978688,0.205351,65.8,0.673,0.000,7.593,64.6,1.757,94.0,42.0,0,1,1,0,0,0,0,0,0
DATA,214000,-0.978659,0.205492,65.8,0.672,0.000,7.593,64.6,1.757,94.0,42.0,0,1,1,0,0,0,0,0,0
DATA,216000,-0.978629,0.205635,65.8,0.672,0.000,7.593,64.6,1.757,94.0,42.0,0,1,1,0,0,0,0,0,0
DATA,218000,-0.978599,0.205777,65.8,0.673,0.000,7.592,64.5,1.757,94.0,42.0,0,1,1,0,0,0,0,0,0
DATA,220000,-0.978569,0.205920,65.8,0.672,0.000,7.590,64.4,1.757,94.0,42.0,0,1,1,0,0,0,0,0,0
DATA,222000,-0.978539,0.206062,65.8,0.673,0.000,7.592,64.5,1.757,94.0,42.0,0,1,1,0,0,0,0,0,0
DATA,224000,-0.978509,0.206205,65.8,0.673,0.000,7.592,64.5,1.757,94.0,42.0,0,1,1,0,0,0,0,0,0
DATA,226000,-0.978479,0.206346,65.8,0.673,0.000,7.588,64.2,1.757,94.0,42.0,0,1,1,0,0,0,0,0,0
DATA,228000,-0.978449,0.206489,65.8,0.673,0.000,7.591,64.4,1.757,94.0,42.0,0,1,1,0,0,0,0,0,0
DATA,230000,-0.978419,0.206631,65.8,0.673,0.000,7.592,64.5,1.757,94.0,42.0,0,1,1,0,0,0,0,0,0
DATA,232000,-0.978389,0.206774,65.8,0.673,0.000,7.591,64.4,1.757,94.0,42.0,0,1,1,0,0,0,0,0,0
DATA,234000,-0.978359,0.206916,65.8,0.673,0.000,7.591,64.5,1.757,94.0,42.0,0,1,1,0,0,0,0,0,0
DATA,236000,-0.978329,0.207058,65.8,0.673,0.000,7.591,64.5,1.757,94.0,42.0,0,1,1,0,0,0,0,0,0
DATA,238000,-0.978299,0.207200,65.8,0.673,0.000,7.590,64.4,1.757,94.0,42.0,0,1,1,0,0,0,0,0,0
DATA,240000,-0.978268,0.207343,65.8,0.673,0.000,7.591,64.5,1.757,94.0,42.0,0,1,1,0,0,0,0,0,0
DATA,242000,-0.978238,0.207485,65.8,0.673,0.000,7.591,64.4,1.757,94.0,42.0,0,1,1,0,0,0,0,0,0
DATA,244000,-0.978208,0.207627,65.8,0.673,0.000,7.591,64.4,1.757,94.0,42.0,0,1,1,0,0,0,0,0,0
DATA,246000,-0.978178,0.207769,65.8,0.673,0.000,7.591,64.5,1.757,94.0,42.0,0,1,1,0,0,0,0,0,0
DATA,248000,-0.978148,0.207911,65.8,0.672,0.000,7.590,64.4,1.756,94.0,42.0,0,1,1,0,0,0,0,0,0
DATA,250000,-0.978117,0.208054,65.8,0.672,0.000,7.590,64.4,1.756,94.0,42.0,0,1,1,0,0,0,0,0,0
DATA,252000,-0.978087,0.208196,65.8,0.672,0.000,7.591,64.5,1.756,94.0,42.0,0,1,1,0,0,0,0,0,0
DATA,254000,-0.978057,0.208338,65.8,0.672,0.000,7.591,64.4,1.756,94.0,42.0,0,1,1,0,0,0,0,0,0
DATA,256000,-0.978027,0.208480,65.8,0.672,0.000,7.590,64.4,1.757,94.0,42.0,0,1,1,0,0,0,0,0,0
DATA,258000,-0.977996,0.208623,65.8,0.672,0.000,7.589,64.3,1.757,94.0,42.0,0,1,1,0,0,0,0,0,0
DATA,260000,-0.977966,0.208765,65.8,0.672,0.000,7.590,64.4,1.757,94.0,42.0,0,1,1,0,0,0,0,0,0
DATA,262000,-0.977935,0.208907,65.8,0.672,0.000,7.589,64.3,1.757,94.0,42.0,0,1,1,0,0,0,0,0,0
DATA,264000,-0.977905,0.209050,65.8,0.672,0.000,7.589,64.3,1.757,94.0,42.0,0,1,1,0,0,0,0,0,0
DATA,266000,-0.977875,0.209192,65.8,0.672,0.000,7.589,64.3,1.756,94.0,42.0,0,1,1,0,0,0,0,0,0
DATA,268000,-0.977844,0.209334,65.8,0.671,0.000,7.588,64.3,1.755,94.0,42.0,0,1,1,0,0,0,0,0,0
DATA,270000,-0.977814,0.209476,65.8,0.671,0.000,7.589,64.3,1.755,94.0,42.0,0,1,1,0,0,0,0,0,0
DATA,272000,-0.977783,0.209619,65.8,0.671,0.000,7.589,64.3,1.755,94.0,42.0,0,1,1,0,0,0,0,0,0
DATA,274000,-0.977753,0.209761,65.8,0.671,0.000,7.589,64.3,1.755,94.0,42.0,0,1,1,0,0,0,0,0,0
DATA,276000,-0.977722,0.209903,65.8,0.672,0.000,7.590,64.3,1.757,94.0,42.0,0,1,1,0,0,0,0,0,0
DATA,278000,-0.977692,0.210045,65.8,0.672,0.000,7.588,64.2,1.757,94.0,42.0,0,1,1,0,0,0,0,0,0
DATA,280000,-0.977661,0.210187,65.8,0.672,0.000,7.589,64.3,1.757,94.0,42.0,0,1,1,0,0,0,0,0,0
DATA,282000,-0.977630,0.210330,65.8,0.673,0.000,7.588,64.2,1.756,94.0,42.0,0,1,1,0,0,0,0,0,0
DATA,284000,-0.977600,0.210472,65.8,0.672,0.000,7.587,64.2,1.755,94.0,42.0,0,1,1,0,0,0,0,0,0
DATA,286000,-0.977569,0.210615,65.8,0.672,0.000,7.588,64.2,1.755,94.0,42.0,0,1,1,0,0,0,0,0,0
DATA,288000,-0.977539,0.210756,65.8,0.671,0.000,7.587,64.2,1.755,94.0,42.0,0,1,1,0,0,0,0,0,0
DATA,290000,-0.977508,0.210898,65.8,0.672,0.000,7.588,64.2,1.755,94.0,42.0,0,1,1,0,0,0,0,0,0
DATA,292000,-0.977477,0.211041,65.8,0.672,0.000,7.587,64.2,1.756,94.0,42.0,0,1,1,0,0,0,0,0,0
DATA,294000,-0.977446,0.211183,65.8,0.672,0.000,7.587,64.2,1.756,94.0,42.0,0,1,1,0,0,0,0,0,0
DATA,296000,-0.977416,0.211325,65.8,0.673,0.000,7.587,64.2,1.756,94.0,42.0,0,1,1,0,0,0,0,0,0
DATA,298000,-0.977385,0.211467,65.8,0.672,0.000,7.587,64.2,1.757,94.0,42.0,0,1,1,0,0,0,0,0,0
DATA,300000,-0.977354,0.211609,65.8,0.672,0.000,7.588,64.2,1.756,94.0,42.0,0,1,1,0,0,0,0,0,0
DATA,302000,-0.977323,0.211752,65.8,0.672,0.000,7.587,64.2,1.755,94.0,42.0,0,1,1,0,0,0,0,0,0
DATA,304000,-0.977293,0.211893,65.8,0.672,0.000,7.588,64.2,1.755,94.0,42.0,0,1,1,0,0,0,0,0,0
DATA,306000,-0.977262,0.212036,65.8,0.672,0.000,7.587,64.2,1.755,94.0,42.0,0,1,1,0,0,0,0,0,0
DATA,308000,-0.977231,0.212178,65.8,0.672,0.000,7.585,64.1,1.756,94.0,42.0,0,1,1,0,0,0,0,0,0
DATA,310000,-0.977200,0.212320,65.8,0.673,0.000,7.587,64.2,1.757,94.0,42.0,0,1,1,0,0,0,0,0,0
DATA,312000,-0.977169,0.212462,65.8,0.673,0.000,7.587,64.2,1.756,94.0,42.0,0,1,1,0,0,0,0,0,0
DATA,314000,-0.977138,0.212604,65.8,0.673,0.000,7.587,64.2,1.755,94.0,42.0,0,1,1,0,0,0,0,0,0
DATA,316000,-0.977107,0.212747,65.8,0.673,0.000,7.586,64.1,1.753,94.0,42.0,0,1,1,0,0,0,0,0,0
DATA,318000,-0.977076,0.212889,65.8,0.673,0.000,7.585,64.0,1.752,94.0,42.0,0,1,1,0,0,0,0,0,0
DATA,320000,-0.977046,0.213030,65.8,0.673,0.000,7.587,64.2,1.751,94.0,42.0,0,1,1,0,0,0,0,0,0
DATA,322000,-0.977015,0.213172,65.8,0.673,0.000,7.586,64.1,1.751,94.0,42.0,0,1,1,0,0,0,0,0,0
DATA,324000,-0.976983,0.213315,65.8,0.673,0.000,7.585,64.0,1.751,94.0,42.0,0,1,1,0,0,0,0,0,0
DATA,326000,-0.976952,0.213457,65.8,0.673,0.000,7.587,64.2,1.751,94.0,42.0,0,1,1,0,0,0,0,0,0
DATA,328000,-0.976921,0.213599,65.8,0.673,0.000,7.586,64.1,1.751,94.0,42.0,0,1,1,0,0,0,0,0,0
DATA,330000,-0.976890,0.213741,65.8,0.673,0.000,7.587,64.2,1.751,94.0,42.0,0,1,1,0,0,0,0,0,0
DATA,332000,-0.976859,0.213883,65.8,0.674,0.000,7.587,64.2,1.751,94.0,42.0,0,1,1,0,0,0,0,0,0
DATA,334000,-0.976828,0.214025,65.8,0.674,0.000,7.586,64.1,1.751,94.0,42.0,0,1,1,0,0,0,0,0,0
DATA,336000,-0.976797,0.214167,65.8,0.673,0.000,7.585,64.1,1.751,94.0,42.0,0,1,1,0,0,0,0,0,0
DATA,338000,-0.976766,0.214309,65.8,0.673,0.000,7.585,64.1,1.751,94.0,42.0,0,1,1,0,0,0,0,0,0
DATA,340000,-0.976735,0.214452,65.8,0.673,0.000,7.584,64.0,1.751,94.0,42.0,0,1,1,0,0,0,0,0,0
DATA,342000,-0.976703,0.214594,65.8,0.673,0.000,7.584,64.0,1.751,94.0,42.0,0,1,1,0,0,0,0,0,0
DATA,344000,-0.976672,0.214735,65.8,0.673,0.000,7.584,64.0,1.751,94.0,42.0,0,1,1,0,0,0,0,0,0
DATA,346000,-0.976641,0.214878,65.8,0.673,0.000,7.583,63.9,1.751,94.0,42.0,0,1,1,0,0,0,0,0,0
DATA,348000,-0.976610,0.215020,65.8,0.674,0.000,7.583,63.9,1.751,94.0,42.0,0,1,1,0,0,0,0,0,0
DATA,350000,-0.976578,0.215162,65.8,0.673,0.000,7.583,64.0,1.751,94.0,42.0,0,1,1,0,0,0,0,0,0
DATA,352000,-0.976547,0.215303,65.8,0.673,0.000,7.582,63.9,1.751,94.0,42.0,0,1,1,0,0,0,0,0,0
DATA,354000,-0.976516,0.215446,65.8,0.673,0.000,7.583,63.9,1.751,94.0,42.0,0,1,1,0,0,0,0,0,0
DATA,356000,-0.976484,0.215588,65.8,0.673,0.000,7.583,63.9,1.751,94.0,42.0,0,1,1,0,0,0,0,0,0
DATA,358000,-0.976453,0.215730,65.8,0.673,0.000,7.583,63.9,1.751,94.0,42.0,0,1,1,0,0,0,0,0,0
DATA,360000,-0.976422,0.215872,65.8,0.673,0.000,7.582,63.9,1.751,94.0,42.0,0,1,1,0,0,0,0,0,0
DATA,362000,-0.976390,0.216014,65.8,0.673,0.000,7.583,63.9,1.751,94.0,42.0,0,1,1,0,0,0,0,0,0
DATA,364000,-0.976359,0.216156,65.8,0.673,0.000,7.582,63.9,1.751,94.0,42.0,0,1,1,0,0,0,0,0,0
DATA,366000,-0.976327,0.216298,65.8,0.672,0.000,7.582,63.9,1.751,94.0,42.0,0,1,1,0,0,0,0,0,0
DATA,368000,-0.976296,0.216440,65.8,0.672,0.000,7.581,63.8,1.751,94.0,42.0,0,1,1,0,0,0,0,0,0
DATA,370000,-0.976264,0.216582,65.8,0.672,0.000,7.582,63.9,1.751,94.0,42.0,0,1,1,0,0,0,0,0,0
DATA,372000,-0.976233,0.216724,65.8,0.672,0.000,7.582,63.9,1.751,94.0,42.0,0,1,1,0,0,0,0,0,0
DATA,374000,-0.976201,0.216866,65.8,0.672,0.000,7.582,63.8,1.751,94.0,42.0,0,1,1,0,0,0,0,0,0
DATA,376000,-0.976170,0.217008,65.8,0.672,0.000,7.582,63.9,1.751,94.0,42.0,0,1,1,0,0,0,0,0,0
DATA,378000,-0.976138,0.217150,65.8,0.672,0.000,7.574,63.4,1.751,94.0,42.0,0,1,1,0,0,0,0,0,0
DATA,380000,-0.976107,0.217291,65.8,0.671,0.000,7.574,63.3,1.751,94.0,42.0,0,1,1,0,0,0,0,0,0
DATA,382000,-0.976075,0.217434,65.8,0.670,0.000,7.574,63.4,1.751,94.0,42.0,0,1,1,0,0,0,0,0,0
DATA,384000,-0.976043,0.217576,65.8,0.669,0.000,7.573,63.3,1.751,94.0,42.0,0,1,1,0,0,0,0,0,0
DATA,386000,-0.976012,0.217718,65.8,0.669,0.000,7.573,63.3,1.751,94.0,42.0,0,1,1,0,0,0,0,0,0
DATA,388000,-0.975980,0.217859,65.8,0.669,0.000,7.572,63.3,1.751,94.0,42.0,0,1,1,0,0,0,0,0,0
DATA,390000,-0.975948,0.218001,65.8,0.669,0.000,7.573,63.3,1.751,94.0,42.0,0,1,1,0,0,0,0,0,0
DATA,392000,-0.975917,0.218143,65.8,0.669,0.000,7.573,63.3,1.751,94.0,42.0,0,1,1,0,0,0,0,0,0
DATA,394000,-0.975885,0.218285,65.8,0.669,0.000,7.572,63.3,1.751,94.0,42.0,0,1,1,0,0,0,0,0,0
DATA,396000,-0.975853,0.218427,65.8,0.669,0.000,7.573,63.3,1.751,94.0,42.0,0,1,1,0,0,0,0,0,0
DATA,398000,-0.975821,0.218569,65.8,0.669,0.000,7.572,63.2,1.751,94.0,42.0,0,1,1,0,0,0,0,0,0
DATA,400000,-0.975790,0.218711,65.8,0.668,0.000,7.570,63.1,1.751,94.0,42.0,0,1,1,0,0,0,0,0,0
DATA,402000,-0.975758,0.218853,65.8,0.669,0.000,7.572,63.3,1.751,94.0,42.0,0,1,1,0,0,0,0,0,0
DATA,404000,-0.975726,0.218995,65.8,0.669,0.000,7.572,63.2,1.751,94.0,42.0,0,1,1,0,0,0,0,0,0
DATA,406000,-0.975694,0.219137,65.8,0.669,0.000,7.572,63.3,1.751,94.0,42.0,0,1,1,0,0,0,0,0,0
DATA,408000,-0.975662,0.219279,65.8,0.669,0.000,7.572,63.2,1.751,94.0,42.0,0,1,1,0,0,0,0,0,0
DATA,410000,-0.975630,0.219421,65.8,0.669,0.000,7.571,63.2,1.751,94.0,42.0,0,1,1,0,0,0,0,0,0
DATA,412000,-0.975598,0.219563,65.8,0.669,0.000,7.570,63.1,1.751,94.0,42.0,0,1,1,0,0,0,0,0,0
DATA,414000,-0.975567,0.219704,65.8,0.669,0.000,7.571,63.2,1.751,94.0,42.0,0,1,1,0,0,0,0,0,0
DATA,416000,-0.975535,0.219846,65.8,0.669,0.000,7.570,63.1,1.751,94.0,42.0,0,1,1,0,0,0,0,0,0
DATA,418000,-0.975503,0.219988,65.8,0.669,0.000,7.571,63.2,1.751,94.0,42.0,0,1,1,0,0,0,0,0,0
DATA,420000,-0.975470,0.220130,65.8,0.669,0.000,7.571,63.2,1.751,94.0,42.0,0,1,1,0,0,0,0,0,0
DATA,422000,-0.975439,0.220272,65.8,0.669,0.000,7.572,63.2,1.751,94.0,42.0,0,1,1,0,0,0,0,0,0
DATA,424000,-0.975406,0.220414,65.8,0.670,0.000,7.576,63.5,1.751,94.0,42.0,0,1,1,0,0,0,0,0,0
DATA,426000,-0.975374,0.220556,65.8,0.670,0.000,7.578,63.6,1.751,94.0,42.0,0,1,1,0,0,0,0,0,0
DATA,428000,-0.975342,0.220698,65.8,0.671,0.000,7.577,63.6,1.751,94.0,42.0,0,1,1,0,0,0,0,0,0
DATA,430000,-0.975310,0.220839,65.8,0.672,0.000,7.577,63.6,1.751,94.0,42.0,0,1,1,0,0,0,0,0,0
DATA,432000,-0.975278,0.220981,65.8,0.672,0.000,7.577,63.6,1.751,94.0,42.0,0,1,1,0,0,0,0,0,0
DATA,434000,-0.975246,0.221123,65.8,0.672,0.000,7.576,63.5,1.751,94.0,42.0,0,1,1,0,0,0,0,0,0
DATA,436000,-0.975214,0.221265,65.8,0.672,0.000,7.578,63.6,1.751,94.0,42.0,0,1,1,0,0,0,0,0,0
DATA,438000,-0.975182,0.221407,65.8,0.672,0.000,7.578,63.6,1.751,94.0,42.0,0,1,1,0,0,0,0,0,0
DATA,440000,-0.975149,0.221548,65.8,0.672,0.000,7.577,63.6,1.751,94.0,42.0,0,1,1,0,0,0,0,0,0
DATA,442000,-0.975117,0.221691,65.8,0.673,0.000,7.578,63.6,1.751,94.0,42.0,0,1,1,0,0,0,0,0,0
DATA,444000,-0.975085,0.221832,65.8,0.672,0.000,7.575,63.5,1.751,94.0,42.0,0,1,1,0,0,0,0,0,0
DATA,446000,-0.975053,0.221974,65.8,0.672,0.000,7.578,63.6,1.751,94.0,42.0,0,1,1,0,0,0,0,0,0
DATA,448000,-0.975020,0.222116,65.8,0.673,0.000,7.577,63.6,1.751,94.0,42.0,0,1,1,0,0,0,0,0,0
DATA,450000,-0.974988,0.222258,65.8,0.673,0.000,7.575,63.5,1.751,94.0,42.0,0,1,1,0,0,0,0,0,0
DATA,452000,-0.974956,0.222400,65.8,0.673,0.000,7.576,63.5,1.751,94.0,42.0,0,1,1,0,0,0,0,0,0
DATA,454000,-0.974923,0.222541,65.8,0.672,0.000,7.575,63.4,1.751,94.0,42.0,0,1,1,0,0,0,0,0,0
DATA,456000,-0.974891,0.222683,65.8,0.672,0.000,7.574,63.4,1.751,94.0,42.0,0,1,1,0,0,0,0,0,0
DATA,458000,-0.974858,0.222825,65.8,0.671,0.000,7.575,63.5,1.751,94.0,42.0,0,1,1,0,0,0,0,0,0
DATA,460000,-0.974826,0.222967,65.8,0.672,0.000,7.574,63.3,1.751,94.0,42.0,0,1,1,0,0,0,0,0,0
DATA,462000,-0.974794,0.223108,65.8,0.672,0.000,7.576,63.5,1.751,94.0,42.0,0,1,1,0,0,0,0,0,0
DATA,464000,-0.974761,0.223250,65.8,0.672,0.000,7.574,63.4,1.751,94.0,42.0,0,1,1,0,0,0,0,0,0
DATA,466000,-0.974729,0.223392,65.8,0.672,0.000,7.574,63.4,1.751,94.0,42.0,0,1,1,0,0,0,0,0,0
DATA,468000,-0.974696,0.223534,65.8,0.671,0.000,7.568,63.0,1.751,94.0,42.0,0,1,1,0,0,0,0,0,0
DATA,470000,-0.974664,0.223675,65.8,0.670,0.000,7.568,63.0,1.751,94.0,42.0,0,1,1,0,0,0,0,0,0
DATA,472000,-0.974631,0.223817,65.8,0.670,0.000,7.568,63.0,1.751,94.0,42.0,0,1,1,0,0,0,0,0,0
DATA,474000,-0.974599,0.223959,65.8,0.669,0.000,7.567,62.9,1.751,94.0,42.0,0,1,1,0,0,0,0,0,0
DATA,476000,-0.974566,0.224101,65.8,0.670,0.000,7.568,63.0,1.751,94.0,42.0,0,1,1,0,0,0,0,0,0
DATA,478000,-0.974533,0.224243,65.8,0.670,0.000,7.567,63.0,1.751,94.0,42.0,0,1,1,0,0,0,0,0,0
DATA,480000,-0.974501,0.224384,65.8,0.669,0.000,7.566,62.9,1.751,94.0,42.0,0,1,1,0,0,0,0,0,0
DATA,482000,-0.974468,0.224526,65.8,0.669,0.000,7.566,62.9,1.751,94.0,42.0,0,1,1,0,0,0,0,0,0
DATA,484000,-0.974435,0.224668,65.8,0.669,0.000,7.567,62.9,1.751,94.0,42.0,0,1,1,0,0,0,0,0,0
DATA,486000,-0.974403,0.224809,65.8,0.669,0.000,7.567,62.9,1.751,94.0,42.0,0,1,1,0,0,0,0,0,0
DATA,488000,-0.974370,0.224951,65.8,0.669,0.000,7.567,62.9,1.751,94.0,42.0,0,1,1,0,0,0,0,0,0
DATA,490000,-0.974337,0.225093,65.8,0.669,0.000,7.566,62.9,1.751,94.0,42.0,0,1,1,0,0,0,0,0,0
DATA,492000,-0.974305,0.225235,65.8,0.669,0.000,7.565,62.8,1.751,94.0,42.0,0,1,1,0,0,0,0,0,0
DATA,494000,-0.974272,0.225376,65.8,0.669,0.000,7.563,62.7,1.751,94.0,42.0,0,1,1,0,0,0,0,0,0
DATA,496000,-0.974239,0.225518,65.8,0.669,0.000,7.565,62.8,1.751,94.0,42.0,0,1,1,0,0,0,0,0,0
DATA,498000,-0.974206,0.225660,65.8,0.669,0.000,7.565,62.8,1.751,94.0,42.0,0,1,1,0,0,0,0,0,0
DATA,500000,-0.974173,0.225801,65.8,0.669,0.000,7.565,62.8,1.751,94.0,42.0,0,1,1,0,0,0,0,0,0
DATA,502000,-0.974141,0.225943,65.8,0.669,0.000,7.565,62.8,1.751,94.0,42.0,0,1,1,0,0,0,0,0,0
DATA,504000,-0.974108,0.226085,65.8,0.669,0.000,7.565,62.8,1.751,94.0,42.0,0,1,1,0,0,0,0,0,0
DATA,506000,-0.974075,0.226226,65.8,0.669,0.000,7.565,62.8,1.751,94.0,42.0,0,1,1,0,0,0,0,0,0
DATA,508000,-0.974042,0.226368,65.8,0.670,0.000,7.563,62.7,1.751,94.0,42.0,0,1,1,0,0,0,0,0,0
DATA,510000,-0.974009,0.226510,65.8,0.669,0.000,7.565,62.8,1.751,94.0,42.0,0,1,1,0,0,0,0,0,0
DATA,512000,-0.973976,0.226651,65.8,0.669,0.000,7.563,62.7,1.751,94.0,42.0,0,1,1,0,0,0,0,0,0
DATA,514000,-0.973943,0.226793,65.8,0.669,0.000,7.565,62.8,1.751,94.0,42.0,0,1,1,0,0,0,0,0,0
DATA,516000,-0.973910,0.226935,65.8,0.669,0.000,7.564,62.8,1.751,94.0,42.0,0,1,1,0,0,0,0,0,0
DATA,518000,-0.973877,0.227076,65.8,0.669,0.000,7.564,62.8,1.751,94.0,42.0,0,1,1,0,0,0,0,0,0
DATA,520000,-0.973844,0.227218,65.8,0.669,0.000,7.562,62.6,1.751,94.0,42.0,0,1,1,0,0,0,0,0,0
DATA,522000,-0.973811,0.227360,65.8,0.669,0.000,7.563,62.7,1.751,94.0,42.0,0,1,1,0,0,0,0,0,0
DATA,524000,-0.973778,0.227501,65.8,0.669,0.000,7.563,62.7,1.751,94.0,42.0,0,1,1,0,0,0,0,0,0
DATA,526000,-0.973745,0.227643,65.8,0.668,0.000,7.563,62.7,1.751,94.0,42.0,0,1,1,0,0,0,0,0,0
DATA,528000,-0.973712,0.227784,65.8,0.669,0.000,7.564,62.7,1.751,94.0,42.0,0,1,1,0,0,0,0,0,0
DATA,530000,-0.973678,0.227926,65.8,0.669,0.000,7.561,62.5,1.751,94.0,42.0,0,1,1,0,0,0,0,0,0
DATA,532000,-0.973645,0.228068,65.8,0.669,0.000,7.562,62.7,1.751,94.0,42.0,0,1,1,0,0,0,0,0,0
DATA,534000,-0.973612,0.228209,65.8,0.669,0.000,7.562,62.6,1.751,94.0,42.0,0,1,1,0,0,0,0,0,0
DATA,536000,-0.973579,0.228351,65.8,0.668,0.000,7.561,62.5,1.751,94.0,42.0,0,1,1,0,0,0,0,0,0
DATA,538000,-0.973546,0.228493,65.8,0.668,0.000,7.561,62.6,1.751,94.0,42.0,0,1,1,0,0,0,0,0,0
DATA,540000,-0.973512,0.228634,65.8,0.668,0.000,7.562,62.6,1.751,94.0,42.0,0,1,1,0,0,0,0,0,0
DATA,542000,-0.973479,0.228776,65.8,0.668,0.000,7.559,62.4,1.751,94.0,42.0,0,1,1,0,0,0,0,0,0
DATA,544000,-0.973446,0.228918,65.0,0.668,0.000,7.561,62.6,1.751,94.0,42.0,0,1,1,0,0,0,0,0,0
DATA,546000,-0.973413,0.229059,64.2,0.668,0.000,7.561,62.6,1.751,94.0,42.0,0,1,1,0,0,0,0,0,0
DATA,548000,-0.973379,0.229200,64.2,0.668,0.000,7.561,62.6,1.751,94.0,42.0,0,1,1,0,0,0,0,0,0
DATA,550000,-0.973346,0.229342,63.3,0.668,0.000,7.560,62.5,1.751,94.0,42.0,0,1,1,0,0,0,0,0,0
DATA,552000,-0.973312,0.229484,55.8,0.669,0.000,7.562,62.6,1.751,94.0,42.0,0,1,1,0,0,0,0,0,0
DATA,554000,-0.973279,0.229625,64.2,0.669,0.000,7.558,62.4,1.751,94.0,42.0,0,1,1,0,0,0,0,0,0
DATA,556000,-0.973246,0.229767,65.0,0.669,0.000,7.559,62.5,1.751,94.0,42.0,0,1,1,0,0,0,0,0,0
DATA,558000,-0.973212,0.229908,65.8,0.669,0.000,7.561,62.6,1.751,94.0,42.0,0,1,1,0,0,0,0,0,0
DATA,560000,-0.973179,0.230050,65.8,0.669,0.000,7.560,62.5,1.751,94.0,42.0,0,1,1,0,0,0,0,0,0
DATA,562000,-0.973145,0.230192,65.8,0.669,0.000,7.559,62.5,1.751,94.0,42.0,0,1,1,0,0,0,0,0,0
DATA,564000,-0.973112,0.230333,65.8,0.669,0.000,7.558,62.4,1.751,94.0,42.0,0,1,1,0,0,0,0,0,0
DATA,566000,-0.973078,0.230475,65.8,0.668,0.000,7.559,62.5,1.751,94.0,42.0,0,1,1,0,0,0,0,0,0
DATA,568000,-0.973045,0.230616,65.8,0.669,0.000,7.559,62.5,1.751,94.0,42.0,0,1,1,0,0,0,0,0,0
DATA,570000,-0.973011,0.230758,65.8,0.669,0.000,7.558,62.4,1.751,94.0,42.0,0,1,1,0,0,0,0,0,0
DATA,572000,-0.972978,0.230899,65.8,0.669,0.000,7.560,62.5,1.751,94.0,42.0,0,1,1,0,0,0,0,0,0
DATA,574000,-0.972944,0.231041,65.8,0.668,0.000,7.557,62.3,1.751,94.0,42.0,0,1,1,0,0,0,0,0,0
DATA,576000,-0.972910,0.231182,65.8,0.668,0.000,7.559,62.4,1.751,94.0,42.0,0,1,1,0,0,0,0,0,0
DATA,578000,-0.972877,0.231324,65.8,0.668,0.000,7.560,62.5,1.751,94.0,42.0,0,1,1,0,0,0,0,0,0
DATA,580000,-0.972843,0.231465,65.8,0.668,0.000,7.557,62.3,1.751,94.0,42.0,0,1,1,0,0,0,0,0,0
DATA,582000,-0.972810,0.231607,65.8,0.668,0.000,7.558,62.4,1.751,94.0,42.0,0,1,1,0,0,0,0,0,0
DATA,584000,-0.972776,0.231748,65.8,0.669,0.000,7.559,62.4,1.751,94.0,42.0,0,1,1,0,0,0,0,0,0
DATA,586000,-0.972742,0.231890,65.8,0.668,0.000,7.559,62.5,1.751,94.0,42.0,0,1,1,0,0,0,0,0,0
DATA,588000,-0.972708,0.232031,65.8,0.669,0.000,7.560,62.5,1.751,94.0,42.0,0,1,1,0,0,0,0,0,0
DATA,590000,-0.972675,0.232173,65.8,0.669,0.000,7.559,62.4,1.751,94.0,42.0,0,1,1,0,0,0,0,0,0
DATA,592000,-0.972641,0.232314,65.8,0.669,0.000,7.559,62.5,1.751,94.0,42.0,0,1,1,0,0,0,0,0,0
DATA,594000,-0.972607,0.232455,65.8,0.669,0.000,7.559,62.4,1.751,94.0,42.0,0,1,1,0,0,0,0,0,0
DATA,596000,-0.972573,0.232597,65.8,0.669,0.000,7.559,62.4,1.751,94.0,42.0,0,1,1,0,0,0,0,0,0
DATA,598000,-0.972539,0.232738,65.8,0.670,0.000,7.558,62.4,1.751,94.0,42.0,0,1,1,0,0,0,0,0,0
DATA,600000,-0.972506,0.232880,65.8,0.669,0.000,7.558,62.4,1.751,94.0,42.0,0,1,1,0,0,0,0,0,0
DATA,602000,-0.972472,0.233021,65.8,0.670,0.000,7.558,62.4,1.751,94.0,42.0,0,1,1,0,0,0,0,0,0
DATA,604000,-0.972438,0.233163,65.8,0.670,0.000,7.558,62.4,1.751,94.0,42.0,0,1,1,0,0,0,0,0,0
DATA,606000,-0.972404,0.233304,65.8,0.670,0.000,7.558,62.4,1.751,94.0,42.0,0,1,1,0,0,0,0,0,0
DATA,608000,-0.972370,0.233445,65.8,0.669,0.000,7.558,62.4,1.751,94.0,42.0,0,1,1,0,0,0,0,0,0
DATA,610000,-0.972336,0.233587,65.8,0.669,0.000,7.557,62.3,1.751,94.0,42.0,0,1,1,0,0,0,0,0,0
DATA,612000,-0.972302,0.233729,65.8,0.669,0.000,7.558,62.4,1.751,94.0,42.0,0,1,1,0,0,0,0,0,0
DATA,614000,-0.972268,0.233870,65.8,0.669,0.000,7.558,62.4,1.751,94.0,42.0,0,1,1,0,0,0,0,0,0
DATA,616000,-0.972234,0.234011,65.8,0.669,0.000,7.558,62.4,1.751,94.0,42.0,0,1,1,0,0,0,0,0,0
DATA,618000,-0.972200,0.234152,65.8,0.670,0.000,7.558,62.4,1.751,94.0,42.0,0,1,1,0,0,0,0,0,0
DATA,620000,-0.972166,0.234294,65.8,0.670,0.000,7.557,62.3,1.751,94.0,42.0,0,1,1,0,0,0,0,0,0
DATA,622000,-0.972132,0.234435,65.8,0.670,0.000,7.557,62.3,1.751,94.0,42.0,0,1,1,0,0,0,0,0,0
DATA,624000,-0.972098,0.234577,65.8,0.670,0.000,7.557,62.3,1.751,94.0,42.0,0,1,1,0,0,0,0,0,0
DATA,626000,-0.972063,0.234718,65.8,0.670,0.000,7.557,62.3,1.751,94.0,42.0,0,1,1,0,0,0,0,0,0
DATA,628000,-0.972029,0.234860,65.8,0.670,0.000,7.557,62.3,1.751,94.0,42.0,0,1,1,0,0,0,0,0,0
DATA,630000,-0.971995,0.235001,65.8,0.669,0.000,7.556,62.3,1.751,94.0,42.0,0,1,1,0,0,0,0,0,0
DATA,632000,-0.971961,0.235142,65.8,0.669,0.000,7.557,62.3,1.751,94.0,42.0,0,1,1,0,0,0,0,0,0
DATA,634000,-0.971927,0.235283,65.8,0.669,0.000,7.556,62.3,1.751,94.0,42.0,0,1,1,0,0,0,0,0,0
DATA,636000,-0.971893,0.235425,65.8,0.669,0.000,7.556,62.3,1.751,94.0,42.0,0,1,1,0,0,0,0,0,0
DATA,638000,-0.971858,0.235566,65.8,0.670,0.000,7.556,62.3,1.751,94.0,42.0,0,1,1,0,0,0,0,0,0
DATA,640000,-0.971824,0.235708,65.8,0.669,0.000,7.555,62.2,1.751,94.0,42.0,0,1,1,0,0,0,0,0,0
DATA,642000,-0.971790,0.235849,65.8,0.669,0.000,7.556,62.2,1.751,94.0,42.0,0,1,1,0,0,0,0,0,0
DATA,644000,-0.971755,0.235990,65.8,0.669,0.000,7.555,62.2,1.751,94.0,42.0,0,1,1,0,0,0,0,0,0
DATA,646000,-0.971721,0.236131,65.8,0.669,0.000,7.556,62.2,1.751,94.0,42.0,0,1,1,0,0,0,0,0,0
DATA,648000,-0.971687,0.236273,65.8,0.669,0.000,7.556,62.2,1.751,94.0,42.0,0,1,1,0,0,0,0,0,0
DATA,650000,-0.971652,0.236414,65.8,0.669,0.000,7.555,62.2,1.751,94.0,42.0,0,1,1,0,0,0,0,0,0
DATA,652000,-0.971618,0.236555,65.8,0.669,0.000,7.553,62.1,1.751,94.0,42.0,0,1,1,0,0,0,0,0,0
DATA,654000,-0.971584,0.236697,65.8,0.669,0.000,7.555,62.2,1.751,94.0,41.6,0,1,1,0,0,0,0,0,0
DATA,656000,-0.971549,0.236839,65.8,0.669,0.000,7.555,62.2,1.751,94.0,41.6,0,1,1,0,0,0,0,0,0
DATA,658000,-0.971515,0.236979,65.8,0.669,0.000,7.555,62.2,1.751,94.0,41.6,0,1,1,0,0,0,0,0,0
DATA,660000,-0.971480,0.237121,65.8,0.670,0.000,7.554,62.1,1.751,94.0,41.6,0,1,1,0,0,0,0,0,0
DATA,662000,-0.971446,0.237262,65.8,0.670,0.000,7.555,62.2,1.751,94.0,41.6,0,1,1,0,0,0,0,0,0
DATA,664000,-0.971411,0.237404,65.8,0.670,0.000,7.555,62.2,1.751,94.0,41.6,0,1,1,0,0,0,0,0,0
DATA,666000,-0.971377,0.237544,65.8,0.670,0.000,7.554,62.1,1.751,94.0,41.6,0,1,1,0,0,0,0,0,0
DATA,668000,-0.971342,0.237686,65.8,0.670,0.000,7.555,62.2,1.751,94.0,41.6,0,1,1,0,0,0,0,0,0
DATA,670000,-0.971307,0.237827,65.8,0.670,0.000,7.554,62.1,1.751,94.0,41.6,0,1,1,0,0,0,0,0,0
DATA,672000,-0.971273,0.237969,65.8,0.670,0.000,7.554,62.1,1.751,94.0,41.6,0,1,1,0,0,0,0,0,0
DATA,674000,-0.971238,0.238110,65.8,0.670,0.000,7.553,62.1,1.751,94.0,41.6,0,1,1,0,0,0,0,0,0
DATA,676000,-0.971204,0.238251,65.8,0.670,0.000,7.554,62.1,1.751,94.0,41.6,0,1,1,0,0,0,0,0,0
DATA,678000,-0.971169,0.238392,65.8,0.670,0.000,7.554,62.1,1.751,94.0,41.6,0,1,1,0,0,0,0,0,0
DATA,680000,-0.971134,0.238534,65.8,0.670,0.000,7.553,62.1,1.751,94.0,41.6,0,1,1,0,0,0,0,0,0
DATA,682000,-0.971100,0.238674,65.8,0.670,0.000,7.553,62.1,1.751,94.0,41.6,0,1,1,0,0,0,0,0,0
DATA,684000,-0.971065,0.238816,65.8,0.670,0.000,7.553,62.1,1.751,94.0,41.6,0,1,1,0,0,0,0,0,0
DATA,686000,-0.971030,0.238957,65.8,0.669,0.000,7.553,62.1,1.751,94.0,41.6,0,1,1,0,0,0,0,0,0
DATA,688000,-0.970995,0.239099,65.8,0.670,0.000,7.552,62.0,1.751,94.0,41.6,0,1,1,0,0,0,0,0,0
DATA,690000,-0.970961,0.239239,65.8,0.669,0.000,7.552,62.0,1.751,94.0,41.6,0,1,1,0,0,0,0,0,0
DATA,692000,-0.970926,0.239381,65.8,0.670,0.000,7.553,62.0,1.751,94.0,41.6,0,1,1,0,0,0,0,0,0
DATA,694000,-0.970891,0.239522,65.8,0.670,0.000,7.553,62.1,1.751,94.0,41.6,0,1,1,0,0,0,0,0,0
DATA,696000,-0.970856,0.239663,65.8,0.669,0.000,7.553,62.0,1.751,94.0,41.6,0,1,1,0,0,0,0,0,0
DATA,698000,-0.970821,0.239804,65.8,0.669,0.000,7.552,62.0,1.751,94.0,41.6,0,1,1,0,0,0,0,0,0
DATA,700000,-0.970786,0.239946,65.8,0.669,0.000,7.552,62.0,1.751,94.0,41.6,0,1,1,0,0,0,0,0,0
DATA,702000,-0.970751,0.240087,65.8,0.669,0.000,7.551,61.9,1.751,94.0,41.6,0,1,1,0,0,0,0,0,0
DATA,704000,-0.970716,0.240228,65.8,0.669,0.000,7.552,62.0,1.751,94.0,41.6,0,1,1,0,0,0,0,0,0
DATA,706000,-0.970682,0.240369,65.8,0.669,0.000,7.552,62.0,1.751,94.0,41.6,0,1,1,0,0,0,0,0,0
DATA,708000,-0.970647,0.240511,65.8,0.669,0.000,7.552,62.0,1.751,94.0,41.6,0,1,1,0,0,0,0,0,0
DATA,710000,-0.970612,0.240652,65.8,0.669,0.000,7.551,62.0,1.751,94.0,41.6,0,1,1,0,0,0,0,0,0
DATA,712000,-0.970577,0.240793,65.8,0.669,0.000,7.552,62.0,1.751,94.0,41.6,0,1,1,0,0,0,0,0,0
DATA,714000,-0.970541,0.240934,65.8,0.669,0.000,7.551,61.9,1.751,94.0,41.6,0,1,1,0,0,0,0,0,0
DATA,716000,-0.970506,0.241075,65.8,0.669,0.000,7.551,62.0,1.751,94.0,41.6,0,1,1,0,0,0,0,0,0
DATA,718000,-0.970471,0.241216,65.8,0.669,0.000,7.551,61.9,1.751,94.0,41.6,0,1,1,0,0,0,0,0,0
DATA,720000,-0.970436,0.241357,65.8,0.669,0.000,7.550,61.9,1.751,94.0,41.6,0,1,1,0,0,0,0,0,0
DATA,722000,-0.970401,0.241499,65.8,0.669,0.000,7.551,61.9,1.751,94.0,41.6,0,1,1,0,0,0,0,0,0
DATA,724000,-0.970366,0.241640,65.8,0.669,0.000,7.550,61.9,1.751,94.0,41.6,0,1,1,0,0,0,0,0,0
DATA,726000,-0.970331,0.241781,65.8,0.669,0.000,7.550,61.9,1.751,94.0,41.6,0,1,1,0,0,0,0,0,0
DATA,728000,-0.970296,0.241922,65.8,0.669,0.000,7.551,61.9,1.751,94.0,41.6,0,1,1,0,0,0,0,0,0
DATA,730000,-0.970260,0.242064,65.8,0.669,0.000,7.549,61.8,1.751,94.0,41.6,0,1,1,0,0,0,0,0,0
DATA,732000,-0.970225,0.242204,65.8,0.669,0.000,7.550,61.8,1.751,94.0,41.6,0,1,1,0,0,0,0,0,0
DATA,734000,-0.970190,0.242345,65.8,0.669,0.000,7.548,61.7,1.751,94.0,41.6,0,1,1,0,0,0,0,0,0
DATA,736000,-0.970155,0.242487,65.8,0.669,0.000,7.549,61.8,1.751,94.0,41.6,0,1,1,0,0,0,0,0,0
DATA,738000,-0.970119,0.242628,65.8,0.669,0.000,7.548,61.7,1.751,94.0,41.6,0,1,1,0,0,0,0,0,0
DATA,740000,-0.970084,0.242769,65.8,0.669,0.000,7.547,61.7,1.751,94.0,41.6,0,1,1,0,0,0,0,0,0
DATA,742000,-0.970049,0.242910,65.8,0.669,0.000,7.544,61.5,1.751,94.0,41.6,0,1,1,0,0,0,0,0,0
DATA,744000,-0.970013,0.243051,65.8,0.668,0.000,7.548,61.7,1.751,94.0,41.6,0,1,1,0,0,0,0,0,0
DATA,746000,-0.969978,0.243192,65.8,0.668,0.000,7.549,61.8,1.751,94.0,41.6,0,1,1,0,0,0,0,0,0
DATA,748000,-0.969943,0.243333,65.8,0.669,0.000,7.547,61.7,1.751,94.0,41.6,0,1,1,0,0,0,0,0,0
DATA,750000,-0.969907,0.243474,65.8,0.669,0.000,7.548,61.8,1.751,94.0,41.6,0,1,1,0,0,0,0,0,0
DATA,752000,-0.969872,0.243615,65.8,0.669,0.000,7.548,61.8,1.751,94.0,41.6,0,1,1,0,0,0,0,0,0
DATA,754000,-0.969836,0.243756,65.8,0.669,0.000,7.550,61.8,1.751,94.0,41.6,0,1,1,0,0,0,0,0,0
DATA,756000,-0.969801,0.243897,65.8,0.670,0.000,7.555,62.2,1.751,94.0,41.6,0,1,1,0,0,0,0,0,0
DATA,758000,-0.969766,0.244039,65.8,0.671,0.000,7.555,62.2,1.751,94.0,41.6,0,1,1,0,0,0,0,0,0
DATA,760000,-0.969730,0.244179,65.8,0.671,0.000,7.555,62.2,1.751,94.0,41.6,0,1,1,0,0,0,0,0,0
DATA,762000,-0.969694,0.244321,65.8,0.672,0.000,7.553,62.1,1.751,94.0,41.6,0,1,1,0,0,0,0,0,0
DATA,764000,-0.969659,0.244461,65.8,0.672,0.000,7.553,62.0,1.751,94.0,41.6,0,1,1,0,0,0,0,0,0
DATA,766000,-0.969623,0.244603,65.8,0.672,0.000,7.551,62.0,1.751,94.0,41.6,0,1,1,0,0,0,0,0,0
DATA,768000,-0.969588,0.244743,65.8,0.671,0.000,7.548,61.7,1.751,94.0,41.6,0,1,1,0,0,0,0,0,0
DATA,770000,-0.969552,0.244885,65.8,0.670,0.000,7.547,61.7,1.751,94.0,41.6,0,1,1,0,0,0,0,0,0
DATA,772000,-0.969517,0.245025,65.8,0.669,0.000,7.548,61.8,1.751,94.0,41.6,0,1,1,0,0,0,0,0,0
DATA,774000,-0.969481,0.245167,65.8,0.669,0.000,7.548,61.7,1.751,94.0,41.6,0,1,1,0,0,0,0,0,0
DATA,776000,-0.969445,0.245307,65.8,0.669,0.000,7.547,61.7,1.751,94.0,41.6,0,1,1,0,0,0,0,0,0
DATA,778000,-0.969410,0.245449,65.8,0.669,0.000,7.547,61.7,1.751,94.0,41.6,0,1,1,0,0,0,0,0,0
DATA,780000,-0.969374,0.245590,65.8,0.669,0.000,7.547,61.7,1.751,94.0,41.6,0,1,1,0,0,0,0,0,0
DATA,782000,-0.969338,0.245731,65.8,0.669,0.000,7.547,61.7,1.751,94.0,41.6,0,1,1,0,0,0,0,0,0
DATA,784000,-0.969303,0.245871,65.8,0.669,0.000,7.547,61.7,1.751,94.0,41.6,0,1,1,0,0,0,0,0,0
DATA,786000,-0.969267,0.246013,65.8,0.669,0.000,7.547,61.7,1.751,94.0,41.6,0,1,1,0,0,0,0,0,0
DATA,788000,-0.969231,0.246154,65.8,0.669,0.000,7.545,61.6,1.751,94.0,41.6,0,1,1,0,0,0,0,0,0
DATA,790000,-0.969195,0.246295,65.8,0.668,0.000,7.545,61.5,1.751,94.0,41.6,0,1,1,0,0,0,0,0,0
DATA,792000,-0.969159,0.246435,65.8,0.669,0.000,7.547,61.7,1.751,94.0,41.6,0,1,1,0,0,0,0,0,0
DATA,794000,-0.969123,0.246576,65.8,0.668,0.000,7.545,61.6,1.751,94.0,41.6,0,1,1,0,0,0,0,0,0
DATA,796000,-0.969087,0.246717,65.8,0.669,0.000,7.546,61.6,1.751,94.0,41.6,0,1,1,0,0,0,0,0,0
DATA,798000,-0.969052,0.246858,65.8,0.669,0.000,7.545,61.6,1.751,94.0,41.6,0,1,1,0,0,0,0,0,0
DATA,800000,-0.969016,0.246999,65.8,0.669,0.000,7.552,62.0,1.751,94.0,41.6,0,1,1,0,0,0,0,0,0
DATA,802000,-0.968980,0.247140,65.8,0.670,0.000,7.554,62.1,1.751,94.0,41.6,0,1,1,0,0,0,0,0,0
DATA,804000,-0.968944,0.247281,65.8,0.671,0.000,7.548,61.8,1.751,94.0,41.6,0,1,1,0,0,0,0,0,0
DATA,806000,-0.968908,0.247422,65.8,0.671,0.000,7.550,61.9,1.751,94.0,41.6,0,1,1,0,0,0,0,0,0
DATA,808000,-0.968872,0.247562,65.8,0.672,0.000,7.554,62.1,1.751,94.0,41.6,0,1,1,0,0,0,0,0,0
DATA,810000,-0.968836,0.247704,65.8,0.672,0.000,7.552,62.0,1.751,94.0,41.6,0,1,1,0,0,0,0,0,0
DATA,812000,-0.968800,0.247845,65.8,0.672,0.000,7.553,62.1,1.751,94.0,41.6,0,1,1,0,0,0,0,0,0
DATA,814000,-0.968764,0.247986,65.8,0.673,0.000,7.553,62.1,1.751,94.0,41.6,0,1,1,0,0,0,0,0,0
DATA,816000,-0.968728,0.248126,65.8,0.673,0.000,7.551,62.0,1.751,94.0,41.6,0,1,1,0,0,0,0,0,0
DATA,818000,-0.968692,0.248267,65.8,0.673,0.000,7.551,62.0,1.751,94.0,41.6,0,1,1,0,0,0,0,0,0
DATA,820000,-0.968655,0.248408,65.8,0.673,0.000,7.551,61.9,1.751,94.0,41.6,0,1,1,0,0,0,0,0,0
DATA,822000,-0.968619,0.248549,65.8,0.673,0.000,7.548,61.7,1.750,94.0,41.6,0,1,1,0,0,0,0,0,0
DATA,824000,-0.968583,0.248690,65.8,0.672,0.000,7.551,61.9,1.750,94.0,41.6,0,1,1,0,0,0,0,0,0
DATA,826000,-0.968547,0.248831,65.8,0.672,0.000,7.552,62.0,1.750,94.0,41.6,0,1,1,0,0,0,0,0,0
DATA,828000,-0.968511,0.248972,65.8,0.671,0.000,7.548,61.7,1.750,94.0,41.6,0,1,1,0,0,0,0,0,0
DATA,830000,-0.968475,0.249113,65.8,0.672,0.000,7.551,61.9,1.751,94.0,41.6,0,1,1,0,0,0,0,0,0
DATA,832000,-0.968438,0.249254,65.8,0.672,0.000,7.551,62.0,1.751,94.0,41.6,0,1,1,0,0,0,0,0,0
DATA,834000,-0.968402,0.249394,65.8,0.672,0.000,7.549,61.8,1.751,94.0,41.6,0,1,1,0,0,0,0,0,0
DATA,836000,-0.968366,0.249535,65.8,0.672,0.000,7.552,62.0,1.751,94.0,41.6,0,1,1,0,0,0,0,0,0
DATA,838000,-0.968329,0.249676,65.8,0.673,0.000,7.552,62.0,1.751,94.0,41.6,0,1,1,0,0,0,0,0,0
DATA,840000,-0.968293,0.249817,65.8,0.672,0.000,7.550,61.9,1.751,94.0,41.6,0,1,1,0,0,0,0,0,0
DATA,842000,-0.968257,0.249958,65.8,0.672,0.000,7.544,61.5,1.751,94.0,41.6,0,1,1,0,0,0,0,0,0
DATA,844000,-0.968220,0.250098,65.8,0.670,0.000,7.544,61.5,1.750,94.0,41.6,0,1,1,0,0,0,0,0,0
DATA,846000,-0.968184,0.250239,65.8,0.669,0.000,7.543,61.5,1.750,94.0,41.6,0,1,1,0,0,0,0,0,0
DATA,848000,-0.968148,0.250380,65.8,0.669,0.000,7.544,61.5,1.750,94.0,41.6,0,1,1,0,0,0,0,0,0
DATA,850000,-0.968111,0.250521,65.8,0.669,0.000,7.542,61.4,1.749,94.0,41.6,0,1,1,0,0,0,0,0,0
DATA,852000,-0.968075,0.250662,65.8,0.669,0.000,7.543,61.4,1.749,94.0,41.6,0,1,1,0,0,0,0,0,0
DATA,854000,-0.968038,0.250803,65.8,0.669,0.000,7.543,61.4,1.748,94.0,41.6,0,1,1,0,0,0,0,0,0
DATA,856000,-0.968002,0.250944,65.8,0.669,0.000,7.543,61.4,1.748,94.0,41.6,0,1,1,0,0,0,0,0,0
DATA,858000,-0.967965,0.251084,65.8,0.669,0.000,7.543,61.4,1.749,94.0,41.6,0,1,1,0,0,0,0,0,0
DATA,860000,-0.967929,0.251225,65.8,0.669,0.000,7.542,61.4,1.750,94.0,41.6,0,1,1,0,0,0,0,0,0
DATA,862000,-0.967892,0.251366,65.8,0.669,0.000,7.543,61.4,1.751,94.0,41.6,0,1,1,0,0,0,0,0,0
DATA,864000,-0.967856,0.251507,65.8,0.669,0.000,7.542,61.4,1.751,94.0,41.6,0,1,1,0,0,0,0,0,0
DATA,866000,-0.967819,0.251647,65.8,0.669,0.000,7.541,61.3,1.750,94.0,41.6,0,1,1,0,0,0,0,0,0
DATA,868000,-0.967782,0.251788,65.8,0.669,0.000,7.542,61.4,1.750,94.0,41.6,0,1,1,0,0,0,0,0,0
DATA,870000,-0.967746,0.251929,65.8,0.669,0.000,7.541,61.3,1.750,94.0,41.6,0,1,1,0,0,0,0,0,0
DATA,872000,-0.967709,0.252070,65.8,0.669,0.000,7.542,61.4,1.750,94.0,41.6,0,1,1,0,0,0,0,0,0
DATA,874000,-0.967673,0.252210,65.8,0.669,0.000,7.542,61.4,1.751,94.0,41.6,0,1,1,0,0,0,0,0,0
DATA,876000,-0.967636,0.252351,65.8,0.669,0.000,7.542,61.4,1.751,94.0,41.6,0,1,1,0,0,0,0,0,0
DATA,878000,-0.967599,0.252492,65.8,0.669,0.000,7.541,61.3,1.751,94.0,41.6,0,1,1,0,0,0,0,0,0
DATA,880000,-0.967562,0.252633,65.8,0.669,0.000,7.541,61.3,1.751,94.0,41.6,0,1,1,0,0,0,0,0,0
DATA,882000,-0.967526,0.252773,65.8,0.669,0.000,7.539,61.2,1.750,94.0,41.6,0,1,1,0,0,0,0,0,0
DATA,884000,-0.967489,0.252914,65.8,0.669,0.000,7.541,61.3,1.749,94.0,41.6,0,1,1,0,0,0,0,0,0
DATA,886000,-0.967452,0.253055,65.8,0.669,0.000,7.539,61.2,1.749,94.0,41.6,0,1,1,0,0,0,0,0,0
DATA,888000,-0.967415,0.253195,65.8,0.669,0.000,7.541,61.3,1.749,94.0,41.6,0,1,1,0,0,0,0,0,0
DATA,890000,-0.967378,0.253336,65.8,0.669,0.000,7.541,61.3,1.750,94.0,41.6,0,1,1,0,0,0,0,0,0
DATA,892000,-0.967341,0.253477,65.8,0.669,0.000,7.540,61.3,1.750,94.0,41.6,0,1,1,0,0,0,0,0,0
DATA,894000,-0.967305,0.253618,65.8,0.670,0.000,7.541,61.3,1.750,94.0,41.6,0,1,1,0,0,0,0,0,0
DATA,896000,-0.967268,0.253758,65.8,0.670,0.000,7.541,61.3,1.749,94.0,41.6,0,1,1,0,0,0,0,0,0
DATA,898000,-0.967231,0.253899,65.8,0.670,0.000,7.541,61.3,1.749,94.0,41.6,0,1,1,0,0,0,0,0,0
DATA,900000,-0.967194,0.254040,65.8,0.670,0.000,7.539,61.2,1.750,94.0,41.6,0,1,1,0,0,0,0,0,0
DATA,902000,-0.967157,0.254180,65.8,0.669,0.000,7.539,61.2,1.749,94.0,41.6,0,1,1,0,0,0,0,0,0
DATA,904000,-0.967120,0.254321,65.8,0.669,0.000,7.540,61.3,1.750,94.0,41.6,0,1,1,0,0,0,0,0,0
DATA,906000,-0.967083,0.254462,65.8,0.670,0.000,7.539,61.2,1.750,94.0,41.6,0,1,1,0,0,0,0,0,0
DATA,908000,-0.967046,0.254602,65.8,0.669,0.000,7.539,61.2,1.750,94.0,41.6,0,1,1,0,0,0,0,0,0
DATA,910000,-0.967009,0.254743,65.8,0.669,0.000,7.539,61.2,1.751,94.0,41.6,0,1,1,0,0,0,0,0,0
DATA,912000,-0.966972,0.254883,65.8,0.669,0.000,7.539,61.2,1.751,94.0,41.6,0,1,1,0,0,0,0,0,0
DATA,914000,-0.966935,0.255024,65.8,0.669,0.000,7.540,61.2,1.751,94.0,41.6,0,1,1,0,0,0,0,0,0
DATA,916000,-0.966898,0.255165,65.8,0.670,0.000,7.540,61.2,1.751,94.0,41.6,0,1,1,0,0,0,0,0,0
DATA,918000,-0.966860,0.255305,65.8,0.670,0.000,7.540,61.2,1.751,94.0,41.6,0,1,1,0,0,0,0,0,0
DATA,920000,-0.966823,0.255446,65.8,0.670,0.000,7.539,61.2,1.751,94.0,41.6,0,1,1,0,0,0,0,0,0
DATA,922000,-0.966786,0.255587,65.8,0.669,0.000,7.539,61.2,1.750,94.0,41.6,0,1,1,0,0,0,0,0,0
DATA,924000,-0.966749,0.255727,65.8,0.669,0.000,7.539,61.2,1.749,94.0,41.6,0,1,1,0,0,0,0,0,0
DATA,926000,-0.966712,0.255868,65.8,0.669,0.000,7.539,61.2,1.749,94.0,41.6,0,1,1,0,0,0,0,0,0
DATA,928000,-0.966675,0.256008,65.8,0.669,0.000,7.539,61.2,1.749,94.0,41.6,0,1,1,0,0,0,0,0,0
DATA,930000,-0.966637,0.256149,65.8,0.669,0.000,7.538,61.1,1.750,94.0,41.6,0,1,1,0,0,0,0,0,0
DATA,932000,-0.966600,0.256289,65.8,0.670,0.000,7.538,61.2,1.751,94.0,41.6,0,1,1,0,0,0,0,0,0
DATA,934000,-0.966563,0.256430,65.8,0.670,0.000,7.538,61.1,1.751,94.0,41.6,0,1,1,0,0,0,0,0,0
DATA,936000,-0.966525,0.256571,65.8,0.670,0.000,7.538,61.1,1.751,94.0,41.6,0,1,1,0,0,0,0,0,0
DATA,938000,-0.966488,0.256711,65.8,0.670,0.000,7.538,61.1,1.751,94.0,41.6,0,1,1,0,0,0,0,0,0
DATA,940000,-0.966451,0.256852,65.8,0.670,0.000,7.536,61.0,1.750,94.0,41.6,0,1,1,0,0,0,0,0,0
DATA,942000,-0.966414,0.256992,65.8,0.669,0.000,7.537,61.1,1.750,94.0,41.6,0,1,1,0,0,0,0,0,0
DATA,944000,-0.966376,0.257133,65.8,0.669,0.000,7.536,61.0,1.750,94.0,41.6,0,1,1,0,0,0,0,0,0
DATA,946000,-0.966339,0.257273,65.8,0.669,0.000,7.537,61.1,1.750,94.0,41.6,0,1,1,0,0,0,0,0,0
DATA,948000,-0.966301,0.257414,65.8,0.669,0.000,7.538,61.1,1.751,94.0,41.6,0,1,1,0,0,0,0,0,0
DATA,950000,-0.966264,0.257555,65.8,0.669,0.000,7.537,61.1,1.751,94.0,41.6,0,1,1,0,0,0,0,0,0
DATA,952000,-0.966226,0.257695,65.8,0.669,0.000,7.537,61.1,1.751,94.0,41.6,0,1,1,0,0,0,0,0,0
DATA,954000,-0.966189,0.257836,65.8,0.669,0.000,7.537,61.1,1.751,94.0,41.6,0,1,1,0,0,0,0,0,0
DATA,956000,-0.966151,0.257976,65.8,0.669,0.000,7.537,61.0,1.751,94.0,41.6,0,1,1,0,0,0,0,0,0
DATA,958000,-0.966114,0.258117,65.8,0.669,0.000,7.537,61.0,1.751,94.0,41.6,0,1,1,0,0,0,0,0,0
DATA,960000,-0.966076,0.258257,65.8,0.670,0.000,7.536,61.0,1.751,94.0,41.6,0,1,1,0,0,0,0,0,0
DATA,962000,-0.966039,0.258398,65.8,0.670,0.000,7.537,61.0,1.751,94.0,41.6,0,1,1,0,0,0,0,0,0
DATA,964000,-0.966001,0.258538,65.8,0.670,0.000,7.537,61.0,1.751,94.0,41.6,0,1,1,0,0,0,0,0,0
DATA,966000,-0.965963,0.258679,65.8,0.670,0.000,7.536,61.0,1.751,94.0,41.6,0,1,1,0,0,0,0,0,0
DATA,968000,-0.965926,0.258819,65.8,0.670,0.000,7.537,61.1,1.751,94.0,41.6,0,1,1,0,0,0,0,0,0
DATA,970000,-0.965888,0.258959,65.8,0.670,0.000,7.535,60.9,1.751,94.0,41.6,0,1,1,0,0,0,0,0,0
DATA,972000,-0.965850,0.259100,65.8,0.670,0.000,7.536,61.0,1.751,94.0,41.6,0,1,1,0,0,0,0,0,0
DATA,974000,-0.965813,0.259241,65.8,0.670,0.000,7.536,61.0,1.750,94.0,41.6,0,1,1,0,0,0,0,0,0
DATA,976000,-0.965775,0.259381,65.8,0.670,0.000,7.536,61.0,1.750,94.0,41.6,0,1,1,0,0,0,0,0,0
DATA,978000,-0.965737,0.259521,65.8,0.670,0.000,7.536,61.0,1.749,94.0,41.6,0,1,1,0,0,0,0,0,0
DATA,980000,-0.965699,0.259662,65.8,0.670,0.000,7.535,61.0,1.749,94.0,41.6,0,1,1,0,0,0,0,0,0
DATA,982000,-0.965662,0.259803,65.8,0.670,0.000,7.536,61.0,1.749,94.0,41.6,0,1,1,0,0,0,0,0,0
DATA,984000,-0.965624,0.259943,65.8,0.670,0.000,7.536,61.0,1.748,94.0,41.2,0,1,1,0,0,0,0,0,0
DATA,986000,-0.965586,0.260083,65.8,0.670,0.000,7.535,60.9,1.749,94.0,41.2,0,1,1,0,0,0,0,0,0
DATA,988000,-0.965548,0.260224,65.8,0.670,0.000,7.535,61.0,1.749,94.0,41.2,0,1,1,0,0,0,0,0,0
DATA,990000,-0.965510,0.260364,65.8,0.670,0.000,7.535,60.9,1.748,94.0,41.2,0,1,1,0,0,0,0,0,0
DATA,992000,-0.965473,0.260504,65.8,0.670,0.000,7.535,60.9,1.748,94.0,41.2,0,1,1,0,0,0,0,0,0
DATA,994000,-0.965435,0.260645,65.8,0.669,0.000,7.535,60.9,1.748,94.0,41.2,0,1,1,0,0,0,0,0,0
DATA,996000,-0.965397,0.260786,65.8,0.669,0.000,7.535,60.9,1.747,94.0,41.2,0,1,1,0,0,0,0,0,0
DATA,998000,-0.965359,0.260926,65.8,0.669,0.000,7.535,60.9,1.748,94.0,41.2,0,1,1,0,0,0,0,0,0
DATA,1000000,-0.965321,0.261066,65.8,0.669,0.000,7.533,60.8,1.747,94.0,41.2,0,1,1,0,0,0,0,0,0
DATA,1002000,-0.965283,0.261207,65.8,0.669,0.000,7.534,60.9,1.747,94.0,41.2,0,1,1,0,0,0,0,0,0
DATA,1004000,-0.965245,0.261347,65.8,0.669,0.000,7.535,60.9,1.748,94.0,41.2,0,1,1,0,0,0,0,0,0
DATA,1006000,-0.965207,0.261488,65.8,0.669,0.000,7.535,60.9,1.748,94.0,41.2,0,1,1,0,0,0,0,0,0
DATA,1008000,-0.965169,0.261627,65.8,0.670,0.000,7.535,60.9,1.749,94.0,41.2,0,1,1,0,0,0,0,0,0
DATA,1010000,-0.965131,0.261768,65.8,0.670,0.000,7.534,60.9,1.749,94.0,41.2,0,1,1,0,0,0,0,0,0
DATA,1012000,-0.965093,0.261909,65.8,0.669,0.000,7.534,60.9,1.748,94.0,41.2,0,1,1,0,0,0,0,0,0
DATA,1014000,-0.965055,0.262049,65.8,0.669,0.000,7.534,60.9,1.747,94.0,41.2,0,1,1,0,0,0,0,0,0
DATA,1016000,-0.965016,0.262189,65.8,0.669,0.000,7.533,60.8,1.746,94.0,41.2,0,1,1,0,0,0,0,0,0
DATA,1018000,-0.964978,0.262330,65.8,0.669,0.000,7.534,60.9,1.747,94.0,41.2,0,1,1,0,0,0,0,0,0
DATA,1020000,-0.964940,0.262470,65.0,0.669,0.000,7.533,60.8,1.748,94.0,41.2,0,1,1,0,0,0,0,0,0
DATA,1022000,-0.964902,0.262610,65.0,0.669,0.000,7.533,60.8,1.748,94.0,41.2,0,1,1,0,0,0,0,0,0
DATA,1024000,-0.964864,0.262751,63.3,0.669,0.000,7.533,60.8,1.748,94.0,41.2,0,1,1,0,0,0,0,0,0
DATA,1026000,-0.964826,0.262891,62.5,0.669,0.000,7.532,60.8,1.748,94.0,41.2,0,1,1,0,0,0,0,0,0
DATA,1028000,-0.964787,0.263031,60.8,0.669,0.000,7.533,60.8,1.747,94.0,41.2,0,1,1,0,0,0,0,0,0
DATA,1030000,-0.964749,0.263172,61.7,0.669,0.000,7.533,60.8,1.747,94.0,41.2,0,1,1,0,0,0,0,0,0
DATA,1032000,-0.964711,0.263312,56.7,0.669,0.000,7.531,60.7,1.747,94.0,41.2,0,1,1,0,0,0,0,0,0
DATA,1034000,-0.964672,0.263452,60.0,0.669,0.000,7.533,60.8,1.747,94.0,41.2,0,1,1,0,0,0,0,0,0
DATA,1036000,-0.964634,0.263593,47.5,0.669,0.000,7.530,60.6,1.746,94.0,41.2,0,1,1,0,0,0,0,0,0
DATA,1038000,-0.964596,0.263733,32.5,0.668,0.000,7.527,60.4,1.745,94.0,41.2,0,1,1,0,0,0,0,0,0
DATA,1040000,-0.964557,0.263873,33.3,0.668,0.000,7.530,60.6,1.744,94.0,41.2,0,1,1,0,0,0,0,0,0
DATA,1042000,-0.964519,0.264013,36.7,0.668,0.000,7.530,60.6,1.744,94.0,41.2,0,1,1,0,0,0,0,0,0
DATA,1044000,-0.964481,0.264154,58.3,0.668,0.000,7.530,60.6,1.744,94.0,41.2,0,1,1,0,0,0,0,0,0
DATA,1046000,-0.964442,0.264294,58.3,0.668,0.000,7.531,60.7,1.744,94.0,41.2,0,1,1,0,0,0,0,0,0
DATA,1048000,-0.964404,0.264434,58.3,0.669,0.000,7.531,60.7,1.745,94.0,41.2,0,1,1,0,0,0,0,0,0
DATA,1050000,-0.964365,0.264574,53.3,0.669,0.000,7.531,60.7,1.746,94.0,41.2,0,1,1,0,0,0,0,0,0
DATA,1052000,-0.964327,0.264715,55.8,0.669,0.000,7.531,60.7,1.746,94.0,41.2,0,1,1,0,0,0,0,0,0
DATA,1054000,-0.964288,0.264855,56.7,0.669,0.000,7.531,60.7,1.747,94.0,41.2,0,1,1,0,0,0,0,0,0
DATA,1056000,-0.964250,0.264995,50.8,0.669,0.000,7.528,60.5,1.746,94.0,41.2,0,1,1,0,0,0,0,0,0
DATA,1058000,-0.964211,0.265135,57.5,0.669,0.000,7.529,60.6,1.746,94.0,41.2,0,1,1,0,0,0,0,0,0
DATA,1060000,-0.964173,0.265276,56.7,0.669,0.000,7.530,60.6,1.747,94.0,41.2,0,1,1,0,0,0,0,0,0
DATA,1062000,-0.964134,0.265416,58.3,0.669,0.000,7.530,60.6,1.746,94.0,41.2,0,1,1,0,0,0,0,0,0
DATA,1064000,-0.964095,0.265556,41.7,0.669,0.000,7.528,60.5,1.747,94.0,41.2,0,1,1,0,0,0,0,0,0
DATA,1066000,-0.964057,0.265696,33.3,0.669,0.000,7.530,60.6,1.748,94.0,41.2,0,1,1,0,0,0,0,0,0
DATA,1068000,-0.964018,0.265837,46.7,0.670,0.000,7.531,60.7,1.748,94.0,41.2,0,1,1,0,0,0,0,0,0
DATA,1070000,-0.963979,0.265977,60.8,0.670,0.000,7.531,60.7,1.749,94.0,41.2,0,1,1,0,0,0,0,0,0
DATA,1072000,-0.963941,0.266117,62.5,0.670,0.000,7.531,60.7,1.750,94.0,41.2,0,1,1,0,0,0,0,0,0
DATA,1074000,-0.963902,0.266257,64.2,0.670,0.000,7.530,60.6,1.750,94.0,41.2,0,1,1,0,0,0,0,0,0
DATA,1076000,-0.963863,0.266398,64.2,0.670,0.000,7.530,60.6,1.750,94.0,41.2,0,1,1,0,0,0,0,0,0
DATA,1078000,-0.963825,0.266537,65.0,0.670,0.000,7.530,60.7,1.750,94.0,41.2,0,1,1,0,0,0,0,0,0
DATA,1080000,-0.963786,0.266678,65.0,0.670,0.000,7.529,60.6,1.749,94.0,41.2,0,1,1,0,0,0,0,0,0
DATA,1082000,-0.963747,0.266818,65.0,0.670,0.000,7.529,60.6,1.749,94.0,41.2,0,1,1,0,0,0,0,0,0
DATA,1084000,-0.963708,0.266958,65.0,0.670,0.000,7.529,60.5,1.749,94.0,41.2,0,1,1,0,0,0,0,0,0
DATA,1086000,-0.963669,0.267098,65.0,0.670,0.000,7.529,60.5,1.749,94.0,41.2,0,1,1,0,0,0,0,0,0
DATA,1088000,-0.963630,0.267238,65.0,0.670,0.000,7.529,60.6,1.750,94.0,41.2,0,1,1,0,0,0,0,0,0
DATA,1090000,-0.963591,0.267379,65.0,0.670,0.000,7.529,60.5,1.750,94.0,41.2,0,1,1,0,0,0,0,0,0
DATA,1092000,-0.963553,0.267519,65.0,0.670,0.000,7.529,60.5,1.749,94.0,41.2,0,1,1,0,0,0,0,0,0
DATA,1094000,-0.963514,0.267659,65.0,0.669,0.000,7.525,60.3,1.749,94.0,41.2,0,1,1,0,0,0,0,0,0
DATA,1096000,-0.963475,0.267799,65.0,0.669,0.000,7.527,60.4,1.748,94.0,41.2,0,1,1,0,0,0,0,0,0
DATA,1098000,-0.963436,0.267939,65.0,0.668,0.000,7.527,60.4,1.748,94.0,41.2,0,1,1,0,0,0,0,0,0
DATA,1100000,-0.963397,0.268080,65.0,0.668,0.000,7.527,60.4,1.748,94.0,41.2,0,1,1,0,0,0,0,0,0
DATA,1102000,-0.963358,0.268219,65.0,0.668,0.000,7.526,60.4,1.746,94.0,41.2,0,1,1,0,0,0,0,0,0
DATA,1104000,-0.963319,0.268359,65.0,0.669,0.000,7.527,60.4,1.747,94.0,41.2,0,1,1,0,0,0,0,0,0
DATA,1106000,-0.963280,0.268500,65.0,0.668,0.000,7.525,60.3,1.744,94.0,41.2,0,1,1,0,0,0,0,0,0
DATA,1108000,-0.963241,0.268640,65.0,0.668,0.000,7.527,60.4,1.745,94.0,41.2,0,1,1,0,0,0,0,0,0
DATA,1110000,-0.963202,0.268780,65.0,0.668,0.000,7.524,60.3,1.746,94.0,41.2,0,1,1,0,0,0,0,0,0
DATA,1112000,-0.963162,0.268920,65.0,0.668,0.000,7.524,60.2,1.745,94.0,41.2,0,1,1,0,0,0,0,0,0
DATA,1114000,-0.963123,0.269060,65.0,0.669,0.000,7.527,60.4,1.747,94.0,41.2,0,1,1,0,0,0,0,0,0
DATA,1116000,-0.963084,0.269200,65.0,0.668,0.000,7.525,60.3,1.745,94.0,41.2,0,1,1,0,0,0,0,0,0
DATA,1118000,-0.963045,0.269340,65.0,0.668,0.000,7.527,60.4,1.746,94.0,41.2,0,1,1,0,0,0,0,0,0
DATA,1120000,-0.963006,0.269480,65.0,0.668,0.000,7.522,60.1,1.744,94.0,41.2,0,1,1,0,0,0,0,0,0
DATA,1122000,-0.962967,0.269620,65.0,0.668,0.000,7.523,60.2,1.744,94.0,41.2,0,1,1,0,0,0,0,0,0
DATA,1124000,-0.962927,0.269760,65.0,0.668,0.000,7.526,60.4,1.745,94.0,41.2,0,1,1,0,0,0,0,0,0
DATA,1126000,-0.962888,0.269900,65.0,0.668,0.000,7.526,60.4,1.745,94.0,41.2,0,1,1,0,0,0,0,0,0
DATA,1128000,-0.962849,0.270041,65.0,0.668,0.000,7.524,60.2,1.747,94.0,41.2,0,1,1,0,0,0,0,0,0
DATA,1130000,-0.962810,0.270181,65.0,0.669,0.000,7.526,60.4,1.748,94.0,41.2,0,1,1,0,0,0,0,0,0
DATA,1132000,-0.962770,0.270321,65.0,0.668,0.000,7.523,60.2,1.747,94.0,41.2,0,1,1,0,0,0,0,0,0
DATA,1134000,-0.962731,0.270461,65.0,0.668,0.000,7.527,60.4,1.746,94.0,41.2,0,1,1,0,0,0,0,0,0
DATA,1136000,-0.962692,0.270601,65.0,0.668,0.000,7.527,60.4,1.746,94.0,41.2,0,1,1,0,0,0,0,0,0
DATA,1138000,-0.962652,0.270741,65.0,0.668,0.000,7.525,60.3,1.746,94.0,41.2,0,1,1,0,0,0,0,0,0
DATA,1140000,-0.962613,0.270881,65.0,0.669,0.000,7.527,60.4,1.748,94.0,41.2,0,1,1,0,0,0,0,0,0
DATA,1142000,-0.962573,0.271021,65.0,0.669,0.000,7.524,60.2,1.748,94.0,41.2,0,1,1,0,0,0,0,0,0
DATA,1144000,-0.962534,0.271161,65.0,0.669,0.000,7.523,60.2,1.747,94.0,41.2,0,1,1,0,0,0,0,0,0
DATA,1146000,-0.962495,0.271301,65.0,0.669,0.000,7.526,60.4,1.747,94.0,41.2,0,1,1,0,0,0,0,0,0
DATA,1148000,-0.962455,0.271441,65.0,0.669,0.000,7.525,60.3,1.746,94.0,41.2,0,1,1,0,0,0,0,0,0
DATA,1150000,-0.962416,0.271581,65.0,0.669,0.000,7.525,60.3,1.746,94.0,41.2,0,1,1,0,0,0,0,0,0
DATA,1152000,-0.962376,0.271720,65.0,0.669,0.000,7.525,60.3,1.746,94.0,41.2,0,1,1,0,0,0,0,0,0
DATA,1154000,-0.962337,0.271860,65.0,0.669,0.000,7.526,60.4,1.746,94.0,41.2,0,1,1,0,0,0,0,0,0
DATA,1156000,-0.962297,0.272000,65.0,0.669,0.000,7.523,60.2,1.745,94.0,41.2,0,1,1,0,0,0,0,0,0
DATA,1158000,-0.962257,0.272141,65.0,0.668,0.000,7.523,60.2,1.745,94.0,41.2,0,1,1,0,0,0,0,0,0
DATA,1160000,-0.962218,0.272280,65.0,0.668,0.000,7.521,60.0,1.745,94.0,41.2,0,1,1,0,0,0,0,0,0
DATA,1162000,-0.962178,0.272420,65.0,0.668,0.000,7.524,60.3,1.745,94.0,41.2,0,1,1,0,0,0,0,0,0
DATA,1164000,-0.962139,0.272560,65.0,0.668,0.000,7.522,60.1,1.744,94.0,41.2,0,1,1,0,0,0,0,0,0
DATA,1166000,-0.962099,0.272701,65.0,0.668,0.000,7.522,60.1,1.745,94.0,41.2,0,1,1,0,0,0,0,0,0
DATA,1168000,-0.962059,0.272840,65.0,0.668,0.000,7.524,60.2,1.745,94.0,41.2,0,1,1,0,0,0,0,0,0
DATA,1170000,-0.962020,0.272980,65.0,0.668,0.000,7.522,60.1,1.746,94.0,41.2,0,1,1,0,0,0,0,0,0
DATA,1172000,-0.961980,0.273120,65.0,0.668,0.000,7.521,60.1,1.746,94.0,41.2,0,1,1,0,0,0,0,0,0
DATA,1174000,-0.961940,0.273260,65.0,0.668,0.000,7.521,60.0,1.744,94.0,41.2,0,1,1,0,0,0,0,0,0
DATA,1176000,-0.961901,0.273400,65.0,0.668,0.000,7.524,60.2,1.744,94.0,41.2,0,1,1,0,0,0,0,0,0
DATA,1178000,-0.961861,0.273540,65.0,0.668,0.000,7.524,60.3,1.744,94.0,41.2,0,1,1,0,0,0,0,0,0
DATA,1180000,-0.961821,0.273679,65.0,0.668,0.000,7.523,60.2,1.744,94.0,41.2,0,1,1,0,0,0,0,0,0
DATA,1182000,-0.961781,0.273820,65.0,0.669,0.000,7.522,60.1,1.746,94.0,41.2,0,1,1,0,0,0,0,0,0
DATA,1184000,-0.961741,0.273959,65.0,0.668,0.000,7.522,60.1,1.746,94.0,41.2,0,1,1,0,0,0,0,0,0
DATA,1186000,-0.961701,0.274099,65.0,0.668,0.000,7.522,60.1,1.745,94.0,41.2,0,1,1,0,0,0,0,0,0
DATA,1188000,-0.961662,0.274239,65.0,0.668,0.000,7.522,60.1,1.745,94.0,41.2,0,1,1,0,0,0,0,0,0
DATA,1190000,-0.961622,0.274379,65.0,0.668,0.000,7.522,60.1,1.744,94.0,41.2,0,1,1,0,0,0,0,0,0
DATA,1192000,-0.961582,0.274519,65.0,0.669,0.000,7.523,60.2,1.744,94.0,41.2,0,1,1,0,0,0,0,0,0
DATA,1194000,-0.961542,0.274659,65.0,0.668,0.000,7.519,60.0,1.744,94.0,41.2,0,1,1,0,0,0,0,0,0
DATA,1196000,-0.961502,0.274798,65.0,0.668,0.000,7.519,60.0,1.743,94.0,41.2,0,1,1,0,0,0,0,0,0
DATA,1198000,-0.961462,0.274938,65.0,0.668,0.000,7.521,60.1,1.743,94.0,41.2,0,1,1,0,0,0,0,0,0
DATA,1200000,-0.961422,0.275078,65.0,0.668,0.000,7.519,59.9,1.742,94.0,41.2,0,1,1,0,0,0,0,0,0
DATA,1202000,-0.961382,0.275218,65.0,0.668,0.000,7.521,60.1,1.743,94.0,41.2,0,1,1,0,0,0,0,0,0
DATA,1204000,-0.961342,0.275358,65.0,0.669,0.000,7.522,60.1,1.744,94.0,41.2,0,1,1,0,0,0,0,0,0
DATA,1206000,-0.961302,0.275497,65.0,0.669,0.000,7.521,60.1,1.744,94.0,41.2,0,1,1,0,0,0,0,0,0
DATA,1208000,-0.961262,0.275638,65.0,0.669,0.000,7.522,60.1,1.744,94.0,41.2,0,1,1,0,0,0,0,0,0
DATA,1210000,-0.961222,0.275777,65.0,0.669,0.000,7.522,60.1,1.744,94.0,41.2,0,1,1,0,0,0,0,0,0
DATA,1212000,-0.961182,0.275917,65.0,0.669,0.000,7.521,60.1,1.744,94.0,41.2,0,1,1,0,0,0,0,0,0
DATA,1214000,-0.961141,0.276057,65.0,0.669,0.000,7.522,60.1,1.744,94.0,41.2,0,1,1,0,0,0,0,0,0
DATA,1216000,-0.961101,0.276197,65.0,0.669,0.000,7.522,60.1,1.744,94.0,40.8,0,1,1,0,0,0,0,0,0
DATA,1218000,-0.961061,0.276337,65.0,0.668,0.000,7.521,60.0,1.744,94.0,40.8,0,1,1,0,0,0,0,0,0
DATA,1220000,-0.961021,0.276476,65.0,0.669,0.000,7.522,60.1,1.744,94.0,40.8,0,1,1,0,0,0,0,0,0
DATA,1222000,-0.960981,0.276616,65.0,0.669,0.000,7.522,60.1,1.745,94.0,40.8,0,1,1,0,0,0,0,0,0
DATA,1224000,-0.960940,0.276756,65.0,0.669,0.000,7.522,60.1,1.745,94.0,40.8,0,1,1,0,0,0,0,0,0
DATA,1226000,-0.960900,0.276896,65.0,0.669,0.000,7.520,60.0,1.746,94.0,40.8,0,1,1,0,0,0,0,0,0
DATA,1228000,-0.960860,0.277035,65.0,0.669,0.000,7.517,59.8,1.745,94.0,40.8,0,1,1,0,0,0,0,0,0
DATA,1230000,-0.960819,0.277175,65.0,0.669,0.000,7.514,59.6,1.744,94.0,40.8,0,1,1,0,0,0,0,0,0
DATA,1232000,-0.960779,0.277315,65.0,0.668,0.000,7.516,59.8,1.743,94.0,40.8,0,1,1,0,0,0,0,0,0
DATA,1234000,-0.960739,0.277455,65.0,0.668,0.000,7.521,60.0,1.743,94.0,40.8,0,1,1,0,0,0,0,0,0
DATA,1236000,-0.960699,0.277594,65.0,0.669,0.000,7.523,60.2,1.745,94.0,40.8,0,1,1,0,0,0,0,0,0
DATA,1238000,-0.960658,0.277734,65.0,0.670,0.000,7.522,60.1,1.746,94.0,40.8,0,1,1,0,0,0,0,0,0
DATA,1240000,-0.960618,0.277874,65.0,0.671,0.000,7.522,60.1,1.748,94.0,40.8,0,1,1,0,0,0,0,0,0
DATA,1242000,-0.960577,0.278013,65.0,0.671,0.000,7.522,60.1,1.748,94.0,40.8,0,1,1,0,0,0,0,0,0
DATA,1244000,-0.960537,0.278153,65.0,0.671,0.000,7.525,60.3,1.747,94.0,40.8,0,1,1,0,0,0,0,0,0
DATA,1246000,-0.960496,0.278293,65.0,0.670,0.000,7.520,60.0,1.748,94.0,40.8,0,1,1,0,0,0,0,0,0
DATA,1248000,-0.960456,0.278433,65.0,0.670,0.000,7.523,60.2,1.747,94.0,40.8,0,1,1,0,0,0,0,0,0
DATA,1250000,-0.960415,0.278572,65.0,0.670,0.000,7.525,60.3,1.747,94.0,40.8,0,1,1,0,0,0,0,0,0
DATA,1252000,-0.960375,0.278711,65.0,0.670,0.000,7.523,60.2,1.748,94.0,40.8,0,1,1,0,0,0,0,0,0
DATA,1254000,-0.960334,0.278852,65.0,0.671,0.000,7.523,60.2,1.748,94.0,40.8,0,1,1,0,0,0,0,0,0
DATA,1256000,-0.960294,0.278991,65.0,0.672,0.000,7.524,60.3,1.748,94.0,40.8,0,1,1,0,0,0,0,0,0
DATA,1258000,-0.960253,0.279131,65.0,0.671,0.000,7.525,60.3,1.748,94.0,40.8,0,1,1,0,0,0,0,0,0
DATA,1260000,-0.960212,0.279271,65.0,0.672,0.000,7.525,60.3,1.748,94.0,40.8,0,1,1,0,0,0,0,0,0
DATA,1262000,-0.960172,0.279410,65.0,0.672,0.000,7.522,60.1,1.748,94.0,40.8,0,1,1,0,0,0,0,0,0
DATA,1264000,-0.960131,0.279550,65.0,0.672,0.000,7.526,60.4,1.748,94.0,40.8,0,1,1,0,0,0,0,0,0
DATA,1266000,-0.960091,0.279689,65.0,0.672,0.000,7.525,60.3,1.748,94.0,40.8,0,1,1,0,0,0,0,0,0
DATA,1268000,-0.960050,0.279830,65.0,0.672,0.000,7.524,60.2,1.748,94.0,40.8,0,1,1,0,0,0,0,0,0
DATA,1270000,-0.960009,0.279969,65.0,0.672,0.000,7.526,60.4,1.749,94.0,40.8,0,1,1,0,0,0,0,0,0
DATA,1272000,-0.959968,0.280108,65.0,0.671,0.000,7.521,60.1,1.748,94.0,40.8,0,1,1,0,0,0,0,0,0
DATA,1274000,-0.959928,0.280248,65.0,0.671,0.000,7.524,60.2,1.747,94.0,40.8,0,1,1,0,0,0,0,0,0
DATA,1276000,-0.959887,0.280388,65.0,0.671,0.000,7.525,60.3,1.748,94.0,40.8,0,1,1,0,0,0,0,0,0
DATA,1278000,-0.959846,0.280527,65.0,0.671,0.000,7.525,60.3,1.747,94.0,40.8,0,1,1,0,0,0,0,0,0
DATA,1280000,-0.959805,0.280667,65.0,0.671,0.000,7.525,60.3,1.748,94.0,40.8,0,1,1,0,0,0,0,0,0
DATA,1282000,-0.959764,0.280807,65.0,0.672,0.000,7.521,60.1,1.749,94.0,40.8,0,1,1,0,0,0,0,0,0
DATA,1284000,-0.959723,0.280946,65.0,0.672,0.000,7.524,60.2,1.749,94.0,40.8,0,1,1,0,0,0,0,0,0
DATA,1286000,-0.959683,0.281085,65.0,0.673,0.000,7.525,60.3,1.749,94.0,40.8,0,1,1,0,0,0,0,0,0
DATA,1288000,-0.959642,0.281225,65.0,0.673,0.000,7.526,60.4,1.748,94.0,40.8,0,1,1,0,0,0,0,0,0
DATA,1290000,-0.959601,0.281365,65.0,0.673,0.000,7.523,60.2,1.748,94.0,40.8,0,1,1,0,0,0,0,0,0
DATA,1292000,-0.959560,0.281505,65.0,0.673,0.000,7.525,60.3,1.748,94.0,40.8,0,1,1,0,0,0,0,0,0
DATA,1294000,-0.959519,0.281644,65.0,0.673,0.000,7.527,60.4,1.748,94.0,40.8,0,1,1,0,0,0,0,0,0
DATA,1296000,-0.959478,0.281783,65.0,0.673,0.000,7.526,60.4,1.749,94.0,40.8,0,1,1,0,0,0,0,0,0
DATA,1298000,-0.959437,0.281923,65.0,0.674,0.000,7.526,60.4,1.751,94.0,40.8,0,1,1,0,0,0,0,0,0
DATA,1300000,-0.959396,0.282063,65.0,0.674,0.000,7.525,60.3,1.751,94.0,40.8,0,1,1,0,0,0,0,0,0
DATA,1302000,-0.959355,0.282202,65.0,0.674,0.000,7.525,60.3,1.751,94.0,40.8,0,1,1,0,0,0,0,0,0
DATA,1304000,-0.959314,0.282342,65.0,0.674,0.000,7.525,60.3,1.750,94.0,40.8,0,1,1,0,0,0,0,0,0
DATA,1306000,-0.959273,0.282481,65.0,0.674,0.000,7.525,60.3,1.750,94.0,40.8,0,1,1,0,0,0,0,0,0
DATA,1308000,-0.959232,0.282621,65.0,0.674,0.000,7.526,60.4,1.750,94.0,40.8,0,1,1,0,0,0,0,0,0
DATA,1310000,-0.959191,0.282760,65.0,0.674,0.000,7.525,60.3,1.749,94.0,40.8,0,1,1,0,0,0,0,0,0
DATA,1312000,-0.959149,0.282900,65.0,0.674,0.000,7.524,60.3,1.750,94.0,40.8,0,1,1,0,0,0,0,0,0
DATA,1314000,-0.959108,0.283039,65.0,0.673,0.000,7.525,60.3,1.750,94.0,40.8,0,1,1,0,0,0,0,0,0
DATA,1316000,-0.959067,0.283179,65.0,0.673,0.000,7.524,60.3,1.750,94.0,40.8,0,1,1,0,0,0,0,0,0
DATA,1318000,-0.959026,0.283318,65.0,0.673,0.000,7.524,60.2,1.749,94.0,40.8,0,1,1,0,0,0,0,0,0
DATA,1320000,-0.958985,0.283458,65.0,0.673,0.000,7.524,60.3,1.749,94.0,40.8,0,1,1,0,0,0,0,0,0
DATA,1322000,-0.958944,0.283597,65.0,0.673,0.000,7.521,60.1,1.748,94.0,40.8,0,1,1,0,0,0,0,0,0
DATA,1324000,-0.958902,0.283737,65.0,0.673,0.000,7.523,60.2,1.748,94.0,40.8,0,1,1,0,0,0,0,0,0
DATA,1326000,-0.958861,0.283876,65.0,0.673,0.000,7.524,60.2,1.749,94.0,40.8,0,1,1,0,0,0,0,0,0
DATA,1328000,-0.958820,0.284016,65.0,0.673,0.000,7.523,60.2,1.748,94.0,40.8,0,1,1,0,0,0,0,0,0
DATA,1330000,-0.958779,0.284155,65.0,0.673,0.000,7.522,60.1,1.748,94.0,40.8,0,1,1,0,0,0,0,0,0
DATA,1332000,-0.958737,0.284295,65.0,0.671,0.000,7.518,59.9,1.746,94.0,40.8,0,1,1,0,0,0,0,0,0
DATA,1334000,-0.958696,0.284434,65.0,0.671,0.000,7.520,60.0,1.745,94.0,40.8,0,1,1,0,0,0,0,0,0
DATA,1336000,-0.958654,0.284573,65.0,0.671,0.000,7.520,60.0,1.745,94.0,40.8,0,1,1,0,0,0,0,0,0
DATA,1338000,-0.958613,0.284712,65.0,0.671,0.000,7.520,60.0,1.745,94.0,40.8,0,1,1,0,0,0,0,0,0
DATA,1340000,-0.958571,0.284852,65.0,0.672,0.000,7.519,60.0,1.745,94.0,40.8,0,1,1,0,0,0,0,0,0
DATA,1342000,-0.958530,0.284992,65.0,0.671,0.000,7.520,60.0,1.744,94.0,40.8,0,1,1,0,0,0,0,0,0
DATA,1344000,-0.958489,0.285131,65.0,0.671,0.000,7.520,60.0,1.744,94.0,40.8,0,1,1,0,0,0,0,0,0
DATA,1346000,-0.958447,0.285270,65.0,0.671,0.000,7.520,60.0,1.745,94.0,40.8,0,1,1,0,0,0,0,0,0
DATA,1348000,-0.958406,0.285410,65.0,0.671,0.000,7.521,60.0,1.744,94.0,40.8,0,1,1,0,0,0,0,0,0
DATA,1350000,-0.958364,0.285549,65.0,0.671,0.000,7.520,60.0,1.744,94.0,40.8,0,1,1,0,0,0,0,0,0
DATA,1352000,-0.958323,0.285689,65.0,0.671,0.000,7.521,60.0,1.744,94.0,40.8,0,1,1,0,0,0,0,0,0
DATA,1354000,-0.958281,0.285827,65.0,0.671,0.000,7.523,60.2,1.743,94.0,40.8,0,1,1,0,0,0,0,0,0
DATA,1356000,-0.958239,0.285967,65.0,0.671,0.000,7.521,60.0,1.744,94.0,40.8,0,1,1,0,0,0,0,0,0
DATA,1358000,-0.958198,0.286107,65.0,0.671,0.000,7.520,60.0,1.744,94.0,40.8,0,1,1,0,0,0,0,0,0
DATA,1360000,-0.958156,0.286246,65.0,0.671,0.000,7.521,60.1,1.744,94.0,40.8,0,1,1,0,0,0,0,0,0
DATA,1362000,-0.958115,0.286385,65.0,0.670,0.000,7.520,60.0,1.745,94.0,40.8,0,1,1,0,0,0,0,0,0
DATA,1364000,-0.958073,0.286525,65.0,0.670,0.000,7.520,60.0,1.745,94.0,40.8,0,1,1,0,0,0,0,0,0
DATA,1366000,-0.958031,0.286664,65.0,0.671,0.000,7.520,60.0,1.745,94.0,40.8,0,1,1,0,0,0,0,0,0
DATA,1368000,-0.957989,0.286803,65.0,0.671,0.000,7.522,60.1,1.744,94.0,40.8,0,1,1,0,0,0,0,0,0
DATA,1370000,-0.957948,0.286942,65.0,0.671,0.000,7.521,60.1,1.744,94.0,40.8,0,1,1,0,0,0,0,0,0
DATA,1372000,-0.957906,0.287082,65.0,0.671,0.000,7.521,60.1,1.744,94.0,40.8,0,1,1,0,0,0,0,0,0
DATA,1374000,-0.957864,0.287221,65.0,0.670,0.000,7.522,60.1,1.744,94.0,40.8,0,1,1,0,0,0,0,0,0
DATA,1376000,-0.957822,0.287361,65.0,0.671,0.000,7.520,60.0,1.744,94.0,40.8,0,1,1,0,0,0,0,0,0
DATA,1378000,-0.957781,0.287500,65.0,0.671,0.000,7.520,60.0,1.744,94.0,40.8,0,1,1,0,0,0,0,0,0
DATA,1380000,-0.957739,0.287639,65.0,0.671,0.000,7.519,59.9,1.743,94.0,40.8,0,1,1,0,0,0,0,0,0
DATA,1382000,-0.957697,0.287778,65.0,0.672,0.000,7.520,60.0,1.744,94.0,40.8,0,1,1,0,0,0,0,0,0
DATA,1384000,-0.957655,0.287918,65.0,0.671,0.000,7.520,60.0,1.744,94.0,40.8,0,1,1,0,0,0,0,0,0
DATA,1386000,-0.957613,0.288057,65.0,0.671,0.000,7.519,60.0,1.744,94.0,40.8,0,1,1,0,0,0,0,0,0
DATA,1388000,-0.957571,0.288196,65.0,0.672,0.000,7.520,60.0,1.747,94.0,40.8,0,1,1,0,0,0,0,0,0
DATA,1390000,-0.957529,0.288336,65.0,0.672,0.000,7.520,60.0,1.747,94.0,40.8,0,1,1,0,0,0,0,0,0
DATA,1392000,-0.957487,0.288475,65.0,0.672,0.000,7.519,59.9,1.746,94.0,40.8,0,1,1,0,0,0,0,0,0
DATA,1394000,-0.957445,0.288615,65.0,0.673,0.000,7.520,60.0,1.747,94.0,40.8,0,1,1,0,0,0,0,0,0
DATA,1396000,-0.957404,0.288753,65.0,0.673,0.000,7.519,60.0,1.746,94.0,40.8,0,1,1,0,0,0,0,0,0
DATA,1398000,-0.957362,0.288893,65.0,0.672,0.000,7.518,59.9,1.746,94.0,40.8,0,1,1,0,0,0,0,0,0
DATA,1400000,-0.957319,0.289032,65.0,0.672,0.000,7.519,59.9,1.747,94.0,40.8,0,1,1,0,0,0,0,0,0
DATA,1402000,-0.957277,0.289171,65.0,0.671,0.000,7.517,59.8,1.746,94.0,40.8,0,1,1,0,0,0,0,0,0
DATA,1404000,-0.957235,0.289310,65.0,0.671,0.000,7.517,59.8,1.746,94.0,40.8,0,1,1,0,0,0,0,0,0
DATA,1406000,-0.957193,0.289449,65.0,0.671,0.000,7.519,59.9,1.746,94.0,40.8,0,1,1,0,0,0,0,0,0
DATA,1408000,-0.957151,0.289589,65.0,0.672,0.000,7.518,59.9,1.746,94.0,40.8,0,1,1,0,0,0,0,0,0
DATA,1410000,-0.957109,0.289728,65.0,0.672,0.000,7.517,59.8,1.746,94.0,40.8,0,1,1,0,0,0,0,0,0
DATA,1412000,-0.957067,0.289867,65.0,0.672,0.000,7.514,59.6,1.746,94.0,40.8,0,1,1,0,0,0,0,0,0
DATA,1414000,-0.957025,0.290006,65.0,0.672,0.000,7.515,59.7,1.746,94.0,40.8,0,1,1,0,0,0,0,0,0
DATA,1416000,-0.956982,0.290146,65.0,0.672,0.000,7.513,59.6,1.745,94.0,40.8,0,1,1,0,0,0,0,0,0
DATA,1418000,-0.956940,0.290285,65.0,0.672,0.000,7.516,59.8,1.746,94.0,40.8,0,1,1,0,0,0,0,0,0
DATA,1420000,-0.956898,0.290424,65.0,0.673,0.000,7.516,59.7,1.748,94.0,40.5,0,1,1,0,0,0,0,0,0
DATA,1422000,-0.956856,0.290563,65.0,0.672,0.000,7.514,59.6,1.748,94.0,40.5,0,1,1,0,0,0,0,0,0
DATA,1424000,-0.956813,0.290703,65.0,0.673,0.000,7.515,59.7,1.748,94.0,40.5,0,1,1,0,0,0,0,0,0
DATA,1426000,-0.956771,0.290842,65.0,0.672,0.000,7.513,59.6,1.748,94.0,40.5,0,1,1,0,0,0,0,0,0
DATA,1428000,-0.956729,0.290980,65.0,0.672,0.000,7.516,59.7,1.747,94.0,40.5,0,1,1,0,0,0,0,0,0
DATA,1430000,-0.956687,0.291120,65.0,0.672,0.000,7.511,59.5,1.746,94.0,40.5,0,1,1,0,0,0,0,0,0
DATA,1432000,-0.956644,0.291259,65.0,0.672,0.000,7.513,59.5,1.744,94.0,40.5,0,1,1,0,0,0,0,0,0
DATA,1434000,-0.956602,0.291398,65.0,0.672,0.000,7.513,59.6,1.745,94.0,40.5,0,1,1,0,0,0,0,0,0
DATA,1436000,-0.956560,0.291537,65.0,0.672,0.000,7.513,59.6,1.746,94.0,40.5,0,1,1,0,0,0,0,0,0
DATA,1438000,-0.956517,0.291676,65.0,0.672,0.000,7.514,59.6,1.747,94.0,40.5,0,1,1,0,0,0,0,0,0
DATA,1440000,-0.956475,0.291816,65.0,0.672,0.000,7.516,59.7,1.748,94.0,40.5,0,1,1,0,0,0,0,0,0
DATA,1442000,-0.956432,0.291955,65.0,0.671,0.000,7.513,59.6,1.746,94.0,40.5,0,1,1,0,0,0,0,0,0
DATA,1444000,-0.956390,0.292094,65.0,0.671,0.000,7.514,59.6,1.745,94.0,40.5,0,1,1,0,0,0,0,0,0
DATA,1446000,-0.956347,0.292233,65.0,0.672,0.000,7.515,59.7,1.745,94.0,40.5,0,1,1,0,0,0,0,0,0
DATA,1448000,-0.956305,0.292372,65.0,0.671,0.000,7.512,59.5,1.744,94.0,40.5,0,1,1,0,0,0,0,0,0
DATA,1450000,-0.956262,0.292511,65.0,0.672,0.000,7.513,59.5,1.744,94.0,40.5,0,1,1,0,0,0,0,0,0
DATA,1452000,-0.956220,0.292650,65.0,0.671,0.000,7.511,59.4,1.744,94.0,40.5,0,1,1,0,0,0,0,0,0
DATA,1454000,-0.956177,0.292789,65.0,0.671,0.000,7.513,59.6,1.744,94.0,40.5,0,1,1,0,0,0,0,0,0
DATA,1456000,-0.956134,0.292928,65.0,0.671,0.000,7.515,59.7,1.746,94.0,40.5,0,1,1,0,0,0,0,0,0
DATA,1458000,-0.956092,0.293067,65.0,0.672,0.000,7.515,59.7,1.747,94.0,40.5,0,1,1,0,0,0,0,0,0
DATA,1460000,-0.956049,0.293206,65.0,0.673,0.000,7.515,59.7,1.748,94.0,40.5,0,1,1,0,0,0,0,0,0
DATA,1462000,-0.956007,0.293345,65.0,0.673,0.000,7.515,59.7,1.749,94.0,40.5,0,1,1,0,0,0,0,0,0
DATA,1464000,-0.955964,0.293484,65.0,0.673,0.000,7.516,59.8,1.749,94.0,40.5,0,1,1,0,0,0,0,0,0
DATA,1466000,-0.955921,0.293623,65.0,0.673,0.000,7.514,59.6,1.748,94.0,40.5,0,1,1,0,0,0,0,0,0
DATA,1468000,-0.955878,0.293762,65.0,0.673,0.000,7.515,59.7,1.748,94.0,40.5,0,1,1,0,0,0,0,0,0
DATA,1470000,-0.955836,0.293901,65.0,0.673,0.000,7.515,59.7,1.748,94.0,40.5,0,1,1,0,0,0,0,0,0
DATA,1472000,-0.955793,0.294040,65.0,0.672,0.000,7.515,59.7,1.748,94.0,40.5,0,1,1,0,0,0,0,0,0
DATA,1474000,-0.955750,0.294179,65.0,0.672,0.000,7.514,59.6,1.748,94.0,40.5,0,1,1,0,0,0,0,0,0
DATA,1476000,-0.955707,0.294318,65.0,0.672,0.000,7.515,59.7,1.748,94.0,40.5,0,1,1,0,0,0,0,0,0
DATA,1478000,-0.955665,0.294457,65.0,0.672,0.000,7.515,59.7,1.746,94.0,40.5,0,1,1,0,0,0,0,0,0
DATA,1480000,-0.955622,0.294596,65.0,0.672,0.000,7.515,59.7,1.745,94.0,40.5,0,1,1,0,0,0,0,0,0
DATA,1482000,-0.955579,0.294735,65.0,0.672,0.000,7.510,59.4,1.744,94.0,40.5,0,1,1,0,0,0,0,0,0
DATA,1484000,-0.955536,0.294874,65.0,0.672,0.000,7.514,59.6,1.744,94.0,40.5,0,1,1,0,0,0,0,0,0
DATA,1486000,-0.955493,0.295013,65.0,0.672,0.000,7.515,59.7,1.745,94.0,40.5,0,1,1,0,0,0,0,0,0
DATA,1488000,-0.955450,0.295152,65.0,0.672,0.000,7.513,59.6,1.746,94.0,40.5,0,1,1,0,0,0,0,0,0
DATA,1490000,-0.955407,0.295291,65.0,0.673,0.000,7.515,59.7,1.748,94.0,40.5,0,1,1,0,0,0,0,0,0
DATA,1492000,-0.955364,0.295430,65.0,0.673,0.000,7.514,59.6,1.747,94.0,40.5,0,1,1,0,0,0,0,0,0
DATA,1494000,-0.955321,0.295569,65.0,0.673,0.000,7.514,59.6,1.746,94.0,40.5,0,1,1,0,0,0,0,0,0
DATA,1496000,-0.955278,0.295709,65.0,0.673,0.000,7.514,59.6,1.745,94.0,40.5,0,1,1,0,0,0,0,0,0
DATA,1498000,-0.955235,0.295847,65.0,0.673,0.000,7.514,59.6,1.744,94.0,40.5,0,1,1,0,0,0,0,0,0
DATA,1500000,-0.955192,0.295986,65.0,0.673,0.000,7.514,59.6,1.745,94.0,40.5,0,1,1,0,0,0,0,0,0
DATA,1502000,-0.955149,0.296125,65.0,0.673,0.000,7.512,59.5,1.745,94.0,40.5,0,1,1,0,0,0,0,0,0
DATA,1504000,-0.955106,0.296264,65.0,0.673,0.000,7.513,59.6,1.746,94.0,40.5,0,1,1,0,0,0,0,0,0
DATA,1506000,-0.955063,0.296403,65.0,0.673,0.000,7.512,59.5,1.746,94.0,40.5,0,1,1,0,0,0,0,0,0
DATA,1508000,-0.955020,0.296542,65.0,0.673,0.000,7.512,59.5,1.747,94.0,40.5,0,1,1,0,0,0,0,0,0
DATA,1510000,-0.954977,0.296680,65.0,0.673,0.000,7.513,59.5,1.747,94.0,40.5,0,1,1,0,0,0,0,0,0
DATA,1512000,-0.954934,0.296820,65.0,0.673,0.000,7.512,59.5,1.747,94.0,40.5,0,1,1,0,0,0,0,0,0
DATA,1514000,-0.954890,0.296958,65.0,0.673,0.000,7.514,59.6,1.747,94.0,40.5,0,1,1,0,0,0,0,0,0
DATA,1516000,-0.954847,0.297097,65.0,0.673,0.000,7.513,59.6,1.745,94.0,40.5,0,1,1,0,0,0,0,0,0
DATA,1518000,-0.954804,0.297236,65.0,0.673,0.000,7.512,59.5,1.745,94.0,40.5,0,1,1,0,0,0,0,0,0
DATA,1520000,-0.954761,0.297375,65.0,0.673,0.000,7.512,59.5,1.745,94.0,40.5,0,1,1,0,0,0,0,0,0
DATA,1522000,-0.954718,0.297514,65.0,0.673,0.000,7.511,59.5,1.746,94.0,40.5,0,1,1,0,0,0,0,0,0
DATA,1524000,-0.954674,0.297653,65.0,0.672,0.000,7.511,59.4,1.746,94.0,40.5,0,1,1,0,0,0,0,0,0
DATA,1526000,-0.954631,0.297792,65.0,0.673,0.000,7.512,59.5,1.746,94.0,40.5,0,1,1,0,0,0,0,0,0
DATA,1528000,-0.954588,0.297931,65.0,0.673,0.000,7.511,59.4,1.745,94.0,40.5,0,1,1,0,0,0,0,0,0
DATA,1530000,-0.954544,0.298069,65.0,0.673,0.000,7.511,59.5,1.744,94.0,40.5,0,1,1,0,0,0,0,0,0
DATA,1532000,-0.954501,0.298208,65.0,0.672,0.000,7.511,59.5,1.744,94.0,40.5,0,1,1,0,0,0,0,0,0
DATA,1534000,-0.954457,0.298347,65.0,0.672,0.000,7.511,59.4,1.744,94.0,40.5,0,1,1,0,0,0,0,0,0
DATA,1536000,-0.954414,0.298486,65.0,0.672,0.000,7.511,59.4,1.744,94.0,40.5,0,1,1,0,0,0,0,0,0
DATA,1538000,-0.954371,0.298624,65.0,0.672,0.000,7.510,59.4,1.744,94.0,40.5,0,1,1,0,0,0,0,0,0
DATA,1540000,-0.954327,0.298764,65.0,0.672,0.000,7.510,59.4,1.744,94.0,40.5,0,1,1,0,0,0,0,0,0
DATA,1542000,-0.954284,0.298902,65.0,0.672,0.000,7.509,59.3,1.744,94.0,40.5,0,1,1,0,0,0,0,0,0
DATA,1544000,-0.954240,0.299041,65.0,0.672,0.000,7.510,59.4,1.744,94.0,40.5,0,1,1,0,0,0,0,0,0
DATA,1546000,-0.954197,0.299179,65.0,0.672,0.000,7.509,59.3,1.744,94.0,40.5,0,1,1,0,0,0,0,0,0
DATA,1548000,-0.954153,0.299319,65.0,0.672,0.000,7.510,59.4,1.744,94.0,40.5,0,1,1,0,0,0,0,0,0
DATA,1550000,-0.954110,0.299457,65.0,0.672,0.000,7.510,59.4,1.744,94.0,40.5,0,1,1,0,0,0,0,0,0
DATA,1552000,-0.954066,0.299596,65.0,0.671,0.000,7.510,59.4,1.744,94.0,40.5,0,1,1,0,0,0,0,0,0
DATA,1554000,-0.954023,0.299734,65.0,0.672,0.000,7.510,59.4,1.744,94.0,40.5,0,1,1,0,0,0,0,0,0
DATA,1556000,-0.953979,0.299874,65.0,0.672,0.000,7.511,59.4,1.744,94.0,40.5,0,1,1,0,0,0,0,0,0
DATA,1558000,-0.953935,0.300012,65.0,0.672,0.000,7.509,59.3,1.744,94.0,40.5,0,1,1,0,0,0,0,0,0
DATA,1560000,-0.953892,0.300151,65.0,0.672,0.000,7.508,59.2,1.744,94.0,40.5,0,1,1,0,0,0,0,0,0
DATA,1562000,-0.953848,0.300290,65.0,0.672,0.000,7.510,59.4,1.743,94.0,40.5,0,1,1,0,0,0,0,0,0
DATA,1564000,-0.953804,0.300429,65.0,0.672,0.000,7.510,59.4,1.743,94.0,40.5,0,1,1,0,0,0,0,0,0
DATA,1566000,-0.953761,0.300567,65.0,0.672,0.000,7.511,59.4,1.743,94.0,40.5,0,1,1,0,0,0,0,0,0
DATA,1568000,-0.953717,0.300706,65.0,0.672,0.000,7.510,59.4,1.744,94.0,40.5,0,1,1,0,0,0,0,0,0
DATA,1570000,-0.953673,0.300845,65.0,0.673,0.000,7.508,59.2,1.744,94.0,40.5,0,1,1,0,0,0,0,0,0
DATA,1572000,-0.953629,0.300983,65.0,0.672,0.000,7.507,59.2,1.743,94.0,40.5,0,1,1,0,0,0,0,0,0
DATA,1574000,-0.953586,0.301122,65.0,0.672,0.000,7.507,59.2,1.742,94.0,40.5,0,1,1,0,0,0,0,0,0
DATA,1576000,-0.953542,0.301261,65.0,0.673,0.000,7.507,59.2,1.742,94.0,40.5,0,1,1,0,0,0,0,0,0
DATA,1578000,-0.953498,0.301399,65.0,0.672,0.000,7.507,59.2,1.742,94.0,40.5,0,1,1,0,0,0,0,0,0
DATA,1580000,-0.953454,0.301538,65.0,0.672,0.000,7.506,59.1,1.742,94.0,40.5,0,1,1,0,0,0,0,0,0
DATA,1582000,-0.953410,0.301677,65.0,0.672,0.000,7.504,59.0,1.742,94.0,40.5,0,1,1,0,0,0,0,0,0
DATA,1584000,-0.953366,0.301815,65.0,0.672,0.000,7.508,59.2,1.742,94.0,40.5,0,1,1,0,0,0,0,0,0
DATA,1586000,-0.953322,0.301954,65.0,0.672,0.000,7.506,59.1,1.742,94.0,40.5,0,1,1,0,0,0,0,0,0
DATA,1588000,-0.953279,0.302093,65.0,0.672,0.000,7.507,59.2,1.743,94.0,40.5,0,1,1,0,0,0,0,0,0
DATA,1590000,-0.953235,0.302231,65.0,0.672,0.000,7.507,59.2,1.743,94.0,40.5,0,1,1,0,0,0,0,0,0
DATA,1592000,-0.953191,0.302370,65.0,0.672,0.000,7.499,58.7,1.741,94.0,40.5,0,1,1,0,0,0,0,0,0
DATA,1594000,-0.953147,0.302509,65.0,0.671,0.000,7.499,58.7,1.741,94.0,40.5,0,1,1,0,0,0,0,0,0
DATA,1596000,-0.953103,0.302647,65.0,0.670,0.000,7.499,58.7,1.739,94.0,40.5,0,1,1,0,0,0,0,0,0
DATA,1598000,-0.953059,0.302786,65.0,0.669,0.000,7.502,58.8,1.738,94.0,40.5,0,1,1,0,0,0,0,0,0
DATA,1600000,-0.953015,0.302924,65.0,0.669,0.000,7.499,58.7,1.738,94.0,40.5,0,1,1,0,0,0,0,0,0
DATA,1602000,-0.952971,0.303063,65.0,0.669,0.000,7.498,58.6,1.738,94.0,40.5,0,1,1,0,0,0,0,0,0
DATA,1604000,-0.952926,0.303202,65.0,0.670,0.000,7.498,58.6,1.738,94.0,40.1,0,1,1,0,0,0,0,0,0
DATA,1606000,-0.952882,0.303340,65.0,0.670,0.000,7.498,58.6,1.738,94.0,40.1,0,1,1,0,0,0,0,0,0
DATA,1608000,-0.952838,0.303479,65.0,0.670,0.000,7.498,58.6,1.738,94.0,40.1,0,1,1,0,0,0,0,0,0
DATA,1610000,-0.952794,0.303617,65.0,0.670,0.000,7.498,58.6,1.738,94.0,40.1,0,1,1,0,0,0,0,0,0
DATA,1612000,-0.952750,0.303756,65.0,0.670,0.000,7.499,58.7,1.738,94.0,40.1,0,1,1,0,0,0,0,0,0
DATA,1614000,-0.952706,0.303895,65.0,0.670,0.000,7.505,59.1,1.738,94.0,40.1,0,1,1,0,0,0,0,0,0
DATA,1616000,-0.952662,0.304033,65.0,0.671,0.000,7.505,59.1,1.738,94.0,40.1,0,1,1,0,0,0,0,0,0
DATA,1618000,-0.952617,0.304172,65.0,0.672,0.000,7.506,59.1,1.738,94.0,40.1,0,1,1,0,0,0,0,0,0
DATA,1620000,-0.952573,0.304310,65.0,0.673,0.000,7.505,59.1,1.739,94.0,40.1,0,1,1,0,0,0,0,0,0
DATA,1622000,-0.952529,0.304449,65.0,0.673,0.000,7.505,59.1,1.741,94.0,40.1,0,1,1,0,0,0,0,0,0
DATA,1624000,-0.952484,0.304587,65.0,0.673,0.000,7.504,59.0,1.742,94.0,40.1,0,1,1,0,0,0,0,0,0
DATA,1626000,-0.952440,0.304726,65.0,0.673,0.000,7.505,59.1,1.744,94.0,40.1,0,1,1,0,0,0,0,0,0
DATA,1628000,-0.952396,0.304864,65.0,0.673,0.000,7.505,59.1,1.744,94.0,40.1,0,1,1,0,0,0,0,0,0
DATA,1630000,-0.952351,0.305003,65.0,0.673,0.000,7.503,58.9,1.744,94.0,40.1,0,1,1,0,0,0,0,0,0
DATA,1632000,-0.952307,0.305141,65.0,0.673,0.000,7.504,59.0,1.743,94.0,40.1,0,1,1,0,0,0,0,0,0
DATA,1634000,-0.952263,0.305280,65.0,0.673,0.000,7.504,59.0,1.742,94.0,40.1,0,1,1,0,0,0,0,0,0
DATA,1636000,-0.952218,0.305419,65.0,0.673,0.000,7.503,59.0,1.741,94.0,40.1,0,1,1,0,0,0,0,0,0
DATA,1638000,-0.952174,0.305557,65.0,0.673,0.000,7.503,58.9,1.740,94.0,40.1,0,1,1,0,0,0,0,0,0
DATA,1640000,-0.952129,0.305695,65.0,0.673,0.000,7.501,58.8,1.741,94.0,40.1,0,1,1,0,0,0,0,0,0
DATA,1642000,-0.952085,0.305834,65.0,0.673,0.000,7.502,58.9,1.742,94.0,40.1,0,1,1,0,0,0,0,0,0
DATA,1644000,-0.952040,0.305973,65.0,0.673,0.000,7.504,59.0,1.744,94.0,40.1,0,1,1,0,0,0,0,0,0
DATA,1646000,-0.951996,0.306111,65.0,0.673,0.000,7.501,58.8,1.744,94.0,40.1,0,1,1,0,0,0,0,0,0
DATA,1648000,-0.951951,0.306249,65.0,0.673,0.000,7.502,58.9,1.744,94.0,40.1,0,1,1,0,0,0,0,0,0
DATA,1650000,-0.951907,0.306387,65.0,0.674,0.000,7.500,58.8,1.743,94.0,40.1,0,1,1,0,0,0,0,0,0
DATA,1652000,-0.951862,0.306526,65.0,0.673,0.000,7.499,58.7,1.742,94.0,40.1,0,1,1,0,0,0,0,0,0
DATA,1654000,-0.951818,0.306665,65.0,0.673,0.000,7.503,58.9,1.743,94.0,40.1,0,1,1,0,0,0,0,0,0
DATA,1656000,-0.951773,0.306803,65.0,0.673,0.000,7.501,58.8,1.743,94.0,40.1,0,1,1,0,0,0,0,0,0
DATA,1658000,-0.951728,0.306942,65.0,0.673,0.000,7.501,58.8,1.743,94.0,40.1,0,1,1,0,0,0,0,0,0
DATA,1660000,-0.951684,0.307080,65.0,0.672,0.000,7.499,58.7,1.743,94.0,40.1,0,1,1,0,0,0,0,0,0
DATA,1662000,-0.951639,0.307218,65.0,0.673,0.000,7.499,58.7,1.742,94.0,40.1,0,1,1,0,0,0,0,0,0
DATA,1664000,-0.951594,0.307356,65.0,0.673,0.000,7.501,58.8,1.742,94.0,40.1,0,1,1,0,0,0,0,0,0
DATA,1666000,-0.951550,0.307495,65.0,0.673,0.000,7.502,58.9,1.743,94.0,40.1,0,1,1,0,0,0,0,0,0
DATA,1668000,-0.951505,0.307634,65.0,0.673,0.000,7.501,58.8,1.744,94.0,40.1,0,1,1,0,0,0,0,0,0
DATA,1670000,-0.951460,0.307772,65.0,0.673,0.000,7.502,58.9,1.744,94.0,40.1,0,1,1,0,0,0,0,0,0
DATA,1672000,-0.951416,0.307910,65.0,0.673,0.000,7.502,58.9,1.744,94.0,40.1,0,1,1,0,0,0,0,0,0
DATA,1674000,-0.951371,0.308049,65.0,0.673,0.000,7.501,58.8,1.742,94.0,40.1,0,1,1,0,0,0,0,0,0
DATA,1676000,-0.951326,0.308187,65.0,0.673,0.000,7.502,58.9,1.742,94.0,40.1,0,1,1,0,0,0,0,0,0
DATA,1678000,-0.951281,0.308325,65.0,0.673,0.000,7.501,58.8,1.742,94.0,40.1,0,1,1,0,0,0,0,0,0
DATA,1680000,-0.951236,0.308464,65.0,0.673,0.000,7.502,58.9,1.742,94.0,40.1,0,1,1,0,0,0,0,0,0
DATA,1682000,-0.951191,0.308602,65.0,0.673,0.000,7.502,58.9,1.744,94.0,40.1,0,1,1,0,0,0,0,0,0
DATA,1684000,-0.951146,0.308740,65.0,0.673,0.000,7.502,58.8,1.744,94.0,40.1,0,1,1,0,0,0,0,0,0
DATA,1686000,-0.951101,0.308879,65.0,0.673,0.000,7.501,58.8,1.744,94.0,40.1,0,1,1,0,0,0,0,0,0
DATA,1688000,-0.951056,0.309018,65.0,0.673,0.000,7.500,58.8,1.744,94.0,40.1,0,1,1,0,0,0,0,0,0
DATA,1690000,-0.951012,0.309155,65.0,0.673,0.000,7.501,58.8,1.744,94.0,40.1,0,1,1,0,0,0,0,0,0
DATA,1692000,-0.950967,0.309294,65.0,0.672,0.000,7.499,58.7,1.742,94.0,40.1,0,1,1,0,0,0,0,0,0
DATA,1694000,-0.950922,0.309432,65.0,0.671,0.000,7.495,58.4,1.741,94.0,40.1,0,1,1,0,0,0,0,0,0
DATA,1696000,-0.950876,0.309571,65.0,0.671,0.000,7.500,58.7,1.740,94.0,40.1,0,1,1,0,0,0,0,0,0
DATA,1698000,-0.950832,0.309709,65.0,0.671,0.000,7.500,58.7,1.740,94.0,40.1,0,1,1,0,0,0,0,0,0
DATA,1700000,-0.950786,0.309847,65.0,0.671,0.000,7.499,58.7,1.740,94.0,40.1,0,1,1,0,0,0,0,0,0
DATA,1702000,-0.950741,0.309985,65.0,0.670,0.000,7.499,58.7,1.741,94.0,40.1,0,1,1,0,0,0,0,0,0
DATA,1704000,-0.950696,0.310124,65.0,0.672,0.000,7.500,58.7,1.742,94.0,40.1,0,1,1,0,0,0,0,0,0
DATA,1706000,-0.950651,0.310262,65.0,0.672,0.000,7.500,58.7,1.743,94.0,40.1,0,1,1,0,0,0,0,0,0
DATA,1708000,-0.950606,0.310400,65.0,0.672,0.000,7.499,58.7,1.744,94.0,40.1,0,1,1,0,0,0,0,0,0
DATA,1710000,-0.950561,0.310538,65.0,0.672,0.000,7.501,58.8,1.744,94.0,40.1,0,1,1,0,0,0,0,0,0
DATA,1712000,-0.950516,0.310677,65.0,0.672,0.000,7.499,58.7,1.743,94.0,40.1,0,1,1,0,0,0,0,0,0
DATA,1714000,-0.950471,0.310815,65.0,0.672,0.000,7.499,58.7,1.741,94.0,40.1,0,1,1,0,0,0,0,0,0
DATA,1716000,-0.950425,0.310953,65.0,0.672,0.000,7.500,58.8,1.740,94.0,40.1,0,1,1,0,0,0,0,0,0
DATA,1718000,-0.950380,0.311091,65.0,0.672,0.000,7.497,58.5,1.739,94.0,40.1,0,1,1,0,0,0,0,0,0
DATA,1720000,-0.950335,0.311230,65.0,0.673,0.000,7.499,58.7,1.739,94.0,40.1,0,1,1,0,0,0,0,0,0
DATA,1722000,-0.950290,0.311368,65.0,0.672,0.000,7.499,58.7,1.740,94.0,40.1,0,1,1,0,0,0,0,0,0
DATA,1724000,-0.950244,0.311506,65.0,0.672,0.000,7.499,58.7,1.741,94.0,40.1,0,1,1,0,0,0,0,0,0
DATA,1726000,-0.950199,0.311644,65.0,0.672,0.000,7.498,58.6,1.742,94.0,40.1,0,1,1,0,0,0,0,0,0
DATA,1728000,-0.950153,0.311783,65.0,0.672,0.000,7.499,58.7,1.743,94.0,40.1,0,1,1,0,0,0,0,0,0
DATA,1730000,-0.950108,0.311920,65.0,0.673,0.000,7.498,58.6,1.743,94.0,40.1,0,1,1,0,0,0,0,0,0
DATA,1732000,-0.950063,0.312059,65.0,0.673,0.000,7.495,58.5,1.741,94.0,40.1,0,1,1,0,0,0,0,0,0
DATA,1734000,-0.950018,0.312197,65.0,0.672,0.000,7.497,58.6,1.740,94.0,40.1,0,1,1,0,0,0,0,0,0
DATA,1736000,-0.949972,0.312335,65.0,0.672,0.000,7.492,58.3,1.740,94.0,40.1,0,1,1,0,0,0,0,0,0
DATA,1738000,-0.949927,0.312473,65.0,0.672,0.000,7.493,58.3,1.739,94.0,40.1,0,1,1,0,0,0,0,0,0
DATA,1740000,-0.949881,0.312612,65.0,0.672,0.000,7.496,58.5,1.741,94.0,40.1,0,1,1,0,0,0,0,0,0
DATA,1742000,-0.949836,0.312749,65.0,0.673,0.000,7.496,58.5,1.742,94.0,40.1,0,1,1,0,0,0,0,0,0
DATA,1744000,-0.949790,0.312887,65.0,0.673,0.000,7.497,58.5,1.743,94.0,40.1,0,1,1,0,0,0,0,0,0
DATA,1746000,-0.949745,0.313026,65.0,0.673,0.000,7.497,58.6,1.744,94.0,40.1,0,1,1,0,0,0,0,0,0
DATA,1748000,-0.949699,0.313164,65.0,0.673,0.000,7.497,58.5,1.743,94.0,40.1,0,1,1,0,0,0,0,0,0
DATA,1750000,-0.949654,0.313302,65.0,0.673,0.000,7.494,58.4,1.741,94.0,40.1,0,1,1,0,0,0,0,0,0
DATA,1752000,-0.949608,0.313440,65.0,0.673,0.000,7.497,58.6,1.740,94.0,40.1,0,1,1,0,0,0,0,0,0
DATA,1754000,-0.949562,0.313578,65.0,0.673,0.000,7.494,58.4,1.739,94.0,40.1,0,1,1,0,0,0,0,0,0
DATA,1756000,-0.949517,0.313717,65.0,0.673,0.000,7.495,58.4,1.738,94.0,40.1,0,1,1,0,0,0,0,0,0
DATA,1758000,-0.949471,0.313854,65.0,0.673,0.000,7.495,58.4,1.738,94.0,40.1,0,1,1,0,0,0,0,0,0
DATA,1760000,-0.949426,0.313992,65.0,0.672,0.000,7.495,58.4,1.738,94.0,40.1,0,1,1,0,0,0,0,0,0
DATA,1762000,-0.949380,0.314131,65.0,0.672,0.000,7.493,58.3,1.738,94.0,40.1,0,1,1,0,0,0,0,0,0
DATA,1764000,-0.949334,0.314269,65.0,0.671,0.000,7.489,58.0,1.738,94.0,40.1,0,1,1,0,0,0,0,0,0
DATA,1766000,-0.949288,0.314406,65.0,0.671,0.000,7.487,58.0,1.738,94.0,40.1,0,1,1,0,0,0,0,0,0
DATA,1768000,-0.949243,0.314545,65.0,0.670,0.000,7.487,57.9,1.738,94.0,40.1,0,1,1,0,0,0,0,0,0
DATA,1770000,-0.949197,0.314683,65.0,0.669,0.000,7.487,57.9,1.738,94.0,40.1,0,1,1,0,0,0,0,0,0
DATA,1772000,-0.949151,0.314821,65.0,0.670,0.000,7.486,57.9,1.738,94.0,40.1,0,1,1,0,0,0,0,0,0
DATA,1774000,-0.949105,0.314959,65.0,0.670,0.000,7.487,57.9,1.738,94.0,40.1,0,1,1,0,0,0,0,0,0
DATA,1776000,-0.949059,0.315097,65.0,0.670,0.000,7.487,57.9,1.738,94.0,39.7,0,1,1,0,0,0,0,0,0
DATA,1778000,-0.949014,0.315235,65.0,0.670,0.000,7.491,58.2,1.739,94.0,39.7,0,1,1,0,0,0,0,0,0
DATA,1780000,-0.948968,0.315373,65.0,0.671,0.000,7.494,58.4,1.741,94.0,39.7,0,1,1,0,0,0,0,0,0
DATA,1782000,-0.948922,0.315511,65.0,0.672,0.000,7.493,58.3,1.741,94.0,39.7,0,1,1,0,0,0,0,0,0
DATA,1784000,-0.948876,0.315649,65.0,0.673,0.000,7.491,58.2,1.742,94.0,39.7,0,1,1,0,0,0,0,0,0
DATA,1786000,-0.948830,0.315787,65.0,0.673,0.000,7.494,58.4,1.741,94.0,39.7,0,1,1,0,0,0,0,0,0
DATA,1788000,-0.948784,0.315925,65.0,0.673,0.000,7.495,58.4,1.740,94.0,39.7,0,1,1,0,0,0,0,0,0
DATA,1790000,-0.948738,0.316063,65.0,0.673,0.000,7.494,58.4,1.740,94.0,39.7,0,1,1,0,0,0,0,0,0
DATA,1792000,-0.948692,0.316201,65.0,0.673,0.000,7.492,58.3,1.739,94.0,39.7,0,1,1,0,0,0,0,0,0
DATA,1794000,-0.948646,0.316339,65.0,0.673,0.000,7.493,58.3,1.740,94.0,39.7,0,1,1,0,0,0,0,0,0
DATA,1796000,-0.948600,0.316477,65.0,0.673,0.000,7.492,58.3,1.740,94.0,39.7,0,1,1,0,0,0,0,0,0
DATA,1798000,-0.948554,0.316616,65.0,0.672,0.000,7.493,58.3,1.740,94.0,39.7,0,1,1,0,0,0,0,0,0
DATA,1800000,-0.948508,0.316753,65.0,0.672,0.000,7.492,58.2,1.739,94.0,39.7,0,1,1,0,0,0,0,0,0
DATA,1802000,-0.948462,0.316891,65.0,0.672,0.000,7.491,58.2,1.738,94.0,39.7,0,1,1,0,0,0,0,0,0
DATA,1804000,-0.948416,0.317029,65.0,0.672,0.000,7.493,58.3,1.738,94.0,39.7,0,1,1,0,0,0,0,0,0
DATA,1806000,-0.948370,0.317167,65.0,0.672,0.000,7.492,58.3,1.738,94.0,39.7,0,1,1,0,0,0,0,0,0
DATA,1808000,-0.948324,0.317305,65.0,0.672,0.000,7.492,58.2,1.738,94.0,39.7,0,1,1,0,0,0,0,0,0
DATA,1810000,-0.948277,0.317443,65.0,0.673,0.000,7.492,58.3,1.738,94.0,39.7,0,1,1,0,0,0,0,0,0
DATA,1812000,-0.948231,0.317581,65.0,0.672,0.000,7.491,58.2,1.738,94.0,39.7,0,1,1,0,0,0,0,0,0
DATA,1814000,-0.948185,0.317719,65.0,0.673,0.000,7.493,58.3,1.738,94.0,39.7,0,1,1,0,0,0,0,0,0
DATA,1816000,-0.948139,0.317856,65.0,0.673,0.000,7.492,58.3,1.738,94.0,39.7,0,1,1,0,0,0,0,0,0
DATA,1818000,-0.948093,0.317994,65.0,0.673,0.000,7.490,58.1,1.738,94.0,39.7,0,1,1,0,0,0,0,0,0
DATA,1820000,-0.948046,0.318132,65.0,0.673,0.000,7.492,58.3,1.738,94.0,39.7,0,1,1,0,0,0,0,0,0
DATA,1822000,-0.948000,0.318270,65.0,0.673,0.000,7.492,58.2,1.738,94.0,39.7,0,1,1,0,0,0,0,0,0
DATA,1824000,-0.947954,0.318408,65.0,0.673,0.000,7.493,58.3,1.738,94.0,39.7,0,1,1,0,0,0,0,0,0
DATA,1826000,-0.947908,0.318546,65.0,0.673,0.000,7.492,58.2,1.738,94.0,39.7,0,1,1,0,0,0,0,0,0
DATA,1828000,-0.947861,0.318684,65.0,0.673,0.000,7.492,58.2,1.738,94.0,39.7,0,1,1,0,0,0,0,0,0
DATA,1830000,-0.947815,0.318822,65.0,0.673,0.000,7.489,58.0,1.738,94.0,39.7,0,1,1,0,0,0,0,0,0
DATA,1832000,-0.947768,0.318959,65.0,0.673,0.000,7.491,58.2,1.738,94.0,39.7,0,1,1,0,0,0,0,0,0
DATA,1834000,-0.947722,0.319097,65.0,0.673,0.000,7.489,58.1,1.738,94.0,39.7,0,1,1,0,0,0,0,0,0
DATA,1836000,-0.947675,0.319235,65.0,0.672,0.000,7.482,57.6,1.738,94.0,39.7,0,1,1,0,0,0,0,0,0
DATA,1838000,-0.947629,0.319373,65.0,0.672,0.000,7.482,57.6,1.738,94.0,39.7,0,1,1,0,0,0,0,0,0
DATA,1840000,-0.947583,0.319511,65.0,0.671,0.000,7.481,57.6,1.738,94.0,39.7,0,1,1,0,0,0,0,0,0
DATA,1842000,-0.947536,0.319648,65.0,0.670,0.000,7.481,57.5,1.738,94.0,39.7,0,1,1,0,0,0,0,0,0
DATA,1844000,-0.947490,0.319787,65.0,0.669,0.000,7.481,57.6,1.738,94.0,39.7,0,1,1,0,0,0,0,0,0
DATA,1846000,-0.947443,0.319924,65.0,0.669,0.000,7.481,57.6,1.738,94.0,39.7,0,1,1,0,0,0,0,0,0
DATA,1848000,-0.947397,0.320062,65.0,0.669,0.000,7.481,57.5,1.738,94.0,39.7,0,1,1,0,0,0,0,0,0
DATA,1850000,-0.947350,0.320200,65.0,0.669,0.000,7.481,57.6,1.738,94.0,39.7,0,1,1,0,0,0,0,0,0
DATA,1852000,-0.947303,0.320338,65.0,0.669,0.000,7.480,57.5,1.738,94.0,39.7,0,1,1,0,0,0,0,0,0
DATA,1854000,-0.947257,0.320476,65.0,0.669,0.000,7.481,57.5,1.738,94.0,39.7,0,1,1,0,0,0,0,0,0
DATA,1856000,-0.947210,0.320613,65.0,0.669,0.000,7.481,57.5,1.738,94.0,39.7,0,1,1,0,0,0,0,0,0
DATA,1858000,-0.947164,0.320751,65.0,0.670,0.000,7.481,57.5,1.738,94.0,39.7,0,1,1,0,0,0,0,0,0
DATA,1860000,-0.947117,0.320889,65.0,0.670,0.000,7.481,57.5,1.738,94.0,39.7,0,1,1,0,0,0,0,0,0
DATA,1862000,-0.947070,0.321027,65.0,0.669,0.000,7.478,57.4,1.738,94.0,39.7,0,1,1,0,0,0,0,0,0
DATA,1864000,-0.947024,0.321164,65.0,0.669,0.000,7.480,57.5,1.738,94.0,39.7,0,1,1,0,0,0,0,0,0
DATA,1866000,-0.946977,0.321302,65.0,0.669,0.000,7.480,57.5,1.738,94.0,39.7,0,1,1,0,0,0,0,0,0
DATA,1868000,-0.946930,0.321439,65.0,0.669,0.000,7.480,57.5,1.738,94.0,39.7,0,1,1,0,0,0,0,0,0
DATA,1870000,-0.946883,0.321577,65.0,0.670,0.000,7.486,57.9,1.738,94.0,39.7,0,1,1,0,0,0,0,0,0
DATA,1872000,-0.946836,0.321715,65.0,0.670,0.000,7.485,57.8,1.739,94.0,39.7,0,1,1,0,0,0,0,0,0
DATA,1874000,-0.946790,0.321853,65.0,0.672,0.000,7.488,58.0,1.740,94.0,39.7,0,1,1,0,0,0,0,0,0
DATA,1876000,-0.946743,0.321990,65.0,0.672,0.000,7.484,57.8,1.740,94.0,39.7,0,1,1,0,0,0,0,0,0
DATA,1878000,-0.946696,0.322128,65.0,0.672,0.000,7.486,57.9,1.740,94.0,39.7,0,1,1,0,0,0,0,0,0
DATA,1880000,-0.946649,0.322266,65.0,0.672,0.000,7.487,58.0,1.739,94.0,39.7,0,1,1,0,0,0,0,0,0
DATA,1882000,-0.946602,0.322404,65.0,0.672,0.000,7.486,57.9,1.738,94.0,39.7,0,1,1,0,0,0,0,0,0
DATA,1884000,-0.946556,0.322541,65.0,0.672,0.000,7.485,57.8,1.738,94.0,39.7,0,1,1,0,0,0,0,0,0
DATA,1886000,-0.946508,0.322679,65.0,0.672,0.000,7.486,57.9,1.739,94.0,39.7,0,1,1,0,0,0,0,0,0
DATA,1888000,-0.946462,0.322817,65.0,0.672,0.000,7.486,57.9,1.740,94.0,39.7,0,1,1,0,0,0,0,0,0
DATA,1890000,-0.946415,0.322954,65.0,0.672,0.000,7.486,57.9,1.741,94.0,39.7,0,1,1,0,0,0,0,0,0
DATA,1892000,-0.946368,0.323091,65.0,0.673,0.000,7.486,57.9,1.741,94.0,39.7,0,1,1,0,0,0,0,0,0
DATA,1894000,-0.946321,0.323229,65.0,0.672,0.000,7.486,57.9,1.741,94.0,39.7,0,1,1,0,0,0,0,0,0
DATA,1896000,-0.946274,0.323367,65.0,0.672,0.000,7.486,57.9,1.740,94.0,39.7,0,1,1,0,0,0,0,0,0
DATA,1898000,-0.946227,0.323505,65.0,0.672,0.000,7.485,57.8,1.739,94.0,39.7,0,1,1,0,0,0,0,0,0
DATA,1900000,-0.946180,0.323642,65.0,0.672,0.000,7.486,57.9,1.738,94.0,39.7,0,1,1,0,0,0,0,0,0
DATA,1902000,-0.946132,0.323780,65.0,0.671,0.000,7.478,57.4,1.738,94.0,39.7,0,1,1,0,0,0,0,0,0
DATA,1904000,-0.946085,0.323918,65.0,0.671,0.000,7.476,57.2,1.738,94.0,39.7,0,1,1,0,0,0,0,0,0
DATA,1906000,-0.946038,0.324055,65.0,0.670,0.000,7.477,57.3,1.738,94.0,39.7,0,1,1,0,0,0,0,0,0
DATA,1908000,-0.945991,0.324192,65.0,0.669,0.000,7.476,57.2,1.738,94.0,39.7,0,1,1,0,0,0,0,0,0
DATA,1910000,-0.945944,0.324330,65.0,0.669,0.000,7.477,57.3,1.738,94.0,39.7,0,1,1,0,0,0,0,0,0
DATA,1912000,-0.945897,0.324468,65.0,0.669,0.000,7.476,57.2,1.738,94.0,39.7,0,1,1,0,0,0,0,0,0
DATA,1914000,-0.945850,0.324605,65.8,0.669,0.000,7.476,57.3,1.738,94.0,39.7,0,1,1,0,0,0,0,0,0
DATA,1916000,-0.945802,0.324743,65.8,0.670,0.000,7.475,57.2,1.738,94.0,39.7,0,1,1,0,0,0,0,0,0
DATA,1918000,-0.945755,0.324881,65.0,0.670,0.000,7.474,57.1,1.738,94.0,39.7,0,1,1,0,0,0,0,0,0
DATA,1920000,-0.945708,0.325018,65.0,0.670,0.000,7.474,57.1,1.738,94.0,39.7,0,1,1,0,0,0,0,0,0
DATA,1922000,-0.945661,0.325156,65.0,0.670,0.000,7.475,57.2,1.738,94.0,39.7,0,1,1,0,0,0,0,0,0
DATA,1924000,-0.945613,0.325294,65.0,0.671,0.000,7.483,57.7,1.739,94.0,39.7,0,1,1,0,0,0,0,0,0
DATA,1926000,-0.945566,0.325431,65.0,0.671,0.000,7.482,57.7,1.740,94.0,39.7,0,1,1,0,0,0,0,0,0
DATA,1928000,-0.945519,0.325568,65.0,0.672,0.000,7.482,57.7,1.741,94.0,39.7,0,1,1,0,0,0,0,0,0
DATA,1930000,-0.945471,0.325706,65.0,0.672,0.000,7.475,57.2,1.741,94.0,39.7,0,1,1,0,0,0,0,0,0
DATA,1932000,-0.945424,0.325844,65.0,0.672,0.000,7.474,57.1,1.741,94.0,39.7,0,1,1,0,0,0,0,0,0
DATA,1934000,-0.945376,0.325981,65.0,0.671,0.000,7.475,57.2,1.740,94.0,39.4,0,1,1,0,0,0,0,0,0
DATA,1936000,-0.945329,0.326118,65.0,0.670,0.000,7.474,57.1,1.738,94.0,39.4,0,1,1,0,0,0,0,0,0
DATA,1938000,-0.945282,0.326256,65.0,0.670,0.000,7.474,57.1,1.738,94.0,39.4,0,1,1,0,0,0,0,0,0
DATA,1940000,-0.945234,0.326394,65.0,0.670,0.000,7.471,56.9,1.738,94.0,39.4,0,1,1,0,0,0,0,0,0
DATA,1942000,-0.945187,0.326531,65.0,0.669,0.000,7.469,56.8,1.738,94.0,39.4,0,1,1,0,0,0,0,0,0
DATA,1944000,-0.945139,0.326668,65.0,0.669,0.000,7.473,57.1,1.738,94.0,39.4,0,1,1,0,0,0,0,0,0
DATA,1946000,-0.945091,0.326806,65.0,0.669,0.000,7.473,57.1,1.738,94.0,39.4,0,1,1,0,0,0,0,0,0
DATA,1948000,-0.945044,0.326943,65.0,0.669,0.000,7.473,57.1,1.738,94.0,39.4,0,1,1,0,0,0,0,0,0
DATA,1950000,-0.944997,0.327080,65.0,0.670,0.000,7.473,57.1,1.738,94.0,39.4,0,1,1,0,0,0,0,0,0
DATA,1952000,-0.944949,0.327218,65.8,0.669,0.000,7.472,57.0,1.738,94.0,39.4,0,1,1,0,0,0,0,0,0
DATA,1954000,-0.944901,0.327356,65.0,0.669,0.000,7.472,57.0,1.738,94.0,39.4,0,1,1,0,0,0,0,0,0
DATA,1956000,-0.944854,0.327493,65.0,0.669,0.000,7.472,57.0,1.738,94.0,39.4,0,1,1,0,0,0,0,0,0
DATA,1958000,-0.944806,0.327630,65.0,0.669,0.000,7.472,57.0,1.738,94.0,39.4,0,1,1,0,0,0,0,0,0
DATA,1960000,-0.944758,0.327767,65.0,0.669,0.000,7.472,57.0,1.738,94.0,39.4,0,1,1,0,0,0,0,0,0
DATA,1962000,-0.944711,0.327905,65.0,0.669,0.000,7.471,56.9,1.738,94.0,39.4,0,1,1,0,0,0,0,0,0
DATA,1964000,-0.944663,0.328043,65.0,0.669,0.000,7.473,57.1,1.738,94.0,39.4,0,1,1,0,0,0,0,0,0
DATA,1966000,-0.944615,0.328180,65.0,0.670,0.000,7.474,57.1,1.738,94.0,39.4,0,1,1,0,0,0,0,0,0
DATA,1968000,-0.944567,0.328317,65.0,0.670,0.000,7.480,57.5,1.738,94.0,39.4,0,1,1,0,0,0,0,0,0
DATA,1970000,-0.944520,0.328455,65.0,0.671,0.000,7.481,57.5,1.738,94.0,39.4,0,1,1,0,0,0,0,0,0
DATA,1972000,-0.944472,0.328592,65.0,0.673,0.000,7.479,57.4,1.738,94.0,39.4,0,1,1,0,0,0,0,0,0
DATA,1974000,-0.944424,0.328729,65.8,0.673,0.000,7.478,57.4,1.738,94.0,39.4,0,1,1,0,0,0,0,0,0
DATA,1976000,-0.944376,0.328867,65.0,0.673,0.000,7.479,57.4,1.738,94.0,39.4,0,1,1,0,0,0,0,0,0
DATA,1978000,-0.944328,0.329004,65.0,0.674,0.000,7.479,57.4,1.738,94.0,39.4,0,1,1,0,0,0,0,0,0
DATA,1980000,-0.944281,0.329142,65.0,0.674,0.000,7.480,57.5,1.738,94.0,39.4,0,1,1,0,0,0,0,0,0
DATA,1982000,-0.944233,0.329278,65.0,0.674,0.000,7.479,57.4,1.738,94.0,39.4,0,1,1,0,0,0,0,0,0
DATA,1984000,-0.944185,0.329416,65.0,0.673,0.000,7.476,57.3,1.739,94.0,39.4,0,1,1,0,0,0,0,0,0
DATA,1986000,-0.944137,0.329554,65.0,0.673,0.000,7.477,57.3,1.739,94.0,39.4,0,1,1,0,0,0,0,0,0
DATA,1988000,-0.944089,0.329691,65.0,0.673,0.000,7.477,57.3,1.739,94.0,39.4,0,1,1,0,0,0,0,0,0
DATA,1990000,-0.944041,0.329828,65.8,0.673,0.000,7.477,57.3,1.739,94.0,39.4,0,1,1,0,0,0,0,0,0
DATA,1992000,-0.943993,0.329965,65.8,0.673,0.000,7.475,57.2,1.738,94.0,39.4,0,1,1,0,0,0,0,0,0
DATA,1994000,-0.943945,0.330103,65.0,0.673,0.000,7.477,57.3,1.738,94.0,39.4,0,1,1,0,0,0,0,0,0
DATA,1996000,-0.943897,0.330240,65.0,0.673,0.000,7.476,57.3,1.738,94.0,39.4,0,1,1,0,0,0,0,0,0
DATA,1998000,-0.943849,0.330377,65.0,0.673,0.000,7.477,57.3,1.738,94.0,39.4,0,1,1,0,0,0,0,0,0
DATA,2000000,-0.943801,0.330515,65.8,0.673,0.000,7.476,57.3,1.738,94.0,39.4,0,1,1,0,0,0,0,0,0
DATA,2002000,-0.943753,0.330652,65.0,0.673,0.000,7.477,57.3,1.738,94.0,39.4,0,1,1,0,0,0,0,0,0
DATA,2004000,-0.943705,0.330789,65.0,0.673,0.000,7.476,57.3,1.738,94.0,39.4,0,1,1,0,0,0,0,0,0
DATA,2006000,-0.943657,0.330926,65.0,0.673,0.000,7.477,57.3,1.738,94.0,39.4,0,1,1,0,0,0,0,0,0
DATA,2008000,-0.943608,0.331064,65.0,0.673,0.000,7.477,57.3,1.738,94.0,39.4,0,1,1,0,0,0,0,0,0
DATA,2010000,-0.943560,0.331201,65.0,0.673,0.000,7.476,57.3,1.738,94.0,39.4,0,1,1,0,0,0,0,0,0
DATA,2012000,-0.943512,0.331338,65.0,0.673,0.000,7.476,57.2,1.738,94.0,39.4,0,1,1,0,0,0,0,0,0
DATA,2014000,-0.943464,0.331475,65.0,0.673,0.000,7.475,57.2,1.738,94.0,39.4,0,1,1,0,0,0,0,0,0
DATA,2016000,-0.943416,0.331612,65.0,0.673,0.000,7.476,57.3,1.738,94.0,39.4,0,1,1,0,0,0,0,0,0
DATA,2018000,-0.943367,0.331750,65.0,0.673,0.000,7.476,57.2,1.738,94.0,39.4,0,1,1,0,0,0,0,0,0
DATA,2020000,-0.943319,0.331887,65.0,0.673,0.000,7.475,57.2,1.738,94.0,39.4,0,1,1,0,0,0,0,0,0
DATA,2022000,-0.943271,0.332024,65.0,0.673,0.000,7.474,57.1,1.738,94.0,39.4,0,1,1,0,0,0,0,0,0
DATA,2024000,-0.943223,0.332161,65.0,0.672,0.000,7.473,57.1,1.738,94.0,39.4,0,1,1,0,0,0,0,0,0
DATA,2026000,-0.943174,0.332298,65.0,0.672,0.000,7.474,57.1,1.738,94.0,39.4,0,1,1,0,0,0,0,0,0
DATA,2028000,-0.943126,0.332436,65.0,0.672,0.000,7.474,57.1,1.738,94.0,39.4,0,1,1,0,0,0,0,0,0
DATA,2030000,-0.943078,0.332573,65.0,0.671,0.000,7.475,57.2,1.738,94.0,39.4,0,1,1,0,0,0,0,0,0
DATA,2032000,-0.943029,0.332710,65.0,0.672,0.000,7.476,57.3,1.738,94.0,39.4,0,1,1,0,0,0,0,0,0
DATA,2034000,-0.942981,0.332847,65.0,0.672,0.000,7.475,57.2,1.738,94.0,39.4,0,1,1,0,0,0,0,0,0
DATA,2036000,-0.942932,0.332984,65.0,0.672,0.000,7.475,57.2,1.738,94.0,39.4,0,1,1,0,0,0,0,0,0
DATA,2038000,-0.942884,0.333121,65.0,0.672,0.000,7.474,57.1,1.738,94.0,39.4,0,1,1,0,0,0,0,0,0
DATA,2040000,-0.942836,0.333258,65.8,0.672,0.000,7.474,57.1,1.738,94.0,39.4,0,1,1,0,0,0,0,0,0
DATA,2042000,-0.942787,0.333396,65.0,0.672,0.000,7.473,57.1,1.738,94.0,39.4,0,1,1,0,0,0,0,0,0
DATA,2044000,-0.942739,0.333533,65.0,0.672,0.000,7.475,57.2,1.738,94.0,39.4,0,1,1,0,0,0,0,0,0
DATA,2046000,-0.942690,0.333670,65.8,0.671,0.000,7.473,57.1,1.738,94.0,39.4,0,1,1,0,0,0,0,0,0
DATA,2048000,-0.942641,0.333807,65.0,0.671,0.000,7.474,57.1,1.738,94.0,39.4,0,1,1,0,0,0,0,0,0
DATA,2050000,-0.942593,0.333944,65.0,0.671,0.000,7.474,57.1,1.738,94.0,39.4,0,1,1,0,0,0,0,0,0
DATA,2052000,-0.942544,0.334081,65.0,0.672,0.000,7.474,57.1,1.738,94.0,39.4,0,1,1,0,0,0,0,0,0
DATA,2054000,-0.942496,0.334218,65.0,0.672,0.000,7.472,57.0,1.738,94.0,39.4,0,1,1,0,0,0,0,0,0
DATA,2056000,-0.942447,0.334355,65.0,0.672,0.000,7.470,56.8,1.738,94.0,39.4,0,1,1,0,0,0,0,0,0
DATA,2058000,-0.942398,0.334493,65.0,0.672,0.000,7.473,57.1,1.738,94.0,39.4,0,1,1,0,0,0,0,0,0
DATA,2060000,-0.942350,0.334629,65.0,0.672,0.000,7.470,56.9,1.738,94.0,39.4,0,1,1,0,0,0,0,0,0
DATA,2062000,-0.942301,0.334766,65.0,0.672,0.000,7.470,56.9,1.738,94.0,39.4,0,1,1,0,0,0,0,0,0
DATA,2064000,-0.942252,0.334904,65.0,0.672,0.000,7.470,56.9,1.738,94.0,39.4,0,1,1,0,0,0,0,0,0
DATA,2066000,-0.942204,0.335041,65.0,0.672,0.000,7.471,56.9,1.738,94.0,39.4,0,1,1,0,0,0,0,0,0
DATA,2068000,-0.942155,0.335177,65.0,0.673,0.000,7.472,57.0,1.738,94.0,39.4,0,1,1,0,0,0,0,0,0
DATA,2070000,-0.942106,0.335314,65.0,0.673,0.000,7.470,56.9,1.738,94.0,39.4,0,1,1,0,0,0,0,0,0
DATA,2072000,-0.942057,0.335452,65.0,0.673,0.000,7.471,56.9,1.738,94.0,39.4,0,1,1,0,0,0,0,0,0
DATA,2074000,-0.942009,0.335589,65.0,0.673,0.000,7.472,57.0,1.738,94.0,39.4,0,1,1,0,0,0,0,0,0
DATA,2076000,-0.941960,0.335725,65.0,0.673,0.000,7.468,56.8,1.738,94.0,39.4,0,1,1,0,0,0,0,0,0
DATA,2078000,-0.941911,0.335862,65.0,0.673,0.000,7.470,56.9,1.738,94.0,39.4,0,1,1,0,0,0,0,0,0
DATA,2080000,-0.941862,0.336000,65.0,0.673,0.000,7.473,57.0,1.738,94.0,39.4,0,1,1,0,0,0,0,0,0
DATA,2082000,-0.941813,0.336137,65.8,0.673,0.000,7.471,56.9,1.738,94.0,39.4,0,1,1,0,0,0,0,0,0
DATA,2084000,-0.941764,0.336273,65.0,0.673,0.000,7.468,56.7,1.738,94.0,39.0,0,1,1,0,0,0,0,0,0
DATA,2086000,-0.941715,0.336411,65.0,0.672,0.000,7.467,56.7,1.738,94.0,39.0,0,1,1,0,0,0,0,0,0
DATA,2088000,-0.941666,0.336548,65.8,0.672,0.000,7.469,56.8,1.739,94.0,39.0,0,1,1,0,0,0,0,0,0
DATA,2090000,-0.941617,0.336685,65.0,0.672,0.000,7.468,56.7,1.739,94.0,39.0,0,1,1,0,0,0,0,0,0
DATA,2092000,-0.941569,0.336821,65.0,0.672,0.000,7.467,56.7,1.739,94.0,39.0,0,1,1,0,0,0,0,0,0
DATA,2094000,-0.941519,0.336959,65.0,0.672,0.000,7.469,56.8,1.739,94.0,39.0,0,1,1,0,0,0,0,0,0
DATA,2096000,-0.941470,0.337095,65.0,0.672,0.000,7.467,56.7,1.738,94.0,39.0,0,1,1,0,0,0,0,0,0
DATA,2098000,-0.941421,0.337232,65.0,0.671,0.000,7.461,56.3,1.738,94.0,39.0,0,1,1,0,0,0,0,0,0
DATA,2100000,-0.941373,0.337369,65.0,0.670,0.000,7.462,56.3,1.738,94.0,39.0,0,1,1,0,0,0,0,0,0
DATA,2102000,-0.941323,0.337506,65.0,0.669,0.000,7.460,56.3,1.738,94.0,39.0,0,1,1,0,0,0,0,0,0
DATA,2104000,-0.941274,0.337643,65.0,0.669,0.000,7.461,56.3,1.738,94.0,39.0,0,1,1,0,0,0,0,0,0
DATA,2106000,-0.941225,0.337780,65.0,0.669,0.000,7.461,56.3,1.738,94.0,39.0,0,1,1,0,0,0,0,0,0
DATA,2108000,-0.941176,0.337917,65.0,0.669,0.000,7.460,56.3,1.738,94.0,39.0,0,1,1,0,0,0,0,0,0
DATA,2110000,-0.941127,0.338054,65.0,0.670,0.000,7.460,56.3,1.738,94.0,39.0,0,1,1,0,0,0,0,0,0
DATA,2112000,-0.941078,0.338191,65.0,0.670,0.000,7.460,56.3,1.738,94.0,39.0,0,1,1,0,0,0,0,0,0
DATA,2114000,-0.941028,0.338328,65.0,0.670,0.000,7.457,56.1,1.738,94.0,39.0,0,1,1,0,0,0,0,0,0
DATA,2116000,-0.940979,0.338465,65.0,0.670,0.000,7.459,56.2,1.738,94.0,39.0,0,1,1,0,0,0,0,0,0
DATA,2118000,-0.940930,0.338601,65.0,0.669,0.000,7.458,56.1,1.738,94.0,39.0,0,1,1,0,0,0,0,0,0
DATA,2120000,-0.940881,0.338738,65.0,0.670,0.000,7.460,56.2,1.738,94.0,39.0,0,1,1,0,0,0,0,0,0
DATA,2122000,-0.940831,0.338875,65.0,0.670,0.000,7.460,56.2,1.738,94.0,39.0,0,1,1,0,0,0,0,0,0
DATA,2124000,-0.940782,0.339012,65.0,0.670,0.000,7.459,56.2,1.738,94.0,39.0,0,1,1,0,0,0,0,0,0
DATA,2126000,-0.940733,0.339149,65.0,0.670,0.000,7.459,56.2,1.738,94.0,39.0,0,1,1,0,0,0,0,0,0
DATA,2128000,-0.940683,0.339285,65.0,0.670,0.000,7.458,56.1,1.738,94.0,39.0,0,1,1,0,0,0,0,0,0
DATA,2130000,-0.940634,0.339422,65.0,0.670,0.000,7.458,56.1,1.738,94.0,39.0,0,1,1,0,0,0,0,0,0
DATA,2132000,-0.940585,0.339559,65.0,0.670,0.000,7.457,56.1,1.738,94.0,39.0,0,1,1,0,0,0,0,0,0
DATA,2134000,-0.940535,0.339696,65.0,0.670,0.000,7.458,56.1,1.738,94.0,39.0,0,1,1,0,0,0,0,0,0
DATA,2136000,-0.940486,0.339833,65.0,0.670,0.000,7.457,56.1,1.738,94.0,39.0,0,1,1,0,0,0,0,0,0
DATA,2138000,-0.940437,0.339969,65.0,0.669,0.000,7.457,56.1,1.738,94.0,39.0,0,1,1,0,0,0,0,0,0
DATA,2140000,-0.940387,0.340106,65.0,0.669,0.000,7.455,56.0,1.738,94.0,39.0,0,1,1,0,0,0,0,0,0
DATA,2142000,-0.940338,0.340243,65.0,0.670,0.000,7.456,56.0,1.738,94.0,39.0,0,1,1,0,0,0,0,0,0
DATA,2144000,-0.940288,0.340380,65.0,0.669,0.000,7.456,56.0,1.738,94.0,39.0,0,1,1,0,0,0,0,0,0
DATA,2146000,-0.940239,0.340516,65.0,0.669,0.000,7.455,55.9,1.738,94.0,39.0,0,1,1,0,0,0,0,0,0
DATA,2148000,-0.940189,0.340653,65.0,0.669,0.000,7.456,56.0,1.738,94.0,39.0,0,1,1,0,0,0,0,0,0
DATA,2150000,-0.940140,0.340790,65.0,0.669,0.000,7.457,56.0,1.738,94.0,39.0,0,1,1,0,0,0,0,0,0
DATA,2152000,-0.940090,0.340927,65.0,0.670,0.000,7.456,56.0,1.738,94.0,39.0,0,1,1,0,0,0,0,0,0
DATA,2154000,-0.940040,0.341063,65.0,0.670,0.000,7.455,56.0,1.738,94.0,39.0,0,1,1,0,0,0,0,0,0
DATA,2156000,-0.939991,0.341200,65.0,0.669,0.000,7.455,55.9,1.738,94.0,39.0,0,1,1,0,0,0,0,0,0
DATA,2158000,-0.939941,0.341337,65.0,0.669,0.000,7.456,56.0,1.738,94.0,39.0,0,1,1,0,0,0,0,0,0
DATA,2160000,-0.939891,0.341474,65.0,0.669,0.000,7.456,56.0,1.738,94.0,39.0,0,1,1,0,0,0,0,0,0
DATA,2162000,-0.939842,0.341610,65.0,0.670,0.000,7.455,56.0,1.738,94.0,39.0,0,1,1,0,0,0,0,0,0
DATA,2164000,-0.939792,0.341747,65.0,0.670,0.000,7.454,55.9,1.738,94.0,39.0,0,1,1,0,0,0,0,0,0
DATA,2166000,-0.939742,0.341883,65.0,0.670,0.000,7.454,55.9,1.738,94.0,39.0,0,1,1,0,0,0,0,0,0
DATA,2168000,-0.939692,0.342021,65.0,0.669,0.000,7.454,55.9,1.738,94.0,39.0,0,1,1,0,0,0,0,0,0
DATA,2170000,-0.939643,0.342157,65.0,0.669,0.000,7.454,55.9,1.738,94.0,39.0,0,1,1,0,0,0,0,0,0
DATA,2172000,-0.939593,0.342293,65.0,0.669,0.000,7.453,55.8,1.738,94.0,39.0,0,1,1,0,0,0,0,0,0
DATA,2174000,-0.939543,0.342430,65.0,0.669,0.000,7.454,55.9,1.738,94.0,39.0,0,1,1,0,0,0,0,0,0
DATA,2176000,-0.939493,0.342567,65.0,0.669,0.000,7.454,55.9,1.738,94.0,39.0,0,1,1,0,0,0,0,0,0
DATA,2178000,-0.939444,0.342703,65.0,0.669,0.000,7.454,55.8,1.738,94.0,39.0,0,1,1,0,0,0,0,0,0
DATA,2180000,-0.939394,0.342840,65.0,0.669,0.000,7.454,55.9,1.738,94.0,39.0,0,1,1,0,0,0,0,0,0
DATA,2182000,-0.939344,0.342977,65.0,0.669,0.000,7.453,55.8,1.738,94.0,39.0,0,1,1,0,0,0,0,0,0
DATA,2184000,-0.939294,0.343114,65.0,0.669,0.000,7.453,55.8,1.738,94.0,39.0,0,1,1,0,0,0,0,0,0
DATA,2186000,-0.939244,0.343250,65.0,0.669,0.000,7.454,55.8,1.738,94.0,39.0,0,1,1,0,0,0,0,0,0
DATA,2188000,-0.939194,0.343386,65.0,0.669,0.000,7.454,55.8,1.738,94.0,39.0,0,1,1,0,0,0,0,0,0
DATA,2190000,-0.939144,0.343523,65.0,0.669,0.000,7.453,55.8,1.738,94.0,39.0,0,1,1,0,0,0,0,0,0
DATA,2192000,-0.939094,0.343660,65.0,0.669,0.000,7.452,55.8,1.738,94.0,39.0,0,1,1,0,0,0,0,0,0
DATA,2194000,-0.939044,0.343796,65.0,0.669,0.000,7.452,55.7,1.738,94.0,39.0,0,1,1,0,0,0,0,0,0
DATA,2196000,-0.938994,0.343933,65.0,0.669,0.000,7.452,55.7,1.738,94.0,39.0,0,1,1,0,0,0,0,0,0
DATA,2198000,-0.938944,0.344070,65.0,0.669,0.000,7.452,55.7,1.738,94.0,39.0,0,1,1,0,0,0,0,0,0
DATA,2200000,-0.938894,0.344206,65.0,0.669,0.000,7.452,55.8,1.738,94.0,39.0,0,1,1,0,0,0,0,0,0
DATA,2202000,-0.938844,0.344342,65.0,0.669,0.000,7.452,55.8,1.738,94.0,39.0,0,1,1,0,0,0,0,0,0
DATA,2204000,-0.938794,0.344479,65.0,0.669,0.000,7.451,55.7,1.738,94.0,39.0,0,1,1,0,0,0,0,0,0
DATA,2206000,-0.938744,0.344616,65.0,0.669,0.000,7.450,55.6,1.738,94.0,39.0,0,1,1,0,0,0,0,0,0
DATA,2208000,-0.938694,0.344752,65.0,0.669,0.000,7.451,55.7,1.738,94.0,39.0,0,1,1,0,0,0,0,0,0
DATA,2210000,-0.938644,0.344888,65.0,0.669,0.000,7.451,55.7,1.738,94.0,39.0,0,1,1,0,0,0,0,0,0
DATA,2212000,-0.938593,0.345025,65.0,0.669,0.000,7.451,55.7,1.738,94.0,39.0,0,1,1,0,0,0,0,0,0
DATA,2214000,-0.938543,0.345162,65.0,0.669,0.000,7.451,55.7,1.738,94.0,39.0,0,1,1,0,0,0,0,0,0
DATA,2216000,-0.938493,0.345298,65.0,0.669,0.000,7.450,55.6,1.738,94.0,39.0,0,1,1,0,0,0,0,0,0
DATA,2218000,-0.938443,0.345434,65.0,0.670,0.000,7.450,55.6,1.738,94.0,39.0,0,1,1,0,0,0,0,0,0
DATA,2220000,-0.938392,0.345571,65.0,0.669,0.000,7.450,55.6,1.738,94.0,39.0,0,1,1,0,0,0,0,0,0
DATA,2222000,-0.938342,0.345708,65.0,0.670,0.000,7.448,55.5,1.738,94.0,39.0,0,1,1,0,0,0,0,0,0
DATA,2224000,-0.938292,0.345844,65.0,0.670,0.000,7.449,55.6,1.738,94.0,39.0,0,1,1,0,0,0,0,0,0
DATA,2226000,-0.938241,0.345981,65.0,0.670,0.000,7.449,55.6,1.738,94.0,38.7,0,1,1,0,0,0,0,0,0
DATA,2228000,-0.938191,0.346117,65.0,0.671,0.000,7.455,56.0,1.738,94.0,38.7,0,1,1,0,0,0,0,0,0
DATA,2230000,-0.938141,0.346254,65.0,0.672,0.000,7.456,56.0,1.738,94.0,38.7,0,1,1,0,0,0,0,0,0
DATA,2232000,-0.938091,0.346390,65.0,0.672,0.000,7.456,56.0,1.738,94.0,38.7,0,1,1,0,0,0,0,0,0
DATA,2234000,-0.938040,0.346527,65.0,0.673,0.000,7.456,56.0,1.738,94.0,38.7,0,1,1,0,0,0,0,0,0
DATA,2236000,-0.937990,0.346663,64.2,0.673,0.000,7.457,56.1,1.738,94.0,38.7,0,1,1,0,0,0,0,0,0
DATA,2238000,-0.937939,0.346799,60.8,0.673,0.000,7.456,56.0,1.738,94.0,38.7,0,1,1,0,0,0,0,0,0
DATA,2240000,-0.937889,0.346936,59.2,0.673,0.000,7.453,55.8,1.738,94.0,38.7,0,1,1,0,0,0,0,0,0
DATA,2242000,-0.937838,0.347073,58.3,0.672,0.000,7.455,55.9,1.738,94.0,38.7,0,1,1,0,0,0,0,0,0
DATA,2244000,-0.937788,0.347209,59.2,0.673,0.000,7.455,55.9,1.738,94.0,38.7,0,1,1,0,0,0,0,0,0
DATA,2246000,-0.937737,0.347345,58.3,0.672,0.000,7.456,56.0,1.738,94.0,38.7,0,1,1,0,0,0,0,0,0
DATA,2248000,-0.937687,0.347481,58.3,0.672,0.000,7.457,56.1,1.738,94.0,38.7,0,1,1,0,0,0,0,0,0
DATA,2250000,-0.937636,0.347618,60.0,0.672,0.000,7.457,56.0,1.738,94.0,38.7,0,1,1,0,0,0,0,0,0
DATA,2252000,-0.937586,0.347754,63.3,0.673,0.000,7.457,56.0,1.738,94.0,38.7,0,1,1,0,0,0,0,0,0
DATA,2254000,-0.937535,0.347890,65.0,0.672,0.000,7.455,55.9,1.738,94.0,38.7,0,1,1,0,0,0,0,0,0
DATA,2256000,-0.937485,0.348027,65.0,0.672,0.000,7.456,56.0,1.738,94.0,38.7,0,1,1,0,0,0,0,0,0
DATA,2258000,-0.937434,0.348164,65.0,0.673,0.000,7.455,55.9,1.738,94.0,38.7,0,1,1,0,0,0,0,0,0
DATA,2260000,-0.937383,0.348299,65.0,0.673,0.000,7.455,55.9,1.738,94.0,38.7,0,1,1,0,0,0,0,0,0
DATA,2262000,-0.937333,0.348436,65.0,0.673,0.000,7.456,56.0,1.738,94.0,38.7,0,1,1,0,0,0,0,0,0
DATA,2264000,-0.937282,0.348572,65.0,0.673,0.000,7.453,55.8,1.738,94.0,38.7,0,1,1,0,0,0,0,0,0
DATA,2266000,-0.937231,0.348709,65.0,0.672,0.000,7.450,55.6,1.738,94.0,38.7,0,1,1,0,0,0,0,0,0
DATA,2268000,-0.937181,0.348845,65.0,0.672,0.000,7.453,55.8,1.738,94.0,38.7,0,1,1,0,0,0,0,0,0
DATA,2270000,-0.937130,0.348981,65.0,0.672,0.000,7.454,55.8,1.738,94.0,38.7,0,1,1,0,0,0,0,0,0
DATA,2272000,-0.937079,0.349117,65.0,0.672,0.000,7.454,55.9,1.738,94.0,38.7,0,1,1,0,0,0,0,0,0
DATA,2274000,-0.937028,0.349254,65.0,0.673,0.000,7.454,55.9,1.738,94.0,38.7,0,1,1,0,0,0,0,0,0
DATA,2276000,-0.936977,0.349390,65.0,0.673,0.000,7.455,55.9,1.738,94.0,38.7,0,1,1,0,0,0,0,0,0
DATA,2278000,-0.936926,0.349526,65.0,0.673,0.000,7.453,55.8,1.738,94.0,38.7,0,1,1,0,0,0,0,0,0
DATA,2280000,-0.936876,0.349662,65.0,0.673,0.000,7.453,55.8,1.738,94.0,38.7,0,1,1,0,0,0,0,0,0
DATA,2282000,-0.936825,0.349799,65.0,0.673,0.000,7.452,55.8,1.738,94.0,38.7,0,1,1,0,0,0,0,0,0
DATA,2284000,-0.936774,0.349935,65.0,0.673,0.000,7.452,55.7,1.738,94.0,38.7,0,1,1,0,0,0,0,0,0
DATA,2286000,-0.936723,0.350071,65.0,0.673,0.000,7.453,55.8,1.739,94.0,38.7,0,1,1,0,0,0,0,0,0
DATA,2288000,-0.936672,0.350207,65.0,0.673,0.000,7.453,55.8,1.739,94.0,38.7,0,1,1,0,0,0,0,0,0
DATA,2290000,-0.936621,0.350343,65.0,0.673,0.000,7.451,55.7,1.740,94.0,38.7,0,1,1,0,0,0,0,0,0
DATA,2292000,-0.936570,0.350480,65.0,0.673,0.000,7.452,55.8,1.741,94.0,38.7,0,1,1,0,0,0,0,0,0
DATA,2294000,-0.936519,0.350616,65.0,0.673,0.000,7.450,55.6,1.741,94.0,38.7,0,1,1,0,0,0,0,0,0
DATA,2296000,-0.936468,0.350752,65.0,0.673,0.000,7.451,55.7,1.741,94.0,38.7,0,1,1,0,0,0,0,0,0
DATA,2298000,-0.936417,0.350888,65.0,0.673,0.000,7.451,55.7,1.741,94.0,38.7,0,1,1,0,0,0,0,0,0
DATA,2300000,-0.936366,0.351025,65.0,0.673,0.000,7.451,55.7,1.739,94.0,38.7,0,1,1,0,0,0,0,0,0
DATA,2302000,-0.936315,0.351161,65.0,0.673,0.000,7.450,55.6,1.739,94.0,38.7,0,1,1,0,0,0,0,0,0
DATA,2304000,-0.936264,0.351297,65.0,0.673,0.000,7.452,55.8,1.739,94.0,38.7,0,1,1,0,0,0,0,0,0
DATA,2306000,-0.936213,0.351433,65.8,0.673,0.000,7.450,55.7,1.739,94.0,38.7,0,1,1,0,0,0,0,0,0
DATA,2308000,-0.936162,0.351570,65.0,0.673,0.000,7.450,55.6,1.741,94.0,38.7,0,1,1,0,0,0,0,0,0
DATA,2310000,-0.936111,0.351706,65.0,0.673,0.000,7.451,55.7,1.741,94.0,38.7,0,1,1,0,0,0,0,0,0
DATA,2312000,-0.936060,0.351841,65.0,0.673,0.000,7.450,55.6,1.741,94.0,38.7,0,1,1,0,0,0,0,0,0
DATA,2314000,-0.936008,0.351978,65.0,0.673,0.000,7.450,55.6,1.741,94.0,38.7,0,1,1,0,0,0,0,0,0
DATA,2316000,-0.935957,0.352114,65.0,0.673,0.000,7.451,55.7,1.741,94.0,38.7,0,1,1,0,0,0,0,0,0
DATA,2318000,-0.935906,0.352250,65.0,0.673,0.000,7.450,55.7,1.740,94.0,38.7,0,1,1,0,0,0,0,0,0
DATA,2320000,-0.935855,0.352386,65.0,0.673,0.000,7.450,55.6,1.740,94.0,38.7,0,1,1,0,0,0,0,0,0
DATA,2322000,-0.935803,0.352522,65.0,0.673,0.000,7.450,55.6,1.739,94.0,38.7,0,1,1,0,0,0,0,0,0
DATA,2324000,-0.935752,0.352659,65.0,0.673,0.000,7.449,55.6,1.738,94.0,38.7,0,1,1,0,0,0,0,0,0
DATA,2326000,-0.935701,0.352795,65.0,0.673,0.000,7.448,55.5,1.738,94.0,38.7,0,1,1,0,0,0,0,0,0
DATA,2328000,-0.935650,0.352930,65.0,0.673,0.000,7.450,55.6,1.738,94.0,38.7,0,1,1,0,0,0,0,0,0
DATA,2330000,-0.935598,0.353067,65.0,0.673,0.000,7.449,55.6,1.738,94.0,38.7,0,1,1,0,0,0,0,0,0
DATA,2332000,-0.935547,0.353203,65.0,0.673,0.000,7.450,55.6,1.738,94.0,38.7,0,1,1,0,0,0,0,0,0
DATA,2334000,-0.935495,0.353339,65.0,0.673,0.000,7.449,55.5,1.738,94.0,38.7,0,1,1,0,0,0,0,0,0
DATA,2336000,-0.935444,0.353475,65.0,0.673,0.000,7.450,55.6,1.738,94.0,38.7,0,1,1,0,0,0,0,0,0
DATA,2338000,-0.935393,0.353611,65.0,0.673,0.000,7.449,55.5,1.738,94.0,38.7,0,1,1,0,0,0,0,0,0
DATA,2340000,-0.935341,0.353747,65.0,0.673,0.000,7.447,55.4,1.738,94.0,38.7,0,1,1,0,0,0,0,0,0
DATA,2342000,-0.935290,0.353883,65.0,0.672,0.000,7.448,55.5,1.738,94.0,38.7,0,1,1,0,0,0,0,0,0
DATA,2344000,-0.935238,0.354020,65.0,0.672,0.000,7.445,55.3,1.738,94.0,38.7,0,1,1,0,0,0,0,0,0
DATA,2346000,-0.935187,0.354155,65.0,0.672,0.000,7.439,55.0,1.738,94.0,38.7,0,1,1,0,0,0,0,0,0
DATA,2348000,-0.935135,0.354291,65.0,0.671,0.000,7.439,54.9,1.738,94.0,38.7,0,1,1,0,0,0,0,0,0
DATA,2350000,-0.935084,0.354427,65.0,0.670,0.000,7.439,55.0,1.738,94.0,38.7,0,1,1,0,0,0,0,0,0
DATA,2352000,-0.935032,0.354564,65.0,0.669,0.000,7.439,54.9,1.738,94.0,38.7,0,1,1,0,0,0,0,0,0
DATA,2354000,-0.934981,0.354699,65.0,0.669,0.000,7.438,54.9,1.738,94.0,38.7,0,1,1,0,0,0,0,0,0
DATA,2356000,-0.934929,0.354835,65.0,0.669,0.000,7.438,54.9,1.738,94.0,38.7,0,1,1,0,0,0,0,0,0
DATA,2358000,-0.934877,0.354971,65.0,0.669,0.000,7.438,54.9,1.738,94.0,38.7,0,1,1,0,0,0,0,0,0
DATA,2360000,-0.934825,0.355107,65.0,0.669,0.000,7.437,54.8,1.738,94.0,38.3,0,1,1,0,0,0,0,0,0
DATA,2362000,-0.934774,0.355243,65.0,0.669,0.000,7.436,54.8,1.738,94.0,38.3,0,1,1,0,0,0,0,0,0
DATA,2364000,-0.934722,0.355379,65.0,0.669,0.000,7.436,54.8,1.738,94.0,38.3,0,1,1,0,0,0,0,0,0
DATA,2366000,-0.934670,0.355515,65.0,0.668,0.000,7.435,54.7,1.738,94.0,38.3,0,1,1,0,0,0,0,0,0
DATA,2368000,-0.934619,0.355651,65.0,0.669,0.000,7.436,54.8,1.738,94.0,38.3,0,1,1,0,0,0,0,0,0
DATA,2370000,-0.934567,0.355787,65.0,0.669,0.000,7.436,54.8,1.738,94.0,38.3,0,1,1,0,0,0,0,0,0
DATA,2372000,-0.934515,0.355923,65.0,0.669,0.000,7.436,54.7,1.738,94.0,38.3,0,1,1,0,0,0,0,0,0
DATA,2374000,-0.934464,0.356059,65.0,0.669,0.000,7.435,54.7,1.738,94.0,38.3,0,1,1,0,0,0,0,0,0
DATA,2376000,-0.934412,0.356195,65.0,0.669,0.000,7.436,54.7,1.738,94.0,38.3,0,1,1,0,0,0,0,0,0
DATA,2378000,-0.934360,0.356330,65.0,0.669,0.000,7.435,54.7,1.738,94.0,38.3,0,1,1,0,0,0,0,0,0
DATA,2380000,-0.934308,0.356466,65.0,0.669,0.000,7.436,54.7,1.738,94.0,38.3,0,1,1,0,0,0,0,0,0
DATA,2382000,-0.934256,0.356603,65.0,0.669,0.000,7.436,54.7,1.738,94.0,38.3,0,1,1,0,0,0,0,0,0
DATA,2384000,-0.934204,0.356738,65.0,0.669,0.000,7.434,54.6,1.738,94.0,38.3,0,1,1,0,0,0,0,0,0
DATA,2386000,-0.934153,0.356874,65.0,0.669,0.000,7.434,54.6,1.738,94.0,38.3,0,1,1,0,0,0,0,0,0
DATA,2388000,-0.934101,0.357010,65.0,0.670,0.000,7.435,54.7,1.738,94.0,38.3,0,1,1,0,0,0,0,0,0
DATA,2390000,-0.934049,0.357146,65.0,0.669,0.000,7.435,54.7,1.738,94.0,38.3,0,1,1,0,0,0,0,0,0
DATA,2392000,-0.933997,0.357282,65.0,0.670,0.000,7.434,54.6,1.738,94.0,38.3,0,1,1,0,0,0,0,0,0
DATA,2394000,-0.933945,0.357417,65.0,0.670,0.000,7.434,54.6,1.738,94.0,38.3,0,1,1,0,0,0,0,0,0
DATA,2396000,-0.933893,0.357553,65.0,0.670,0.000,7.432,54.5,1.738,94.0,38.3,0,1,1,0,0,0,0,0,0
DATA,2398000,-0.933841,0.357689,65.0,0.670,0.000,7.433,54.6,1.738,94.0,38.3,0,1,1,0,0,0,0,0,0
DATA,2400000,-0.933789,0.357825,65.0,0.670,0.000,7.433,54.6,1.738,94.0,38.3,0,1,1,0,0,0,0,0,0
DATA,2402000,-0.933737,0.357960,65.0,0.670,0.000,7.433,54.6,1.738,94.0,38.3,0,1,1,0,0,0,0,0,0
DATA,2404000,-0.933685,0.358097,65.0,0.670,0.000,7.433,54.5,1.738,94.0,38.3,0,1,1,0,0,0,0,0,0
DATA,2406000,-0.933632,0.358232,65.0,0.670,0.000,7.432,54.5,1.738,94.0,38.3,0,1,1,0,0,0,0,0,0
DATA,2408000,-0.933580,0.358368,65.0,0.670,0.000,7.432,54.5,1.738,94.0,38.3,0,1,1,0,0,0,0,0,0
DATA,2410000,-0.933528,0.358504,65.0,0.670,0.000,7.432,54.5,1.738,94.0,38.3,0,1,1,0,0,0,0,0,0
DATA,2412000,-0.933476,0.358640,65.0,0.670,0.000,7.432,54.5,1.738,94.0,38.3,0,1,1,0,0,0,0,0,0
DATA,2414000,-0.933424,0.358775,65.0,0.670,0.000,7.431,54.5,1.738,94.0,38.3,0,1,1,0,0,0,0,0,0
DATA,2416000,-0.933372,0.358911,65.0,0.670,0.000,7.432,54.5,1.738,94.0,38.3,0,1,1,0,0,0,0,0,0
DATA,2418000,-0.933319,0.359047,65.0,0.670,0.000,7.432,54.5,1.738,94.0,38.3,0,1,1,0,0,0,0,0,0
DATA,2420000,-0.933267,0.359183,65.0,0.670,0.000,7.431,54.5,1.738,94.0,38.3,0,1,1,0,0,0,0,0,0
DATA,2422000,-0.933215,0.359318,65.0,0.670,0.000,7.431,54.4,1.738,94.0,38.3,0,1,1,0,0,0,0,0,0
DATA,2424000,-0.933163,0.359454,65.0,0.670,0.000,7.430,54.4,1.738,94.0,38.3,0,1,1,0,0,0,0,0,0
DATA,2426000,-0.933110,0.359590,65.0,0.670,0.000,7.431,54.4,1.738,94.0,38.3,0,1,1,0,0,0,0,0,0
DATA,2428000,-0.933058,0.359726,65.0,0.670,0.000,7.431,54.4,1.738,94.0,38.3,0,1,1,0,0,0,0,0,0
DATA,2430000,-0.933006,0.359861,65.0,0.670,0.000,7.430,54.4,1.738,94.0,38.3,0,1,1,0,0,0,0,0,0
DATA,2432000,-0.932953,0.359997,65.0,0.670,0.000,7.430,54.4,1.738,94.0,38.3,0,1,1,0,0,0,0,0,0
DATA,2434000,-0.932901,0.360133,65.0,0.670,0.000,7.429,54.3,1.738,94.0,38.3,0,1,1,0,0,0,0,0,0
DATA,2436000,-0.932849,0.360268,65.0,0.670,0.000,7.429,54.3,1.738,94.0,38.3,0,1,1,0,0,0,0,0,0
DATA,2438000,-0.932796,0.360404,65.0,0.670,0.000,7.429,54.3,1.738,94.0,38.3,0,1,1,0,0,0,0,0,0
DATA,2440000,-0.932744,0.360540,65.0,0.670,0.000,7.429,54.3,1.738,94.0,38.3,0,1,1,0,0,0,0,0,0
DATA,2442000,-0.932691,0.360675,65.0,0.670,0.000,7.429,54.3,1.738,94.0,38.3,0,1,1,0,0,0,0,0,0
DATA,2444000,-0.932639,0.360811,65.0,0.670,0.000,7.428,54.2,1.738,94.0,38.3,0,1,1,0,0,0,0,0,0
DATA,2446000,-0.932587,0.360946,65.0,0.670,0.000,7.429,54.3,1.738,94.0,38.3,0,1,1,0,0,0,0,0,0
DATA,2448000,-0.932534,0.361082,65.0,0.669,0.000,7.428,54.3,1.738,94.0,38.3,0,1,1,0,0,0,0,0,0
DATA,2450000,-0.932481,0.361218,65.0,0.669,0.000,7.428,54.2,1.738,94.0,38.3,0,1,1,0,0,0,0,0,0
DATA,2452000,-0.932429,0.361353,65.0,0.669,0.000,7.428,54.3,1.738,94.0,38.3,0,1,1,0,0,0,0,0,0
DATA,2454000,-0.932377,0.361489,65.0,0.669,0.000,7.427,54.2,1.738,94.0,38.3,0,1,1,0,0,0,0,0,0
DATA,2456000,-0.932324,0.361625,65.0,0.670,0.000,7.427,54.2,1.738,94.0,38.3,0,1,1,0,0,0,0,0,0
DATA,2458000,-0.932271,0.361760,65.0,0.670,0.000,7.427,54.2,1.738,94.0,38.3,0,1,1,0,0,0,0,0,0
DATA,2460000,-0.932219,0.361896,65.0,0.670,0.000,7.427,54.2,1.738,94.0,38.3,0,1,1,0,0,0,0,0,0
DATA,2462000,-0.932166,0.362032,65.0,0.670,0.000,7.430,54.4,1.738,94.0,38.3,0,1,1,0,0,0,0,0,0
DATA,2464000,-0.932113,0.362167,65.0,0.671,0.000,7.434,54.6,1.738,94.0,38.3,0,1,1,0,0,0,0,0,0
DATA,2466000,-0.932061,0.362303,65.8,0.672,0.000,7.434,54.6,1.738,94.0,38.3,0,1,1,0,0,0,0,0,0
DATA,2468000,-0.932008,0.362438,65.0,0.673,0.000,7.433,54.6,1.738,94.0,38.3,0,1,1,0,0,0,0,0,0
DATA,2470000,-0.931955,0.362574,65.0,0.673,0.000,7.435,54.7,1.738,94.0,38.3,0,1,1,0,0,0,0,0,0
DATA,2472000,-0.931902,0.362709,65.0,0.673,0.000,7.433,54.6,1.738,94.0,38.3,0,1,1,0,0,0,0,0,0
DATA,2474000,-0.931850,0.362845,65.0,0.673,0.000,7.434,54.6,1.738,94.0,38.3,0,1,1,0,0,0,0,0,0
DATA,2476000,-0.931797,0.362980,65.0,0.673,0.000,7.434,54.6,1.738,94.0,38.3,0,1,1,0,0,0,0,0,0
DATA,2478000,-0.931744,0.363116,65.0,0.673,0.000,7.434,54.6,1.738,94.0,38.3,0,1,1,0,0,0,0,0,0
DATA,2480000,-0.931691,0.363251,65.0,0.673,0.000,7.434,54.6,1.738,94.0,38.3,0,1,1,0,0,0,0,0,0
DATA,2482000,-0.931638,0.363387,65.0,0.673,0.000,7.434,54.6,1.738,94.0,38.3,0,1,1,0,0,0,0,0,0
DATA,2484000,-0.931585,0.363523,65.0,0.673,0.000,7.430,54.4,1.738,94.0,38.3,0,1,1,0,0,0,0,0,0
DATA,2486000,-0.931533,0.363658,65.0,0.673,0.000,7.434,54.6,1.738,94.0,38.3,0,1,1,0,0,0,0,0,0
DATA,2488000,-0.931480,0.363793,65.0,0.673,0.000,7.434,54.6,1.738,94.0,38.3,0,1,1,0,0,0,0,0,0
DATA,2490000,-0.931427,0.363929,65.0,0.673,0.000,7.432,54.5,1.738,94.0,37.9,0,1,1,0,0,0,0,0,0
DATA,2492000,-0.931374,0.364065,65.0,0.673,0.000,7.432,54.5,1.738,94.0,37.9,0,1,1,0,0,0,0,0,0
DATA,2494000,-0.931321,0.364200,65.0,0.673,0.000,7.431,54.5,1.738,94.0,37.9,0,1,1,0,0,0,0,0,0
DATA,2496000,-0.931268,0.364335,65.0,0.673,0.000,7.432,54.5,1.738,94.0,37.9,0,1,1,0,0,0,0,0,0
DATA,2498000,-0.931215,0.364470,65.0,0.673,0.000,7.432,54.5,1.738,94.0,37.9,0,1,1,0,0,0,0,0,0
DATA,2500000,-0.931162,0.364606,65.0,0.673,0.000,7.432,54.5,1.738,94.0,37.9,0,1,1,0,0,0,0,0,0
DATA,2502000,-0.931109,0.364742,65.0,0.673,0.000,7.431,54.4,1.738,94.0,37.9,0,1,1,0,0,0,0,0,0
DATA,2504000,-0.931056,0.364877,65.0,0.673,0.000,7.428,54.3,1.738,94.0,37.9,0,1,1,0,0,0,0,0,0
DATA,2506000,-0.931003,0.365012,65.0,0.672,0.000,7.431,54.5,1.738,94.0,37.9,0,1,1,0,0,0,0,0,0
DATA,2508000,-0.930950,0.365148,65.0,0.672,0.000,7.430,54.4,1.738,94.0,37.9,0,1,1,0,0,0,0,0,0
DATA,2510000,-0.930896,0.365283,65.0,0.672,0.000,7.431,54.4,1.738,94.0,37.9,0,1,1,0,0,0,0,0,0
DATA,2512000,-0.930843,0.365418,65.0,0.672,0.000,7.431,54.4,1.738,94.0,37.9,0,1,1,0,0,0,0,0,0
DATA,2514000,-0.930790,0.365554,65.0,0.672,0.000,7.430,54.4,1.738,94.0,37.9,0,1,1,0,0,0,0,0,0
DATA,2516000,-0.930737,0.365689,63.3,0.672,0.000,7.430,54.4,1.738,94.0,37.9,0,1,1,0,0,0,0,0,0
DATA,2518000,-0.930684,0.365825,65.0,0.672,0.000,7.431,54.4,1.738,94.0,37.9,0,1,1,0,0,0,0,0,0
