滯LCD ID:5510
DATA,period_ms,real_hour_sin,real_hour_cos,lux,pv_v,pv_p,home_v,home_soc,load_p,car_soc,human_soc,pvsrc,hsrc,rigid,led,fan,qi,hchg,cchg,v2h
CTP ID:9147
DATA,2000,0.000145,1.000000,75.0,0.665,0.000,7.724,72.8,1.242,93.2,-1.0,0,1,1,1,0,0,0,0,0
DATA,4000,0.000291,1.000000,75.0,0.654,0.000,7.662,68.9,1.861,93.2,-1.0,0,1,1,1,0,0,0,0,0
DATA,6000,0.000436,1.000000,75.0,0.650,0.000,7.660,68.8,2.067,93.2,-1.0,0,1,1,1,0,0,0,0,0
DATA,8000,0.000582,1.000000,71.7,0.649,0.000,7.658,68.6,2.125,93.2,-1.0,0,1,1,1,0,0,0,0,0
DATA,10000,0.000727,1.000000,51.7,0.643,0.000,7.676,69.7,2.414,93.1,70.6,0,1,1,0,0,0,0,0,0
DATA,12000,0.000873,1.000000,66.7,0.644,0.000,7.690,70.6,2.228,93.1,70.6,0,1,1,0,0,0,0,0,0
DATA,14000,0.001018,0.999999,65.8,0.646,0.000,7.689,70.6,2.043,93.1,70.6,0,1,1,0,0,0,0,0,0
DATA,16000,0.001164,0.999999,66.7,0.649,0.000,7.695,70.9,1.857,93.2,70.6,0,1,1,0,0,0,0,0,0
DATA,18000,0.001309,0.999999,65.8,0.651,0.000,7.688,70.5,1.738,93.1,70.6,0,1,1,0,0,0,0,0,0
DATA,20000,0.001454,0.999999,65.8,0.651,0.000,7.686,70.4,1.738,93.1,70.6,0,1,1,0,0,0,0,0,0
DATA,22000,0.001600,0.999999,65.8,0.651,0.000,7.686,70.4,1.738,93.1,70.6,0,1,1,0,0,0,0,0,0
DATA,24000,0.001745,0.999998,65.8,0.650,0.000,7.694,70.9,1.738,93.1,70.6,0,1,1,0,0,0,0,0,0
DATA,26000,-0.513729,-0.857953,75.0,0.651,0.000,7.660,68.8,1.832,93.2,70.6,0,1,1,1,0,0,0,0,0
DATA,28000,-0.513853,-0.857878,75.0,0.649,0.000,7.659,68.7,2.017,93.2,70.6,0,1,1,1,0,0,0,0,0
DATA,30000,-0.513978,-0.857803,50.0,0.649,0.000,7.666,69.1,2.204,93.1,70.6,0,1,1,0,0,0,0,0,0
DATA,32000,-0.514103,-0.857729,54.2,0.650,0.000,7.693,70.8,2.204,93.2,70.6,0,1,1,0,0,0,0,0,0
DATA,34000,-0.514228,-0.857654,58.3,0.651,0.000,7.693,70.8,2.111,93.2,70.6,0,1,1,0,0,0,0,0,0
DATA,36000,-0.514352,-0.857579,65.8,0.654,0.000,7.693,70.8,1.925,93.1,70.6,0,1,1,0,0,0,0,0,0
DATA,38000,-0.514477,-0.857504,65.8,0.655,0.000,7.693,70.8,1.738,93.1,70.6,0,1,1,0,0,0,0,0,0
DATA,40000,-0.514602,-0.857429,65.8,0.654,0.000,7.693,70.8,1.738,93.1,70.6,0,1,1,0,0,0,0,0,0
DATA,42000,-0.514727,-0.857354,65.8,0.654,0.000,7.693,70.8,1.738,93.2,70.6,0,1,1,0,0,0,0,0,0
DATA,44000,-0.514851,-0.857280,65.8,0.654,0.000,7.690,70.7,1.738,93.1,70.6,0,1,1,0,0,0,0,0,0
DATA,46000,-0.514976,-0.857205,65.8,0.654,0.000,7.691,70.7,1.738,93.1,70.6,0,1,1,0,0,0,0,0,0
DATA,48000,-0.515100,-0.857130,65.8,0.654,0.000,7.691,70.7,1.738,93.1,70.6,0,1,1,0,0,0,0,0,0
DATA,50000,-0.515225,-0.857055,65.8,0.654,0.000,7.690,70.7,1.738,93.1,70.6,0,1,1,0,0,0,0,0,0
DATA,52000,-0.515350,-0.856980,65.8,0.653,0.000,7.690,70.6,1.738,93.1,70.6,0,1,1,0,0,0,0,0,0
DATA,54000,-0.515474,-0.856905,65.8,0.653,0.000,7.690,70.6,1.738,93.1,70.6,0,1,1,0,0,0,0,0,0
DATA,56000,-0.515599,-0.856830,65.8,0.653,0.000,7.690,70.6,1.739,93.1,70.6,0,1,1,0,0,0,0,0,0
DATA,58000,-0.515724,-0.856755,65.8,0.654,0.000,7.689,70.6,1.741,93.1,70.6,0,1,1,0,0,0,0,0,0
DATA,60000,-0.515848,-0.856680,65.0,0.655,0.000,7.688,70.5,1.741,93.1,70.6,0,1,1,0,0,0,0,0,0
DATA,62000,-0.515973,-0.856605,60.8,0.655,0.000,7.689,70.6,1.741,93.2,70.6,0,1,1,0,0,0,0,0,0
DATA,64000,-0.516097,-0.856530,59.2,0.655,0.000,7.687,70.4,1.741,93.1,70.6,0,1,1,0,0,0,0,0,0
DATA,66000,-0.516222,-0.856455,60.8,0.655,0.000,7.688,70.5,1.740,93.1,70.6,0,1,1,0,0,0,0,0,0
DATA,68000,-0.516347,-0.856380,53.3,0.655,0.000,7.687,70.4,1.740,93.1,70.6,0,1,1,0,0,0,0,0,0
DATA,70000,-0.516471,-0.856305,47.5,0.655,0.000,7.688,70.5,1.739,93.1,70.6,0,1,1,0,0,0,0,0,0
DATA,72000,-0.516596,-0.856230,61.7,0.655,0.000,7.688,70.5,1.738,93.1,70.6,0,1,1,0,0,0,0,0,0
DATA,74000,-0.516720,-0.856154,64.2,0.655,0.000,7.687,70.4,1.739,93.1,70.6,0,1,1,0,0,0,0,0,0
DATA,76000,-0.516845,-0.856079,61.7,0.655,0.000,7.688,70.5,1.740,93.2,70.6,0,1,1,0,0,0,0,0,0
DATA,78000,-0.516969,-0.856004,65.0,0.655,0.000,7.687,70.4,1.740,93.1,70.6,0,1,1,0,0,0,0,0,0
DATA,80000,-0.517094,-0.855929,66.7,0.655,0.000,7.687,70.5,1.740,93.1,70.6,0,1,1,0,0,0,0,0,0
DATA,82000,-0.517218,-0.855853,66.7,0.655,0.000,7.687,70.4,1.741,93.1,70.6,0,1,1,0,0,0,0,0,0
DATA,84000,-0.517343,-0.855778,65.8,0.654,0.000,7.687,70.4,1.740,93.1,70.6,0,1,1,0,0,0,0,0,0
DATA,86000,-0.517467,-0.855703,66.7,0.654,0.000,7.686,70.4,1.741,93.1,70.6,0,1,1,0,0,0,0,0,0
DATA,88000,-0.517591,-0.855628,65.8,0.655,0.000,7.685,70.3,1.741,93.1,70.6,0,1,1,0,0,0,0,0,0
DATA,90000,-0.517716,-0.855552,63.3,0.655,0.000,7.684,70.2,1.741,93.1,70.6,0,1,1,0,0,0,0,0,0
DATA,92000,-0.517840,-0.855477,63.3,0.656,0.000,7.684,70.2,1.740,93.1,70.6,0,1,1,0,0,0,0,0,0
DATA,94000,-0.517965,-0.855402,63.3,0.656,0.000,7.684,70.3,1.741,93.1,70.6,0,1,1,0,0,0,0,0,0
DATA,96000,-0.518089,-0.855327,63.3,0.656,0.000,7.682,70.2,1.741,93.1,70.6,0,1,1,0,0,0,0,0,0
DATA,98000,-0.518214,-0.855251,63.3,0.656,0.000,7.684,70.2,1.741,93.1,70.6,0,1,1,0,0,0,0,0,0
DATA,100000,-0.518338,-0.855176,63.3,0.657,0.000,7.685,70.3,1.741,93.1,70.6,0,1,1,0,0,0,0,0,0
DATA,102000,-0.518462,-0.855100,63.3,0.657,0.000,7.684,70.2,1.741,93.1,70.6,0,1,1,0,0,0,0,0,0
DATA,104000,-0.518587,-0.855025,63.3,0.656,0.000,7.689,70.6,1.741,93.1,70.6,0,1,1,0,0,0,0,0,0
DATA,106000,-0.518711,-0.854950,63.3,0.656,0.000,7.690,70.6,1.742,93.1,70.6,0,1,1,0,0,0,0,0,0
DATA,108000,-0.518836,-0.854874,64.2,0.655,0.000,7.689,70.6,1.744,93.1,70.6,0,1,1,0,0,0,0,0,0
DATA,110000,-0.518960,-0.854799,63.3,0.655,0.000,7.690,70.6,1.744,93.1,70.6,0,1,1,0,0,0,0,0,0
DATA,112000,-0.519084,-0.854723,63.3,0.655,0.000,7.689,70.6,1.744,93.1,70.6,0,1,1,0,0,0,0,0,0
DATA,114000,-0.519208,-0.854648,63.3,0.655,0.000,7.689,70.6,1.744,93.2,70.6,0,1,1,0,0,0,0,0,0
DATA,116000,-0.519333,-0.854572,63.3,0.655,0.000,7.688,70.5,1.744,93.2,70.6,0,1,1,0,0,0,0,0,0
DATA,118000,-0.519457,-0.854497,63.3,0.655,0.000,7.688,70.5,1.743,93.1,70.6,0,1,1,0,0,0,0,0,0
DATA,120000,-0.519581,-0.854421,63.3,0.655,0.000,7.687,70.4,1.741,93.1,70.6,0,1,1,0,0,0,0,0,0
DATA,122000,-0.519706,-0.854345,63.3,0.655,0.000,7.687,70.5,1.741,93.1,70.6,0,1,1,0,0,0,0,0,0
DATA,124000,-0.519830,-0.854270,60.0,0.654,0.000,7.687,70.4,1.741,93.1,70.6,0,1,1,0,0,0,0,0,0
DATA,126000,-0.519954,-0.854194,62.5,0.654,0.000,7.688,70.5,1.741,93.1,70.6,0,1,1,0,0,0,0,0,0
DATA,128000,-0.520078,-0.854119,62.5,0.655,0.000,7.687,70.4,1.741,93.2,70.6,0,1,1,0,0,0,0,0,0
DATA,130000,-0.520203,-0.854043,60.0,0.655,0.000,7.686,70.4,1.741,93.1,70.6,0,1,1,0,0,0,0,0,0
DATA,132000,-0.520327,-0.853967,60.8,0.655,0.000,7.686,70.4,1.741,93.2,70.6,0,1,1,0,0,0,0,0,0
DATA,134000,-0.520451,-0.853891,60.0,0.655,0.000,7.687,70.4,1.742,93.2,70.6,0,1,1,0,0,0,0,0,0
DATA,136000,-0.520575,-0.853816,55.8,0.655,0.000,7.686,70.4,1.742,93.1,70.6,0,1,1,0,0,0,0,0,0
DATA,138000,-0.520699,-0.853740,55.8,0.656,0.000,7.685,70.3,1.743,93.1,70.6,0,1,1,0,0,0,0,0,0
DATA,140000,-0.520824,-0.853664,54.2,0.655,0.000,7.684,70.2,1.744,93.1,70.6,0,1,1,0,0,0,0,0,0
DATA,142000,-0.520948,-0.853589,58.3,0.655,0.000,7.685,70.3,1.743,93.2,70.6,0,1,1,0,0,0,0,0,0
DATA,144000,-0.521072,-0.853513,64.2,0.655,0.000,7.685,70.3,1.744,93.2,70.4,0,1,1,0,0,0,0,0,0
DATA,146000,-0.521196,-0.853437,63.3,0.655,0.000,7.685,70.3,1.744,93.1,70.4,0,1,1,0,0,0,0,0,0
DATA,148000,-0.521320,-0.853361,58.3,0.655,0.000,7.685,70.3,1.743,93.1,70.4,0,1,1,0,0,0,0,0,0
DATA,150000,-0.521444,-0.853285,58.3,0.656,0.000,7.683,70.2,1.744,93.1,70.4,0,1,1,0,0,0,0,0,0
DATA,152000,-0.521568,-0.853209,48.3,0.656,0.000,7.682,70.2,1.744,93.1,70.4,0,1,1,0,0,0,0,0,0
DATA,154000,-0.521692,-0.853134,85.8,0.655,0.000,7.683,70.2,1.743,93.1,70.4,0,1,1,0,0,0,0,0,0
DATA,156000,-0.521816,-0.853058,85.8,0.655,0.000,7.682,70.1,1.743,93.2,70.4,0,1,1,0,0,0,0,0,0
DATA,158000,-0.521940,-0.852982,90.8,0.655,0.000,7.683,70.2,1.743,93.1,70.4,0,1,1,0,0,0,0,0,0
DATA,160000,-0.522065,-0.852906,102.5,0.655,0.000,7.683,70.2,1.742,93.1,70.4,0,1,1,0,0,0,0,0,0
DATA,162000,-0.522189,-0.852830,101.7,0.655,0.000,7.681,70.1,1.743,93.1,70.4,0,1,1,0,0,0,0,0,0
DATA,164000,-0.522313,-0.852754,102.5,0.655,0.000,7.682,70.1,1.743,93.2,70.4,0,1,1,0,0,0,0,0,0
DATA,166000,-0.522437,-0.852678,101.7,0.654,0.000,7.682,70.1,1.741,93.1,70.4,0,1,1,0,0,0,0,0,0
DATA,168000,-0.522561,-0.852602,96.7,0.654,0.000,7.680,70.0,1.741,93.1,70.4,0,1,1,0,0,0,0,0,0
DATA,170000,-0.522685,-0.852526,95.8,0.655,0.000,7.682,70.1,1.741,93.1,70.4,0,1,1,0,0,0,0,0,0
DATA,172000,-0.522809,-0.852450,101.7,0.655,0.000,7.680,70.0,1.741,93.1,70.4,0,1,1,0,0,0,0,0,0
DATA,174000,-0.522933,-0.852374,95.0,0.655,0.000,7.681,70.0,1.742,93.1,70.4,0,1,1,0,0,0,0,0,0
DATA,176000,-0.523057,-0.852298,64.2,0.655,0.000,7.680,70.0,1.742,93.1,70.4,0,1,1,0,0,0,0,0,0
DATA,178000,-0.523180,-0.852222,70.8,0.654,0.000,7.679,70.0,1.741,93.1,70.4,0,1,1,0,0,0,0,0,0
DATA,180000,-0.523304,-0.852146,65.8,0.653,0.000,7.679,69.9,1.740,93.1,70.4,0,1,1,0,0,0,0,0,0
DATA,182000,-0.523428,-0.852070,66.7,0.653,0.000,7.679,69.9,1.739,93.1,70.4,0,1,1,0,0,0,0,0,0
DATA,184000,-0.523552,-0.851994,58.3,0.653,0.000,7.680,70.0,1.739,93.1,70.4,0,1,1,0,0,0,0,0,0
DATA,186000,-0.523676,-0.851917,67.5,0.654,0.000,7.679,70.0,1.738,93.1,70.4,0,1,1,0,0,0,0,0,0
DATA,188000,-0.523800,-0.851841,76.7,0.654,0.000,7.678,69.9,1.738,93.1,70.4,0,1,1,0,0,0,0,0,0
DATA,190000,-0.523924,-0.851765,81.7,0.655,0.000,7.680,70.0,1.739,93.1,70.4,0,1,1,0,0,0,0,0,0
DATA,192000,-0.524048,-0.851689,80.0,0.655,0.000,7.680,70.0,1.740,93.1,70.4,0,1,1,0,0,0,0,0,0
DATA,194000,-0.524172,-0.851613,80.0,0.654,0.000,7.680,70.0,1.740,93.1,70.4,0,1,1,0,0,0,0,0,0
DATA,196000,-0.524296,-0.851536,87.5,0.654,0.000,7.678,69.9,1.741,93.1,70.4,0,1,1,0,0,0,0,0,0
DATA,198000,-0.524419,-0.851460,89.2,0.653,0.000,7.678,69.9,1.740,93.1,70.4,0,1,1,0,0,0,0,0,0
DATA,200000,-0.524543,-0.851384,89.2,0.653,0.000,7.679,69.9,1.739,93.1,70.4,0,1,1,0,0,0,0,0,0
DATA,202000,-0.524667,-0.851308,95.8,0.653,0.000,7.677,69.8,1.740,93.1,70.4,0,1,1,0,0,0,0,0,0
DATA,204000,-0.524791,-0.851231,90.0,0.653,0.000,7.676,69.7,1.739,93.1,70.4,0,1,1,0,0,0,0,0,0
DATA,206000,-0.524915,-0.851155,96.7,0.653,0.000,7.678,69.9,1.740,93.1,70.4,0,1,1,0,0,0,0,0,0
DATA,208000,-0.525039,-0.851078,97.5,0.653,0.000,7.676,69.8,1.741,93.1,70.4,0,1,1,0,0,0,0,0,0
DATA,210000,-0.525162,-0.851002,89.2,0.653,0.000,7.676,69.7,1.741,93.1,70.4,0,1,1,0,0,0,0,0,0
DATA,212000,-0.525286,-0.850926,91.7,0.654,0.000,7.678,69.9,1.741,93.1,70.4,0,1,1,0,0,0,0,0,0
DATA,214000,-0.525410,-0.850849,86.7,0.654,0.000,7.677,69.8,1.742,93.1,70.4,0,1,1,0,0,0,0,0,0
DATA,216000,-0.525534,-0.850773,87.5,0.655,0.000,7.677,69.8,1.742,93.1,70.4,0,1,1,0,0,0,0,0,0
DATA,218000,-0.525657,-0.850697,96.7,0.654,0.000,7.676,69.7,1.743,93.1,70.4,0,1,1,0,0,0,0,0,0
DATA,220000,-0.525781,-0.850620,95.8,0.653,0.000,7.676,69.7,1.742,93.1,70.4,0,1,1,0,0,0,0,0,0
DATA,222000,-0.525905,-0.850543,95.8,0.653,0.000,7.676,69.7,1.742,93.1,70.4,0,1,1,0,0,0,0,0,0
DATA,224000,-0.526028,-0.850467,96.7,0.653,0.000,7.675,69.7,1.741,93.1,70.4,0,1,1,0,0,0,0,0,0
DATA,226000,-0.526152,-0.850390,96.7,0.653,0.000,7.675,69.7,1.742,93.1,70.4,0,1,1,0,0,0,0,0,0
DATA,228000,-0.526276,-0.850314,96.7,0.653,0.000,7.675,69.7,1.743,93.1,70.4,0,1,1,0,0,0,0,0,0
DATA,230000,-0.526400,-0.850237,96.7,0.653,0.000,7.675,69.7,1.744,93.1,70.4,0,1,1,0,0,0,0,0,0
DATA,232000,-0.526523,-0.850161,96.7,0.653,0.000,7.675,69.7,1.744,93.2,70.4,0,1,1,0,0,0,0,0,0
DATA,234000,-0.526647,-0.850084,96.7,0.653,0.000,7.674,69.6,1.744,93.1,70.4,0,1,1,0,0,0,0,0,0
DATA,236000,-0.526770,-0.850008,96.7,0.654,0.000,7.673,69.6,1.744,93.1,70.4,0,1,1,0,0,0,0,0,0
DATA,238000,-0.526894,-0.849931,96.7,0.654,0.000,7.672,69.5,1.744,93.1,70.4,0,1,1,0,0,0,0,0,0
DATA,240000,-0.527018,-0.849854,95.0,0.654,0.000,7.674,69.6,1.744,93.1,70.4,0,1,1,0,0,0,0,0,0
DATA,242000,-0.527141,-0.849778,94.2,0.655,0.000,7.674,69.6,1.744,93.1,70.4,0,1,1,0,0,0,0,0,0
DATA,244000,-0.527265,-0.849701,94.2,0.655,0.000,7.674,69.6,1.744,93.1,70.4,0,1,1,0,0,0,0,0,0
DATA,246000,-0.527389,-0.849624,94.2,0.656,0.000,7.674,69.6,1.744,93.1,70.4,0,1,1,0,0,0,0,0,0
DATA,248000,-0.527512,-0.849548,94.2,0.656,0.000,7.672,69.5,1.744,93.1,70.4,0,1,1,0,0,0,0,0,0
DATA,250000,-0.527636,-0.849471,94.2,0.656,0.000,7.673,69.6,1.744,93.1,70.4,0,1,1,0,0,0,0,0,0
DATA,252000,-0.527759,-0.849394,95.0,0.656,0.000,7.673,69.6,1.744,93.1,70.4,0,1,1,0,0,0,0,0,0
DATA,254000,-0.527883,-0.849317,94.2,0.656,0.000,7.672,69.5,1.744,93.1,70.4,0,1,1,0,0,0,0,0,0
DATA,256000,-0.528006,-0.849240,95.8,0.655,0.000,7.671,69.4,1.744,93.1,70.4,0,1,1,0,0,0,0,0,0
DATA,258000,-0.528130,-0.849164,94.2,0.655,0.000,7.672,69.5,1.744,93.1,70.4,0,1,1,0,0,0,0,0,0
DATA,260000,-0.528253,-0.849087,93.3,0.655,0.000,7.672,69.5,1.744,93.1,70.4,0,1,1,0,0,0,0,0,0
DATA,262000,-0.528377,-0.849010,93.3,0.655,0.000,7.673,69.6,1.744,93.1,70.4,0,1,1,0,0,0,0,0,0
DATA,264000,-0.528500,-0.848933,93.3,0.656,0.000,7.673,69.5,1.744,93.1,70.4,0,1,1,0,0,0,0,0,0
DATA,266000,-0.528624,-0.848856,93.3,0.655,0.000,7.671,69.4,1.744,93.1,70.4,0,1,1,0,0,0,0,0,0
DATA,268000,-0.528747,-0.848779,93.3,0.655,0.000,7.671,69.4,1.744,93.1,70.4,0,1,1,0,0,0,0,0,0
DATA,270000,-0.528871,-0.848702,90.0,0.655,0.000,7.671,69.4,1.744,93.1,70.4,0,1,1,0,0,0,0,0,0
DATA,272000,-0.528994,-0.848626,90.0,0.655,0.000,7.670,69.4,1.744,93.1,70.4,0,1,1,0,0,0,0,0,0
DATA,274000,-0.529118,-0.848549,90.0,0.655,0.000,7.669,69.3,1.744,93.1,70.4,0,1,1,0,0,0,0,0,0
DATA,276000,-0.529241,-0.848472,91.7,0.655,0.000,7.670,69.4,1.744,93.1,70.4,0,1,1,0,0,0,0,0,0
DATA,278000,-0.529364,-0.848395,91.7,0.654,0.000,7.669,69.3,1.744,93.1,70.4,0,1,1,0,0,0,0,0,0
DATA,280000,-0.529488,-0.848318,95.0,0.654,0.000,7.670,69.4,1.744,93.1,70.4,0,1,1,0,0,0,0,0,0
DATA,282000,-0.529611,-0.848241,95.0,0.654,0.000,7.670,69.4,1.744,93.1,70.4,0,1,1,0,0,0,0,0,0
DATA,284000,-0.529734,-0.848164,95.0,0.655,0.000,7.669,69.3,1.744,93.1,70.4,0,1,1,0,0,0,0,0,0
DATA,286000,-0.529858,-0.848087,95.0,0.656,0.000,7.669,69.3,1.744,93.1,70.4,0,1,1,0,0,0,0,0,0
DATA,288000,-0.529981,-0.848010,94.2,0.655,0.000,7.669,69.3,1.744,93.1,70.3,0,1,1,0,0,0,0,0,0
DATA,290000,-0.530104,-0.847932,95.0,0.655,0.000,7.669,69.3,1.744,93.1,70.3,0,1,1,0,0,0,0,0,0
DATA,292000,-0.530228,-0.847855,95.0,0.655,0.000,7.669,69.3,1.744,93.1,70.3,0,1,1,0,0,0,0,0,0
DATA,294000,-0.530351,-0.847778,95.0,0.654,0.000,7.667,69.2,1.743,93.1,70.3,0,1,1,0,0,0,0,0,0
DATA,296000,-0.530474,-0.847701,95.0,0.655,0.000,7.668,69.2,1.742,93.1,70.3,0,1,1,0,0,0,0,0,0
DATA,298000,-0.530598,-0.847624,95.0,0.655,0.000,7.668,69.2,1.742,93.1,70.3,0,1,1,0,0,0,0,0,0
DATA,300000,-0.530721,-0.847547,95.8,0.655,0.000,7.668,69.2,1.741,93.1,70.3,0,1,1,0,0,0,0,0,0
DATA,302000,-0.530844,-0.847469,95.0,0.656,0.000,7.668,69.3,1.742,93.1,70.3,0,1,1,0,0,0,0,0,0
DATA,304000,-0.530967,-0.847392,95.0,0.656,0.000,7.668,69.2,1.741,93.1,70.3,0,1,1,0,0,0,0,0,0
DATA,306000,-0.531091,-0.847315,95.0,0.655,0.000,7.667,69.2,1.741,93.1,70.3,0,1,1,0,0,0,0,0,0
DATA,308000,-0.531214,-0.847238,95.0,0.656,0.000,7.667,69.2,1.741,93.1,70.3,0,1,1,0,0,0,0,0,0
DATA,310000,-0.531337,-0.847161,95.0,0.655,0.000,7.667,69.2,1.739,93.1,70.3,0,1,1,0,0,0,0,0,0
DATA,312000,-0.531460,-0.847083,95.0,0.655,0.000,7.667,69.2,1.739,93.1,70.3,0,1,1,0,0,0,0,0,0
DATA,314000,-0.531583,-0.847006,95.0,0.655,0.000,7.667,69.2,1.738,93.1,70.3,0,1,1,0,0,0,0,0,0
DATA,316000,-0.531706,-0.846929,94.2,0.655,0.000,7.666,69.1,1.738,93.1,70.3,0,1,1,0,0,0,0,0,0
DATA,318000,-0.531830,-0.846851,95.0,0.655,0.000,7.667,69.2,1.738,93.1,70.3,0,1,1,0,0,0,0,0,0
DATA,320000,-0.531953,-0.846774,94.2,0.655,0.000,7.666,69.1,1.738,93.1,70.3,0,1,1,0,0,0,0,0,0
DATA,322000,-0.532076,-0.846696,94.2,0.655,0.000,7.666,69.1,1.738,93.1,70.3,0,1,1,0,0,0,0,0,0
DATA,324000,-0.532199,-0.846619,94.2,0.655,0.000,7.665,69.1,1.738,93.1,70.3,0,1,1,0,0,0,0,0,0
DATA,326000,-0.532322,-0.846542,95.8,0.655,0.000,7.666,69.1,1.738,93.1,70.3,0,1,1,0,0,0,0,0,0
DATA,328000,-0.532445,-0.846464,95.0,0.654,0.000,7.662,68.9,1.738,93.1,70.3,0,1,1,0,0,0,0,0,0
DATA,330000,-0.532569,-0.846387,94.2,0.654,0.000,7.665,69.1,1.738,93.1,70.3,0,1,1,0,0,0,0,0,0
DATA,332000,-0.532691,-0.846309,95.0,0.653,0.000,7.664,69.0,1.738,93.1,70.3,0,1,1,0,0,0,0,0,0
DATA,334000,-0.532815,-0.846232,95.0,0.652,0.000,7.664,69.0,1.738,93.1,70.3,0,1,1,0,0,0,0,0,0
DATA,336000,-0.532938,-0.846155,94.2,0.652,0.000,7.664,69.0,1.738,93.1,70.3,0,1,1,0,0,0,0,0,0
DATA,338000,-0.533061,-0.846077,95.0,0.652,0.000,7.664,69.0,1.738,93.1,70.3,0,1,1,0,0,0,0,0,0
DATA,340000,-0.533184,-0.845999,94.2,0.652,0.000,7.661,68.8,1.738,93.1,70.3,0,1,1,0,0,0,0,0,0
DATA,342000,-0.533307,-0.845922,94.2,0.652,0.000,7.665,69.1,1.738,93.1,70.3,0,1,1,0,0,0,0,0,0
DATA,344000,-0.533430,-0.845844,95.0,0.653,0.000,7.665,69.1,1.738,93.1,70.3,0,1,1,0,0,0,0,0,0
DATA,346000,-0.533553,-0.845767,97.5,0.653,0.000,7.664,69.0,1.738,93.1,70.3,0,1,1,0,0,0,0,0,0
DATA,348000,-0.533676,-0.845689,97.5,0.654,0.000,7.662,68.9,1.738,93.1,70.3,0,1,1,0,0,0,0,0,0
DATA,350000,-0.533799,-0.845611,95.8,0.654,0.000,7.663,68.9,1.738,93.1,70.3,0,1,1,0,0,0,0,0,0
DATA,352000,-0.533922,-0.845534,99.2,0.654,0.000,7.662,68.9,1.738,93.1,70.3,0,1,1,0,0,0,0,0,0
DATA,354000,-0.534045,-0.845456,91.7,0.653,0.000,7.660,68.8,1.738,93.1,70.3,0,1,1,0,0,0,0,0,0
DATA,356000,-0.534168,-0.845378,94.2,0.652,0.000,7.662,68.9,1.738,93.1,70.3,0,1,1,0,0,0,0,0,0
DATA,358000,-0.534291,-0.845301,99.2,0.652,0.000,7.660,68.8,1.738,93.1,70.3,0,1,1,0,0,0,0,0,0
DATA,360000,-0.534414,-0.845223,95.0,0.651,0.000,7.662,68.9,1.738,93.1,70.3,0,1,1,0,0,0,0,0,0
DATA,362000,-0.534537,-0.845145,93.3,0.651,0.000,7.663,68.9,1.738,93.1,70.3,0,1,1,0,0,0,0,0,0
DATA,364000,-0.534660,-0.845067,94.2,0.651,0.000,7.662,68.9,1.738,93.1,70.3,0,1,1,0,0,0,0,0,0
DATA,366000,-0.534783,-0.844990,95.0,0.652,0.000,7.662,68.8,1.738,93.1,70.3,0,1,1,0,0,0,0,0,0
DATA,368000,-0.534906,-0.844912,98.3,0.653,0.000,7.661,68.8,1.738,93.1,70.3,0,1,1,0,0,0,0,0,0
DATA,370000,-0.535028,-0.844834,63.3,0.653,0.000,7.663,68.9,1.738,93.1,70.3,0,1,1,0,0,0,0,0,0
DATA,372000,-0.535151,-0.844756,60.0,0.653,0.000,7.661,68.8,1.738,93.1,70.3,0,1,1,0,0,0,0,0,0
DATA,374000,-0.535274,-0.844678,63.3,0.653,0.000,7.662,68.9,1.738,93.1,70.3,0,1,1,0,0,0,0,0,0
DATA,376000,-0.535397,-0.844601,90.0,0.653,0.000,7.662,68.8,1.738,93.1,70.3,0,1,1,0,0,0,0,0,0
DATA,378000,-0.535520,-0.844523,177.5,0.652,0.000,7.661,68.8,1.738,93.1,70.3,0,1,1,0,0,0,0,0,0
DATA,380000,-0.535643,-0.844445,281.7,0.652,0.000,7.659,68.7,1.738,93.1,70.3,0,1,1,0,0,0,0,0,0
DATA,382000,-0.535765,-0.844367,203.3,0.653,0.000,7.660,68.8,1.738,93.1,70.3,0,1,1,0,0,0,0,0,0
DATA,384000,-0.535888,-0.844289,220.8,0.653,0.000,7.661,68.8,1.738,93.1,70.3,0,1,1,0,0,0,0,0,0
DATA,386000,-0.536011,-0.844211,225.8,0.654,0.000,7.658,68.6,1.738,93.1,70.3,0,1,1,0,0,0,0,0,0
DATA,388000,-0.536134,-0.844133,227.5,0.654,0.000,7.658,68.7,1.738,93.1,70.3,0,1,1,0,0,0,0,0,0
DATA,390000,-0.536257,-0.844055,225.8,0.654,0.000,7.659,68.7,1.738,93.1,70.3,0,1,1,0,0,0,0,0,0
DATA,392000,-0.536380,-0.843977,223.3,0.654,0.000,7.658,68.7,1.738,93.1,70.3,0,1,1,0,0,0,0,0,0
DATA,394000,-0.536502,-0.843899,223.3,0.655,0.000,7.658,68.6,1.738,93.1,70.3,0,1,1,0,0,0,0,0,0
DATA,396000,-0.536625,-0.843821,223.3,0.655,0.000,7.657,68.6,1.738,93.1,70.3,0,1,1,0,0,0,0,0,0
DATA,398000,-0.536748,-0.843743,223.3,0.655,0.000,7.658,68.6,1.738,93.1,70.3,0,1,1,0,0,0,0,0,0
DATA,400000,-0.536870,-0.843665,220.8,0.655,0.000,7.658,68.6,1.738,93.1,70.3,0,1,1,0,0,0,0,0,0
DATA,402000,-0.536993,-0.843587,218.3,0.654,0.000,7.657,68.5,1.738,93.1,70.3,0,1,1,0,0,0,0,0,0
DATA,404000,-0.537116,-0.843509,205.0,0.654,0.000,7.658,68.6,1.738,93.1,70.3,0,1,1,0,0,0,0,0,0
DATA,406000,-0.537238,-0.843431,215.8,0.654,0.000,7.658,68.6,1.738,93.1,70.3,0,1,1,0,0,0,0,0,0
DATA,408000,-0.537361,-0.843352,214.2,0.655,0.000,7.657,68.6,1.738,93.1,70.3,0,1,1,0,0,0,0,0,0
DATA,410000,-0.537484,-0.843274,209.2,0.655,0.000,7.657,68.6,1.738,93.1,70.3,0,1,1,0,0,0,0,0,0
DATA,412000,-0.537606,-0.843196,210.0,0.656,0.000,7.658,68.6,1.738,93.1,70.1,0,1,1,0,0,0,0,0,0
DATA,414000,-0.537729,-0.843118,211.7,0.656,0.000,7.658,68.6,1.738,93.1,70.1,0,1,1,0,0,0,0,0,0
DATA,416000,-0.537852,-0.843040,211.7,0.656,0.000,7.657,68.6,1.738,93.1,70.1,0,1,1,0,0,0,0,0,0
DATA,418000,-0.537974,-0.842961,211.7,0.656,0.000,7.657,68.5,1.738,93.1,70.1,0,1,1,0,0,0,0,0,0
DATA,420000,-0.538097,-0.842883,212.5,0.655,0.000,7.657,68.6,1.738,93.1,70.1,0,1,1,0,0,0,0,0,0
DATA,422000,-0.538220,-0.842805,213.3,0.653,0.000,7.656,68.5,1.738,93.1,70.1,0,1,1,0,0,0,0,0,0
DATA,424000,-0.538342,-0.842726,213.3,0.652,0.000,7.656,68.5,1.738,93.1,70.1,0,1,1,0,0,0,0,0,0
DATA,426000,-0.538465,-0.842648,214.2,0.653,0.000,7.656,68.5,1.738,93.1,70.1,0,1,1,0,0,0,0,0,0
DATA,428000,-0.538587,-0.842570,225.0,0.654,0.000,7.656,68.5,1.738,93.1,70.1,0,1,1,0,0,0,0,0,0
DATA,430000,-0.538710,-0.842491,226.7,0.655,0.000,7.656,68.5,1.738,93.1,70.1,0,1,1,0,0,0,0,0,0
DATA,432000,-0.538832,-0.842413,230.0,0.655,0.000,7.657,68.5,1.738,93.1,70.1,0,1,1,0,0,0,0,0,0
DATA,434000,-0.538955,-0.842335,227.5,0.655,0.000,7.656,68.5,1.738,93.1,70.1,0,1,1,0,0,0,0,0,0
DATA,436000,-0.539077,-0.842256,222.5,0.655,0.000,7.656,68.5,1.738,93.1,70.1,0,1,1,0,0,0,0,0,0
DATA,438000,-0.539200,-0.842178,260.8,0.656,0.000,7.655,68.5,1.738,93.1,70.1,0,1,1,0,0,0,0,0,0
DATA,440000,-0.539322,-0.842100,220.0,0.656,0.000,7.656,68.5,1.738,93.1,70.1,0,1,1,0,0,0,0,0,0
DATA,442000,-0.539445,-0.842021,213.3,0.656,0.000,7.656,68.5,1.738,93.1,70.1,0,1,1,0,0,0,0,0,0
DATA,444000,-0.539567,-0.841943,220.8,0.656,0.000,7.655,68.4,1.738,93.1,70.1,0,1,1,0,0,0,0,0,0
DATA,446000,-0.539690,-0.841864,223.3,0.656,0.000,7.655,68.5,1.738,93.1,70.1,0,1,1,0,0,0,0,0,0
DATA,448000,-0.539812,-0.841786,238.3,0.656,0.000,7.655,68.4,1.738,93.1,70.1,0,1,1,0,0,0,0,0,0
DATA,450000,-0.539934,-0.841707,240.0,0.655,0.000,7.654,68.4,1.738,93.1,70.1,0,1,1,0,0,0,0,0,0
DATA,452000,-0.540057,-0.841629,240.0,0.655,0.000,7.654,68.4,1.738,93.1,70.1,0,1,1,0,0,0,0,0,0
DATA,454000,-0.540179,-0.841550,240.8,0.655,0.000,7.655,68.4,1.738,93.1,70.1,0,1,1,0,0,0,0,0,0
DATA,456000,-0.540302,-0.841471,240.0,0.655,0.000,7.656,68.5,1.738,93.1,70.1,0,1,1,0,0,0,0,0,0
DATA,458000,-0.540424,-0.841393,240.0,0.656,0.000,7.655,68.4,1.738,93.1,70.1,0,1,1,0,0,0,0,0,0
DATA,460000,-0.540546,-0.841314,240.8,0.656,0.000,7.655,68.4,1.738,93.1,70.1,0,1,1,0,0,0,0,0,0
DATA,462000,-0.540669,-0.841236,240.0,0.656,0.000,7.655,68.5,1.738,93.1,70.1,0,1,1,0,0,0,0,0,0
DATA,464000,-0.540791,-0.841157,240.0,0.656,0.000,7.656,68.5,1.738,93.1,70.1,0,1,1,0,0,0,0,0,0
DATA,466000,-0.540913,-0.841078,240.0,0.655,0.000,7.655,68.4,1.738,93.1,70.1,0,1,1,0,0,0,0,0,0
DATA,468000,-0.541036,-0.841000,240.0,0.654,0.000,7.654,68.4,1.738,93.1,70.1,0,1,1,0,0,0,0,0,0
DATA,470000,-0.541158,-0.840921,240.0,0.654,0.000,7.654,68.4,1.738,93.1,70.1,0,1,1,0,0,0,0,0,0
DATA,472000,-0.541280,-0.840842,240.8,0.654,0.000,7.655,68.4,1.738,93.1,70.1,0,1,1,0,0,0,0,0,0
DATA,474000,-0.541403,-0.840763,240.0,0.655,0.000,7.655,68.4,1.738,93.1,70.1,0,1,1,0,0,0,0,0,0
DATA,476000,-0.541525,-0.840685,240.8,0.655,0.000,7.655,68.4,1.738,93.1,70.1,0,1,1,0,0,0,0,0,0
DATA,478000,-0.541647,-0.840606,240.8,0.656,0.000,7.655,68.4,1.738,93.1,70.1,0,1,1,0,0,0,0,0,0
DATA,480000,-0.541769,-0.840527,240.0,0.656,0.000,7.655,68.4,1.738,93.1,70.1,0,1,1,0,0,0,0,0,0
DATA,482000,-0.541892,-0.840448,240.8,0.656,0.000,7.653,68.3,1.738,93.1,70.1,0,1,1,0,0,0,0,0,0
DATA,484000,-0.542014,-0.840370,240.0,0.656,0.000,7.653,68.3,1.738,93.1,70.1,0,1,1,0,0,0,0,0,0
DATA,486000,-0.542136,-0.840291,240.0,0.655,0.000,7.653,68.3,1.738,93.1,70.1,0,1,1,0,0,0,0,0,0
DATA,488000,-0.542258,-0.840212,240.0,0.655,0.000,7.653,68.3,1.738,93.1,70.1,0,1,1,0,0,0,0,0,0
DATA,490000,-0.542381,-0.840133,240.0,0.655,0.000,7.653,68.3,1.738,93.1,70.1,0,1,1,0,0,0,0,0,0
DATA,492000,-0.542503,-0.840054,240.0,0.655,0.000,7.653,68.3,1.738,93.1,70.1,0,1,1,0,0,0,0,0,0
DATA,494000,-0.542625,-0.839975,240.8,0.656,0.000,7.651,68.2,1.738,93.1,70.1,0,1,1,0,0,0,0,0,0
DATA,496000,-0.542747,-0.839896,240.0,0.656,0.000,7.652,68.2,1.738,93.1,70.1,0,1,1,0,0,0,0,0,0
DATA,498000,-0.542869,-0.839817,235.0,0.655,0.000,7.652,68.2,1.738,93.1,70.1,0,1,1,0,0,0,0,0,0
DATA,500000,-0.542991,-0.839738,235.0,0.655,0.000,7.651,68.2,1.738,93.1,70.1,0,1,1,0,0,0,0,0,0
DATA,502000,-0.543113,-0.839659,234.2,0.655,0.000,7.651,68.2,1.738,93.1,70.1,0,1,1,0,0,0,0,0,0
DATA,504000,-0.543236,-0.839580,234.2,0.655,0.000,7.651,68.2,1.738,93.1,70.1,0,1,1,0,0,0,0,0,0
DATA,506000,-0.543358,-0.839501,238.3,0.655,0.000,7.651,68.2,1.738,93.1,70.1,0,1,1,0,0,0,0,0,0
DATA,508000,-0.543480,-0.839422,236.7,0.655,0.000,7.650,68.1,1.738,93.1,70.1,0,1,1,0,0,0,0,0,0
DATA,510000,-0.543602,-0.839343,240.0,0.654,0.000,7.651,68.2,1.738,93.1,70.1,0,1,1,0,0,0,0,0,0
DATA,512000,-0.543724,-0.839264,239.2,0.654,0.000,7.650,68.1,1.738,93.1,70.1,0,1,1,0,0,0,0,0,0
DATA,514000,-0.543846,-0.839185,239.2,0.653,0.000,7.650,68.1,1.738,93.1,70.1,0,1,1,0,0,0,0,0,0
DATA,516000,-0.543968,-0.839106,239.2,0.653,0.000,7.650,68.1,1.738,93.1,70.1,0,1,1,0,0,0,0,0,0
DATA,518000,-0.544090,-0.839027,239.2,0.653,0.000,7.650,68.1,1.738,93.1,70.1,0,1,1,0,0,0,0,0,0
DATA,520000,-0.544212,-0.838948,239.2,0.653,0.000,7.649,68.1,1.738,93.1,70.1,0,1,1,0,0,0,0,0,0
DATA,522000,-0.544334,-0.838868,239.2,0.653,0.000,7.649,68.1,1.738,93.1,70.1,0,1,1,0,0,0,0,0,0
DATA,524000,-0.544456,-0.838789,238.3,0.653,0.000,7.648,68.0,1.738,93.1,70.1,0,1,1,0,0,0,0,0,0
DATA,526000,-0.544578,-0.838710,239.2,0.654,0.000,7.649,68.1,1.738,93.1,70.0,0,1,1,0,0,0,0,0,0
DATA,528000,-0.544700,-0.838631,232.5,0.654,0.000,7.650,68.1,1.738,93.1,70.0,0,1,1,0,0,0,0,0,0
DATA,530000,-0.544822,-0.838552,237.5,0.654,0.000,7.647,68.0,1.738,93.1,70.0,0,1,1,0,0,0,0,0,0
DATA,532000,-0.544944,-0.838472,237.5,0.653,0.000,7.651,68.2,1.738,93.1,70.0,0,1,1,0,0,0,0,0,0
DATA,534000,-0.545066,-0.838393,237.5,0.653,0.000,7.648,68.0,1.738,93.1,70.0,0,1,1,0,0,0,0,0,0
DATA,536000,-0.545188,-0.838314,235.8,0.653,0.000,7.649,68.1,1.738,93.1,70.0,0,1,1,0,0,0,0,0,0
DATA,538000,-0.545310,-0.838235,240.0,0.654,0.000,7.646,67.9,1.738,93.1,70.0,0,1,1,0,0,0,0,0,0
DATA,540000,-0.545432,-0.838155,240.0,0.654,0.000,7.648,68.0,1.738,93.1,70.0,0,1,1,0,0,0,0,0,0
DATA,542000,-0.545554,-0.838076,240.0,0.654,0.000,7.647,68.0,1.738,93.1,70.0,0,1,1,0,0,0,0,0,0
DATA,544000,-0.545676,-0.837996,240.0,0.654,0.000,7.647,67.9,1.738,93.1,70.0,0,1,1,0,0,0,0,0,0
DATA,546000,-0.545797,-0.837917,240.0,0.655,0.000,7.650,68.1,1.738,93.1,70.0,0,1,1,0,0,0,0,0,0
DATA,548000,-0.545919,-0.837838,239.2,0.655,0.000,7.648,68.0,1.738,93.1,70.0,0,1,1,0,0,0,0,0,0
DATA,550000,-0.546041,-0.837758,230.8,0.655,0.000,7.647,67.9,1.738,93.1,70.0,0,1,1,0,0,0,0,0,0
DATA,552000,-0.546163,-0.837679,234.2,0.655,0.000,7.647,67.9,1.738,93.1,70.0,0,1,1,0,0,0,0,0,0
DATA,554000,-0.546285,-0.837599,235.8,0.654,0.000,7.648,68.0,1.738,93.1,70.0,0,1,1,0,0,0,0,0,0
DATA,556000,-0.546407,-0.837520,235.8,0.654,0.000,7.645,67.8,1.738,93.1,70.0,0,1,1,0,0,0,0,0,0
DATA,558000,-0.546529,-0.837440,238.3,0.653,0.000,7.646,67.9,1.738,93.1,70.0,0,1,1,0,0,0,0,0,0
DATA,560000,-0.546650,-0.837361,237.5,0.654,0.000,7.648,68.0,1.738,93.1,70.0,0,1,1,0,0,0,0,0,0
DATA,562000,-0.546772,-0.837281,235.8,0.655,0.000,7.648,68.0,1.738,93.1,70.0,0,1,1,0,0,0,0,0,0
DATA,564000,-0.546894,-0.837202,238.3,0.655,0.000,7.647,67.9,1.738,93.1,70.0,0,1,1,0,0,0,0,0,0
DATA,566000,-0.547016,-0.837122,235.8,0.655,0.000,7.648,68.0,1.738,93.1,70.0,0,1,1,0,0,0,0,0,0
DATA,568000,-0.547137,-0.837043,238.3,0.655,0.000,7.647,67.9,1.738,93.1,70.0,0,1,1,0,0,0,0,0,0
DATA,570000,-0.547259,-0.836963,238.3,0.653,0.000,7.639,67.4,1.738,93.1,70.0,0,1,1,0,0,0,0,0,0
DATA,572000,-0.547381,-0.836884,238.3,0.654,0.000,7.647,67.9,1.738,93.1,70.0,0,1,1,0,0,0,0,0,0
DATA,574000,-0.547503,-0.836804,215.0,0.654,0.000,7.643,67.7,1.738,93.1,70.0,0,1,1,0,0,0,0,0,0
DATA,576000,-0.547624,-0.836724,301.7,0.654,0.000,7.644,67.8,1.738,93.1,70.0,0,1,1,0,0,0,0,0,0
DATA,578000,-0.547746,-0.836645,355.8,0.970,0.000,7.645,67.8,1.738,93.1,70.0,0,1,1,0,0,0,0,0,0
DATA,580000,-0.547868,-0.836565,393.3,1.718,0.000,7.641,67.6,1.738,93.1,70.0,0,1,1,0,0,0,0,0,0
DATA,582000,-0.547989,-0.836486,390.8,2.492,0.000,7.642,67.6,1.738,93.1,70.0,0,1,1,0,0,0,0,0,0
DATA,584000,-0.548111,-0.836406,394.2,3.250,0.000,7.644,67.7,1.738,93.1,70.0,0,1,1,0,0,0,0,0,0
DATA,586000,-0.548232,-0.836326,397.5,3.715,0.000,7.646,67.9,1.738,93.1,70.0,0,1,1,0,0,0,0,0,0
DATA,588000,-0.548354,-0.836246,397.5,3.750,0.000,7.644,67.8,1.738,93.1,70.0,0,1,1,0,0,0,0,0,0
DATA,590000,-0.548476,-0.836167,397.5,3.759,0.000,7.644,67.8,1.738,93.1,70.0,0,1,1,0,0,0,0,0,0
DATA,592000,-0.548597,-0.836087,397.5,3.783,0.000,7.647,67.9,1.738,93.1,70.0,0,1,1,0,0,0,0,0,0
DATA,594000,-0.548719,-0.836007,397.5,3.786,0.000,7.646,67.9,1.738,93.1,70.0,0,1,1,0,0,0,0,0,0
DATA,596000,-0.548841,-0.835927,397.5,3.786,0.000,7.644,67.8,1.738,93.1,70.0,0,1,1,0,0,0,0,0,0
DATA,598000,-0.548962,-0.835847,397.5,3.783,0.000,7.645,67.8,1.738,93.1,70.0,0,1,1,0,0,0,0,0,0
DATA,600000,-0.549084,-0.835767,397.5,3.784,0.000,7.644,67.7,1.738,93.1,70.0,0,1,1,0,0,0,0,0,0
DATA,602000,-0.549205,-0.835688,397.5,3.784,0.000,7.644,67.7,1.738,93.1,70.0,0,1,1,0,0,0,0,0,0
DATA,604000,-0.549327,-0.835608,397.5,3.784,0.000,7.642,67.6,1.738,93.1,70.0,0,1,1,0,0,0,0,0,0
DATA,606000,-0.549448,-0.835528,396.7,3.782,0.000,7.644,67.8,1.738,93.1,70.0,0,1,1,0,0,0,0,0,0
DATA,608000,-0.549570,-0.835448,396.7,3.780,0.000,7.642,67.6,1.738,93.1,70.0,0,1,1,0,0,0,0,0,0
DATA,610000,-0.549691,-0.835368,396.7,3.777,0.000,7.644,67.7,1.738,93.1,70.0,0,1,1,0,0,0,0,0,0
DATA,612000,-0.549813,-0.835288,396.7,3.773,0.000,7.645,67.8,1.738,93.1,70.0,0,1,1,0,0,0,0,0,0
DATA,614000,-0.549934,-0.835208,394.2,3.771,0.000,7.642,67.6,1.738,93.1,70.0,0,1,1,0,0,0,0,0,0
DATA,616000,-0.550056,-0.835128,389.2,3.767,0.000,7.643,67.7,1.738,93.1,70.0,0,1,1,0,0,0,0,0,0
DATA,618000,-0.550177,-0.835048,386.7,3.748,0.000,7.641,67.6,1.738,93.1,70.0,0,1,1,0,0,0,0,0,0
DATA,620000,-0.550299,-0.834968,392.5,3.732,0.000,7.642,67.6,1.738,93.1,70.0,0,1,1,0,0,0,0,0,0
DATA,622000,-0.550420,-0.834888,388.3,3.719,0.000,7.644,67.7,1.738,93.1,70.0,0,1,1,0,0,0,0,0,0
DATA,624000,-0.550541,-0.834808,389.2,3.704,0.000,7.641,67.5,1.738,93.1,70.0,0,1,1,0,0,0,0,0,0
DATA,626000,-0.550663,-0.834728,376.7,3.709,0.000,7.642,67.6,1.738,93.1,70.0,0,1,1,0,0,0,0,0,0
DATA,628000,-0.550784,-0.834648,388.3,3.673,0.000,7.640,67.5,1.738,93.1,70.0,0,1,1,0,0,0,0,0,0
DATA,630000,-0.550906,-0.834568,390.0,3.656,0.000,7.640,67.5,1.738,93.1,70.0,0,1,1,0,0,0,0,0,0
DATA,632000,-0.551027,-0.834487,387.5,3.652,0.000,7.639,67.5,1.738,93.1,70.0,0,1,1,0,0,0,0,0,0
DATA,634000,-0.551148,-0.834407,388.3,3.645,0.000,7.636,67.2,1.738,93.1,70.0,0,1,1,0,0,0,0,0,0
DATA,636000,-0.551270,-0.834327,387.5,3.676,0.000,7.641,67.6,1.738,93.1,69.8,0,1,1,0,0,0,0,0,0
DATA,638000,-0.551391,-0.834247,388.3,3.688,0.000,7.639,67.4,1.737,93.1,69.8,0,1,1,0,0,0,0,0,0
DATA,640000,-0.551513,-0.834167,390.8,3.689,0.000,7.638,67.4,1.737,93.1,69.8,0,1,1,0,0,0,0,0,0
DATA,642000,-0.551634,-0.834087,386.7,3.696,0.000,7.641,67.5,1.737,93.1,69.8,0,1,1,0,0,0,0,0,0
DATA,644000,-0.551755,-0.834006,391.7,3.701,0.000,7.641,67.5,1.737,93.1,69.8,0,1,1,0,0,0,0,0,0
DATA,646000,-0.551876,-0.833926,392.5,3.709,0.000,7.639,67.4,1.738,93.1,69.8,0,1,1,0,0,0,0,0,0
DATA,648000,-0.551998,-0.833846,384.2,3.714,0.000,7.640,67.5,1.738,93.1,69.8,0,1,1,0,0,0,0,0,0
DATA,650000,-0.552119,-0.833765,384.2,3.699,0.000,7.643,67.7,1.738,93.1,69.8,0,1,1,0,0,0,0,0,0
DATA,652000,-0.552240,-0.833685,381.7,3.681,0.000,7.642,67.6,1.738,93.1,69.8,0,1,1,0,0,0,0,0,0
DATA,654000,-0.552362,-0.833605,385.0,3.660,0.000,7.641,67.5,1.738,93.1,69.8,0,1,1,0,0,0,0,0,0
DATA,656000,-0.552483,-0.833524,381.7,3.644,0.000,7.641,67.6,1.738,93.1,69.8,0,1,1,0,0,0,0,0,0
DATA,658000,-0.552604,-0.833444,381.7,3.637,0.000,7.640,67.5,1.738,93.1,69.8,0,1,1,0,0,0,0,0,0
DATA,660000,-0.552725,-0.833364,380.8,3.635,0.000,7.640,67.5,1.738,93.1,69.8,0,1,1,0,0,0,0,0,0
DATA,662000,-0.552847,-0.833283,380.8,3.627,0.000,7.640,67.5,1.738,93.1,69.8,0,1,1,0,0,0,0,0,0
DATA,664000,-0.552967,-0.833203,380.8,3.623,0.000,7.641,67.5,1.738,93.1,69.8,0,1,1,0,0,0,0,0,0
DATA,666000,-0.553089,-0.833122,380.8,3.622,0.000,7.640,67.5,1.738,93.1,69.8,0,1,1,0,0,0,0,0,0
DATA,668000,-0.553210,-0.833042,389.2,3.625,0.000,7.640,67.5,1.738,93.1,69.8,0,1,1,0,0,0,0,0,0
DATA,670000,-0.553331,-0.832961,392.5,3.650,0.000,7.639,67.5,1.738,93.1,69.8,0,1,1,0,0,0,0,0,0
DATA,672000,-0.553452,-0.832881,393.3,3.682,0.000,7.639,67.5,1.738,93.1,69.8,0,1,1,0,0,0,0,0,0
DATA,674000,-0.553573,-0.832800,393.3,3.714,0.000,7.641,67.6,1.738,93.1,69.8,0,1,1,0,0,0,0,0,0
DATA,676000,-0.553695,-0.832720,393.3,3.739,0.000,7.639,67.4,1.737,93.1,69.8,0,1,1,0,0,0,0,0,0
DATA,678000,-0.553816,-0.832639,392.5,3.744,0.000,7.640,67.5,1.737,93.1,69.8,0,1,1,0,0,0,0,0,0
DATA,680000,-0.553937,-0.832559,391.7,3.740,0.000,7.640,67.5,1.737,93.1,69.8,0,1,1,0,0,0,0,0,0
DATA,682000,-0.554058,-0.832478,381.7,3.717,0.000,7.639,67.4,1.737,93.1,69.8,0,1,1,0,0,0,0,0,0
DATA,684000,-0.554179,-0.832398,378.3,3.709,0.000,7.640,67.5,1.738,93.1,69.8,0,1,1,0,0,0,0,0,0
DATA,686000,-0.554300,-0.832317,378.3,3.672,0.000,7.640,67.5,1.738,93.1,69.8,0,1,1,0,0,0,0,0,0
DATA,688000,-0.554421,-0.832236,374.2,3.634,0.000,7.637,67.3,1.737,93.1,69.8,0,1,1,0,0,0,0,0,0
DATA,690000,-0.554542,-0.832156,359.2,3.575,0.000,7.638,67.4,1.737,93.1,69.8,0,1,1,0,0,0,0,0,0
DATA,692000,-0.554663,-0.832075,363.3,3.517,0.000,7.638,67.4,1.737,93.1,69.8,0,1,1,0,0,0,0,0,0
DATA,694000,-0.554784,-0.831994,370.0,3.486,0.000,7.637,67.3,1.737,93.1,69.8,0,1,1,0,0,0,0,0,0
DATA,696000,-0.554905,-0.831914,366.7,3.463,0.000,7.637,67.3,1.737,93.1,69.8,0,1,1,0,0,0,0,0,0
DATA,698000,-0.555026,-0.831833,368.3,3.466,0.000,7.638,67.4,1.737,93.1,69.8,0,1,1,0,0,0,0,0,0
DATA,700000,-0.555147,-0.831752,362.5,3.480,0.000,7.638,67.4,1.737,93.1,69.8,0,1,1,0,0,0,0,0,0
DATA,702000,-0.555268,-0.831671,345.0,3.460,0.000,7.638,67.4,1.738,93.1,69.8,0,1,1,0,0,0,0,0,0
DATA,704000,-0.555389,-0.831591,360.8,3.417,0.000,7.637,67.3,1.738,93.1,69.8,0,1,1,0,0,0,0,0,0
DATA,706000,-0.555510,-0.831510,368.3,3.405,0.000,7.637,67.3,1.737,93.1,69.8,0,1,1,0,0,0,0,0,0
DATA,708000,-0.555631,-0.831429,367.5,3.406,0.000,7.639,67.4,1.737,93.1,69.8,0,1,1,0,0,0,0,0,0
DATA,710000,-0.555752,-0.831348,372.5,3.437,0.000,7.639,67.4,1.737,93.1,69.8,0,1,1,0,0,0,0,0,0
DATA,712000,-0.555873,-0.831268,373.3,3.495,0.000,7.638,67.4,1.737,93.1,69.8,0,1,1,0,0,0,0,0,0
DATA,714000,-0.555993,-0.831187,367.5,3.522,0.000,7.638,67.4,1.737,93.1,69.8,0,1,1,0,0,0,0,0,0
DATA,716000,-0.556114,-0.831106,360.0,3.514,0.000,7.637,67.3,1.737,93.1,69.8,0,1,1,0,0,0,0,0,0
DATA,718000,-0.556235,-0.831025,369.2,3.493,0.000,7.636,67.3,1.737,93.1,69.8,0,1,1,0,0,0,0,0,0
DATA,720000,-0.556356,-0.830944,364.2,3.463,0.000,7.637,67.3,1.738,93.1,69.8,0,1,1,0,0,0,0,0,0
DATA,722000,-0.556477,-0.830863,367.5,3.446,0.000,7.636,67.3,1.738,93.1,69.8,0,1,1,0,0,0,0,0,0
DATA,724000,-0.556598,-0.830782,369.2,3.456,0.000,7.637,67.3,1.738,93.1,69.8,0,1,1,0,0,0,0,0,0
DATA,726000,-0.556719,-0.830701,370.8,3.472,0.000,7.638,67.4,1.738,93.1,69.8,0,1,1,0,0,0,0,0,0
DATA,728000,-0.556839,-0.830620,370.8,3.492,0.000,7.639,67.4,1.738,93.1,69.8,0,1,1,0,0,0,0,0,0
DATA,730000,-0.556960,-0.830539,370.8,3.500,0.000,7.640,67.5,1.738,93.1,69.8,0,1,1,0,0,0,0,0,0
DATA,732000,-0.557081,-0.830458,369.2,3.504,0.000,7.638,67.4,1.737,93.1,69.8,0,1,1,0,0,0,0,0,0
DATA,734000,-0.557202,-0.830377,368.3,3.496,0.000,7.638,67.4,1.737,93.1,69.8,0,1,1,0,0,0,0,0,0
DATA,736000,-0.557323,-0.830296,370.0,3.494,0.000,7.638,67.4,1.737,93.1,69.8,0,1,1,0,0,0,0,0,0
PRED,736000,0.050,1.881,66.5,66.5
DATA,738000,-0.557443,-0.830215,370.0,3.505,0.000,7.630,66.9,1.737,93.1,69.8,0,1,1,0,0,0,0,0,0
DATA,740000,-0.557564,-0.830134,405.8,3.543,0.000,7.627,66.7,1.738,93.1,69.6,0,1,1,0,0,0,0,0,0
DATA,742000,-0.557685,-0.830053,375.8,3.691,0.000,7.621,66.3,1.737,93.1,69.6,0,1,1,0,0,0,0,0,0
DATA,744000,-0.557805,-0.829972,373.3,3.725,0.000,7.620,66.2,1.736,93.1,69.6,0,1,1,0,0,0,0,0,0
DATA,746000,-0.557926,-0.829890,375.0,3.746,0.000,7.619,66.2,1.735,93.1,69.6,0,1,1,0,0,0,0,0,0
DATA,748000,-0.558047,-0.829809,376.7,3.748,0.000,7.621,66.3,1.733,93.1,69.6,0,1,1,0,0,0,0,0,0
DATA,750000,-0.558168,-0.829728,375.8,3.651,0.000,7.622,66.4,1.733,93.1,69.6,0,1,1,0,0,0,0,0,0
DATA,752000,-0.558288,-0.829647,275.8,3.649,0.000,7.623,66.5,1.734,93.1,69.6,0,1,1,0,0,0,0,0,0
DATA,754000,-0.558409,-0.829566,315.0,3.472,0.000,7.625,66.5,1.736,93.1,69.6,0,1,1,0,0,0,0,0,0
DATA,756000,-0.558529,-0.829485,375.0,3.353,0.000,7.645,67.8,1.737,93.1,69.6,0,1,1,0,0,0,0,0,0
DATA,758000,-0.558650,-0.829403,378.3,3.306,0.000,7.644,67.7,1.738,93.1,69.6,0,1,1,0,0,0,0,0,0
DATA,760000,-0.558771,-0.829322,374.2,3.273,0.000,7.643,67.7,1.738,93.1,69.6,0,1,1,0,0,0,0,0,0
DATA,762000,-0.558891,-0.829241,375.0,3.420,0.000,7.643,67.7,1.738,93.1,69.6,0,1,1,0,0,0,0,0,0
DATA,764000,-0.559012,-0.829160,373.3,3.497,0.000,7.643,67.7,1.738,93.1,69.6,0,1,1,0,0,0,0,0,0
DATA,766000,-0.559133,-0.829078,373.3,3.498,0.000,7.643,67.7,1.738,93.1,69.6,0,1,1,0,0,0,0,0,0
DATA,768000,-0.559253,-0.828997,373.3,3.491,0.000,7.644,67.7,1.738,93.1,69.6,0,1,1,0,0,0,0,0,0
DATA,770000,-0.559374,-0.828916,372.5,3.491,0.000,7.644,67.7,1.738,93.1,69.6,0,1,1,0,0,0,0,0,0
DATA,772000,-0.559495,-0.828834,374.2,3.485,0.000,7.644,67.7,1.738,93.1,69.6,0,1,1,0,0,0,0,0,0
DATA,774000,-0.559615,-0.828753,374.2,3.484,0.000,7.644,67.7,1.738,93.1,69.6,0,1,1,0,0,0,0,0,0
DATA,776000,-0.559736,-0.828671,372.5,3.485,0.000,7.643,67.7,1.738,93.1,69.6,0,1,1,0,0,0,0,0,0
DATA,778000,-0.559856,-0.828590,373.3,3.485,0.000,7.643,67.7,1.738,93.1,69.6,0,1,1,0,0,0,0,0,0
DATA,780000,-0.559977,-0.828508,371.7,3.484,0.000,7.643,67.7,1.738,93.1,69.6,0,1,1,0,0,0,0,0,0
DATA,782000,-0.560097,-0.828427,376.7,3.487,0.000,7.642,67.7,1.738,93.1,69.6,0,1,1,0,0,0,0,0,0
DATA,784000,-0.560218,-0.828346,375.0,3.491,0.000,7.642,67.6,1.738,93.1,69.6,0,1,1,0,0,0,0,0,0
DATA,786000,-0.560338,-0.828264,377.5,3.500,0.000,7.642,67.6,1.738,93.1,69.6,0,1,1,0,0,0,0,0,0
DATA,788000,-0.560458,-0.828183,375.0,3.511,0.000,7.641,67.6,1.738,93.1,69.6,0,1,1,0,0,0,0,0,0
DATA,790000,-0.560579,-0.828101,377.5,3.516,0.000,7.641,67.6,1.738,93.1,69.6,0,1,1,0,0,0,0,0,0
DATA,792000,-0.560699,-0.828019,378.3,3.519,0.000,7.642,67.6,1.738,93.1,69.6,0,1,1,0,0,0,0,0,0
DATA,794000,-0.560820,-0.827938,377.5,3.521,0.000,7.641,67.6,1.738,93.1,69.6,0,1,1,0,0,0,0,0,0
DATA,796000,-0.560940,-0.827856,378.3,3.526,0.000,7.640,67.5,1.738,93.1,69.6,0,1,1,0,0,0,0,0,0
DATA,798000,-0.561061,-0.827775,375.0,3.524,0.000,7.641,67.6,1.738,93.1,69.6,0,1,1,0,0,0,0,0,0
PRED,798000,0.050,1.835,66.6,66.6
DATA,800000,-0.561181,-0.827693,395.8,3.526,0.000,7.640,67.5,1.738,93.1,69.6,0,1,1,0,0,0,0,0,0
DATA,802000,-0.561301,-0.827612,394.2,3.570,0.000,7.640,67.5,1.738,93.1,69.6,0,1,1,0,0,0,0,0,0
DATA,804000,-0.561422,-0.827530,396.7,3.614,0.000,7.642,67.6,1.738,93.1,69.6,0,1,1,0,0,0,0,0,0
DATA,806000,-0.561542,-0.827448,394.2,3.662,0.000,7.641,67.6,1.738,93.1,69.6,0,1,1,0,0,0,0,0,0
DATA,808000,-0.561662,-0.827367,392.5,3.703,0.000,7.641,67.5,1.738,93.1,69.6,0,1,1,0,0,0,0,0,0
DATA,810000,-0.561783,-0.827285,394.2,3.689,0.000,7.640,67.5,1.738,93.1,69.6,0,1,1,0,0,0,0,0,0
DATA,812000,-0.561903,-0.827203,387.5,3.684,0.000,7.641,67.5,1.738,93.1,69.6,0,1,1,0,0,0,0,0,0
DATA,814000,-0.562023,-0.827121,389.2,3.663,0.000,7.641,67.5,1.738,93.1,69.6,0,1,1,0,0,0,0,0,0
DATA,816000,-0.562144,-0.827040,365.8,3.595,0.000,7.640,67.5,1.738,93.1,69.6,0,1,1,0,0,0,0,0,0
DATA,818000,-0.562264,-0.826958,382.5,3.607,0.000,7.639,67.4,1.737,93.1,69.6,0,1,1,0,0,0,0,0,0
DATA,820000,-0.562384,-0.826876,450.8,3.600,0.000,7.640,67.5,1.737,93.1,69.6,0,1,1,0,0,0,0,0,0
DATA,822000,-0.562504,-0.826794,450.0,3.706,0.000,7.639,67.4,1.737,93.1,69.6,0,1,1,0,0,0,0,0,0
DATA,824000,-0.562625,-0.826712,457.5,3.883,0.000,7.640,67.5,1.737,93.1,69.6,0,1,1,0,0,0,0,0,0
DATA,826000,-0.562745,-0.826631,460.0,4.073,0.000,7.640,67.5,1.738,93.1,69.6,0,1,1,0,0,0,0,0,0
DATA,828000,-0.562865,-0.826549,460.0,4.250,0.000,7.638,67.4,1.738,93.1,69.6,0,1,1,0,0,0,0,0,0
DATA,830000,-0.562985,-0.826467,460.0,4.318,0.000,7.639,67.4,1.737,93.1,69.6,0,1,1,0,0,0,0,0,0
DATA,832000,-0.563106,-0.826385,460.0,4.340,0.000,7.641,67.5,1.737,93.1,69.6,0,1,1,0,0,0,0,0,0
DATA,834000,-0.563226,-0.826303,460.0,4.343,0.000,7.637,67.3,1.737,93.1,69.6,0,1,1,0,0,0,0,0,0
DATA,836000,-0.563346,-0.826221,459.2,4.343,0.000,7.639,67.4,1.737,93.1,69.6,0,1,1,0,0,0,0,0,0
DATA,838000,-0.563466,-0.826139,458.3,4.340,0.000,7.639,67.4,1.737,93.1,69.6,0,1,1,0,0,0,0,0,0
DATA,840000,-0.563586,-0.826057,455.0,4.336,0.000,7.638,67.4,1.737,93.1,69.5,0,1,1,0,0,0,0,0,0
DATA,842000,-0.563706,-0.825975,451.7,4.317,0.000,7.636,67.2,1.737,93.1,69.5,0,1,1,0,0,0,0,0,0
DATA,844000,-0.563827,-0.825893,450.8,4.297,0.000,7.637,67.3,1.738,93.1,69.5,0,1,1,0,0,0,0,0,0
DATA,846000,-0.563946,-0.825811,457.5,4.279,0.000,7.638,67.4,1.738,93.1,69.5,0,1,1,0,0,0,0,0,0
DATA,848000,-0.564067,-0.825729,448.3,4.267,0.000,7.638,67.4,1.738,93.1,69.5,0,1,1,0,0,0,0,0,0
DATA,850000,-0.564187,-0.825647,440.0,4.246,0.000,7.635,67.2,1.738,93.1,69.5,0,1,1,0,0,0,0,0,0
DATA,852000,-0.564307,-0.825565,449.2,4.227,0.000,7.638,67.4,1.738,93.1,69.5,0,1,1,0,0,0,0,0,0
DATA,854000,-0.564427,-0.825483,451.7,4.222,0.000,7.638,67.4,1.738,93.1,69.5,0,1,1,0,0,0,0,0,0
DATA,856000,-0.564547,-0.825401,448.3,4.216,0.000,7.637,67.3,1.738,93.1,69.5,0,1,1,0,0,0,0,0,0
DATA,858000,-0.564667,-0.825319,445.8,4.219,0.000,7.636,67.3,1.738,93.1,69.5,0,1,1,0,0,0,0,0,0
PRED,858000,0.050,1.835,66.3,66.3
DATA,860000,-0.564787,-0.825237,441.7,4.221,0.000,7.636,67.2,1.738,93.1,69.5,0,1,1,0,0,0,0,0,0
DATA,862000,-0.564907,-0.825155,443.3,4.202,0.000,7.636,67.3,1.738,93.1,69.5,0,1,1,0,0,0,0,0,0
DATA,864000,-0.565027,-0.825072,440.8,4.180,0.000,7.633,67.1,1.737,93.1,69.5,0,1,1,0,0,0,0,0,0
DATA,866000,-0.565147,-0.824990,441.7,4.169,0.000,7.636,67.2,1.737,93.1,69.5,0,1,1,0,0,0,0,0,0
DATA,868000,-0.565267,-0.824908,444.2,4.161,0.000,7.636,67.3,1.737,93.1,69.5,0,1,1,0,0,0,0,0,0
DATA,870000,-0.565387,-0.824826,442.5,4.160,0.000,7.636,67.3,1.737,93.1,69.5,0,1,1,0,0,0,0,0,0
DATA,872000,-0.565507,-0.824744,445.0,4.168,0.000,7.635,67.2,1.738,93.1,69.5,0,1,1,0,0,0,0,0,0
DATA,874000,-0.565627,-0.824661,445.8,4.180,0.000,7.634,67.1,1.737,93.1,69.5,0,1,1,0,0,0,0,0,0
DATA,876000,-0.565747,-0.824579,448.3,4.197,0.000,7.636,67.2,1.737,93.1,69.5,0,1,1,0,0,0,0,0,0
DATA,878000,-0.565867,-0.824497,447.5,4.209,0.000,7.635,67.2,1.737,93.1,69.5,0,1,1,0,0,0,0,0,0
DATA,880000,-0.565987,-0.824414,445.0,4.214,0.000,7.635,67.2,1.737,93.1,69.5,0,1,1,0,0,0,0,0,0
DATA,882000,-0.566106,-0.824332,445.0,4.210,0.000,7.636,67.2,1.738,93.1,69.5,0,1,1,0,0,0,0,0,0
DATA,884000,-0.566226,-0.824250,443.3,4.201,0.000,7.635,67.2,1.738,93.1,69.5,0,1,1,0,0,0,0,0,0
DATA,886000,-0.566347,-0.824167,440.8,4.194,0.000,7.636,67.2,1.738,93.1,69.5,0,1,1,0,0,0,0,0,0
DATA,888000,-0.566466,-0.824085,447.5,4.185,0.000,7.636,67.2,1.738,93.1,69.5,0,1,1,0,0,0,0,0,0
DATA,890000,-0.566586,-0.824003,443.3,4.184,0.000,7.634,67.1,1.738,93.1,69.5,0,1,1,0,0,0,0,0,0
DATA,892000,-0.566706,-0.823920,443.3,4.182,0.000,7.633,67.1,1.737,93.1,69.5,0,1,1,0,0,0,0,0,0
DATA,894000,-0.566826,-0.823838,436.7,4.182,0.000,7.636,67.2,1.737,93.1,69.5,0,1,1,0,0,0,0,0,0
DATA,896000,-0.566945,-0.823755,440.0,4.167,0.000,7.635,67.2,1.737,93.1,69.5,0,1,1,0,0,0,0,0,0
DATA,898000,-0.567065,-0.823673,437.5,4.157,0.000,7.635,67.2,1.737,93.1,69.5,0,1,1,0,0,0,0,0,0
DATA,900000,-0.567185,-0.823590,432.5,4.135,0.000,7.635,67.2,1.738,93.1,69.5,0,1,1,0,0,0,0,0,0
DATA,902000,-0.567305,-0.823508,431.7,4.101,0.000,7.634,67.1,1.738,93.1,69.5,0,1,1,0,0,0,0,0,0
DATA,904000,-0.567425,-0.823425,431.7,4.104,0.000,7.635,67.2,1.738,93.1,69.5,0,1,1,0,0,0,0,0,0
DATA,906000,-0.567545,-0.823343,433.3,4.076,0.000,7.632,67.0,1.738,93.1,69.5,0,1,1,0,0,0,0,0,0
DATA,908000,-0.567664,-0.823260,450.0,4.121,0.000,7.633,67.1,1.738,93.1,69.5,0,1,1,0,0,0,0,0,0
DATA,910000,-0.567784,-0.823178,480.0,4.159,0.000,7.632,67.0,1.738,93.1,69.5,0,1,1,0,0,0,0,0,0
DATA,912000,-0.567904,-0.823095,496.7,4.272,0.000,7.633,67.1,1.738,93.1,69.5,0,1,1,0,0,0,0,0,0
DATA,914000,-0.568023,-0.823012,495.0,4.435,0.000,7.633,67.0,1.738,93.1,69.5,0,1,1,0,0,0,0,0,0
DATA,916000,-0.568143,-0.822930,500.0,4.543,0.000,7.632,67.0,1.737,93.1,69.5,0,1,1,0,0,0,0,0,0
DATA,918000,-0.568263,-0.822847,500.0,4.678,0.000,7.632,67.0,1.737,93.1,69.5,0,1,1,0,0,0,0,0,0
DATA,920000,-0.568382,-0.822765,500.0,4.715,0.000,7.633,67.1,1.737,93.1,69.5,0,1,1,0,0,0,0,0,0
PRED,920000,0.050,1.881,66.2,66.2
DATA,922000,-0.568502,-0.822682,500.0,4.724,0.000,7.633,67.0,1.737,93.1,69.5,0,1,1,0,0,0,0,0,0
DATA,924000,-0.568622,-0.822599,500.0,4.733,0.000,7.632,67.0,1.738,93.1,69.5,0,1,1,0,0,0,0,0,0
DATA,926000,-0.568741,-0.822516,499.2,4.734,0.000,7.632,67.0,1.738,93.1,69.5,0,1,1,0,0,0,0,0,0
DATA,928000,-0.568861,-0.822434,500.0,4.733,0.000,7.632,67.0,1.738,93.1,69.5,0,1,1,0,0,0,0,0,0
DATA,930000,-0.568981,-0.822351,500.0,4.734,0.000,7.630,66.8,1.737,93.1,69.5,0,1,1,0,0,0,0,0,0
DATA,932000,-0.569100,-0.822268,500.8,4.732,0.000,7.633,67.0,1.737,93.1,69.5,0,1,1,0,0,0,0,0,0
DATA,934000,-0.569220,-0.822185,500.8,4.734,0.000,7.630,66.9,1.736,93.1,69.5,0,1,1,0,0,0,0,0,0
DATA,936000,-0.569339,-0.822103,500.0,4.738,0.000,7.632,67.0,1.736,93.1,69.3,0,1,1,0,0,0,0,0,0
DATA,938000,-0.569459,-0.822020,500.0,4.741,0.000,7.631,67.0,1.737,93.1,69.3,0,1,1,0,0,0,0,0,0
DATA,940000,-0.569578,-0.821937,500.0,4.740,0.000,7.631,66.9,1.737,93.1,69.3,0,1,1,0,0,0,0,0,0
DATA,942000,-0.569698,-0.821854,497.5,4.733,0.000,7.632,67.0,1.738,93.1,69.3,0,1,1,0,0,0,0,0,0
DATA,944000,-0.569817,-0.821771,496.7,4.723,0.000,7.630,66.9,1.738,93.1,69.3,0,1,1,0,0,0,0,0,0
DATA,946000,-0.569937,-0.821688,497.5,4.715,0.000,7.632,67.0,1.738,93.1,69.3,0,1,1,0,0,0,0,0,0
DATA,948000,-0.570056,-0.821606,498.3,4.706,0.000,7.630,66.9,1.738,93.1,69.3,0,1,1,0,0,0,0,0,0
DATA,950000,-0.570176,-0.821522,499.2,4.714,0.000,7.629,66.8,1.738,93.1,69.3,0,1,1,0,0,0,0,0,0
DATA,952000,-0.570295,-0.821440,496.7,4.717,0.000,7.630,66.9,1.737,93.1,69.3,0,1,1,0,0,0,0,0,0
DATA,954000,-0.570415,-0.821357,504.2,4.723,0.000,7.630,66.9,1.737,93.1,69.3,0,1,1,0,0,0,0,0,0
DATA,956000,-0.570535,-0.821273,505.8,4.742,0.000,7.630,66.9,1.737,93.1,69.3,0,1,1,0,0,0,0,0,0
DATA,958000,-0.570654,-0.821191,505.8,4.758,0.000,7.630,66.9,1.737,93.1,69.3,0,1,1,0,0,0,0,0,0
DATA,960000,-0.570774,-0.821108,505.8,4.774,0.000,7.631,66.9,1.738,93.1,69.3,0,1,1,0,0,0,0,0,0
DATA,962000,-0.570893,-0.821025,505.8,4.788,0.000,7.631,67.0,1.738,93.1,69.3,0,1,1,0,0,0,0,0,0
DATA,964000,-0.571012,-0.820941,505.8,4.791,0.000,7.630,66.9,1.738,93.1,69.3,0,1,1,0,0,0,0,0,0
DATA,966000,-0.571132,-0.820858,505.0,4.793,0.000,7.631,66.9,1.738,93.1,69.3,0,1,1,0,0,0,0,0,0
DATA,968000,-0.571251,-0.820775,505.0,4.792,0.000,7.630,66.9,1.737,93.1,69.3,0,1,1,0,0,0,0,0,0
DATA,970000,-0.571370,-0.820692,505.8,4.791,0.000,7.630,66.9,1.737,93.1,69.3,0,1,1,0,0,0,0,0,0
DATA,972000,-0.571490,-0.820609,505.0,4.791,0.000,7.631,66.9,1.737,93.1,69.3,0,1,1,0,0,0,0,0,0
DATA,974000,-0.571609,-0.820526,501.7,4.790,0.000,7.630,66.9,1.737,93.1,69.3,0,1,1,0,0,0,0,0,0
DATA,976000,-0.571729,-0.820443,495.8,4.778,0.000,7.629,66.8,1.736,93.1,69.3,0,1,1,0,0,0,0,0,0
DATA,978000,-0.571848,-0.820360,493.3,4.754,0.000,7.627,66.7,1.734,93.1,69.3,0,1,1,0,0,0,0,0,0
DATA,980000,-0.571967,-0.820276,492.5,4.724,0.000,7.626,66.7,1.733,93.1,69.3,0,1,1,0,0,0,0,0,0
DATA,982000,-0.572086,-0.820193,492.5,4.694,0.000,7.628,66.8,1.733,93.1,69.3,0,1,1,0,0,0,0,0,0
PRED,982000,0.050,1.881,65.9,65.9
DATA,984000,-0.572206,-0.820110,492.5,4.674,0.000,7.629,66.8,1.734,93.1,69.3,0,1,1,0,0,0,0,0,0
DATA,986000,-0.572325,-0.820027,495.0,4.672,0.000,7.629,66.8,1.736,93.1,69.3,0,1,1,0,0,0,0,0,0
DATA,988000,-0.572444,-0.819944,495.8,4.674,0.000,7.630,66.9,1.737,93.1,69.3,0,1,1,0,0,0,0,0,0
DATA,990000,-0.572563,-0.819861,500.0,4.683,0.000,7.627,66.7,1.737,93.1,69.3,0,1,1,0,0,0,0,0,0
DATA,992000,-0.572683,-0.819777,505.8,4.709,0.000,7.628,66.7,1.735,93.1,69.3,0,1,1,0,0,0,0,0,0
DATA,994000,-0.572802,-0.819694,505.0,4.737,0.000,7.628,66.7,1.735,93.1,69.3,0,1,1,0,0,0,0,0,0
DATA,996000,-0.572921,-0.819610,505.8,4.763,0.000,7.628,66.7,1.735,93.1,69.3,0,1,1,0,0,0,0,0,0
DATA,998000,-0.573040,-0.819527,505.0,4.785,0.000,7.628,66.7,1.734,93.1,69.3,0,1,1,0,0,0,0,0,0
DATA,1000000,-0.573159,-0.819444,501.7,4.795,0.000,7.628,66.7,1.734,93.1,69.3,0,1,1,0,0,0,0,0,0
DATA,1002000,-0.573279,-0.819361,495.8,4.776,0.000,7.628,66.8,1.734,93.1,69.3,0,1,1,0,0,0,0,0,0
DATA,1004000,-0.573398,-0.819277,503.3,4.754,0.000,7.628,66.8,1.735,93.1,69.3,0,1,1,0,0,0,0,0,0
DATA,1006000,-0.573517,-0.819194,503.3,4.748,0.000,7.627,66.7,1.734,93.1,69.3,0,1,1,0,0,0,0,0,0
DATA,1008000,-0.573636,-0.819110,505.0,4.740,0.000,7.628,66.7,1.735,93.1,69.3,0,1,1,0,0,0,0,0,0
DATA,1010000,-0.573755,-0.819027,506.7,4.756,0.000,7.628,66.7,1.734,93.1,69.3,0,1,1,0,0,0,0,0,0
DATA,1012000,-0.573874,-0.818943,503.3,4.775,0.000,7.629,66.8,1.733,93.1,69.3,0,1,1,0,0,0,0,0,0
DATA,1014000,-0.573993,-0.818860,504.2,4.773,0.000,7.628,66.8,1.733,93.1,69.3,0,1,1,0,0,0,0,0,0
DATA,1016000,-0.574113,-0.818776,504.2,4.770,0.000,7.629,66.8,1.733,93.1,69.3,0,1,1,0,0,0,0,0,0
DATA,1018000,-0.574231,-0.818693,281.7,4.555,0.000,7.630,66.9,1.733,93.1,69.3,0,1,1,0,0,0,0,0,0
DATA,1020000,-0.574351,-0.818609,497.5,4.538,0.000,7.629,66.8,1.734,93.1,69.3,0,1,1,0,0,0,0,0,0
DATA,1022000,-0.574470,-0.818526,482.5,4.534,0.000,7.629,66.8,1.734,93.1,69.3,0,1,1,0,0,0,0,0,0
DATA,1024000,-0.574589,-0.818442,495.8,4.496,0.000,7.629,66.8,1.735,93.1,69.3,0,1,1,0,0,0,0,0,0
DATA,1026000,-0.574708,-0.818359,521.7,4.489,0.000,7.629,66.8,1.736,93.1,69.3,0,1,1,0,0,0,0,0,0
DATA,1028000,-0.574827,-0.818275,526.7,4.738,0.000,7.630,66.9,1.736,93.1,69.1,0,1,1,0,0,0,0,0,0
DATA,1030000,-0.574946,-0.818191,533.3,4.808,0.000,7.627,66.7,1.735,93.1,69.1,0,1,1,0,0,0,0,0,0
DATA,1032000,-0.575065,-0.818108,530.8,4.910,0.000,7.628,66.8,1.734,93.1,69.1,0,1,1,0,0,0,0,0,0
DATA,1034000,-0.575184,-0.818024,531.7,5.036,0.000,7.607,65.4,1.734,93.1,69.1,0,1,1,0,0,0,0,0,0
DATA,1036000,-0.575303,-0.817941,530.0,5.118,0.000,7.602,65.1,1.735,93.1,69.1,0,1,1,0,0,0,0,0,0
DATA,1038000,-0.575422,-0.817857,530.8,5.185,0.000,7.602,65.1,1.737,93.1,69.1,0,1,1,0,0,0,0,0,0
DATA,1040000,-0.575541,-0.817773,531.7,5.211,0.000,7.632,67.0,1.736,93.1,69.1,0,1,1,0,0,0,0,0,0
DATA,1042000,-0.575660,-0.817689,530.0,5.182,0.000,7.622,66.4,1.736,93.1,69.1,0,1,1,0,0,0,0,0,0
DATA,1044000,-0.575778,-0.817606,529.2,5.135,0.000,7.622,66.4,1.734,93.1,69.1,0,1,1,0,0,0,0,0,0
PRED,1044000,0.050,1.881,65.5,65.5
DATA,1046000,-0.575897,-0.817522,530.8,5.089,0.000,7.621,66.3,1.733,93.1,69.1,0,1,1,0,0,0,0,0,0
DATA,1048000,-0.576016,-0.817438,529.2,5.081,0.000,7.621,66.3,1.734,93.1,69.1,0,1,1,0,0,0,0,0,0
DATA,1050000,-0.576135,-0.817354,530.8,5.077,0.000,7.620,66.3,1.734,93.1,69.1,0,1,1,0,0,0,0,0,0
DATA,1052000,-0.576254,-0.817271,531.7,5.079,0.000,7.621,66.3,1.736,93.1,69.1,0,1,1,0,0,0,0,0,0
DATA,1054000,-0.576373,-0.817187,529.2,5.072,0.000,7.621,66.3,1.737,93.1,69.1,0,1,1,0,0,0,0,0,0
DATA,1056000,-0.576492,-0.817103,535.8,5.066,0.000,7.621,66.3,1.737,93.1,69.1,0,1,1,0,0,0,0,0,0
DATA,1058000,-0.576611,-0.817019,529.2,5.072,0.000,7.621,66.3,1.737,93.1,69.1,0,1,1,0,0,0,0,0,0
DATA,1060000,-0.576730,-0.816935,530.0,5.071,0.000,7.620,66.3,1.737,93.1,69.1,0,1,1,0,0,0,0,0,0
DATA,1062000,-0.576848,-0.816851,535.8,5.093,0.000,7.621,66.3,1.736,93.1,69.1,0,1,1,0,0,0,0,0,0

DATA,1064000,-0.576967,-0.816767,532.5,5.104,0.000,7.620,66.3,1.737,93.1,69.1,0,1,1,0,0,0,0,0,0
DATA,1066000,-0.577086,-0.816684,528.3,5.097,0.000,7.621,66.3,1.737,93.1,69.1,0,1,1,0,0,0,0,0,0
DATA,1068000,-0.577205,-0.816599,530.8,5.095,0.000,7.620,66.3,1.737,93.1,69.1,0,1,1,0,0,0,0,0,0
DATA,1070000,-0.577323,-0.816516,528.3,5.086,0.000,7.619,66.2,1.736,93.1,69.1,0,1,1,0,0,0,0,0,0
DATA,1072000,-0.577442,-0.816432,523.3,5.059,0.000,7.620,66.3,1.736,93.1,69.1,0,1,1,0,0,0,0,0,0
DATA,1074000,-0.577561,-0.816348,525.8,5.045,0.000,7.619,66.2,1.736,93.1,69.1,0,1,1,0,0,0,0,0,0

DATA,1076000,-0.577680,-0.816264,524.2,5.033,0.000,7.618,66.1,1.737,93.1,69.1,0,1,1,0,0,0,0,0,0
DATA,1078000,-0.577799,-0.816179,528.3,5.013,0.000,7.619,66.2,1.738,93.1,69.1,0,1,1,0,0,0,0,0,0
DATA,1080000,-0.577917,-0.816096,523.3,5.026,0.000,7.617,66.0,1.737,93.1,69.1,0,1,1,0,0,0,0,0,0
DATA,1082000,-0.578036,-0.816011,522.5,5.025,0.000,7.620,66.2,1.736,93.1,69.1,0,1,1,0,0,0,0,0,0
DATA,1084000,-0.578154,-0.815927,527.5,5.028,0.000,7.620,66.2,1.736,93.1,69.1,0,1,1,0,0,0,0,0,0
DATA,1086000,-0.578273,-0.815843,525.8,5.023,0.000,7.617,66.1,1.735,93.1,69.1,0,1,1,0,0,0,0,0,0
DATA,1088000,-0.578392,-0.815759,525.8,5.014,0.000,7.618,66.1,1.737,93.1,69.1,0,1,1,0,0,0,0,0,0
DATA,1090000,-0.578511,-0.815675,525.0,5.016,0.000,7.618,66.1,1.737,93.1,69.1,0,1,1,0,0,0,0,0,0
DATA,1092000,-0.578629,-0.815591,525.0,5.019,0.000,7.618,66.1,1.737,93.1,69.1,0,1,1,0,0,0,0,0,0
DATA,1094000,-0.578748,-0.815507,525.0,5.017,0.000,7.619,66.2,1.738,93.1,69.1,0,1,1,0,0,0,0,0,0
DATA,1096000,-0.578866,-0.815423,525.0,5.017,0.000,7.618,66.1,1.738,93.1,69.1,0,1,1,0,0,0,0,0,0
DATA,1098000,-0.578985,-0.815338,525.0,5.013,0.000,7.618,66.1,1.738,93.1,69.1,0,1,1,0,0,0,0,0,0
DATA,1100000,-0.579104,-0.815254,524.2,5.015,0.000,7.617,66.1,1.738,93.1,69.1,0,1,1,0,0,0,0,0,0
DATA,1102000,-0.579222,-0.815170,523.3,5.012,0.000,7.618,66.2,1.738,93.1,69.1,0,1,1,0,0,0,0,0,0
DATA,1104000,-0.579341,-0.815086,522.5,5.008,0.000,7.618,66.1,1.738,93.1,69.1,0,1,1,0,0,0,0,0,0
DATA,1106000,-0.579459,-0.815001,523.3,5.004,0.000,7.617,66.1,1.738,93.1,69.1,0,1,1,0,0,0,0,0,0
PRED,1106000,0.050,1.881,65.2,65.2
DATA,1108000,-0.579578,-0.814917,523.3,5.000,0.000,7.619,66.2,1.737,93.1,69.1,0,1,1,0,0,0,0,0,0
DATA,1110000,-0.579696,-0.814833,523.3,5.001,0.000,7.618,66.1,1.737,93.1,69.1,0,1,1,0,0,0,0,0,0
DATA,1112000,-0.579815,-0.814748,524.2,5.003,0.000,7.617,66.1,1.737,93.1,69.1,0,1,1,0,0,0,0,0,0
DATA,1114000,-0.579933,-0.814664,524.2,5.007,0.000,7.619,66.2,1.737,93.1,69.1,0,1,1,0,0,0,0,0,0
DATA,1116000,-0.580052,-0.814580,519.2,5.003,0.000,7.617,66.1,1.737,93.1,69.1,0,1,1,0,0,0,0,0,0
DATA,1118000,-0.580170,-0.814495,579.2,4.979,0.000,7.617,66.1,1.737,93.1,69.0,0,1,1,0,0,0,0,0,0

DATA,1120000,-0.580289,-0.814411,551.7,5.119,0.000,7.617,66.1,1.737,93.1,69.0,0,1,1,0,0,0,0,0,0
DATA,1122000,-0.580407,-0.814327,549.2,5.181,0.000,7.617,66.1,1.736,93.1,69.0,0,1,1,0,0,0,0,0,0
DATA,1124000,-0.580525,-0.814242,550.0,5.257,0.000,7.620,66.3,1.735,93.1,69.0,0,1,1,0,0,0,0,0,0
DATA,1126000,-0.580644,-0.814158,551.7,5.350,0.000,7.617,66.0,1.735,93.1,69.0,0,1,1,0,0,0,0,0,0
DATA,1128000,-0.580762,-0.814073,551.7,5.278,0.000,7.617,66.0,1.735,93.1,69.0,0,1,1,0,0,0,0,0,0
DATA,1130000,-0.580881,-0.813989,551.7,5.286,0.000,7.616,66.0,1.735,93.1,69.0,0,1,1,0,0,0,0,0,0
DATA,1132000,-0.580999,-0.813904,550.8,5.280,0.000,7.617,66.0,1.735,93.1,69.0,0,1,1,0,0,0,0,0,0
DATA,1134000,-0.581117,-0.813820,556.7,5.288,0.000,7.618,66.1,1.735,93.1,69.0,0,1,1,0,0,0,0,0,0
DATA,1136000,-0.581236,-0.813735,551.7,5.291,0.000,7.616,66.0,1.735,93.1,69.0,0,1,1,0,0,0,0,0,0
DATA,1138000,-0.581354,-0.813651,568.3,5.318,0.000,7.616,66.0,1.734,93.1,69.0,0,1,1,0,0,0,0,0,0
DATA,1140000,-0.581472,-0.813566,560.8,5.356,0.000,7.615,65.9,1.733,93.1,69.0,0,1,1,0,0,0,0,0,0
DATA,1142000,-0.581591,-0.813482,552.5,5.358,0.000,7.615,66.0,1.733,93.1,69.0,0,1,1,0,0,0,0,0,0
DATA,1144000,-0.581709,-0.813397,563.3,5.367,0.000,7.618,66.1,1.721,93.1,69.0,0,1,1,0,0,0,0,0,0
DATA,1146000,-0.581827,-0.813312,560.0,5.370,0.000,7.615,66.0,1.722,93.1,69.0,0,1,1,0,0,0,0,0,0
DATA,1148000,-0.581946,-0.813228,562.5,5.354,0.000,7.616,66.0,1.722,93.1,69.0,0,1,1,0,0,0,0,0,0
DATA,1150000,-0.582064,-0.813143,560.0,5.368,0.000,7.615,65.9,1.722,93.1,69.0,0,1,1,0,0,0,0,0,0
DATA,1152000,-0.582182,-0.813058,559.2,5.379,0.000,7.615,65.9,1.735,93.1,69.0,0,1,1,0,0,0,0,0,0
DATA,1154000,-0.582300,-0.812974,560.8,5.371,0.000,7.617,66.0,1.730,93.1,69.0,0,1,1,0,0,0,0,0,0
DATA,1156000,-0.582419,-0.812889,564.2,5.389,0.000,7.614,65.9,1.729,93.1,69.0,0,1,1,0,0,0,0,0,0
DATA,1158000,-0.582537,-0.812804,561.7,5.388,0.000,7.614,65.9,1.730,93.1,69.0,0,1,1,0,0,0,0,0,0

DATA,1160000,-0.582655,-0.812720,569.2,5.390,0.000,7.614,65.9,1.729,93.1,69.0,0,1,1,0,0,0,0,0,0
DATA,1162000,-0.582773,-0.812635,565.8,5.407,0.000,7.615,65.9,1.733,93.1,69.0,0,1,1,0,0,0,0,0,0
DATA,1164000,-0.582891,-0.812550,570.8,5.417,0.057,7.616,66.0,1.722,93.1,69.0,0,1,1,0,0,0,0,0,0
DATA,1166000,-0.583010,-0.812465,566.7,5.437,0.057,7.615,65.9,1.722,93.1,69.0,0,1,1,0,0,0,0,0,0
PRED,1166000,0.107,1.928,65.0,65.0
DATA,1168000,-0.583128,-0.812380,570.8,5.456,0.057,7.614,65.9,1.722,93.1,69.0,0,1,1,0,0,0,0,0,0
DATA,1170000,-0.583246,-0.812296,571.7,5.465,0.057,7.614,65.9,1.722,93.1,69.0,0,1,1,0,0,0,0,0,0
DATA,1172000,-0.583364,-0.812211,570.8,5.478,0.000,7.615,65.9,1.734,93.1,69.0,0,1,1,0,0,0,0,0,0
DATA,1174000,-0.583482,-0.812126,575.8,5.483,0.059,7.617,66.0,1.724,93.1,69.0,0,1,1,0,0,0,0,0,0
DATA,1176000,-0.583600,-0.812041,575.0,5.500,0.059,7.614,65.9,1.725,93.1,69.0,0,1,1,0,0,0,0,0,0
DATA,1178000,-0.583718,-0.811956,579.2,5.485,0.059,7.613,65.8,1.725,93.1,69.0,0,1,1,0,0,0,0,0,0
DATA,1180000,-0.583836,-0.811871,582.5,5.501,0.059,7.614,65.9,1.724,93.1,69.0,0,1,1,0,0,0,0,0,0
DATA,1182000,-0.583955,-0.811786,606.7,5.562,0.000,7.614,65.9,1.734,93.1,69.0,0,1,1,0,0,0,0,0,0
DATA,1184000,-0.584073,-0.811701,615.0,5.643,0.063,7.616,66.0,1.727,93.1,69.0,0,1,1,0,0,0,0,0,0

DATA,1186000,-0.584191,-0.811616,621.7,5.773,0.063,7.613,65.8,1.727,93.1,69.0,0,1,1,0,0,0,0,0,0
DATA,1188000,-0.584309,-0.811532,623.3,5.876,0.063,7.613,65.8,1.728,93.1,69.0,0,1,1,0,0,0,0,0,0
DATA,1190000,-0.584427,-0.811446,624.2,5.941,0.063,7.613,65.8,1.728,93.1,69.0,0,1,1,0,0,0,0,0,0
DATA,1192000,-0.584545,-0.811362,625.0,5.979,0.000,7.614,65.8,1.736,93.1,69.0,0,1,1,0,0,0,0,0,0
DATA,1194000,-0.584663,-0.811276,625.0,5.996,0.057,7.615,65.9,1.736,93.1,69.0,0,1,1,0,0,0,0,0,0
DATA,1196000,-0.584781,-0.811191,625.0,6.004,0.057,7.613,65.8,1.736,93.1,69.0,0,1,1,0,0,0,0,0,0
DATA,1198000,-0.584899,-0.811106,625.8,6.006,0.057,7.613,65.8,1.735,93.1,69.0,0,1,1,0,0,0,0,0,0
DATA,1200000,-0.585017,-0.811021,625.0,6.008,0.057,7.612,65.8,1.735,93.1,69.0,0,1,1,0,0,0,0,0,0

DATA,1202000,-0.585135,-0.810936,623.3,6.003,0.000,7.612,65.7,1.736,93.1,69.0,0,1,1,0,0,0,0,0,0
DATA,1204000,-0.585253,-0.810851,623.3,6.000,0.380,7.635,67.2,1.743,93.3,68.8,1,0,1,0,0,0,0,0,0
DATA,1206000,-0.585371,-0.810766,625.8,6.003,0.760,7.643,67.7,1.749,93.1,68.8,0,1,1,0,0,0,0,0,0
DATA,1208000,-0.585489,-0.810681,624.2,6.002,0.760,7.613,65.8,1.749,93.1,68.8,0,1,1,0,0,0,0,0,0
DATA,1210000,-0.585606,-0.810596,623.3,6.003,0.760,7.613,65.8,1.749,93.1,68.8,0,1,1,0,0,0,0,0,0
DATA,1212000,-0.585724,-0.810510,629.2,6.011,0.380,7.610,65.6,1.742,93.1,68.8,0,1,1,0,0,0,0,0,0
DATA,1214000,-0.585842,-0.810425,630.8,6.016,0.000,7.611,65.7,1.737,93.1,68.8,0,1,1,0,0,0,0,0,0
DATA,1216000,-0.585960,-0.810340,631.7,6.035,0.380,7.654,68.4,1.740,93.3,68.8,1,0,1,0,0,0,0,0,0
DATA,1218000,-0.586078,-0.810255,632.5,6.058,1.137,7.679,70.0,1.752,93.3,68.8,1,0,1,0,0,0,0,0,0
DATA,1220000,-0.586196,-0.810169,632.5,6.078,1.893,7.681,70.1,1.764,93.3,68.8,1,0,1,0,0,0,0,0,0
DATA,1222000,-0.586314,-0.810084,632.5,6.095,2.649,7.681,70.1,1.777,93.3,68.8,1,0,1,0,0,0,0,0,0
DATA,1224000,-0.586431,-0.809999,632.5,6.099,3.025,7.682,70.1,1.785,93.3,68.8,1,0,1,0,0,0,0,0,0

DATA,1226000,-0.586549,-0.809914,632.5,6.102,3.025,7.683,70.2,1.785,93.3,68.8,1,0,1,0,0,0,0,0,0
DATA,1228000,-0.586667,-0.809828,632.5,6.105,3.022,7.683,70.2,1.785,93.3,68.8,1,0,1,0,0,0,0,0,0
PRED,1228000,4.987,1.928,69.4,69.4
DATA,1230000,-0.586785,-0.809743,632.5,6.101,3.022,7.684,70.2,1.786,93.3,68.8,1,0,1,0,0,0,0,0,0
DATA,1232000,-0.586903,-0.809658,632.5,6.101,3.022,7.685,70.3,1.785,93.3,68.8,1,0,1,0,0,0,0,0,0

DATA,1234000,-0.587020,-0.809572,632.5,6.099,3.022,7.685,70.3,1.786,93.3,68.8,1,0,1,0,0,0,0,0,0
DATA,1236000,-0.587138,-0.809487,628.3,6.092,3.020,7.686,70.4,1.786,93.3,68.8,1,0,1,0,0,0,0,0,0
DATA,1238000,-0.587256,-0.809401,620.0,6.072,3.020,7.687,70.4,1.786,93.3,68.8,1,0,1,0,0,0,0,0,0
DATA,1240000,-0.587374,-0.809316,621.7,6.041,3.020,7.686,70.4,1.787,93.3,68.8,1,0,1,0,0,0,0,0,0
DATA,1242000,-0.587491,-0.809231,622.5,6.015,3.018,7.687,70.5,1.787,93.3,68.8,1,0,1,0,0,0,0,0,0
DATA,1244000,-0.587609,-0.809145,621.7,5.993,3.018,7.671,69.4,1.788,93.1,68.8,0,1,1,0,0,0,0,0,0
DATA,1246000,-0.587726,-0.809060,628.3,5.997,2.263,7.617,66.1,1.773,93.1,68.8,0,1,1,0,0,0,0,0,0
DATA,1248000,-0.587844,-0.808974,625.8,6.013,1.507,7.617,66.1,1.759,93.1,68.8,0,1,1,0,0,0,0,0,0
DATA,1250000,-0.587962,-0.808889,624.2,6.022,0.754,7.617,66.1,1.745,93.1,68.8,0,1,1,0,0,0,0,0,0
DATA,1252000,-0.588080,-0.808803,625.0,6.029,0.000,7.615,65.9,1.732,93.1,68.8,0,1,1,0,0,0,0,0,0
DATA,1254000,-0.588197,-0.808718,630.8,6.025,0.000,7.632,67.0,1.734,93.3,68.8,1,0,1,0,0,0,0,0,0
DATA,1256000,-0.588315,-0.808632,629.2,6.034,0.756,7.684,70.3,1.748,93.3,68.8,1,0,1,0,0,0,0,0,0
DATA,1258000,-0.588432,-0.808547,628.3,6.044,1.511,7.685,70.3,1.762,93.3,68.8,1,0,1,0,0,0,0,0,0
DATA,1260000,-0.588550,-0.808461,629.2,6.053,2.265,7.685,70.3,1.776,93.3,68.8,1,0,1,0,0,0,0,0,0
DATA,1262000,-0.588667,-0.808375,629.2,6.064,3.018,7.687,70.4,1.788,93.3,68.8,1,0,1,0,0,0,0,0,0
DATA,1264000,-0.588785,-0.808290,629.2,6.058,3.016,7.687,70.4,1.788,93.3,68.8,1,0,1,0,0,0,0,0,0
DATA,1266000,-0.588903,-0.808204,628.3,6.058,3.012,7.686,70.4,1.787,93.3,68.8,1,0,1,0,0,0,0,0,0
DATA,1268000,-0.589020,-0.808118,628.3,6.059,3.010,7.687,70.4,1.786,93.3,68.8,1,0,1,0,0,0,0,0,0
DATA,1270000,-0.589138,-0.808033,628.3,6.060,3.008,7.687,70.4,1.784,93.3,68.8,1,0,1,0,0,0,0,0,0
DATA,1272000,-0.589255,-0.807947,628.3,6.061,3.006,7.687,70.4,1.783,93.3,68.8,1,0,1,0,0,0,0,0,0
DATA,1274000,-0.589373,-0.807861,628.3,6.060,3.006,7.687,70.4,1.783,93.3,68.8,1,0,1,0,0,0,0,0,0
DATA,1276000,-0.589490,-0.807776,628.3,6.059,3.006,7.687,70.5,1.782,93.3,68.8,1,0,1,0,0,0,0,0,0
DATA,1278000,-0.589608,-0.807690,628.3,6.057,3.006,7.688,70.5,1.782,93.3,68.8,1,0,1,0,0,0,0,0,0
DATA,1280000,-0.589725,-0.807604,629.2,6.057,3.006,7.688,70.5,1.782,93.3,68.8,1,0,1,0,0,0,0,0,0
DATA,1282000,-0.589842,-0.807518,621.7,6.050,3.006,7.688,70.5,1.782,93.3,68.8,1,0,1,0,0,0,0,0,0
DATA,1284000,-0.589960,-0.807433,620.8,6.031,3.006,7.688,70.5,1.783,93.3,68.8,1,0,1,0,0,0,0,0,0
DATA,1286000,-0.590077,-0.807347,620.8,6.013,3.006,7.689,70.6,1.784,93.3,68.8,1,0,1,0,0,0,0,0,0
DATA,1288000,-0.590195,-0.807261,621.7,5.992,3.006,7.689,70.5,1.784,93.3,68.8,1,0,1,0,0,0,0,0,0
DATA,1290000,-0.590312,-0.807175,621.7,5.980,2.255,7.622,66.3,1.770,93.1,68.6,0,1,1,0,0,0,0,0,0
PRED,1290000,3.720,1.928,65.3,65.3
DATA,1292000,-0.590430,-0.807089,621.7,5.979,1.879,7.619,66.2,1.763,93.1,68.6,0,1,1,0,0,0,0,0,0
DATA,1294000,-0.590547,-0.807003,622.5,5.985,1.127,7.618,66.1,1.748,93.1,68.6,0,1,1,0,0,0,0,0,0
DATA,1296000,-0.590664,-0.806917,674.2,5.987,0.376,7.617,66.0,1.734,93.1,68.6,0,1,1,0,0,0,0,0,0
DATA,1298000,-0.590782,-0.806832,631.7,6.043,0.000,7.616,66.0,1.727,93.1,68.6,0,1,1,0,0,0,0,0,0
DATA,1300000,-0.590899,-0.806745,631.7,6.067,0.376,7.682,70.1,1.735,93.3,68.6,1,0,1,0,0,0,0,0,0
DATA,1302000,-0.591016,-0.806660,637.5,6.082,1.127,7.685,70.3,1.749,93.3,68.6,1,0,1,0,0,0,0,0,0
DATA,1304000,-0.591134,-0.806574,639.2,6.123,1.879,7.686,70.4,1.762,93.3,68.6,1,0,1,0,0,0,0,0,0
DATA,1306000,-0.591251,-0.806488,639.2,6.115,2.630,7.685,70.3,1.776,93.3,68.6,1,0,1,0,0,0,0,0,0
DATA,1308000,-0.591368,-0.806402,640.8,6.136,3.006,7.685,70.3,1.782,93.3,68.6,1,0,1,0,0,0,0,0,0
DATA,1310000,-0.591485,-0.806316,641.7,6.166,3.006,7.687,70.4,1.782,93.3,68.6,1,0,1,0,0,0,0,0,0
DATA,1312000,-0.591603,-0.806230,642.5,6.177,3.006,7.685,70.3,1.782,93.3,68.6,1,0,1,0,0,0,0,0,0
DATA,1314000,-0.591720,-0.806143,641.7,6.184,3.006,7.687,70.4,1.783,93.3,68.6,1,0,1,0,0,0,0,0,0
DATA,1316000,-0.591837,-0.806057,641.7,6.191,3.006,7.687,70.4,1.784,93.3,68.6,1,0,1,0,0,0,0,0,0
DATA,1318000,-0.591955,-0.805971,641.7,6.191,3.006,7.686,70.4,1.784,93.3,68.6,1,0,1,0,0,0,0,0,0
DATA,1320000,-0.592072,-0.805885,641.7,6.190,3.006,7.687,70.5,1.784,93.3,68.6,1,0,1,0,0,0,0,0,0
DATA,1322000,-0.592189,-0.805799,637.5,6.193,3.006,7.687,70.4,1.784,93.3,68.6,1,0,1,0,0,0,0,0,0
DATA,1324000,-0.592306,-0.805713,639.2,6.182,3.006,7.688,70.5,1.783,93.3,68.6,1,0,1,0,0,0,0,0,0
DATA,1326000,-0.592424,-0.805627,637.5,6.174,3.006,7.689,70.5,1.782,93.3,68.6,1,0,1,0,0,0,0,0,0
DATA,1328000,-0.592541,-0.805541,640.8,6.168,3.006,7.689,70.5,1.782,93.3,68.6,1,0,1,0,0,0,0,0,0
DATA,1330000,-0.592658,-0.805454,640.0,6.162,3.006,7.688,70.5,1.782,93.3,68.6,1,0,1,0,0,0,0,0,0

DATA,1332000,-0.592775,-0.805368,641.7,6.164,3.006,7.688,70.5,1.782,93.3,68.6,1,0,1,0,0,0,0,0,0
DATA,1334000,-0.592892,-0.805282,632.5,6.159,3.006,7.688,70.5,1.782,93.3,68.6,1,0,1,0,0,0,0,0,0
DATA,1336000,-0.593009,-0.805196,632.5,6.145,3.006,7.689,70.6,1.782,93.3,68.6,1,0,1,0,0,0,0,0,0
DATA,1338000,-0.593126,-0.805109,640.8,6.142,3.006,7.689,70.6,1.782,93.3,68.6,1,0,1,0,0,0,0,0,0
DATA,1340000,-0.593243,-0.805023,640.8,6.147,3.006,7.689,70.5,1.782,93.3,68.6,1,0,1,0,0,0,0,0,0
DATA,1342000,-0.593360,-0.804937,636.7,6.154,3.006,7.688,70.5,1.782,93.3,68.6,1,0,1,0,0,0,0,0,0
DATA,1344000,-0.593478,-0.804851,637.5,6.160,3.006,7.688,70.5,1.782,93.3,68.6,1,0,1,0,0,0,0,0,0
DATA,1346000,-0.593595,-0.804764,635.0,6.147,3.006,7.688,70.5,1.781,93.3,68.6,1,0,1,0,0,0,0,0,0
DATA,1348000,-0.593712,-0.804678,630.0,6.132,3.006,7.688,70.5,1.781,93.3,68.6,1,0,1,0,0,0,0,0,0
DATA,1350000,-0.593829,-0.804592,636.7,6.124,3.006,7.689,70.5,1.781,93.3,68.6,1,0,1,0,0,0,0,0,0
DATA,1352000,-0.593946,-0.804505,636.7,6.125,3.006,7.689,70.6,1.781,93.3,68.6,1,0,1,0,0,0,0,0,0
PRED,1352000,4.960,1.928,69.7,69.7
DATA,1354000,-0.594063,-0.804419,636.7,6.132,3.006,7.688,70.5,1.781,93.3,68.6,1,0,1,0,0,0,0,0,0
DATA,1356000,-0.594180,-0.804332,636.7,6.137,3.006,7.689,70.6,1.781,93.3,68.6,1,0,1,0,0,0,0,0,0
DATA,1358000,-0.594297,-0.804246,636.7,6.138,3.006,7.689,70.6,1.780,93.3,68.6,1,0,1,0,0,0,0,0,0
DATA,1360000,-0.594414,-0.804160,630.8,6.137,3.006,7.687,70.5,1.779,93.3,68.6,1,0,1,0,0,0,0,0,0
DATA,1362000,-0.594531,-0.804073,631.7,6.125,3.006,7.687,70.4,1.779,93.3,68.6,1,0,1,0,0,0,0,0,0
DATA,1364000,-0.594647,-0.803987,637.5,6.117,3.006,7.689,70.6,1.778,93.3,68.6,1,0,1,0,0,0,0,0,0
DATA,1366000,-0.594765,-0.803900,635.8,6.118,3.006,7.689,70.6,1.777,93.3,68.6,1,0,1,0,0,0,0,0,0
DATA,1368000,-0.594881,-0.803814,635.0,6.119,3.006,7.688,70.5,1.777,93.3,68.6,1,0,1,0,0,0,0,0,0
DATA,1370000,-0.594998,-0.803727,630.8,6.125,3.006,7.688,70.5,1.776,93.3,68.6,1,0,1,0,0,0,0,0,0
DATA,1372000,-0.595115,-0.803641,630.8,6.118,3.006,7.688,70.5,1.776,93.3,68.6,1,0,1,0,0,0,0,0,0
DATA,1374000,-0.595232,-0.803554,630.0,6.105,3.006,7.688,70.5,1.776,93.3,68.5,1,0,1,0,0,0,0,0,0
DATA,1376000,-0.595349,-0.803467,630.0,6.089,3.006,7.688,70.5,1.776,93.3,68.5,1,0,1,0,0,0,0,0,0
DATA,1378000,-0.595466,-0.803381,630.0,6.077,3.006,7.689,70.5,1.776,93.3,68.5,1,0,1,0,0,0,0,0,0
DATA,1380000,-0.595582,-0.803294,630.8,6.077,3.006,7.689,70.6,1.776,93.3,68.5,1,0,1,0,0,0,0,0,0
DATA,1382000,-0.595699,-0.803207,630.0,6.074,3.006,7.688,70.5,1.776,93.3,68.5,1,0,1,0,0,0,0,0,0
DATA,1384000,-0.595816,-0.803121,628.3,6.071,3.006,7.688,70.5,1.776,93.3,68.5,1,0,1,0,0,0,0,0,0
DATA,1386000,-0.595933,-0.803034,628.3,6.057,3.006,7.689,70.6,1.777,93.3,68.5,1,0,1,0,0,0,0,0,0
DATA,1388000,-0.596050,-0.802948,620.0,6.045,3.006,7.689,70.6,1.777,93.3,68.5,1,0,1,0,0,0,0,0,0
DATA,1390000,-0.596167,-0.802861,628.3,6.021,3.006,7.689,70.5,1.777,93.3,68.5,1,0,1,0,0,0,0,0,0
DATA,1392000,-0.596283,-0.802774,636.7,6.000,3.006,7.682,70.1,1.777,93.1,68.5,0,1,1,0,0,0,0,0,0
DATA,1394000,-0.596400,-0.802687,732.5,6.278,2.255,7.619,66.2,1.763,93.1,68.5,0,1,1,0,0,0,0,0,0
DATA,1396000,-0.596517,-0.802601,739.2,6.548,1.503,7.618,66.1,1.751,93.1,68.5,0,1,1,0,0,0,0,0,0
DATA,1398000,-0.596634,-0.802514,739.2,6.834,0.752,7.617,66.1,1.738,93.1,68.5,0,1,1,0,0,0,0,0,0
DATA,1400000,-0.596750,-0.802427,739.2,7.122,0.000,7.616,66.0,1.726,93.1,68.5,0,1,1,0,0,0,0,0,0
DATA,1402000,-0.596867,-0.802340,736.7,7.121,0.000,7.620,66.2,1.726,93.2,68.5,1,0,1,0,0,0,0,0,0
DATA,1404000,-0.596983,-0.802254,738.3,7.126,0.752,7.681,70.1,1.741,93.2,68.5,1,0,1,0,0,0,0,0,0
DATA,1406000,-0.597100,-0.802167,740.0,7.137,1.503,7.681,70.0,1.757,93.2,68.5,1,0,1,0,0,0,0,0,0
DATA,1408000,-0.597217,-0.802080,740.8,7.148,2.255,7.682,70.1,1.773,93.2,68.5,1,0,1,0,0,0,0,0,0
DATA,1410000,-0.597334,-0.801993,741.7,7.166,3.006,7.682,70.1,1.788,93.2,68.5,1,0,1,0,0,0,0,0,0
DATA,1412000,-0.597450,-0.801906,740.0,7.178,3.006,7.683,70.2,1.788,93.2,68.5,1,0,1,0,0,0,0,0,0
DATA,1414000,-0.597567,-0.801819,738.3,7.184,3.006,7.683,70.2,1.788,93.2,68.5,1,0,1,0,0,0,0,0,0
PRED,1414000,4.960,1.928,69.3,69.3
DATA,1416000,-0.597683,-0.801732,739.2,7.182,3.006,7.681,70.1,1.788,93.2,68.5,1,0,1,0,0,0,0,0,0
DATA,1418000,-0.597800,-0.801645,744.2,7.182,3.006,7.682,70.1,1.788,93.2,68.5,1,0,1,0,0,0,0,0,0
DATA,1420000,-0.597916,-0.801558,746.7,7.204,3.006,7.682,70.1,1.788,93.2,68.5,1,0,1,0,0,0,0,0,0
DATA,1422000,-0.598033,-0.801471,745.8,7.212,3.006,7.683,70.2,1.788,93.2,68.5,1,0,1,0,0,0,0,0,0
DATA,1424000,-0.598150,-0.801384,745.8,7.226,3.006,7.683,70.2,1.788,93.2,68.5,1,0,1,0,0,0,0,0,0
DATA,1426000,-0.598266,-0.801297,747.5,7.237,3.006,7.683,70.2,1.788,93.2,68.5,1,0,1,0,0,0,0,0,0
DATA,1428000,-0.598383,-0.801210,748.3,7.234,3.006,7.683,70.2,1.788,93.2,68.5,1,0,1,0,0,0,0,0,0
DATA,1430000,-0.598499,-0.801123,750.0,7.236,3.006,7.683,70.2,1.788,93.2,68.5,1,0,1,0,0,0,0,0,0
DATA,1432000,-0.598616,-0.801036,749.2,7.248,3.006,7.683,70.2,1.788,93.2,68.5,1,0,1,0,0,0,0,0,0
DATA,1434000,-0.598732,-0.800949,748.3,7.258,3.006,7.684,70.2,1.788,93.2,68.5,1,0,1,0,0,0,0,0,0
DATA,1436000,-0.598849,-0.800862,748.3,7.261,3.006,7.684,70.2,1.788,93.2,68.5,1,0,1,0,0,0,0,0,0
DATA,1438000,-0.598965,-0.800775,747.5,7.261,3.006,7.683,70.2,1.788,93.2,68.5,1,0,1,0,0,0,0,0,0
DATA,1440000,-0.599082,-0.800688,748.3,7.255,3.006,7.684,70.2,1.788,93.2,68.5,1,0,1,0,0,0,0,0,0
DATA,1442000,-0.599198,-0.800601,748.3,7.249,3.006,7.682,70.2,1.788,93.2,68.5,1,0,1,0,0,0,0,0,0
DATA,1444000,-0.599315,-0.800513,744.2,7.245,3.006,7.684,70.2,1.788,93.2,68.5,1,0,1,0,0,0,0,0,0
DATA,1446000,-0.599431,-0.800426,744.2,7.241,3.006,7.684,70.3,1.788,93.2,68.5,1,0,1,0,0,0,0,0,0
DATA,1448000,-0.599548,-0.800339,743.3,7.233,3.006,7.684,70.2,1.788,93.2,68.5,1,0,1,0,0,0,0,0,0
DATA,1450000,-0.599664,-0.800252,743.3,7.225,3.006,7.683,70.2,1.788,93.2,68.5,1,0,1,0,0,0,0,0,0
DATA,1452000,-0.599780,-0.800165,745.0,7.217,3.006,7.683,70.2,1.788,93.2,68.5,1,0,1,0,0,0,0,0,0
DATA,1454000,-0.599897,-0.800077,744.2,7.213,3.006,7.684,70.2,1.788,93.2,68.5,1,0,1,0,0,0,0,0,0
DATA,1456000,-0.600013,-0.799990,743.3,7.212,3.006,7.683,70.2,1.788,93.2,68.3,1,0,1,0,0,0,0,0,0
DATA,1458000,-0.600130,-0.799903,742.5,7.210,3.006,7.684,70.3,1.788,93.2,68.3,1,0,1,0,0,0,0,0,0
DATA,1460000,-0.600246,-0.799816,742.5,7.208,3.006,7.683,70.2,1.788,93.2,68.3,1,0,1,0,0,0,0,0,0
DATA,1462000,-0.600362,-0.799728,742.5,7.204,3.006,7.683,70.2,1.788,93.2,68.3,1,0,1,0,0,0,0,0,0
DATA,1464000,-0.600478,-0.799641,742.5,7.202,3.006,7.684,70.3,1.788,93.2,68.3,1,0,1,0,0,0,0,0,0
DATA,1466000,-0.600595,-0.799554,742.5,7.202,3.006,7.684,70.2,1.788,93.2,68.3,1,0,1,0,0,0,0,0,0

DATA,1468000,-0.600711,-0.799466,741.7,7.200,3.006,7.685,70.3,1.788,93.2,68.3,1,0,1,0,0,0,0,0,0
DATA,1470000,-0.600827,-0.799379,741.7,7.195,3.006,7.685,70.3,1.788,93.2,68.3,1,0,1,0,0,0,0,0,0
DATA,1472000,-0.600944,-0.799291,741.7,7.195,3.006,7.684,70.2,1.788,93.2,68.3,1,0,1,0,0,0,0,0,0
DATA,1474000,-0.601060,-0.799204,741.7,7.192,3.006,7.684,70.3,1.788,93.2,68.3,1,0,1,0,0,0,0,0,0
DATA,1476000,-0.601176,-0.799117,741.7,7.191,3.006,7.683,70.2,1.788,93.2,68.3,1,0,1,0,0,0,0,0,0
DATA,1478000,-0.601292,-0.799029,741.7,7.192,3.006,7.682,70.1,1.788,93.2,68.3,1,0,1,0,0,0,0,0,0
DATA,1480000,-0.601409,-0.798942,743.3,7.190,3.006,7.681,70.0,1.788,93.2,68.3,1,0,1,0,0,0,0,0,0
DATA,1482000,-0.601525,-0.798854,740.0,7.192,3.006,7.683,70.2,1.788,93.2,68.3,1,0,1,0,0,0,0,0,0
DATA,1484000,-0.601641,-0.798767,740.0,7.191,3.006,7.683,70.2,1.788,93.2,68.3,1,0,1,0,0,0,0,0,0
DATA,1486000,-0.601757,-0.798679,740.8,7.187,3.006,7.684,70.2,1.788,93.2,68.3,1,0,1,0,0,0,0,0,0
DATA,1488000,-0.601873,-0.798592,740.0,7.184,3.006,7.682,70.1,1.787,93.2,68.3,1,0,1,0,0,0,0,0,0
DATA,1490000,-0.601989,-0.798504,740.0,7.178,3.006,7.683,70.2,1.787,93.2,68.3,1,0,1,0,0,0,0,0,0
DATA,1492000,-0.602106,-0.798416,740.0,7.178,3.006,7.683,70.2,1.787,93.2,68.3,1,0,1,0,0,0,0,0,0
DATA,1494000,-0.602221,-0.798329,742.5,7.176,3.006,7.685,70.3,1.788,93.2,68.3,1,0,1,0,0,0,0,0,0
DATA,1496000,-0.602338,-0.798241,739.2,7.174,3.006,7.685,70.3,1.788,93.2,68.3,1,0,1,0,0,0,0,0,0
DATA,1498000,-0.602454,-0.798154,740.0,7.173,3.006,7.685,70.3,1.788,93.2,68.3,1,0,1,0,0,0,0,0,0
DATA,1500000,-0.602570,-0.798066,738.3,7.170,3.006,7.685,70.3,1.788,93.2,68.3,1,0,1,0,0,0,0,0,0
DATA,1502000,-0.602686,-0.797978,738.3,7.170,3.006,7.683,70.2,1.788,93.2,68.3,1,0,1,0,0,0,0,0,0
DATA,1504000,-0.602802,-0.797891,738.3,7.168,3.006,7.684,70.2,1.788,93.2,68.3,1,0,1,0,0,0,0,0,0
DATA,1506000,-0.602918,-0.797803,737.5,7.164,3.006,7.684,70.3,1.788,93.2,68.3,1,0,1,0,0,0,0,0,0
DATA,1508000,-0.603034,-0.797715,737.5,7.160,3.006,7.684,70.3,1.788,93.2,68.3,1,0,1,0,0,0,0,0,0
DATA,1510000,-0.603150,-0.797628,736.7,7.157,3.006,7.683,70.2,1.788,93.2,68.3,1,0,1,0,0,0,0,0,0
DATA,1512000,-0.603266,-0.797540,737.5,7.151,3.006,7.682,70.2,1.788,93.2,68.3,1,0,1,0,0,0,0,0,0
DATA,1514000,-0.603382,-0.797452,736.7,7.148,3.006,7.683,70.2,1.788,93.2,68.3,1,0,1,0,0,0,0,0,0
DATA,1516000,-0.603498,-0.797364,735.8,7.143,3.006,7.684,70.2,1.788,93.2,68.3,1,0,1,0,0,0,0,0,0
DATA,1518000,-0.603614,-0.797277,735.8,7.141,3.006,7.684,70.2,1.788,93.2,68.3,1,0,1,0,0,0,0,0,0
DATA,1520000,-0.603730,-0.797189,735.8,7.137,3.006,7.683,70.2,1.788,93.2,68.3,1,0,1,0,0,0,0,0,0
DATA,1522000,-0.603846,-0.797101,735.8,7.134,3.006,7.683,70.2,1.788,93.2,68.3,1,0,1,0,0,0,0,0,0
DATA,1524000,-0.603962,-0.797013,735.0,7.133,3.006,7.683,70.2,1.788,93.2,68.3,1,0,1,0,0,0,0,0,0
DATA,1526000,-0.604078,-0.796925,735.0,7.127,3.006,7.683,70.2,1.788,93.2,68.2,1,0,1,0,0,0,0,0,0

DATA,1528000,-0.604194,-0.796838,735.0,7.125,3.006,7.684,70.2,1.788,93.2,68.2,1,0,1,0,0,0,0,0,0
DATA,1530000,-0.604310,-0.796750,734.2,7.122,3.006,7.683,70.2,1.788,93.2,68.2,1,0,1,0,0,0,0,0,0
DATA,1532000,-0.604425,-0.796662,735.0,7.119,3.006,7.683,70.2,1.788,93.2,68.2,1,0,1,0,0,0,0,0,0
DATA,1534000,-0.604541,-0.796574,734.2,7.120,3.006,7.684,70.2,1.788,93.2,68.2,1,0,1,0,0,0,0,0,0

DATA,1536000,-0.604657,-0.796486,734.2,7.120,3.006,7.684,70.3,1.788,93.2,68.2,1,0,1,0,0,0,0,0,0
DATA,1538000,-0.604773,-0.796398,734.2,7.117,3.006,7.684,70.3,1.788,93.2,68.2,1,0,1,0,0,0,0,0,0
PRED,1538000,4.960,1.974,69.3,69.3
DATA,1540000,-0.604889,-0.796310,735.0,7.115,3.006,7.683,70.2,1.788,93.2,68.2,1,0,1,0,0,0,0,0,0
DATA,1542000,-0.605005,-0.796222,733.3,7.115,3.006,7.683,70.2,1.788,93.2,68.2,1,0,1,0,0,0,0,0,0
DATA,1544000,-0.605120,-0.796134,733.3,7.115,3.006,7.682,70.1,1.788,93.2,68.2,1,0,1,0,0,0,0,0,0
DATA,1546000,-0.605236,-0.796046,733.3,7.119,3.006,7.684,70.2,1.788,93.2,68.2,1,0,1,0,0,0,0,0,0
DATA,1548000,-0.605352,-0.795958,734.2,7.117,3.006,7.684,70.2,1.788,93.2,68.2,1,0,1,0,0,0,0,0,0
DATA,1550000,-0.605468,-0.795870,734.2,7.115,3.006,7.682,70.1,1.788,93.2,68.2,1,0,1,0,0,0,0,0,0
DATA,1552000,-0.605583,-0.795782,734.2,7.116,3.006,7.680,70.0,1.788,93.2,68.2,1,0,1,0,0,0,0,0,0
DATA,1554000,-0.605699,-0.795694,733.3,7.117,3.006,7.681,70.1,1.788,93.2,68.2,1,0,1,0,0,0,0,0,0
DATA,1556000,-0.605815,-0.795606,733.3,7.118,3.006,7.679,70.0,1.788,93.2,68.2,1,0,1,0,0,0,0,0,0
DATA,1558000,-0.605931,-0.795517,733.3,7.119,3.006,7.683,70.2,1.788,93.2,68.2,1,0,1,0,0,0,0,0,0
DATA,1560000,-0.606046,-0.795429,734.2,7.117,3.006,7.683,70.2,1.788,93.2,68.2,1,0,1,0,0,0,0,0,0
DATA,1562000,-0.606162,-0.795341,733.3,7.115,3.006,7.681,70.0,1.788,93.2,68.2,1,0,1,0,0,0,0,0,0
DATA,1564000,-0.606278,-0.795253,732.5,7.115,3.006,7.681,70.1,1.788,93.2,68.2,1,0,1,0,0,0,0,0,0
DATA,1566000,-0.606393,-0.795165,732.5,7.111,3.006,7.683,70.2,1.788,93.2,68.2,1,0,1,0,0,0,0,0,0
DATA,1568000,-0.606509,-0.795077,732.5,7.108,3.006,7.682,70.1,1.788,93.2,68.2,1,0,1,0,0,0,0,0,0
DATA,1570000,-0.606625,-0.794988,732.5,7.104,3.006,7.680,70.0,1.788,93.2,68.2,1,0,1,0,0,0,0,0,0
DATA,1572000,-0.606740,-0.794900,733.3,7.104,3.006,7.682,70.1,1.788,93.2,68.2,1,0,1,0,0,0,0,0,0
DATA,1574000,-0.606856,-0.794812,732.5,7.105,3.006,7.677,69.8,1.788,93.2,68.2,1,0,1,0,0,0,0,0,0
DATA,1576000,-0.606971,-0.794724,732.5,7.108,3.006,7.681,70.0,1.788,93.2,68.2,1,0,1,0,0,0,0,0,0
DATA,1578000,-0.607087,-0.794635,732.5,7.108,3.006,7.681,70.0,1.788,93.2,68.2,1,0,1,0,0,0,0,0,0
DATA,1580000,-0.607203,-0.794547,733.3,7.104,3.006,7.680,70.0,1.788,93.2,68.2,1,0,1,0,0,0,0,0,0
DATA,1582000,-0.607318,-0.794459,732.5,7.106,3.006,7.675,69.7,1.787,93.2,68.2,1,0,1,0,0,0,0,0,0
DATA,1584000,-0.607434,-0.794370,732.5,7.106,3.006,7.683,70.2,1.787,93.2,68.2,1,0,1,0,0,0,0,0,0
DATA,1586000,-0.607549,-0.794282,733.3,7.105,3.006,7.681,70.1,1.787,93.2,68.2,1,0,1,0,0,0,0,0,0
DATA,1588000,-0.607665,-0.794194,733.3,7.110,3.006,7.681,70.1,1.787,93.2,68.2,1,0,1,0,0,0,0,0,0
DATA,1590000,-0.607780,-0.794105,732.5,7.108,3.006,7.682,70.1,1.788,93.2,68.2,1,0,1,0,0,0,0,0,0
DATA,1592000,-0.607896,-0.794017,732.5,7.107,3.006,7.675,69.7,1.788,93.2,68.2,1,0,1,0,0,0,0,0,0
DATA,1594000,-0.608011,-0.793929,732.5,7.107,3.006,7.680,70.0,1.788,93.2,68.2,1,0,1,0,0,0,0,0,0
DATA,1596000,-0.608127,-0.793840,732.5,7.104,3.006,7.682,70.1,1.788,93.2,68.2,1,0,1,0,0,0,0,0,0
DATA,1598000,-0.608242,-0.793751,733.3,7.101,3.006,7.683,70.2,1.788,93.2,68.0,1,0,1,0,0,0,0,0,0
DATA,1600000,-0.608357,-0.793663,733.3,7.102,3.006,7.681,70.1,1.788,93.2,68.0,1,0,1,0,0,0,0,0,0
DATA,1602000,-0.608473,-0.793575,733.3,7.104,3.006,7.678,69.9,1.788,93.2,68.0,1,0,1,0,0,0,0,0,0
DATA,1604000,-0.608588,-0.793486,733.3,7.106,3.006,7.683,70.2,1.788,93.2,68.0,1,0,1,0,0,0,0,0,0
DATA,1606000,-0.608704,-0.793397,733.3,7.108,3.006,7.683,70.2,1.788,93.2,68.0,1,0,1,0,0,0,0,0,0
DATA,1608000,-0.608819,-0.793309,725.0,7.097,3.006,7.683,70.2,1.788,93.2,68.0,1,0,1,0,0,0,0,0,0
DATA,1610000,-0.608935,-0.793220,868.3,7.069,3.004,7.682,70.1,1.788,93.2,68.0,1,0,1,0,0,0,0,0,0
DATA,1612000,-0.609050,-0.793132,852.5,7.399,3.002,7.676,69.8,1.787,93.2,68.0,1,0,1,0,0,0,0,0,0
DATA,1614000,-0.609165,-0.793043,871.7,7.702,2.998,7.680,70.0,1.787,93.2,68.0,1,0,1,0,0,0,0,0,0
DATA,1616000,-0.609280,-0.792955,880.0,8.065,2.994,7.681,70.0,1.787,93.2,68.0,1,0,1,0,0,0,0,0,0
DATA,1618000,-0.609396,-0.792866,884.2,8.420,3.634,7.756,74.7,1.786,93.5,68.0,1,0,1,0,0,0,1,0,0
DATA,1620000,-0.609511,-0.792777,885.0,8.379,4.916,7.813,78.3,1.784,93.5,68.0,1,0,1,0,0,0,1,0,0
DATA,1622000,-0.609627,-0.792689,882.5,8.367,6.205,7.812,78.3,1.781,93.5,68.0,1,0,1,0,0,0,1,0,0
DATA,1624000,-0.609742,-0.792600,885.8,8.306,7.495,7.820,78.7,1.777,93.5,68.0,1,0,1,0,0,0,1,0,0
DATA,1626000,-0.609857,-0.792511,885.8,8.268,8.145,7.821,78.8,1.776,93.5,68.0,1,0,1,0,0,0,1,0,0
DATA,1628000,-0.609973,-0.792423,886.7,8.272,8.151,7.821,78.8,1.776,93.5,68.0,1,0,1,0,0,0,1,0,0
DATA,1630000,-0.610088,-0.792334,887.5,8.273,8.153,7.821,78.8,1.776,93.5,68.0,1,0,1,0,0,0,1,0,0
DATA,1632000,-0.610203,-0.792245,887.5,8.273,8.158,7.823,78.9,1.776,93.5,68.0,1,0,1,0,0,0,1,0,0
DATA,1634000,-0.610318,-0.792156,886.7,8.275,8.162,7.827,79.2,1.776,93.4,68.0,1,0,1,0,0,0,1,0,0
DATA,1636000,-0.610433,-0.792068,887.5,8.277,8.168,7.829,79.3,1.776,93.4,68.0,1,0,1,0,0,0,1,0,0
DATA,1638000,-0.610548,-0.791979,887.5,8.279,8.172,7.830,79.4,1.776,93.4,68.0,1,0,1,0,0,0,1,0,0
DATA,1640000,-0.610664,-0.791890,887.5,8.283,8.178,7.831,79.4,1.776,93.4,68.0,1,0,1,0,0,0,1,0,0
DATA,1642000,-0.610779,-0.791801,887.5,8.282,8.176,7.827,79.2,1.776,93.5,68.0,1,0,1,0,0,0,1,0,0
DATA,1644000,-0.610894,-0.791712,887.5,8.281,8.172,7.831,79.4,1.776,93.5,68.0,1,0,1,0,0,0,1,0,0
DATA,1646000,-0.611009,-0.791623,887.5,8.281,8.172,7.834,79.6,1.776,93.5,68.0,1,0,1,0,0,0,1,0,0
DATA,1648000,-0.611124,-0.791535,889.2,8.282,8.174,7.836,79.7,1.776,93.5,68.0,1,0,1,0,0,0,1,0,0
DATA,1650000,-0.611239,-0.791446,887.5,8.284,8.180,7.836,79.8,1.776,93.5,68.0,1,0,1,0,0,0,1,0,0
DATA,1652000,-0.611355,-0.791357,888.3,8.286,8.188,7.835,79.7,1.776,93.5,68.0,1,0,1,0,0,0,1,0,0
DATA,1654000,-0.611470,-0.791268,888.3,8.287,8.186,7.838,79.9,1.776,93.5,68.0,1,0,1,0,0,0,1,0,0
DATA,1656000,-0.611585,-0.791179,888.3,8.288,8.184,7.838,79.9,1.776,93.5,68.0,1,0,1,0,0,0,1,0,0
DATA,1658000,-0.611700,-0.791090,887.5,8.288,8.180,7.839,79.9,1.776,93.5,68.0,1,0,1,0,0,0,1,0,0
DATA,1660000,-0.611815,-0.791001,888.3,8.289,8.178,7.840,80.0,1.776,93.5,68.0,1,0,1,0,0,0,1,0,0

DATA,1662000,-0.611930,-0.790912,888.3,8.289,8.182,7.836,79.7,1.776,93.5,68.0,1,0,1,0,0,0,1,0,0
DATA,1664000,-0.612045,-0.790823,888.3,8.291,8.188,7.841,80.1,1.776,93.5,68.0,1,0,1,0,0,0,1,0,0
DATA,1666000,-0.612160,-0.790734,888.3,8.292,8.196,7.842,80.1,1.776,93.5,68.0,1,0,1,0,0,0,1,0,0
DATA,1668000,-0.612275,-0.790645,888.3,8.293,8.200,7.842,80.1,1.776,93.5,68.0,1,0,1,0,0,0,1,0,0
DATA,1670000,-0.612390,-0.790556,888.3,8.295,8.204,7.842,80.2,1.776,93.5,67.9,1,0,1,0,0,0,1,0,0
DATA,1672000,-0.612505,-0.790467,890.0,8.294,8.202,7.838,79.9,1.776,93.5,67.9,1,0,1,0,0,0,1,0,0
DATA,1674000,-0.612620,-0.790378,890.0,8.294,8.200,7.843,80.2,1.776,93.5,67.9,1,0,1,0,0,0,1,0,0
DATA,1676000,-0.612735,-0.790289,890.0,8.294,8.198,7.843,80.2,1.776,93.5,67.9,1,0,1,0,0,0,1,0,0
DATA,1678000,-0.612850,-0.790200,889.2,8.294,8.196,7.844,80.3,1.776,93.5,67.9,1,0,1,0,0,0,1,0,0
DATA,1680000,-0.612965,-0.790110,889.2,8.296,8.198,7.845,80.3,1.776,93.5,67.9,1,0,1,0,0,0,1,0,0
DATA,1682000,-0.613079,-0.790021,890.0,8.296,8.198,7.841,80.1,1.776,93.5,67.9,1,0,1,0,0,0,1,0,0
DATA,1684000,-0.613194,-0.789932,890.0,8.296,8.198,7.845,80.3,1.776,93.5,67.9,1,0,1,0,0,0,1,0,0
DATA,1686000,-0.613309,-0.789843,889.2,8.295,8.198,7.844,80.3,1.776,93.5,67.9,1,0,1,0,0,0,1,0,0
DATA,1688000,-0.613424,-0.789754,890.0,8.293,8.196,7.842,80.1,1.776,93.5,67.9,1,0,1,0,0,0,1,0,0
DATA,1690000,-0.613539,-0.789664,889.2,8.292,8.194,7.843,80.2,1.776,93.5,67.9,1,0,1,0,0,0,1,0,0
DATA,1692000,-0.613654,-0.789575,890.0,8.293,8.196,7.842,80.1,1.776,93.4,67.9,1,0,1,0,0,0,1,0,0
DATA,1694000,-0.613769,-0.789486,890.0,8.294,8.198,7.846,80.4,1.776,93.5,67.9,1,0,1,0,0,0,1,0,0
DATA,1696000,-0.613883,-0.789397,889.2,8.295,8.198,7.845,80.3,1.776,93.5,67.9,1,0,1,0,0,0,1,0,0
DATA,1698000,-0.613998,-0.789307,890.0,8.296,8.200,7.846,80.4,1.776,93.5,67.9,1,0,1,0,0,0,1,0,0
DATA,1700000,-0.614113,-0.789218,889.2,8.297,8.204,7.846,80.4,1.776,93.5,67.9,1,0,1,0,0,0,1,0,0
DATA,1702000,-0.614228,-0.789129,890.0,8.294,8.198,7.841,80.1,1.776,93.5,67.9,1,0,1,0,0,0,1,0,0
DATA,1704000,-0.614343,-0.789039,889.2,8.293,8.198,7.844,80.3,1.776,93.5,67.9,1,0,1,0,0,0,1,0,0
DATA,1706000,-0.614457,-0.788950,889.2,8.293,8.198,7.847,80.4,1.776,93.4,67.9,1,0,1,0,0,0,1,0,0
DATA,1708000,-0.614572,-0.788861,889.2,8.294,8.198,7.845,80.3,1.776,93.5,67.9,1,0,1,0,0,0,1,0,0
DATA,1710000,-0.614687,-0.788771,889.2,8.297,8.202,7.848,80.5,1.776,93.5,67.9,1,0,1,0,0,0,1,0,0
DATA,1712000,-0.614802,-0.788682,889.2,8.297,8.198,7.846,80.4,1.776,93.5,67.9,1,0,1,0,0,0,1,0,0
DATA,1714000,-0.614916,-0.788592,889.2,8.297,8.194,7.846,80.4,1.776,93.5,67.9,1,0,1,0,0,0,1,0,0
DATA,1716000,-0.615031,-0.788503,890.0,8.297,8.190,7.849,80.5,1.776,93.5,67.9,1,0,1,0,0,0,1,0,0
DATA,1718000,-0.615146,-0.788414,890.0,8.298,8.190,7.850,80.6,1.776,93.5,67.9,1,0,1,0,0,0,1,0,0
DATA,1720000,-0.615260,-0.788324,890.0,8.302,8.198,7.850,80.7,1.776,93.5,67.9,1,0,1,0,0,0,1,0,0
DATA,1722000,-0.615375,-0.788235,889.2,8.302,8.202,7.843,80.2,1.776,93.5,67.9,1,0,1,0,0,0,1,0,0
DATA,1724000,-0.615490,-0.788145,889.2,8.302,8.204,7.850,80.6,1.776,93.5,67.9,1,0,1,0,0,0,1,0,0
DATA,1726000,-0.615604,-0.788056,889.2,8.302,8.206,7.851,80.7,1.776,93.5,67.9,1,0,1,0,0,0,1,0,0
DATA,1728000,-0.615719,-0.787966,890.0,8.302,8.204,7.850,80.6,1.776,93.5,67.9,1,0,1,0,0,0,1,0,0

DATA,1730000,-0.615833,-0.787876,890.0,8.304,8.206,7.852,80.7,1.776,93.4,67.9,1,0,1,0,0,0,1,0,0
DATA,1732000,-0.615948,-0.787787,889.2,8.303,8.210,7.849,80.6,1.776,93.4,67.9,1,0,1,0,0,0,1,0,0
DATA,1734000,-0.616062,-0.787697,890.8,8.302,8.210,7.851,80.7,1.776,93.4,67.9,1,0,1,0,0,0,1,0,0
DATA,1736000,-0.616177,-0.787608,890.0,8.302,8.212,7.853,80.8,1.776,93.5,67.9,1,0,1,0,0,0,1,0,0
DATA,1738000,-0.616292,-0.787518,890.8,8.302,8.210,7.853,80.8,1.776,93.5,67.9,1,0,1,0,0,0,1,0,0
DATA,1740000,-0.616406,-0.787428,890.0,8.303,8.212,7.852,80.8,1.776,93.5,67.7,1,0,1,0,0,0,1,0,0
DATA,1742000,-0.616521,-0.787338,889.2,8.304,8.216,7.850,80.6,1.776,93.5,67.7,1,0,1,0,0,0,1,0,0
DATA,1744000,-0.616635,-0.787249,890.0,8.303,8.214,7.850,80.6,1.776,93.5,67.7,1,0,1,0,0,0,1,0,0
DATA,1746000,-0.616750,-0.787159,889.2,8.302,8.216,7.851,80.7,1.776,93.5,67.7,1,0,1,0,0,0,1,0,0
DATA,1748000,-0.616864,-0.787070,889.2,8.300,8.210,7.842,80.2,1.776,93.5,67.7,1,0,1,0,0,0,1,0,0
DATA,1750000,-0.616979,-0.786980,890.0,8.299,8.206,7.849,80.6,1.776,93.4,67.7,1,0,1,0,0,0,1,0,0
DATA,1752000,-0.617093,-0.786890,890.0,8.299,8.206,7.849,80.6,1.776,93.4,67.7,1,0,1,0,0,0,1,0,0
DATA,1754000,-0.617208,-0.786800,890.0,8.300,8.206,7.853,80.8,1.776,93.5,67.7,1,0,1,0,0,0,1,0,0
DATA,1756000,-0.617322,-0.786711,889.2,8.302,8.208,7.853,80.8,1.776,93.4,67.7,1,0,1,0,0,0,1,0,0
DATA,1758000,-0.617437,-0.786621,890.0,8.304,8.210,7.853,80.8,1.776,93.5,67.7,1,0,1,0,0,0,1,0,0
DATA,1760000,-0.617551,-0.786531,889.2,8.304,8.210,7.852,80.7,1.776,93.5,67.7,1,0,1,0,0,0,1,0,0
DATA,1762000,-0.617665,-0.786441,890.0,8.303,8.208,7.850,80.6,1.776,93.5,67.7,1,0,1,0,0,0,1,0,0
DATA,1764000,-0.617780,-0.786351,889.2,8.302,8.210,7.849,80.6,1.776,93.5,67.7,1,0,1,0,0,0,1,0,0
DATA,1766000,-0.617894,-0.786261,889.2,8.302,8.210,7.852,80.8,1.776,93.5,67.7,1,0,1,0,0,0,1,0,0
DATA,1768000,-0.618008,-0.786171,888.3,8.301,8.208,7.851,80.7,1.776,93.5,67.7,1,0,1,0,0,0,1,0,0

DATA,1770000,-0.618123,-0.786082,889.2,8.301,8.208,7.852,80.8,1.776,93.5,67.7,1,0,1,0,0,0,1,0,0
DATA,1772000,-0.618237,-0.785992,890.8,8.302,8.208,7.847,80.4,1.776,93.5,67.7,1,0,1,0,0,0,1,0,0
DATA,1774000,-0.618351,-0.785902,889.2,8.303,8.210,7.856,81.0,1.776,93.5,67.7,1,0,1,0,0,0,1,0,0
DATA,1776000,-0.618466,-0.785812,889.2,8.306,8.218,7.855,81.0,1.776,93.5,67.7,1,0,1,0,0,0,1,0,0
DATA,1778000,-0.618580,-0.785722,890.0,8.306,8.225,7.851,80.7,1.776,93.5,67.7,1,0,1,0,0,0,1,0,0
DATA,1780000,-0.618694,-0.785632,889.2,8.305,8.225,7.855,81.0,1.776,93.4,67.7,1,0,1,0,0,0,1,0,0
PRED,1780000,8.174,2.113,81.0,81.0
DATA,1782000,-0.618808,-0.785542,888.3,8.305,8.220,7.855,81.0,1.776,93.5,67.7,1,0,1,0,0,0,1,0,0

DATA,1784000,-0.618923,-0.785452,889.2,8.304,8.212,7.855,81.0,1.776,93.4,67.7,1,0,1,0,0,0,1,0,0
DATA,1786000,-0.619037,-0.785362,889.2,8.305,8.206,7.856,81.0,1.776,93.5,67.7,1,0,1,0,0,0,1,0,0
DATA,1788000,-0.619151,-0.785272,888.3,8.305,8.204,7.851,80.7,1.776,93.5,67.7,1,0,1,0,0,0,1,0,0
DATA,1790000,-0.619266,-0.785182,889.2,8.305,8.200,7.857,81.0,1.776,93.5,67.7,1,0,1,0,0,0,1,0,0
DATA,1792000,-0.619380,-0.785092,889.2,8.303,8.198,7.854,80.8,1.776,93.5,67.7,1,0,1,0,0,0,1,0,0
DATA,1794000,-0.619494,-0.785002,889.2,8.302,8.196,7.856,81.0,1.776,93.5,67.7,1,0,1,0,0,0,1,0,0
DATA,1796000,-0.619608,-0.784912,889.2,8.302,8.198,7.857,81.1,1.776,93.5,67.7,1,0,1,0,0,0,1,0,0
DATA,1798000,-0.619722,-0.784821,889.2,8.301,8.204,7.858,81.1,1.776,93.4,67.7,1,0,1,0,0,0,1,0,0
DATA,1800000,-0.619836,-0.784731,888.3,8.302,8.208,7.856,81.0,1.776,93.5,67.7,1,0,1,0,0,0,1,0,0
DATA,1802000,-0.619950,-0.784641,889.2,8.301,8.210,7.855,81.0,1.776,93.5,67.7,1,0,1,0,0,0,1,0,0
DATA,1804000,-0.620064,-0.784551,888.3,8.301,8.210,7.858,81.1,1.776,93.4,67.7,1,0,1,0,0,0,1,0,0
DATA,1806000,-0.620179,-0.784461,887.5,8.302,8.208,7.857,81.1,1.776,93.5,67.7,1,0,1,0,0,0,1,0,0
DATA,1808000,-0.620293,-0.784371,887.5,8.303,8.206,7.853,80.8,1.776,93.5,67.7,1,0,1,0,0,0,1,0,0
DATA,1810000,-0.620407,-0.784280,887.5,8.304,8.206,7.855,81.0,1.776,93.4,67.6,1,0,1,0,0,0,1,0,0
DATA,1812000,-0.620521,-0.784190,888.3,8.305,8.206,7.853,80.8,1.776,93.5,67.6,1,0,1,0,0,0,1,0,0

DATA,1814000,-0.620635,-0.784100,887.5,8.304,8.206,7.856,81.0,1.776,93.5,67.6,1,0,1,0,0,0,1,0,0
DATA,1816000,-0.620749,-0.784010,887.5,8.303,8.208,7.857,81.0,1.776,93.5,67.6,1,0,1,0,0,0,1,0,0
DATA,1818000,-0.620863,-0.783919,886.7,8.304,8.208,7.857,81.1,1.776,93.4,67.6,1,0,1,0,0,0,1,0,0
DATA,1820000,-0.620977,-0.783829,886.7,8.304,8.210,7.858,81.1,1.776,93.5,67.6,1,0,1,0,0,0,1,0,0
DATA,1822000,-0.621091,-0.783739,887.5,8.303,8.208,7.854,80.9,1.776,93.5,67.6,1,0,1,0,0,0,1,0,0
DATA,1824000,-0.621205,-0.783648,887.5,8.303,8.204,7.855,80.9,1.776,93.4,67.6,1,0,1,0,0,0,1,0,0
DATA,1826000,-0.621319,-0.783558,888.3,8.303,8.204,7.859,81.2,1.776,93.4,67.6,1,0,1,0,0,0,1,0,0
DATA,1828000,-0.621433,-0.783468,886.7,8.303,8.202,7.857,81.1,1.776,93.4,67.6,1,0,1,0,0,0,1,0,0
DATA,1830000,-0.621547,-0.783377,887.5,8.303,8.204,7.859,81.2,1.776,93.5,67.6,1,0,1,0,0,0,1,0,0
DATA,1832000,-0.621661,-0.783287,887.5,8.302,8.204,7.857,81.1,1.776,93.4,67.6,1,0,1,0,0,0,1,0,0
DATA,1834000,-0.621775,-0.783196,886.7,8.303,8.206,7.860,81.2,1.776,93.4,67.6,1,0,1,0,0,0,1,0,0
DATA,1836000,-0.621888,-0.783106,888.3,8.304,8.210,7.861,81.3,1.776,93.5,67.6,1,0,1,0,0,0,1,0,0
DATA,1838000,-0.622002,-0.783015,887.5,8.303,8.214,7.858,81.1,1.776,93.5,67.6,1,0,1,0,0,0,1,0,0
DATA,1840000,-0.622116,-0.782925,887.5,8.302,8.214,7.853,80.8,1.776,93.4,67.6,1,0,1,0,0,0,1,0,0
DATA,1842000,-0.622230,-0.782834,888.3,8.301,8.212,7.859,81.2,1.776,93.4,67.6,1,0,1,0,0,0,1,0,0
PRED,1842000,8.207,2.113,82.4,82.4
DATA,1844000,-0.622344,-0.782744,888.3,8.301,8.208,7.859,81.2,1.776,93.5,67.6,1,0,1,0,0,0,1,0,0
DATA,1846000,-0.622458,-0.782653,890.0,8.302,8.206,7.860,81.3,1.776,93.4,67.6,1,0,1,0,0,0,1,0,0
DATA,1848000,-0.622571,-0.782563,890.0,8.304,8.206,7.859,81.2,1.776,93.5,67.6,1,0,1,0,0,0,1,0,0
DATA,1850000,-0.622685,-0.782472,890.0,8.307,8.208,7.857,81.1,1.776,93.5,67.6,1,0,1,0,0,0,1,0,0
DATA,1852000,-0.622799,-0.782382,890.0,8.307,8.208,7.857,81.0,1.776,93.5,67.6,1,0,1,0,0,0,1,0,0
DATA,1854000,-0.622913,-0.782291,890.0,8.307,8.208,7.859,81.2,1.776,93.4,67.6,1,0,1,0,0,0,1,0,0
DATA,1856000,-0.623027,-0.782200,891.7,8.307,8.212,7.859,81.2,1.776,93.4,67.6,1,0,1,0,0,0,1,0,0
DATA,1858000,-0.623141,-0.782110,892.5,8.307,8.216,7.858,81.2,1.776,93.4,67.6,1,0,1,0,0,0,1,0,0
DATA,1860000,-0.623254,-0.782019,892.5,8.308,8.220,7.860,81.2,1.776,93.5,67.6,1,0,1,0,0,0,1,0,0
DATA,1862000,-0.623368,-0.781929,891.7,8.308,8.220,7.858,81.2,1.776,93.5,67.6,1,0,1,0,0,0,1,0,0
DATA,1864000,-0.623482,-0.781838,891.7,8.309,8.220,7.859,81.2,1.776,93.5,67.6,1,0,1,0,0,0,1,0,0
DATA,1866000,-0.623595,-0.781747,892.5,8.308,8.212,7.858,81.1,1.776,93.5,67.6,1,0,1,0,0,0,1,0,0
DATA,1868000,-0.623709,-0.781656,892.5,8.307,8.206,7.859,81.2,1.776,93.5,67.6,1,0,1,0,0,0,1,0,0
DATA,1870000,-0.623823,-0.781566,892.5,8.307,8.204,7.860,81.2,1.776,93.4,67.6,1,0,1,0,0,0,1,0,0
DATA,1872000,-0.623937,-0.781475,891.7,8.308,8.204,7.861,81.3,1.776,93.4,67.6,1,0,1,0,0,0,1,0,0
DATA,1874000,-0.624050,-0.781384,894.2,8.308,8.210,7.863,81.4,1.776,93.4,67.6,1,0,1,0,0,0,1,0,0
DATA,1876000,-0.624164,-0.781293,892.5,8.310,8.214,7.862,81.4,1.776,93.4,67.6,1,0,1,0,0,0,1,0,0
DATA,1878000,-0.624277,-0.781203,892.5,8.310,8.216,7.859,81.2,1.776,93.4,67.4,1,0,1,0,0,0,1,0,0
DATA,1880000,-0.624391,-0.781112,893.3,8.309,8.212,7.860,81.3,1.776,93.4,67.4,1,0,1,0,0,0,1,0,0
DATA,1882000,-0.624505,-0.781021,893.3,8.309,8.214,7.861,81.3,1.776,93.5,67.4,1,0,1,0,0,0,1,0,0
DATA,1884000,-0.624618,-0.780930,893.3,8.309,8.216,7.863,81.4,1.776,93.5,67.4,1,0,1,0,0,0,1,0,0
DATA,1886000,-0.624732,-0.780839,893.3,8.310,8.218,7.860,81.3,1.776,93.5,67.4,1,0,1,0,0,0,1,0,0
DATA,1888000,-0.624845,-0.780748,894.2,8.310,8.220,7.860,81.3,1.776,93.5,67.4,1,0,1,0,0,0,1,0,0
DATA,1890000,-0.624959,-0.780658,890.0,8.310,8.218,7.860,81.3,1.776,93.5,67.4,1,0,1,0,0,0,1,0,0
DATA,1892000,-0.625072,-0.780567,890.8,8.309,8.212,7.859,81.2,1.776,93.5,67.4,1,0,1,0,0,0,1,0,0
DATA,1894000,-0.625186,-0.780476,860.0,8.308,8.212,7.861,81.3,1.776,93.5,67.4,1,0,1,0,0,0,1,0,0
DATA,1896000,-0.625300,-0.780385,1013.3,8.307,8.210,7.860,81.3,1.776,93.5,67.4,1,0,1,0,0,0,1,0,0
DATA,1898000,-0.625413,-0.780294,1049.2,8.307,8.212,7.862,81.3,1.776,93.5,67.4,1,0,1,0,0,0,1,0,0
DATA,1900000,-0.625526,-0.780203,1053.3,8.306,8.216,7.856,81.0,1.776,93.5,67.4,1,0,1,0,0,0,1,0,0
DATA,1902000,-0.625640,-0.780112,1053.3,8.306,8.216,7.863,81.4,1.776,93.5,67.4,1,0,1,0,0,0,1,0,0
PRED,1902000,8.239,2.067,83.4,83.4
DATA,1904000,-0.625754,-0.780021,1054.2,8.307,8.214,7.863,81.4,1.776,93.4,67.4,1,0,1,0,0,0,1,0,0
DATA,1906000,-0.625867,-0.779930,1053.3,8.307,8.210,7.863,81.5,1.776,93.4,67.4,1,0,1,0,0,0,1,0,0
DATA,1908000,-0.625980,-0.779839,1054.2,8.308,8.206,7.860,81.2,1.776,93.4,67.4,1,0,1,0,0,0,1,0,0
DATA,1910000,-0.626094,-0.779748,1053.3,8.307,8.200,7.864,81.5,1.776,93.4,67.4,1,0,1,0,0,0,1,0,0
DATA,1912000,-0.626207,-0.779657,1053.3,8.308,8.204,7.860,81.3,1.776,93.5,67.4,1,0,1,0,0,0,1,0,0
DATA,1914000,-0.626320,-0.779566,1055.8,8.309,8.210,7.861,81.3,1.776,93.5,67.4,1,0,1,0,0,0,1,0,0
DATA,1916000,-0.626434,-0.779474,1055.0,8.312,8.222,7.863,81.5,1.776,93.4,67.4,1,0,1,0,0,0,1,0,0
DATA,1918000,-0.626547,-0.779384,1054.2,8.313,8.231,7.859,81.2,1.776,93.4,67.4,1,0,1,0,0,0,1,0,0
DATA,1920000,-0.626661,-0.779292,1055.0,8.313,8.233,7.862,81.3,1.776,93.4,67.4,1,0,1,0,0,0,1,0,0
DATA,1922000,-0.626774,-0.779201,1055.0,8.314,8.233,7.862,81.4,1.776,93.4,67.4,1,0,1,0,0,0,1,0,0
DATA,1924000,-0.626887,-0.779110,1055.0,8.311,8.222,7.855,80.9,1.776,93.4,67.4,1,0,1,0,0,0,1,0,0
DATA,1926000,-0.627000,-0.779019,1055.0,8.310,8.216,7.860,81.2,1.776,93.4,67.4,1,0,1,0,0,0,1,0,0
DATA,1928000,-0.627114,-0.778928,1055.0,8.309,8.212,7.863,81.5,1.776,93.4,67.4,1,0,1,0,0,0,1,0,0
DATA,1930000,-0.627227,-0.778836,1055.0,8.309,8.210,7.865,81.5,1.776,93.4,67.4,1,0,1,0,0,0,1,0,0
DATA,1932000,-0.627340,-0.778745,1055.0,8.311,8.214,7.864,81.5,1.776,93.4,67.4,1,0,1,0,0,0,1,0,0
DATA,1934000,-0.627454,-0.778654,1055.8,8.312,8.218,7.864,81.5,1.776,93.5,67.4,1,0,1,0,0,0,1,0,0
DATA,1936000,-0.627567,-0.778563,1055.8,8.313,8.218,7.865,81.6,1.776,93.5,67.4,1,0,1,0,0,0,1,0,0
DATA,1938000,-0.627680,-0.778471,1056.7,8.313,8.220,7.866,81.6,1.776,93.5,67.4,1,0,1,0,0,0,1,0,0
DATA,1940000,-0.627793,-0.778380,1056.7,8.312,8.214,7.865,81.6,1.776,93.5,67.4,1,0,1,0,0,0,1,0,0
DATA,1942000,-0.627906,-0.778289,1056.7,8.307,8.204,7.859,81.2,1.776,93.5,67.4,1,0,1,0,0,0,1,0,0
DATA,1944000,-0.628020,-0.778197,1059.2,8.307,8.200,7.864,81.5,1.776,93.5,67.4,1,0,1,0,0,0,1,0,0
DATA,1946000,-0.628133,-0.778106,1055.8,8.306,8.198,7.866,81.6,1.776,93.5,67.4,1,0,1,0,0,0,1,0,0
DATA,1948000,-0.628246,-0.778015,1056.7,8.307,8.202,7.865,81.6,1.776,93.5,67.3,1,0,1,0,0,0,1,0,0
DATA,1950000,-0.628359,-0.777923,1064.2,8.311,8.210,7.867,81.7,1.776,93.5,67.3,1,0,1,0,0,0,1,0,0
DATA,1952000,-0.628472,-0.777832,1055.8,8.312,8.214,7.868,81.8,1.776,93.4,67.3,1,0,1,0,0,0,1,0,0
DATA,1954000,-0.628585,-0.777741,1055.8,8.312,8.216,7.868,81.7,1.776,93.5,67.3,1,0,1,0,0,0,1,0,0
DATA,1956000,-0.628699,-0.777649,1059.2,8.312,8.214,7.868,81.7,1.776,93.4,67.3,1,0,1,0,0,0,1,0,0
DATA,1958000,-0.628811,-0.777558,1058.3,8.312,8.214,7.866,81.6,1.776,93.5,67.3,1,0,1,0,0,0,1,0,0
DATA,1960000,-0.628925,-0.777466,1057.5,8.311,8.214,7.867,81.7,1.776,93.5,67.3,1,0,1,0,0,0,1,0,0
DATA,1962000,-0.629038,-0.777375,1057.5,8.311,8.210,7.866,81.7,1.776,93.5,67.3,1,0,1,0,0,0,1,0,0
DATA,1964000,-0.629151,-0.777283,1056.7,8.311,8.210,7.868,81.8,1.776,93.5,67.3,1,0,1,0,0,0,1,0,0
DATA,1966000,-0.629264,-0.777192,1056.7,8.311,8.208,7.868,81.7,1.776,93.5,67.3,1,0,1,0,0,0,1,0,0
DATA,1968000,-0.629377,-0.777100,1057.5,8.312,8.208,7.862,81.4,1.776,93.5,67.3,1,0,1,0,0,0,1,0,0
DATA,1970000,-0.629490,-0.777009,1057.5,8.311,8.208,7.863,81.4,1.776,93.5,67.3,1,0,1,0,0,0,1,0,0
DATA,1972000,-0.629603,-0.776917,1057.5,8.311,8.210,7.856,81.0,1.776,93.5,67.3,1,0,1,0,0,0,1,0,0
DATA,1974000,-0.629716,-0.776826,1058.3,8.309,8.208,7.860,81.2,1.776,93.5,67.3,1,0,1,0,0,0,1,0,0
DATA,1976000,-0.629829,-0.776734,1057.5,8.307,8.206,7.866,81.6,1.776,93.5,67.3,1,0,1,0,0,0,1,0,0
DATA,1978000,-0.629942,-0.776642,1057.5,8.307,8.206,7.864,81.5,1.776,93.4,67.3,1,0,1,0,0,0,1,0,0
DATA,1980000,-0.630055,-0.776551,1058.3,8.308,8.206,7.869,81.8,1.776,93.4,67.3,1,0,1,0,0,0,1,0,0
DATA,1982000,-0.630168,-0.776459,1059.2,8.310,8.208,7.868,81.7,1.776,93.4,67.3,1,0,1,0,0,0,1,0,0
DATA,1984000,-0.630281,-0.776367,1058.3,8.311,8.212,7.866,81.7,1.776,93.4,67.3,1,0,1,0,0,0,1,0,0
DATA,1986000,-0.630394,-0.776276,1058.3,8.311,8.212,7.864,81.5,1.776,93.4,67.3,1,0,1,0,0,0,1,0,0
DATA,1988000,-0.630506,-0.776184,1059.2,8.311,8.210,7.869,81.8,1.776,93.5,67.3,1,0,1,0,0,0,1,0,0
DATA,1990000,-0.630620,-0.776092,1058.3,8.312,8.214,7.869,81.8,1.776,93.5,67.3,1,0,1,0,0,0,1,0,0
DATA,1992000,-0.630732,-0.776001,1058.3,8.311,8.214,7.862,81.4,1.776,93.5,67.3,1,0,1,0,0,0,1,0,0
DATA,1994000,-0.630845,-0.775909,1059.2,8.312,8.214,7.868,81.7,1.776,93.5,67.3,1,0,1,0,0,0,1,0,0
DATA,1996000,-0.630958,-0.775817,1058.3,8.310,8.218,7.869,81.8,1.776,93.4,67.3,1,0,1,0,0,0,1,0,0
DATA,1998000,-0.631071,-0.775725,1060.0,8.311,8.220,7.870,81.9,1.776,93.5,67.3,1,0,1,0,0,0,1,0,0
DATA,2000000,-0.631184,-0.775633,1060.0,8.311,8.222,7.870,81.9,1.776,93.5,67.3,1,0,1,0,0,0,1,0,0
DATA,2002000,-0.631297,-0.775542,1059.2,8.310,8.225,7.866,81.6,1.776,93.5,67.3,1,0,1,0,0,0,1,0,0
DATA,2004000,-0.631409,-0.775450,1058.3,8.311,8.225,7.871,81.9,1.776,93.5,67.3,1,0,1,0,0,0,1,0,0
DATA,2006000,-0.631522,-0.775358,1059.2,8.312,8.222,7.869,81.8,1.776,93.5,67.3,1,0,1,0,0,0,1,0,0
DATA,2008000,-0.631635,-0.775266,1059.2,8.311,8.220,7.869,81.8,1.776,93.5,67.3,1,0,1,0,0,0,1,0,0
DATA,2010000,-0.631748,-0.775174,1059.2,8.313,8.222,7.869,81.8,1.776,93.5,67.3,1,0,1,0,0,0,1,0,0
DATA,2012000,-0.631860,-0.775082,1060.0,8.313,8.220,7.870,81.9,1.776,93.5,67.3,1,0,1,0,0,0,1,0,0
DATA,2014000,-0.631973,-0.774990,1060.8,8.312,8.218,7.870,81.9,1.776,93.5,67.3,1,0,1,0,0,0,1,0,0
DATA,2016000,-0.632086,-0.774898,1060.0,8.314,8.216,7.872,82.0,1.776,93.4,67.2,1,0,1,0,0,0,1,0,0
DATA,2018000,-0.632198,-0.774807,1059.2,8.314,8.212,7.870,81.9,1.776,93.4,67.2,1,0,1,0,0,0,1,0,0
DATA,2020000,-0.632311,-0.774715,1060.0,8.313,8.210,7.870,81.9,1.776,93.4,67.2,1,0,1,0,0,0,1,0,0
DATA,2022000,-0.632424,-0.774622,1060.0,8.314,8.206,7.870,81.9,1.776,93.4,67.2,1,0,1,0,0,0,1,0,0
DATA,2024000,-0.632536,-0.774531,1059.2,8.314,8.204,7.870,81.9,1.776,93.5,67.2,1,0,1,0,0,0,1,0,0
DATA,2026000,-0.632649,-0.774439,1060.0,8.314,8.204,7.871,81.9,1.776,93.5,67.2,1,0,1,0,0,0,1,0,0
DATA,2028000,-0.632762,-0.774347,1059.2,8.314,8.204,7.870,81.9,1.776,93.4,67.2,1,0,1,0,0,0,1,0,0
DATA,2030000,-0.632874,-0.774254,1060.0,8.315,8.212,7.872,82.0,1.776,93.5,67.2,1,0,1,0,0,0,1,0,0
DATA,2032000,-0.632987,-0.774163,1058.3,8.317,8.220,7.873,82.0,1.776,93.5,67.2,1,0,1,0,0,0,1,0,0
DATA,2034000,-0.633100,-0.774070,1059.2,8.318,8.225,7.870,81.9,1.776,93.4,67.2,1,0,1,0,0,0,1,0,0
DATA,2036000,-0.633212,-0.773978,1060.8,8.319,8.227,7.872,82.0,1.776,93.5,67.2,1,0,1,0,0,0,1,0,0
DATA,2038000,-0.633325,-0.773886,1060.0,8.320,8.229,7.870,81.9,1.776,93.5,67.2,1,0,1,0,0,0,1,0,0
DATA,2040000,-0.633437,-0.773794,1060.8,8.319,8.225,7.871,81.9,1.776,93.5,67.2,1,0,1,0,0,0,1,0,0
DATA,2042000,-0.633550,-0.773702,1060.8,8.318,8.220,7.872,82.0,1.776,93.4,67.2,1,0,1,0,0,0,1,0,0
DATA,2044000,-0.633662,-0.773610,1060.8,8.318,8.220,7.872,82.0,1.776,93.4,67.2,1,0,1,0,0,0,1,0,0
DATA,2046000,-0.633775,-0.773518,1060.8,8.317,8.218,7.872,82.0,1.776,93.5,67.2,1,0,1,0,0,0,1,0,0
DATA,2048000,-0.633888,-0.773425,1061.7,8.316,8.218,7.872,82.0,1.776,93.5,67.2,1,0,1,0,0,0,1,0,0
DATA,2050000,-0.634000,-0.773333,1060.8,8.314,8.216,7.863,81.4,1.776,93.4,67.2,1,0,1,0,0,0,1,0,0
DATA,2052000,-0.634112,-0.773241,1060.8,8.314,8.214,7.869,81.8,1.776,93.4,67.2,1,0,1,0,0,0,1,0,0
DATA,2054000,-0.634225,-0.773149,1060.8,8.314,8.210,7.871,82.0,1.776,93.4,67.2,1,0,1,0,0,0,1,0,0
DATA,2056000,-0.634337,-0.773056,1061.7,8.314,8.210,7.872,82.0,1.776,93.4,67.2,1,0,1,0,0,0,1,0,0
DATA,2058000,-0.634450,-0.772964,1060.8,8.316,8.210,7.873,82.1,1.776,93.4,67.2,1,0,1,0,0,0,1,0,0
DATA,2060000,-0.634562,-0.772872,1060.8,8.316,8.208,7.873,82.1,1.776,93.5,67.2,1,0,1,0,0,0,1,0,0
DATA,2062000,-0.634674,-0.772780,1060.8,8.315,8.208,7.871,82.0,1.776,93.4,67.2,1,0,1,0,0,0,1,0,0
DATA,2064000,-0.634787,-0.772687,1061.7,8.315,8.206,7.873,82.0,1.776,93.4,67.2,1,0,1,0,0,0,1,0,0
DATA,2066000,-0.634899,-0.772595,1061.7,8.316,8.206,7.873,82.1,1.776,93.5,67.2,1,0,1,0,0,0,1,0,0
DATA,2068000,-0.635012,-0.772503,1061.7,8.317,8.210,7.873,82.1,1.776,93.4,67.2,1,0,1,0,0,0,1,0,0
DATA,2070000,-0.635124,-0.772410,1060.8,8.318,8.214,7.874,82.1,1.776,93.4,67.2,1,0,1,0,0,0,1,0,0
DATA,2072000,-0.635236,-0.772318,1061.7,8.319,8.218,7.873,82.0,1.776,93.4,67.2,1,0,1,0,0,0,1,0,0
DATA,2074000,-0.635348,-0.772226,1061.7,8.320,8.222,7.874,82.1,1.776,93.5,67.2,1,0,1,0,0,0,1,0,0
DATA,2076000,-0.635461,-0.772133,1060.8,8.320,8.222,7.874,82.1,1.776,93.4,67.2,1,0,1,0,0,0,1,0,0
DATA,2078000,-0.635573,-0.772041,1062.5,8.319,8.222,7.874,82.1,1.776,93.4,67.2,1,0,1,0,0,0,1,0,0
DATA,2080000,-0.635686,-0.771948,1061.7,8.319,8.220,7.874,82.1,1.776,93.5,67.0,1,0,1,0,0,0,1,0,0
DATA,2082000,-0.635798,-0.771856,1061.7,8.319,8.220,7.874,82.1,1.776,93.4,67.0,1,0,1,0,0,0,1,0,0
DATA,2084000,-0.635910,-0.771763,1062.5,8.319,8.220,7.876,82.2,1.776,93.4,67.0,1,0,1,0,0,0,1,0,0
DATA,2086000,-0.636022,-0.771671,1061.7,8.319,8.220,7.874,82.1,1.776,93.4,67.0,1,0,1,0,0,0,1,0,0
DATA,2088000,-0.636135,-0.771578,1060.0,8.319,8.222,7.876,82.2,1.776,93.4,67.0,1,0,1,0,0,0,1,0,0
DATA,2090000,-0.636247,-0.771486,1061.7,8.320,8.225,7.875,82.2,1.776,93.5,67.0,1,0,1,0,0,0,1,0,0
DATA,2092000,-0.636359,-0.771393,1062.5,8.319,8.222,7.874,82.1,1.776,93.5,67.0,1,0,1,0,0,0,1,0,0
DATA,2094000,-0.636471,-0.771301,1061.7,8.320,8.222,7.875,82.2,1.776,93.4,67.0,1,0,1,0,0,0,1,0,0
DATA,2096000,-0.636583,-0.771208,1061.7,8.320,8.222,7.874,82.1,1.776,93.4,67.0,1,0,1,0,0,0,1,0,0
DATA,2098000,-0.636695,-0.771116,1063.3,8.319,8.220,7.873,82.1,1.776,93.5,67.0,1,0,1,0,0,0,1,0,0
DATA,2100000,-0.636808,-0.771023,1062.5,8.321,8.222,7.875,82.2,1.776,93.5,67.0,1,0,1,0,0,0,1,0,0
DATA,2102000,-0.636919,-0.770930,1063.3,8.322,8.227,7.876,82.3,1.776,93.5,67.0,1,0,1,0,0,0,1,0,0
DATA,2104000,-0.637032,-0.770838,1064.2,8.321,8.227,7.873,82.1,1.776,93.4,67.0,1,0,1,0,0,0,1,0,0
DATA,2106000,-0.637144,-0.770745,1063.3,8.322,8.231,7.876,82.2,1.776,93.4,67.0,1,0,1,0,0,0,1,0,0
DATA,2108000,-0.637256,-0.770652,1064.2,8.322,8.235,7.875,82.2,1.776,93.4,67.0,1,0,1,0,0,0,1,0,0
DATA,2110000,-0.637368,-0.770560,1062.5,8.322,8.235,7.877,82.3,1.776,93.4,67.0,1,0,1,0,0,0,1,0,0
DATA,2112000,-0.637480,-0.770467,1063.3,8.322,8.233,7.873,82.1,1.776,93.4,67.0,1,0,1,0,0,0,1,0,0
DATA,2114000,-0.637592,-0.770374,1064.2,8.320,8.225,7.875,82.2,1.776,93.4,67.0,1,0,1,0,0,0,1,0,0
DATA,2116000,-0.637704,-0.770281,1063.3,8.319,8.218,7.873,82.1,1.776,93.4,67.0,1,0,1,0,0,0,1,0,0
DATA,2118000,-0.637816,-0.770189,1064.2,8.317,8.214,7.873,82.1,1.776,93.4,67.0,1,0,1,0,0,0,1,0,0
DATA,2120000,-0.637928,-0.770096,1064.2,8.317,8.212,7.875,82.2,1.776,93.5,67.0,1,0,1,0,0,0,1,0,0
DATA,2122000,-0.638040,-0.770003,1064.2,8.318,8.216,7.874,82.1,1.776,93.4,67.0,1,0,1,0,0,0,1,0,0
DATA,2124000,-0.638152,-0.769910,1063.3,8.319,8.218,7.875,82.2,1.776,93.5,67.0,1,0,1,0,0,0,1,0,0
DATA,2126000,-0.638264,-0.769817,1063.3,8.321,8.222,7.876,82.3,1.776,93.4,67.0,1,0,1,0,0,0,1,0,0
DATA,2128000,-0.638376,-0.769725,1063.3,8.321,8.225,7.877,82.3,1.776,93.5,67.0,1,0,1,0,0,0,1,0,0
DATA,2130000,-0.638488,-0.769632,1063.3,8.321,8.225,7.876,82.2,1.776,93.4,67.0,1,0,1,0,0,0,1,0,0
DATA,2132000,-0.638600,-0.769539,1063.3,8.320,8.225,7.875,82.2,1.776,93.4,67.0,1,0,1,0,0,0,1,0,0
DATA,2134000,-0.638712,-0.769446,1063.3,8.320,8.222,7.875,82.2,1.776,93.4,67.0,1,0,1,0,0,0,1,0,0
DATA,2136000,-0.638824,-0.769353,1062.5,8.320,8.225,7.875,82.2,1.776,93.4,67.0,1,0,1,0,0,0,1,0,0
DATA,2138000,-0.638936,-0.769260,1064.2,8.320,8.222,7.877,82.3,1.776,93.4,67.0,1,0,1,0,0,0,1,0,0
DATA,2140000,-0.639048,-0.769167,1064.2,8.320,8.222,7.875,82.2,1.776,93.4,67.0,1,0,1,0,0,0,1,0,0
DATA,2142000,-0.639159,-0.769074,1063.3,8.320,8.220,7.875,82.2,1.776,93.4,67.0,1,0,1,0,0,0,1,0,0
DATA,2144000,-0.639271,-0.768981,1063.3,8.320,8.218,7.876,82.3,1.776,93.4,67.0,1,0,1,0,0,0,1,0,0
DATA,2146000,-0.639383,-0.768888,1063.3,8.320,8.220,7.876,82.2,1.776,93.5,67.0,1,0,1,0,0,0,1,0,0
DATA,2148000,-0.639495,-0.768795,1062.5,8.320,8.218,7.877,82.3,1.776,93.5,67.0,1,0,1,0,0,0,1,0,0
DATA,2150000,-0.639607,-0.768702,1063.3,8.319,8.218,7.878,82.4,1.776,93.5,66.9,1,0,1,0,0,0,1,0,0
DATA,2152000,-0.639719,-0.768609,1063.3,8.319,8.218,7.876,82.2,1.776,93.5,66.9,1,0,1,0,0,0,1,0,0
DATA,2154000,-0.639830,-0.768516,1062.5,8.318,8.214,7.878,82.4,1.776,93.5,66.9,1,0,1,0,0,0,1,0,0
DATA,2156000,-0.639942,-0.768423,1064.2,8.318,8.214,7.878,82.4,1.776,93.5,66.9,1,0,1,0,0,0,1,0,0
DATA,2158000,-0.640054,-0.768330,1064.2,8.317,8.210,7.877,82.3,1.776,93.4,66.9,1,0,1,0,0,0,1,0,0
DATA,2160000,-0.640166,-0.768237,1063.3,8.315,8.202,7.874,82.1,1.776,93.4,66.9,1,0,1,0,0,0,1,0,0
DATA,2162000,-0.640277,-0.768144,1063.3,8.315,8.198,7.876,82.2,1.776,93.4,66.9,1,0,1,0,0,0,1,0,0
DATA,2164000,-0.640389,-0.768051,1065.0,8.313,8.188,7.876,82.2,1.776,93.4,66.9,1,0,1,0,0,0,1,0,0
DATA,2166000,-0.640501,-0.767957,1065.0,8.312,8.178,7.877,82.3,1.776,93.4,66.9,1,0,1,0,0,0,1,0,0
DATA,2168000,-0.640612,-0.767864,1065.0,8.311,8.174,7.875,82.2,1.776,93.4,66.9,1,0,1,0,0,0,1,0,0
DATA,2170000,-0.640724,-0.767771,1065.0,8.311,8.172,7.873,82.1,1.776,93.4,66.9,1,0,1,0,0,0,1,0,0
DATA,2172000,-0.640836,-0.767678,1065.0,8.310,8.172,7.872,82.0,1.776,93.4,66.9,1,0,1,0,0,0,1,0,0
DATA,2174000,-0.640948,-0.767585,1064.2,8.311,8.178,7.875,82.2,1.776,93.4,66.9,1,0,1,0,0,0,1,0,0
DATA,2176000,-0.641059,-0.767492,1064.2,8.313,8.188,7.877,82.3,1.776,93.4,66.9,1,0,1,0,0,0,1,0,0
DATA,2178000,-0.641171,-0.767398,1065.0,8.314,8.196,7.876,82.2,1.776,93.4,66.9,1,0,1,0,0,0,1,0,0
DATA,2180000,-0.641282,-0.767305,1065.0,8.316,8.202,7.878,82.4,1.776,93.4,66.9,1,0,1,0,0,0,1,0,0
DATA,2182000,-0.641394,-0.767212,1064.2,8.316,8.208,7.877,82.3,1.776,93.4,66.9,1,0,1,0,0,0,1,0,0
DATA,2184000,-0.641505,-0.767118,1064.2,8.317,8.210,7.877,82.3,1.776,93.4,66.9,1,0,1,0,0,0,1,0,0
DATA,2186000,-0.641617,-0.767025,1064.2,8.319,8.214,7.879,82.4,1.776,93.4,66.9,1,0,1,0,0,0,1,0,0
DATA,2188000,-0.641729,-0.766932,1065.0,8.319,8.216,7.879,82.4,1.776,93.4,66.9,1,0,1,0,0,0,1,0,0
DATA,2190000,-0.641840,-0.766838,1065.0,8.320,8.220,7.879,82.5,1.776,93.4,66.9,1,0,1,0,0,0,1,0,0
DATA,2192000,-0.641952,-0.766745,1065.0,8.320,8.222,7.877,82.3,1.776,93.5,66.9,1,0,1,0,0,0,1,0,0
DATA,2194000,-0.642063,-0.766652,1065.0,8.319,8.222,7.878,82.4,1.776,93.4,66.9,1,0,1,0,0,0,1,0,0
DATA,2196000,-0.642175,-0.766558,1065.0,8.319,8.222,7.877,82.3,1.776,93.4,66.9,1,0,1,0,0,0,1,0,0
DATA,2198000,-0.642286,-0.766465,1065.0,8.319,8.220,7.879,82.4,1.776,93.4,66.9,1,0,1,0,0,0,1,0,0
DATA,2200000,-0.642398,-0.766371,1065.0,8.320,8.220,7.875,82.2,1.776,93.4,66.9,1,0,1,0,0,0,1,0,0
DATA,2202000,-0.642509,-0.766278,1070.0,8.322,8.220,7.879,82.4,1.776,93.4,66.9,1,0,1,0,0,0,1,0,0
DATA,2204000,-0.642621,-0.766185,1066.7,8.322,8.222,7.879,82.5,1.776,93.4,66.9,1,0,1,0,0,0,1,0,0
DATA,2206000,-0.642732,-0.766091,1066.7,8.322,8.222,7.879,82.5,1.776,93.4,66.9,1,0,1,0,0,0,1,0,0
PRED,2206000,8.272,1.974,83.8,83.8
DATA,2208000,-0.642843,-0.765998,1066.7,8.323,8.222,7.880,82.5,1.776,93.4,66.9,1,0,1,0,0,0,1,0,0
DATA,2210000,-0.642955,-0.765904,1066.7,8.323,8.222,7.881,82.5,1.776,93.4,66.9,1,0,1,0,0,0,1,0,0
DATA,2212000,-0.643066,-0.765811,1066.7,8.325,8.222,7.882,82.6,1.776,93.5,66.9,1,0,1,0,0,0,1,0,0
DATA,2214000,-0.643178,-0.765717,1066.7,8.324,8.222,7.880,82.5,1.776,93.5,66.7,1,0,1,0,0,0,1,0,0
DATA,2216000,-0.643289,-0.765624,1066.7,8.325,8.220,7.882,82.6,1.776,93.4,66.7,1,0,1,0,0,0,1,0,0
DATA,2218000,-0.643400,-0.765530,1066.7,8.325,8.218,7.882,82.6,1.776,93.4,66.7,1,0,1,0,0,0,1,0,0
DATA,2220000,-0.643512,-0.765436,1065.8,8.325,8.216,7.881,82.6,1.776,93.4,66.7,1,0,1,0,0,0,1,0,0
DATA,2222000,-0.643623,-0.765343,1070.0,8.325,8.212,7.881,82.6,1.776,93.5,66.7,1,0,1,0,0,0,1,0,0
DATA,2224000,-0.643734,-0.765249,1066.7,8.325,8.214,7.881,82.6,1.776,93.4,66.7,1,0,1,0,0,0,1,0,0
DATA,2226000,-0.643846,-0.765155,1060.8,8.325,8.218,7.881,82.6,1.776,93.4,66.7,1,0,1,0,0,0,1,0,0
DATA,2228000,-0.643957,-0.765062,1125.8,8.325,8.220,7.880,82.5,1.776,93.5,66.7,1,0,1,0,0,0,1,0,0
DATA,2230000,-0.644068,-0.764968,1130.8,8.325,8.227,7.882,82.6,1.776,93.4,66.7,1,0,1,0,0,0,1,0,0
DATA,2232000,-0.644179,-0.764875,1140.0,8.325,8.229,7.881,82.6,1.776,93.4,66.7,1,0,1,0,0,0,1,0,0
DATA,2234000,-0.644291,-0.764781,1143.3,8.325,8.229,7.881,82.5,1.776,93.4,66.7,1,0,1,0,0,0,1,0,0
DATA,2236000,-0.644402,-0.764687,1152.5,8.325,8.231,7.881,82.5,1.776,93.4,66.7,1,0,1,0,0,0,1,0,0
DATA,2238000,-0.644513,-0.764593,1140.8,8.325,8.231,7.882,82.6,1.776,93.4,66.7,1,0,1,0,0,0,1,0,0
DATA,2240000,-0.644624,-0.764500,1172.5,8.325,8.231,7.882,82.6,1.776,93.5,66.7,1,0,1,0,0,0,1,0,0
DATA,2242000,-0.644735,-0.764406,1180.0,8.325,8.233,7.882,82.6,1.776,93.4,66.7,1,0,1,0,0,0,1,0,0
DATA,2244000,-0.644846,-0.764312,1181.7,8.325,8.231,7.882,82.6,1.776,93.4,66.7,1,0,1,0,0,0,1,0,0
DATA,2246000,-0.644958,-0.764218,1183.3,8.325,8.229,7.881,82.6,1.776,93.4,66.7,1,0,1,0,0,0,1,0,0
DATA,2248000,-0.645069,-0.764125,1190.8,8.325,8.227,7.880,82.5,1.776,93.4,66.7,1,0,1,0,0,0,1,0,0
DATA,2250000,-0.645180,-0.764031,1184.2,8.325,8.229,7.881,82.6,1.776,93.4,66.7,1,0,1,0,0,0,1,0,0
DATA,2252000,-0.645291,-0.763937,1184.2,8.326,8.231,7.882,82.6,1.776,93.4,66.7,1,0,1,0,0,0,1,0,0
DATA,2254000,-0.645402,-0.763843,1184.2,8.326,8.237,7.875,82.2,1.776,93.5,66.7,1,0,1,0,0,0,1,0,0
DATA,2256000,-0.645513,-0.763749,1189.2,8.326,8.237,7.879,82.4,1.776,93.4,66.7,1,0,1,0,0,0,1,0,0
DATA,2258000,-0.645624,-0.763655,1184.2,8.326,8.237,7.881,82.6,1.776,93.4,66.7,1,0,1,0,0,0,1,0,0
DATA,2260000,-0.645735,-0.763561,1183.3,8.326,8.239,7.881,82.6,1.776,93.4,66.7,1,0,1,0,0,0,1,0,0
DATA,2262000,-0.645847,-0.763467,1186.7,8.326,8.237,7.883,82.7,1.776,93.5,66.7,1,0,1,0,0,0,1,0,0
DATA,2264000,-0.645957,-0.763373,1184.2,8.326,8.237,7.881,82.6,1.776,93.4,66.7,1,0,1,0,0,0,1,0,0
DATA,2266000,-0.646069,-0.763279,1183.3,8.326,8.235,7.881,82.6,1.776,93.4,66.7,1,0,1,0,0,0,1,0,0
DATA,2268000,-0.646179,-0.763186,1185.0,8.326,8.231,7.882,82.6,1.776,93.4,66.7,1,0,1,0,0,0,1,0,0
DATA,2270000,-0.646291,-0.763091,1185.0,8.326,8.222,7.882,82.6,1.776,93.4,66.7,1,0,1,0,0,0,1,0,0
DATA,2272000,-0.646401,-0.762998,1185.8,8.326,8.220,7.882,82.6,1.776,93.4,66.7,1,0,1,0,0,0,1,0,0
DATA,2274000,-0.646513,-0.762903,1184.2,8.327,8.218,7.885,82.8,1.776,93.4,66.7,1,0,1,0,0,0,1,0,0
DATA,2276000,-0.646623,-0.762810,1184.2,8.327,8.222,7.885,82.8,1.776,93.4,66.7,1,0,1,0,0,0,1,0,0
DATA,2278000,-0.646734,-0.762715,1183.3,8.327,8.231,7.882,82.6,1.776,93.4,66.7,1,0,1,0,0,0,1,0,0
DATA,2280000,-0.646845,-0.762621,1184.2,8.329,8.235,7.885,82.8,1.776,93.4,66.6,1,0,1,0,0,0,1,0,0
DATA,2282000,-0.646956,-0.762527,1184.2,8.329,8.239,7.885,82.8,1.776,93.4,66.6,1,0,1,0,0,0,1,0,0
DATA,2284000,-0.647067,-0.762433,1185.0,8.329,8.235,7.885,82.8,1.776,93.4,66.6,1,0,1,0,0,0,1,0,0
DATA,2286000,-0.647178,-0.762339,1184.2,8.330,8.235,7.885,82.8,1.776,93.4,66.6,1,0,1,0,0,0,1,0,0
DATA,2288000,-0.647289,-0.762245,1184.2,8.328,8.233,7.880,82.5,1.776,93.4,66.6,1,0,1,0,0,0,1,0,0
DATA,2290000,-0.647400,-0.762151,1177.5,8.329,8.233,7.886,82.9,1.776,93.4,66.6,1,0,1,0,0,0,1,0,0
DATA,2292000,-0.647511,-0.762056,1184.2,8.326,8.233,7.875,82.2,1.776,93.4,66.6,1,0,1,0,0,0,1,0,0
DATA,2294000,-0.647621,-0.761962,1184.2,8.325,8.233,7.884,82.8,1.776,93.4,66.6,1,0,1,0,0,0,1,0,0
DATA,2296000,-0.647732,-0.761868,1184.2,8.325,8.231,7.884,82.8,1.776,93.4,66.6,1,0,1,0,0,0,1,0,0
DATA,2298000,-0.647843,-0.761774,1184.2,8.323,8.229,7.880,82.5,1.776,93.5,66.6,1,0,1,0,0,0,1,0,0
DATA,2300000,-0.647954,-0.761680,1184.2,8.326,8.233,7.885,82.8,1.776,93.4,66.6,1,0,1,0,0,0,1,0,0
DATA,2302000,-0.648064,-0.761585,1183.3,8.328,8.233,7.884,82.8,1.776,93.4,66.6,1,0,1,0,0,0,1,0,0
DATA,2304000,-0.648175,-0.761491,1183.3,8.329,8.235,7.886,82.9,1.776,93.4,66.6,1,0,1,0,0,0,1,0,0
DATA,2306000,-0.648286,-0.761397,1183.3,8.331,8.237,7.886,82.9,1.776,93.4,66.6,1,0,1,0,0,0,1,0,0
DATA,2308000,-0.648397,-0.761302,1182.5,8.330,8.239,7.885,82.8,1.776,93.4,66.6,1,0,1,0,0,0,1,0,0
DATA,2310000,-0.648508,-0.761208,1183.3,8.327,8.235,7.878,82.4,1.776,93.4,66.6,1,0,1,0,0,0,1,0,0
DATA,2312000,-0.648618,-0.761114,1183.3,8.327,8.235,7.885,82.8,1.776,93.5,66.6,1,0,1,0,0,0,1,0,0
DATA,2314000,-0.648729,-0.761019,1183.3,8.325,8.231,7.885,82.8,1.776,93.4,66.6,1,0,1,0,0,0,1,0,0
DATA,2316000,-0.648840,-0.760925,1183.3,8.326,8.231,7.886,82.9,1.776,93.4,66.6,1,0,1,0,0,0,1,0,0
DATA,2318000,-0.648950,-0.760831,1184.2,8.327,8.233,7.886,82.9,1.776,93.4,66.6,1,0,1,0,0,0,1,0,0
DATA,2320000,-0.649061,-0.760736,1183.3,8.327,8.235,7.884,82.8,1.776,93.5,66.6,1,0,1,0,0,0,1,0,0
DATA,2322000,-0.649172,-0.760642,1182.5,8.328,8.237,7.886,82.9,1.776,93.5,66.6,1,0,1,0,0,0,1,0,0
DATA,2324000,-0.649282,-0.760548,1184.2,8.329,8.237,7.887,82.9,1.776,93.4,66.6,1,0,1,0,0,0,1,0,0
DATA,2326000,-0.649393,-0.760453,1184.2,8.329,8.237,7.887,83.0,1.776,93.4,66.6,1,0,1,0,0,0,1,0,0
DATA,2328000,-0.649503,-0.760359,1185.8,8.328,8.237,7.885,82.8,1.776,93.4,66.6,1,0,1,0,0,0,1,0,0
DATA,2330000,-0.649614,-0.760264,1184.2,8.328,8.237,7.885,82.8,1.776,93.4,66.6,1,0,1,0,0,0,1,0,0
DATA,2332000,-0.649725,-0.760170,1185.8,8.328,8.235,7.885,82.8,1.776,93.4,66.6,1,0,1,0,0,0,1,0,0
DATA,2334000,-0.649835,-0.760075,1184.2,8.327,8.231,7.881,82.5,1.776,93.4,66.6,1,0,1,0,0,0,1,0,0
DATA,2336000,-0.649946,-0.759980,1198.3,8.327,8.229,7.885,82.8,1.776,93.4,66.6,1,0,1,0,0,0,1,0,0
DATA,2338000,-0.650056,-0.759886,1185.0,8.328,8.231,7.885,82.8,1.776,93.4,66.6,1,0,1,0,0,0,1,0,0
DATA,2340000,-0.650167,-0.759791,1184.2,8.328,8.233,7.886,82.9,1.776,93.4,66.6,1,0,1,0,0,0,1,0,0
DATA,2342000,-0.650277,-0.759697,1184.2,8.329,8.237,7.887,82.9,1.776,93.4,66.6,1,0,1,0,0,0,1,0,0
DATA,2344000,-0.650388,-0.759602,1184.2,8.329,8.239,7.887,82.9,1.776,93.5,66.4,1,0,1,0,0,0,1,0,0
DATA,2346000,-0.650498,-0.759508,1183.3,8.329,8.239,7.888,83.0,1.776,93.4,66.4,1,0,1,0,0,0,1,0,0
DATA,2348000,-0.650609,-0.759413,1184.2,8.328,8.237,7.887,82.9,1.776,93.4,66.4,1,0,1,0,0,0,1,0,0
DATA,2350000,-0.650719,-0.759319,1183.3,8.328,8.235,7.888,83.0,1.776,93.4,66.4,1,0,1,0,0,0,1,0,0
DATA,2352000,-0.650830,-0.759224,1183.3,8.328,8.235,7.882,82.6,1.776,93.4,66.4,1,0,1,0,0,0,1,0,0
DATA,2354000,-0.650940,-0.759129,1185.0,8.327,8.235,7.886,82.9,1.776,93.4,66.4,1,0,1,0,0,0,1,0,0
DATA,2356000,-0.651050,-0.759034,1184.2,8.327,8.237,7.888,83.0,1.776,93.4,66.4,1,0,1,0,0,0,1,0,0
DATA,2358000,-0.651161,-0.758940,1184.2,8.327,8.237,7.887,82.9,1.776,93.4,66.4,1,0,1,0,0,0,1,0,0
DATA,2360000,-0.651271,-0.758845,1167.5,8.328,8.235,7.888,83.0,1.776,93.4,66.4,1,0,1,0,0,0,1,0,0
DATA,2362000,-0.651381,-0.758750,1184.2,8.327,8.233,7.885,82.8,1.776,93.4,66.4,1,0,1,0,0,0,1,0,0
DATA,2364000,-0.651492,-0.758656,1170.0,8.328,8.233,7.888,83.0,1.776,93.4,66.4,1,0,1,0,0,0,1,0,0
DATA,2366000,-0.651602,-0.758561,1148.3,8.329,8.235,7.887,83.0,1.776,93.4,66.4,1,0,1,0,0,0,1,0,0
DATA,2368000,-0.651712,-0.758466,1141.7,8.329,8.235,7.887,82.9,1.776,93.4,66.4,1,0,1,0,0,0,1,0,0
DATA,2370000,-0.651823,-0.758371,1167.5,8.332,8.237,7.888,83.0,1.776,93.4,66.4,1,0,1,0,0,0,1,0,0
DATA,2372000,-0.651933,-0.758277,1172.5,8.332,8.237,7.888,83.0,1.776,93.4,66.4,1,0,1,0,0,0,1,0,0
DATA,2374000,-0.652043,-0.758182,1183.3,8.332,8.237,7.889,83.0,1.776,93.4,66.4,1,0,1,0,0,0,1,0,0
DATA,2376000,-0.652153,-0.758087,1184.2,8.332,8.239,7.888,83.0,1.776,93.4,66.4,1,0,1,0,0,0,1,0,0
DATA,2378000,-0.652264,-0.757992,1185.0,8.331,8.237,7.887,82.9,1.776,93.4,66.4,1,0,1,0,0,0,1,0,0
DATA,2380000,-0.652374,-0.757897,1185.8,8.329,8.235,7.887,82.9,1.776,93.4,66.4,1,0,1,0,0,0,1,0,0
DATA,2382000,-0.652484,-0.757802,1186.7,8.328,8.231,7.886,82.9,1.776,93.4,66.4,1,0,1,0,0,0,1,0,0
DATA,2384000,-0.652595,-0.757707,1187.5,8.328,8.225,7.889,83.0,1.776,93.4,66.4,1,0,1,0,0,0,1,0,0
DATA,2386000,-0.652705,-0.757613,1187.5,8.329,8.222,7.886,82.9,1.776,93.4,66.4,1,0,1,0,0,0,1,0,0
DATA,2388000,-0.652815,-0.757517,1188.3,8.328,8.218,7.887,82.9,1.776,93.4,66.4,1,0,1,0,0,0,1,0,0
DATA,2390000,-0.652925,-0.757423,1188.3,8.328,8.218,7.889,83.0,1.776,93.4,66.4,1,0,1,0,0,0,1,0,0
DATA,2392000,-0.653035,-0.757328,1189.2,8.328,8.220,7.889,83.0,1.776,93.4,66.4,1,0,1,0,0,0,1,0,0
DATA,2394000,-0.653145,-0.757233,1189.2,8.329,8.222,7.889,83.1,1.776,93.4,66.4,1,0,1,0,0,0,1,0,0
DATA,2396000,-0.653255,-0.757138,1190.8,8.331,8.229,7.886,82.9,1.776,93.4,66.4,1,0,1,0,0,0,1,0,0
DATA,2398000,-0.653365,-0.757043,1191.7,8.328,8.229,7.879,82.5,1.776,93.4,66.4,1,0,1,0,0,0,1,0,0
DATA,2400000,-0.653476,-0.756948,1191.7,8.327,8.231,7.885,82.8,1.776,93.4,66.4,1,0,1,0,0,0,1,0,0
DATA,2402000,-0.653586,-0.756852,1191.7,8.327,8.229,7.882,82.6,1.776,93.4,66.4,1,0,1,0,0,0,1,0,0
DATA,2404000,-0.653696,-0.756757,1191.7,8.327,8.227,7.886,82.9,1.776,93.5,66.4,1,0,1,0,0,0,1,0,0
DATA,2406000,-0.653806,-0.756662,1189.2,8.330,8.231,7.890,83.1,1.776,93.4,66.4,1,0,1,0,0,0,1,0,0
DATA,2408000,-0.653916,-0.756567,1190.8,8.332,8.231,7.889,83.1,1.776,93.4,66.3,1,0,1,0,0,0,1,0,0
DATA,2410000,-0.654026,-0.756472,1190.8,8.333,8.235,7.891,83.2,1.776,93.4,66.3,1,0,1,0,0,0,1,0,0
DATA,2412000,-0.654136,-0.756377,1190.8,8.333,8.235,7.886,82.9,1.776,93.4,66.3,1,0,1,0,0,0,1,0,0
DATA,2414000,-0.654246,-0.756282,1190.8,8.333,8.235,7.885,82.8,1.776,93.4,66.3,1,0,1,0,0,0,1,0,0
DATA,2416000,-0.654356,-0.756187,1190.0,8.333,8.237,7.892,83.2,1.776,93.4,66.3,1,0,1,0,0,0,1,0,0
DATA,2418000,-0.654466,-0.756091,1190.8,8.331,8.235,7.885,82.8,1.776,93.4,66.3,1,0,1,0,0,0,1,0,0
DATA,2420000,-0.654576,-0.755996,1190.8,8.332,8.237,7.892,83.3,1.776,93.4,66.3,1,0,1,0,0,0,1,0,0
DATA,2422000,-0.654686,-0.755901,1190.8,8.333,8.235,7.890,83.1,1.776,93.4,66.3,1,0,1,0,0,0,1,0,0
DATA,2424000,-0.654796,-0.755806,1190.0,8.332,8.233,7.891,83.2,1.776,93.4,66.3,1,0,1,0,0,0,1,0,0
DATA,2426000,-0.654906,-0.755710,1185.8,8.333,8.233,7.888,83.0,1.776,93.4,66.3,1,0,1,0,0,0,1,0,0
DATA,2428000,-0.655016,-0.755615,1185.8,8.333,8.233,7.891,83.2,1.776,93.4,66.3,1,0,1,0,0,0,1,0,0
DATA,2430000,-0.655126,-0.755520,1180.8,8.333,8.235,7.891,83.2,1.776,93.4,66.3,1,0,1,0,0,0,1,0,0
DATA,2432000,-0.655235,-0.755425,1045.8,8.333,8.235,7.892,83.2,1.776,93.4,66.3,1,0,1,0,0,0,1,0,0
DATA,2434000,-0.655345,-0.755329,1200.8,8.333,8.233,7.891,83.2,1.776,93.4,66.3,1,0,1,0,0,0,1,0,0
DATA,2436000,-0.655455,-0.755234,1135.0,8.332,8.231,7.891,83.2,1.776,93.4,66.3,1,0,1,0,0,0,1,0,0
DATA,2438000,-0.655565,-0.755139,1379.2,8.332,8.231,7.891,83.2,1.776,93.4,66.3,1,0,1,0,0,0,1,0,0
DATA,2440000,-0.655675,-0.755043,1396.7,8.333,8.233,7.891,83.2,1.776,93.5,66.3,1,0,1,0,0,0,1,0,0
DATA,2442000,-0.655785,-0.754948,1400.8,8.331,8.231,7.886,82.9,1.776,93.4,66.3,1,0,1,0,0,0,1,0,0
DATA,2444000,-0.655894,-0.754853,1401.7,8.331,8.235,7.892,83.3,1.776,93.4,66.3,1,0,1,0,0,0,1,0,0
DATA,2446000,-0.656004,-0.754757,1401.7,8.331,8.235,7.890,83.1,1.776,93.4,66.3,1,0,1,0,0,0,1,0,0
DATA,2448000,-0.656114,-0.754662,1402.5,8.330,8.233,7.891,83.2,1.776,93.4,66.3,1,0,1,0,0,0,1,0,0
DATA,2450000,-0.656224,-0.754566,1403.3,8.332,8.237,7.891,83.2,1.776,93.4,66.3,1,0,1,0,0,0,1,0,0
DATA,2452000,-0.656333,-0.754471,1403.3,8.332,8.239,7.891,83.2,1.776,93.4,66.3,1,0,1,0,0,0,1,0,0
DATA,2454000,-0.656443,-0.754375,1402.5,8.332,8.239,7.890,83.2,1.776,93.4,66.3,1,0,1,0,0,0,1,0,0
DATA,2456000,-0.656553,-0.754280,1401.7,8.335,8.241,7.892,83.2,1.776,93.5,66.3,1,0,1,0,0,0,1,0,0
DATA,2458000,-0.656663,-0.754184,1401.7,8.334,8.241,7.892,83.3,1.776,93.4,66.3,1,0,1,0,0,0,1,0,0
DATA,2460000,-0.656772,-0.754089,1400.8,8.334,8.237,7.892,83.2,1.776,93.4,66.3,1,0,1,0,0,0,1,0,0
DATA,2462000,-0.656882,-0.753993,1400.0,8.335,8.241,7.893,83.3,1.776,93.4,66.3,1,0,1,0,0,0,1,0,0
DATA,2464000,-0.656992,-0.753898,1398.3,8.335,8.243,7.893,83.3,1.776,93.4,66.3,1,0,1,0,0,0,1,0,0
DATA,2466000,-0.657101,-0.753802,1394.2,8.337,8.247,7.892,83.3,1.776,93.5,66.3,1,0,1,0,0,0,1,0,0
DATA,2468000,-0.657211,-0.753707,1385.0,8.338,8.251,7.890,83.1,1.776,93.4,66.3,1,0,1,0,0,0,1,0,0
DATA,2470000,-0.657321,-0.753611,1377.5,8.338,8.251,7.893,83.3,1.776,93.4,66.3,1,0,1,0,0,0,1,0,0
DATA,2472000,-0.657430,-0.753515,1377.5,8.336,8.247,7.890,83.1,1.776,93.4,66.1,1,0,1,0,0,0,1,0,0
DATA,2474000,-0.657540,-0.753420,1379.2,8.335,8.245,7.886,82.9,1.776,93.4,66.1,1,0,1,0,0,0,1,0,0
DATA,2476000,-0.657650,-0.753324,1378.3,8.334,8.241,7.893,83.3,1.776,93.4,66.1,1,0,1,0,0,0,1,0,0
DATA,2478000,-0.657759,-0.753229,1379.2,8.333,8.237,7.893,83.3,1.776,93.4,66.1,1,0,1,0,0,0,1,0,0
DATA,2480000,-0.657869,-0.753133,1383.3,8.334,8.239,7.892,83.3,1.776,93.4,66.1,1,0,1,0,0,0,1,0,0
DATA,2482000,-0.657978,-0.753037,1380.8,8.333,8.233,7.893,83.3,1.776,93.4,66.1,1,0,1,0,0,0,1,0,0
DATA,2484000,-0.658088,-0.752941,1382.5,8.333,8.231,7.892,83.2,1.776,93.4,66.1,1,0,1,0,0,0,1,0,0
DATA,2486000,-0.658197,-0.752846,1376.7,8.332,8.227,7.892,83.3,1.776,93.4,66.1,1,0,1,0,0,0,1,0,0
DATA,2488000,-0.658306,-0.752750,1379.2,8.332,8.225,7.893,83.3,1.776,93.4,66.1,1,0,1,0,0,0,1,0,0
DATA,2490000,-0.658416,-0.752654,1383.3,8.332,8.227,7.892,83.2,1.776,93.4,66.1,1,0,1,0,0,0,1,0,0
DATA,2492000,-0.658525,-0.752559,1370.8,8.332,8.229,7.895,83.4,1.776,93.4,66.1,1,0,1,0,0,0,1,0,0
DATA,2494000,-0.658635,-0.752463,1370.8,8.332,8.229,7.894,83.3,1.776,93.4,66.1,1,0,1,0,0,0,1,0,0
DATA,2496000,-0.658744,-0.752367,1371.7,8.332,8.229,7.893,83.3,1.776,93.4,66.1,1,0,1,0,0,0,1,0,0
DATA,2498000,-0.658854,-0.752271,1369.2,8.332,8.231,7.892,83.3,1.776,93.4,66.1,1,0,1,0,0,0,1,0,0
DATA,2500000,-0.658963,-0.752175,1370.8,8.331,8.231,7.891,83.2,1.776,93.4,66.1,1,0,1,0,0,0,1,0,0
DATA,2502000,-0.659072,-0.752079,1371.7,8.332,8.233,7.894,83.3,1.776,93.4,66.1,1,0,1,0,0,0,1,0,0
DATA,2504000,-0.659182,-0.751984,1370.0,8.333,8.233,7.895,83.4,1.776,93.4,66.1,1,0,1,0,0,0,1,0,0
DATA,2506000,-0.659291,-0.751888,1370.8,8.333,8.229,7.895,83.4,1.776,93.4,66.1,1,0,1,0,0,0,1,0,0
DATA,2508000,-0.659400,-0.751792,1370.0,8.334,8.229,7.893,83.3,1.776,93.4,66.1,1,0,1,0,0,0,1,0,0
DATA,2510000,-0.659510,-0.751696,1372.5,8.333,8.229,7.894,83.4,1.776,93.4,66.1,1,0,1,0,0,0,1,0,0
DATA,2512000,-0.659619,-0.751600,1369.2,8.334,8.233,7.895,83.4,1.776,93.4,66.1,1,0,1,0,0,0,1,0,0
DATA,2514000,-0.659728,-0.751504,1372.5,8.333,8.233,7.894,83.4,1.776,93.4,66.1,1,0,1,0,0,0,1,0,0
DATA,2516000,-0.659838,-0.751408,1370.0,8.334,8.235,7.894,83.4,1.776,93.4,66.1,1,0,1,0,0,0,1,0,0
DATA,2518000,-0.659947,-0.751312,1368.3,8.335,8.237,7.895,83.4,1.776,93.4,66.1,1,0,1,0,0,0,1,0,0
DATA,2520000,-0.660056,-0.751216,1368.3,8.334,8.233,7.894,83.4,1.776,93.4,66.1,1,0,1,0,0,0,1,0,0
DATA,2522000,-0.660166,-0.751120,1368.3,8.335,8.235,7.895,83.5,1.776,93.4,66.1,1,0,1,0,0,0,1,0,0
DATA,2524000,-0.660275,-0.751024,1367.5,8.336,8.235,7.895,83.5,1.776,93.4,66.1,1,0,1,0,0,0,1,0,0
DATA,2526000,-0.660384,-0.750928,1368.3,8.335,8.231,7.894,83.4,1.776,93.4,66.1,1,0,1,0,0,0,1,0,0
DATA,2528000,-0.660493,-0.750832,1368.3,8.336,8.235,7.894,83.4,1.776,93.4,66.1,1,0,1,0,0,0,1,0,0
DATA,2530000,-0.660602,-0.750736,1366.7,8.335,8.233,7.895,83.4,1.776,93.4,66.1,1,0,1,0,0,0,1,0,0
DATA,2532000,-0.660712,-0.750640,1366.7,8.332,8.229,7.894,83.4,1.776,93.4,66.1,1,0,1,0,0,0,1,0,0
DATA,2534000,-0.660821,-0.750544,1366.7,8.332,8.233,7.897,83.5,1.776,93.4,66.1,1,0,1,0,0,0,1,0,0
DATA,2536000,-0.660930,-0.750448,1366.7,8.332,8.233,7.897,83.6,1.776,93.4,66.0,1,0,1,0,0,0,1,0,0
DATA,2538000,-0.661039,-0.750352,1365.0,8.333,8.233,7.895,83.4,1.776,93.4,66.0,1,0,1,0,0,0,1,0,0
DATA,2540000,-0.661148,-0.750255,1366.7,8.335,8.237,7.895,83.5,1.776,93.4,66.0,1,0,1,0,0,0,1,0,0
DATA,2542000,-0.661257,-0.750159,1365.8,8.335,8.237,7.897,83.6,1.776,93.4,66.0,1,0,1,0,0,0,1,0,0
DATA,2544000,-0.661367,-0.750063,1365.0,8.336,8.237,7.896,83.5,1.776,93.4,66.0,1,0,1,0,0,0,1,0,0
DATA,2546000,-0.661476,-0.749967,1365.0,8.336,8.237,7.896,83.5,1.776,93.4,66.0,1,0,1,0,0,0,1,0,0
DATA,2548000,-0.661585,-0.749870,1364.2,8.336,8.233,7.896,83.5,1.776,93.4,66.0,1,0,1,0,0,0,1,0,0
DATA,2550000,-0.661694,-0.749774,1364.2,8.336,8.231,7.896,83.5,1.776,93.4,66.0,1,0,1,0,0,0,1,0,0
DATA,2552000,-0.661803,-0.749678,1364.2,8.335,8.229,7.895,83.4,1.776,93.4,66.0,1,0,1,0,0,0,1,0,0
DATA,2554000,-0.661912,-0.749582,1363.3,8.333,8.227,7.892,83.2,1.776,93.4,66.0,1,0,1,0,0,0,1,0,0
DATA,2556000,-0.662021,-0.749485,1363.3,8.334,8.229,7.896,83.5,1.776,93.4,66.0,1,0,1,0,0,0,1,0,0
DATA,2558000,-0.662130,-0.749389,1363.3,8.333,8.229,7.895,83.4,1.776,93.4,66.0,1,0,1,0,0,0,1,0,0
DATA,2560000,-0.662239,-0.749293,1364.2,8.332,8.227,7.895,83.4,1.776,93.4,66.0,1,0,1,0,0,0,1,0,0
DATA,2562000,-0.662348,-0.749197,1364.2,8.334,8.227,7.896,83.5,1.776,93.4,66.0,1,0,1,0,0,0,1,0,0
DATA,2564000,-0.662457,-0.749100,1363.3,8.334,8.227,7.895,83.4,1.776,93.4,66.0,1,0,1,0,0,0,1,0,0
DATA,2566000,-0.662566,-0.749004,1362.5,8.334,8.227,7.895,83.4,1.776,93.4,66.0,1,0,1,0,0,0,1,0,0
DATA,2568000,-0.662675,-0.748907,1361.7,8.336,8.229,7.896,83.5,1.776,93.4,66.0,1,0,1,0,0,0,1,0,0
DATA,2570000,-0.662783,-0.748811,1362.5,8.337,8.229,7.896,83.5,1.776,93.4,66.0,1,0,1,0,0,0,1,0,0
DATA,2572000,-0.662893,-0.748715,1362.5,8.338,8.229,7.897,83.6,1.776,93.4,66.0,1,0,1,0,0,0,1,0,0
DATA,2574000,-0.663001,-0.748618,1362.5,8.338,8.229,7.896,83.5,1.776,93.4,66.0,1,0,1,0,0,0,1,0,0
PRED,2574000,8.272,1.974,84.2,84.2
DATA,2576000,-0.663110,-0.748522,1361.7,8.338,8.231,7.896,83.5,1.776,93.4,66.0,1,0,1,0,0,0,1,0,0
DATA,2578000,-0.663219,-0.748425,1362.5,8.338,8.233,7.897,83.6,1.776,93.4,66.0,1,0,1,0,0,0,1,0,0
DATA,2580000,-0.663328,-0.748329,1362.5,8.339,8.237,7.897,83.6,1.776,93.4,66.0,1,0,1,0,0,0,1,0,0
DATA,2582000,-0.663437,-0.748232,1361.7,8.340,8.239,7.898,83.7,1.776,93.4,66.0,1,0,1,0,0,0,1,0,0
DATA,2584000,-0.663546,-0.748136,1360.8,8.342,8.243,7.899,83.7,1.776,93.4,66.0,1,0,1,0,0,0,1,0,0
DATA,2586000,-0.663654,-0.748039,1361.7,8.341,8.243,7.898,83.6,1.776,93.4,66.0,1,0,1,0,0,0,1,0,0
DATA,2588000,-0.663763,-0.747943,1360.0,8.341,8.243,7.899,83.7,1.776,93.4,66.0,1,0,1,0,0,0,1,0,0
DATA,2590000,-0.663872,-0.747846,1360.0,8.342,8.243,7.898,83.7,1.776,93.4,66.0,1,0,1,0,0,0,1,0,0
DATA,2592000,-0.663981,-0.747750,1360.0,8.340,8.231,7.894,83.4,1.776,93.4,66.0,1,0,1,0,0,0,1,0,0
DATA,2594000,-0.664090,-0.747653,1360.8,8.338,8.216,7.896,83.5,1.776,93.4,66.0,1,0,1,0,0,0,1,0,0
DATA,2596000,-0.664198,-0.747557,1360.0,8.336,8.202,7.897,83.6,1.776,93.4,66.0,1,0,1,0,0,0,1,0,0
DATA,2598000,-0.664307,-0.747460,1360.0,8.335,8.194,7.898,83.6,1.776,93.4,66.0,1,0,1,0,0,0,1,0,0
DATA,2600000,-0.664416,-0.747363,1360.0,8.335,8.194,7.898,83.6,1.776,93.4,65.9,1,0,1,0,0,0,1,0,0
DATA,2602000,-0.664524,-0.747267,1360.0,8.336,8.200,7.898,83.6,1.776,93.4,65.9,1,0,1,0,0,0,1,0,0
DATA,2604000,-0.664633,-0.747170,1359.2,8.337,8.210,7.899,83.7,1.776,93.4,65.9,1,0,1,0,0,0,1,0,0
DATA,2606000,-0.664742,-0.747073,1360.0,8.338,8.216,7.899,83.7,1.776,93.4,65.9,1,0,1,0,0,0,1,0,0
DATA,2608000,-0.664850,-0.746977,1359.2,8.338,8.225,7.899,83.7,1.776,93.4,65.9,1,0,1,0,0,0,1,0,0
DATA,2610000,-0.664959,-0.746880,1359.2,8.339,8.231,7.899,83.7,1.776,93.4,65.9,1,0,1,0,0,0,1,0,0
DATA,2612000,-0.665067,-0.746783,1358.3,8.339,8.235,7.899,83.7,1.776,93.4,65.9,1,0,1,0,0,0,1,0,0
DATA,2614000,-0.665176,-0.746686,1359.2,8.339,8.237,7.900,83.7,1.776,93.4,65.9,1,0,1,0,0,0,1,0,0
DATA,2616000,-0.665285,-0.746590,1341.7,8.339,8.235,7.898,83.6,1.776,93.4,65.9,1,0,1,0,0,0,1,0,0
DATA,2618000,-0.665393,-0.746493,997.5,8.340,8.237,7.900,83.7,1.776,93.4,65.9,1,0,1,0,0,0,1,0,0
DATA,2620000,-0.665502,-0.746396,2108.3,8.340,8.237,7.900,83.7,1.776,93.4,65.9,1,0,1,0,0,0,1,0,0
DATA,2622000,-0.665611,-0.746299,1550.8,8.338,8.233,7.898,83.6,1.776,93.4,65.9,1,0,1,0,0,0,1,0,0
DATA,2624000,-0.665719,-0.746203,1922.5,8.339,8.231,7.899,83.7,1.776,93.4,65.9,1,0,1,0,0,0,1,0,0
DATA,2626000,-0.665828,-0.746106,1982.5,8.339,8.231,7.900,83.8,1.776,93.4,65.9,1,0,1,0,0,0,1,0,0
DATA,2628000,-0.665936,-0.746009,2014.2,8.339,8.229,7.899,83.7,1.776,93.4,65.9,1,0,1,0,0,0,1,0,0
DATA,2630000,-0.666045,-0.745912,2030.0,8.340,8.233,7.900,83.7,1.776,93.4,65.9,1,0,1,0,0,0,1,0,0
DATA,2632000,-0.666153,-0.745815,2038.3,8.341,8.239,7.899,83.7,1.776,93.4,65.9,1,0,1,0,0,0,1,0,0
DATA,2634000,-0.666262,-0.745718,2042.5,8.341,8.241,7.901,83.8,1.776,93.4,65.9,1,0,1,0,0,0,1,0,0
DATA,2636000,-0.666370,-0.745621,2044.2,8.342,8.245,7.902,83.8,1.776,93.4,65.9,1,0,1,0,0,0,1,0,0
DATA,2638000,-0.666478,-0.745524,2045.8,8.343,8.247,7.900,83.8,1.776,93.4,65.9,1,0,1,0,0,0,1,0,0
DATA,2640000,-0.666587,-0.745428,2045.8,8.343,8.247,7.901,83.8,1.776,93.4,65.9,1,0,1,0,0,0,1,0,0
DATA,2642000,-0.666695,-0.745330,2046.7,8.344,8.247,7.901,83.8,1.776,93.4,65.9,1,0,1,0,0,0,1,0,0
DATA,2644000,-0.666803,-0.745234,2045.8,8.343,8.245,7.901,83.8,1.776,93.4,65.9,1,0,1,0,0,0,1,0,0
DATA,2646000,-0.666912,-0.745136,2045.0,8.343,8.241,7.900,83.8,1.776,93.4,65.9,1,0,1,0,0,0,1,0,0
DATA,2648000,-0.667020,-0.745040,2045.0,8.343,8.241,7.901,83.8,1.776,93.4,65.9,1,0,1,0,0,0,1,0,0
DATA,2650000,-0.667129,-0.744942,2045.0,8.343,8.239,7.901,83.8,1.776,93.4,65.9,1,0,1,0,0,0,1,0,0
DATA,2652000,-0.667237,-0.744846,2044.2,8.344,8.239,7.896,83.5,1.776,93.4,65.9,1,0,1,0,0,0,1,0,0
DATA,2654000,-0.667345,-0.744748,2041.7,8.343,8.241,7.901,83.8,1.776,93.4,65.9,1,0,1,0,0,0,1,0,0
DATA,2656000,-0.667453,-0.744651,2040.8,8.344,8.241,7.901,83.8,1.776,93.4,65.9,1,0,1,0,0,0,1,0,0
DATA,2658000,-0.667562,-0.744554,2040.0,8.343,8.239,7.901,83.8,1.776,93.4,65.9,1,0,1,0,0,0,1,0,0
DATA,2660000,-0.667670,-0.744457,2037.5,8.341,8.235,7.901,83.8,1.776,93.4,65.9,1,0,1,0,0,0,1,0,0
DATA,2662000,-0.667778,-0.744360,2035.0,8.341,8.233,7.900,83.7,1.776,93.4,65.9,1,0,1,0,0,0,1,0,0
DATA,2664000,-0.667887,-0.744263,2027.5,8.341,8.233,7.902,83.9,1.776,93.4,65.7,1,0,1,0,0,0,1,0,0
DATA,2666000,-0.667995,-0.744166,2024.2,8.340,8.231,7.897,83.6,1.776,93.4,65.7,1,0,1,0,0,0,1,0,0
DATA,2668000,-0.668103,-0.744069,2019.2,8.340,8.231,7.900,83.8,1.776,93.4,65.7,1,0,1,0,0,0,1,0,0
DATA,2670000,-0.668211,-0.743971,2015.0,8.339,8.231,7.902,83.8,1.776,93.4,65.7,1,0,1,0,0,0,1,0,0
DATA,2672000,-0.668320,-0.743874,2006.7,8.338,8.227,7.900,83.7,1.776,93.4,65.7,1,0,1,0,0,0,1,0,0
DATA,2674000,-0.668428,-0.743777,1992.5,8.339,8.227,7.902,83.8,1.776,93.4,65.7,1,0,1,0,0,0,1,0,0
DATA,2676000,-0.668536,-0.743680,1990.0,8.339,8.227,7.903,83.9,1.776,93.4,65.7,1,0,1,0,0,0,1,0,0
DATA,2678000,-0.668644,-0.743583,2005.0,8.340,8.229,7.903,83.9,1.776,93.4,65.7,1,0,1,0,0,0,1,0,0
DATA,2680000,-0.668752,-0.743485,2000.8,8.341,8.235,7.902,83.9,1.776,93.4,65.7,1,0,1,0,0,0,1,0,0
DATA,2682000,-0.668860,-0.743388,1997.5,8.342,8.241,7.899,83.7,1.776,93.4,65.7,1,0,1,0,0,0,1,0,0
DATA,2684000,-0.668968,-0.743291,1996.7,8.342,8.241,7.904,84.0,1.776,93.4,65.7,1,0,1,0,0,0,1,0,0
DATA,2686000,-0.669077,-0.743193,1994.2,8.341,8.241,7.903,83.9,1.776,93.4,65.7,1,0,1,0,0,0,1,0,0
DATA,2688000,-0.669185,-0.743096,2001.7,8.341,8.239,7.904,84.0,1.776,93.4,65.7,1,0,1,0,0,0,1,0,0
DATA,2690000,-0.669293,-0.742999,1988.3,8.341,8.237,7.903,83.9,1.776,93.4,65.7,1,0,1,0,0,0,1,0,0
DATA,2692000,-0.669401,-0.742902,1995.0,8.341,8.237,7.904,84.0,1.776,93.4,65.7,1,0,1,0,0,0,1,0,0
DATA,2694000,-0.669509,-0.742804,2017.5,8.342,8.237,7.904,84.0,1.776,93.4,65.7,1,0,1,0,0,0,1,0,0
DATA,2696000,-0.669617,-0.742707,1995.0,8.342,8.237,7.904,84.0,1.776,93.4,65.7,1,0,1,0,0,0,1,0,0
DATA,2698000,-0.669725,-0.742609,1996.7,8.341,8.237,7.903,83.9,1.776,93.4,65.7,1,0,1,0,0,0,1,0,0
PRED,2698000,8.305,2.020,84.2,84.2
DATA,2700000,-0.669833,-0.742512,2000.0,8.341,8.237,7.903,83.9,1.776,93.4,65.7,1,0,1,0,0,0,1,0,0
DATA,2702000,-0.669941,-0.742414,1991.7,8.342,8.235,7.903,83.9,1.776,93.4,65.7,1,0,1,0,0,0,1,0,0
DATA,2704000,-0.670049,-0.742317,2020.0,8.343,8.233,7.903,83.9,1.776,93.4,65.7,1,0,1,0,0,0,1,0,0
DATA,2706000,-0.670157,-0.742219,2007.5,8.343,8.231,7.903,83.9,1.776,93.4,65.7,1,0,1,0,0,0,1,0,0
DATA,2708000,-0.670265,-0.742122,2007.5,8.343,8.231,7.903,83.9,1.776,93.4,65.7,1,0,1,0,0,0,1,0,0
DATA,2710000,-0.670373,-0.742025,2005.8,8.342,8.229,7.904,84.0,1.776,93.4,65.7,1,0,1,0,0,0,1,0,0
DATA,2712000,-0.670481,-0.741927,2005.0,8.342,8.229,7.903,83.9,1.776,93.4,65.7,1,0,1,0,0,0,1,0,0
DATA,2714000,-0.670589,-0.741830,2005.0,8.342,8.222,7.903,83.9,1.776,93.4,65.7,1,0,1,0,0,0,1,0,0
DATA,2716000,-0.670697,-0.741732,2008.3,8.342,8.220,7.902,83.9,1.776,93.4,65.7,1,0,1,0,0,0,1,0,0
DATA,2718000,-0.670804,-0.741634,2006.7,8.342,8.220,7.904,84.0,1.776,93.4,65.7,1,0,1,0,0,0,1,0,0
DATA,2720000,-0.670912,-0.741537,2006.7,8.342,8.220,7.904,84.0,1.776,93.4,65.7,1,0,1,0,0,0,1,0,0
DATA,2722000,-0.671020,-0.741439,1998.3,8.342,8.222,7.904,84.0,1.776,93.4,65.7,1,0,1,0,0,0,1,0,0
DATA,2724000,-0.671128,-0.741342,1997.5,8.342,8.222,7.904,84.0,1.776,93.4,65.7,1,0,1,0,0,0,1,0,0
DATA,2726000,-0.671236,-0.741244,1990.0,8.343,8.222,7.905,84.1,1.776,93.4,65.7,1,0,1,0,0,0,1,0,0
DATA,2728000,-0.671344,-0.741146,1987.5,8.343,8.227,7.905,84.1,1.776,93.4,65.6,1,0,1,0,0,0,1,0,0
DATA,2730000,-0.671451,-0.741049,2000.0,8.343,8.231,7.904,84.0,1.776,93.4,65.6,1,0,1,0,0,0,1,0,0
DATA,2732000,-0.671559,-0.740951,2009.2,8.345,8.239,7.906,84.1,1.776,93.4,65.6,1,0,1,0,0,0,1,0,0
DATA,2734000,-0.671667,-0.740853,2009.2,8.346,8.245,7.905,84.1,1.776,93.4,65.6,1,0,1,0,0,0,1,0,0
DATA,2736000,-0.671775,-0.740756,2027.5,8.347,8.249,7.906,84.1,1.776,93.4,65.6,1,0,1,0,0,0,1,0,0
DATA,2738000,-0.671882,-0.740658,2026.7,8.347,8.249,7.906,84.2,1.776,93.4,65.6,1,0,1,0,0,0,1,0,0
DATA,2740000,-0.671990,-0.740560,2023.3,8.347,8.245,7.906,84.1,1.776,93.4,65.6,1,0,1,0,0,0,1,0,0
DATA,2742000,-0.672098,-0.740462,2026.7,8.347,8.243,7.906,84.1,1.776,93.4,65.6,1,0,1,0,0,0,1,0,0
DATA,2744000,-0.672205,-0.740365,2019.2,8.346,8.237,7.903,84.0,1.776,93.4,65.6,1,0,1,0,0,0,1,0,0
DATA,2746000,-0.672313,-0.740267,2018.3,8.345,8.233,7.906,84.1,1.776,93.4,65.6,1,0,1,0,0,0,1,0,0
DATA,2748000,-0.672421,-0.740169,2015.0,8.345,8.233,7.906,84.1,1.776,93.4,65.6,1,0,1,0,0,0,1,0,0
DATA,2750000,-0.672528,-0.740071,2013.3,8.344,8.229,7.907,84.2,1.776,93.4,65.6,1,0,1,0,0,0,1,0,0
DATA,2752000,-0.672636,-0.739973,2006.7,8.344,8.229,7.906,84.1,1.776,93.4,65.6,1,0,1,0,0,0,1,0,0
DATA,2754000,-0.672744,-0.739876,2000.8,8.343,8.222,7.902,83.9,1.776,93.4,65.6,1,0,1,0,0,0,1,0,0
DATA,2756000,-0.672851,-0.739778,2005.8,8.341,8.212,7.904,84.0,1.776,93.4,65.6,1,0,1,0,0,0,1,0,0
DATA,2758000,-0.672959,-0.739680,2005.8,8.340,8.208,7.905,84.1,1.776,93.4,65.6,1,0,1,0,0,0,1,0,0
DATA,2760000,-0.673066,-0.739582,2000.8,8.339,8.198,7.905,84.1,1.776,93.4,65.6,1,0,1,0,0,0,1,0,0
DATA,2762000,-0.673174,-0.739484,2006.7,8.339,8.198,7.903,84.0,1.776,93.4,65.6,1,0,1,0,0,0,1,0,0
DATA,2764000,-0.673281,-0.739386,2010.0,8.340,8.202,7.906,84.1,1.776,93.4,65.6,1,0,1,0,0,0,1,0,0
DATA,2766000,-0.673389,-0.739288,2017.5,8.340,8.204,7.906,84.2,1.776,93.4,65.6,1,0,1,0,0,0,1,0,0
DATA,2768000,-0.673497,-0.739190,2011.7,8.341,8.210,7.906,84.1,1.776,93.4,65.6,1,0,1,0,0,0,1,0,0
DATA,2770000,-0.673604,-0.739092,2015.0,8.342,8.216,7.906,84.2,1.776,93.4,65.6,1,0,1,0,0,0,1,0,0
DATA,2772000,-0.673712,-0.738994,2019.2,8.342,8.218,7.904,84.0,1.776,93.4,65.6,1,0,1,0,0,0,1,0,0
DATA,2774000,-0.673819,-0.738896,2011.7,8.342,8.222,7.906,84.1,1.776,93.4,65.6,1,0,1,0,0,0,1,0,0
DATA,2776000,-0.673926,-0.738798,2017.5,8.343,8.227,7.907,84.2,1.776,93.4,65.6,1,0,1,0,0,0,1,0,0
DATA,2778000,-0.674034,-0.738700,2015.0,8.344,8.233,7.908,84.3,1.776,93.4,65.6,1,0,1,0,0,0,1,0,0
DATA,2780000,-0.674141,-0.738602,2013.3,8.344,8.235,7.906,84.1,1.776,93.4,65.6,1,0,1,0,0,0,1,0,0
DATA,2782000,-0.674249,-0.738504,2012.5,8.346,8.239,7.907,84.2,1.776,93.4,65.6,1,0,1,0,0,0,1,0,0
DATA,2784000,-0.674356,-0.738406,2012.5,8.346,8.239,7.907,84.2,1.776,93.4,65.6,1,0,1,0,0,0,1,0,0
DATA,2786000,-0.674464,-0.738308,2008.3,8.346,8.237,7.907,84.2,1.776,93.4,65.6,1,0,1,0,0,0,1,0,0
DATA,2788000,-0.674571,-0.738210,2004.2,8.347,8.235,7.907,84.2,1.776,93.4,65.6,1,0,1,0,0,0,1,0,0
DATA,2790000,-0.674678,-0.738112,2002.5,8.347,8.233,7.908,84.3,1.776,93.4,65.4,1,0,1,0,0,0,1,0,0
DATA,2792000,-0.674786,-0.738014,2002.5,8.348,8.235,7.907,84.2,1.776,93.4,65.4,1,0,1,0,0,0,1,0,0
DATA,2794000,-0.674893,-0.737916,2015.8,8.349,8.237,7.908,84.3,1.776,93.4,65.4,1,0,1,0,0,0,1,0,0
DATA,2796000,-0.675000,-0.737818,2009.2,8.350,8.237,7.908,84.3,1.776,93.4,65.4,1,0,1,0,0,0,1,0,0
DATA,2798000,-0.675107,-0.737719,2009.2,8.350,8.239,7.908,84.2,1.776,93.4,65.4,1,0,1,0,0,0,1,0,0
DATA,2800000,-0.675215,-0.737621,2005.8,8.349,8.237,7.908,84.3,1.776,93.4,65.4,1,0,1,0,0,0,1,0,0
DATA,2802000,-0.675322,-0.737523,2006.7,8.349,8.237,7.908,84.3,1.776,93.4,65.4,1,0,1,0,0,0,1,0,0
DATA,2804000,-0.675429,-0.737425,2010.0,8.348,8.233,7.907,84.2,1.776,93.4,65.4,1,0,1,0,0,0,1,0,0
DATA,2806000,-0.675537,-0.737327,2007.5,8.348,8.229,7.909,84.3,1.776,93.4,65.4,1,0,1,0,0,0,1,0,0
DATA,2808000,-0.675644,-0.737228,2006.7,8.349,8.227,7.909,84.3,1.776,93.4,65.4,1,0,1,0,0,0,1,0,0
DATA,2810000,-0.675751,-0.737130,2008.3,8.348,8.222,7.909,84.3,1.776,93.4,65.4,1,0,1,0,0,0,1,0,0
DATA,2812000,-0.675858,-0.737032,2011.7,8.347,8.222,7.909,84.3,1.776,93.4,65.4,1,0,1,0,0,0,1,0,0
DATA,2814000,-0.675965,-0.736933,2011.7,8.346,8.220,7.908,84.2,1.776,93.4,65.4,1,0,1,0,0,0,1,0,0
DATA,2816000,-0.676073,-0.736835,2008.3,8.345,8.220,7.909,84.3,1.776,93.4,65.4,1,0,1,0,0,0,1,0,0
DATA,2818000,-0.676180,-0.736737,2009.2,8.345,8.220,7.910,84.3,1.776,93.4,65.4,1,0,1,0,0,0,1,0,0
DATA,2820000,-0.676287,-0.736638,2008.3,8.345,8.222,7.908,84.3,1.776,93.4,65.4,1,0,1,0,0,0,1,0,0
DATA,2822000,-0.676394,-0.736540,2007.5,8.345,8.225,7.908,84.3,1.776,93.4,65.4,1,0,1,0,0,0,1,0,0
PRED,2822000,8.305,2.067,84.2,84.2
DATA,2824000,-0.676501,-0.736441,2009.2,8.345,8.225,7.909,84.3,1.776,93.4,65.4,1,0,1,0,0,0,1,0,0
DATA,2826000,-0.676608,-0.736343,2009.2,8.344,8.222,7.909,84.3,1.776,93.4,65.4,1,0,1,0,0,0,1,0,0
DATA,2828000,-0.676715,-0.736245,2013.3,8.344,8.220,7.910,84.4,1.776,93.4,65.4,1,0,1,0,0,0,1,0,0
DATA,2830000,-0.676823,-0.736146,2010.8,8.345,8.220,7.910,84.4,1.776,93.4,65.4,1,0,1,0,0,0,1,0,0
DATA,2832000,-0.676930,-0.736048,2008.3,8.345,8.216,7.909,84.3,1.776,93.4,65.4,1,0,1,0,0,0,1,0,0
DATA,2834000,-0.677037,-0.735949,2009.2,8.346,8.216,7.908,84.3,1.776,93.4,65.4,1,0,1,0,0,0,1,0,0
DATA,2836000,-0.677144,-0.735851,2009.2,8.345,8.214,7.911,84.4,1.776,93.4,65.4,1,0,1,0,0,0,1,0,0
DATA,2838000,-0.677251,-0.735752,2010.0,8.345,8.214,7.910,84.4,1.776,93.4,65.4,1,0,1,0,0,0,1,0,0
DATA,2840000,-0.677358,-0.735654,2010.8,8.347,8.220,7.911,84.5,1.776,93.4,65.4,1,0,1,0,0,0,1,0,0
DATA,2842000,-0.677465,-0.735555,2009.2,8.347,8.225,7.912,84.5,1.776,93.4,65.4,1,0,1,0,0,0,1,0,0
DATA,2844000,-0.677572,-0.735457,2008.3,8.348,8.231,7.912,84.5,1.776,93.4,65.4,1,0,1,0,0,0,1,0,0
DATA,2846000,-0.677679,-0.735358,2009.2,8.349,8.235,7.912,84.5,1.776,93.4,65.4,1,0,1,0,0,0,1,0,0
DATA,2848000,-0.677785,-0.735260,2010.8,8.349,8.237,7.911,84.4,1.776,93.4,65.4,1,0,1,0,0,0,1,0,0
DATA,2850000,-0.677893,-0.735161,2010.0,8.349,8.239,7.911,84.4,1.776,93.4,65.4,1,0,1,0,0,0,1,0,0
DATA,2852000,-0.677999,-0.735062,2009.2,8.348,8.233,7.912,84.5,1.776,93.4,65.4,1,0,1,0,0,0,1,0,0
DATA,2854000,-0.678106,-0.734964,2010.0,8.347,8.229,7.910,84.4,1.776,93.4,65.3,1,0,1,0,0,0,1,0,0
DATA,2856000,-0.678213,-0.734865,2010.0,8.346,8.225,7.912,84.5,1.776,93.4,65.3,1,0,1,0,0,0,1,0,0
DATA,2858000,-0.678320,-0.734766,2008.3,8.346,8.220,7.911,84.5,1.776,93.4,65.3,1,0,1,0,0,0,1,0,0
DATA,2860000,-0.678427,-0.734668,2017.5,8.345,8.225,7.911,84.4,1.776,93.4,65.3,1,0,1,0,0,0,1,0,0
DATA,2862000,-0.678534,-0.734569,2010.8,8.346,8.225,7.910,84.4,1.776,93.4,65.3,1,0,1,0,0,0,1,0,0
DATA,2864000,-0.678641,-0.734470,2010.0,8.346,8.225,7.912,84.5,1.776,93.4,65.3,1,0,1,0,0,0,1,0,0
DATA,2866000,-0.678747,-0.734372,2012.5,8.347,8.227,7.912,84.5,1.776,93.4,65.3,1,0,1,0,0,0,1,0,0
DATA,2868000,-0.678854,-0.734273,2010.0,8.348,8.225,7.912,84.5,1.776,93.4,65.3,1,0,1,0,0,0,1,0,0
DATA,2870000,-0.678961,-0.734174,2011.7,8.348,8.227,7.913,84.6,1.776,93.4,65.3,1,0,1,0,0,0,1,0,0
DATA,2872000,-0.679068,-0.734076,2013.3,8.349,8.229,7.913,84.6,1.776,93.4,65.3,1,0,1,0,0,0,1,0,0
DATA,2874000,-0.679175,-0.733977,2010.8,8.348,8.231,7.914,84.6,1.776,93.4,65.3,1,0,1,0,0,0,1,0,0
DATA,2876000,-0.679281,-0.733878,2010.8,8.347,8.233,7.913,84.6,1.776,93.4,65.3,1,0,1,0,0,0,1,0,0
DATA,2878000,-0.679388,-0.733779,2010.8,8.347,8.235,7.913,84.6,1.776,93.4,65.3,1,0,1,0,0,0,1,0,0
DATA,2880000,-0.679495,-0.733680,2011.7,8.344,8.233,7.905,84.1,1.776,93.4,65.3,1,0,1,0,0,0,1,0,0
DATA,2882000,-0.679602,-0.733581,2012.5,8.343,8.229,7.909,84.3,1.776,93.4,65.3,1,0,1,0,0,0,1,0,0
DATA,2884000,-0.679708,-0.733483,2013.3,8.342,8.225,7.902,83.9,1.776,93.4,65.3,1,0,1,0,0,0,1,0,0
DATA,2886000,-0.679815,-0.733384,2007.5,8.340,8.218,7.902,83.9,1.776,93.4,65.3,1,0,1,0,0,0,1,0,0
DATA,2888000,-0.679921,-0.733285,2019.2,8.343,8.218,7.912,84.5,1.776,93.4,65.3,1,0,1,0,0,0,1,0,0
DATA,2890000,-0.680028,-0.733186,2014.2,8.345,8.220,7.908,84.3,1.776,93.4,65.3,1,0,1,0,0,0,1,0,0
DATA,2892000,-0.680135,-0.733087,2011.7,8.347,8.222,7.911,84.4,1.776,93.4,65.3,1,0,1,0,0,0,1,0,0
DATA,2894000,-0.680241,-0.732988,2011.7,8.348,8.227,7.912,84.5,1.776,93.4,65.3,1,0,1,0,0,0,1,0,0
DATA,2896000,-0.680348,-0.732889,2012.5,8.348,8.229,7.912,84.5,1.776,93.4,65.3,1,0,1,0,0,0,1,0,0
DATA,2898000,-0.680455,-0.732790,2013.3,8.348,8.229,7.910,84.4,1.776,93.4,65.3,1,0,1,0,0,0,1,0,0
DATA,2900000,-0.680561,-0.732691,2012.5,8.348,8.227,7.909,84.3,1.776,93.4,65.3,1,0,1,0,0,0,1,0,0
DATA,2902000,-0.680668,-0.732592,2014.2,8.349,8.225,7.912,84.5,1.776,93.4,65.3,1,0,1,0,0,0,1,0,0
DATA,2904000,-0.680774,-0.732493,2017.5,8.348,8.222,7.907,84.2,1.776,93.4,65.3,1,0,1,0,0,0,1,0,0
DATA,2906000,-0.680881,-0.732394,2013.3,8.349,8.222,7.913,84.6,1.776,93.4,65.3,1,0,1,0,0,0,1,0,0
DATA,2908000,-0.680987,-0.732295,2013.3,8.350,8.222,7.913,84.6,1.776,93.4,65.3,1,0,1,0,0,0,1,0,0
DATA,2910000,-0.681094,-0.732196,2013.3,8.349,8.222,7.912,84.5,1.776,93.4,65.3,1,0,1,0,0,0,1,0,0
DATA,2912000,-0.681200,-0.732097,2014.2,8.351,8.220,7.912,84.5,1.776,93.4,65.3,1,0,1,0,0,0,1,0,0
DATA,2914000,-0.681307,-0.731998,2014.2,8.351,8.220,7.908,84.3,1.776,93.4,65.1,1,0,1,0,0,0,1,0,0
DATA,2916000,-0.681413,-0.731899,2014.2,8.351,8.222,7.911,84.4,1.776,93.4,65.1,1,0,1,0,0,0,1,0,0
DATA,2918000,-0.681520,-0.731800,2013.3,8.352,8.225,7.914,84.6,1.776,93.4,65.1,1,0,1,0,0,0,1,0,0
DATA,2920000,-0.681626,-0.731701,2014.2,8.352,8.227,7.910,84.3,1.776,93.4,65.1,1,0,1,0,0,0,1,0,0
DATA,2922000,-0.681732,-0.731602,2014.2,8.351,8.227,7.915,84.7,1.776,93.4,65.1,1,0,1,0,0,0,1,0,0
DATA,2924000,-0.681839,-0.731503,2014.2,8.353,8.227,7.911,84.4,1.776,93.4,65.1,1,0,1,0,0,0,1,0,0
DATA,2926000,-0.681945,-0.731403,2014.2,8.351,8.225,7.913,84.6,1.776,93.4,65.1,1,0,1,0,0,0,1,0,0
DATA,2928000,-0.682051,-0.731304,2014.2,8.352,8.227,7.915,84.7,1.776,93.4,65.1,1,0,1,0,0,0,1,0,0
DATA,2930000,-0.682158,-0.731205,2015.0,8.352,8.229,7.916,84.7,1.776,93.4,65.1,1,0,1,0,0,0,1,0,0
DATA,2932000,-0.682264,-0.731106,2014.2,8.352,8.227,7.916,84.7,1.776,93.4,65.1,1,0,1,0,0,0,1,0,0
DATA,2934000,-0.682371,-0.731006,2014.2,8.352,8.225,7.913,84.6,1.776,93.4,65.1,1,0,1,0,0,0,1,0,0
DATA,2936000,-0.682477,-0.730907,2008.3,8.351,8.220,7.914,84.6,1.776,93.4,65.1,1,0,1,0,0,0,1,0,0
DATA,2938000,-0.682583,-0.730808,1835.0,8.350,8.220,7.916,84.7,1.776,93.4,65.1,1,0,1,0,0,0,1,0,0
DATA,2940000,-0.682689,-0.730709,1851.7,8.350,8.220,7.915,84.7,1.776,93.4,65.1,1,0,1,0,0,0,1,0,0
DATA,2942000,-0.682796,-0.730609,2140.8,8.350,8.222,7.916,84.8,1.776,93.4,65.1,1,0,1,0,0,0,1,0,0
DATA,2944000,-0.682902,-0.730510,2500.0,8.347,8.220,7.909,84.3,1.776,93.4,65.1,1,0,1,0,0,0,1,0,0
DATA,2946000,-0.683008,-0.730411,2500.0,8.345,8.212,7.914,84.6,1.776,93.4,65.1,1,0,1,0,0,0,1,0,0
DATA,2948000,-0.683115,-0.730311,2500.0,8.343,8.208,7.914,84.6,1.776,93.4,65.1,1,0,1,0,0,0,1,0,0
DATA,2950000,-0.683221,-0.730212,2500.0,8.342,8.202,7.911,84.5,1.776,93.4,65.1,1,0,1,0,0,0,1,0,0
DATA,2952000,-0.683327,-0.730112,2500.0,8.345,8.204,7.914,84.6,1.776,93.4,65.1,1,0,1,0,0,0,1,0,0
DATA,2954000,-0.683433,-0.730013,2500.0,8.347,8.212,7.914,84.6,1.776,93.4,65.1,1,0,1,0,0,0,1,0,0
DATA,2956000,-0.683539,-0.729914,2500.0,8.347,8.214,7.916,84.7,1.776,93.4,65.1,1,0,1,0,0,0,1,0,0
DATA,2958000,-0.683645,-0.729814,2500.0,8.349,8.220,7.915,84.7,1.776,93.4,65.1,1,0,1,0,0,0,1,0,0
DATA,2960000,-0.683752,-0.729715,2500.0,8.350,8.222,7.915,84.7,1.776,93.4,65.1,1,0,1,0,0,0,1,0,0
DATA,2962000,-0.683858,-0.729616,2500.0,8.351,8.216,7.915,84.7,1.776,93.4,65.1,1,0,1,0,0,0,1,0,0
DATA,2964000,-0.683964,-0.729516,2500.0,8.349,8.212,7.913,84.6,1.776,93.4,65.1,1,0,1,0,0,0,1,0,0
DATA,2966000,-0.684070,-0.729417,2500.0,8.349,8.208,7.915,84.7,1.776,93.4,65.1,1,0,1,0,0,0,1,0,0
DATA,2968000,-0.684176,-0.729317,2500.0,8.349,8.204,7.916,84.7,1.776,93.4,65.1,1,0,1,0,0,0,1,0,0
DATA,2970000,-0.684282,-0.729217,2500.0,8.348,8.202,7.915,84.7,1.776,93.4,65.1,1,0,1,0,0,0,1,0,0
DATA,2972000,-0.684388,-0.729118,2500.0,8.350,8.200,7.916,84.7,1.776,93.4,65.1,1,0,1,0,0,0,1,0,0
DATA,2974000,-0.684494,-0.729018,2500.0,8.349,8.196,7.914,84.6,1.776,93.4,65.1,1,0,1,0,0,0,1,0,0
DATA,2976000,-0.684600,-0.728919,2500.0,8.349,8.196,7.917,84.8,1.776,93.4,65.0,1,0,1,0,0,0,1,0,0
DATA,2978000,-0.684706,-0.728819,2500.0,8.349,8.198,7.917,84.8,1.776,93.4,65.0,1,0,1,0,0,0,1,0,0
DATA,2980000,-0.684812,-0.728720,2500.0,8.348,8.200,7.912,84.5,1.776,93.4,65.0,1,0,1,0,0,0,1,0,0
DATA,2982000,-0.684918,-0.728620,2500.0,8.348,8.204,7.916,84.7,1.776,93.4,65.0,1,0,1,0,0,0,1,0,0
DATA,2984000,-0.685024,-0.728520,2500.0,8.348,8.204,7.914,84.6,1.776,93.4,65.0,1,0,1,0,0,0,1,0,0
DATA,2986000,-0.685130,-0.728421,2500.0,8.346,8.200,7.916,84.7,1.776,93.4,65.0,1,0,1,0,0,0,1,0,0
DATA,2988000,-0.685236,-0.728321,2500.0,8.348,8.202,7.917,84.8,1.776,93.4,65.0,1,0,1,0,0,0,1,0,0
DATA,2990000,-0.685342,-0.728221,2500.0,8.349,8.202,7.916,84.7,1.776,93.4,65.0,1,0,1,0,0,0,1,0,0
DATA,2992000,-0.685448,-0.728122,2500.0,8.349,8.202,7.916,84.8,1.776,93.4,65.0,1,0,1,0,0,0,1,0,0
DATA,2994000,-0.685554,-0.728022,2500.0,8.352,8.206,7.915,84.7,1.776,93.4,65.0,1,0,1,0,0,0,1,0,0
DATA,2996000,-0.685660,-0.727922,2500.0,8.351,8.206,7.917,84.8,1.776,93.4,65.0,1,0,1,0,0,0,1,0,0
DATA,2998000,-0.685765,-0.727823,2500.0,8.351,8.204,7.916,84.8,1.776,93.4,65.0,1,0,1,0,0,0,1,0,0
DATA,3000000,-0.685871,-0.727723,2500.0,8.350,8.204,7.917,84.8,1.776,93.4,65.0,1,0,1,0,0,0,1,0,0
DATA,3002000,-0.685977,-0.727623,2500.0,8.351,8.204,7.916,84.8,1.776,93.4,65.0,1,0,1,0,0,0,1,0,0
DATA,3004000,-0.686083,-0.727523,2500.0,8.350,8.202,7.913,84.6,1.776,93.4,65.0,1,0,1,0,0,0,1,0,0
DATA,3006000,-0.686189,-0.727424,2500.0,8.349,8.200,7.916,84.7,1.776,93.4,65.0,1,0,1,0,0,0,1,0,0
DATA,3008000,-0.686295,-0.727324,2500.0,8.348,8.196,7.917,84.8,1.776,93.4,65.0,1,0,1,0,0,0,1,0,0
DATA,3010000,-0.686400,-0.727224,2500.0,8.348,8.192,7.919,84.9,1.776,93.4,65.0,1,0,1,0,0,0,1,0,0
DATA,3012000,-0.686506,-0.727124,2500.0,8.347,8.190,7.919,84.9,1.776,93.4,65.0,1,0,1,0,0,0,1,0,0
DATA,3014000,-0.686612,-0.727024,2500.0,8.349,8.192,7.917,84.8,1.776,93.4,65.0,1,0,1,0,0,0,1,0,0
DATA,3016000,-0.686718,-0.726924,2500.0,8.350,8.196,7.919,84.9,1.776,93.4,65.0,1,0,1,0,0,0,1,0,0
DATA,3018000,-0.686824,-0.726824,2500.0,8.350,8.200,7.919,84.9,1.776,93.4,65.0,1,0,1,0,0,0,1,0,0
DATA,3020000,-0.686929,-0.726724,2500.0,8.351,8.204,7.919,84.9,1.776,93.4,65.0,1,0,1,0,0,0,1,0,0
DATA,3022000,-0.687035,-0.726624,2500.0,8.350,8.204,7.919,84.9,1.776,93.4,65.0,1,0,1,0,0,0,1,0,0
DATA,3024000,-0.687140,-0.726525,2500.0,8.349,8.202,7.914,84.6,1.776,93.4,65.0,1,0,1,0,0,0,1,0,0
DATA,3026000,-0.687246,-0.726424,2500.0,8.349,8.204,7.920,85.0,1.776,93.4,65.0,1,0,1,0,0,0,1,0,0
DATA,3028000,-0.687352,-0.726325,2500.0,8.347,8.202,7.918,84.9,1.776,93.4,65.0,1,0,1,0,0,0,1,0,0
DATA,3030000,-0.687458,-0.726225,2500.0,8.347,8.204,7.919,85.0,1.776,93.4,65.0,1,0,1,0,0,0,1,0,0
DATA,3032000,-0.687563,-0.726125,2500.0,8.349,8.206,7.918,84.9,1.776,93.4,65.0,1,0,1,0,0,0,1,0,0
DATA,3034000,-0.687669,-0.726025,2500.0,8.348,8.202,7.917,84.8,1.776,93.4,65.0,1,0,1,0,0,0,1,0,0
DATA,3036000,-0.687774,-0.725925,2500.0,8.350,8.200,7.917,84.8,1.776,93.4,65.0,1,0,1,0,0,0,1,0,0
DATA,3038000,-0.687880,-0.725825,2500.0,8.350,8.196,7.918,84.9,1.776,93.4,64.8,1,0,1,0,0,0,1,0,0
DATA,3040000,-0.687985,-0.725725,2500.0,8.347,8.188,7.909,84.3,1.776,93.4,64.8,1,0,1,0,0,0,1,0,0
DATA,3042000,-0.688091,-0.725625,2500.0,8.346,8.182,7.915,84.7,1.776,93.4,64.8,1,0,1,0,0,0,1,0,0
DATA,3044000,-0.688196,-0.725524,2500.0,8.346,8.182,7.919,84.9,1.776,93.4,64.8,1,0,1,0,0,0,1,0,0
DATA,3046000,-0.688302,-0.725425,2500.0,8.347,8.182,7.919,84.9,1.776,93.4,64.8,1,0,1,0,0,0,1,0,0
DATA,3048000,-0.688407,-0.725324,2500.0,8.349,8.190,7.920,85.0,1.776,93.4,64.8,1,0,1,0,0,0,1,0,0
DATA,3050000,-0.688513,-0.725224,2500.0,8.351,8.194,7.921,85.1,1.776,93.4,64.8,1,0,1,0,0,0,1,0,0
DATA,3052000,-0.688618,-0.725124,2500.0,8.353,8.200,7.922,85.1,1.776,93.4,64.8,1,0,1,0,0,0,1,0,0
DATA,3054000,-0.688724,-0.725024,2500.0,8.353,8.204,7.920,85.0,1.776,93.4,64.8,1,0,1,0,0,0,1,0,0
DATA,3056000,-0.688829,-0.724924,2500.0,8.353,8.208,7.920,85.0,1.776,93.4,64.8,1,0,1,0,0,0,1,0,0
DATA,3058000,-0.688934,-0.724824,2500.0,8.353,8.206,7.921,85.0,1.776,93.4,64.8,1,0,1,0,0,0,1,0,0
DATA,3060000,-0.689040,-0.724723,2500.0,8.352,8.202,7.921,85.1,1.776,93.4,64.8,1,0,1,0,0,0,1,0,0
DATA,3062000,-0.689145,-0.724623,2500.0,8.351,8.196,7.921,85.1,1.776,93.4,64.8,1,0,1,0,0,0,1,0,0
DATA,3064000,-0.689251,-0.724523,2500.0,8.350,8.190,7.921,85.0,1.776,93.4,64.8,1,0,1,0,0,0,1,0,0
DATA,3066000,-0.689356,-0.724422,2500.0,8.350,8.190,7.920,85.0,1.776,93.4,64.8,1,0,1,0,0,0,1,0,0
PRED,3066000,8.305,2.113,84.6,84.6
DATA,3068000,-0.689462,-0.724322,2500.0,8.351,8.194,7.921,85.0,1.776,93.4,64.8,1,0,1,0,0,0,1,0,0
DATA,3070000,-0.689567,-0.724222,2500.0,8.353,8.200,7.921,85.0,1.776,93.4,64.8,1,0,1,0,0,0,1,0,0
DATA,3072000,-0.689672,-0.724122,2500.0,8.354,8.206,7.922,85.1,1.776,93.4,64.8,1,0,1,0,0,0,1,0,0
DATA,3074000,-0.689778,-0.724021,2500.0,8.356,8.210,7.922,85.1,1.776,93.4,64.8,1,0,1,0,0,0,1,0,0
DATA,3076000,-0.689883,-0.723921,2500.0,8.356,8.212,7.924,85.2,1.776,93.4,64.8,1,0,1,0,0,0,1,0,0
DATA,3078000,-0.689988,-0.723821,2500.0,8.356,8.214,7.923,85.2,1.776,93.4,64.8,1,0,1,0,0,0,1,0,0
DATA,3080000,-0.690093,-0.723720,2500.0,8.356,8.214,7.923,85.2,1.776,93.4,64.8,1,0,1,0,0,0,1,0,0
DATA,3082000,-0.690199,-0.723620,2500.0,8.357,8.216,7.924,85.2,1.776,93.4,64.8,1,0,1,0,0,0,1,0,0
DATA,3084000,-0.690304,-0.723520,2500.0,8.358,8.218,7.924,85.2,1.776,93.4,64.8,1,0,1,0,0,0,1,0,0
DATA,3086000,-0.690409,-0.723419,2500.0,8.359,8.220,7.924,85.3,1.776,93.4,64.8,1,0,1,0,0,0,1,0,0
DATA,3088000,-0.690514,-0.723319,2500.0,8.360,8.222,7.924,85.3,1.776,93.4,64.8,1,0,1,0,0,0,1,0,0
DATA,3090000,-0.690620,-0.723218,2500.0,8.359,8.218,7.924,85.2,1.776,93.4,64.8,1,0,1,0,0,0,1,0,0
DATA,3092000,-0.690725,-0.723118,2500.0,8.357,8.216,7.923,85.2,1.776,93.4,64.8,1,0,1,0,0,0,1,0,0
DATA,3094000,-0.690830,-0.723017,2500.0,8.356,8.216,7.923,85.2,1.776,93.4,64.8,1,0,1,0,0,0,1,0,0
DATA,3096000,-0.690935,-0.722917,2500.0,8.356,8.216,7.924,85.3,1.776,93.4,64.8,1,0,1,0,0,0,1,0,0
DATA,3098000,-0.691040,-0.722816,2500.0,8.357,8.220,7.925,85.3,1.776,93.4,64.8,1,0,1,0,0,0,1,0,0
DATA,3100000,-0.691145,-0.722716,2500.0,8.358,8.222,7.925,85.3,1.776,93.4,64.7,1,0,1,0,0,0,1,0,0
DATA,3102000,-0.691250,-0.722615,2500.0,8.358,8.218,7.924,85.3,1.776,93.4,64.7,1,0,1,0,0,0,1,0,0
DATA,3104000,-0.691355,-0.722515,2500.0,8.357,8.214,7.922,85.2,1.776,93.4,64.7,1,0,1,0,0,0,1,0,0
DATA,3106000,-0.691461,-0.722414,2500.0,8.356,8.210,7.924,85.2,1.776,93.4,64.7,1,0,1,0,0,0,1,0,0
DATA,3108000,-0.691566,-0.722314,2500.0,8.355,8.206,7.924,85.3,1.776,93.4,64.7,1,0,1,0,0,0,1,0,0
DATA,3110000,-0.691671,-0.722213,2500.0,8.356,8.208,7.924,85.3,1.776,93.4,64.7,1,0,1,0,0,0,1,0,0
DATA,3112000,-0.691776,-0.722112,2500.0,8.357,8.210,7.924,85.3,1.776,93.4,64.7,1,0,1,0,0,0,1,0,0
DATA,3114000,-0.691881,-0.722012,2500.0,8.357,8.212,7.924,85.3,1.776,93.4,64.7,1,0,1,0,0,0,1,0,0
DATA,3116000,-0.691986,-0.721911,2500.0,8.358,8.216,7.926,85.4,1.776,93.4,64.7,1,0,1,0,0,0,1,0,0
DATA,3118000,-0.692091,-0.721810,1761.7,8.358,8.216,7.925,85.3,1.776,93.4,64.7,1,0,1,0,0,0,1,0,0
DATA,3120000,-0.692196,-0.721710,1762.5,8.358,8.216,7.925,85.3,1.776,93.4,64.7,1,0,1,0,0,0,1,0,0
DATA,3122000,-0.692301,-0.721609,1765.0,8.358,8.218,7.925,85.3,1.776,93.4,64.7,1,0,1,0,0,0,1,0,0
