#pragma once
#include <stdint.h>

const unsigned int g_energy_lstm_int8_tflite_len = 57048;
const unsigned char g_energy_lstm_int8_tflite[] = {
  0x20, 0x00, 0x00, 0x00, 0x54, 0x46, 0x4c, 0x33, 0x00, 0x00, 0x00, 0x00,
  0x14, 0x00, 0x20, 0x00, 0x1c, 0x00, 0x18, 0x00, 0x14, 0x00, 0x10, 0x00,
  0x0c, 0x00, 0x00, 0x00, 0x08, 0x00, 0x04, 0x00, 0x14, 0x00, 0x00, 0x00,
  0x1c, 0x00, 0x00, 0x00, 0x90, 0x00, 0x00, 0x00, 0xe8, 0x00, 0x00, 0x00,
  0xd8, 0x1c, 0x00, 0x00, 0xe8, 0x1c, 0x00, 0x00, 0x94, 0xdd, 0x00, 0x00,
  0x03, 0x00, 0x00, 0x00, 0x01, 0x00, 0x00, 0x00, 0x04, 0x00, 0x00, 0x00,
  0xee, 0xc1, 0xff, 0xff, 0x0c, 0x00, 0x00, 0x00, 0x1c, 0x00, 0x00, 0x00,
  0x40, 0x00, 0x00, 0x00, 0x0f, 0x00, 0x00, 0x00, 0x73, 0x65, 0x72, 0x76,
  0x69, 0x6e, 0x67, 0x5f, 0x64, 0x65, 0x66, 0x61, 0x75, 0x6c, 0x74, 0x00,
  0x01, 0x00, 0x00, 0x00, 0x04, 0x00, 0x00, 0x00, 0x8c, 0xff, 0xff, 0xff,
  0xed, 0x00, 0x00, 0x00, 0x04, 0x00, 0x00, 0x00, 0x0e, 0x00, 0x00, 0x00,
  0x73, 0x63, 0x61, 0x6c, 0x65, 0x64, 0x5f, 0x6f, 0x75, 0x74, 0x70, 0x75,
  0x74, 0x73, 0x00, 0x00, 0x01, 0x00, 0x00, 0x00, 0x04, 0x00, 0x00, 0x00,
  0x8e, 0xc2, 0xff, 0xff, 0x04, 0x00, 0x00, 0x00, 0x0f, 0x00, 0x00, 0x00,
  0x65, 0x6e, 0x65, 0x72, 0x67, 0x79, 0x5f, 0x73, 0x65, 0x71, 0x75, 0x65,
  0x6e, 0x63, 0x65, 0x00, 0x02, 0x00, 0x00, 0x00, 0x34, 0x00, 0x00, 0x00,
  0x04, 0x00, 0x00, 0x00, 0xdc, 0xff, 0xff, 0xff, 0xf0, 0x00, 0x00, 0x00,
  0x04, 0x00, 0x00, 0x00, 0x13, 0x00, 0x00, 0x00, 0x43, 0x4f, 0x4e, 0x56,
  0x45, 0x52, 0x53, 0x49, 0x4f, 0x4e, 0x5f, 0x4d, 0x45, 0x54, 0x41, 0x44,
  0x41, 0x54, 0x41, 0x00, 0x08, 0x00, 0x0c, 0x00, 0x08, 0x00, 0x04, 0x00,
  0x08, 0x00, 0x00, 0x00, 0xef, 0x00, 0x00, 0x00, 0x04, 0x00, 0x00, 0x00,
  0x13, 0x00, 0x00, 0x00, 0x6d, 0x69, 0x6e, 0x5f, 0x72, 0x75, 0x6e, 0x74,
  0x69, 0x6d, 0x65, 0x5f, 0x76, 0x65, 0x72, 0x73, 0x69, 0x6f, 0x6e, 0x00,
  0xf1, 0x00, 0x00, 0x00, 0xec, 0x1b, 0x00, 0x00, 0xe4, 0x1b, 0x00, 0x00,
  0xd0, 0x1b, 0x00, 0x00, 0xbc, 0x1b, 0x00, 0x00, 0xa0, 0x1b, 0x00, 0x00,
  0x8c, 0x1b, 0x00, 0x00, 0x84, 0x1b, 0x00, 0x00, 0x68, 0x1b, 0x00, 0x00,
  0x10, 0x1b, 0x00, 0x00, 0xa0, 0x1a, 0x00, 0x00, 0x50, 0x18, 0x00, 0x00,
  0xe0, 0x17, 0x00, 0x00, 0xb0, 0x10, 0x00, 0x00, 0xa0, 0x07, 0x00, 0x00,
  0x8c, 0x07, 0x00, 0x00, 0x84, 0x07, 0x00, 0x00, 0x7c, 0x07, 0x00, 0x00,
  0x74, 0x07, 0x00, 0x00, 0x6c, 0x07, 0x00, 0x00, 0x64, 0x07, 0x00, 0x00,
  0x5c, 0x07, 0x00, 0x00, 0x54, 0x07, 0x00, 0x00, 0x4c, 0x07, 0x00, 0x00,
  0x44, 0x07, 0x00, 0x00, 0x3c, 0x07, 0x00, 0x00, 0x34, 0x07, 0x00, 0x00,
  0x2c, 0x07, 0x00, 0x00, 0x24, 0x07, 0x00, 0x00, 0x1c, 0x07, 0x00, 0x00,
  0x14, 0x07, 0x00, 0x00, 0x0c, 0x07, 0x00, 0x00, 0x04, 0x07, 0x00, 0x00,
  0xfc, 0x06, 0x00, 0x00, 0xf4, 0x06, 0x00, 0x00, 0xec, 0x06, 0x00, 0x00,
  0xe4, 0x06, 0x00, 0x00, 0xdc, 0x06, 0x00, 0x00, 0xd4, 0x06, 0x00, 0x00,
  0xcc, 0x06, 0x00, 0x00, 0xc4, 0x06, 0x00, 0x00, 0xbc, 0x06, 0x00, 0x00,
  0xb4, 0x06, 0x00, 0x00, 0xac, 0x06, 0x00, 0x00, 0xa4, 0x06, 0x00, 0x00,
  0x9c, 0x06, 0x00, 0x00, 0x94, 0x06, 0x00, 0x00, 0x8c, 0x06, 0x00, 0x00,
  0x84, 0x06, 0x00, 0x00, 0x7c, 0x06, 0x00, 0x00, 0x74, 0x06, 0x00, 0x00,
  0x6c, 0x06, 0x00, 0x00, 0x64, 0x06, 0x00, 0x00, 0x5c, 0x06, 0x00, 0x00,
  0x54, 0x06, 0x00, 0x00, 0x4c, 0x06, 0x00, 0x00, 0x44, 0x06, 0x00, 0x00,
  0x3c, 0x06, 0x00, 0x00, 0x34, 0x06, 0x00, 0x00, 0x2c, 0x06, 0x00, 0x00,
  0x24, 0x06, 0x00, 0x00, 0x1c, 0x06, 0x00, 0x00, 0x14, 0x06, 0x00, 0x00,
  0x0c, 0x06, 0x00, 0x00, 0x04, 0x06, 0x00, 0x00, 0xfc, 0x05, 0x00, 0x00,
  0xf4, 0x05, 0x00, 0x00, 0xec, 0x05, 0x00, 0x00, 0xe4, 0x05, 0x00, 0x00,
  0xdc, 0x05, 0x00, 0x00, 0xd4, 0x05, 0x00, 0x00, 0xcc, 0x05, 0x00, 0x00,
  0xc4, 0x05, 0x00, 0x00, 0xbc, 0x05, 0x00, 0x00, 0xb4, 0x05, 0x00, 0x00,
  0xac, 0x05, 0x00, 0x00, 0xa4, 0x05, 0x00, 0x00, 0x9c, 0x05, 0x00, 0x00,
  0x94, 0x05, 0x00, 0x00, 0x8c, 0x05, 0x00, 0x00, 0x84, 0x05, 0x00, 0x00,
  0x7c, 0x05, 0x00, 0x00, 0x74, 0x05, 0x00, 0x00, 0x6c, 0x05, 0x00, 0x00,
  0x64, 0x05, 0x00, 0x00, 0x5c, 0x05, 0x00, 0x00, 0x54, 0x05, 0x00, 0x00,
  0x4c, 0x05, 0x00, 0x00, 0x44, 0x05, 0x00, 0x00, 0x3c, 0x05, 0x00, 0x00,
  0x34, 0x05, 0x00, 0x00, 0x2c, 0x05, 0x00, 0x00, 0x24, 0x05, 0x00, 0x00,
  0x1c, 0x05, 0x00, 0x00, 0x14, 0x05, 0x00, 0x00, 0x0c, 0x05, 0x00, 0x00,
  0x04, 0x05, 0x00, 0x00, 0xfc, 0x04, 0x00, 0x00, 0xf4, 0x04, 0x00, 0x00,
  0xec, 0x04, 0x00, 0x00, 0xe4, 0x04, 0x00, 0x00, 0xdc, 0x04, 0x00, 0x00,
  0xd4, 0x04, 0x00, 0x00, 0xcc, 0x04, 0x00, 0x00, 0xc4, 0x04, 0x00, 0x00,
  0xbc, 0x04, 0x00, 0x00, 0xb4, 0x04, 0x00, 0x00, 0xac, 0x04, 0x00, 0x00,
  0xa4, 0x04, 0x00, 0x00, 0x9c, 0x04, 0x00, 0x00, 0x94, 0x04, 0x00, 0x00,
  0x8c, 0x04, 0x00, 0x00, 0x84, 0x04, 0x00, 0x00, 0x7c, 0x04, 0x00, 0x00,
  0x74, 0x04, 0x00, 0x00, 0x6c, 0x04, 0x00, 0x00, 0x64, 0x04, 0x00, 0x00,
  0x5c, 0x04, 0x00, 0x00, 0x54, 0x04, 0x00, 0x00, 0x4c, 0x04, 0x00, 0x00,
  0x44, 0x04, 0x00, 0x00, 0x3c, 0x04, 0x00, 0x00, 0x34, 0x04, 0x00, 0x00,
  0x2c, 0x04, 0x00, 0x00, 0x24, 0x04, 0x00, 0x00, 0x1c, 0x04, 0x00, 0x00,
  0x14, 0x04, 0x00, 0x00, 0x0c, 0x04, 0x00, 0x00, 0x04, 0x04, 0x00, 0x00,
  0xfc, 0x03, 0x00, 0x00, 0xf4, 0x03, 0x00, 0x00, 0xec, 0x03, 0x00, 0x00,
  0xe4, 0x03, 0x00, 0x00, 0xdc, 0x03, 0x00, 0x00, 0xd4, 0x03, 0x00, 0x00,
  0xcc, 0x03, 0x00, 0x00, 0xc4, 0x03, 0x00, 0x00, 0xbc, 0x03, 0x00, 0x00,
  0xb4, 0x03, 0x00, 0x00, 0xac, 0x03, 0x00, 0x00, 0xa4, 0x03, 0x00, 0x00,
  0x9c, 0x03, 0x00, 0x00, 0x94, 0x03, 0x00, 0x00, 0x8c, 0x03, 0x00, 0x00,
  0x84, 0x03, 0x00, 0x00, 0x7c, 0x03, 0x00, 0x00, 0x74, 0x03, 0x00, 0x00,
  0x6c, 0x03, 0x00, 0x00, 0x64, 0x03, 0x00, 0x00, 0x5c, 0x03, 0x00, 0x00,
  0x54, 0x03, 0x00, 0x00, 0x4c, 0x03, 0x00, 0x00, 0x44, 0x03, 0x00, 0x00,
  0x3c, 0x03, 0x00, 0x00, 0x34, 0x03, 0x00, 0x00, 0x2c, 0x03, 0x00, 0x00,
  0x24, 0x03, 0x00, 0x00, 0x1c, 0x03, 0x00, 0x00, 0x14, 0x03, 0x00, 0x00,
  0x0c, 0x03, 0x00, 0x00, 0x04, 0x03, 0x00, 0x00, 0xfc, 0x02, 0x00, 0x00,
  0xf4, 0x02, 0x00, 0x00, 0xec, 0x02, 0x00, 0x00, 0xe4, 0x02, 0x00, 0x00,
  0xdc, 0x02, 0x00, 0x00, 0xd4, 0x02, 0x00, 0x00, 0xcc, 0x02, 0x00, 0x00,
  0xc4, 0x02, 0x00, 0x00, 0xbc, 0x02, 0x00, 0x00, 0xb4, 0x02, 0x00, 0x00,
  0xac, 0x02, 0x00, 0x00, 0xa4, 0x02, 0x00, 0x00, 0x9c, 0x02, 0x00, 0x00,
  0x94, 0x02, 0x00, 0x00, 0x8c, 0x02, 0x00, 0x00, 0x84, 0x02, 0x00, 0x00,
  0x7c, 0x02, 0x00, 0x00, 0x74, 0x02, 0x00, 0x00, 0x6c, 0x02, 0x00, 0x00,
  0x64, 0x02, 0x00, 0x00, 0x5c, 0x02, 0x00, 0x00, 0x54, 0x02, 0x00, 0x00,
  0x4c, 0x02, 0x00, 0x00, 0x44, 0x02, 0x00, 0x00, 0x3c, 0x02, 0x00, 0x00,
  0x34, 0x02, 0x00, 0x00, 0x2c, 0x02, 0x00, 0x00, 0x24, 0x02, 0x00, 0x00,
  0x1c, 0x02, 0x00, 0x00, 0x14, 0x02, 0x00, 0x00, 0x0c, 0x02, 0x00, 0x00,
  0x04, 0x02, 0x00, 0x00, 0xfc, 0x01, 0x00, 0x00, 0xf4, 0x01, 0x00, 0x00,
  0xec, 0x01, 0x00, 0x00, 0xe4, 0x01, 0x00, 0x00, 0xdc, 0x01, 0x00, 0x00,
  0xd4, 0x01, 0x00, 0x00, 0xcc, 0x01, 0x00, 0x00, 0xc4, 0x01, 0x00, 0x00,
  0xbc, 0x01, 0x00, 0x00, 0xb4, 0x01, 0x00, 0x00, 0xac, 0x01, 0x00, 0x00,
  0xa4, 0x01, 0x00, 0x00, 0x9c, 0x01, 0x00, 0x00, 0x94, 0x01, 0x00, 0x00,
  0x8c, 0x01, 0x00, 0x00, 0x84, 0x01, 0x00, 0x00, 0x7c, 0x01, 0x00, 0x00,
  0x74, 0x01, 0x00, 0x00, 0x6c, 0x01, 0x00, 0x00, 0x64, 0x01, 0x00, 0x00,
  0x5c, 0x01, 0x00, 0x00, 0x54, 0x01, 0x00, 0x00, 0x4c, 0x01, 0x00, 0x00,
  0x44, 0x01, 0x00, 0x00, 0x3c, 0x01, 0x00, 0x00, 0x34, 0x01, 0x00, 0x00,
  0x2c, 0x01, 0x00, 0x00, 0x24, 0x01, 0x00, 0x00, 0x1c, 0x01, 0x00, 0x00,
  0x14, 0x01, 0x00, 0x00, 0x0c, 0x01, 0x00, 0x00, 0x04, 0x01, 0x00, 0x00,
  0xfc, 0x00, 0x00, 0x00, 0xf4, 0x00, 0x00, 0x00, 0xec, 0x00, 0x00, 0x00,
  0xe4, 0x00, 0x00, 0x00, 0xdc, 0x00, 0x00, 0x00, 0xd4, 0x00, 0x00, 0x00,
  0xcc, 0x00, 0x00, 0x00, 0xc4, 0x00, 0x00, 0x00, 0xbc, 0x00, 0x00, 0x00,
  0xb4, 0x00, 0x00, 0x00, 0xac, 0x00, 0x00, 0x00, 0xa4, 0x00, 0x00, 0x00,
  0x9c, 0x00, 0x00, 0x00, 0x94, 0x00, 0x00, 0x00, 0x8c, 0x00, 0x00, 0x00,
  0x6c, 0x00, 0x00, 0x00, 0x04, 0x00, 0x00, 0x00, 0xce, 0xc6, 0xff, 0xff,
  0x04, 0x00, 0x00, 0x00, 0x58, 0x00, 0x00, 0x00, 0x0c, 0x00, 0x00, 0x00,
  0x08, 0x00, 0x0e, 0x00, 0x08, 0x00, 0x04, 0x00, 0x08, 0x00, 0x00, 0x00,
  0x10, 0x00, 0x00, 0x00, 0x28, 0x00, 0x00, 0x00, 0x00, 0x00, 0x06, 0x00,
  0x08, 0x00, 0x04, 0x00, 0x06, 0x00, 0x00, 0x00, 0x04, 0x00, 0x00, 0x00,
  0x01, 0x00, 0x00, 0x00, 0xeb, 0x03, 0x00, 0x00, 0x00, 0x00, 0x0a, 0x00,
  0x10, 0x00, 0x0c, 0x00, 0x08, 0x00, 0x04, 0x00, 0x0a, 0x00, 0x00, 0x00,
  0x02, 0x00, 0x00, 0x00, 0x02, 0x00, 0x00, 0x00, 0x04, 0x00, 0x00, 0x00,
  0x06, 0x00, 0x00, 0x00, 0x32, 0x2e, 0x31, 0x35, 0x2e, 0x31, 0x00, 0x00,
  0x32, 0xc7, 0xff, 0xff, 0x04, 0x00, 0x00, 0x00, 0x10, 0x00, 0x00, 0x00,
  0x32, 0x2e, 0x35, 0x2e, 0x30, 0x00, 0x00, 0x00, 0x00, 0x00, 0x00, 0x00,
  0x00, 0x00, 0x00, 0x00, 0x7c, 0x28, 0xff, 0xff, 0x80, 0x28, 0xff, 0xff,
  0x84, 0x28, 0xff, 0xff, 0x88, 0x28, 0xff, 0xff, 0x8c, 0x28, 0xff, 0xff,
  0x90, 0x28, 0xff, 0xff, 0x94, 0x28, 0xff, 0xff, 0x98, 0x28, 0xff, 0xff,
  0x9c, 0x28, 0xff, 0xff, 0xa0, 0x28, 0xff, 0xff, 0xa4, 0x28, 0xff, 0xff,
  0xa8, 0x28, 0xff, 0xff, 0xac, 0x28, 0xff, 0xff, 0xb0, 0x28, 0xff, 0xff,
  0xb4, 0x28, 0xff, 0xff, 0xb8, 0x28, 0xff, 0xff, 0xbc, 0x28, 0xff, 0xff,
  0xc0, 0x28, 0xff, 0xff, 0xc4, 0x28, 0xff, 0xff, 0xc8, 0x28, 0xff, 0xff,
  0xcc, 0x28, 0xff, 0xff, 0xd0, 0x28, 0xff, 0xff, 0xd4, 0x28, 0xff, 0xff,
  0xd8, 0x28, 0xff, 0xff, 0xdc, 0x28, 0xff, 0xff, 0xe0, 0x28, 0xff, 0xff,
  0xe4, 0x28, 0xff, 0xff, 0xe8, 0x28, 0xff, 0xff, 0xec, 0x28, 0xff, 0xff,
  0xf0, 0x28, 0xff, 0xff, 0xf4, 0x28, 0xff, 0xff, 0xf8, 0x28, 0xff, 0xff,
  0xfc, 0x28, 0xff, 0xff, 0x00, 0x29, 0xff, 0xff, 0x04, 0x29, 0xff, 0xff,
  0x08, 0x29, 0xff, 0xff, 0x0c, 0x29, 0xff, 0xff, 0x10, 0x29, 0xff, 0xff,
  0x14, 0x29, 0xff, 0xff, 0x18, 0x29, 0xff, 0xff, 0x1c, 0x29, 0xff, 0xff,
  0x20, 0x29, 0xff, 0xff, 0x24, 0x29, 0xff, 0xff, 0x28, 0x29, 0xff, 0xff,
  0x2c, 0x29, 0xff, 0xff, 0x30, 0x29, 0xff, 0xff, 0x34, 0x29, 0xff, 0xff,
  0x38, 0x29, 0xff, 0xff, 0x3c, 0x29, 0xff, 0xff, 0x40, 0x29, 0xff, 0xff,
  0x44, 0x29, 0xff, 0xff, 0x48, 0x29, 0xff, 0xff, 0x4c, 0x29, 0xff, 0xff,
  0x50, 0x29, 0xff, 0xff, 0x54, 0x29, 0xff, 0xff, 0x58, 0x29, 0xff, 0xff,
  0x5c, 0x29, 0xff, 0xff, 0x60, 0x29, 0xff, 0xff, 0x64, 0x29, 0xff, 0xff,
  0x68, 0x29, 0xff, 0xff, 0x6c, 0x29, 0xff, 0xff, 0x70, 0x29, 0xff, 0xff,
  0x74, 0x29, 0xff, 0xff, 0x78, 0x29, 0xff, 0xff, 0x7c, 0x29, 0xff, 0xff,
  0x80, 0x29, 0xff, 0xff, 0x84, 0x29, 0xff, 0xff, 0x88, 0x29, 0xff, 0xff,
  0x8c, 0x29, 0xff, 0xff, 0x90, 0x29, 0xff, 0xff, 0x94, 0x29, 0xff, 0xff,
  0x98, 0x29, 0xff, 0xff, 0x9c, 0x29, 0xff, 0xff, 0xa0, 0x29, 0xff, 0xff,
  0xa4, 0x29, 0xff, 0xff, 0xa8, 0x29, 0xff, 0xff, 0xac, 0x29, 0xff, 0xff,
  0xb0, 0x29, 0xff, 0xff, 0xb4, 0x29, 0xff, 0xff, 0xb8, 0x29, 0xff, 0xff,
  0xbc, 0x29, 0xff, 0xff, 0xc0, 0x29, 0xff, 0xff, 0xc4, 0x29, 0xff, 0xff,
  0xc8, 0x29, 0xff, 0xff, 0xcc, 0x29, 0xff, 0xff, 0xd0, 0x29, 0xff, 0xff,
  0xd4, 0x29, 0xff, 0xff, 0xd8, 0x29, 0xff, 0xff, 0xdc, 0x29, 0xff, 0xff,
  0xe0, 0x29, 0xff, 0xff, 0xe4, 0x29, 0xff, 0xff, 0xe8, 0x29, 0xff, 0xff,
  0xec, 0x29, 0xff, 0xff, 0xf0, 0x29, 0xff, 0xff, 0xf4, 0x29, 0xff, 0xff,
  0xf8, 0x29, 0xff, 0xff, 0xfc, 0x29, 0xff, 0xff, 0x00, 0x2a, 0xff, 0xff,
  0x04, 0x2a, 0xff, 0xff, 0x08, 0x2a, 0xff, 0xff, 0x0c, 0x2a, 0xff, 0xff,
  0x10, 0x2a, 0xff, 0xff, 0x14, 0x2a, 0xff, 0xff, 0x18, 0x2a, 0xff, 0xff,
  0x1c, 0x2a, 0xff, 0xff, 0x20, 0x2a, 0xff, 0xff, 0x24, 0x2a, 0xff, 0xff,
  0x28, 0x2a, 0xff, 0xff, 0x2c, 0x2a, 0xff, 0xff, 0x30, 0x2a, 0xff, 0xff,
  0x34, 0x2a, 0xff, 0xff, 0x38, 0x2a, 0xff, 0xff, 0x3c, 0x2a, 0xff, 0xff,
  0x40, 0x2a, 0xff, 0xff, 0x44, 0x2a, 0xff, 0xff, 0x48, 0x2a, 0xff, 0xff,
  0x4c, 0x2a, 0xff, 0xff, 0x50, 0x2a, 0xff, 0xff, 0x54, 0x2a, 0xff, 0xff,
  0x58, 0x2a, 0xff, 0xff, 0x5c, 0x2a, 0xff, 0xff, 0x60, 0x2a, 0xff, 0xff,
  0x64, 0x2a, 0xff, 0xff, 0x68, 0x2a, 0xff, 0xff, 0x6c, 0x2a, 0xff, 0xff,
  0x70, 0x2a, 0xff, 0xff, 0x74, 0x2a, 0xff, 0xff, 0x78, 0x2a, 0xff, 0xff,
  0x7c, 0x2a, 0xff, 0xff, 0x80, 0x2a, 0xff, 0xff, 0x84, 0x2a, 0xff, 0xff,
  0x88, 0x2a, 0xff, 0xff, 0x8c, 0x2a, 0xff, 0xff, 0x90, 0x2a, 0xff, 0xff,
  0x94, 0x2a, 0xff, 0xff, 0x98, 0x2a, 0xff, 0xff, 0x9c, 0x2a, 0xff, 0xff,
  0xa0, 0x2a, 0xff, 0xff, 0xa4, 0x2a, 0xff, 0xff, 0xa8, 0x2a, 0xff, 0xff,
  0xac, 0x2a, 0xff, 0xff, 0xb0, 0x2a, 0xff, 0xff, 0xb4, 0x2a, 0xff, 0xff,
  0xb8, 0x2a, 0xff, 0xff, 0xbc, 0x2a, 0xff, 0xff, 0xc0, 0x2a, 0xff, 0xff,
  0xc4, 0x2a, 0xff, 0xff, 0xc8, 0x2a, 0xff, 0xff, 0xcc, 0x2a, 0xff, 0xff,
  0xd0, 0x2a, 0xff, 0xff, 0xd4, 0x2a, 0xff, 0xff, 0xd8, 0x2a, 0xff, 0xff,
  0xdc, 0x2a, 0xff, 0xff, 0xe0, 0x2a, 0xff, 0xff, 0xe4, 0x2a, 0xff, 0xff,
  0xe8, 0x2a, 0xff, 0xff, 0xec, 0x2a, 0xff, 0xff, 0xf0, 0x2a, 0xff, 0xff,
  0xf4, 0x2a, 0xff, 0xff, 0xf8, 0x2a, 0xff, 0xff, 0xfc, 0x2a, 0xff, 0xff,
  0x00, 0x2b, 0xff, 0xff, 0x04, 0x2b, 0xff, 0xff, 0x08, 0x2b, 0xff, 0xff,
  0x0c, 0x2b, 0xff, 0xff, 0x10, 0x2b, 0xff, 0xff, 0x14, 0x2b, 0xff, 0xff,
  0x18, 0x2b, 0xff, 0xff, 0x1c, 0x2b, 0xff, 0xff, 0x20, 0x2b, 0xff, 0xff,
  0x24, 0x2b, 0xff, 0xff, 0x28, 0x2b, 0xff, 0xff, 0x2c, 0x2b, 0xff, 0xff,
  0x30, 0x2b, 0xff, 0xff, 0x34, 0x2b, 0xff, 0xff, 0x38, 0x2b, 0xff, 0xff,
  0x3c, 0x2b, 0xff, 0xff, 0x40, 0x2b, 0xff, 0xff, 0x44, 0x2b, 0xff, 0xff,
  0x48, 0x2b, 0xff, 0xff, 0x4c, 0x2b, 0xff, 0xff, 0x50, 0x2b, 0xff, 0xff,
  0x54, 0x2b, 0xff, 0xff, 0x58, 0x2b, 0xff, 0xff, 0x5c, 0x2b, 0xff, 0xff,
  0x60, 0x2b, 0xff, 0xff, 0x64, 0x2b, 0xff, 0xff, 0x68, 0x2b, 0xff, 0xff,
  0x6c, 0x2b, 0xff, 0xff, 0x70, 0x2b, 0xff, 0xff, 0x74, 0x2b, 0xff, 0xff,
  0x78, 0x2b, 0xff, 0xff, 0x7c, 0x2b, 0xff, 0xff, 0x80, 0x2b, 0xff, 0xff,
  0x84, 0x2b, 0xff, 0xff, 0x88, 0x2b, 0xff, 0xff, 0x8c, 0x2b, 0xff, 0xff,
  0x90, 0x2b, 0xff, 0xff, 0x94, 0x2b, 0xff, 0xff, 0x98, 0x2b, 0xff, 0xff,
  0x9c, 0x2b, 0xff, 0xff, 0xa0, 0x2b, 0xff, 0xff, 0xa4, 0x2b, 0xff, 0xff,
  0xa8, 0x2b, 0xff, 0xff, 0xac, 0x2b, 0xff, 0xff, 0xb0, 0x2b, 0xff, 0xff,
  0xb4, 0x2b, 0xff, 0xff, 0xb8, 0x2b, 0xff, 0xff, 0xbc, 0x2b, 0xff, 0xff,
  0xc0, 0x2b, 0xff, 0xff, 0xc4, 0x2b, 0xff, 0xff, 0xc8, 0x2b, 0xff, 0xff,
  0xcc, 0x2b, 0xff, 0xff, 0xd0, 0x2b, 0xff, 0xff, 0xd4, 0x2b, 0xff, 0xff,
  0xd8, 0x2b, 0xff, 0xff, 0xdc, 0x2b, 0xff, 0xff, 0xe0, 0x2b, 0xff, 0xff,
  0xe4, 0x2b, 0xff, 0xff, 0xe8, 0x2b, 0xff, 0xff, 0xec, 0x2b, 0xff, 0xff,
  0xf0, 0x2b, 0xff, 0xff, 0xf4, 0x2b, 0xff, 0xff, 0xf8, 0x2b, 0xff, 0xff,
  0xce, 0xca, 0xff, 0xff, 0x04, 0x00, 0x00, 0x00, 0x01, 0x00, 0x00, 0x00,
  0x00, 0x00, 0x00, 0x00, 0xde, 0xca, 0xff, 0xff, 0x04, 0x00, 0x00, 0x00,
  0x00, 0x09, 0x00, 0x00, 0x25, 0xea, 0x06, 0x10, 0x1c, 0xd0, 0x22, 0x09,
  0x58, 0x5a, 0x07, 0xbb, 0xef, 0xd8, 0x24, 0xf2, 0x25, 0x04, 0xe3, 0xff,
  0x27, 0x21, 0xf2, 0xfd, 0xfc, 0x1b, 0xd8, 0xdc, 0xcb, 0xbf, 0x53, 0x16,
  0x63, 0xfb, 0xff, 0xec, 0xd6, 0x1a, 0x43, 0x86, 0xf5, 0xb4, 0xd8, 0xed,
  0xc7, 0x2d, 0x1c, 0x0b, 0x4c, 0xa6, 0x1c, 0xda, 0xca, 0xd0, 0x1a, 0x10,
  0x40, 0x28, 0x10, 0xac, 0xff, 0x26, 0x37, 0xaa, 0x12, 0xc7, 0xc4, 0xdc,
  0xf8, 0x0f, 0xce, 0xff, 0x61, 0xed, 0xde, 0xb5, 0xd9, 0xde, 0x14, 0xf0,
  0xdc, 0xf5, 0x21, 0xed, 0xbd, 0x00, 0x2b, 0xd6, 0x26, 0x12, 0xdd, 0x08,
  0x21, 0xe3, 0xed, 0xf4, 0xe3, 0xf8, 0x09, 0x05, 0x01, 0x03, 0xe3, 0x24,
  0xfa, 0x11, 0xfb, 0xf4, 0x5b, 0xdf, 0xee, 0xf8, 0x01, 0x21, 0x1e, 0x00,
  0x03, 0xd8, 0xe0, 0xfc, 0xfd, 0xed, 0x42, 0xef, 0xde, 0x03, 0xd8, 0x1c,
  0x0d, 0x38, 0xf3, 0xb0, 0x18, 0x19, 0x56, 0xdc, 0x12, 0xdc, 0x0e, 0x26,
  0x05, 0xdc, 0x06, 0x06, 0x31, 0x13, 0x0a, 0x08, 0xe7, 0xe3, 0x17, 0x04,
  0x2e, 0xe6, 0xe9, 0x30, 0x31, 0x03, 0x03, 0xc8, 0x22, 0x07, 0xd6, 0xb2,
  0xd1, 0x25, 0x3a, 0x04, 0x25, 0xbf, 0xdf, 0xef, 0xd2, 0xb2, 0x40, 0x42,
  0x23, 0x26, 0x1f, 0x16, 0xce, 0xf6, 0x58, 0xc9, 0xf4, 0xcd, 0xdf, 0x07,
  0xf7, 0x14, 0x18, 0x2d, 0xf5, 0xd2, 0x15, 0xdf, 0xf4, 0x2e, 0xff, 0xc8,
  0xea, 0x15, 0x08, 0xf8, 0xee, 0xe1, 0xec, 0x0e, 0xfb, 0xf5, 0xe5, 0xf0,
  0xe6, 0x3b, 0x02, 0x0c, 0xb9, 0xf2, 0x21, 0x00, 0xf6, 0x03, 0xd3, 0x30,
  0xef, 0xee, 0x06, 0xe1, 0x12, 0x09, 0x05, 0x2e, 0xf2, 0xfe, 0x37, 0x4b,
  0xfe, 0xe2, 0x03, 0xdf, 0xf9, 0xff, 0x18, 0x11, 0x09, 0x0a, 0x2b, 0xde,
  0x03, 0xf0, 0x07, 0xec, 0xe1, 0x21, 0x17, 0xf3, 0x02, 0xd4, 0x11, 0xe0,
  0x24, 0x09, 0xd7, 0x22, 0xdd, 0x0c, 0xf4, 0xeb, 0xf9, 0xf8, 0x07, 0x02,
  0xeb, 0x16, 0xdf, 0x14, 0x11, 0x1d, 0xe0, 0x26, 0xe9, 0xf0, 0x31, 0x26,
  0xc0, 0x06, 0x26, 0x31, 0x1e, 0xd4, 0x0c, 0xd8, 0x1a, 0xe6, 0x2b, 0xec,
  0x18, 0x31, 0x64, 0xef, 0xe8, 0xfe, 0x25, 0xd9, 0x13, 0x05, 0x0b, 0xf6,
  0x11, 0xd7, 0xef, 0xd4, 0x3d, 0x22, 0xb6, 0xf9, 0xf9, 0xbf, 0x09, 0xf3,
  0x47, 0x41, 0x1d, 0xd4, 0xda, 0x17, 0x0c, 0xe1, 0x3b, 0x02, 0x1e, 0xf3,
  0xdc, 0x42, 0x02, 0x24, 0x08, 0xec, 0x37, 0x16, 0xf0, 0xe5, 0xcf, 0x1a,
  0x18, 0x1e, 0xe9, 0xf3, 0x00, 0xa6, 0x4d, 0xc6, 0xca, 0xf3, 0x10, 0xd6,
  0xf0, 0xf0, 0x42, 0x3a, 0x1b, 0x05, 0xf5, 0x04, 0xc5, 0x06, 0x21, 0x38,
  0x12, 0x03, 0x09, 0xdf, 0x02, 0x05, 0x19, 0xfe, 0xf9, 0x14, 0xd3, 0xd0,
  0x19, 0xe8, 0xf4, 0x16, 0xfe, 0xb5, 0xcb, 0x24, 0xe8, 0xe1, 0x34, 0x16,
  0x37, 0xf6, 0x29, 0xd3, 0xec, 0x17, 0x2c, 0xc4, 0x21, 0xef, 0xfb, 0x1e,
  0x05, 0xe8, 0xc4, 0xce, 0x0b, 0xd6, 0x17, 0xeb, 0xbc, 0xe5, 0x08, 0x13,
  0x04, 0x17, 0x3c, 0x36, 0x15, 0xdd, 0x1c, 0x00, 0x0b, 0xec, 0xbe, 0xe1,
  0x15, 0x38, 0xc2, 0xf4, 0xde, 0xf4, 0x14, 0xfd, 0xda, 0x1d, 0xc7, 0x1c,
  0x0d, 0xdf, 0x03, 0xce, 0xd9, 0x16, 0x2e, 0x02, 0x22, 0x06, 0x1f, 0xe9,
  0x07, 0xf0, 0xeb, 0x1f, 0xf5, 0xc6, 0xbc, 0xfa, 0xbf, 0xde, 0x09, 0x03,
  0x49, 0x01, 0x18, 0x2b, 0x14, 0x1d, 0x0f, 0xca, 0x0f, 0x04, 0xe2, 0x0e,
  0xce, 0xb5, 0x09, 0x07, 0x12, 0x08, 0x08, 0x04, 0x1b, 0x0c, 0x17, 0xdf,
  0x07, 0x14, 0x0f, 0xe5, 0xdd, 0xf7, 0x04, 0xfa, 0x2d, 0x03, 0xf3, 0xe9,
  0x1e, 0x0f, 0x19, 0xf4, 0x49, 0xe7, 0x04, 0xfa, 0xe3, 0x0c, 0x42, 0x12,
  0x13, 0x27, 0x16, 0xfe, 0xc6, 0xc2, 0xf8, 0xf2, 0xd6, 0xf6, 0xa7, 0xfc,
  0xf1, 0x19, 0xe9, 0xc5, 0xfe, 0x2d, 0xcf, 0xeb, 0xd6, 0xbe, 0x26, 0x08,
  0x18, 0x05, 0x21, 0x06, 0xaa, 0xf1, 0x24, 0x04, 0x21, 0xa7, 0xca, 0x01,
  0x48, 0x28, 0xf9, 0x31, 0x52, 0xcb, 0x0f, 0x09, 0xbc, 0xff, 0x08, 0x3e,
  0x21, 0xf0, 0x3b, 0xe9, 0xfb, 0xf8, 0xf9, 0x11, 0xec, 0xd2, 0x12, 0xe1,
  0xf6, 0xd1, 0x15, 0xed, 0x19, 0xfc, 0x1d, 0xdf, 0xf3, 0xfa, 0x24, 0x13,
  0x19, 0xf5, 0xd7, 0xfc, 0xed, 0xf4, 0x07, 0x00, 0xfe, 0xd7, 0xe3, 0xb5,
  0x21, 0x21, 0x36, 0xee, 0xd4, 0xea, 0xff, 0x00, 0xd9, 0x00, 0x38, 0x3d,
  0xf1, 0xe9, 0x09, 0x12, 0x26, 0x7d, 0xd2, 0xfe, 0xd8, 0x05, 0x4b, 0xdf,
  0x10, 0xd9, 0xc0, 0xfc, 0x2e, 0xc5, 0x19, 0xd4, 0xe5, 0xbf, 0x02, 0xfd,
  0xdf, 0x2e, 0x61, 0xeb, 0x30, 0xff, 0x1e, 0xd5, 0x16, 0xf2, 0x09, 0xce,
  0x25, 0xb1, 0xba, 0xc3, 0x1c, 0x0f, 0xfa, 0xe0, 0xd1, 0xfa, 0xb4, 0x07,
  0xf7, 0xa9, 0xfb, 0xe1, 0x28, 0xec, 0x1c, 0x08, 0xcc, 0xef, 0xf9, 0xcb,
  0x41, 0xe0, 0x81, 0xe6, 0xf7, 0xdf, 0x21, 0xf9, 0xf2, 0x13, 0x10, 0x20,
  0xc4, 0xa4, 0x06, 0xe6, 0x2b, 0xec, 0xe8, 0xd3, 0xcb, 0xce, 0x18, 0xd5,
  0x03, 0xe1, 0xda, 0x0a, 0x09, 0xcd, 0x0b, 0x06, 0x14, 0xd8, 0x07, 0x2e,
  0x0e, 0x18, 0x02, 0x8e, 0x10, 0xcb, 0x05, 0xfc, 0x0e, 0xfb, 0xf7, 0x0d,
  0xce, 0xc9, 0x39, 0x25, 0x4b, 0x1d, 0xcd, 0xf1, 0xec, 0xdb, 0x29, 0x15,
  0x04, 0x01, 0x1c, 0x20, 0xfc, 0xd2, 0x57, 0xe5, 0x38, 0xc8, 0x2f, 0xcc,
  0xff, 0x1e, 0xce, 0x12, 0xd7, 0xfe, 0x19, 0x2e, 0x03, 0x19, 0xfd, 0x21,
  0x34, 0x10, 0xe6, 0xf0, 0xf9, 0xd5, 0x08, 0xfd, 0xdc, 0xfb, 0x3e, 0xf3,
  0xef, 0xab, 0x33, 0xf3, 0xe7, 0x02, 0x3f, 0x31, 0x02, 0xc7, 0x20, 0xf2,
  0x2d, 0x21, 0x14, 0xe9, 0xec, 0xed, 0x18, 0xf4, 0xd5, 0xd8, 0xd6, 0xfb,
  0xa7, 0x19, 0x05, 0xe1, 0xc0, 0xfb, 0x3a, 0x29, 0x46, 0x20, 0x0a, 0x47,
  0x04, 0xf7, 0xec, 0x04, 0x07, 0x15, 0xc0, 0x24, 0x10, 0x00, 0xeb, 0x0d,
  0xf1, 0xe1, 0x24, 0x05, 0xfb, 0x11, 0xf0, 0xf9, 0x15, 0xfb, 0x11, 0x0e,
  0xfe, 0xee, 0x11, 0x09, 0xf5, 0xe0, 0xe0, 0xe3, 0x12, 0xc4, 0xfa, 0xdf,
  0x54, 0x19, 0xc9, 0xe5, 0xed, 0x16, 0x07, 0x40, 0xe8, 0xda, 0x3e, 0x30,
  0xc5, 0xe9, 0xd9, 0xef, 0x30, 0x07, 0x22, 0x32, 0xe4, 0x45, 0x1d, 0x24,
  0xef, 0xeb, 0xf7, 0x1d, 0x05, 0xce, 0xe6, 0x0a, 0x12, 0x11, 0xde, 0xf3,
  0xbe, 0x09, 0xb7, 0xca, 0x31, 0x0c, 0xf1, 0xec, 0x01, 0x1a, 0xf4, 0x24,
  0xeb, 0xe3, 0xfe, 0xda, 0xce, 0xe1, 0xd8, 0x10, 0xf4, 0x10, 0x01, 0xab,
  0xb5, 0xe3, 0x0e, 0x0c, 0x39, 0x10, 0xaf, 0xee, 0xf4, 0x14, 0x36, 0xef,
  0x37, 0xd5, 0xe9, 0x10, 0x0a, 0xe6, 0x13, 0x2a, 0x2f, 0xc9, 0xd7, 0x43,
  0x03, 0x04, 0x00, 0x00, 0xfe, 0xad, 0x37, 0xfe, 0xea, 0x16, 0xf5, 0xf3,
  0xf9, 0x12, 0xf5, 0x04, 0x6a, 0xfd, 0x40, 0xf3, 0xce, 0xad, 0x1a, 0x09,
  0x13, 0xe5, 0x2e, 0xd5, 0xec, 0xdd, 0x14, 0xc8, 0x3b, 0xfd, 0x08, 0xd5,
  0xef, 0xf3, 0xee, 0xfb, 0xf0, 0xfb, 0x03, 0xf7, 0xd8, 0x2a, 0x05, 0xec,
  0x27, 0x10, 0x27, 0xf1, 0xe9, 0x17, 0x1b, 0x30, 0x37, 0x2b, 0xf3, 0xe9,
  0x27, 0xe8, 0xf3, 0x05, 0x1a, 0xec, 0x28, 0xdc, 0xda, 0xb3, 0x34, 0x29,
  0x1a, 0xe2, 0x2e, 0x10, 0xde, 0x01, 0x33, 0xc9, 0xbd, 0xf7, 0xd2, 0xff,
  0x0b, 0x0f, 0xf4, 0x01, 0x2f, 0xde, 0x18, 0xdf, 0x10, 0x10, 0x57, 0xff,
  0xf6, 0xd8, 0xf5, 0xe2, 0x19, 0xfe, 0x1f, 0xd2, 0x37, 0xed, 0x00, 0x21,
  0x1a, 0xe7, 0xd8, 0xef, 0x54, 0xf3, 0x27, 0xea, 0xf8, 0xf2, 0x23, 0xe4,
  0x1e, 0xea, 0x07, 0x05, 0xf5, 0x06, 0x05, 0xca, 0xd3, 0xd7, 0xf4, 0x09,
  0xf1, 0x26, 0xf8, 0xd8, 0x31, 0xec, 0x32, 0xd4, 0xbe, 0xe3, 0x11, 0x28,
  0x30, 0x25, 0xfa, 0xff, 0xd9, 0xb8, 0x2c, 0xea, 0x04, 0x00, 0xce, 0xec,
  0x3e, 0xef, 0xf8, 0xc2, 0x2d, 0xe4, 0x28, 0xd2, 0xe7, 0x19, 0x34, 0x1b,
  0x37, 0x15, 0x3e, 0x02, 0x13, 0x07, 0x07, 0xbd, 0x15, 0xce, 0xf1, 0xab,
  0x18, 0x08, 0xb5, 0xdb, 0xfb, 0x20, 0xf1, 0xd9, 0xf0, 0x04, 0x0d, 0x26,
  0xf5, 0x22, 0x16, 0x0d, 0xd5, 0x10, 0xe0, 0xfd, 0xd4, 0x13, 0xff, 0x0d,
  0xe2, 0xe7, 0xd1, 0xf5, 0xff, 0x26, 0xf7, 0xf5, 0xd3, 0x15, 0x1a, 0xbe,
  0x25, 0xda, 0xfd, 0x35, 0xf3, 0xda, 0x25, 0xf0, 0x2c, 0xfb, 0x30, 0xe6,
  0x2f, 0xed, 0xf3, 0xd3, 0xe5, 0xed, 0x17, 0xb4, 0xf3, 0xf0, 0x1d, 0xee,
  0x2d, 0x15, 0x36, 0x03, 0xf1, 0x03, 0xf2, 0xe9, 0xd2, 0xfe, 0x06, 0x06,
  0x0e, 0xe0, 0x2d, 0xe9, 0x10, 0x0e, 0x0d, 0xe7, 0x2d, 0x14, 0xd5, 0xec,
  0x00, 0xf6, 0x04, 0x0e, 0x2a, 0xeb, 0x1d, 0xfd, 0xf5, 0xf4, 0xd4, 0x67,
  0xf2, 0xd9, 0x2b, 0x42, 0xd8, 0x0d, 0x58, 0x01, 0xf0, 0xd6, 0x16, 0xee,
  0x0b, 0xe0, 0x22, 0x01, 0x27, 0x1a, 0xfa, 0x13, 0xb7, 0x3f, 0xdf, 0xe4,
  0xe0, 0xf8, 0xe3, 0xeb, 0xfc, 0x00, 0xfe, 0xfb, 0x24, 0x3d, 0xe2, 0xe7,
  0x11, 0x12, 0xf2, 0x01, 0x2b, 0xee, 0xe6, 0x12, 0xef, 0x27, 0xd3, 0x2c,
  0x0c, 0x46, 0x3a, 0x18, 0x37, 0x28, 0xee, 0x13, 0x05, 0x3f, 0xe6, 0xed,
  0x0b, 0x3c, 0xf3, 0xf1, 0x26, 0x06, 0xfc, 0xd7, 0xdc, 0xec, 0xe1, 0x32,
  0x17, 0xf9, 0xe7, 0x00, 0xdf, 0x21, 0x1d, 0x07, 0x0b, 0x11, 0xbe, 0x01,
  0x08, 0xd2, 0xbe, 0x0e, 0xf2, 0xe7, 0xcb, 0x6b, 0x0c, 0xfb, 0x21, 0xec,
  0xd9, 0xe5, 0x07, 0x28, 0x11, 0xfe, 0x0e, 0x00, 0xc2, 0xe0, 0x2f, 0x31,
  0x2f, 0x0a, 0x3c, 0x1e, 0x0d, 0xf2, 0x00, 0xf6, 0x09, 0x0c, 0x2b, 0xf3,
  0xc5, 0x18, 0x21, 0xe4, 0x20, 0x2a, 0xe6, 0x2e, 0x31, 0xfd, 0x15, 0xc1,
  0x18, 0xd3, 0x1c, 0x04, 0xde, 0x0a, 0x59, 0x32, 0xb7, 0x0a, 0x0b, 0xe3,
  0xf5, 0xfe, 0xfa, 0xf4, 0x1d, 0xf3, 0xea, 0x2c, 0x21, 0x04, 0x21, 0xf3,
  0x01, 0x2b, 0xd8, 0xf4, 0xc5, 0xe2, 0xfe, 0x23, 0x0f, 0xe5, 0xd6, 0xdd,
  0x1c, 0xf2, 0x25, 0x1b, 0xc6, 0xf5, 0xed, 0x0f, 0xe3, 0xd6, 0x03, 0x11,
  0x02, 0x1f, 0x05, 0x1b, 0x09, 0x0a, 0x13, 0x08, 0x14, 0x02, 0xfb, 0x4d,
  0xe8, 0x27, 0x32, 0xfb, 0x00, 0xfb, 0xfa, 0x27, 0xf9, 0x1e, 0x1c, 0x0e,
  0x1a, 0xee, 0xfa, 0x3d, 0xe4, 0xe6, 0xf6, 0x08, 0x07, 0xe7, 0xd6, 0xe8,
  0x0d, 0x43, 0x02, 0x00, 0x16, 0x2c, 0x09, 0x0d, 0x19, 0x1f, 0xc7, 0xe0,
  0xe7, 0xfd, 0xe0, 0x2a, 0x00, 0x10, 0xe3, 0xfe, 0x10, 0x30, 0xcc, 0xf9,
  0x54, 0xc8, 0xdf, 0xfa, 0x23, 0x03, 0xdc, 0xe1, 0x19, 0xe0, 0x30, 0x10,
  0xf4, 0xf2, 0x10, 0xe4, 0x36, 0x2b, 0x15, 0xf2, 0x2a, 0xee, 0x1e, 0xa8,
  0x16, 0xf1, 0xe8, 0x00, 0xfa, 0x1b, 0xf3, 0xfd, 0xfd, 0x1e, 0x26, 0xde,
  0xec, 0x02, 0x2b, 0x11, 0xd3, 0xf9, 0x04, 0x09, 0x17, 0xf0, 0xf3, 0x0b,
  0xd1, 0xb5, 0x00, 0xfd, 0xe6, 0xdf, 0xf2, 0xf5, 0xcf, 0xc7, 0x19, 0xf2,
  0x22, 0xe6, 0x2d, 0x04, 0xed, 0xc2, 0x12, 0x00, 0xd6, 0xdb, 0x1c, 0xed,
  0x23, 0x12, 0x0f, 0xd3, 0x01, 0xe0, 0xfd, 0x20, 0x2f, 0x2a, 0xb2, 0xe8,
  0xcc, 0x0c, 0xdc, 0xf9, 0x10, 0x4d, 0xe0, 0x12, 0xfd, 0xe4, 0x06, 0x13,
  0xdf, 0xe4, 0x3f, 0x17, 0x29, 0xf3, 0x10, 0x3d, 0xde, 0xe8, 0xfa, 0xaf,
  0x13, 0x20, 0x24, 0x11, 0xea, 0x1e, 0x0f, 0x23, 0x0a, 0xda, 0xd6, 0xe7,
  0x34, 0x3e, 0xff, 0x19, 0x14, 0x1c, 0x18, 0x14, 0xe6, 0xfd, 0x21, 0x13,
  0xe7, 0xf7, 0xe7, 0x01, 0x05, 0xfa, 0x21, 0xec, 0x04, 0xea, 0x19, 0xfe,
  0xc5, 0xa8, 0xfd, 0xe2, 0x08, 0x08, 0xf4, 0xff, 0xe4, 0xf8, 0xf4, 0x0e,
  0x04, 0xe7, 0xf7, 0x31, 0x14, 0xe7, 0x07, 0x18, 0x35, 0x07, 0x4f, 0x1e,
  0x10, 0xd0, 0xdd, 0xf7, 0xf6, 0xf2, 0x44, 0xd5, 0x01, 0xeb, 0xe9, 0x23,
  0x04, 0x1d, 0x19, 0xfc, 0x04, 0x3f, 0xfb, 0xfa, 0x13, 0xf4, 0xfb, 0x1e,
  0x21, 0xdf, 0x1e, 0xeb, 0xe2, 0xd4, 0xd1, 0xd3, 0xfb, 0xea, 0x1f, 0xd5,
  0xf3, 0x42, 0xeb, 0xe9, 0x1e, 0x0e, 0x07, 0x01, 0x21, 0x08, 0xe1, 0xe8,
  0x30, 0xde, 0x03, 0xf9, 0x15, 0xff, 0xea, 0x02, 0xeb, 0xdd, 0xf1, 0xe3,
  0x29, 0x27, 0xe2, 0xde, 0xe8, 0xfb, 0xcb, 0x2a, 0xff, 0xdf, 0xbb, 0x09,
  0xff, 0x27, 0x09, 0x22, 0xdf, 0xd6, 0xdf, 0xf9, 0x28, 0xe2, 0xc8, 0x04,
  0x01, 0x06, 0x1a, 0x28, 0x0a, 0x09, 0x05, 0xfc, 0x13, 0xb9, 0xc6, 0xed,
  0xcb, 0xef, 0xd6, 0x03, 0x29, 0xbc, 0xd9, 0x13, 0x0e, 0xe4, 0xf9, 0x19,
  0x2e, 0x42, 0x0a, 0xc0, 0xe5, 0xf2, 0x00, 0xf5, 0x21, 0x02, 0xf2, 0x01,
  0xfe, 0x04, 0x25, 0x24, 0x22, 0x00, 0xe9, 0xec, 0xf1, 0xe2, 0x32, 0x0a,
  0x15, 0x42, 0xed, 0xd2, 0xf6, 0x03, 0x21, 0xe2, 0x20, 0x01, 0xeb, 0xc4,
  0x32, 0x32, 0x36, 0xe8, 0xc7, 0xd8, 0xfb, 0xee, 0xe6, 0xc9, 0x2b, 0x0e,
  0x05, 0x24, 0x28, 0xfa, 0xcf, 0xf6, 0x44, 0x9c, 0x1c, 0x0f, 0xf6, 0xca,
  0xc4, 0x24, 0xdf, 0xfa, 0x20, 0xb9, 0x1e, 0xd6, 0xbd, 0xf7, 0x1e, 0xf3,
  0xf1, 0x08, 0x03, 0xcb, 0x29, 0x06, 0x39, 0x2e, 0xf4, 0xbe, 0xf3, 0xf7,
  0xc4, 0x09, 0xcb, 0x85, 0x34, 0xda, 0xf1, 0x19, 0xe2, 0xd2, 0x4a, 0x1f,
  0xfe, 0xf7, 0x4c, 0xe5, 0xed, 0xc8, 0x39, 0xb5, 0x3b, 0xd6, 0xc6, 0x18,
  0x4b, 0x3c, 0x18, 0x02, 0x03, 0xe9, 0x13, 0x07, 0xe6, 0x05, 0x17, 0x42,
  0x2f, 0x00, 0x0b, 0x08, 0x28, 0x16, 0x3b, 0xfb, 0xf8, 0xea, 0xf8, 0x04,
  0xd4, 0xf3, 0xcf, 0xc2, 0xfa, 0x03, 0x1e, 0x1c, 0x03, 0x03, 0x1e, 0x04,
  0x26, 0x27, 0x21, 0x8a, 0x17, 0x15, 0x30, 0xf1, 0x10, 0xf2, 0x1d, 0xef,
  0x06, 0xec, 0x32, 0xe1, 0x32, 0x02, 0xe7, 0xfa, 0xf3, 0x15, 0x00, 0x08,
  0x22, 0xca, 0x43, 0xf1, 0x0b, 0xc3, 0xe8, 0xde, 0x19, 0x0e, 0xf9, 0xe1,
  0x16, 0x0b, 0xbf, 0xf2, 0x2e, 0xd5, 0xe4, 0xd8, 0xf0, 0xcf, 0x26, 0x23,
  0x15, 0xf0, 0x20, 0x1b, 0xab, 0xec, 0x36, 0xb0, 0x3c, 0xf9, 0xc8, 0xdb,
  0xef, 0x19, 0xe9, 0xcb, 0x10, 0xb4, 0x54, 0x32, 0xe2, 0xe8, 0xf8, 0xf3,
  0x1e, 0xda, 0x02, 0xd6, 0x2b, 0x1b, 0x06, 0xd6, 0x04, 0x11, 0xed, 0x1e,
  0x0b, 0xe9, 0xf2, 0xee, 0xe2, 0xda, 0x30, 0x0f, 0x2b, 0x0e, 0xed, 0x26,
  0xed, 0x0f, 0xe1, 0x2d, 0x17, 0x25, 0x1c, 0x26, 0xcf, 0x2c, 0xed, 0xfd,
  0x0c, 0xa7, 0x27, 0x30, 0x2b, 0x39, 0x13, 0xc9, 0x02, 0xb6, 0x0f, 0x11,
  0x1a, 0xda, 0x30, 0xf3, 0x05, 0x17, 0x0e, 0xca, 0x41, 0xdd, 0xd3, 0xd7,
  0x24, 0x0c, 0xca, 0xca, 0xf7, 0xbe, 0x13, 0xe2, 0x36, 0xdc, 0xf6, 0x00,
  0x27, 0xec, 0xce, 0xcd, 0xe8, 0x31, 0x06, 0x0f, 0xa1, 0x38, 0x30, 0x26,
  0xa4, 0x07, 0x1d, 0xe4, 0x04, 0x11, 0xd2, 0xff, 0xdc, 0xfd, 0x08, 0xf1,
  0x39, 0x0f, 0xf3, 0xd5, 0xdf, 0xdb, 0xee, 0xd3, 0xfc, 0xf8, 0xd1, 0x0e,
  0xea, 0xf6, 0xd0, 0xf2, 0x13, 0x08, 0xb2, 0xe4, 0x02, 0x16, 0x20, 0xd2,
  0x0c, 0x2a, 0xf1, 0xfb, 0xfc, 0xd2, 0xf8, 0x2b, 0xe8, 0xf4, 0x04, 0x0c,
  0xf3, 0x37, 0x1f, 0x52, 0x2d, 0xd1, 0x54, 0xdb, 0x10, 0x00, 0x0a, 0x08,
  0x30, 0xf1, 0x15, 0xed, 0xf0, 0x8d, 0x6d, 0xec, 0xca, 0x13, 0x0c, 0x02,
  0xfe, 0xe1, 0xc1, 0x19, 0x23, 0xda, 0x16, 0x90, 0xc9, 0xf8, 0x03, 0x0c,
  0x1d, 0x0e, 0xfd, 0xe8, 0x15, 0x19, 0x2e, 0xff, 0x04, 0x18, 0xeb, 0x1a,
  0xf8, 0xf1, 0xca, 0xef, 0x15, 0x87, 0x19, 0xed, 0xab, 0xe4, 0x24, 0xd9,
  0xfc, 0x2b, 0xd6, 0xe2, 0x15, 0xfe, 0x04, 0xf0, 0xef, 0x25, 0x3e, 0x07,
  0xfd, 0xe1, 0xce, 0xd4, 0x2c, 0xce, 0x09, 0x14, 0xf2, 0xeb, 0xe6, 0x2a,
  0x02, 0xc0, 0x1a, 0x2b, 0x27, 0xed, 0x38, 0xf9, 0xd7, 0xf9, 0x03, 0xdd,
  0x11, 0xed, 0xec, 0xbb, 0x10, 0x08, 0x2b, 0xe9, 0xbf, 0xb0, 0x1c, 0xeb,
  0xec, 0xfe, 0xe1, 0xfc, 0x12, 0xf3, 0x0e, 0xe2, 0xfd, 0x08, 0xf9, 0xe4,
  0x38, 0xd5, 0xcc, 0xc3, 0x12, 0x10, 0xf0, 0xe2, 0xbc, 0xec, 0xff, 0x1e,
  0xfe, 0xf1, 0x29, 0xc6, 0x07, 0xdd, 0x47, 0xbf, 0xfc, 0x03, 0xc9, 0xef,
  0xf9, 0x32, 0x21, 0xe9, 0x17, 0x0b, 0xe3, 0xec, 0xd7, 0x1f, 0x01, 0x02,
  0xe7, 0x1c, 0x15, 0xa7, 0x97, 0xc3, 0x25, 0xf5, 0x31, 0x1e, 0xe1, 0xbd,
  0x0d, 0x1c, 0xe6, 0x16, 0xf9, 0xe9, 0x1a, 0xe4, 0xf0, 0xe1, 0x13, 0xdd,
  0x0e, 0x2b, 0xf6, 0xb2, 0xf2, 0xd5, 0x24, 0xce, 0x1d, 0xff, 0xd6, 0xe3,
  0x28, 0x14, 0xda, 0xd9, 0x3d, 0xf1, 0xbd, 0xee, 0xe2, 0xfd, 0xe2, 0xee,
  0xe7, 0x4e, 0x14, 0x24, 0xcb, 0x0b, 0x08, 0xc8, 0x20, 0xca, 0x0d, 0xf0,
  0x40, 0x32, 0xb9, 0x05, 0x39, 0xee, 0x3f, 0xe1, 0x05, 0xa5, 0x01, 0xed,
  0xfd, 0xe0, 0xd8, 0x03, 0x01, 0xd3, 0x11, 0xeb, 0x02, 0xe4, 0x12, 0x0d,
  0x0e, 0xfd, 0xe7, 0xf1, 0xea, 0xd3, 0xff, 0xff, 0x04, 0x00, 0x00, 0x00,
  0x20, 0x07, 0x00, 0x00, 0xeb, 0xed, 0x2d, 0x07, 0x25, 0xfb, 0xec, 0x29,
  0x35, 0x1e, 0xf6, 0xe3, 0x18, 0xef, 0xe7, 0x2f, 0xd3, 0xf4, 0x01, 0x45,
  0x14, 0xda, 0x3c, 0xf9, 0x2c, 0x0b, 0x34, 0x35, 0xf6, 0x2c, 0x09, 0xff,
  0x44, 0x1e, 0xd6, 0xf7, 0xbf, 0x25, 0x32, 0xf7, 0x28, 0x2a, 0x09, 0x28,
  0xf9, 0x55, 0x0b, 0xfe, 0x08, 0x3e, 0xee, 0x3e, 0xf3, 0x2f, 0xf8, 0x27,
  0x33, 0x50, 0xe3, 0x08, 0x1a, 0xf6, 0x20, 0xf4, 0x42, 0x3d, 0x17, 0x2e,
  0xff, 0xed, 0x4b, 0x20, 0xe0, 0x24, 0xee, 0x1f, 0xe8, 0x07, 0xea, 0xff,
  0x0b, 0xeb, 0x06, 0xe9, 0x27, 0x0f, 0xec, 0x33, 0xd4, 0x24, 0x09, 0x0b,
  0xb6, 0x22, 0x0b, 0xdb, 0xe6, 0x05, 0xce, 0xdc, 0xdf, 0xfa, 0xfd, 0x00,
  0xfc, 0x26, 0x1e, 0xf0, 0x02, 0xa1, 0x1a, 0xd7, 0x1e, 0x17, 0x36, 0x34,
  0x03, 0x1f, 0xd8, 0x0f, 0xfb, 0x14, 0x4b, 0xe8, 0x00, 0xe1, 0x01, 0x19,
  0x38, 0xe4, 0x17, 0x18, 0x05, 0x17, 0x35, 0x35, 0x06, 0x3c, 0x11, 0x34,
  0xda, 0x17, 0x2c, 0x26, 0x0f, 0xf9, 0xfc, 0x29, 0xf7, 0x16, 0xd0, 0x22,
  0x30, 0xe3, 0xec, 0xec, 0x00, 0x15, 0x12, 0xd9, 0xef, 0x24, 0x06, 0x0e,
  0xd6, 0xef, 0xe1, 0xdd, 0x47, 0x2e, 0x27, 0xd0, 0xde, 0x24, 0x14, 0xba,
  0xd3, 0xd6, 0xcc, 0x26, 0x15, 0x05, 0x05, 0xf1, 0x19, 0xca, 0xe2, 0xef,
  0x0c, 0x12, 0xdd, 0x3a, 0xbf, 0x18, 0xf6, 0xde, 0xf2, 0x1d, 0x30, 0xf7,
  0xe5, 0x20, 0x16, 0x0b, 0xed, 0xfd, 0x15, 0x25, 0xd6, 0x1a, 0x16, 0xff,
  0xc9, 0xf0, 0x0e, 0xf1, 0xc6, 0xff, 0xe5, 0xb0, 0xec, 0x0a, 0xfe, 0xbf,
  0x1b, 0xf4, 0x1f, 0x75, 0x07, 0x21, 0x39, 0xf5, 0x33, 0x2b, 0xca, 0xde,
  0x0d, 0x1f, 0x45, 0xd6, 0x20, 0x15, 0x10, 0xfb, 0x1e, 0x48, 0x10, 0x0f,
  0x01, 0x02, 0x11, 0x24, 0x36, 0x0b, 0x19, 0x08, 0x2e, 0x3d, 0x11, 0x09,
  0x12, 0xee, 0xdb, 0x0f, 0xdb, 0xd8, 0x18, 0x1d, 0xe7, 0x09, 0x0b, 0x1b,
  0xb8, 0xd8, 0x1c, 0x06, 0x13, 0x2d, 0x1d, 0xc2, 0xc7, 0x3b, 0xff, 0x2f,
  0x31, 0x26, 0xe1, 0x17, 0x17, 0x16, 0xf4, 0xea, 0xf7, 0x1b, 0x13, 0xec,
  0xe3, 0xf2, 0x1e, 0x1a, 0xec, 0x0a, 0x03, 0x2d, 0xea, 0x30, 0x32, 0x03,
  0xda, 0x14, 0x2d, 0xff, 0x01, 0xe5, 0x28, 0x1a, 0xfc, 0x25, 0x12, 0x28,
  0x11, 0x1a, 0xe7, 0xfa, 0xfe, 0x26, 0x0f, 0x32, 0xde, 0xf4, 0x13, 0xe1,
  0x1d, 0x17, 0x2c, 0xfc, 0xfd, 0x29, 0x3c, 0xf9, 0xff, 0x19, 0xee, 0x14,
  0x12, 0xd7, 0x09, 0x2a, 0x24, 0xe8, 0x03, 0x30, 0xed, 0x05, 0xe6, 0xf6,
  0xc5, 0xe1, 0x21, 0x1b, 0x13, 0xf8, 0x26, 0x0e, 0x0e, 0x0d, 0x2d, 0xf8,
  0x28, 0x0e, 0xd9, 0x1e, 0x00, 0xd6, 0x3c, 0xd9, 0x3b, 0x09, 0x37, 0xf9,
  0x36, 0x12, 0xf8, 0x15, 0xf0, 0x22, 0x2b, 0x28, 0xe1, 0x07, 0x17, 0x14,
  0x24, 0x1a, 0x14, 0x13, 0x46, 0x2e, 0xf9, 0xf0, 0x3f, 0x3a, 0x03, 0xf0,
  0x26, 0x1e, 0xfa, 0xd3, 0x1f, 0xf2, 0xd5, 0x2e, 0xd6, 0xf7, 0xfa, 0x30,
  0xc6, 0x18, 0x45, 0x18, 0x49, 0x42, 0x3f, 0xe9, 0xde, 0xf6, 0x0a, 0xfe,
  0x24, 0x2d, 0xf7, 0x08, 0xf0, 0xd8, 0xfe, 0x04, 0x38, 0x47, 0x39, 0xfd,
  0x04, 0xfc, 0x38, 0x1f, 0xf1, 0xe6, 0x16, 0x15, 0x12, 0x16, 0xe3, 0x18,
  0xfd, 0xe1, 0xfc, 0x15, 0x0a, 0xfb, 0xd0, 0xcc, 0xe5, 0x0f, 0x0f, 0x08,
  0x16, 0xdf, 0x00, 0xf1, 0x1a, 0xfc, 0xd2, 0x14, 0x24, 0x0a, 0x1c, 0x26,
  0x2e, 0xcb, 0x10, 0xf2, 0xdd, 0xcc, 0x02, 0xdb, 0xd5, 0xee, 0xed, 0xf8,
  0xe6, 0xf2, 0x34, 0xca, 0x16, 0xf0, 0xd7, 0x34, 0x0a, 0x12, 0x1f, 0xf3,
  0xe6, 0x38, 0x00, 0xe5, 0xf6, 0xf1, 0x1f, 0x42, 0x44, 0x2d, 0x01, 0x09,
  0x0d, 0x25, 0xf3, 0x10, 0xbf, 0xd4, 0x27, 0x02, 0x0f, 0xde, 0xfe, 0x15,
  0xf6, 0x27, 0xf3, 0xd8, 0x9e, 0xec, 0xa5, 0x06, 0x1d, 0x1d, 0xfe, 0xe8,
  0xd3, 0xeb, 0xd9, 0xf2, 0x10, 0x0e, 0xfc, 0xd9, 0xf4, 0x0c, 0x2b, 0x3b,
  0xda, 0x3f, 0x1b, 0xf5, 0x0d, 0x33, 0x0d, 0x28, 0xeb, 0xf9, 0xf7, 0xe2,
  0x1f, 0x09, 0xe4, 0x0a, 0xe9, 0xbb, 0xf9, 0xbd, 0x47, 0x5c, 0xfa, 0xe7,
  0x1e, 0x18, 0x28, 0x46, 0xf6, 0x36, 0x10, 0x2f, 0xf1, 0xdc, 0xf3, 0x13,
  0xf8, 0x01, 0x1a, 0x14, 0x0c, 0xdd, 0x16, 0xff, 0xd8, 0xdf, 0xf0, 0xdc,
  0xca, 0xe0, 0xfa, 0xdb, 0x25, 0xe4, 0xce, 0xfe, 0x1c, 0x40, 0xbd, 0x2a,
  0xf1, 0xde, 0xfb, 0x1f, 0x37, 0x18, 0x4c, 0xe2, 0xf9, 0x1e, 0x20, 0x24,
  0x2f, 0xf4, 0x11, 0xf8, 0x3e, 0x15, 0x32, 0xe3, 0x17, 0xe4, 0x0f, 0x05,
  0x1d, 0xdc, 0xd4, 0xcb, 0xe2, 0x1d, 0x02, 0x0a, 0x0d, 0xe9, 0xd2, 0xe9,
  0x04, 0x22, 0x14, 0x21, 0xd4, 0xe1, 0xce, 0x17, 0x3c, 0x14, 0x20, 0x28,
  0x1b, 0x23, 0x20, 0xec, 0xd7, 0xfd, 0xda, 0x3e, 0xf3, 0xe9, 0x21, 0xde,
  0xe8, 0xb6, 0x12, 0xe1, 0xd3, 0x25, 0xcb, 0xbc, 0xfc, 0x2d, 0xc7, 0x19,
  0x0d, 0xf8, 0xe9, 0x63, 0xb4, 0xec, 0x0c, 0xff, 0x0a, 0xe5, 0xd6, 0x00,
  0x04, 0xc9, 0x1a, 0xb1, 0x11, 0xe8, 0xe7, 0xf4, 0x2d, 0x13, 0xf4, 0xc5,
  0x02, 0xf1, 0x0d, 0xe1, 0xea, 0xf3, 0x1f, 0xec, 0x02, 0xf9, 0xf7, 0x1d,
  0x44, 0xed, 0xf2, 0xff, 0xfb, 0xda, 0xed, 0xe5, 0x1e, 0x0a, 0x0a, 0xfe,
  0xca, 0x1d, 0x18, 0xfd, 0x13, 0xf0, 0xe3, 0xf6, 0xc1, 0x1b, 0x38, 0x03,
  0x3a, 0x2a, 0x06, 0x3b, 0x17, 0xf8, 0x44, 0xe7, 0x2e, 0x07, 0x20, 0x1b,
  0x0b, 0xd5, 0x22, 0x2c, 0xf7, 0x26, 0xf3, 0x01, 0xdf, 0x3b, 0x16, 0x29,
  0xee, 0xd0, 0xe0, 0x51, 0xcb, 0x27, 0x25, 0x03, 0x1a, 0x32, 0x34, 0xeb,
  0xfd, 0xe9, 0x00, 0x14, 0xf0, 0x09, 0x13, 0xe9, 0x2f, 0x18, 0xf2, 0x15,
  0x1a, 0xe6, 0xe2, 0xd4, 0x0f, 0x06, 0xfc, 0x09, 0x1e, 0xf2, 0x17, 0xe4,
  0xe8, 0x0d, 0xfe, 0x3f, 0x23, 0x36, 0xfd, 0x07, 0x0f, 0xdf, 0xf1, 0x13,
  0xd8, 0x3c, 0x4c, 0x07, 0x0b, 0xec, 0xf1, 0x18, 0xd7, 0xf4, 0x06, 0x33,
  0xec, 0xf8, 0xdf, 0xe8, 0x0f, 0xdc, 0x04, 0xf8, 0x59, 0xc1, 0x2f, 0x38,
  0xe9, 0x16, 0x04, 0x36, 0x2a, 0x23, 0x25, 0x29, 0xdd, 0x05, 0x27, 0x07,
  0xd8, 0x21, 0x10, 0x10, 0x11, 0x17, 0x33, 0xeb, 0x59, 0xdc, 0xe8, 0x09,
  0xf2, 0x02, 0x49, 0x20, 0x38, 0xfd, 0x15, 0x18, 0x3d, 0x0d, 0x25, 0x29,
  0x09, 0x01, 0x00, 0x06, 0xee, 0xf7, 0x1b, 0x22, 0xee, 0x1a, 0xfc, 0x14,
  0x35, 0xd0, 0xe6, 0xed, 0x1a, 0x0f, 0xc6, 0x3e, 0xff, 0x11, 0x30, 0xe2,
  0xfe, 0xdd, 0x00, 0x20, 0x3a, 0xe2, 0xfa, 0x00, 0x0b, 0x0a, 0x45, 0x1a,
  0x16, 0xe3, 0xd8, 0x0b, 0xc0, 0x41, 0x08, 0xda, 0x2c, 0xd9, 0x08, 0xf0,
  0xd7, 0x22, 0x11, 0xee, 0xd8, 0x16, 0xc7, 0x3b, 0x21, 0x5b, 0xba, 0xff,
  0xcb, 0xfa, 0x02, 0x50, 0xeb, 0xf7, 0x04, 0x04, 0xca, 0x26, 0xe1, 0x01,
  0x1a, 0x11, 0x13, 0x4b, 0x28, 0xdd, 0xd5, 0x23, 0xc8, 0x04, 0xee, 0xf2,
  0x0c, 0xb9, 0xf6, 0x0c, 0xcd, 0x2c, 0xe6, 0xcf, 0x09, 0xf6, 0xf4, 0x18,
  0x1b, 0xe5, 0xed, 0xfa, 0x1e, 0x19, 0xf3, 0x07, 0xec, 0x15, 0x27, 0x38,
  0xea, 0x05, 0x99, 0xc3, 0xd1, 0xfa, 0xe6, 0xed, 0xe0, 0xe5, 0x0c, 0x10,
  0x1d, 0xe0, 0xf9, 0x01, 0xee, 0xd9, 0x2c, 0x10, 0xd5, 0xc1, 0x12, 0x2a,
  0x1c, 0xc1, 0xda, 0x1d, 0x17, 0x0b, 0x05, 0xdb, 0x01, 0xcf, 0x06, 0x34,
  0x2d, 0x2a, 0xe8, 0xdb, 0x1d, 0x03, 0xdb, 0x09, 0xc7, 0xbd, 0xf1, 0x2b,
  0xd5, 0x26, 0xd7, 0x27, 0xf3, 0x33, 0xd3, 0x01, 0xf1, 0x1d, 0x11, 0x2c,
  0xdb, 0x0d, 0x0f, 0xc0, 0x0b, 0x49, 0x37, 0xfe, 0xc9, 0xd5, 0x0c, 0xfc,
  0xdf, 0xd8, 0x1b, 0xeb, 0x35, 0x00, 0x20, 0xcd, 0xcf, 0xe0, 0x33, 0x04,
  0x2d, 0xd5, 0x3b, 0x34, 0xeb, 0x05, 0x2f, 0xe2, 0xeb, 0x26, 0x0a, 0x2d,
  0xf3, 0x10, 0xe4, 0xec, 0x1f, 0xe7, 0x15, 0xd6, 0xe5, 0x17, 0x19, 0x18,
  0xf3, 0x0d, 0x1b, 0xcb, 0x06, 0xfb, 0x17, 0xf6, 0x24, 0xc4, 0xef, 0x19,
  0x14, 0xfb, 0x24, 0x26, 0xe2, 0x25, 0xd9, 0x02, 0x21, 0x2b, 0xf9, 0x18,
  0x12, 0x04, 0x14, 0x31, 0xe8, 0xf7, 0xcb, 0x38, 0x09, 0x05, 0x2d, 0xf5,
  0x3c, 0x04, 0x11, 0xec, 0xfd, 0x14, 0x29, 0xdd, 0xe7, 0xcf, 0x0a, 0x02,
  0xe9, 0xf4, 0x26, 0xcf, 0x3c, 0x0e, 0xc6, 0xd4, 0xc2, 0xf9, 0x01, 0xde,
  0x19, 0xf8, 0xc9, 0x0a, 0x26, 0xf8, 0x07, 0x05, 0xe9, 0xc2, 0x42, 0x49,
  0xf9, 0xc9, 0xec, 0x08, 0xe9, 0x0f, 0x21, 0xe3, 0xe8, 0xe9, 0x3e, 0xe4,
  0x38, 0x10, 0x21, 0xac, 0xc5, 0x01, 0x16, 0x46, 0x11, 0x1a, 0x01, 0xe9,
  0x22, 0x31, 0x28, 0x3a, 0xef, 0x2f, 0xde, 0xe1, 0xe1, 0x09, 0x1f, 0x0d,
  0x0a, 0xd3, 0x1c, 0xe6, 0xf0, 0xea, 0xf1, 0x24, 0x21, 0x0c, 0xd1, 0xe7,
  0xf7, 0xdd, 0xe3, 0xd0, 0xc5, 0xd2, 0xc6, 0xe6, 0xfa, 0xeb, 0xf0, 0x37,
  0x33, 0xfc, 0xeb, 0x2d, 0x1a, 0x2b, 0x12, 0xdd, 0xf2, 0x2a, 0x2d, 0x17,
  0xfb, 0x37, 0xea, 0xdd, 0x2f, 0xff, 0x17, 0xeb, 0xf1, 0xce, 0xf5, 0xd8,
  0xe8, 0xe3, 0xe8, 0x18, 0xfe, 0x11, 0xed, 0x2b, 0x1e, 0x3a, 0x1d, 0xf4,
  0xd6, 0xe7, 0xd5, 0x1b, 0xbe, 0xf1, 0x0b, 0xf4, 0xf1, 0xe0, 0x1b, 0x39,
  0x2f, 0xca, 0xdc, 0xe6, 0x28, 0x10, 0xcf, 0x32, 0x58, 0x09, 0xdf, 0xe2,
  0x02, 0xda, 0xec, 0xfa, 0xde, 0x0b, 0xc0, 0xc9, 0xe9, 0xf9, 0xaa, 0x3f,
  0xb8, 0xfd, 0x33, 0x0e, 0xfb, 0xe4, 0x04, 0x15, 0xe4, 0x0a, 0x17, 0xeb,
  0xe9, 0x2d, 0x14, 0x42, 0x1c, 0x2c, 0xb7, 0xef, 0x27, 0xe6, 0x1e, 0x0e,
  0x13, 0x36, 0x2d, 0xfa, 0xe6, 0x34, 0xd3, 0xf2, 0xde, 0xe5, 0x1a, 0x53,
  0xbf, 0xda, 0x0f, 0xc1, 0x0b, 0x13, 0x20, 0xdf, 0x3b, 0xef, 0xf5, 0x01,
  0xe8, 0x2a, 0xcf, 0xc0, 0xbc, 0x2b, 0x28, 0x39, 0xc4, 0xcb, 0xa9, 0x59,
  0x09, 0x0b, 0xe9, 0xde, 0xcf, 0xe2, 0x2a, 0x00, 0xdd, 0x2f, 0x19, 0x28,
  0xed, 0x1b, 0xf5, 0xef, 0xf0, 0xf3, 0x2a, 0x22, 0xff, 0x3e, 0xf5, 0x54,
  0x3f, 0x13, 0x38, 0x03, 0x16, 0x09, 0x34, 0xfc, 0x1b, 0x17, 0xe3, 0x0c,
  0xe1, 0xef, 0x2a, 0xfc, 0x46, 0x2e, 0x46, 0x1f, 0x43, 0xce, 0x01, 0xf2,
  0xf4, 0x1b, 0xde, 0xe7, 0xbf, 0x60, 0xe4, 0xf1, 0xfc, 0xd6, 0x41, 0x26,
  0xeb, 0x4a, 0x06, 0x22, 0x34, 0xd5, 0xff, 0xfb, 0x43, 0xef, 0x0f, 0xd1,
  0xfe, 0x23, 0x45, 0xf5, 0x3d, 0x33, 0x0d, 0xf9, 0xf7, 0xee, 0x1d, 0x2f,
  0x01, 0xfc, 0x07, 0x21, 0xc8, 0xe6, 0xe5, 0xfe, 0xda, 0x0f, 0x15, 0xfd,
  0xf1, 0xf1, 0xf8, 0x14, 0x20, 0x3b, 0x0c, 0xfe, 0xea, 0xf8, 0xdd, 0x1f,
  0xea, 0x45, 0xef, 0xed, 0x07, 0x05, 0x04, 0x0d, 0x23, 0xfe, 0xf1, 0x13,
  0x11, 0x18, 0x21, 0x26, 0x0e, 0xfe, 0xf6, 0x0b, 0x51, 0x76, 0x3c, 0x2d,
  0x0a, 0xdc, 0xde, 0x22, 0x3a, 0x2b, 0x3d, 0x3a, 0x07, 0x4d, 0xf0, 0x28,
  0x46, 0x21, 0xa7, 0xf1, 0x51, 0x39, 0x2a, 0x10, 0x3b, 0xfe, 0x14, 0xfa,
  0x14, 0x3a, 0x1e, 0x1a, 0x0f, 0xfd, 0x2b, 0x46, 0xed, 0x56, 0xd9, 0x19,
  0xf6, 0xfe, 0xdc, 0xf3, 0xf8, 0xee, 0x24, 0x2b, 0x19, 0x00, 0x20, 0x21,
  0xcf, 0xb2, 0xba, 0x38, 0x3e, 0x55, 0xfb, 0x07, 0xdc, 0x00, 0x2a, 0xfb,
  0xd0, 0xfe, 0x07, 0xd9, 0xd6, 0xc8, 0x20, 0xf7, 0xdf, 0xf6, 0xf2, 0xc3,
  0x03, 0xe2, 0xdf, 0x58, 0xdb, 0xf8, 0xe7, 0x31, 0xfa, 0x03, 0x1b, 0xdc,
  0xf0, 0x0b, 0xed, 0x03, 0x37, 0x4b, 0xf6, 0x58, 0x12, 0xe4, 0x10, 0xd1,
  0xf4, 0xe7, 0xd0, 0xf4, 0x25, 0xe4, 0xe7, 0xc7, 0x05, 0x0e, 0xe4, 0xc3,
  0xf9, 0xc2, 0x19, 0x71, 0x42, 0x25, 0x37, 0xe4, 0x35, 0x3b, 0xeb, 0x32,
  0x23, 0xdd, 0x40, 0xf5, 0xd9, 0x2e, 0xdc, 0x36, 0x37, 0x51, 0x1a, 0x2d,
  0xc4, 0x07, 0x1d, 0x33, 0x27, 0xf9, 0x05, 0x26, 0x0d, 0x27, 0xfa, 0x23,
  0xe3, 0xf5, 0x13, 0x24, 0x1e, 0xc8, 0xf3, 0xef, 0x42, 0x24, 0x2d, 0xe4,
  0xdc, 0x38, 0x33, 0x24, 0xfd, 0x15, 0xcf, 0xcc, 0x90, 0x14, 0x5d, 0x00,
  0x22, 0xd7, 0x21, 0xd6, 0xd8, 0x4c, 0x37, 0x42, 0x2f, 0xf5, 0xd4, 0x32,
  0xe4, 0x24, 0xfc, 0x2f, 0x1b, 0x40, 0x65, 0x2e, 0xb3, 0x14, 0x25, 0xfa,
  0x3a, 0xe0, 0x2c, 0x0b, 0x2d, 0x1f, 0x24, 0xba, 0xfd, 0x24, 0x0d, 0x0c,
  0x2a, 0x0b, 0x2e, 0xf4, 0x38, 0x12, 0xe7, 0xb2, 0x17, 0xea, 0xf8, 0xd0,
  0xf0, 0xd9, 0xdd, 0x01, 0x00, 0xa1, 0x69, 0xbf, 0x7f, 0x61, 0xdf, 0xda,
  0x2e, 0x1e, 0x2c, 0x31, 0x4f, 0x18, 0x19, 0x1c, 0xea, 0xf8, 0x01, 0xe3,
  0xcc, 0x03, 0x48, 0x35, 0x23, 0x36, 0xf7, 0x1f, 0x1e, 0x2e, 0xf1, 0x1d,
  0x3e, 0xff, 0xec, 0xe8, 0x28, 0x1c, 0x46, 0x19, 0x59, 0x0f, 0x51, 0x14,
  0x18, 0xed, 0x19, 0x2d, 0x22, 0x2d, 0xe6, 0x09, 0x1f, 0xe5, 0xe3, 0x09,
  0x2c, 0x00, 0xfa, 0x30, 0x0c, 0xe5, 0x4c, 0x09, 0x16, 0xfb, 0xfa, 0x54,
  0x00, 0xf3, 0x2b, 0x25, 0x1f, 0x48, 0xe7, 0x21, 0x02, 0x07, 0xf9, 0x47,
  0xdf, 0x0c, 0x30, 0x1d, 0x3c, 0x4c, 0x65, 0x04, 0xeb, 0x0e, 0x29, 0x27,
  0x4d, 0xdc, 0x2a, 0x47, 0x0e, 0x2c, 0x52, 0x22, 0x15, 0xf7, 0x20, 0x1e,
  0xee, 0x29, 0x3c, 0xf4, 0x20, 0x0f, 0x03, 0x06, 0xdf, 0xdc, 0x0d, 0xcb,
  0x21, 0xfb, 0x22, 0x3e, 0x16, 0xdb, 0xff, 0xff, 0x04, 0x00, 0x00, 0x00,
  0x60, 0x00, 0x00, 0x00, 0x94, 0xa4, 0xac, 0xa3, 0x8d, 0x8f, 0xa0, 0xa7,
  0x91, 0x88, 0x95, 0x8a, 0xa4, 0xa3, 0x9b, 0x9e, 0xa8, 0x99, 0x93, 0x99,
  0xa9, 0xa7, 0xaa, 0xa0, 0x62, 0x5f, 0x6e, 0x61, 0x62, 0x6d, 0x7a, 0x60,
  0x69, 0x59, 0x69, 0x59, 0x55, 0x56, 0x77, 0x79, 0x68, 0x6f, 0x6d, 0x70,
  0x77, 0x7f, 0x64, 0x6a, 0x8d, 0x80, 0x94, 0x8c, 0x8a, 0x8f, 0x96, 0x99,
  0x8d, 0x92, 0x91, 0x8e, 0x92, 0x97, 0xa5, 0x82, 0x90, 0x94, 0x96, 0x92,
  0x88, 0x86, 0x96, 0x90, 0x9f, 0xac, 0x98, 0xaa, 0x97, 0xa6, 0xa3, 0xaa,
  0x97, 0x88, 0x9e, 0x92, 0xa5, 0x91, 0xa5, 0x9e, 0x9a, 0x9a, 0x98, 0xa3,
  0x9e, 0xa8, 0xaa, 0xa0, 0x82, 0xdb, 0xff, 0xff, 0x04, 0x00, 0x00, 0x00,
  0x40, 0x02, 0x00, 0x00, 0xe6, 0x1b, 0xd8, 0xa6, 0xd9, 0x28, 0x12, 0xbc,
  0xdc, 0xf1, 0xf1, 0xe8, 0xfe, 0xda, 0xf0, 0xe4, 0xd5, 0x2f, 0xc5, 0xe5,
  0x25, 0x35, 0xa6, 0x02, 0x07, 0xd2, 0x40, 0xec, 0xf7, 0xcc, 0xde, 0xf2,
  0xd7, 0x23, 0x05, 0x1a, 0xde, 0xdc, 0xeb, 0x1f, 0xcb, 0x2d, 0xee, 0x11,
  0xb9, 0xb5, 0x31, 0xf6, 0x2a, 0xc4, 0xfd, 0xa7, 0x03, 0xe0, 0x48, 0xe9,
  0xda, 0x1d, 0x43, 0xf7, 0x08, 0x17, 0xf8, 0xc5, 0x05, 0x19, 0xf8, 0xd7,
  0xd3, 0x30, 0xb4, 0xf6, 0xe3, 0x0f, 0xff, 0xda, 0x0f, 0x0b, 0x11, 0x17,
  0x03, 0xe2, 0xd5, 0xff, 0x1c, 0x10, 0x0c, 0xdb, 0xf3, 0x15, 0xdc, 0x3b,
  0xd3, 0x02, 0xe5, 0xdd, 0xf9, 0xfa, 0x15, 0xde, 0xb3, 0x1e, 0x40, 0x0c,
  0x16, 0x31, 0x4e, 0xcc, 0x07, 0x1a, 0xde, 0x11, 0x07, 0xcf, 0xfb, 0xd6,
  0xff, 0x00, 0x2b, 0x00, 0x2d, 0x41, 0xd7, 0x07, 0xc8, 0xb6, 0xdc, 0xa5,
  0x21, 0xd3, 0x3b, 0x1d, 0xd5, 0xc5, 0x15, 0xcf, 0x34, 0x15, 0xb9, 0x0d,
  0x56, 0x48, 0xfb, 0x18, 0x41, 0x29, 0x49, 0xf1, 0xda, 0xff, 0xfa, 0x34,
  0x17, 0xde, 0xe9, 0x44, 0xc0, 0xc8, 0x2b, 0xe2, 0xda, 0xbd, 0xca, 0xd1,
  0x0b, 0x05, 0xe6, 0xd7, 0xe6, 0x17, 0xf5, 0x2a, 0x07, 0x31, 0xff, 0x0a,
  0x04, 0xca, 0x02, 0xf1, 0x1c, 0xf7, 0xd2, 0xf6, 0xc0, 0xf4, 0x03, 0x0b,
  0x07, 0xe5, 0xf2, 0x30, 0x36, 0xfc, 0x30, 0xcc, 0xc3, 0xc7, 0xe9, 0x1b,
  0x3e, 0x02, 0xfc, 0xf4, 0x08, 0x04, 0x3d, 0xe1, 0xf8, 0xb2, 0xab, 0xc5,
  0x29, 0xe8, 0x45, 0x2c, 0x04, 0xd4, 0x21, 0xc0, 0x0d, 0x00, 0x19, 0x25,
  0x0f, 0xf1, 0x46, 0x81, 0x52, 0x40, 0x1d, 0xc5, 0xd5, 0x1a, 0x15, 0x28,
  0xff, 0xf9, 0x0a, 0xfd, 0x0e, 0xae, 0x33, 0x36, 0xc6, 0xc3, 0x15, 0xf4,
  0x01, 0xda, 0x24, 0x22, 0x42, 0x14, 0x02, 0xfa, 0xd4, 0x1a, 0x05, 0xdf,
  0xc1, 0x2d, 0xe7, 0xdf, 0x26, 0xfc, 0x21, 0xf3, 0xde, 0xcc, 0xdb, 0x4c,
  0xf2, 0x37, 0x07, 0xde, 0x16, 0xf1, 0x17, 0xe5, 0xe9, 0x28, 0x24, 0x0d,
  0xea, 0xf7, 0xdf, 0x20, 0x31, 0x56, 0xbb, 0xb7, 0x21, 0x14, 0x07, 0xf1,
  0x2d, 0xde, 0xf8, 0x1e, 0xe5, 0xd9, 0x35, 0xd4, 0x23, 0xf7, 0x0a, 0xb6,
  0x31, 0x58, 0x1b, 0x2c, 0xc9, 0xc0, 0x20, 0xce, 0xd7, 0x2b, 0x41, 0x4b,
  0x31, 0x0d, 0xda, 0xbf, 0xde, 0x2c, 0x34, 0x0e, 0xad, 0x24, 0x1f, 0x19,
  0xdd, 0xdd, 0x03, 0xdc, 0x38, 0xe5, 0x34, 0xee, 0xe8, 0xf5, 0xdf, 0x06,
  0x21, 0x18, 0x28, 0x01, 0xc0, 0xe5, 0x09, 0xd1, 0x25, 0xef, 0xc0, 0xda,
  0xe7, 0x2d, 0x35, 0xf1, 0xf0, 0x1a, 0x43, 0x18, 0x2b, 0x09, 0xdd, 0x1d,
  0x11, 0xf0, 0x00, 0x1c, 0x23, 0x00, 0xc3, 0xe2, 0x2d, 0xef, 0x2b, 0xe4,
  0x2e, 0xc5, 0x02, 0x0f, 0x2a, 0xdc, 0x09, 0xaf, 0xb8, 0xc8, 0x30, 0x3d,
  0xf4, 0x10, 0x32, 0xe0, 0x3c, 0x05, 0x0a, 0xfc, 0xc2, 0x05, 0x30, 0x03,
  0x0e, 0xd3, 0xf2, 0xb9, 0x02, 0xc5, 0xfb, 0xb1, 0xf8, 0xb8, 0x2d, 0x20,
  0x14, 0x0f, 0xed, 0xf4, 0x51, 0x19, 0x3e, 0xea, 0xde, 0xb4, 0x07, 0xf2,
  0x13, 0xb9, 0xd3, 0xe6, 0xf1, 0xe8, 0xfc, 0xd0, 0xec, 0xd8, 0x39, 0xdc,
  0x1e, 0xe0, 0x49, 0xe7, 0x25, 0x20, 0xf4, 0xbb, 0x45, 0xba, 0xc6, 0xcc,
  0x45, 0x0c, 0xba, 0xea, 0xfc, 0x02, 0xe4, 0x04, 0x21, 0xcb, 0xd7, 0xc6,
  0x10, 0xde, 0x21, 0xe7, 0xf0, 0x11, 0x20, 0xc1, 0x11, 0xba, 0xba, 0xea,
  0x3c, 0x0b, 0x52, 0x49, 0xe6, 0x0f, 0xe7, 0x32, 0xec, 0xd7, 0x2f, 0xc5,
  0xcf, 0xd7, 0xd9, 0xf2, 0x2b, 0xfd, 0x53, 0xd3, 0x26, 0x4e, 0x09, 0xfc,
  0xe0, 0x24, 0x4b, 0xfb, 0xe3, 0x09, 0x12, 0x27, 0xcf, 0xe5, 0xfb, 0x2a,
  0xea, 0xdb, 0xcc, 0xde, 0xd9, 0x3a, 0xca, 0xd4, 0xe6, 0xd5, 0xdb, 0x44,
  0xcf, 0xd3, 0xf4, 0xe2, 0xfc, 0x26, 0x16, 0x2b, 0xcf, 0xdd, 0xdb, 0x02,
  0x10, 0xc8, 0x26, 0xbd, 0x18, 0x17, 0xc6, 0x4c, 0x07, 0x1e, 0x14, 0x05,
  0x02, 0x26, 0x35, 0xd5, 0xb9, 0x0d, 0x0a, 0x2e, 0x0d, 0xee, 0xfd, 0xf9,
  0xe7, 0x39, 0xe1, 0xf9, 0x0a, 0x3a, 0xdf, 0xeb, 0x2e, 0xda, 0x1d, 0xef,
  0xaf, 0x1d, 0xdd, 0x3c, 0xce, 0xdd, 0xff, 0xff, 0x04, 0x00, 0x00, 0x00,
  0x60, 0x00, 0x00, 0x00, 0x04, 0xff, 0xff, 0xff, 0x3e, 0x00, 0x00, 0x00,
  0xe8, 0x07, 0x00, 0x00, 0xdd, 0xfe, 0xff, 0xff, 0x14, 0x05, 0x00, 0x00,
  0xa3, 0x03, 0x00, 0x00, 0xb2, 0x03, 0x00, 0x00, 0x51, 0xfb, 0xff, 0xff,
  0x1c, 0x05, 0x00, 0x00, 0x11, 0x0d, 0x00, 0x00, 0x71, 0x09, 0x00, 0x00,
  0x4c, 0x06, 0x00, 0x00, 0xb2, 0x05, 0x00, 0x00, 0xd6, 0x0a, 0x00, 0x00,
  0xbd, 0x08, 0x00, 0x00, 0x89, 0xfb, 0xff, 0xff, 0x46, 0x0a, 0x00, 0x00,
  0x22, 0x0a, 0x00, 0x00, 0x53, 0x05, 0x00, 0x00, 0x8e, 0x08, 0x00, 0x00,
  0xfa, 0x08, 0x00, 0x00, 0xfc, 0xfd, 0xff, 0xff, 0xaf, 0xfb, 0xff, 0xff,
  0x02, 0xfd, 0xff, 0xff, 0x3a, 0xde, 0xff, 0xff, 0x04, 0x00, 0x00, 0x00,
  0x48, 0x00, 0x00, 0x00, 0x1c, 0xeb, 0xdb, 0xf8, 0xce, 0x46, 0xf1, 0xd2,
  0xfd, 0xc5, 0xe3, 0x81, 0x44, 0xcb, 0x11, 0xec, 0xda, 0xc7, 0xfa, 0x30,
  0x28, 0x22, 0x0d, 0xda, 0x4c, 0x0f, 0x43, 0xe4, 0xed, 0x0c, 0xf5, 0x03,
  0xe7, 0x02, 0xea, 0xce, 0x31, 0xe7, 0xde, 0xe8, 0xfc, 0x12, 0x29, 0xef,
  0xd7, 0x34, 0xf8, 0x20, 0xf3, 0xe5, 0xf4, 0xef, 0x43, 0x15, 0x43, 0x2f,
  0x24, 0xfe, 0x00, 0xc6, 0x0c, 0xe0, 0x43, 0xff, 0xf0, 0xe1, 0x37, 0x18,
  0xb4, 0xdb, 0xe7, 0x0a, 0x8e, 0xde, 0xff, 0xff, 0x04, 0x00, 0x00, 0x00,
  0x0c, 0x00, 0x00, 0x00, 0x78, 0xff, 0xff, 0xff, 0x71, 0x01, 0x00, 0x00,
  0x46, 0x02, 0x00, 0x00, 0xd4, 0x3f, 0xff, 0xff, 0xaa, 0xde, 0xff, 0xff,
  0x04, 0x00, 0x00, 0x00, 0x04, 0x00, 0x00, 0x00, 0x18, 0x00, 0x00, 0x00,
  0xba, 0xde, 0xff, 0xff, 0x04, 0x00, 0x00, 0x00, 0x0c, 0x00, 0x00, 0x00,
  0x01, 0x00, 0x00, 0x00, 0x00, 0x00, 0x00, 0x00, 0x02, 0x00, 0x00, 0x00,
  0xd2, 0xde, 0xff, 0xff, 0x04, 0x00, 0x00, 0x00, 0x04, 0x00, 0x00, 0x00,
  0x01, 0x00, 0x00, 0x00, 0xe2, 0xde, 0xff, 0xff, 0x04, 0x00, 0x00, 0x00,
  0x04, 0x00, 0x00, 0x00, 0x00, 0x00, 0x00, 0x00, 0x20, 0x40, 0xff, 0xff,
  0x24, 0x40, 0xff, 0xff, 0x0f, 0x00, 0x00, 0x00, 0x4d, 0x4c, 0x49, 0x52,
  0x20, 0x43, 0x6f, 0x6e, 0x76, 0x65, 0x72, 0x74, 0x65, 0x64, 0x2e, 0x00,
  0x01, 0x00, 0x00, 0x00, 0x14, 0x00, 0x00, 0x00, 0x00, 0x00, 0x0e, 0x00,
  0x18, 0x00, 0x14, 0x00, 0x10, 0x00, 0x0c, 0x00, 0x08, 0x00, 0x04, 0x00,
  0x0e, 0x00, 0x00, 0x00, 0x14, 0x00, 0x00, 0x00, 0x1c, 0x00, 0x00, 0x00,
  0xe8, 0x21, 0x00, 0x00, 0xec, 0x21, 0x00, 0x00, 0xf0, 0x21, 0x00, 0x00,
  0x04, 0x00, 0x00, 0x00, 0x6d, 0x61, 0x69, 0x6e, 0x00, 0x00, 0x00, 0x00,
  0xb1, 0x00, 0x00, 0x00, 0x98, 0x21, 0x00, 0x00, 0x38, 0x21, 0x00, 0x00,
  0x00, 0x21, 0x00, 0x00, 0x8c, 0x20, 0x00, 0x00, 0x54, 0x20, 0x00, 0x00,
  0x1c, 0x20, 0x00, 0x00, 0xe4, 0x1f, 0x00, 0x00, 0xac, 0x1f, 0x00, 0x00,
  0x78, 0x1f, 0x00, 0x00, 0x44, 0x1f, 0x00, 0x00, 0x00, 0x1f, 0x00, 0x00,
  0xdc, 0x1e, 0x00, 0x00, 0xb8, 0x1e, 0x00, 0x00, 0x84, 0x1e, 0x00, 0x00,
  0x60, 0x1e, 0x00, 0x00, 0x3c, 0x1e, 0x00, 0x00, 0x08, 0x1e, 0x00, 0x00,
  0xd4, 0x1d, 0x00, 0x00, 0xb0, 0x1d, 0x00, 0x00, 0x7c, 0x1d, 0x00, 0x00,
  0x44, 0x1d, 0x00, 0x00, 0x0c, 0x1d, 0x00, 0x00, 0xd4, 0x1c, 0x00, 0x00,
  0x9c, 0x1c, 0x00, 0x00, 0x64, 0x1c, 0x00, 0x00, 0x2c, 0x1c, 0x00, 0x00,
  0xf4, 0x1b, 0x00, 0x00, 0xc0, 0x1b, 0x00, 0x00, 0x8c, 0x1b, 0x00, 0x00,
  0x48, 0x1b, 0x00, 0x00, 0x24, 0x1b, 0x00, 0x00, 0x00, 0x1b, 0x00, 0x00,
  0xcc, 0x1a, 0x00, 0x00, 0xa8, 0x1a, 0x00, 0x00, 0x84, 0x1a, 0x00, 0x00,
  0x50, 0x1a, 0x00, 0x00, 0x1c, 0x1a, 0x00, 0x00, 0xf8, 0x19, 0x00, 0x00,
  0xc4, 0x19, 0x00, 0x00, 0x8c, 0x19, 0x00, 0x00, 0x54, 0x19, 0x00, 0x00,
  0x1c, 0x19, 0x00, 0x00, 0xe4, 0x18, 0x00, 0x00, 0xb0, 0x18, 0x00, 0x00,
  0x7c, 0x18, 0x00, 0x00, 0x38, 0x18, 0x00, 0x00, 0x14, 0x18, 0x00, 0x00,
  0xf0, 0x17, 0x00, 0x00, 0xbc, 0x17, 0x00, 0x00, 0x98, 0x17, 0x00, 0x00,
  0x74, 0x17, 0x00, 0x00, 0x40, 0x17, 0x00, 0x00, 0x0c, 0x17, 0x00, 0x00,
  0xe8, 0x16, 0x00, 0x00, 0xb4, 0x16, 0x00, 0x00, 0x7c, 0x16, 0x00, 0x00,
  0x44, 0x16, 0x00, 0x00, 0x10, 0x16, 0x00, 0x00, 0xdc, 0x15, 0x00, 0x00,
  0x98, 0x15, 0x00, 0x00, 0x74, 0x15, 0x00, 0x00, 0x40, 0x15, 0x00, 0x00,
  0x1c, 0x15, 0x00, 0x00, 0xf8, 0x14, 0x00, 0x00, 0xd4, 0x14, 0x00, 0x00,
  0xa0, 0x14, 0x00, 0x00, 0x6c, 0x14, 0x00, 0x00, 0x48, 0x14, 0x00, 0x00,
  0x14, 0x14, 0x00, 0x00, 0xdc, 0x13, 0x00, 0x00, 0xa4, 0x13, 0x00, 0x00,
  0x70, 0x13, 0x00, 0x00, 0x3c, 0x13, 0x00, 0x00, 0xf8, 0x12, 0x00, 0x00,
  0xd4, 0x12, 0x00, 0x00, 0xb0, 0x12, 0x00, 0x00, 0x7c, 0x12, 0x00, 0x00,
  0x58, 0x12, 0x00, 0x00, 0x34, 0x12, 0x00, 0x00, 0x00, 0x12, 0x00, 0x00,
  0xcc, 0x11, 0x00, 0x00, 0xa8, 0x11, 0x00, 0x00, 0x74, 0x11, 0x00, 0x00,
  0x3c, 0x11, 0x00, 0x00, 0x08, 0x11, 0x00, 0x00, 0xd4, 0x10, 0x00, 0x00,
  0x90, 0x10, 0x00, 0x00, 0x6c, 0x10, 0x00, 0x00, 0x48, 0x10, 0x00, 0x00,
  0x24, 0x10, 0x00, 0x00, 0x00, 0x10, 0x00, 0x00, 0xcc, 0x0f, 0x00, 0x00,
  0x98, 0x0f, 0x00, 0x00, 0x64, 0x0f, 0x00, 0x00, 0x40, 0x0f, 0x00, 0x00,
  0x0c, 0x0f, 0x00, 0x00, 0xd4, 0x0e, 0x00, 0x00, 0xa0, 0x0e, 0x00, 0x00,
  0x6c, 0x0e, 0x00, 0x00, 0x28, 0x0e, 0x00, 0x00, 0x04, 0x0e, 0x00, 0x00,
  0xe0, 0x0d, 0x00, 0x00, 0xbc, 0x0d, 0x00, 0x00, 0x98, 0x0d, 0x00, 0x00,
  0x64, 0x0d, 0x00, 0x00, 0x30, 0x0d, 0x00, 0x00, 0xfc, 0x0c, 0x00, 0x00,
  0xd8, 0x0c, 0x00, 0x00, 0xa4, 0x0c, 0x00, 0x00, 0x6c, 0x0c, 0x00, 0x00,
  0x38, 0x0c, 0x00, 0x00, 0x04, 0x0c, 0x00, 0x00, 0xc0, 0x0b, 0x00, 0x00,
  0x9c, 0x0b, 0x00, 0x00, 0x78, 0x0b, 0x00, 0x00, 0x54, 0x0b, 0x00, 0x00,
  0x30, 0x0b, 0x00, 0x00, 0xfc, 0x0a, 0x00, 0x00, 0xc8, 0x0a, 0x00, 0x00,
  0x94, 0x0a, 0x00, 0x00, 0x70, 0x0a, 0x00, 0x00, 0x3c, 0x0a, 0x00, 0x00,
  0x04, 0x0a, 0x00, 0x00, 0xd0, 0x09, 0x00, 0x00, 0x9c, 0x09, 0x00, 0x00,
  0x58, 0x09, 0x00, 0x00, 0x34, 0x09, 0x00, 0x00, 0x10, 0x09, 0x00, 0x00,
  0xec, 0x08, 0x00, 0x00, 0xc8, 0x08, 0x00, 0x00, 0x94, 0x08, 0x00, 0x00,
  0x60, 0x08, 0x00, 0x00, 0x2c, 0x08, 0x00, 0x00, 0x08, 0x08, 0x00, 0x00,
  0xd4, 0x07, 0x00, 0x00, 0x9c, 0x07, 0x00, 0x00, 0x68, 0x07, 0x00, 0x00,
  0x34, 0x07, 0x00, 0x00, 0xf0, 0x06, 0x00, 0x00, 0xcc, 0x06, 0x00, 0x00,
  0xa8, 0x06, 0x00, 0x00, 0x84, 0x06, 0x00, 0x00, 0x60, 0x06, 0x00, 0x00,
  0x2c, 0x06, 0x00, 0x00, 0xf8, 0x05, 0x00, 0x00, 0xc4, 0x05, 0x00, 0x00,
  0xa0, 0x05, 0x00, 0x00, 0x6c, 0x05, 0x00, 0x00, 0x34, 0x05, 0x00, 0x00,
  0x00, 0x05, 0x00, 0x00, 0xcc, 0x04, 0x00, 0x00, 0x88, 0x04, 0x00, 0x00,
  0x64, 0x04, 0x00, 0x00, 0x40, 0x04, 0x00, 0x00, 0x1c, 0x04, 0x00, 0x00,
  0xf8, 0x03, 0x00, 0x00, 0xc4, 0x03, 0x00, 0x00, 0x90, 0x03, 0x00, 0x00,
  0x5c, 0x03, 0x00, 0x00, 0x38, 0x03, 0x00, 0x00, 0x04, 0x03, 0x00, 0x00,
  0xcc, 0x02, 0x00, 0x00, 0x98, 0x02, 0x00, 0x00, 0x64, 0x02, 0x00, 0x00,
  0x20, 0x02, 0x00, 0x00, 0xfc, 0x01, 0x00, 0x00, 0xd8, 0x01, 0x00, 0x00,
  0xb4, 0x01, 0x00, 0x00, 0x90, 0x01, 0x00, 0x00, 0x5c, 0x01, 0x00, 0x00,
  0x28, 0x01, 0x00, 0x00, 0xf4, 0x00, 0x00, 0x00, 0xd0, 0x00, 0x00, 0x00,
  0x9c, 0x00, 0x00, 0x00, 0x60, 0x00, 0x00, 0x00, 0x28, 0x00, 0x00, 0x00,
  0x04, 0x00, 0x00, 0x00, 0xc6, 0xe1, 0xff, 0xff, 0x0c, 0x00, 0x00, 0x00,
  0x10, 0x00, 0x00, 0x00, 0x09, 0x00, 0x00, 0x00, 0x01, 0x00, 0x00, 0x00,
  0xed, 0x00, 0x00, 0x00, 0x01, 0x00, 0x00, 0x00, 0xec, 0x00, 0x00, 0x00,
  0x8e, 0xe2, 0xff, 0xff, 0x14, 0x00, 0x00, 0x00, 0x00, 0x00, 0x00, 0x08,
  0x10, 0x00, 0x00, 0x00, 0x14, 0x00, 0x00, 0x00, 0x06, 0x00, 0x00, 0x00,
  0x78, 0x43, 0xff, 0xff, 0x01, 0x00, 0x00, 0x00, 0xec, 0x00, 0x00, 0x00,
  0x03, 0x00, 0x00, 0x00, 0xeb, 0x00, 0x00, 0x00, 0x07, 0x00, 0x00, 0x00,
  0x06, 0x00, 0x00, 0x00, 0xc2, 0xe2, 0xff, 0xff, 0x14, 0x00, 0x00, 0x00,
  0x00, 0x00, 0x00, 0x08, 0x14, 0x00, 0x00, 0x00, 0x18, 0x00, 0x00, 0x00,
  0x06, 0x00, 0x00, 0x00, 0x82, 0xe1, 0xff, 0xff, 0x00, 0x00, 0x00, 0x01,
  0x01, 0x00, 0x00, 0x00, 0xeb, 0x00, 0x00, 0x00, 0x03, 0x00, 0x00, 0x00,
  0xea, 0x00, 0x00, 0x00, 0x09, 0x00, 0x00, 0x00, 0x08, 0x00, 0x00, 0x00,
  0xfa, 0xe2, 0xff, 0xff, 0x14, 0x00, 0x00, 0x00, 0x00, 0x00, 0x00, 0x15,
  0x10, 0x00, 0x00, 0x00, 0x14, 0x00, 0x00, 0x00, 0x0a, 0x00, 0x00, 0x00,
  0xe4, 0x43, 0xff, 0xff, 0x01, 0x00, 0x00, 0x00, 0xea, 0x00, 0x00, 0x00,
  0x02, 0x00, 0x00, 0x00, 0xe4, 0x00, 0x00, 0x00, 0xe9, 0x00, 0x00, 0x00,
  0x82, 0xe2, 0xff, 0xff, 0x0c, 0x00, 0x00, 0x00, 0x10, 0x00, 0x00, 0x00,
  0x0b, 0x00, 0x00, 0x00, 0x01, 0x00, 0x00, 0x00, 0xe9, 0x00, 0x00, 0x00,
  0x01, 0x00, 0x00, 0x00, 0xe8, 0x00, 0x00, 0x00, 0x4a, 0xe3, 0xff, 0xff,
  0x14, 0x00, 0x00, 0x00, 0x00, 0x00, 0x00, 0x0b, 0x10, 0x00, 0x00, 0x00,
  0x14, 0x00, 0x00, 0x00, 0x07, 0x00, 0x00, 0x00, 0x34, 0x44, 0xff, 0xff,
  0x01, 0x00, 0x00, 0x00, 0xe8, 0x00, 0x00, 0x00, 0x02, 0x00, 0x00, 0x00,
  0xe7, 0x00, 0x00, 0x00, 0xe6, 0x00, 0x00, 0x00, 0x7a, 0xe3, 0xff, 0xff,
  0x14, 0x00, 0x00, 0x00, 0x00, 0x00, 0x00, 0x15, 0x10, 0x00, 0x00, 0x00,
  0x14, 0x00, 0x00, 0x00, 0x0a, 0x00, 0x00, 0x00, 0x64, 0x44, 0xff, 0xff,
  0x01, 0x00, 0x00, 0x00, 0xe7, 0x00, 0x00, 0x00, 0x02, 0x00, 0x00, 0x00,
  0xe3, 0x00, 0x00, 0x00, 0xd8, 0x00, 0x00, 0x00, 0xaa, 0xe3, 0xff, 0xff,
  0x14, 0x00, 0x00, 0x00, 0x00, 0x00, 0x00, 0x15, 0x10, 0x00, 0x00, 0x00,
  0x14, 0x00, 0x00, 0x00, 0x0a, 0x00, 0x00, 0x00, 0x94, 0x44, 0xff, 0xff,
  0x01, 0x00, 0x00, 0x00, 0xe6, 0x00, 0x00, 0x00, 0x02, 0x00, 0x00, 0x00,
  0xe2, 0x00, 0x00, 0x00, 0xe5, 0x00, 0x00, 0x00, 0x32, 0xe3, 0xff, 0xff,
  0x0c, 0x00, 0x00, 0x00, 0x10, 0x00, 0x00, 0x00, 0x0b, 0x00, 0x00, 0x00,
  0x01, 0x00, 0x00, 0x00, 0xe5, 0x00, 0x00, 0x00, 0x01, 0x00, 0x00, 0x00,
  0xe0, 0x00, 0x00, 0x00, 0x52, 0xe3, 0xff, 0xff, 0x0c, 0x00, 0x00, 0x00,
  0x10, 0x00, 0x00, 0x00, 0x09, 0x00, 0x00, 0x00, 0x01, 0x00, 0x00, 0x00,
  0xe4, 0x00, 0x00, 0x00, 0x01, 0x00, 0x00, 0x00, 0xe1, 0x00, 0x00, 0x00,
  0x72, 0xe3, 0xff, 0xff, 0x0c, 0x00, 0x00, 0x00, 0x10, 0x00, 0x00, 0x00,
  0x09, 0x00, 0x00, 0x00, 0x01, 0x00, 0x00, 0x00, 0xe3, 0x00, 0x00, 0x00,
  0x01, 0x00, 0x00, 0x00, 0xdf, 0x00, 0x00, 0x00, 0x92, 0xe3, 0xff, 0xff,
  0x0c, 0x00, 0x00, 0x00, 0x10, 0x00, 0x00, 0x00, 0x09, 0x00, 0x00, 0x00,
  0x01, 0x00, 0x00, 0x00, 0xe2, 0x00, 0x00, 0x00, 0x01, 0x00, 0x00, 0x00,
  0xde, 0x00, 0x00, 0x00, 0x5a, 0xe4, 0xff, 0xff, 0x14, 0x00, 0x00, 0x00,
  0x00, 0x00, 0x00, 0x23, 0x14, 0x00, 0x00, 0x00, 0x24, 0x00, 0x00, 0x00,
  0x08, 0x00, 0x00, 0x00, 0x16, 0xe4, 0xff, 0xff, 0x04, 0x00, 0x00, 0x00,
  0x04, 0x00, 0x00, 0x00, 0xde, 0x00, 0x00, 0x00, 0xdf, 0x00, 0x00, 0x00,
  0xe0, 0x00, 0x00, 0x00, 0xe1, 0x00, 0x00, 0x00, 0x02, 0x00, 0x00, 0x00,
  0x05, 0x00, 0x00, 0x00, 0xdd, 0x00, 0x00, 0x00, 0x9a, 0xe4, 0xff, 0xff,
  0x14, 0x00, 0x00, 0x00, 0x00, 0x00, 0x00, 0x0b, 0x10, 0x00, 0x00, 0x00,
  0x14, 0x00, 0x00, 0x00, 0x07, 0x00, 0x00, 0x00, 0x84, 0x45, 0xff, 0xff,
  0x01, 0x00, 0x00, 0x00, 0xdd, 0x00, 0x00, 0x00, 0x02, 0x00, 0x00, 0x00,
  0xdc, 0x00, 0x00, 0x00, 0x0a, 0x00, 0x00, 0x00, 0xca, 0xe4, 0xff, 0xff,
  0x14, 0x00, 0x00, 0x00, 0x00, 0x00, 0x00, 0x0b, 0x10, 0x00, 0x00, 0x00,
  0x14, 0x00, 0x00, 0x00, 0x07, 0x00, 0x00, 0x00, 0xb4, 0x45, 0xff, 0xff,
  0x01, 0x00, 0x00, 0x00, 0xdc, 0x00, 0x00, 0x00, 0x02, 0x00, 0x00, 0x00,
  0x48, 0x00, 0x00, 0x00, 0xdb, 0x00, 0x00, 0x00, 0xfa, 0xe4, 0xff, 0xff,
  0x14, 0x00, 0x00, 0x00, 0x00, 0x00, 0x00, 0x08, 0x10, 0x00, 0x00, 0x00,
  0x14, 0x00, 0x00, 0x00, 0x06, 0x00, 0x00, 0x00, 0xe4, 0x45, 0xff, 0xff,
  0x01, 0x00, 0x00, 0x00, 0xdb, 0x00, 0x00, 0x00, 0x03, 0x00, 0x00, 0x00,
  0xda, 0x00, 0x00, 0x00, 0x0c, 0x00, 0x00, 0x00, 0xff, 0xff, 0xff, 0xff,
  0x2e, 0xe5, 0xff, 0xff, 0x14, 0x00, 0x00, 0x00, 0x00, 0x00, 0x00, 0x15,
  0x10, 0x00, 0x00, 0x00, 0x14, 0x00, 0x00, 0x00, 0x0a, 0x00, 0x00, 0x00,
  0x18, 0x46, 0xff, 0xff, 0x01, 0x00, 0x00, 0x00, 0xda, 0x00, 0x00, 0x00,
  0x02, 0x00, 0x00, 0x00, 0xd4, 0x00, 0x00, 0x00, 0xd9, 0x00, 0x00, 0x00,
  0xb6, 0xe4, 0xff, 0xff, 0x0c, 0x00, 0x00, 0x00, 0x10, 0x00, 0x00, 0x00,
  0x0b, 0x00, 0x00, 0x00, 0x01, 0x00, 0x00, 0x00, 0xd9, 0x00, 0x00, 0x00,
  0x01, 0x00, 0x00, 0x00, 0xd8, 0x00, 0x00, 0x00, 0x7e, 0xe5, 0xff, 0xff,
  0x14, 0x00, 0x00, 0x00, 0x00, 0x00, 0x00, 0x0b, 0x10, 0x00, 0x00, 0x00,
  0x14, 0x00, 0x00, 0x00, 0x07, 0x00, 0x00, 0x00, 0x68, 0x46, 0xff, 0xff,
  0x01, 0x00, 0x00, 0x00, 0xd8, 0x00, 0x00, 0x00, 0x02, 0x00, 0x00, 0x00,
  0xd7, 0x00, 0x00, 0x00, 0xd6, 0x00, 0x00, 0x00, 0xae, 0xe5, 0xff, 0xff,
  0x14, 0x00, 0x00, 0x00, 0x00, 0x00, 0x00, 0x15, 0x10, 0x00, 0x00, 0x00,
  0x14, 0x00, 0x00, 0x00, 0x0a, 0x00, 0x00, 0x00, 0x98, 0x46, 0xff, 0xff,
  0x01, 0x00, 0x00, 0x00, 0xd7, 0x00, 0x00, 0x00, 0x02, 0x00, 0x00, 0x00,
  0xd3, 0x00, 0x00, 0x00, 0xc8, 0x00, 0x00, 0x00, 0xde, 0xe5, 0xff, 0xff,
  0x14, 0x00, 0x00, 0x00, 0x00, 0x00, 0x00, 0x15, 0x10, 0x00, 0x00, 0x00,
  0x14, 0x00, 0x00, 0x00, 0x0a, 0x00, 0x00, 0x00, 0xc8, 0x46, 0xff, 0xff,
  0x01, 0x00, 0x00, 0x00, 0xd6, 0x00, 0x00, 0x00, 0x02, 0x00, 0x00, 0x00,
  0xd2, 0x00, 0x00, 0x00, 0xd5, 0x00, 0x00, 0x00, 0x66, 0xe5, 0xff, 0xff,
  0x0c, 0x00, 0x00, 0x00, 0x10, 0x00, 0x00, 0x00, 0x0b, 0x00, 0x00, 0x00,
  0x01, 0x00, 0x00, 0x00, 0xd5, 0x00, 0x00, 0x00, 0x01, 0x00, 0x00, 0x00,
  0xd0, 0x00, 0x00, 0x00, 0x86, 0xe5, 0xff, 0xff, 0x0c, 0x00, 0x00, 0x00,
  0x10, 0x00, 0x00, 0x00, 0x09, 0x00, 0x00, 0x00, 0x01, 0x00, 0x00, 0x00,
  0xd4, 0x00, 0x00, 0x00, 0x01, 0x00, 0x00, 0x00, 0xd1, 0x00, 0x00, 0x00,
  0xa6, 0xe5, 0xff, 0xff, 0x0c, 0x00, 0x00, 0x00, 0x10, 0x00, 0x00, 0x00,
  0x09, 0x00, 0x00, 0x00, 0x01, 0x00, 0x00, 0x00, 0xd3, 0x00, 0x00, 0x00,
  0x01, 0x00, 0x00, 0x00, 0xcf, 0x00, 0x00, 0x00, 0xc6, 0xe5, 0xff, 0xff,
  0x0c, 0x00, 0x00, 0x00, 0x10, 0x00, 0x00, 0x00, 0x09, 0x00, 0x00, 0x00,
  0x01, 0x00, 0x00, 0x00, 0xd2, 0x00, 0x00, 0x00, 0x01, 0x00, 0x00, 0x00,
  0xce, 0x00, 0x00, 0x00, 0x8e, 0xe6, 0xff, 0xff, 0x14, 0x00, 0x00, 0x00,
  0x00, 0x00, 0x00, 0x23, 0x14, 0x00, 0x00, 0x00, 0x24, 0x00, 0x00, 0x00,
  0x08, 0x00, 0x00, 0x00, 0x4a, 0xe6, 0xff, 0xff, 0x04, 0x00, 0x00, 0x00,
  0x04, 0x00, 0x00, 0x00, 0xce, 0x00, 0x00, 0x00, 0xcf, 0x00, 0x00, 0x00,
  0xd0, 0x00, 0x00, 0x00, 0xd1, 0x00, 0x00, 0x00, 0x02, 0x00, 0x00, 0x00,
  0x05, 0x00, 0x00, 0x00, 0xcd, 0x00, 0x00, 0x00, 0xce, 0xe6, 0xff, 0xff,
  0x14, 0x00, 0x00, 0x00, 0x00, 0x00, 0x00, 0x0b, 0x10, 0x00, 0x00, 0x00,
  0x14, 0x00, 0x00, 0x00, 0x07, 0x00, 0x00, 0x00, 0xb8, 0x47, 0xff, 0xff,
  0x01, 0x00, 0x00, 0x00, 0xcd, 0x00, 0x00, 0x00, 0x02, 0x00, 0x00, 0x00,
  0xcc, 0x00, 0x00, 0x00, 0x0a, 0x00, 0x00, 0x00, 0xfe, 0xe6, 0xff, 0xff,
  0x14, 0x00, 0x00, 0x00, 0x00, 0x00, 0x00, 0x0b, 0x10, 0x00, 0x00, 0x00,
  0x14, 0x00, 0x00, 0x00, 0x07, 0x00, 0x00, 0x00, 0xe8, 0x47, 0xff, 0xff,
  0x01, 0x00, 0x00, 0x00, 0xcc, 0x00, 0x00, 0x00, 0x02, 0x00, 0x00, 0x00,
  0x47, 0x00, 0x00, 0x00, 0xcb, 0x00, 0x00, 0x00, 0x2e, 0xe7, 0xff, 0xff,
  0x14, 0x00, 0x00, 0x00, 0x00, 0x00, 0x00, 0x08, 0x10, 0x00, 0x00, 0x00,
  0x14, 0x00, 0x00, 0x00, 0x06, 0x00, 0x00, 0x00, 0x18, 0x48, 0xff, 0xff,
  0x01, 0x00, 0x00, 0x00, 0xcb, 0x00, 0x00, 0x00, 0x03, 0x00, 0x00, 0x00,
  0xca, 0x00, 0x00, 0x00, 0x0c, 0x00, 0x00, 0x00, 0xff, 0xff, 0xff, 0xff,
  0x62, 0xe7, 0xff, 0xff, 0x14, 0x00, 0x00, 0x00, 0x00, 0x00, 0x00, 0x15,
  0x10, 0x00, 0x00, 0x00, 0x14, 0x00, 0x00, 0x00, 0x0a, 0x00, 0x00, 0x00,
  0x4c, 0x48, 0xff, 0xff, 0x01, 0x00, 0x00, 0x00, 0xca, 0x00, 0x00, 0x00,
  0x02, 0x00, 0x00, 0x00, 0xc4, 0x00, 0x00, 0x00, 0xc9, 0x00, 0x00, 0x00,
  0xea, 0xe6, 0xff, 0xff, 0x0c, 0x00, 0x00, 0x00, 0x10, 0x00, 0x00, 0x00,
  0x0b, 0x00, 0x00, 0x00, 0x01, 0x00, 0x00, 0x00, 0xc9, 0x00, 0x00, 0x00,
  0x01, 0x00, 0x00, 0x00, 0xc8, 0x00, 0x00, 0x00, 0xb2, 0xe7, 0xff, 0xff,
  0x14, 0x00, 0x00, 0x00, 0x00, 0x00, 0x00, 0x0b, 0x10, 0x00, 0x00, 0x00,
  0x14, 0x00, 0x00, 0x00, 0x07, 0x00, 0x00, 0x00, 0x9c, 0x48, 0xff, 0xff,
  0x01, 0x00, 0x00, 0x00, 0xc8, 0x00, 0x00, 0x00, 0x02, 0x00, 0x00, 0x00,
  0xc7, 0x00, 0x00, 0x00, 0xc6, 0x00, 0x00, 0x00, 0xe2, 0xe7, 0xff, 0xff,
  0x14, 0x00, 0x00, 0x00, 0x00, 0x00, 0x00, 0x15, 0x10, 0x00, 0x00, 0x00,
  0x14, 0x00, 0x00, 0x00, 0x0a, 0x00, 0x00, 0x00, 0xcc, 0x48, 0xff, 0xff,
  0x01, 0x00, 0x00, 0x00, 0xc7, 0x00, 0x00, 0x00, 0x02, 0x00, 0x00, 0x00,
  0xc3, 0x00, 0x00, 0x00, 0xb8, 0x00, 0x00, 0x00, 0x12, 0xe8, 0xff, 0xff,
  0x14, 0x00, 0x00, 0x00, 0x00, 0x00, 0x00, 0x15, 0x10, 0x00, 0x00, 0x00,
  0x14, 0x00, 0x00, 0x00, 0x0a, 0x00, 0x00, 0x00, 0xfc, 0x48, 0xff, 0xff,
  0x01, 0x00, 0x00, 0x00, 0xc6, 0x00, 0x00, 0x00, 0x02, 0x00, 0x00, 0x00,
  0xc2, 0x00, 0x00, 0x00, 0xc5, 0x00, 0x00, 0x00, 0x9a, 0xe7, 0xff, 0xff,
  0x0c, 0x00, 0x00, 0x00, 0x10, 0x00, 0x00, 0x00, 0x0b, 0x00, 0x00, 0x00,
  0x01, 0x00, 0x00, 0x00, 0xc5, 0x00, 0x00, 0x00, 0x01, 0x00, 0x00, 0x00,
  0xc0, 0x00, 0x00, 0x00, 0xba, 0xe7, 0xff, 0xff, 0x0c, 0x00, 0x00, 0x00,
  0x10, 0x00, 0x00, 0x00, 0x09, 0x00, 0x00, 0x00, 0x01, 0x00, 0x00, 0x00,
  0xc4, 0x00, 0x00, 0x00, 0x01, 0x00, 0x00, 0x00, 0xc1, 0x00, 0x00, 0x00,
  0xda, 0xe7, 0xff, 0xff, 0x0c, 0x00, 0x00, 0x00, 0x10, 0x00, 0x00, 0x00,
  0x09, 0x00, 0x00, 0x00, 0x01, 0x00, 0x00, 0x00, 0xc3, 0x00, 0x00, 0x00,
  0x01, 0x00, 0x00, 0x00, 0xbf, 0x00, 0x00, 0x00, 0xfa, 0xe7, 0xff, 0xff,
  0x0c, 0x00, 0x00, 0x00, 0x10, 0x00, 0x00, 0x00, 0x09, 0x00, 0x00, 0x00,
  0x01, 0x00, 0x00, 0x00, 0xc2, 0x00, 0x00, 0x00, 0x01, 0x00, 0x00, 0x00,
  0xbe, 0x00, 0x00, 0x00, 0xc2, 0xe8, 0xff, 0xff, 0x14, 0x00, 0x00, 0x00,
  0x00, 0x00, 0x00, 0x23, 0x14, 0x00, 0x00, 0x00, 0x24, 0x00, 0x00, 0x00,
  0x08, 0x00, 0x00, 0x00, 0x7e, 0xe8, 0xff, 0xff, 0x04, 0x00, 0x00, 0x00,
  0x04, 0x00, 0x00, 0x00, 0xbe, 0x00, 0x00, 0x00, 0xbf, 0x00, 0x00, 0x00,
  0xc0, 0x00, 0x00, 0x00, 0xc1, 0x00, 0x00, 0x00, 0x02, 0x00, 0x00, 0x00,
  0x05, 0x00, 0x00, 0x00, 0xbd, 0x00, 0x00, 0x00, 0x02, 0xe9, 0xff, 0xff,
  0x14, 0x00, 0x00, 0x00, 0x00, 0x00, 0x00, 0x0b, 0x10, 0x00, 0x00, 0x00,
  0x14, 0x00, 0x00, 0x00, 0x07, 0x00, 0x00, 0x00, 0xec, 0x49, 0xff, 0xff,
  0x01, 0x00, 0x00, 0x00, 0xbd, 0x00, 0x00, 0x00, 0x02, 0x00, 0x00, 0x00,
  0xbc, 0x00, 0x00, 0x00, 0x0a, 0x00, 0x00, 0x00, 0x32, 0xe9, 0xff, 0xff,
  0x14, 0x00, 0x00, 0x00, 0x00, 0x00, 0x00, 0x0b, 0x10, 0x00, 0x00, 0x00,
  0x14, 0x00, 0x00, 0x00, 0x07, 0x00, 0x00, 0x00, 0x1c, 0x4a, 0xff, 0xff,
  0x01, 0x00, 0x00, 0x00, 0xbc, 0x00, 0x00, 0x00, 0x02, 0x00, 0x00, 0x00,
  0x35, 0x00, 0x00, 0x00, 0xbb, 0x00, 0x00, 0x00, 0x62, 0xe9, 0xff, 0xff,
  0x14, 0x00, 0x00, 0x00, 0x00, 0x00, 0x00, 0x08, 0x10, 0x00, 0x00, 0x00,
  0x14, 0x00, 0x00, 0x00, 0x06, 0x00, 0x00, 0x00, 0x4c, 0x4a, 0xff, 0xff,
  0x01, 0x00, 0x00, 0x00, 0xbb, 0x00, 0x00, 0x00, 0x03, 0x00, 0x00, 0x00,
  0xba, 0x00, 0x00, 0x00, 0x0c, 0x00, 0x00, 0x00, 0xff, 0xff, 0xff, 0xff,
  0x96, 0xe9, 0xff, 0xff, 0x14, 0x00, 0x00, 0x00, 0x00, 0x00, 0x00, 0x15,
  0x10, 0x00, 0x00, 0x00, 0x14, 0x00, 0x00, 0x00, 0x0a, 0x00, 0x00, 0x00,
  0x80, 0x4a, 0xff, 0xff, 0x01, 0x00, 0x00, 0x00, 0xba, 0x00, 0x00, 0x00,
  0x02, 0x00, 0x00, 0x00, 0xb4, 0x00, 0x00, 0x00, 0xb9, 0x00, 0x00, 0x00,
  0x1e, 0xe9, 0xff, 0xff, 0x0c, 0x00, 0x00, 0x00, 0x10, 0x00, 0x00, 0x00,
  0x0b, 0x00, 0x00, 0x00, 0x01, 0x00, 0x00, 0x00, 0xb9, 0x00, 0x00, 0x00,
  0x01, 0x00, 0x00, 0x00, 0xb8, 0x00, 0x00, 0x00, 0xe6, 0xe9, 0xff, 0xff,
  0x14, 0x00, 0x00, 0x00, 0x00, 0x00, 0x00, 0x0b, 0x10, 0x00, 0x00, 0x00,
  0x14, 0x00, 0x00, 0x00, 0x07, 0x00, 0x00, 0x00, 0xd0, 0x4a, 0xff, 0xff,
  0x01, 0x00, 0x00, 0x00, 0xb8, 0x00, 0x00, 0x00, 0x02, 0x00, 0x00, 0x00,
  0xb7, 0x00, 0x00, 0x00, 0xb6, 0x00, 0x00, 0x00, 0x16, 0xea, 0xff, 0xff,
  0x14, 0x00, 0x00, 0x00, 0x00, 0x00, 0x00, 0x15, 0x10, 0x00, 0x00, 0x00,
  0x14, 0x00, 0x00, 0x00, 0x0a, 0x00, 0x00, 0x00, 0x00, 0x4b, 0xff, 0xff,
  0x01, 0x00, 0x00, 0x00, 0xb7, 0x00, 0x00, 0x00, 0x02, 0x00, 0x00, 0x00,
  0xb3, 0x00, 0x00, 0x00, 0xa8, 0x00, 0x00, 0x00, 0x46, 0xea, 0xff, 0xff,
  0x14, 0x00, 0x00, 0x00, 0x00, 0x00, 0x00, 0x15, 0x10, 0x00, 0x00, 0x00,
  0x14, 0x00, 0x00, 0x00, 0x0a, 0x00, 0x00, 0x00, 0x30, 0x4b, 0xff, 0xff,
  0x01, 0x00, 0x00, 0x00, 0xb6, 0x00, 0x00, 0x00, 0x02, 0x00, 0x00, 0x00,
  0xb2, 0x00, 0x00, 0x00, 0xb5, 0x00, 0x00, 0x00, 0xce, 0xe9, 0xff, 0xff,
  0x0c, 0x00, 0x00, 0x00, 0x10, 0x00, 0x00, 0x00, 0x0b, 0x00, 0x00, 0x00,
  0x01, 0x00, 0x00, 0x00, 0xb5, 0x00, 0x00, 0x00, 0x01, 0x00, 0x00, 0x00,
  0xb0, 0x00, 0x00, 0x00, 0xee, 0xe9, 0xff, 0xff, 0x0c, 0x00, 0x00, 0x00,
  0x10, 0x00, 0x00, 0x00, 0x09, 0x00, 0x00, 0x00, 0x01, 0x00, 0x00, 0x00,
  0xb4, 0x00, 0x00, 0x00, 0x01, 0x00, 0x00, 0x00, 0xb1, 0x00, 0x00, 0x00,
  0x0e, 0xea, 0xff, 0xff, 0x0c, 0x00, 0x00, 0x00, 0x10, 0x00, 0x00, 0x00,
  0x09, 0x00, 0x00, 0x00, 0x01, 0x00, 0x00, 0x00, 0xb3, 0x00, 0x00, 0x00,
  0x01, 0x00, 0x00, 0x00, 0xaf, 0x00, 0x00, 0x00, 0x2e, 0xea, 0xff, 0xff,
  0x0c, 0x00, 0x00, 0x00, 0x10, 0x00, 0x00, 0x00, 0x09, 0x00, 0x00, 0x00,
  0x01, 0x00, 0x00, 0x00, 0xb2, 0x00, 0x00, 0x00, 0x01, 0x00, 0x00, 0x00,
  0xae, 0x00, 0x00, 0x00, 0xf6, 0xea, 0xff, 0xff, 0x14, 0x00, 0x00, 0x00,
  0x00, 0x00, 0x00, 0x23, 0x14, 0x00, 0x00, 0x00, 0x24, 0x00, 0x00, 0x00,
  0x08, 0x00, 0x00, 0x00, 0xb2, 0xea, 0xff, 0xff, 0x04, 0x00, 0x00, 0x00,
  0x04, 0x00, 0x00, 0x00, 0xae, 0x00, 0x00, 0x00, 0xaf, 0x00, 0x00, 0x00,
  0xb0, 0x00, 0x00, 0x00, 0xb1, 0x00, 0x00, 0x00, 0x02, 0x00, 0x00, 0x00,
  0x05, 0x00, 0x00, 0x00, 0xad, 0x00, 0x00, 0x00, 0x36, 0xeb, 0xff, 0xff,
  0x14, 0x00, 0x00, 0x00, 0x00, 0x00, 0x00, 0x0b, 0x10, 0x00, 0x00, 0x00,
  0x14, 0x00, 0x00, 0x00, 0x07, 0x00, 0x00, 0x00, 0x20, 0x4c, 0xff, 0xff,
  0x01, 0x00, 0x00, 0x00, 0xad, 0x00, 0x00, 0x00, 0x02, 0x00, 0x00, 0x00,
  0xac, 0x00, 0x00, 0x00, 0x0a, 0x00, 0x00, 0x00, 0x66, 0xeb, 0xff, 0xff,
  0x14, 0x00, 0x00, 0x00, 0x00, 0x00, 0x00, 0x0b, 0x10, 0x00, 0x00, 0x00,
  0x14, 0x00, 0x00, 0x00, 0x07, 0x00, 0x00, 0x00, 0x50, 0x4c, 0xff, 0xff,
  0x01, 0x00, 0x00, 0x00, 0xac, 0x00, 0x00, 0x00, 0x02, 0x00, 0x00, 0x00,
  0x34, 0x00, 0x00, 0x00, 0xab, 0x00, 0x00, 0x00, 0x96, 0xeb, 0xff, 0xff,
  0x14, 0x00, 0x00, 0x00, 0x00, 0x00, 0x00, 0x08, 0x10, 0x00, 0x00, 0x00,
  0x14, 0x00, 0x00, 0x00, 0x06, 0x00, 0x00, 0x00, 0x80, 0x4c, 0xff, 0xff,
  0x01, 0x00, 0x00, 0x00, 0xab, 0x00, 0x00, 0x00, 0x03, 0x00, 0x00, 0x00,
  0xaa, 0x00, 0x00, 0x00, 0x0c, 0x00, 0x00, 0x00, 0xff, 0xff, 0xff, 0xff,
  0xca, 0xeb, 0xff, 0xff, 0x14, 0x00, 0x00, 0x00, 0x00, 0x00, 0x00, 0x15,
  0x10, 0x00, 0x00, 0x00, 0x14, 0x00, 0x00, 0x00, 0x0a, 0x00, 0x00, 0x00,
  0xb4, 0x4c, 0xff, 0xff, 0x01, 0x00, 0x00, 0x00, 0xaa, 0x00, 0x00, 0x00,
  0x02, 0x00, 0x00, 0x00, 0xa4, 0x00, 0x00, 0x00, 0xa9, 0x00, 0x00, 0x00,
  0x52, 0xeb, 0xff, 0xff, 0x0c, 0x00, 0x00, 0x00, 0x10, 0x00, 0x00, 0x00,
  0x0b, 0x00, 0x00, 0x00, 0x01, 0x00, 0x00, 0x00, 0xa9, 0x00, 0x00, 0x00,
  0x01, 0x00, 0x00, 0x00, 0xa8, 0x00, 0x00, 0x00, 0x1a, 0xec, 0xff, 0xff,
  0x14, 0x00, 0x00, 0x00, 0x00, 0x00, 0x00, 0x0b, 0x10, 0x00, 0x00, 0x00,
  0x14, 0x00, 0x00, 0x00, 0x07, 0x00, 0x00, 0x00, 0x04, 0x4d, 0xff, 0xff,
  0x01, 0x00, 0x00, 0x00, 0xa8, 0x00, 0x00, 0x00, 0x02, 0x00, 0x00, 0x00,
  0xa7, 0x00, 0x00, 0x00, 0xa6, 0x00, 0x00, 0x00, 0x4a, 0xec, 0xff, 0xff,
  0x14, 0x00, 0x00, 0x00, 0x00, 0x00, 0x00, 0x15, 0x10, 0x00, 0x00, 0x00,
  0x14, 0x00, 0x00, 0x00, 0x0a, 0x00, 0x00, 0x00, 0x34, 0x4d, 0xff, 0xff,
  0x01, 0x00, 0x00, 0x00, 0xa7, 0x00, 0x00, 0x00, 0x02, 0x00, 0x00, 0x00,
  0xa3, 0x00, 0x00, 0x00, 0x98, 0x00, 0x00, 0x00, 0x7a, 0xec, 0xff, 0xff,
  0x14, 0x00, 0x00, 0x00, 0x00, 0x00, 0x00, 0x15, 0x10, 0x00, 0x00, 0x00,
  0x14, 0x00, 0x00, 0x00, 0x0a, 0x00, 0x00, 0x00, 0x64, 0x4d, 0xff, 0xff,
  0x01, 0x00, 0x00, 0x00, 0xa6, 0x00, 0x00, 0x00, 0x02, 0x00, 0x00, 0x00,
  0xa2, 0x00, 0x00, 0x00, 0xa5, 0x00, 0x00, 0x00, 0x02, 0xec, 0xff, 0xff,
  0x0c, 0x00, 0x00, 0x00, 0x10, 0x00, 0x00, 0x00, 0x0b, 0x00, 0x00, 0x00,
  0x01, 0x00, 0x00, 0x00, 0xa5, 0x00, 0x00, 0x00, 0x01, 0x00, 0x00, 0x00,
  0xa0, 0x00, 0x00, 0x00, 0x22, 0xec, 0xff, 0xff, 0x0c, 0x00, 0x00, 0x00,
  0x10, 0x00, 0x00, 0x00, 0x09, 0x00, 0x00, 0x00, 0x01, 0x00, 0x00, 0x00,
  0xa4, 0x00, 0x00, 0x00, 0x01, 0x00, 0x00, 0x00, 0xa1, 0x00, 0x00, 0x00,
  0x42, 0xec, 0xff, 0xff, 0x0c, 0x00, 0x00, 0x00, 0x10, 0x00, 0x00, 0x00,
  0x09, 0x00, 0x00, 0x00, 0x01, 0x00, 0x00, 0x00, 0xa3, 0x00, 0x00, 0x00,
  0x01, 0x00, 0x00, 0x00, 0x9f, 0x00, 0x00, 0x00, 0x62, 0xec, 0xff, 0xff,
  0x0c, 0x00, 0x00, 0x00, 0x10, 0x00, 0x00, 0x00, 0x09, 0x00, 0x00, 0x00,
  0x01, 0x00, 0x00, 0x00, 0xa2, 0x00, 0x00, 0x00, 0x01, 0x00, 0x00, 0x00,
  0x9e, 0x00, 0x00, 0x00, 0x2a, 0xed, 0xff, 0xff, 0x14, 0x00, 0x00, 0x00,
  0x00, 0x00, 0x00, 0x23, 0x14, 0x00, 0x00, 0x00, 0x24, 0x00, 0x00, 0x00,
  0x08, 0x00, 0x00, 0x00, 0xe6, 0xec, 0xff, 0xff, 0x04, 0x00, 0x00, 0x00,
  0x04, 0x00, 0x00, 0x00, 0x9e, 0x00, 0x00, 0x00, 0x9f, 0x00, 0x00, 0x00,
  0xa0, 0x00, 0x00, 0x00, 0xa1, 0x00, 0x00, 0x00, 0x02, 0x00, 0x00, 0x00,
  0x05, 0x00, 0x00, 0x00, 0x9d, 0x00, 0x00, 0x00, 0x6a, 0xed, 0xff, 0xff,
  0x14, 0x00, 0x00, 0x00, 0x00, 0x00, 0x00, 0x0b, 0x10, 0x00, 0x00, 0x00,
  0x14, 0x00, 0x00, 0x00, 0x07, 0x00, 0x00, 0x00, 0x54, 0x4e, 0xff, 0xff,
  0x01, 0x00, 0x00, 0x00, 0x9d, 0x00, 0x00, 0x00, 0x02, 0x00, 0x00, 0x00,
  0x9c, 0x00, 0x00, 0x00, 0x0a, 0x00, 0x00, 0x00, 0x9a, 0xed, 0xff, 0xff,
  0x14, 0x00, 0x00, 0x00, 0x00, 0x00, 0x00, 0x0b, 0x10, 0x00, 0x00, 0x00,
  0x14, 0x00, 0x00, 0x00, 0x07, 0x00, 0x00, 0x00, 0x84, 0x4e, 0xff, 0xff,
  0x01, 0x00, 0x00, 0x00, 0x9c, 0x00, 0x00, 0x00, 0x02, 0x00, 0x00, 0x00,
  0x33, 0x00, 0x00, 0x00, 0x9b, 0x00, 0x00, 0x00, 0xca, 0xed, 0xff, 0xff,
  0x14, 0x00, 0x00, 0x00, 0x00, 0x00, 0x00, 0x08, 0x10, 0x00, 0x00, 0x00,
  0x14, 0x00, 0x00, 0x00, 0x06, 0x00, 0x00, 0x00, 0xb4, 0x4e, 0xff, 0xff,
  0x01, 0x00, 0x00, 0x00, 0x9b, 0x00, 0x00, 0x00, 0x03, 0x00, 0x00, 0x00,
  0x9a, 0x00, 0x00, 0x00, 0x0c, 0x00, 0x00, 0x00, 0xff, 0xff, 0xff, 0xff,
  0xfe, 0xed, 0xff, 0xff, 0x14, 0x00, 0x00, 0x00, 0x00, 0x00, 0x00, 0x15,
  0x10, 0x00, 0x00, 0x00, 0x14, 0x00, 0x00, 0x00, 0x0a, 0x00, 0x00, 0x00,
  0xe8, 0x4e, 0xff, 0xff, 0x01, 0x00, 0x00, 0x00, 0x9a, 0x00, 0x00, 0x00,
  0x02, 0x00, 0x00, 0x00, 0x94, 0x00, 0x00, 0x00, 0x99, 0x00, 0x00, 0x00,
  0x86, 0xed, 0xff, 0xff, 0x0c, 0x00, 0x00, 0x00, 0x10, 0x00, 0x00, 0x00,
  0x0b, 0x00, 0x00, 0x00, 0x01, 0x00, 0x00, 0x00, 0x99, 0x00, 0x00, 0x00,
  0x01, 0x00, 0x00, 0x00, 0x98, 0x00, 0x00, 0x00, 0x4e, 0xee, 0xff, 0xff,
  0x14, 0x00, 0x00, 0x00, 0x00, 0x00, 0x00, 0x0b, 0x10, 0x00, 0x00, 0x00,
  0x14, 0x00, 0x00, 0x00, 0x07, 0x00, 0x00, 0x00, 0x38, 0x4f, 0xff, 0xff,
  0x01, 0x00, 0x00, 0x00, 0x98, 0x00, 0x00, 0x00, 0x02, 0x00, 0x00, 0x00,
  0x97, 0x00, 0x00, 0x00, 0x96, 0x00, 0x00, 0x00, 0x7e, 0xee, 0xff, 0xff,
  0x14, 0x00, 0x00, 0x00, 0x00, 0x00, 0x00, 0x15, 0x10, 0x00, 0x00, 0x00,
  0x14, 0x00, 0x00, 0x00, 0x0a, 0x00, 0x00, 0x00, 0x68, 0x4f, 0xff, 0xff,
  0x01, 0x00, 0x00, 0x00, 0x97, 0x00, 0x00, 0x00, 0x02, 0x00, 0x00, 0x00,
  0x93, 0x00, 0x00, 0x00, 0x88, 0x00, 0x00, 0x00, 0xae, 0xee, 0xff, 0xff,
  0x14, 0x00, 0x00, 0x00, 0x00, 0x00, 0x00, 0x15, 0x10, 0x00, 0x00, 0x00,
  0x14, 0x00, 0x00, 0x00, 0x0a, 0x00, 0x00, 0x00, 0x98, 0x4f, 0xff, 0xff,
  0x01, 0x00, 0x00, 0x00, 0x96, 0x00, 0x00, 0x00, 0x02, 0x00, 0x00, 0x00,
  0x92, 0x00, 0x00, 0x00, 0x95, 0x00, 0x00, 0x00, 0x36, 0xee, 0xff, 0xff,
  0x0c, 0x00, 0x00, 0x00, 0x10, 0x00, 0x00, 0x00, 0x0b, 0x00, 0x00, 0x00,
  0x01, 0x00, 0x00, 0x00, 0x95, 0x00, 0x00, 0x00, 0x01, 0x00, 0x00, 0x00,
  0x90, 0x00, 0x00, 0x00, 0x56, 0xee, 0xff, 0xff, 0x0c, 0x00, 0x00, 0x00,
  0x10, 0x00, 0x00, 0x00, 0x09, 0x00, 0x00, 0x00, 0x01, 0x00, 0x00, 0x00,
  0x94, 0x00, 0x00, 0x00, 0x01, 0x00, 0x00, 0x00, 0x91, 0x00, 0x00, 0x00,
  0x76, 0xee, 0xff, 0xff, 0x0c, 0x00, 0x00, 0x00, 0x10, 0x00, 0x00, 0x00,
  0x09, 0x00, 0x00, 0x00, 0x01, 0x00, 0x00, 0x00, 0x93, 0x00, 0x00, 0x00,
  0x01, 0x00, 0x00, 0x00, 0x8f, 0x00, 0x00, 0x00, 0x96, 0xee, 0xff, 0xff,
  0x0c, 0x00, 0x00, 0x00, 0x10, 0x00, 0x00, 0x00, 0x09, 0x00, 0x00, 0x00,
  0x01, 0x00, 0x00, 0x00, 0x92, 0x00, 0x00, 0x00, 0x01, 0x00, 0x00, 0x00,
  0x8e, 0x00, 0x00, 0x00, 0x5e, 0xef, 0xff, 0xff, 0x14, 0x00, 0x00, 0x00,
  0x00, 0x00, 0x00, 0x23, 0x14, 0x00, 0x00, 0x00, 0x24, 0x00, 0x00, 0x00,
  0x08, 0x00, 0x00, 0x00, 0x1a, 0xef, 0xff, 0xff, 0x04, 0x00, 0x00, 0x00,
  0x04, 0x00, 0x00, 0x00, 0x8e, 0x00, 0x00, 0x00, 0x8f, 0x00, 0x00, 0x00,
  0x90, 0x00, 0x00, 0x00, 0x91, 0x00, 0x00, 0x00, 0x02, 0x00, 0x00, 0x00,
  0x05, 0x00, 0x00, 0x00, 0x8d, 0x00, 0x00, 0x00, 0x9e, 0xef, 0xff, 0xff,
  0x14, 0x00, 0x00, 0x00, 0x00, 0x00, 0x00, 0x0b, 0x10, 0x00, 0x00, 0x00,
  0x14, 0x00, 0x00, 0x00, 0x07, 0x00, 0x00, 0x00, 0x88, 0x50, 0xff, 0xff,
  0x01, 0x00, 0x00, 0x00, 0x8d, 0x00, 0x00, 0x00, 0x02, 0x00, 0x00, 0x00,
  0x8c, 0x00, 0x00, 0x00, 0x0a, 0x00, 0x00, 0x00, 0xce, 0xef, 0xff, 0xff,
  0x14, 0x00, 0x00, 0x00, 0x00, 0x00, 0x00, 0x0b, 0x10, 0x00, 0x00, 0x00,
  0x14, 0x00, 0x00, 0x00, 0x07, 0x00, 0x00, 0x00, 0xb8, 0x50, 0xff, 0xff,
  0x01, 0x00, 0x00, 0x00, 0x8c, 0x00, 0x00, 0x00, 0x02, 0x00, 0x00, 0x00,
  0x32, 0x00, 0x00, 0x00, 0x8b, 0x00, 0x00, 0x00, 0xfe, 0xef, 0xff, 0xff,
  0x14, 0x00, 0x00, 0x00, 0x00, 0x00, 0x00, 0x08, 0x10, 0x00, 0x00, 0x00,
  0x14, 0x00, 0x00, 0x00, 0x06, 0x00, 0x00, 0x00, 0xe8, 0x50, 0xff, 0xff,
  0x01, 0x00, 0x00, 0x00, 0x8b, 0x00, 0x00, 0x00, 0x03, 0x00, 0x00, 0x00,
  0x8a, 0x00, 0x00, 0x00, 0x0c, 0x00, 0x00, 0x00, 0xff, 0xff, 0xff, 0xff,
  0x32, 0xf0, 0xff, 0xff, 0x14, 0x00, 0x00, 0x00, 0x00, 0x00, 0x00, 0x15,
  0x10, 0x00, 0x00, 0x00, 0x14, 0x00, 0x00, 0x00, 0x0a, 0x00, 0x00, 0x00,
  0x1c, 0x51, 0xff, 0xff, 0x01, 0x00, 0x00, 0x00, 0x8a, 0x00, 0x00, 0x00,
  0x02, 0x00, 0x00, 0x00, 0x84, 0x00, 0x00, 0x00, 0x89, 0x00, 0x00, 0x00,
  0xba, 0xef, 0xff, 0xff, 0x0c, 0x00, 0x00, 0x00, 0x10, 0x00, 0x00, 0x00,
  0x0b, 0x00, 0x00, 0x00, 0x01, 0x00, 0x00, 0x00, 0x89, 0x00, 0x00, 0x00,
  0x01, 0x00, 0x00, 0x00, 0x88, 0x00, 0x00, 0x00, 0x82, 0xf0, 0xff, 0xff,
  0x14, 0x00, 0x00, 0x00, 0x00, 0x00, 0x00, 0x0b, 0x10, 0x00, 0x00, 0x00,
  0x14, 0x00, 0x00, 0x00, 0x07, 0x00, 0x00, 0x00, 0x6c, 0x51, 0xff, 0xff,
  0x01, 0x00, 0x00, 0x00, 0x88, 0x00, 0x00, 0x00, 0x02, 0x00, 0x00, 0x00,
  0x87, 0x00, 0x00, 0x00, 0x86, 0x00, 0x00, 0x00, 0xb2, 0xf0, 0xff, 0xff,
  0x14, 0x00, 0x00, 0x00, 0x00, 0x00, 0x00, 0x15, 0x10, 0x00, 0x00, 0x00,
  0x14, 0x00, 0x00, 0x00, 0x0a, 0x00, 0x00, 0x00, 0x9c, 0x51, 0xff, 0xff,
  0x01, 0x00, 0x00, 0x00, 0x87, 0x00, 0x00, 0x00, 0x02, 0x00, 0x00, 0x00,
  0x83, 0x00, 0x00, 0x00, 0x78, 0x00, 0x00, 0x00, 0xe2, 0xf0, 0xff, 0xff,
  0x14, 0x00, 0x00, 0x00, 0x00, 0x00, 0x00, 0x15, 0x10, 0x00, 0x00, 0x00,
  0x14, 0x00, 0x00, 0x00, 0x0a, 0x00, 0x00, 0x00, 0xcc, 0x51, 0xff, 0xff,
  0x01, 0x00, 0x00, 0x00, 0x86, 0x00, 0x00, 0x00, 0x02, 0x00, 0x00, 0x00,
  0x82, 0x00, 0x00, 0x00, 0x85, 0x00, 0x00, 0x00, 0x6a, 0xf0, 0xff, 0xff,
  0x0c, 0x00, 0x00, 0x00, 0x10, 0x00, 0x00, 0x00, 0x0b, 0x00, 0x00, 0x00,
  0x01, 0x00, 0x00, 0x00, 0x85, 0x00, 0x00, 0x00, 0x01, 0x00, 0x00, 0x00,
  0x80, 0x00, 0x00, 0x00, 0x8a, 0xf0, 0xff, 0xff, 0x0c, 0x00, 0x00, 0x00,
  0x10, 0x00, 0x00, 0x00, 0x09, 0x00, 0x00, 0x00, 0x01, 0x00, 0x00, 0x00,
  0x84, 0x00, 0x00, 0x00, 0x01, 0x00, 0x00, 0x00, 0x81, 0x00, 0x00, 0x00,
  0xaa, 0xf0, 0xff, 0xff, 0x0c, 0x00, 0x00, 0x00, 0x10, 0x00, 0x00, 0x00,
  0x09, 0x00, 0x00, 0x00, 0x01, 0x00, 0x00, 0x00, 0x83, 0x00, 0x00, 0x00,
  0x01, 0x00, 0x00, 0x00, 0x7f, 0x00, 0x00, 0x00, 0xca, 0xf0, 0xff, 0xff,
  0x0c, 0x00, 0x00, 0x00, 0x10, 0x00, 0x00, 0x00, 0x09, 0x00, 0x00, 0x00,
  0x01, 0x00, 0x00, 0x00, 0x82, 0x00, 0x00, 0x00, 0x01, 0x00, 0x00, 0x00,
  0x7e, 0x00, 0x00, 0x00, 0x92, 0xf1, 0xff, 0xff, 0x14, 0x00, 0x00, 0x00,
  0x00, 0x00, 0x00, 0x23, 0x14, 0x00, 0x00, 0x00, 0x24, 0x00, 0x00, 0x00,
  0x08, 0x00, 0x00, 0x00, 0x4e, 0xf1, 0xff, 0xff, 0x04, 0x00, 0x00, 0x00,
  0x04, 0x00, 0x00, 0x00, 0x7e, 0x00, 0x00, 0x00, 0x7f, 0x00, 0x00, 0x00,
  0x80, 0x00, 0x00, 0x00, 0x81, 0x00, 0x00, 0x00, 0x02, 0x00, 0x00, 0x00,
  0x05, 0x00, 0x00, 0x00, 0x7d, 0x00, 0x00, 0x00, 0xd2, 0xf1, 0xff, 0xff,
  0x14, 0x00, 0x00, 0x00, 0x00, 0x00, 0x00, 0x0b, 0x10, 0x00, 0x00, 0x00,
  0x14, 0x00, 0x00, 0x00, 0x07, 0x00, 0x00, 0x00, 0xbc, 0x52, 0xff, 0xff,
  0x01, 0x00, 0x00, 0x00, 0x7d, 0x00, 0x00, 0x00, 0x02, 0x00, 0x00, 0x00,
  0x7c, 0x00, 0x00, 0x00, 0x0a, 0x00, 0x00, 0x00, 0x02, 0xf2, 0xff, 0xff,
  0x14, 0x00, 0x00, 0x00, 0x00, 0x00, 0x00, 0x0b, 0x10, 0x00, 0x00, 0x00,
  0x14, 0x00, 0x00, 0x00, 0x07, 0x00, 0x00, 0x00, 0xec, 0x52, 0xff, 0xff,
  0x01, 0x00, 0x00, 0x00, 0x7c, 0x00, 0x00, 0x00, 0x02, 0x00, 0x00, 0x00,
  0x31, 0x00, 0x00, 0x00, 0x7b, 0x00, 0x00, 0x00, 0x32, 0xf2, 0xff, 0xff,
  0x14, 0x00, 0x00, 0x00, 0x00, 0x00, 0x00, 0x08, 0x10, 0x00, 0x00, 0x00,
  0x14, 0x00, 0x00, 0x00, 0x06, 0x00, 0x00, 0x00, 0x1c, 0x53, 0xff, 0xff,
  0x01, 0x00, 0x00, 0x00, 0x7b, 0x00, 0x00, 0x00, 0x03, 0x00, 0x00, 0x00,
  0x7a, 0x00, 0x00, 0x00, 0x0c, 0x00, 0x00, 0x00, 0xff, 0xff, 0xff, 0xff,
  0x66, 0xf2, 0xff, 0xff, 0x14, 0x00, 0x00, 0x00, 0x00, 0x00, 0x00, 0x15,
  0x10, 0x00, 0x00, 0x00, 0x14, 0x00, 0x00, 0x00, 0x0a, 0x00, 0x00, 0x00,
  0x50, 0x53, 0xff, 0xff, 0x01, 0x00, 0x00, 0x00, 0x7a, 0x00, 0x00, 0x00,
  0x02, 0x00, 0x00, 0x00, 0x75, 0x00, 0x00, 0x00, 0x79, 0x00, 0x00, 0x00,
  0xee, 0xf1, 0xff, 0xff, 0x0c, 0x00, 0x00, 0x00, 0x10, 0x00, 0x00, 0x00,
  0x0b, 0x00, 0x00, 0x00, 0x01, 0x00, 0x00, 0x00, 0x79, 0x00, 0x00, 0x00,
  0x01, 0x00, 0x00, 0x00, 0x78, 0x00, 0x00, 0x00, 0xb6, 0xf2, 0xff, 0xff,
  0x14, 0x00, 0x00, 0x00, 0x00, 0x00, 0x00, 0x0b, 0x10, 0x00, 0x00, 0x00,
  0x14, 0x00, 0x00, 0x00, 0x07, 0x00, 0x00, 0x00, 0xa0, 0x53, 0xff, 0xff,
  0x01, 0x00, 0x00, 0x00, 0x78, 0x00, 0x00, 0x00, 0x02, 0x00, 0x00, 0x00,
  0x74, 0x00, 0x00, 0x00, 0x77, 0x00, 0x00, 0x00, 0xe6, 0xf2, 0xff, 0xff,
  0x14, 0x00, 0x00, 0x00, 0x00, 0x00, 0x00, 0x15, 0x10, 0x00, 0x00, 0x00,
  0x14, 0x00, 0x00, 0x00, 0x0a, 0x00, 0x00, 0x00, 0xd0, 0x53, 0xff, 0xff,
  0x01, 0x00, 0x00, 0x00, 0x77, 0x00, 0x00, 0x00, 0x02, 0x00, 0x00, 0x00,
  0x72, 0x00, 0x00, 0x00, 0x76, 0x00, 0x00, 0x00, 0x6e, 0xf2, 0xff, 0xff,
  0x0c, 0x00, 0x00, 0x00, 0x10, 0x00, 0x00, 0x00, 0x0b, 0x00, 0x00, 0x00,
  0x01, 0x00, 0x00, 0x00, 0x76, 0x00, 0x00, 0x00, 0x01, 0x00, 0x00, 0x00,
  0x70, 0x00, 0x00, 0x00, 0x8e, 0xf2, 0xff, 0xff, 0x0c, 0x00, 0x00, 0x00,
  0x10, 0x00, 0x00, 0x00, 0x09, 0x00, 0x00, 0x00, 0x01, 0x00, 0x00, 0x00,
  0x75, 0x00, 0x00, 0x00, 0x01, 0x00, 0x00, 0x00, 0x71, 0x00, 0x00, 0x00,
  0x56, 0xf3, 0xff, 0xff, 0x14, 0x00, 0x00, 0x00, 0x00, 0x00, 0x00, 0x15,
  0x10, 0x00, 0x00, 0x00, 0x14, 0x00, 0x00, 0x00, 0x0a, 0x00, 0x00, 0x00,
  0x40, 0x54, 0xff, 0xff, 0x01, 0x00, 0x00, 0x00, 0x74, 0x00, 0x00, 0x00,
  0x02, 0x00, 0x00, 0x00, 0x73, 0x00, 0x00, 0x00, 0x67, 0x00, 0x00, 0x00,
  0xde, 0xf2, 0xff, 0xff, 0x0c, 0x00, 0x00, 0x00, 0x10, 0x00, 0x00, 0x00,
  0x09, 0x00, 0x00, 0x00, 0x01, 0x00, 0x00, 0x00, 0x73, 0x00, 0x00, 0x00,
  0x01, 0x00, 0x00, 0x00, 0x6f, 0x00, 0x00, 0x00, 0xfe, 0xf2, 0xff, 0xff,
  0x0c, 0x00, 0x00, 0x00, 0x10, 0x00, 0x00, 0x00, 0x09, 0x00, 0x00, 0x00,
  0x01, 0x00, 0x00, 0x00, 0x72, 0x00, 0x00, 0x00, 0x01, 0x00, 0x00, 0x00,
  0x6e, 0x00, 0x00, 0x00, 0xc6, 0xf3, 0xff, 0xff, 0x14, 0x00, 0x00, 0x00,
  0x00, 0x00, 0x00, 0x23, 0x14, 0x00, 0x00, 0x00, 0x24, 0x00, 0x00, 0x00,
  0x08, 0x00, 0x00, 0x00, 0x82, 0xf3, 0xff, 0xff, 0x04, 0x00, 0x00, 0x00,
  0x04, 0x00, 0x00, 0x00, 0x6e, 0x00, 0x00, 0x00, 0x6f, 0x00, 0x00, 0x00,
  0x70, 0x00, 0x00, 0x00, 0x71, 0x00, 0x00, 0x00, 0x02, 0x00, 0x00, 0x00,
  0x05, 0x00, 0x00, 0x00, 0x6d, 0x00, 0x00, 0x00, 0x06, 0xf4, 0xff, 0xff,
  0x14, 0x00, 0x00, 0x00, 0x00, 0x00, 0x00, 0x0b, 0x10, 0x00, 0x00, 0x00,
  0x14, 0x00, 0x00, 0x00, 0x07, 0x00, 0x00, 0x00, 0xf0, 0x54, 0xff, 0xff,
  0x01, 0x00, 0x00, 0x00, 0x6d, 0x00, 0x00, 0x00, 0x02, 0x00, 0x00, 0x00,
  0x6c, 0x00, 0x00, 0x00, 0x0a, 0x00, 0x00, 0x00, 0x36, 0xf4, 0xff, 0xff,
  0x14, 0x00, 0x00, 0x00, 0x00, 0x00, 0x00, 0x0b, 0x10, 0x00, 0x00, 0x00,
  0x14, 0x00, 0x00, 0x00, 0x07, 0x00, 0x00, 0x00, 0x20, 0x55, 0xff, 0xff,
  0x01, 0x00, 0x00, 0x00, 0x6c, 0x00, 0x00, 0x00, 0x02, 0x00, 0x00, 0x00,
  0x6b, 0x00, 0x00, 0x00, 0x6a, 0x00, 0x00, 0x00, 0x66, 0xf4, 0xff, 0xff,
  0x14, 0x00, 0x00, 0x00, 0x00, 0x00, 0x00, 0x08, 0x10, 0x00, 0x00, 0x00,
  0x14, 0x00, 0x00, 0x00, 0x06, 0x00, 0x00, 0x00, 0x50, 0x55, 0xff, 0xff,
  0x01, 0x00, 0x00, 0x00, 0x6b, 0x00, 0x00, 0x00, 0x03, 0x00, 0x00, 0x00,
  0x15, 0x00, 0x00, 0x00, 0x0b, 0x00, 0x00, 0x00, 0xff, 0xff, 0xff, 0xff,
  0x9a, 0xf4, 0xff, 0xff, 0x14, 0x00, 0x00, 0x00, 0x00, 0x00, 0x00, 0x08,
  0x10, 0x00, 0x00, 0x00, 0x14, 0x00, 0x00, 0x00, 0x06, 0x00, 0x00, 0x00,
  0x84, 0x55, 0xff, 0xff, 0x01, 0x00, 0x00, 0x00, 0x6a, 0x00, 0x00, 0x00,
  0x03, 0x00, 0x00, 0x00, 0x69, 0x00, 0x00, 0x00, 0x0c, 0x00, 0x00, 0x00,
  0xff, 0xff, 0xff, 0xff, 0xce, 0xf4, 0xff, 0xff, 0x14, 0x00, 0x00, 0x00,
  0x00, 0x00, 0x00, 0x15, 0x10, 0x00, 0x00, 0x00, 0x14, 0x00, 0x00, 0x00,
  0x0a, 0x00, 0x00, 0x00, 0xb8, 0x55, 0xff, 0xff, 0x01, 0x00, 0x00, 0x00,
  0x69, 0x00, 0x00, 0x00, 0x02, 0x00, 0x00, 0x00, 0x63, 0x00, 0x00, 0x00,
  0x68, 0x00, 0x00, 0x00, 0x56, 0xf4, 0xff, 0xff, 0x0c, 0x00, 0x00, 0x00,
  0x10, 0x00, 0x00, 0x00, 0x0b, 0x00, 0x00, 0x00, 0x01, 0x00, 0x00, 0x00,
  0x68, 0x00, 0x00, 0x00, 0x01, 0x00, 0x00, 0x00, 0x67, 0x00, 0x00, 0x00,
  0x1e, 0xf5, 0xff, 0xff, 0x14, 0x00, 0x00, 0x00, 0x00, 0x00, 0x00, 0x0b,
  0x10, 0x00, 0x00, 0x00, 0x14, 0x00, 0x00, 0x00, 0x07, 0x00, 0x00, 0x00,
  0x08, 0x56, 0xff, 0xff, 0x01, 0x00, 0x00, 0x00, 0x67, 0x00, 0x00, 0x00,
  0x02, 0x00, 0x00, 0x00, 0x62, 0x00, 0x00, 0x00, 0x66, 0x00, 0x00, 0x00,
  0x4e, 0xf5, 0xff, 0xff, 0x14, 0x00, 0x00, 0x00, 0x00, 0x00, 0x00, 0x15,
  0x10, 0x00, 0x00, 0x00, 0x14, 0x00, 0x00, 0x00, 0x0a, 0x00, 0x00, 0x00,
  0x38, 0x56, 0xff, 0xff, 0x01, 0x00, 0x00, 0x00, 0x66, 0x00, 0x00, 0x00,
  0x02, 0x00, 0x00, 0x00, 0x64, 0x00, 0x00, 0x00, 0x65, 0x00, 0x00, 0x00,
  0xd6, 0xf4, 0xff, 0xff, 0x0c, 0x00, 0x00, 0x00, 0x10, 0x00, 0x00, 0x00,
  0x0b, 0x00, 0x00, 0x00, 0x01, 0x00, 0x00, 0x00, 0x65, 0x00, 0x00, 0x00,
  0x01, 0x00, 0x00, 0x00, 0x5f, 0x00, 0x00, 0x00, 0xf6, 0xf4, 0xff, 0xff,
  0x0c, 0x00, 0x00, 0x00, 0x10, 0x00, 0x00, 0x00, 0x09, 0x00, 0x00, 0x00,
  0x01, 0x00, 0x00, 0x00, 0x64, 0x00, 0x00, 0x00, 0x01, 0x00, 0x00, 0x00,
  0x5d, 0x00, 0x00, 0x00, 0x16, 0xf5, 0xff, 0xff, 0x0c, 0x00, 0x00, 0x00,
  0x10, 0x00, 0x00, 0x00, 0x09, 0x00, 0x00, 0x00, 0x01, 0x00, 0x00, 0x00,
  0x63, 0x00, 0x00, 0x00, 0x01, 0x00, 0x00, 0x00, 0x60, 0x00, 0x00, 0x00,
  0xde, 0xf5, 0xff, 0xff, 0x14, 0x00, 0x00, 0x00, 0x00, 0x00, 0x00, 0x15,
  0x10, 0x00, 0x00, 0x00, 0x14, 0x00, 0x00, 0x00, 0x0a, 0x00, 0x00, 0x00,
  0xc8, 0x56, 0xff, 0xff, 0x01, 0x00, 0x00, 0x00, 0x62, 0x00, 0x00, 0x00,
  0x02, 0x00, 0x00, 0x00, 0x61, 0x00, 0x00, 0x00, 0x56, 0x00, 0x00, 0x00,
  0x66, 0xf5, 0xff, 0xff, 0x0c, 0x00, 0x00, 0x00, 0x10, 0x00, 0x00, 0x00,
  0x09, 0x00, 0x00, 0x00, 0x01, 0x00, 0x00, 0x00, 0x61, 0x00, 0x00, 0x00,
  0x01, 0x00, 0x00, 0x00, 0x5e, 0x00, 0x00, 0x00, 0x2e, 0xf6, 0xff, 0xff,
  0x14, 0x00, 0x00, 0x00, 0x00, 0x00, 0x00, 0x23, 0x14, 0x00, 0x00, 0x00,
  0x24, 0x00, 0x00, 0x00, 0x08, 0x00, 0x00, 0x00, 0xea, 0xf5, 0xff, 0xff,
  0x04, 0x00, 0x00, 0x00, 0x04, 0x00, 0x00, 0x00, 0x5d, 0x00, 0x00, 0x00,
  0x5e, 0x00, 0x00, 0x00, 0x5f, 0x00, 0x00, 0x00, 0x60, 0x00, 0x00, 0x00,
  0x02, 0x00, 0x00, 0x00, 0x05, 0x00, 0x00, 0x00, 0x5c, 0x00, 0x00, 0x00,
  0x6e, 0xf6, 0xff, 0xff, 0x14, 0x00, 0x00, 0x00, 0x00, 0x00, 0x00, 0x0b,
  0x10, 0x00, 0x00, 0x00, 0x14, 0x00, 0x00, 0x00, 0x07, 0x00, 0x00, 0x00,
  0x58, 0x57, 0xff, 0xff, 0x01, 0x00, 0x00, 0x00, 0x5c, 0x00, 0x00, 0x00,
  0x02, 0x00, 0x00, 0x00, 0x5b, 0x00, 0x00, 0x00, 0x0a, 0x00, 0x00, 0x00,
  0x9e, 0xf6, 0xff, 0xff, 0x14, 0x00, 0x00, 0x00, 0x00, 0x00, 0x00, 0x0b,
  0x10, 0x00, 0x00, 0x00, 0x14, 0x00, 0x00, 0x00, 0x07, 0x00, 0x00, 0x00,
  0x88, 0x57, 0xff, 0xff, 0x01, 0x00, 0x00, 0x00, 0x5b, 0x00, 0x00, 0x00,
  0x02, 0x00, 0x00, 0x00, 0x5a, 0x00, 0x00, 0x00, 0x59, 0x00, 0x00, 0x00,
  0xce, 0xf6, 0xff, 0xff, 0x14, 0x00, 0x00, 0x00, 0x00, 0x00, 0x00, 0x08,
  0x10, 0x00, 0x00, 0x00, 0x14, 0x00, 0x00, 0x00, 0x06, 0x00, 0x00, 0x00,
  0xb8, 0x57, 0xff, 0xff, 0x01, 0x00, 0x00, 0x00, 0x5a, 0x00, 0x00, 0x00,
  0x03, 0x00, 0x00, 0x00, 0x14, 0x00, 0x00, 0x00, 0x0b, 0x00, 0x00, 0x00,
  0xff, 0xff, 0xff, 0xff, 0x02, 0xf7, 0xff, 0xff, 0x14, 0x00, 0x00, 0x00,
  0x00, 0x00, 0x00, 0x08, 0x10, 0x00, 0x00, 0x00, 0x14, 0x00, 0x00, 0x00,
  0x06, 0x00, 0x00, 0x00, 0xec, 0x57, 0xff, 0xff, 0x01, 0x00, 0x00, 0x00,
  0x59, 0x00, 0x00, 0x00, 0x03, 0x00, 0x00, 0x00, 0x58, 0x00, 0x00, 0x00,
  0x0c, 0x00, 0x00, 0x00, 0xff, 0xff, 0xff, 0xff, 0x36, 0xf7, 0xff, 0xff,
  0x14, 0x00, 0x00, 0x00, 0x00, 0x00, 0x00, 0x15, 0x10, 0x00, 0x00, 0x00,
  0x14, 0x00, 0x00, 0x00, 0x0a, 0x00, 0x00, 0x00, 0x20, 0x58, 0xff, 0xff,
  0x01, 0x00, 0x00, 0x00, 0x58, 0x00, 0x00, 0x00, 0x02, 0x00, 0x00, 0x00,
  0x53, 0x00, 0x00, 0x00, 0x57, 0x00, 0x00, 0x00, 0xbe, 0xf6, 0xff, 0xff,
  0x0c, 0x00, 0x00, 0x00, 0x10, 0x00, 0x00, 0x00, 0x0b, 0x00, 0x00, 0x00,
  0x01, 0x00, 0x00, 0x00, 0x57, 0x00, 0x00, 0x00, 0x01, 0x00, 0x00, 0x00,
  0x56, 0x00, 0x00, 0x00, 0x86, 0xf7, 0xff, 0xff, 0x14, 0x00, 0x00, 0x00,
  0x00, 0x00, 0x00, 0x0b, 0x10, 0x00, 0x00, 0x00, 0x14, 0x00, 0x00, 0x00,
  0x07, 0x00, 0x00, 0x00, 0x70, 0x58, 0xff, 0xff, 0x01, 0x00, 0x00, 0x00,
  0x56, 0x00, 0x00, 0x00, 0x02, 0x00, 0x00, 0x00, 0x52, 0x00, 0x00, 0x00,
  0x55, 0x00, 0x00, 0x00, 0xb6, 0xf7, 0xff, 0xff, 0x14, 0x00, 0x00, 0x00,
  0x00, 0x00, 0x00, 0x15, 0x10, 0x00, 0x00, 0x00, 0x14, 0x00, 0x00, 0x00,
  0x0a, 0x00, 0x00, 0x00, 0xa0, 0x58, 0xff, 0xff, 0x01, 0x00, 0x00, 0x00,
  0x55, 0x00, 0x00, 0x00, 0x02, 0x00, 0x00, 0x00, 0x50, 0x00, 0x00, 0x00,
  0x54, 0x00, 0x00, 0x00, 0x3e, 0xf7, 0xff, 0xff, 0x0c, 0x00, 0x00, 0x00,
  0x10, 0x00, 0x00, 0x00, 0x0b, 0x00, 0x00, 0x00, 0x01, 0x00, 0x00, 0x00,
  0x54, 0x00, 0x00, 0x00, 0x01, 0x00, 0x00, 0x00, 0x4e, 0x00, 0x00, 0x00,
  0x5e, 0xf7, 0xff, 0xff, 0x0c, 0x00, 0x00, 0x00, 0x10, 0x00, 0x00, 0x00,
  0x09, 0x00, 0x00, 0x00, 0x01, 0x00, 0x00, 0x00, 0x53, 0x00, 0x00, 0x00,
  0x01, 0x00, 0x00, 0x00, 0x4f, 0x00, 0x00, 0x00, 0x26, 0xf8, 0xff, 0xff,
  0x14, 0x00, 0x00, 0x00, 0x00, 0x00, 0x00, 0x15, 0x10, 0x00, 0x00, 0x00,
  0x14, 0x00, 0x00, 0x00, 0x0a, 0x00, 0x00, 0x00, 0x10, 0x59, 0xff, 0xff,
  0x01, 0x00, 0x00, 0x00, 0x52, 0x00, 0x00, 0x00, 0x02, 0x00, 0x00, 0x00,
  0x51, 0x00, 0x00, 0x00, 0x43, 0x00, 0x00, 0x00, 0xae, 0xf7, 0xff, 0xff,
  0x0c, 0x00, 0x00, 0x00, 0x10, 0x00, 0x00, 0x00, 0x09, 0x00, 0x00, 0x00,
  0x01, 0x00, 0x00, 0x00, 0x51, 0x00, 0x00, 0x00, 0x01, 0x00, 0x00, 0x00,
  0x4d, 0x00, 0x00, 0x00, 0xce, 0xf7, 0xff, 0xff, 0x0c, 0x00, 0x00, 0x00,
  0x10, 0x00, 0x00, 0x00, 0x09, 0x00, 0x00, 0x00, 0x01, 0x00, 0x00, 0x00,
  0x50, 0x00, 0x00, 0x00, 0x01, 0x00, 0x00, 0x00, 0x4c, 0x00, 0x00, 0x00,
  0x96, 0xf8, 0xff, 0xff, 0x14, 0x00, 0x00, 0x00, 0x00, 0x00, 0x00, 0x23,
  0x14, 0x00, 0x00, 0x00, 0x24, 0x00, 0x00, 0x00, 0x08, 0x00, 0x00, 0x00,
  0x52, 0xf8, 0xff, 0xff, 0x04, 0x00, 0x00, 0x00, 0x04, 0x00, 0x00, 0x00,
  0x4c, 0x00, 0x00, 0x00, 0x4d, 0x00, 0x00, 0x00, 0x4e, 0x00, 0x00, 0x00,
  0x4f, 0x00, 0x00, 0x00, 0x02, 0x00, 0x00, 0x00, 0x05, 0x00, 0x00, 0x00,
  0x4b, 0x00, 0x00, 0x00, 0xd6, 0xf8, 0xff, 0xff, 0x14, 0x00, 0x00, 0x00,
  0x00, 0x00, 0x00, 0x0b, 0x10, 0x00, 0x00, 0x00, 0x14, 0x00, 0x00, 0x00,
  0x07, 0x00, 0x00, 0x00, 0xc0, 0x59, 0xff, 0xff, 0x01, 0x00, 0x00, 0x00,
  0x4b, 0x00, 0x00, 0x00, 0x02, 0x00, 0x00, 0x00, 0x4a, 0x00, 0x00, 0x00,
  0x0a, 0x00, 0x00, 0x00, 0x06, 0xf9, 0xff, 0xff, 0x14, 0x00, 0x00, 0x00,
  0x00, 0x00, 0x00, 0x0b, 0x10, 0x00, 0x00, 0x00, 0x14, 0x00, 0x00, 0x00,
  0x07, 0x00, 0x00, 0x00, 0xf0, 0x59, 0xff, 0xff, 0x01, 0x00, 0x00, 0x00,
  0x4a, 0x00, 0x00, 0x00, 0x02, 0x00, 0x00, 0x00, 0x49, 0x00, 0x00, 0x00,
  0x46, 0x00, 0x00, 0x00, 0x36, 0xf9, 0xff, 0xff, 0x14, 0x00, 0x00, 0x00,
  0x00, 0x00, 0x00, 0x08, 0x10, 0x00, 0x00, 0x00, 0x14, 0x00, 0x00, 0x00,
  0x06, 0x00, 0x00, 0x00, 0x20, 0x5a, 0xff, 0xff, 0x01, 0x00, 0x00, 0x00,
  0x49, 0x00, 0x00, 0x00, 0x03, 0x00, 0x00, 0x00, 0x13, 0x00, 0x00, 0x00,
  0x0b, 0x00, 0x00, 0x00, 0xff, 0xff, 0xff, 0xff, 0x6a, 0xf9, 0xff, 0xff,
  0x14, 0x00, 0x00, 0x00, 0x00, 0x00, 0x00, 0x08, 0x10, 0x00, 0x00, 0x00,
  0x14, 0x00, 0x00, 0x00, 0x06, 0x00, 0x00, 0x00, 0x54, 0x5a, 0xff, 0xff,
  0x01, 0x00, 0x00, 0x00, 0x48, 0x00, 0x00, 0x00, 0x03, 0x00, 0x00, 0x00,
  0x1c, 0x00, 0x00, 0x00, 0x0b, 0x00, 0x00, 0x00, 0xff, 0xff, 0xff, 0xff,
  0x9e, 0xf9, 0xff, 0xff, 0x14, 0x00, 0x00, 0x00, 0x00, 0x00, 0x00, 0x08,
  0x10, 0x00, 0x00, 0x00, 0x14, 0x00, 0x00, 0x00, 0x06, 0x00, 0x00, 0x00,
  0x88, 0x5a, 0xff, 0xff, 0x01, 0x00, 0x00, 0x00, 0x47, 0x00, 0x00, 0x00,
  0x03, 0x00, 0x00, 0x00, 0x1b, 0x00, 0x00, 0x00, 0x0b, 0x00, 0x00, 0x00,
  0xff, 0xff, 0xff, 0xff, 0xd2, 0xf9, 0xff, 0xff, 0x14, 0x00, 0x00, 0x00,
  0x00, 0x00, 0x00, 0x08, 0x10, 0x00, 0x00, 0x00, 0x14, 0x00, 0x00, 0x00,
  0x06, 0x00, 0x00, 0x00, 0xbc, 0x5a, 0xff, 0xff, 0x01, 0x00, 0x00, 0x00,
  0x46, 0x00, 0x00, 0x00, 0x03, 0x00, 0x00, 0x00, 0x45, 0x00, 0x00, 0x00,
  0x0c, 0x00, 0x00, 0x00, 0xff, 0xff, 0xff, 0xff, 0x06, 0xfa, 0xff, 0xff,
  0x14, 0x00, 0x00, 0x00, 0x00, 0x00, 0x00, 0x15, 0x10, 0x00, 0x00, 0x00,
  0x14, 0x00, 0x00, 0x00, 0x0a, 0x00, 0x00, 0x00, 0xf0, 0x5a, 0xff, 0xff,
  0x01, 0x00, 0x00, 0x00, 0x45, 0x00, 0x00, 0x00, 0x02, 0x00, 0x00, 0x00,
  0x40, 0x00, 0x00, 0x00, 0x44, 0x00, 0x00, 0x00, 0x8e, 0xf9, 0xff, 0xff,
  0x0c, 0x00, 0x00, 0x00, 0x10, 0x00, 0x00, 0x00, 0x0b, 0x00, 0x00, 0x00,
  0x01, 0x00, 0x00, 0x00, 0x44, 0x00, 0x00, 0x00, 0x01, 0x00, 0x00, 0x00,
  0x43, 0x00, 0x00, 0x00, 0x56, 0xfa, 0xff, 0xff, 0x14, 0x00, 0x00, 0x00,
  0x00, 0x00, 0x00, 0x0b, 0x10, 0x00, 0x00, 0x00, 0x14, 0x00, 0x00, 0x00,
  0x07, 0x00, 0x00, 0x00, 0x40, 0x5b, 0xff, 0xff, 0x01, 0x00, 0x00, 0x00,
  0x43, 0x00, 0x00, 0x00, 0x02, 0x00, 0x00, 0x00, 0x3f, 0x00, 0x00, 0x00,
  0x42, 0x00, 0x00, 0x00, 0x86, 0xfa, 0xff, 0xff, 0x14, 0x00, 0x00, 0x00,
  0x00, 0x00, 0x00, 0x15, 0x10, 0x00, 0x00, 0x00, 0x14, 0x00, 0x00, 0x00,
  0x0a, 0x00, 0x00, 0x00, 0x70, 0x5b, 0xff, 0xff, 0x01, 0x00, 0x00, 0x00,
  0x42, 0x00, 0x00, 0x00, 0x02, 0x00, 0x00, 0x00, 0x3d, 0x00, 0x00, 0x00,
  0x41, 0x00, 0x00, 0x00, 0x0e, 0xfa, 0xff, 0xff, 0x0c, 0x00, 0x00, 0x00,
  0x10, 0x00, 0x00, 0x00, 0x0b, 0x00, 0x00, 0x00, 0x01, 0x00, 0x00, 0x00,
  0x41, 0x00, 0x00, 0x00, 0x01, 0x00, 0x00, 0x00, 0x3b, 0x00, 0x00, 0x00,
  0x2e, 0xfa, 0xff, 0xff, 0x0c, 0x00, 0x00, 0x00, 0x10, 0x00, 0x00, 0x00,
  0x09, 0x00, 0x00, 0x00, 0x01, 0x00, 0x00, 0x00, 0x40, 0x00, 0x00, 0x00,
  0x01, 0x00, 0x00, 0x00, 0x3c, 0x00, 0x00, 0x00, 0xf6, 0xfa, 0xff, 0xff,
  0x14, 0x00, 0x00, 0x00, 0x00, 0x00, 0x00, 0x15, 0x10, 0x00, 0x00, 0x00,
  0x14, 0x00, 0x00, 0x00, 0x0a, 0x00, 0x00, 0x00, 0xe0, 0x5b, 0xff, 0xff,
  0x01, 0x00, 0x00, 0x00, 0x3f, 0x00, 0x00, 0x00, 0x02, 0x00, 0x00, 0x00,
  0x3e, 0x00, 0x00, 0x00, 0x2d, 0x00, 0x00, 0x00, 0x7e, 0xfa, 0xff, 0xff,
  0x0c, 0x00, 0x00, 0x00, 0x10, 0x00, 0x00, 0x00, 0x09, 0x00, 0x00, 0x00,
  0x01, 0x00, 0x00, 0x00, 0x3e, 0x00, 0x00, 0x00, 0x01, 0x00, 0x00, 0x00,
  0x3a, 0x00, 0x00, 0x00, 0x9e, 0xfa, 0xff, 0xff, 0x0c, 0x00, 0x00, 0x00,
  0x10, 0x00, 0x00, 0x00, 0x09, 0x00, 0x00, 0x00, 0x01, 0x00, 0x00, 0x00,
  0x3d, 0x00, 0x00, 0x00, 0x01, 0x00, 0x00, 0x00, 0x39, 0x00, 0x00, 0x00,
  0x66, 0xfb, 0xff, 0xff, 0x14, 0x00, 0x00, 0x00, 0x00, 0x00, 0x00, 0x23,
  0x14, 0x00, 0x00, 0x00, 0x24, 0x00, 0x00, 0x00, 0x08, 0x00, 0x00, 0x00,
  0x22, 0xfb, 0xff, 0xff, 0x04, 0x00, 0x00, 0x00, 0x04, 0x00, 0x00, 0x00,
  0x39, 0x00, 0x00, 0x00, 0x3a, 0x00, 0x00, 0x00, 0x3b, 0x00, 0x00, 0x00,
  0x3c, 0x00, 0x00, 0x00, 0x02, 0x00, 0x00, 0x00, 0x05, 0x00, 0x00, 0x00,
  0x38, 0x00, 0x00, 0x00, 0xa6, 0xfb, 0xff, 0xff, 0x14, 0x00, 0x00, 0x00,
  0x00, 0x00, 0x00, 0x0b, 0x10, 0x00, 0x00, 0x00, 0x14, 0x00, 0x00, 0x00,
  0x07, 0x00, 0x00, 0x00, 0x90, 0x5c, 0xff, 0xff, 0x01, 0x00, 0x00, 0x00,
  0x38, 0x00, 0x00, 0x00, 0x02, 0x00, 0x00, 0x00, 0x37, 0x00, 0x00, 0x00,
  0x0a, 0x00, 0x00, 0x00, 0xd6, 0xfb, 0xff, 0xff, 0x14, 0x00, 0x00, 0x00,
  0x00, 0x00, 0x00, 0x0b, 0x10, 0x00, 0x00, 0x00, 0x14, 0x00, 0x00, 0x00,
  0x07, 0x00, 0x00, 0x00, 0xc0, 0x5c, 0xff, 0xff, 0x01, 0x00, 0x00, 0x00,
  0x37, 0x00, 0x00, 0x00, 0x02, 0x00, 0x00, 0x00, 0x36, 0x00, 0x00, 0x00,
  0x30, 0x00, 0x00, 0x00, 0x06, 0xfc, 0xff, 0xff, 0x14, 0x00, 0x00, 0x00,
  0x00, 0x00, 0x00, 0x08, 0x10, 0x00, 0x00, 0x00, 0x14, 0x00, 0x00, 0x00,
  0x06, 0x00, 0x00, 0x00, 0xf0, 0x5c, 0xff, 0xff, 0x01, 0x00, 0x00, 0x00,
  0x36, 0x00, 0x00, 0x00, 0x03, 0x00, 0x00, 0x00, 0x12, 0x00, 0x00, 0x00,
  0x0b, 0x00, 0x00, 0x00, 0xff, 0xff, 0xff, 0xff, 0x3a, 0xfc, 0xff, 0xff,
  0x14, 0x00, 0x00, 0x00, 0x00, 0x00, 0x00, 0x08, 0x10, 0x00, 0x00, 0x00,
  0x14, 0x00, 0x00, 0x00, 0x06, 0x00, 0x00, 0x00, 0x24, 0x5d, 0xff, 0xff,
  0x01, 0x00, 0x00, 0x00, 0x35, 0x00, 0x00, 0x00, 0x03, 0x00, 0x00, 0x00,
  0x1a, 0x00, 0x00, 0x00, 0x0b, 0x00, 0x00, 0x00, 0xff, 0xff, 0xff, 0xff,
  0x6e, 0xfc, 0xff, 0xff, 0x14, 0x00, 0x00, 0x00, 0x00, 0x00, 0x00, 0x08,
  0x10, 0x00, 0x00, 0x00, 0x14, 0x00, 0x00, 0x00, 0x06, 0x00, 0x00, 0x00,
  0x58, 0x5d, 0xff, 0xff, 0x01, 0x00, 0x00, 0x00, 0x34, 0x00, 0x00, 0x00,
  0x03, 0x00, 0x00, 0x00, 0x19, 0x00, 0x00, 0x00, 0x0b, 0x00, 0x00, 0x00,
  0xff, 0xff, 0xff, 0xff, 0xa2, 0xfc, 0xff, 0xff, 0x14, 0x00, 0x00, 0x00,
  0x00, 0x00, 0x00, 0x08, 0x10, 0x00, 0x00, 0x00, 0x14, 0x00, 0x00, 0x00,
  0x06, 0x00, 0x00, 0x00, 0x8c, 0x5d, 0xff, 0xff, 0x01, 0x00, 0x00, 0x00,
  0x33, 0x00, 0x00, 0x00, 0x03, 0x00, 0x00, 0x00, 0x18, 0x00, 0x00, 0x00,
  0x0b, 0x00, 0x00, 0x00, 0xff, 0xff, 0xff, 0xff, 0xd6, 0xfc, 0xff, 0xff,
  0x14, 0x00, 0x00, 0x00, 0x00, 0x00, 0x00, 0x08, 0x10, 0x00, 0x00, 0x00,
  0x14, 0x00, 0x00, 0x00, 0x06, 0x00, 0x00, 0x00, 0xc0, 0x5d, 0xff, 0xff,
  0x01, 0x00, 0x00, 0x00, 0x32, 0x00, 0x00, 0x00, 0x03, 0x00, 0x00, 0x00,
  0x17, 0x00, 0x00, 0x00, 0x0b, 0x00, 0x00, 0x00, 0xff, 0xff, 0xff, 0xff,
  0x0a, 0xfd, 0xff, 0xff, 0x14, 0x00, 0x00, 0x00, 0x00, 0x00, 0x00, 0x08,
  0x10, 0x00, 0x00, 0x00, 0x14, 0x00, 0x00, 0x00, 0x06, 0x00, 0x00, 0x00,
  0xf4, 0x5d, 0xff, 0xff, 0x01, 0x00, 0x00, 0x00, 0x31, 0x00, 0x00, 0x00,
  0x03, 0x00, 0x00, 0x00, 0x16, 0x00, 0x00, 0x00, 0x0b, 0x00, 0x00, 0x00,
  0xff, 0xff, 0xff, 0xff, 0x3e, 0xfd, 0xff, 0xff, 0x14, 0x00, 0x00, 0x00,
  0x00, 0x00, 0x00, 0x08, 0x10, 0x00, 0x00, 0x00, 0x14, 0x00, 0x00, 0x00,
  0x06, 0x00, 0x00, 0x00, 0x28, 0x5e, 0xff, 0xff, 0x01, 0x00, 0x00, 0x00,
  0x30, 0x00, 0x00, 0x00, 0x03, 0x00, 0x00, 0x00, 0x2f, 0x00, 0x00, 0x00,
  0x0c, 0x00, 0x00, 0x00, 0xff, 0xff, 0xff, 0xff, 0x72, 0xfd, 0xff, 0xff,
  0x14, 0x00, 0x00, 0x00, 0x00, 0x00, 0x00, 0x15, 0x10, 0x00, 0x00, 0x00,
  0x14, 0x00, 0x00, 0x00, 0x0a, 0x00, 0x00, 0x00, 0x5c, 0x5e, 0xff, 0xff,
  0x01, 0x00, 0x00, 0x00, 0x2f, 0x00, 0x00, 0x00, 0x02, 0x00, 0x00, 0x00,
  0x2a, 0x00, 0x00, 0x00, 0x2e, 0x00, 0x00, 0x00, 0xfa, 0xfc, 0xff, 0xff,
  0x0c, 0x00, 0x00, 0x00, 0x10, 0x00, 0x00, 0x00, 0x0b, 0x00, 0x00, 0x00,
  0x01, 0x00, 0x00, 0x00, 0x2e, 0x00, 0x00, 0x00, 0x01, 0x00, 0x00, 0x00,
  0x2d, 0x00, 0x00, 0x00, 0xc2, 0xfd, 0xff, 0xff, 0x14, 0x00, 0x00, 0x00,
  0x00, 0x00, 0x00, 0x0b, 0x10, 0x00, 0x00, 0x00, 0x14, 0x00, 0x00, 0x00,
  0x07, 0x00, 0x00, 0x00, 0xac, 0x5e, 0xff, 0xff, 0x01, 0x00, 0x00, 0x00,
  0x2d, 0x00, 0x00, 0x00, 0x02, 0x00, 0x00, 0x00, 0x29, 0x00, 0x00, 0x00,
  0x2c, 0x00, 0x00, 0x00, 0xf2, 0xfd, 0xff, 0xff, 0x14, 0x00, 0x00, 0x00,
  0x00, 0x00, 0x00, 0x15, 0x10, 0x00, 0x00, 0x00, 0x14, 0x00, 0x00, 0x00,
  0x0a, 0x00, 0x00, 0x00, 0xdc, 0x5e, 0xff, 0xff, 0x01, 0x00, 0x00, 0x00,
  0x2c, 0x00, 0x00, 0x00, 0x02, 0x00, 0x00, 0x00, 0x27, 0x00, 0x00, 0x00,
  0x2b, 0x00, 0x00, 0x00, 0x7a, 0xfd, 0xff, 0xff, 0x0c, 0x00, 0x00, 0x00,
  0x10, 0x00, 0x00, 0x00, 0x0b, 0x00, 0x00, 0x00, 0x01, 0x00, 0x00, 0x00,
  0x2b, 0x00, 0x00, 0x00, 0x01, 0x00, 0x00, 0x00, 0x25, 0x00, 0x00, 0x00,
  0x9a, 0xfd, 0xff, 0xff, 0x0c, 0x00, 0x00, 0x00, 0x10, 0x00, 0x00, 0x00,
  0x09, 0x00, 0x00, 0x00, 0x01, 0x00, 0x00, 0x00, 0x2a, 0x00, 0x00, 0x00,
  0x01, 0x00, 0x00, 0x00, 0x26, 0x00, 0x00, 0x00, 0x62, 0xfe, 0xff, 0xff,
  0x14, 0x00, 0x00, 0x00, 0x00, 0x00, 0x00, 0x15, 0x10, 0x00, 0x00, 0x00,
  0x14, 0x00, 0x00, 0x00, 0x0a, 0x00, 0x00, 0x00, 0x4c, 0x5f, 0xff, 0xff,
  0x01, 0x00, 0x00, 0x00, 0x29, 0x00, 0x00, 0x00, 0x02, 0x00, 0x00, 0x00,
  0x28, 0x00, 0x00, 0x00, 0x1e, 0x00, 0x00, 0x00, 0xea, 0xfd, 0xff, 0xff,
  0x0c, 0x00, 0x00, 0x00, 0x10, 0x00, 0x00, 0x00, 0x09, 0x00, 0x00, 0x00,
  0x01, 0x00, 0x00, 0x00, 0x28, 0x00, 0x00, 0x00, 0x01, 0x00, 0x00, 0x00,
  0x24, 0x00, 0x00, 0x00, 0x0a, 0xfe, 0xff, 0xff, 0x0c, 0x00, 0x00, 0x00,
  0x10, 0x00, 0x00, 0x00, 0x09, 0x00, 0x00, 0x00, 0x01, 0x00, 0x00, 0x00,
  0x27, 0x00, 0x00, 0x00, 0x01, 0x00, 0x00, 0x00, 0x23, 0x00, 0x00, 0x00,
  0xd2, 0xfe, 0xff, 0xff, 0x14, 0x00, 0x00, 0x00, 0x00, 0x00, 0x00, 0x23,
  0x14, 0x00, 0x00, 0x00, 0x24, 0x00, 0x00, 0x00, 0x08, 0x00, 0x00, 0x00,
  0x8e, 0xfe, 0xff, 0xff, 0x04, 0x00, 0x00, 0x00, 0x04, 0x00, 0x00, 0x00,
  0x23, 0x00, 0x00, 0x00, 0x24, 0x00, 0x00, 0x00, 0x25, 0x00, 0x00, 0x00,
  0x26, 0x00, 0x00, 0x00, 0x02, 0x00, 0x00, 0x00, 0x05, 0x00, 0x00, 0x00,
  0x22, 0x00, 0x00, 0x00, 0x12, 0xff, 0xff, 0xff, 0x14, 0x00, 0x00, 0x00,
  0x00, 0x00, 0x00, 0x0b, 0x10, 0x00, 0x00, 0x00, 0x14, 0x00, 0x00, 0x00,
  0x07, 0x00, 0x00, 0x00, 0xfc, 0x5f, 0xff, 0xff, 0x01, 0x00, 0x00, 0x00,
  0x22, 0x00, 0x00, 0x00, 0x02, 0x00, 0x00, 0x00, 0x21, 0x00, 0x00, 0x00,
  0x0a, 0x00, 0x00, 0x00, 0x42, 0xff, 0xff, 0xff, 0x14, 0x00, 0x00, 0x00,
  0x00, 0x00, 0x00, 0x0b, 0x10, 0x00, 0x00, 0x00, 0x14, 0x00, 0x00, 0x00,
  0x07, 0x00, 0x00, 0x00, 0x2c, 0x60, 0xff, 0xff, 0x01, 0x00, 0x00, 0x00,
  0x21, 0x00, 0x00, 0x00, 0x02, 0x00, 0x00, 0x00, 0x20, 0x00, 0x00, 0x00,
  0x1f, 0x00, 0x00, 0x00, 0x72, 0xff, 0xff, 0xff, 0x14, 0x00, 0x00, 0x00,
  0x00, 0x00, 0x00, 0x08, 0x10, 0x00, 0x00, 0x00, 0x14, 0x00, 0x00, 0x00,
  0x06, 0x00, 0x00, 0x00, 0x5c, 0x60, 0xff, 0xff, 0x01, 0x00, 0x00, 0x00,
  0x20, 0x00, 0x00, 0x00, 0x03, 0x00, 0x00, 0x00, 0x11, 0x00, 0x00, 0x00,
  0x0b, 0x00, 0x00, 0x00, 0xff, 0xff, 0xff, 0xff, 0xa6, 0xff, 0xff, 0xff,
  0x14, 0x00, 0x00, 0x00, 0x00, 0x00, 0x00, 0x08, 0x10, 0x00, 0x00, 0x00,
  0x14, 0x00, 0x00, 0x00, 0x06, 0x00, 0x00, 0x00, 0x90, 0x60, 0xff, 0xff,
  0x01, 0x00, 0x00, 0x00, 0x1f, 0x00, 0x00, 0x00, 0x03, 0x00, 0x00, 0x00,
  0x1e, 0x00, 0x00, 0x00, 0x0c, 0x00, 0x00, 0x00, 0xff, 0xff, 0xff, 0xff,
  0x32, 0xff, 0xff, 0xff, 0x0c, 0x00, 0x00, 0x00, 0x10, 0x00, 0x00, 0x00,
  0x05, 0x00, 0x00, 0x00, 0x01, 0x00, 0x00, 0x00, 0x1e, 0x00, 0x00, 0x00,
  0x02, 0x00, 0x00, 0x00, 0x1d, 0x00, 0x00, 0x00, 0x0d, 0x00, 0x00, 0x00,
  0x00, 0x00, 0x0e, 0x00, 0x18, 0x00, 0x14, 0x00, 0x10, 0x00, 0x0c, 0x00,
  0x0b, 0x00, 0x04, 0x00, 0x0e, 0x00, 0x00, 0x00, 0x14, 0x00, 0x00, 0x00,
  0x00, 0x00, 0x00, 0x3b, 0x14, 0x00, 0x00, 0x00, 0x18, 0x00, 0x00, 0x00,
  0x04, 0x00, 0x00, 0x00, 0xca, 0xff, 0xff, 0xff, 0x02, 0x00, 0x00, 0x00,
  0x01, 0x00, 0x00, 0x00, 0x1d, 0x00, 0x00, 0x00, 0x02, 0x00, 0x00, 0x00,
  0x0f, 0x00, 0x00, 0x00, 0x04, 0x00, 0x00, 0x00, 0x6a, 0xff, 0xff, 0xff,
  0x1c, 0x00, 0x00, 0x00, 0x00, 0x00, 0x00, 0x40, 0x1c, 0x00, 0x00, 0x00,
  0x4c, 0x00, 0x00, 0x00, 0x03, 0x00, 0x00, 0x00, 0x00, 0x00, 0x06, 0x00,
  0x08, 0x00, 0x04, 0x00, 0x06, 0x00, 0x00, 0x00, 0x0c, 0x00, 0x00, 0x00,
  0x0c, 0x00, 0x00, 0x00, 0x11, 0x00, 0x00, 0x00, 0x12, 0x00, 0x00, 0x00,
  0x13, 0x00, 0x00, 0x00, 0x14, 0x00, 0x00, 0x00, 0x15, 0x00, 0x00, 0x00,
  0x16, 0x00, 0x00, 0x00, 0x17, 0x00, 0x00, 0x00, 0x18, 0x00, 0x00, 0x00,
  0x19, 0x00, 0x00, 0x00, 0x1a, 0x00, 0x00, 0x00, 0x1b, 0x00, 0x00, 0x00,
  0x1c, 0x00, 0x00, 0x00, 0x01, 0x00, 0x00, 0x00, 0x10, 0x00, 0x00, 0x00,
  0x00, 0x00, 0x0a, 0x00, 0x10, 0x00, 0x0c, 0x00, 0x08, 0x00, 0x04, 0x00,
  0x0a, 0x00, 0x00, 0x00, 0x0c, 0x00, 0x00, 0x00, 0x10, 0x00, 0x00, 0x00,
  0x02, 0x00, 0x00, 0x00, 0x01, 0x00, 0x00, 0x00, 0x10, 0x00, 0x00, 0x00,
  0x02, 0x00, 0x00, 0x00, 0x00, 0x00, 0x00, 0x00, 0x03, 0x00, 0x00, 0x00,
  0x00, 0x00, 0x0e, 0x00, 0x1a, 0x00, 0x14, 0x00, 0x10, 0x00, 0x0c, 0x00,
  0x0b, 0x00, 0x04, 0x00, 0x0e, 0x00, 0x00, 0x00, 0x24, 0x00, 0x00, 0x00,
  0x00, 0x00, 0x00, 0x20, 0x24, 0x00, 0x00, 0x00, 0x28, 0x00, 0x00, 0x00,
  0x01, 0x00, 0x00, 0x00, 0x00, 0x00, 0x0e, 0x00, 0x08, 0x00, 0x00, 0x00,
  0x00, 0x00, 0x00, 0x00, 0x00, 0x00, 0x04, 0x00, 0x0e, 0x00, 0x00, 0x00,
  0x01, 0x00, 0x00, 0x00, 0x01, 0x00, 0x00, 0x00, 0x0f, 0x00, 0x00, 0x00,
  0x04, 0x00, 0x00, 0x00, 0x0e, 0x00, 0x00, 0x00, 0x01, 0x00, 0x00, 0x00,
  0x02, 0x00, 0x00, 0x00, 0x02, 0x00, 0x00, 0x00, 0x00, 0x00, 0x0e, 0x00,
  0x16, 0x00, 0x00, 0x00, 0x10, 0x00, 0x0c, 0x00, 0x0b, 0x00, 0x04, 0x00,
  0x0e, 0x00, 0x00, 0x00, 0x18, 0x00, 0x00, 0x00, 0x00, 0x00, 0x00, 0x37,
  0x18, 0x00, 0x00, 0x00, 0x1c, 0x00, 0x00, 0x00, 0x00, 0x00, 0x06, 0x00,
  0x08, 0x00, 0x07, 0x00, 0x06, 0x00, 0x00, 0x00, 0x00, 0x00, 0x00, 0x02,
  0x01, 0x00, 0x00, 0x00, 0x0e, 0x00, 0x00, 0x00, 0x01, 0x00, 0x00, 0x00,
  0x00, 0x00, 0x00, 0x00, 0x01, 0x00, 0x00, 0x00, 0xed, 0x00, 0x00, 0x00,
  0x01, 0x00, 0x00, 0x00, 0x00, 0x00, 0x00, 0x00, 0xee, 0x00, 0x00, 0x00,
  0xf8, 0x9d, 0x00, 0x00, 0x84, 0x9d, 0x00, 0x00, 0x14, 0x9d, 0x00, 0x00,
  0xc0, 0x9c, 0x00, 0x00, 0x70, 0x9c, 0x00, 0x00, 0x18, 0x9c, 0x00, 0x00,
  0x98, 0x9b, 0x00, 0x00, 0x24, 0x9b, 0x00, 0x00, 0xa8, 0x9a, 0x00, 0x00,
  0x34, 0x9a, 0x00, 0x00, 0xb0, 0x99, 0x00, 0x00, 0x34, 0x99, 0x00, 0x00,
  0xb8, 0x98, 0x00, 0x00, 0x4c, 0x98, 0x00, 0x00, 0x04, 0x98, 0x00, 0x00,
  0xb8, 0x97, 0x00, 0x00, 0x34, 0x97, 0x00, 0x00, 0x8c, 0x95, 0x00, 0x00,
  0xe0, 0x93, 0x00, 0x00, 0x34, 0x92, 0x00, 0x00, 0x88, 0x90, 0x00, 0x00,
  0xdc, 0x8e, 0x00, 0x00, 0x30, 0x8d, 0x00, 0x00, 0x84, 0x8b, 0x00, 0x00,
  0xd8, 0x89, 0x00, 0x00, 0x2c, 0x88, 0x00, 0x00, 0x80, 0x86, 0x00, 0x00,
  0xd4, 0x84, 0x00, 0x00, 0x28, 0x83, 0x00, 0x00, 0xd8, 0x82, 0x00, 0x00,
  0x60, 0x82, 0x00, 0x00, 0xd4, 0x81, 0x00, 0x00, 0x50, 0x81, 0x00, 0x00,
  0xcc, 0x80, 0x00, 0x00, 0x48, 0x80, 0x00, 0x00, 0x5c, 0x7f, 0x00, 0x00,
  0x70, 0x7e, 0x00, 0x00, 0x84, 0x7d, 0x00, 0x00, 0x98, 0x7c, 0x00, 0x00,
  0x14, 0x7c, 0x00, 0x00, 0x88, 0x7b, 0x00, 0x00, 0x04, 0x7b, 0x00, 0x00,
  0x78, 0x7a, 0x00, 0x00, 0xf4, 0x79, 0x00, 0x00, 0x70, 0x79, 0x00, 0x00,
  0xec, 0x78, 0x00, 0x00, 0x68, 0x78, 0x00, 0x00, 0xe4, 0x77, 0x00, 0x00,
  0x58, 0x77, 0x00, 0x00, 0xcc, 0x76, 0x00, 0x00, 0x40, 0x76, 0x00, 0x00,
  0xb4, 0x75, 0x00, 0x00, 0x28, 0x75, 0x00, 0x00, 0x9c, 0x74, 0x00, 0x00,
  0x10, 0x74, 0x00, 0x00, 0x8c, 0x73, 0x00, 0x00, 0x00, 0x73, 0x00, 0x00,
  0x0c, 0x72, 0x00, 0x00, 0x18, 0x71, 0x00, 0x00, 0x24, 0x70, 0x00, 0x00,
  0x30, 0x6f, 0x00, 0x00, 0xa4, 0x6e, 0x00, 0x00, 0x18, 0x6e, 0x00, 0x00,
  0x94, 0x6d, 0x00, 0x00, 0x08, 0x6d, 0x00, 0x00, 0x84, 0x6c, 0x00, 0x00,
  0x00, 0x6c, 0x00, 0x00, 0x7c, 0x6b, 0x00, 0x00, 0xf8, 0x6a, 0x00, 0x00,
  0x74, 0x6a, 0x00, 0x00, 0xe8, 0x69, 0x00, 0x00, 0x5c, 0x69, 0x00, 0x00,
  0xd0, 0x68, 0x00, 0x00, 0x44, 0x68, 0x00, 0x00, 0xc0, 0x67, 0x00, 0x00,
  0x34, 0x67, 0x00, 0x00, 0x40, 0x66, 0x00, 0x00, 0x4c, 0x65, 0x00, 0x00,
  0x58, 0x64, 0x00, 0x00, 0x64, 0x63, 0x00, 0x00, 0xd8, 0x62, 0x00, 0x00,
  0x4c, 0x62, 0x00, 0x00, 0xc8, 0x61, 0x00, 0x00, 0x3c, 0x61, 0x00, 0x00,
  0xb8, 0x60, 0x00, 0x00, 0x34, 0x60, 0x00, 0x00, 0xb0, 0x5f, 0x00, 0x00,
  0x2c, 0x5f, 0x00, 0x00, 0xa8, 0x5e, 0x00, 0x00, 0x1c, 0x5e, 0x00, 0x00,
  0x90, 0x5d, 0x00, 0x00, 0x0c, 0x5d, 0x00, 0x00, 0x80, 0x5c, 0x00, 0x00,
  0x8c, 0x5b, 0x00, 0x00, 0x98, 0x5a, 0x00, 0x00, 0xa4, 0x59, 0x00, 0x00,
  0xb0, 0x58, 0x00, 0x00, 0x24, 0x58, 0x00, 0x00, 0xa0, 0x57, 0x00, 0x00,
  0x14, 0x57, 0x00, 0x00, 0x88, 0x56, 0x00, 0x00, 0x04, 0x56, 0x00, 0x00,
  0x80, 0x55, 0x00, 0x00, 0xfc, 0x54, 0x00, 0x00, 0x78, 0x54, 0x00, 0x00,
  0xf4, 0x53, 0x00, 0x00, 0x68, 0x53, 0x00, 0x00, 0xdc, 0x52, 0x00, 0x00,
  0x58, 0x52, 0x00, 0x00, 0xcc, 0x51, 0x00, 0x00, 0xd8, 0x50, 0x00, 0x00,
  0xe4, 0x4f, 0x00, 0x00, 0xf0, 0x4e, 0x00, 0x00, 0xfc, 0x4d, 0x00, 0x00,
  0x70, 0x4d, 0x00, 0x00, 0xe4, 0x4c, 0x00, 0x00, 0x60, 0x4c, 0x00, 0x00,
  0xd4, 0x4b, 0x00, 0x00, 0x50, 0x4b, 0x00, 0x00, 0xcc, 0x4a, 0x00, 0x00,
  0x48, 0x4a, 0x00, 0x00, 0xc4, 0x49, 0x00, 0x00, 0x40, 0x49, 0x00, 0x00,
  0xb4, 0x48, 0x00, 0x00, 0x30, 0x48, 0x00, 0x00, 0xa4, 0x47, 0x00, 0x00,
  0xb0, 0x46, 0x00, 0x00, 0xbc, 0x45, 0x00, 0x00, 0xc8, 0x44, 0x00, 0x00,
  0xd4, 0x43, 0x00, 0x00, 0x48, 0x43, 0x00, 0x00, 0xbc, 0x42, 0x00, 0x00,
  0x30, 0x42, 0x00, 0x00, 0xac, 0x41, 0x00, 0x00, 0x28, 0x41, 0x00, 0x00,
  0xa4, 0x40, 0x00, 0x00, 0x20, 0x40, 0x00, 0x00, 0x9c, 0x3f, 0x00, 0x00,
  0x18, 0x3f, 0x00, 0x00, 0x8c, 0x3e, 0x00, 0x00, 0x08, 0x3e, 0x00, 0x00,
  0x7c, 0x3d, 0x00, 0x00, 0x88, 0x3c, 0x00, 0x00, 0x94, 0x3b, 0x00, 0x00,
  0xa0, 0x3a, 0x00, 0x00, 0xac, 0x39, 0x00, 0x00, 0x20, 0x39, 0x00, 0x00,
  0x94, 0x38, 0x00, 0x00, 0x08, 0x38, 0x00, 0x00, 0x84, 0x37, 0x00, 0x00,
  0x00, 0x37, 0x00, 0x00, 0x7c, 0x36, 0x00, 0x00, 0xf8, 0x35, 0x00, 0x00,
  0x74, 0x35, 0x00, 0x00, 0xf0, 0x34, 0x00, 0x00, 0x64, 0x34, 0x00, 0x00,
  0xe0, 0x33, 0x00, 0x00, 0x54, 0x33, 0x00, 0x00, 0x60, 0x32, 0x00, 0x00,
  0x6c, 0x31, 0x00, 0x00, 0x78, 0x30, 0x00, 0x00, 0x84, 0x2f, 0x00, 0x00,
  0xf8, 0x2e, 0x00, 0x00, 0x6c, 0x2e, 0x00, 0x00, 0xe0, 0x2d, 0x00, 0x00,
  0x5c, 0x2d, 0x00, 0x00, 0xd8, 0x2c, 0x00, 0x00, 0x54, 0x2c, 0x00, 0x00,
  0xd0, 0x2b, 0x00, 0x00, 0x4c, 0x2b, 0x00, 0x00, 0xc8, 0x2a, 0x00, 0x00,
  0x3c, 0x2a, 0x00, 0x00, 0xb8, 0x29, 0x00, 0x00, 0x2c, 0x29, 0x00, 0x00,
  0x38, 0x28, 0x00, 0x00, 0x44, 0x27, 0x00, 0x00, 0x50, 0x26, 0x00, 0x00,
  0x5c, 0x25, 0x00, 0x00, 0xd0, 0x24, 0x00, 0x00, 0x44, 0x24, 0x00, 0x00,
  0xb8, 0x23, 0x00, 0x00, 0x34, 0x23, 0x00, 0x00, 0xb0, 0x22, 0x00, 0x00,
  0x2c, 0x22, 0x00, 0x00, 0xa8, 0x21, 0x00, 0x00, 0x24, 0x21, 0x00, 0x00,
  0xa0, 0x20, 0x00, 0x00, 0x14, 0x20, 0x00, 0x00, 0x90, 0x1f, 0x00, 0x00,
  0x04, 0x1f, 0x00, 0x00, 0x10, 0x1e, 0x00, 0x00, 0x1c, 0x1d, 0x00, 0x00,
  0x28, 0x1c, 0x00, 0x00, 0x34, 0x1b, 0x00, 0x00, 0xa8, 0x1a, 0x00, 0x00,
  0x1c, 0x1a, 0x00, 0x00, 0x90, 0x19, 0x00, 0x00, 0x0c, 0x19, 0x00, 0x00,
  0x88, 0x18, 0x00, 0x00, 0x04, 0x18, 0x00, 0x00, 0x80, 0x17, 0x00, 0x00,
  0xfc, 0x16, 0x00, 0x00, 0x78, 0x16, 0x00, 0x00, 0xec, 0x15, 0x00, 0x00,
  0x68, 0x15, 0x00, 0x00, 0xdc, 0x14, 0x00, 0x00, 0xe0, 0x13, 0x00, 0x00,
  0xe4, 0x12, 0x00, 0x00, 0xe8, 0x11, 0x00, 0x00, 0xec, 0x10, 0x00, 0x00,
  0x60, 0x10, 0x00, 0x00, 0xd4, 0x0f, 0x00, 0x00, 0x48, 0x0f, 0x00, 0x00,
  0xc4, 0x0e, 0x00, 0x00, 0x40, 0x0e, 0x00, 0x00, 0xbc, 0x0d, 0x00, 0x00,
  0x38, 0x0d, 0x00, 0x00, 0xb4, 0x0c, 0x00, 0x00, 0x30, 0x0c, 0x00, 0x00,
  0xa4, 0x0b, 0x00, 0x00, 0x20, 0x0b, 0x00, 0x00, 0x94, 0x0a, 0x00, 0x00,
  0x98, 0x09, 0x00, 0x00, 0x9c, 0x08, 0x00, 0x00, 0xa0, 0x07, 0x00, 0x00,
  0xa4, 0x06, 0x00, 0x00, 0x18, 0x06, 0x00, 0x00, 0x8c, 0x05, 0x00, 0x00,
  0x00, 0x05, 0x00, 0x00, 0x7c, 0x04, 0x00, 0x00, 0xf8, 0x03, 0x00, 0x00,
  0x74, 0x03, 0x00, 0x00, 0xf0, 0x02, 0x00, 0x00, 0x6c, 0x02, 0x00, 0x00,
  0xe8, 0x01, 0x00, 0x00, 0x2c, 0x01, 0x00, 0x00, 0x80, 0x00, 0x00, 0x00,
  0x04, 0x00, 0x00, 0x00, 0xd6, 0x65, 0xff, 0xff, 0x00, 0x00, 0x00, 0x01,
  0x18, 0x00, 0x00, 0x00, 0x20, 0x00, 0x00, 0x00, 0x3c, 0x00, 0x00, 0x00,
  0xee, 0x00, 0x00, 0x00, 0x00, 0x00, 0x00, 0x09, 0x50, 0x00, 0x00, 0x00,
  0x02, 0x00, 0x00, 0x00, 0xff, 0xff, 0xff, 0xff, 0x03, 0x00, 0x00, 0x00,
  0xbc, 0x65, 0xff, 0xff, 0x08, 0x00, 0x00, 0x00, 0x10, 0x00, 0x00, 0x00,
  0x01, 0x00, 0x00, 0x00, 0x80, 0xff, 0xff, 0xff, 0xff, 0xff, 0xff, 0xff,
  0x01, 0x00, 0x00, 0x00, 0x00, 0x00, 0x80, 0x3b, 0x19, 0x00, 0x00, 0x00,
  0x53, 0x74, 0x61, 0x74, 0x65, 0x66, 0x75, 0x6c, 0x50, 0x61, 0x72, 0x74,
  0x69, 0x74, 0x69, 0x6f, 0x6e, 0x65, 0x64, 0x43, 0x61, 0x6c, 0x6c, 0x3a,
  0x30, 0x00, 0x00, 0x00, 0x02, 0x00, 0x00, 0x00, 0x01, 0x00, 0x00, 0x00,
  0x03, 0x00, 0x00, 0x00, 0x4e, 0x66, 0xff, 0xff, 0x00, 0x00, 0x00, 0x01,
  0x18, 0x00, 0x00, 0x00, 0x20, 0x00, 0x00, 0x00, 0x40, 0x00, 0x00, 0x00,
  0xed, 0x00, 0x00, 0x00, 0x00, 0x00, 0x00, 0x09, 0x80, 0x00, 0x00, 0x00,
  0x02, 0x00, 0x00, 0x00, 0xff, 0xff, 0xff, 0xff, 0x03, 0x00, 0x00, 0x00,
  0x34, 0x66, 0xff, 0xff, 0x08, 0x00, 0x00, 0x00, 0x14, 0x00, 0x00, 0x00,
  0x01, 0x00, 0x00, 0x00, 0x46, 0x00, 0x00, 0x00, 0x00, 0x00, 0x00, 0x00,
  0x00, 0x00, 0x00, 0x00, 0x01, 0x00, 0x00, 0x00, 0x72, 0x79, 0x08, 0x3d,
  0x46, 0x00, 0x00, 0x00, 0x74, 0x65, 0x61, 0x63, 0x68, 0x65, 0x72, 0x5f,
  0x6c, 0x73, 0x74, 0x6d, 0x2f, 0x73, 0x63, 0x61, 0x6c, 0x65, 0x64, 0x5f,
  0x6f, 0x75, 0x74, 0x70, 0x75, 0x74, 0x73, 0x2f, 0x4d, 0x61, 0x74, 0x4d,
  0x75, 0x6c, 0x3b, 0x74, 0x65, 0x61, 0x63, 0x68, 0x65, 0x72, 0x5f, 0x6c,
  0x73, 0x74, 0x6d, 0x2f, 0x73, 0x63, 0x61, 0x6c, 0x65, 0x64, 0x5f, 0x6f,
  0x75, 0x74, 0x70, 0x75, 0x74, 0x73, 0x2f, 0x42, 0x69, 0x61, 0x73, 0x41,
  0x64, 0x64, 0x00, 0x00, 0x02, 0x00, 0x00, 0x00, 0x01, 0x00, 0x00, 0x00,
  0x03, 0x00, 0x00, 0x00, 0xf6, 0x66, 0xff, 0xff, 0x00, 0x00, 0x00, 0x01,
  0x18, 0x00, 0x00, 0x00, 0x20, 0x00, 0x00, 0x00, 0x3c, 0x00, 0x00, 0x00,
  0xec, 0x00, 0x00, 0x00, 0x00, 0x00, 0x00, 0x09, 0x90, 0x00, 0x00, 0x00,
  0x02, 0x00, 0x00, 0x00, 0xff, 0xff, 0xff, 0xff, 0x18, 0x00, 0x00, 0x00,
  0xdc, 0x66, 0xff, 0xff, 0x08, 0x00, 0x00, 0x00, 0x10, 0x00, 0x00, 0x00,
  0x01, 0x00, 0x00, 0x00, 0x80, 0xff, 0xff, 0xff, 0xff, 0xff, 0xff, 0xff,
  0x01, 0x00, 0x00, 0x00, 0x77, 0xb0, 0x25, 0x3c, 0x5b, 0x00, 0x00, 0x00,
  0x74, 0x65, 0x61, 0x63, 0x68, 0x65, 0x72, 0x5f, 0x6c, 0x73, 0x74, 0x6d,
  0x2f, 0x64, 0x65, 0x6e, 0x73, 0x65, 0x5f, 0x72, 0x65, 0x6c, 0x75, 0x2f,
  0x4d, 0x61, 0x74, 0x4d, 0x75, 0x6c, 0x3b, 0x74, 0x65, 0x61, 0x63, 0x68,
  0x65, 0x72, 0x5f, 0x6c, 0x73, 0x74, 0x6d, 0x2f, 0x64, 0x65, 0x6e, 0x73,
  0x65, 0x5f, 0x72, 0x65, 0x6c, 0x75, 0x2f, 0x52, 0x65, 0x6c, 0x75, 0x3b,
  0x74, 0x65, 0x61, 0x63, 0x68, 0x65, 0x72, 0x5f, 0x6c, 0x73, 0x74, 0x6d,
  0x2f, 0x64, 0x65, 0x6e, 0x73, 0x65, 0x5f, 0x72, 0x65, 0x6c, 0x75, 0x2f,
  0x42, 0x69, 0x61, 0x73, 0x41, 0x64, 0x64, 0x00, 0x02, 0x00, 0x00, 0x00,
  0x01, 0x00, 0x00, 0x00, 0x18, 0x00, 0x00, 0x00, 0xae, 0x67, 0xff, 0xff,
  0x00, 0x00, 0x00, 0x01, 0x18, 0x00, 0x00, 0x00, 0x20, 0x00, 0x00, 0x00,
  0x3c, 0x00, 0x00, 0x00, 0xeb, 0x00, 0x00, 0x00, 0x00, 0x00, 0x00, 0x09,
  0x58, 0x00, 0x00, 0x00, 0x02, 0x00, 0x00, 0x00, 0xff, 0xff, 0xff, 0xff,
  0x18, 0x00, 0x00, 0x00, 0x94, 0x67, 0xff, 0xff, 0x08, 0x00, 0x00, 0x00,
  0x10, 0x00, 0x00, 0x00, 0x01, 0x00, 0x00, 0x00, 0x00, 0x00, 0x00, 0x00,
  0x00, 0x00, 0x00, 0x00, 0x01, 0x00, 0x00, 0x00, 0x77, 0x31, 0xe0, 0x3b,
  0x22, 0x00, 0x00, 0x00, 0x74, 0x65, 0x61, 0x63, 0x68, 0x65, 0x72, 0x5f,
  0x6c, 0x73, 0x74, 0x6d, 0x2f, 0x6c, 0x73, 0x74, 0x6d, 0x2f, 0x6c, 0x73,
  0x74, 0x6d, 0x5f, 0x63, 0x65, 0x6c, 0x6c, 0x2f, 0x6d, 0x75, 0x6c, 0x5f,
  0x33, 0x35, 0x00, 0x00, 0x02, 0x00, 0x00, 0x00, 0x01, 0x00, 0x00, 0x00,
  0x18, 0x00, 0x00, 0x00, 0x2e, 0x68, 0xff, 0xff, 0x00, 0x00, 0x00, 0x01,
  0x18, 0x00, 0x00, 0x00, 0x20, 0x00, 0x00, 0x00, 0x3c, 0x00, 0x00, 0x00,
  0xea, 0x00, 0x00, 0x00, 0x00, 0x00, 0x00, 0x09, 0x58, 0x00, 0x00, 0x00,
  0x02, 0x00, 0x00, 0x00, 0xff, 0xff, 0xff, 0xff, 0x18, 0x00, 0x00, 0x00,
  0x14, 0x68, 0xff, 0xff, 0x08, 0x00, 0x00, 0x00, 0x10, 0x00, 0x00, 0x00,
  0x01, 0x00, 0x00, 0x00, 0x00, 0x00, 0x00, 0x00, 0x00, 0x00, 0x00, 0x00,
  0x01, 0x00, 0x00, 0x00, 0x00, 0x00, 0x00, 0x3c, 0x23, 0x00, 0x00, 0x00,
  0x74, 0x65, 0x61, 0x63, 0x68, 0x65, 0x72, 0x5f, 0x6c, 0x73, 0x74, 0x6d,
  0x2f, 0x6c, 0x73, 0x74, 0x6d, 0x2f, 0x6c, 0x73, 0x74, 0x6d, 0x5f, 0x63,
  0x65, 0x6c, 0x6c, 0x2f, 0x54, 0x61, 0x6e, 0x68, 0x5f, 0x32, 0x33, 0x00,
  0x02, 0x00, 0x00, 0x00, 0x01, 0x00, 0x00, 0x00, 0x18, 0x00, 0x00, 0x00,
  0xae, 0x68, 0xff, 0xff, 0x00, 0x00, 0x00, 0x01, 0x18, 0x00, 0x00, 0x00,
  0x20, 0x00, 0x00, 0x00, 0x3c, 0x00, 0x00, 0x00, 0xe9, 0x00, 0x00, 0x00,
  0x00, 0x00, 0x00, 0x09, 0x58, 0x00, 0x00, 0x00, 0x02, 0x00, 0x00, 0x00,
  0xff, 0xff, 0xff, 0xff, 0x18, 0x00, 0x00, 0x00, 0x94, 0x68, 0xff, 0xff,
  0x08, 0x00, 0x00, 0x00, 0x10, 0x00, 0x00, 0x00, 0x01, 0x00, 0x00, 0x00,
  0xf4, 0xff, 0xff, 0xff, 0xff, 0xff, 0xff, 0xff, 0x01, 0x00, 0x00, 0x00,
  0xf8, 0xc7, 0xf1, 0x3c, 0x22, 0x00, 0x00, 0x00, 0x74, 0x65, 0x61, 0x63,
  0x68, 0x65, 0x72, 0x5f, 0x6c, 0x73, 0x74, 0x6d, 0x2f, 0x6c, 0x73, 0x74,
  0x6d, 0x2f, 0x6c, 0x73, 0x74, 0x6d, 0x5f, 0x63, 0x65, 0x6c, 0x6c, 0x2f,
  0x61, 0x64, 0x64, 0x5f, 0x32, 0x33, 0x00, 0x00, 0x02, 0x00, 0x00, 0x00,
  0x01, 0x00, 0x00, 0x00, 0x18, 0x00, 0x00, 0x00, 0x2e, 0x69, 0xff, 0xff,
  0x00, 0x00, 0x00, 0x01, 0x18, 0x00, 0x00, 0x00, 0x20, 0x00, 0x00, 0x00,
  0x3c, 0x00, 0x00, 0x00, 0xe8, 0x00, 0x00, 0x00, 0x00, 0x00, 0x00, 0x09,
  0x58, 0x00, 0x00, 0x00, 0x02, 0x00, 0x00, 0x00, 0xff, 0xff, 0xff, 0xff,
  0x18, 0x00, 0x00, 0x00, 0x14, 0x69, 0xff, 0xff, 0x08, 0x00, 0x00, 0x00,
  0x10, 0x00, 0x00, 0x00, 0x01, 0x00, 0x00, 0x00, 0xf4, 0xff, 0xff, 0xff,
  0xff, 0xff, 0xff, 0xff, 0x01, 0x00, 0x00, 0x00, 0xf8, 0xc7, 0xf1, 0x3c,
  0x22, 0x00, 0x00, 0x00, 0x74, 0x65, 0x61, 0x63, 0x68, 0x65, 0x72, 0x5f,
  0x6c, 0x73, 0x74, 0x6d, 0x2f, 0x6c, 0x73, 0x74, 0x6d, 0x2f, 0x6c, 0x73,
  0x74, 0x6d, 0x5f, 0x63, 0x65, 0x6c, 0x6c, 0x2f, 0x6d, 0x75, 0x6c, 0x5f,
  0x33, 0x33, 0x00, 0x00, 0x02, 0x00, 0x00, 0x00, 0x01, 0x00, 0x00, 0x00,
  0x18, 0x00, 0x00, 0x00, 0xae, 0x69, 0xff, 0xff, 0x00, 0x00, 0x00, 0x01,
  0x18, 0x00, 0x00, 0x00, 0x20, 0x00, 0x00, 0x00, 0x3c, 0x00, 0x00, 0x00,
  0xe7, 0x00, 0x00, 0x00, 0x00, 0x00, 0x00, 0x09, 0x58, 0x00, 0x00, 0x00,
  0x02, 0x00, 0x00, 0x00, 0xff, 0xff, 0xff, 0xff, 0x18, 0x00, 0x00, 0x00,
  0x94, 0x69, 0xff, 0xff, 0x08, 0x00, 0x00, 0x00, 0x10, 0x00, 0x00, 0x00,
  0x01, 0x00, 0x00, 0x00, 0x00, 0x00, 0x00, 0x00, 0x00, 0x00, 0x00, 0x00,
  0x01, 0x00, 0x00, 0x00, 0xa5, 0x26, 0xb7, 0x3b, 0x22, 0x00, 0x00, 0x00,
  0x74, 0x65, 0x61, 0x63, 0x68, 0x65, 0x72, 0x5f, 0x6c, 0x73, 0x74, 0x6d,
  0x2f, 0x6c, 0x73, 0x74, 0x6d, 0x2f, 0x6c, 0x73, 0x74, 0x6d, 0x5f, 0x63,
  0x65, 0x6c, 0x6c, 0x2f, 0x6d, 0x75, 0x6c, 0x5f, 0x33, 0x34, 0x00, 0x00,
  0x02, 0x00, 0x00, 0x00, 0x01, 0x00, 0x00, 0x00, 0x18, 0x00, 0x00, 0x00,
  0x2e, 0x6a, 0xff, 0xff, 0x00, 0x00, 0x00, 0x01, 0x18, 0x00, 0x00, 0x00,
  0x20, 0x00, 0x00, 0x00, 0x3c, 0x00, 0x00, 0x00, 0xe6, 0x00, 0x00, 0x00,
  0x00, 0x00, 0x00, 0x09, 0x58, 0x00, 0x00, 0x00, 0x02, 0x00, 0x00, 0x00,
  0xff, 0xff, 0xff, 0xff, 0x18, 0x00, 0x00, 0x00, 0x14, 0x6a, 0xff, 0xff,
  0x08, 0x00, 0x00, 0x00, 0x10, 0x00, 0x00, 0x00, 0x01, 0x00, 0x00, 0x00,
  0x00, 0x00, 0x00, 0x00, 0x00, 0x00, 0x00, 0x00, 0x01, 0x00, 0x00, 0x00,
  0x00, 0x00, 0x00, 0x3c, 0x23, 0x00, 0x00, 0x00, 0x74, 0x65, 0x61, 0x63,
  0x68, 0x65, 0x72, 0x5f, 0x6c, 0x73, 0x74, 0x6d, 0x2f, 0x6c, 0x73, 0x74,
  0x6d, 0x2f, 0x6c, 0x73, 0x74, 0x6d, 0x5f, 0x63, 0x65, 0x6c, 0x6c, 0x2f,
  0x54, 0x61, 0x6e, 0x68, 0x5f, 0x32, 0x32, 0x00, 0x02, 0x00, 0x00, 0x00,
  0x01, 0x00, 0x00, 0x00, 0x18, 0x00, 0x00, 0x00, 0xae, 0x6a, 0xff, 0xff,
  0x00, 0x00, 0x00, 0x01, 0x18, 0x00, 0x00, 0x00, 0x20, 0x00, 0x00, 0x00,
  0x40, 0x00, 0x00, 0x00, 0xe5, 0x00, 0x00, 0x00, 0x00, 0x00, 0x00, 0x09,
  0x60, 0x00, 0x00, 0x00, 0x02, 0x00, 0x00, 0x00, 0xff, 0xff, 0xff, 0xff,
  0x18, 0x00, 0x00, 0x00, 0x94, 0x6a, 0xff, 0xff, 0x08, 0x00, 0x00, 0x00,
  0x14, 0x00, 0x00, 0x00, 0x01, 0x00, 0x00, 0x00, 0x80, 0xff, 0xff, 0xff,
  0xff, 0xff, 0xff, 0xff, 0x00, 0x00, 0x00, 0x00, 0x01, 0x00, 0x00, 0x00,
  0x00, 0x00, 0x80, 0x3b, 0x26, 0x00, 0x00, 0x00, 0x74, 0x65, 0x61, 0x63,
  0x68, 0x65, 0x72, 0x5f, 0x6c, 0x73, 0x74, 0x6d, 0x2f, 0x6c, 0x73, 0x74,
  0x6d, 0x2f, 0x6c, 0x73, 0x74, 0x6d, 0x5f, 0x63, 0x65, 0x6c, 0x6c, 0x2f,
  0x53, 0x69, 0x67, 0x6d, 0x6f, 0x69, 0x64, 0x5f, 0x33, 0x35, 0x00, 0x00,
  0x02, 0x00, 0x00, 0x00, 0x01, 0x00, 0x00, 0x00, 0x18, 0x00, 0x00, 0x00,
  0x36, 0x6b, 0xff, 0xff, 0x00, 0x00, 0x00, 0x01, 0x18, 0x00, 0x00, 0x00,
  0x20, 0x00, 0x00, 0x00, 0x40, 0x00, 0x00, 0x00, 0xe4, 0x00, 0x00, 0x00,
  0x00, 0x00, 0x00, 0x09, 0x60, 0x00, 0x00, 0x00, 0x02, 0x00, 0x00, 0x00,
  0xff, 0xff, 0xff, 0xff, 0x18, 0x00, 0x00, 0x00, 0x1c, 0x6b, 0xff, 0xff,
  0x08, 0x00, 0x00, 0x00, 0x14, 0x00, 0x00, 0x00, 0x01, 0x00, 0x00, 0x00,
  0x80, 0xff, 0xff, 0xff, 0xff, 0xff, 0xff, 0xff, 0x00, 0x00, 0x00, 0x00,
  0x01, 0x00, 0x00, 0x00, 0x00, 0x00, 0x80, 0x3b, 0x26, 0x00, 0x00, 0x00,
  0x74, 0x65, 0x61, 0x63, 0x68, 0x65, 0x72, 0x5f, 0x6c, 0x73, 0x74, 0x6d,
  0x2f, 0x6c, 0x73, 0x74, 0x6d, 0x2f, 0x6c, 0x73, 0x74, 0x6d, 0x5f, 0x63,
  0x65, 0x6c, 0x6c, 0x2f, 0x53, 0x69, 0x67, 0x6d, 0x6f, 0x69, 0x64, 0x5f,
  0x33, 0x34, 0x00, 0x00, 0x02, 0x00, 0x00, 0x00, 0x01, 0x00, 0x00, 0x00,
  0x18, 0x00, 0x00, 0x00, 0xbe, 0x6b, 0xff, 0xff, 0x00, 0x00, 0x00, 0x01,
  0x18, 0x00, 0x00, 0x00, 0x20, 0x00, 0x00, 0x00, 0x40, 0x00, 0x00, 0x00,
  0xe3, 0x00, 0x00, 0x00, 0x00, 0x00, 0x00, 0x09, 0x60, 0x00, 0x00, 0x00,
  0x02, 0x00, 0x00, 0x00, 0xff, 0xff, 0xff, 0xff, 0x18, 0x00, 0x00, 0x00,
  0xa4, 0x6b, 0xff, 0xff, 0x08, 0x00, 0x00, 0x00, 0x14, 0x00, 0x00, 0x00,
  0x01, 0x00, 0x00, 0x00, 0x80, 0xff, 0xff, 0xff, 0xff, 0xff, 0xff, 0xff,
  0x00, 0x00, 0x00, 0x00, 0x01, 0x00, 0x00, 0x00, 0x00, 0x00, 0x80, 0x3b,
  0x26, 0x00, 0x00, 0x00, 0x74, 0x65, 0x61, 0x63, 0x68, 0x65, 0x72, 0x5f,
  0x6c, 0x73, 0x74, 0x6d, 0x2f, 0x6c, 0x73, 0x74, 0x6d, 0x2f, 0x6c, 0x73,
  0x74, 0x6d, 0x5f, 0x63, 0x65, 0x6c, 0x6c, 0x2f, 0x53, 0x69, 0x67, 0x6d,
  0x6f, 0x69, 0x64, 0x5f, 0x33, 0x33, 0x00, 0x00, 0x02, 0x00, 0x00, 0x00,
  0x01, 0x00, 0x00, 0x00, 0x18, 0x00, 0x00, 0x00, 0x46, 0x6c, 0xff, 0xff,
  0x00, 0x00, 0x00, 0x01, 0x18, 0x00, 0x00, 0x00, 0x20, 0x00, 0x00, 0x00,
  0x3c, 0x00, 0x00, 0x00, 0xe2, 0x00, 0x00, 0x00, 0x00, 0x00, 0x00, 0x09,
  0xd0, 0x00, 0x00, 0x00, 0x02, 0x00, 0x00, 0x00, 0xff, 0xff, 0xff, 0xff,
  0x18, 0x00, 0x00, 0x00, 0x2c, 0x6c, 0xff, 0xff, 0x08, 0x00, 0x00, 0x00,
  0x10, 0x00, 0x00, 0x00, 0x01, 0x00, 0x00, 0x00, 0xbd, 0xff, 0xff, 0xff,
  0xff, 0xff, 0xff, 0xff, 0x01, 0x00, 0x00, 0x00, 0xdb, 0x4c, 0x90, 0x3c,
  0x98, 0x00, 0x00, 0x00, 0x74, 0x65, 0x61, 0x63, 0x68, 0x65, 0x72, 0x5f,
  0x6c, 0x73, 0x74, 0x6d, 0x2f, 0x6c, 0x73, 0x74, 0x6d, 0x2f, 0x6c, 0x73,
  0x74, 0x6d, 0x5f, 0x63, 0x65, 0x6c, 0x6c, 0x2f, 0x73, 0x70, 0x6c, 0x69,
  0x74, 0x5f, 0x31, 0x31, 0x31, 0x3b, 0x74, 0x65, 0x61, 0x63, 0x68, 0x65,
  0x72, 0x5f, 0x6c, 0x73, 0x74, 0x6d, 0x2f, 0x6c, 0x73, 0x74, 0x6d, 0x2f,
  0x6c, 0x73, 0x74, 0x6d, 0x5f, 0x63, 0x65, 0x6c, 0x6c, 0x2f, 0x73, 0x70,
  0x6c, 0x69, 0x74, 0x5f, 0x31, 0x31, 0x32, 0x3b, 0x74, 0x65, 0x61, 0x63,
  0x68, 0x65, 0x72, 0x5f, 0x6c, 0x73, 0x74, 0x6d, 0x2f, 0x6c, 0x73, 0x74,
  0x6d, 0x2f, 0x6c, 0x73, 0x74, 0x6d, 0x5f, 0x63, 0x65, 0x6c, 0x6c, 0x2f,
  0x73, 0x70, 0x6c, 0x69, 0x74, 0x5f, 0x31, 0x31, 0x33, 0x3b, 0x74, 0x65,
  0x61, 0x63, 0x68, 0x65, 0x72, 0x5f, 0x6c, 0x73, 0x74, 0x6d, 0x2f, 0x6c,
  0x73, 0x74, 0x6d, 0x2f, 0x6c, 0x73, 0x74, 0x6d, 0x5f, 0x63, 0x65, 0x6c,
  0x6c, 0x2f, 0x73, 0x70, 0x6c, 0x69, 0x74, 0x5f, 0x31, 0x31, 0x34, 0x33,
  0x00, 0x00, 0x00, 0x00, 0x02, 0x00, 0x00, 0x00, 0x01, 0x00, 0x00, 0x00,
  0x18, 0x00, 0x00, 0x00, 0x3e, 0x6d, 0xff, 0xff, 0x00, 0x00, 0x00, 0x01,
  0x18, 0x00, 0x00, 0x00, 0x20, 0x00, 0x00, 0x00, 0x3c, 0x00, 0x00, 0x00,
  0xe1, 0x00, 0x00, 0x00, 0x00, 0x00, 0x00, 0x09, 0xd0, 0x00, 0x00, 0x00,
  0x02, 0x00, 0x00, 0x00, 0xff, 0xff, 0xff, 0xff, 0x18, 0x00, 0x00, 0x00,
  0x24, 0x6d, 0xff, 0xff, 0x08, 0x00, 0x00, 0x00, 0x10, 0x00, 0x00, 0x00,
  0x01, 0x00, 0x00, 0x00, 0xbd, 0xff, 0xff, 0xff, 0xff, 0xff, 0xff, 0xff,
  0x01, 0x00, 0x00, 0x00, 0xdb, 0x4c, 0x90, 0x3c, 0x98, 0x00, 0x00, 0x00,
  0x74, 0x65, 0x61, 0x63, 0x68, 0x65, 0x72, 0x5f, 0x6c, 0x73, 0x74, 0x6d,
  0x2f, 0x6c, 0x73, 0x74, 0x6d, 0x2f, 0x6c, 0x73, 0x74, 0x6d, 0x5f, 0x63,
  0x65, 0x6c, 0x6c, 0x2f, 0x73, 0x70, 0x6c, 0x69, 0x74, 0x5f, 0x31, 0x31,
  0x31, 0x3b, 0x74, 0x65, 0x61, 0x63, 0x68, 0x65, 0x72, 0x5f, 0x6c, 0x73,
  0x74, 0x6d, 0x2f, 0x6c, 0x73, 0x74, 0x6d, 0x2f, 0x6c, 0x73, 0x74, 0x6d,
  0x5f, 0x63, 0x65, 0x6c, 0x6c, 0x2f, 0x73, 0x70, 0x6c, 0x69, 0x74, 0x5f,
  0x31, 0x31, 0x32, 0x3b, 0x74, 0x65, 0x61, 0x63, 0x68, 0x65, 0x72, 0x5f,
  0x6c, 0x73, 0x74, 0x6d, 0x2f, 0x6c, 0x73, 0x74, 0x6d, 0x2f, 0x6c, 0x73,
  0x74, 0x6d, 0x5f, 0x63, 0x65, 0x6c, 0x6c, 0x2f, 0x73, 0x70, 0x6c, 0x69,
  0x74, 0x5f, 0x31, 0x31, 0x33, 0x3b, 0x74, 0x65, 0x61, 0x63, 0x68, 0x65,
  0x72, 0x5f, 0x6c, 0x73, 0x74, 0x6d, 0x2f, 0x6c, 0x73, 0x74, 0x6d, 0x2f,
  0x6c, 0x73, 0x74, 0x6d, 0x5f, 0x63, 0x65, 0x6c, 0x6c, 0x2f, 0x73, 0x70,
  0x6c, 0x69, 0x74, 0x5f, 0x31, 0x31, 0x34, 0x32, 0x00, 0x00, 0x00, 0x00,
  0x02, 0x00, 0x00, 0x00, 0x01, 0x00, 0x00, 0x00, 0x18, 0x00, 0x00, 0x00,
  0x36, 0x6e, 0xff, 0xff, 0x00, 0x00, 0x00, 0x01, 0x18, 0x00, 0x00, 0x00,
  0x20, 0x00, 0x00, 0x00, 0x3c, 0x00, 0x00, 0x00, 0xe0, 0x00, 0x00, 0x00,
  0x00, 0x00, 0x00, 0x09, 0xd0, 0x00, 0x00, 0x00, 0x02, 0x00, 0x00, 0x00,
  0xff, 0xff, 0xff, 0xff, 0x18, 0x00, 0x00, 0x00, 0x1c, 0x6e, 0xff, 0xff,
  0x08, 0x00, 0x00, 0x00, 0x10, 0x00, 0x00, 0x00, 0x01, 0x00, 0x00, 0x00,
  0xbd, 0xff, 0xff, 0xff, 0xff, 0xff, 0xff, 0xff, 0x01, 0x00, 0x00, 0x00,
  0xdb, 0x4c, 0x90, 0x3c, 0x98, 0x00, 0x00, 0x00, 0x74, 0x65, 0x61, 0x63,
  0x68, 0x65, 0x72, 0x5f, 0x6c, 0x73, 0x74, 0x6d, 0x2f, 0x6c, 0x73, 0x74,
  0x6d, 0x2f, 0x6c, 0x73, 0x74, 0x6d, 0x5f, 0x63, 0x65, 0x6c, 0x6c, 0x2f,
  0x73, 0x70, 0x6c, 0x69, 0x74, 0x5f, 0x31, 0x31, 0x31, 0x3b, 0x74, 0x65,
  0x61, 0x63, 0x68, 0x65, 0x72, 0x5f, 0x6c, 0x73, 0x74, 0x6d, 0x2f, 0x6c,
  0x73, 0x74, 0x6d, 0x2f, 0x6c, 0x73, 0x74, 0x6d, 0x5f, 0x63, 0x65, 0x6c,
  0x6c, 0x2f, 0x73, 0x70, 0x6c, 0x69, 0x74, 0x5f, 0x31, 0x31, 0x32, 0x3b,
  0x74, 0x65, 0x61, 0x63, 0x68, 0x65, 0x72, 0x5f, 0x6c, 0x73, 0x74, 0x6d,
  0x2f, 0x6c, 0x73, 0x74, 0x6d, 0x2f, 0x6c, 0x73, 0x74, 0x6d, 0x5f, 0x63,
  0x65, 0x6c, 0x6c, 0x2f, 0x73, 0x70, 0x6c, 0x69, 0x74, 0x5f, 0x31, 0x31,
  0x33, 0x3b, 0x74, 0x65, 0x61, 0x63, 0x68, 0x65, 0x72, 0x5f, 0x6c, 0x73,
  0x74, 0x6d, 0x2f, 0x6c, 0x73, 0x74, 0x6d, 0x2f, 0x6c, 0x73, 0x74, 0x6d,
  0x5f, 0x63, 0x65, 0x6c, 0x6c, 0x2f, 0x73, 0x70, 0x6c, 0x69, 0x74, 0x5f,
  0x31, 0x31, 0x34, 0x31, 0x00, 0x00, 0x00, 0x00, 0x02, 0x00, 0x00, 0x00,
  0x01, 0x00, 0x00, 0x00, 0x18, 0x00, 0x00, 0x00, 0x2e, 0x6f, 0xff, 0xff,
  0x00, 0x00, 0x00, 0x01, 0x18, 0x00, 0x00, 0x00, 0x20, 0x00, 0x00, 0x00,
  0x40, 0x00, 0x00, 0x00, 0xdf, 0x00, 0x00, 0x00, 0x00, 0x00, 0x00, 0x09,
  0xd0, 0x00, 0x00, 0x00, 0x02, 0x00, 0x00, 0x00, 0xff, 0xff, 0xff, 0xff,
  0x18, 0x00, 0x00, 0x00, 0x14, 0x6f, 0xff, 0xff, 0x08, 0x00, 0x00, 0x00,
  0x14, 0x00, 0x00, 0x00, 0x01, 0x00, 0x00, 0x00, 0xbd, 0xff, 0xff, 0xff,
  0xff, 0xff, 0xff, 0xff, 0x00, 0x00, 0x00, 0x00, 0x01, 0x00, 0x00, 0x00,
  0xdb, 0x4c, 0x90, 0x3c, 0x97, 0x00, 0x00, 0x00, 0x74, 0x65, 0x61, 0x63,
  0x68, 0x65, 0x72, 0x5f, 0x6c, 0x73, 0x74, 0x6d, 0x2f, 0x6c, 0x73, 0x74,
  0x6d, 0x2f, 0x6c, 0x73, 0x74, 0x6d, 0x5f, 0x63, 0x65, 0x6c, 0x6c, 0x2f,
  0x73, 0x70, 0x6c, 0x69, 0x74, 0x5f, 0x31, 0x31, 0x31, 0x3b, 0x74, 0x65,
  0x61, 0x63, 0x68, 0x65, 0x72, 0x5f, 0x6c, 0x73, 0x74, 0x6d, 0x2f, 0x6c,
  0x73, 0x74, 0x6d, 0x2f, 0x6c, 0x73, 0x74, 0x6d, 0x5f, 0x63, 0x65, 0x6c,
  0x6c, 0x2f, 0x73, 0x70, 0x6c, 0x69, 0x74, 0x5f, 0x31, 0x31, 0x32, 0x3b,
  0x74, 0x65, 0x61, 0x63, 0x68, 0x65, 0x72, 0x5f, 0x6c, 0x73, 0x74, 0x6d,
  0x2f, 0x6c, 0x73, 0x74, 0x6d, 0x2f, 0x6c, 0x73, 0x74, 0x6d, 0x5f, 0x63,
  0x65, 0x6c, 0x6c, 0x2f, 0x73, 0x70, 0x6c, 0x69, 0x74, 0x5f, 0x31, 0x31,
  0x33, 0x3b, 0x74, 0x65, 0x61, 0x63, 0x68, 0x65, 0x72, 0x5f, 0x6c, 0x73,
  0x74, 0x6d, 0x2f, 0x6c, 0x73, 0x74, 0x6d, 0x2f, 0x6c, 0x73, 0x74, 0x6d,
  0x5f, 0x63, 0x65, 0x6c, 0x6c, 0x2f, 0x73, 0x70, 0x6c, 0x69, 0x74, 0x5f,
  0x31, 0x31, 0x34, 0x00, 0x02, 0x00, 0x00, 0x00, 0x01, 0x00, 0x00, 0x00,
  0x18, 0x00, 0x00, 0x00, 0x26, 0x70, 0xff, 0xff, 0x00, 0x00, 0x00, 0x01,
  0x18, 0x00, 0x00, 0x00, 0x20, 0x00, 0x00, 0x00, 0x40, 0x00, 0x00, 0x00,
  0xde, 0x00, 0x00, 0x00, 0x00, 0x00, 0x00, 0x09, 0x60, 0x00, 0x00, 0x00,
  0x02, 0x00, 0x00, 0x00, 0xff, 0xff, 0xff, 0xff, 0x60, 0x00, 0x00, 0x00,
  0x0c, 0x70, 0xff, 0xff, 0x08, 0x00, 0x00, 0x00, 0x14, 0x00, 0x00, 0x00,
  0x01, 0x00, 0x00, 0x00, 0xbd, 0xff, 0xff, 0xff, 0xff, 0xff, 0xff, 0xff,
  0x00, 0x00, 0x00, 0x00, 0x01, 0x00, 0x00, 0x00, 0xdb, 0x4c, 0x90, 0x3c,
  0x26, 0x00, 0x00, 0x00, 0x74, 0x65, 0x61, 0x63, 0x68, 0x65, 0x72, 0x5f,
  0x6c, 0x73, 0x74, 0x6d, 0x2f, 0x6c, 0x73, 0x74, 0x6d, 0x2f, 0x6c, 0x73,
  0x74, 0x6d, 0x5f, 0x63, 0x65, 0x6c, 0x6c, 0x2f, 0x42, 0x69, 0x61, 0x73,
  0x41, 0x64, 0x64, 0x5f, 0x31, 0x31, 0x00, 0x00, 0x02, 0x00, 0x00, 0x00,
  0x01, 0x00, 0x00, 0x00, 0x60, 0x00, 0x00, 0x00, 0xae, 0x70, 0xff, 0xff,
  0x00, 0x00, 0x00, 0x01, 0x18, 0x00, 0x00, 0x00, 0x20, 0x00, 0x00, 0x00,
  0x3c, 0x00, 0x00, 0x00, 0xdd, 0x00, 0x00, 0x00, 0x00, 0x00, 0x00, 0x09,
  0x58, 0x00, 0x00, 0x00, 0x02, 0x00, 0x00, 0x00, 0xff, 0xff, 0xff, 0xff,
  0x60, 0x00, 0x00, 0x00, 0x94, 0x70, 0xff, 0xff, 0x08, 0x00, 0x00, 0x00,
  0x10, 0x00, 0x00, 0x00, 0x01, 0x00, 0x00, 0x00, 0xca, 0xff, 0xff, 0xff,
  0xff, 0xff, 0xff, 0xff, 0x01, 0x00, 0x00, 0x00, 0x28, 0xa7, 0x9a, 0x3c,
  0x22, 0x00, 0x00, 0x00, 0x74, 0x65, 0x61, 0x63, 0x68, 0x65, 0x72, 0x5f,
  0x6c, 0x73, 0x74, 0x6d, 0x2f, 0x6c, 0x73, 0x74, 0x6d, 0x2f, 0x6c, 0x73,
  0x74, 0x6d, 0x5f, 0x63, 0x65, 0x6c, 0x6c, 0x2f, 0x61, 0x64, 0x64, 0x5f,
  0x32, 0x32, 0x00, 0x00, 0x02, 0x00, 0x00, 0x00, 0x01, 0x00, 0x00, 0x00,
  0x60, 0x00, 0x00, 0x00, 0x2e, 0x71, 0xff, 0xff, 0x00, 0x00, 0x00, 0x01,
  0x18, 0x00, 0x00, 0x00, 0x20, 0x00, 0x00, 0x00, 0x40, 0x00, 0x00, 0x00,
  0xdc, 0x00, 0x00, 0x00, 0x00, 0x00, 0x00, 0x09, 0x60, 0x00, 0x00, 0x00,
  0x02, 0x00, 0x00, 0x00, 0xff, 0xff, 0xff, 0xff, 0x60, 0x00, 0x00, 0x00,
  0x14, 0x71, 0xff, 0xff, 0x08, 0x00, 0x00, 0x00, 0x14, 0x00, 0x00, 0x00,
  0x01, 0x00, 0x00, 0x00, 0xde, 0xff, 0xff, 0xff, 0xff, 0xff, 0xff, 0xff,
  0x00, 0x00, 0x00, 0x00, 0x01, 0x00, 0x00, 0x00, 0xf3, 0x99, 0x47, 0x3c,
  0x26, 0x00, 0x00, 0x00, 0x74, 0x65, 0x61, 0x63, 0x68, 0x65, 0x72, 0x5f,
  0x6c, 0x73, 0x74, 0x6d, 0x2f, 0x6c, 0x73, 0x74, 0x6d, 0x2f, 0x6c, 0x73,
  0x74, 0x6d, 0x5f, 0x63, 0x65, 0x6c, 0x6c, 0x2f, 0x4d, 0x61, 0x74, 0x4d,
  0x75, 0x6c, 0x5f, 0x32, 0x33, 0x31, 0x00, 0x00, 0x02, 0x00, 0x00, 0x00,
  0x01, 0x00, 0x00, 0x00, 0x60, 0x00, 0x00, 0x00, 0xb6, 0x71, 0xff, 0xff,
  0x00, 0x00, 0x00, 0x01, 0x18, 0x00, 0x00, 0x00, 0x20, 0x00, 0x00, 0x00,
  0x3c, 0x00, 0x00, 0x00, 0xdb, 0x00, 0x00, 0x00, 0x00, 0x00, 0x00, 0x09,
  0x58, 0x00, 0x00, 0x00, 0x02, 0x00, 0x00, 0x00, 0xff, 0xff, 0xff, 0xff,
  0x18, 0x00, 0x00, 0x00, 0x9c, 0x71, 0xff, 0xff, 0x08, 0x00, 0x00, 0x00,
  0x10, 0x00, 0x00, 0x00, 0x01, 0x00, 0x00, 0x00, 0x00, 0x00, 0x00, 0x00,
  0x00, 0x00, 0x00, 0x00, 0x01, 0x00, 0x00, 0x00, 0x32, 0x00, 0xe0, 0x3b,
  0x22, 0x00, 0x00, 0x00, 0x74, 0x65, 0x61, 0x63, 0x68, 0x65, 0x72, 0x5f,
  0x6c, 0x73, 0x74, 0x6d, 0x2f, 0x6c, 0x73, 0x74, 0x6d, 0x2f, 0x6c, 0x73,
  0x74, 0x6d, 0x5f, 0x63, 0x65, 0x6c, 0x6c, 0x2f, 0x6d, 0x75, 0x6c, 0x5f,
  0x33, 0x32, 0x00, 0x00, 0x02, 0x00, 0x00, 0x00, 0x01, 0x00, 0x00, 0x00,
  0x18, 0x00, 0x00, 0x00, 0x36, 0x72, 0xff, 0xff, 0x00, 0x00, 0x00, 0x01,
  0x18, 0x00, 0x00, 0x00, 0x20, 0x00, 0x00, 0x00, 0x3c, 0x00, 0x00, 0x00,
  0xda, 0x00, 0x00, 0x00, 0x00, 0x00, 0x00, 0x09, 0x58, 0x00, 0x00, 0x00,
  0x02, 0x00, 0x00, 0x00, 0xff, 0xff, 0xff, 0xff, 0x18, 0x00, 0x00, 0x00,
  0x1c, 0x72, 0xff, 0xff, 0x08, 0x00, 0x00, 0x00, 0x10, 0x00, 0x00, 0x00,
  0x01, 0x00, 0x00, 0x00, 0x00, 0x00, 0x00, 0x00, 0x00, 0x00, 0x00, 0x00,
  0x01, 0x00, 0x00, 0x00, 0x00, 0x00, 0x00, 0x3c, 0x23, 0x00, 0x00, 0x00,
  0x74, 0x65, 0x61, 0x63, 0x68, 0x65, 0x72, 0x5f, 0x6c, 0x73, 0x74, 0x6d,
  0x2f, 0x6c, 0x73, 0x74, 0x6d, 0x2f, 0x6c, 0x73, 0x74, 0x6d, 0x5f, 0x63,
  0x65, 0x6c, 0x6c, 0x2f, 0x54, 0x61, 0x6e, 0x68, 0x5f, 0x32, 0x31, 0x00,
  0x02, 0x00, 0x00, 0x00, 0x01, 0x00, 0x00, 0x00, 0x18, 0x00, 0x00, 0x00,
  0xb6, 0x72, 0xff, 0xff, 0x00, 0x00, 0x00, 0x01, 0x18, 0x00, 0x00, 0x00,
  0x20, 0x00, 0x00, 0x00, 0x3c, 0x00, 0x00, 0x00, 0xd9, 0x00, 0x00, 0x00,
  0x00, 0x00, 0x00, 0x09, 0x58, 0x00, 0x00, 0x00, 0x02, 0x00, 0x00, 0x00,
  0xff, 0xff, 0xff, 0xff, 0x18, 0x00, 0x00, 0x00, 0x9c, 0x72, 0xff, 0xff,
  0x08, 0x00, 0x00, 0x00, 0x10, 0x00, 0x00, 0x00, 0x01, 0x00, 0x00, 0x00,
  0xf1, 0xff, 0xff, 0xff, 0xff, 0xff, 0xff, 0xff, 0x01, 0x00, 0x00, 0x00,
  0x3a, 0x0e, 0xdf, 0x3c, 0x22, 0x00, 0x00, 0x00, 0x74, 0x65, 0x61, 0x63,
  0x68, 0x65, 0x72, 0x5f, 0x6c, 0x73, 0x74, 0x6d, 0x2f, 0x6c, 0x73, 0x74,
  0x6d, 0x2f, 0x6c, 0x73, 0x74, 0x6d, 0x5f, 0x63, 0x65, 0x6c, 0x6c, 0x2f,
  0x61, 0x64, 0x64, 0x5f, 0x32, 0x31, 0x00, 0x00, 0x02, 0x00, 0x00, 0x00,
  0x01, 0x00, 0x00, 0x00, 0x18, 0x00, 0x00, 0x00, 0x36, 0x73, 0xff, 0xff,
  0x00, 0x00, 0x00, 0x01, 0x18, 0x00, 0x00, 0x00, 0x20, 0x00, 0x00, 0x00,
  0x3c, 0x00, 0x00, 0x00, 0xd8, 0x00, 0x00, 0x00, 0x00, 0x00, 0x00, 0x09,
  0x58, 0x00, 0x00, 0x00, 0x02, 0x00, 0x00, 0x00, 0xff, 0xff, 0xff, 0xff,
  0x18, 0x00, 0x00, 0x00, 0x1c, 0x73, 0xff, 0xff, 0x08, 0x00, 0x00, 0x00,
  0x10, 0x00, 0x00, 0x00, 0x01, 0x00, 0x00, 0x00, 0xf1, 0xff, 0xff, 0xff,
  0xff, 0xff, 0xff, 0xff, 0x01, 0x00, 0x00, 0x00, 0x3a, 0x0e, 0xdf, 0x3c,
  0x22, 0x00, 0x00, 0x00, 0x74, 0x65, 0x61, 0x63, 0x68, 0x65, 0x72, 0x5f,
  0x6c, 0x73, 0x74, 0x6d, 0x2f, 0x6c, 0x73, 0x74, 0x6d, 0x2f, 0x6c, 0x73,
  0x74, 0x6d, 0x5f, 0x63, 0x65, 0x6c, 0x6c, 0x2f, 0x6d, 0x75, 0x6c, 0x5f,
  0x33, 0x30, 0x00, 0x00, 0x02, 0x00, 0x00, 0x00, 0x01, 0x00, 0x00, 0x00,
  0x18, 0x00, 0x00, 0x00, 0xb6, 0x73, 0xff, 0xff, 0x00, 0x00, 0x00, 0x01,
  0x18, 0x00, 0x00, 0x00, 0x20, 0x00, 0x00, 0x00, 0x3c, 0x00, 0x00, 0x00,
  0xd7, 0x00, 0x00, 0x00, 0x00, 0x00, 0x00, 0x09, 0x58, 0x00, 0x00, 0x00,
  0x02, 0x00, 0x00, 0x00, 0xff, 0xff, 0xff, 0xff, 0x18, 0x00, 0x00, 0x00,
  0x9c, 0x73, 0xff, 0xff, 0x08, 0x00, 0x00, 0x00, 0x10, 0x00, 0x00, 0x00,
  0x01, 0x00, 0x00, 0x00, 0x00, 0x00, 0x00, 0x00, 0x00, 0x00, 0x00, 0x00,
  0x01, 0x00, 0x00, 0x00, 0xaa, 0x25, 0xb7, 0x3b, 0x22, 0x00, 0x00, 0x00,
  0x74, 0x65, 0x61, 0x63, 0x68, 0x65, 0x72, 0x5f, 0x6c, 0x73, 0x74, 0x6d,
  0x2f, 0x6c, 0x73, 0x74, 0x6d, 0x2f, 0x6c, 0x73, 0x74, 0x6d, 0x5f, 0x63,
  0x65, 0x6c, 0x6c, 0x2f, 0x6d, 0x75, 0x6c, 0x5f, 0x33, 0x31, 0x00, 0x00,
  0x02, 0x00, 0x00, 0x00, 0x01, 0x00, 0x00, 0x00, 0x18, 0x00, 0x00, 0x00,
  0x36, 0x74, 0xff, 0xff, 0x00, 0x00, 0x00, 0x01, 0x18, 0x00, 0x00, 0x00,
  0x20, 0x00, 0x00, 0x00, 0x3c, 0x00, 0x00, 0x00, 0xd6, 0x00, 0x00, 0x00,
  0x00, 0x00, 0x00, 0x09, 0x58, 0x00, 0x00, 0x00, 0x02, 0x00, 0x00, 0x00,
  0xff, 0xff, 0xff, 0xff, 0x18, 0x00, 0x00, 0x00, 0x1c, 0x74, 0xff, 0xff,
  0x08, 0x00, 0x00, 0x00, 0x10, 0x00, 0x00, 0x00, 0x01, 0x00, 0x00, 0x00,
  0x00, 0x00, 0x00, 0x00, 0x00, 0x00, 0x00, 0x00, 0x01, 0x00, 0x00, 0x00,
  0x00, 0x00, 0x00, 0x3c, 0x23, 0x00, 0x00, 0x00, 0x74, 0x65, 0x61, 0x63,
  0x68, 0x65, 0x72, 0x5f, 0x6c, 0x73, 0x74, 0x6d, 0x2f, 0x6c, 0x73, 0x74,
  0x6d, 0x2f, 0x6c, 0x73, 0x74, 0x6d, 0x5f, 0x63, 0x65, 0x6c, 0x6c, 0x2f,
  0x54, 0x61, 0x6e, 0x68, 0x5f, 0x32, 0x30, 0x00, 0x02, 0x00, 0x00, 0x00,
  0x01, 0x00, 0x00, 0x00, 0x18, 0x00, 0x00, 0x00, 0xb6, 0x74, 0xff, 0xff,
  0x00, 0x00, 0x00, 0x01, 0x18, 0x00, 0x00, 0x00, 0x20, 0x00, 0x00, 0x00,
  0x40, 0x00, 0x00, 0x00, 0xd5, 0x00, 0x00, 0x00, 0x00, 0x00, 0x00, 0x09,
  0x60, 0x00, 0x00, 0x00, 0x02, 0x00, 0x00, 0x00, 0xff, 0xff, 0xff, 0xff,
  0x18, 0x00, 0x00, 0x00, 0x9c, 0x74, 0xff, 0xff, 0x08, 0x00, 0x00, 0x00,
  0x14, 0x00, 0x00, 0x00, 0x01, 0x00, 0x00, 0x00, 0x80, 0xff, 0xff, 0xff,
  0xff, 0xff, 0xff, 0xff, 0x00, 0x00, 0x00, 0x00, 0x01, 0x00, 0x00, 0x00,
  0x00, 0x00, 0x80, 0x3b, 0x26, 0x00, 0x00, 0x00, 0x74, 0x65, 0x61, 0x63,
  0x68, 0x65, 0x72, 0x5f, 0x6c, 0x73, 0x74, 0x6d, 0x2f, 0x6c, 0x73, 0x74,
  0x6d, 0x2f, 0x6c, 0x73, 0x74, 0x6d, 0x5f, 0x63, 0x65, 0x6c, 0x6c, 0x2f,
  0x53, 0x69, 0x67, 0x6d, 0x6f, 0x69, 0x64, 0x5f, 0x33, 0x32, 0x00, 0x00,
  0x02, 0x00, 0x00, 0x00, 0x01, 0x00, 0x00, 0x00, 0x18, 0x00, 0x00, 0x00,
  0x3e, 0x75, 0xff, 0xff, 0x00, 0x00, 0x00, 0x01, 0x18, 0x00, 0x00, 0x00,
  0x20, 0x00, 0x00, 0x00, 0x40, 0x00, 0x00, 0x00, 0xd4, 0x00, 0x00, 0x00,
  0x00, 0x00, 0x00, 0x09, 0x60, 0x00, 0x00, 0x00, 0x02, 0x00, 0x00, 0x00,
  0xff, 0xff, 0xff, 0xff, 0x18, 0x00, 0x00, 0x00, 0x24, 0x75, 0xff, 0xff,
  0x08, 0x00, 0x00, 0x00, 0x14, 0x00, 0x00, 0x00, 0x01, 0x00, 0x00, 0x00,
  0x80, 0xff, 0xff, 0xff, 0xff, 0xff, 0xff, 0xff, 0x00, 0x00, 0x00, 0x00,
  0x01, 0x00, 0x00, 0x00, 0x00, 0x00, 0x80, 0x3b, 0x26, 0x00, 0x00, 0x00,
  0x74, 0x65, 0x61, 0x63, 0x68, 0x65, 0x72, 0x5f, 0x6c, 0x73, 0x74, 0x6d,
  0x2f, 0x6c, 0x73, 0x74, 0x6d, 0x2f, 0x6c, 0x73, 0x74, 0x6d, 0x5f, 0x63,
  0x65, 0x6c, 0x6c, 0x2f, 0x53, 0x69, 0x67, 0x6d, 0x6f, 0x69, 0x64, 0x5f,
  0x33, 0x31, 0x00, 0x00, 0x02, 0x00, 0x00, 0x00, 0x01, 0x00, 0x00, 0x00,
  0x18, 0x00, 0x00, 0x00, 0xc6, 0x75, 0xff, 0xff, 0x00, 0x00, 0x00, 0x01,
  0x18, 0x00, 0x00, 0x00, 0x20, 0x00, 0x00, 0x00, 0x40, 0x00, 0x00, 0x00,
  0xd3, 0x00, 0x00, 0x00, 0x00, 0x00, 0x00, 0x09, 0x60, 0x00, 0x00, 0x00,
  0x02, 0x00, 0x00, 0x00, 0xff, 0xff, 0xff, 0xff, 0x18, 0x00, 0x00, 0x00,
  0xac, 0x75, 0xff, 0xff, 0x08, 0x00, 0x00, 0x00, 0x14, 0x00, 0x00, 0x00,
  0x01, 0x00, 0x00, 0x00, 0x80, 0xff, 0xff, 0xff, 0xff, 0xff, 0xff, 0xff,
  0x00, 0x00, 0x00, 0x00, 0x01, 0x00, 0x00, 0x00, 0x00, 0x00, 0x80, 0x3b,
  0x26, 0x00, 0x00, 0x00, 0x74, 0x65, 0x61, 0x63, 0x68, 0x65, 0x72, 0x5f,
  0x6c, 0x73, 0x74, 0x6d, 0x2f, 0x6c, 0x73, 0x74, 0x6d, 0x2f, 0x6c, 0x73,
  0x74, 0x6d, 0x5f, 0x63, 0x65, 0x6c, 0x6c, 0x2f, 0x53, 0x69, 0x67, 0x6d,
  0x6f, 0x69, 0x64, 0x5f, 0x33, 0x30, 0x00, 0x00, 0x02, 0x00, 0x00, 0x00,
  0x01, 0x00, 0x00, 0x00, 0x18, 0x00, 0x00, 0x00, 0x4e, 0x76, 0xff, 0xff,
  0x00, 0x00, 0x00, 0x01, 0x18, 0x00, 0x00, 0x00, 0x20, 0x00, 0x00, 0x00,
  0x40, 0x00, 0x00, 0x00, 0xd2, 0x00, 0x00, 0x00, 0x00, 0x00, 0x00, 0x09,
  0xd0, 0x00, 0x00, 0x00, 0x02, 0x00, 0x00, 0x00, 0xff, 0xff, 0xff, 0xff,
  0x18, 0x00, 0x00, 0x00, 0x34, 0x76, 0xff, 0xff, 0x08, 0x00, 0x00, 0x00,
  0x14, 0x00, 0x00, 0x00, 0x01, 0x00, 0x00, 0x00, 0xbd, 0xff, 0xff, 0xff,
  0xff, 0xff, 0xff, 0xff, 0x00, 0x00, 0x00, 0x00, 0x01, 0x00, 0x00, 0x00,
  0x95, 0x88, 0x90, 0x3c, 0x97, 0x00, 0x00, 0x00, 0x74, 0x65, 0x61, 0x63,
  0x68, 0x65, 0x72, 0x5f, 0x6c, 0x73, 0x74, 0x6d, 0x2f, 0x6c, 0x73, 0x74,
  0x6d, 0x2f, 0x6c, 0x73, 0x74, 0x6d, 0x5f, 0x63, 0x65, 0x6c, 0x6c, 0x2f,
  0x73, 0x70, 0x6c, 0x69, 0x74, 0x5f, 0x31, 0x30, 0x3b, 0x74, 0x65, 0x61,
  0x63, 0x68, 0x65, 0x72, 0x5f, 0x6c, 0x73, 0x74, 0x6d, 0x2f, 0x6c, 0x73,
  0x74, 0x6d, 0x2f, 0x6c, 0x73, 0x74, 0x6d, 0x5f, 0x63, 0x65, 0x6c, 0x6c,
  0x2f, 0x73, 0x70, 0x6c, 0x69, 0x74, 0x5f, 0x31, 0x30, 0x31, 0x3b, 0x74,
  0x65, 0x61, 0x63, 0x68, 0x65, 0x72, 0x5f, 0x6c, 0x73, 0x74, 0x6d, 0x2f,
  0x6c, 0x73, 0x74, 0x6d, 0x2f, 0x6c, 0x73, 0x74, 0x6d, 0x5f, 0x63, 0x65,
  0x6c, 0x6c, 0x2f, 0x73, 0x70, 0x6c, 0x69, 0x74, 0x5f, 0x31, 0x30, 0x32,
  0x3b, 0x74, 0x65, 0x61, 0x63, 0x68, 0x65, 0x72, 0x5f, 0x6c, 0x73, 0x74,
  0x6d, 0x2f, 0x6c, 0x73, 0x74, 0x6d, 0x2f, 0x6c, 0x73, 0x74, 0x6d, 0x5f,
  0x63, 0x65, 0x6c, 0x6c, 0x2f, 0x73, 0x70, 0x6c, 0x69, 0x74, 0x5f, 0x31,
  0x30, 0x33, 0x33, 0x00, 0x02, 0x00, 0x00, 0x00, 0x01, 0x00, 0x00, 0x00,
  0x18, 0x00, 0x00, 0x00, 0x46, 0x77, 0xff, 0xff, 0x00, 0x00, 0x00, 0x01,
  0x18, 0x00, 0x00, 0x00, 0x20, 0x00, 0x00, 0x00, 0x40, 0x00, 0x00, 0x00,
  0xd1, 0x00, 0x00, 0x00, 0x00, 0x00, 0x00, 0x09, 0xd0, 0x00, 0x00, 0x00,
  0x02, 0x00, 0x00, 0x00, 0xff, 0xff, 0xff, 0xff, 0x18, 0x00, 0x00, 0x00,
  0x2c, 0x77, 0xff, 0xff, 0x08, 0x00, 0x00, 0x00, 0x14, 0x00, 0x00, 0x00,
  0x01, 0x00, 0x00, 0x00, 0xbd, 0xff, 0xff, 0xff, 0xff, 0xff, 0xff, 0xff,
  0x00, 0x00, 0x00, 0x00, 0x01, 0x00, 0x00, 0x00, 0x95, 0x88, 0x90, 0x3c,
  0x97, 0x00, 0x00, 0x00, 0x74, 0x65, 0x61, 0x63, 0x68, 0x65, 0x72, 0x5f,
  0x6c, 0x73, 0x74, 0x6d, 0x2f, 0x6c, 0x73, 0x74, 0x6d, 0x2f, 0x6c, 0x73,
  0x74, 0x6d, 0x5f, 0x63, 0x65, 0x6c, 0x6c, 0x2f, 0x73, 0x70, 0x6c, 0x69,
  0x74, 0x5f, 0x31, 0x30, 0x3b, 0x74, 0x65, 0x61, 0x63, 0x68, 0x65, 0x72,
  0x5f, 0x6c, 0x73, 0x74, 0x6d, 0x2f, 0x6c, 0x73, 0x74, 0x6d, 0x2f, 0x6c,
  0x73, 0x74, 0x6d, 0x5f, 0x63, 0x65, 0x6c, 0x6c, 0x2f, 0x73, 0x70, 0x6c,
  0x69, 0x74, 0x5f, 0x31, 0x30, 0x31, 0x3b, 0x74, 0x65, 0x61, 0x63, 0x68,
  0x65, 0x72, 0x5f, 0x6c, 0x73, 0x74, 0x6d, 0x2f, 0x6c, 0x73, 0x74, 0x6d,
  0x2f, 0x6c, 0x73, 0x74, 0x6d, 0x5f, 0x63, 0x65, 0x6c, 0x6c, 0x2f, 0x73,
  0x70, 0x6c, 0x69, 0x74, 0x5f, 0x31, 0x30, 0x32, 0x3b, 0x74, 0x65, 0x61,
  0x63, 0x68, 0x65, 0x72, 0x5f, 0x6c, 0x73, 0x74, 0x6d, 0x2f, 0x6c, 0x73,
  0x74, 0x6d, 0x2f, 0x6c, 0x73, 0x74, 0x6d, 0x5f, 0x63, 0x65, 0x6c, 0x6c,
  0x2f, 0x73, 0x70, 0x6c, 0x69, 0x74, 0x5f, 0x31, 0x30, 0x33, 0x32, 0x00,
  0x02, 0x00, 0x00, 0x00, 0x01, 0x00, 0x00, 0x00, 0x18, 0x00, 0x00, 0x00,
  0x3e, 0x78, 0xff, 0xff, 0x00, 0x00, 0x00, 0x01, 0x18, 0x00, 0x00, 0x00,
  0x20, 0x00, 0x00, 0x00, 0x40, 0x00, 0x00, 0x00, 0xd0, 0x00, 0x00, 0x00,
  0x00, 0x00, 0x00, 0x09, 0xd0, 0x00, 0x00, 0x00, 0x02, 0x00, 0x00, 0x00,
  0xff, 0xff, 0xff, 0xff, 0x18, 0x00, 0x00, 0x00, 0x24, 0x78, 0xff, 0xff,
  0x08, 0x00, 0x00, 0x00, 0x14, 0x00, 0x00, 0x00, 0x01, 0x00, 0x00, 0x00,
  0xbd, 0xff, 0xff, 0xff, 0xff, 0xff, 0xff, 0xff, 0x00, 0x00, 0x00, 0x00,
  0x01, 0x00, 0x00, 0x00, 0x95, 0x88, 0x90, 0x3c, 0x97, 0x00, 0x00, 0x00,
  0x74, 0x65, 0x61, 0x63, 0x68, 0x65, 0x72, 0x5f, 0x6c, 0x73, 0x74, 0x6d,
  0x2f, 0x6c, 0x73, 0x74, 0x6d, 0x2f, 0x6c, 0x73, 0x74, 0x6d, 0x5f, 0x63,
  0x65, 0x6c, 0x6c, 0x2f, 0x73, 0x70, 0x6c, 0x69, 0x74, 0x5f, 0x31, 0x30,
  0x3b, 0x74, 0x65, 0x61, 0x63, 0x68, 0x65, 0x72, 0x5f, 0x6c, 0x73, 0x74,
  0x6d, 0x2f, 0x6c, 0x73, 0x74, 0x6d, 0x2f, 0x6c, 0x73, 0x74, 0x6d, 0x5f,
  0x63, 0x65, 0x6c, 0x6c, 0x2f, 0x73, 0x70, 0x6c, 0x69, 0x74, 0x5f, 0x31,
  0x30, 0x31, 0x3b, 0x74, 0x65, 0x61, 0x63, 0x68, 0x65, 0x72, 0x5f, 0x6c,
  0x73, 0x74, 0x6d, 0x2f, 0x6c, 0x73, 0x74, 0x6d, 0x2f, 0x6c, 0x73, 0x74,
  0x6d, 0x5f, 0x63, 0x65, 0x6c, 0x6c, 0x2f, 0x73, 0x70, 0x6c, 0x69, 0x74,
  0x5f, 0x31, 0x30, 0x32, 0x3b, 0x74, 0x65, 0x61, 0x63, 0x68, 0x65, 0x72,
  0x5f, 0x6c, 0x73, 0x74, 0x6d, 0x2f, 0x6c, 0x73, 0x74, 0x6d, 0x2f, 0x6c,
  0x73, 0x74, 0x6d, 0x5f, 0x63, 0x65, 0x6c, 0x6c, 0x2f, 0x73, 0x70, 0x6c,
  0x69, 0x74, 0x5f, 0x31, 0x30, 0x33, 0x31, 0x00, 0x02, 0x00, 0x00, 0x00,
  0x01, 0x00, 0x00, 0x00, 0x18, 0x00, 0x00, 0x00, 0x36, 0x79, 0xff, 0xff,
  0x00, 0x00, 0x00, 0x01, 0x18, 0x00, 0x00, 0x00, 0x20, 0x00, 0x00, 0x00,
  0x40, 0x00, 0x00, 0x00, 0xcf, 0x00, 0x00, 0x00, 0x00, 0x00, 0x00, 0x09,
  0xd0, 0x00, 0x00, 0x00, 0x02, 0x00, 0x00, 0x00, 0xff, 0xff, 0xff, 0xff,
  0x18, 0x00, 0x00, 0x00, 0x1c, 0x79, 0xff, 0xff, 0x08, 0x00, 0x00, 0x00,
  0x14, 0x00, 0x00, 0x00, 0x01, 0x00, 0x00, 0x00, 0xbd, 0xff, 0xff, 0xff,
  0xff, 0xff, 0xff, 0xff, 0x00, 0x00, 0x00, 0x00, 0x01, 0x00, 0x00, 0x00,
  0x95, 0x88, 0x90, 0x3c, 0x96, 0x00, 0x00, 0x00, 0x74, 0x65, 0x61, 0x63,
  0x68, 0x65, 0x72, 0x5f, 0x6c, 0x73, 0x74, 0x6d, 0x2f, 0x6c, 0x73, 0x74,
  0x6d, 0x2f, 0x6c, 0x73, 0x74, 0x6d, 0x5f, 0x63, 0x65, 0x6c, 0x6c, 0x2f,
  0x73, 0x70, 0x6c, 0x69, 0x74, 0x5f, 0x31, 0x30, 0x3b, 0x74, 0x65, 0x61,
  0x63, 0x68, 0x65, 0x72, 0x5f, 0x6c, 0x73, 0x74, 0x6d, 0x2f, 0x6c, 0x73,
  0x74, 0x6d, 0x2f, 0x6c, 0x73, 0x74, 0x6d, 0x5f, 0x63, 0x65, 0x6c, 0x6c,
  0x2f, 0x73, 0x70, 0x6c, 0x69, 0x74, 0x5f, 0x31, 0x30, 0x31, 0x3b, 0x74,
  0x65, 0x61, 0x63, 0x68, 0x65, 0x72, 0x5f, 0x6c, 0x73, 0x74, 0x6d, 0x2f,
  0x6c, 0x73, 0x74, 0x6d, 0x2f, 0x6c, 0x73, 0x74, 0x6d, 0x5f, 0x63, 0x65,
  0x6c, 0x6c, 0x2f, 0x73, 0x70, 0x6c, 0x69, 0x74, 0x5f, 0x31, 0x30, 0x32,
  0x3b, 0x74, 0x65, 0x61, 0x63, 0x68, 0x65, 0x72, 0x5f, 0x6c, 0x73, 0x74,
  0x6d, 0x2f, 0x6c, 0x73, 0x74, 0x6d, 0x2f, 0x6c, 0x73, 0x74, 0x6d, 0x5f,
  0x63, 0x65, 0x6c, 0x6c, 0x2f, 0x73, 0x70, 0x6c, 0x69, 0x74, 0x5f, 0x31,
  0x30, 0x33, 0x00, 0x00, 0x02, 0x00, 0x00, 0x00, 0x01, 0x00, 0x00, 0x00,
  0x18, 0x00, 0x00, 0x00, 0x2e, 0x7a, 0xff, 0xff, 0x00, 0x00, 0x00, 0x01,
  0x18, 0x00, 0x00, 0x00, 0x20, 0x00, 0x00, 0x00, 0x40, 0x00, 0x00, 0x00,
  0xce, 0x00, 0x00, 0x00, 0x00, 0x00, 0x00, 0x09, 0x60, 0x00, 0x00, 0x00,
  0x02, 0x00, 0x00, 0x00, 0xff, 0xff, 0xff, 0xff, 0x60, 0x00, 0x00, 0x00,
  0x14, 0x7a, 0xff, 0xff, 0x08, 0x00, 0x00, 0x00, 0x14, 0x00, 0x00, 0x00,
  0x01, 0x00, 0x00, 0x00, 0xbd, 0xff, 0xff, 0xff, 0xff, 0xff, 0xff, 0xff,
  0x00, 0x00, 0x00, 0x00, 0x01, 0x00, 0x00, 0x00, 0x95, 0x88, 0x90, 0x3c,
  0x26, 0x00, 0x00, 0x00, 0x74, 0x65, 0x61, 0x63, 0x68, 0x65, 0x72, 0x5f,
  0x6c, 0x73, 0x74, 0x6d, 0x2f, 0x6c, 0x73, 0x74, 0x6d, 0x2f, 0x6c, 0x73,
  0x74, 0x6d, 0x5f, 0x63, 0x65, 0x6c, 0x6c, 0x2f, 0x42, 0x69, 0x61, 0x73,
  0x41, 0x64, 0x64, 0x5f, 0x31, 0x30, 0x00, 0x00, 0x02, 0x00, 0x00, 0x00,
  0x01, 0x00, 0x00, 0x00, 0x60, 0x00, 0x00, 0x00, 0xb6, 0x7a, 0xff, 0xff,
  0x00, 0x00, 0x00, 0x01, 0x18, 0x00, 0x00, 0x00, 0x20, 0x00, 0x00, 0x00,
  0x3c, 0x00, 0x00, 0x00, 0xcd, 0x00, 0x00, 0x00, 0x00, 0x00, 0x00, 0x09,
  0x58, 0x00, 0x00, 0x00, 0x02, 0x00, 0x00, 0x00, 0xff, 0xff, 0xff, 0xff,
  0x60, 0x00, 0x00, 0x00, 0x9c, 0x7a, 0xff, 0xff, 0x08, 0x00, 0x00, 0x00,
  0x10, 0x00, 0x00, 0x00, 0x01, 0x00, 0x00, 0x00, 0xca, 0xff, 0xff, 0xff,
  0xff, 0xff, 0xff, 0xff, 0x01, 0x00, 0x00, 0x00, 0xce, 0xe9, 0x9a, 0x3c,
  0x22, 0x00, 0x00, 0x00, 0x74, 0x65, 0x61, 0x63, 0x68, 0x65, 0x72, 0x5f,
  0x6c, 0x73, 0x74, 0x6d, 0x2f, 0x6c, 0x73, 0x74, 0x6d, 0x2f, 0x6c, 0x73,
  0x74, 0x6d, 0x5f, 0x63, 0x65, 0x6c, 0x6c, 0x2f, 0x61, 0x64, 0x64, 0x5f,
  0x32, 0x30, 0x00, 0x00, 0x02, 0x00, 0x00, 0x00, 0x01, 0x00, 0x00, 0x00,
  0x60, 0x00, 0x00, 0x00, 0x36, 0x7b, 0xff, 0xff, 0x00, 0x00, 0x00, 0x01,
  0x18, 0x00, 0x00, 0x00, 0x20, 0x00, 0x00, 0x00, 0x40, 0x00, 0x00, 0x00,
  0xcc, 0x00, 0x00, 0x00, 0x00, 0x00, 0x00, 0x09, 0x60, 0x00, 0x00, 0x00,
  0x02, 0x00, 0x00, 0x00, 0xff, 0xff, 0xff, 0xff, 0x60, 0x00, 0x00, 0x00,
  0x1c, 0x7b, 0xff, 0xff, 0x08, 0x00, 0x00, 0x00, 0x14, 0x00, 0x00, 0x00,
  0x01, 0x00, 0x00, 0x00, 0xde, 0xff, 0xff, 0xff, 0xff, 0xff, 0xff, 0xff,
  0x00, 0x00, 0x00, 0x00, 0x01, 0x00, 0x00, 0x00, 0x2d, 0x71, 0x46, 0x3c,
  0x25, 0x00, 0x00, 0x00, 0x74, 0x65, 0x61, 0x63, 0x68, 0x65, 0x72, 0x5f,
  0x6c, 0x73, 0x74, 0x6d, 0x2f, 0x6c, 0x73, 0x74, 0x6d, 0x2f, 0x6c, 0x73,
  0x74, 0x6d, 0x5f, 0x63, 0x65, 0x6c, 0x6c, 0x2f, 0x4d, 0x61, 0x74, 0x4d,
  0x75, 0x6c, 0x5f, 0x32, 0x31, 0x00, 0x00, 0x00, 0x02, 0x00, 0x00, 0x00,
  0x01, 0x00, 0x00, 0x00, 0x60, 0x00, 0x00, 0x00, 0xbe, 0x7b, 0xff, 0xff,
  0x00, 0x00, 0x00, 0x01, 0x18, 0x00, 0x00, 0x00, 0x20, 0x00, 0x00, 0x00,
  0x3c, 0x00, 0x00, 0x00, 0xcb, 0x00, 0x00, 0x00, 0x00, 0x00, 0x00, 0x09,
  0x58, 0x00, 0x00, 0x00, 0x02, 0x00, 0x00, 0x00, 0xff, 0xff, 0xff, 0xff,
  0x18, 0x00, 0x00, 0x00, 0xa4, 0x7b, 0xff, 0xff, 0x08, 0x00, 0x00, 0x00,
  0x10, 0x00, 0x00, 0x00, 0x01, 0x00, 0x00, 0x00, 0x00, 0x00, 0x00, 0x00,
  0x00, 0x00, 0x00, 0x00, 0x01, 0x00, 0x00, 0x00, 0x12, 0xa2, 0xdf, 0x3b,
  0x22, 0x00, 0x00, 0x00, 0x74, 0x65, 0x61, 0x63, 0x68, 0x65, 0x72, 0x5f,
  0x6c, 0x73, 0x74, 0x6d, 0x2f, 0x6c, 0x73, 0x74, 0x6d, 0x2f, 0x6c, 0x73,
  0x74, 0x6d, 0x5f, 0x63, 0x65, 0x6c, 0x6c, 0x2f, 0x6d, 0x75, 0x6c, 0x5f,
  0x32, 0x39, 0x00, 0x00, 0x02, 0x00, 0x00, 0x00, 0x01, 0x00, 0x00, 0x00,
  0x18, 0x00, 0x00, 0x00, 0x3e, 0x7c, 0xff, 0xff, 0x00, 0x00, 0x00, 0x01,
  0x18, 0x00, 0x00, 0x00, 0x20, 0x00, 0x00, 0x00, 0x3c, 0x00, 0x00, 0x00,
  0xca, 0x00, 0x00, 0x00, 0x00, 0x00, 0x00, 0x09, 0x58, 0x00, 0x00, 0x00,
  0x02, 0x00, 0x00, 0x00, 0xff, 0xff, 0xff, 0xff, 0x18, 0x00, 0x00, 0x00,
  0x24, 0x7c, 0xff, 0xff, 0x08, 0x00, 0x00, 0x00, 0x10, 0x00, 0x00, 0x00,
  0x01, 0x00, 0x00, 0x00, 0x00, 0x00, 0x00, 0x00, 0x00, 0x00, 0x00, 0x00,
  0x01, 0x00, 0x00, 0x00, 0x00, 0x00, 0x00, 0x3c, 0x23, 0x00, 0x00, 0x00,
  0x74, 0x65, 0x61, 0x63, 0x68, 0x65, 0x72, 0x5f, 0x6c, 0x73, 0x74, 0x6d,
  0x2f, 0x6c, 0x73, 0x74, 0x6d, 0x2f, 0x6c, 0x73, 0x74, 0x6d, 0x5f, 0x63,
  0x65, 0x6c, 0x6c, 0x2f, 0x54, 0x61, 0x6e, 0x68, 0x5f, 0x31, 0x39, 0x00,
  0x02, 0x00, 0x00, 0x00, 0x01, 0x00, 0x00, 0x00, 0x18, 0x00, 0x00, 0x00,
  0xbe, 0x7c, 0xff, 0xff, 0x00, 0x00, 0x00, 0x01, 0x18, 0x00, 0x00, 0x00,
  0x20, 0x00, 0x00, 0x00, 0x3c, 0x00, 0x00, 0x00, 0xc9, 0x00, 0x00, 0x00,
  0x00, 0x00, 0x00, 0x09, 0x58, 0x00, 0x00, 0x00, 0x02, 0x00, 0x00, 0x00,
  0xff, 0xff, 0xff, 0xff, 0x18, 0x00, 0x00, 0x00, 0xa4, 0x7c, 0xff, 0xff,
  0x08, 0x00, 0x00, 0x00, 0x10, 0x00, 0x00, 0x00, 0x01, 0x00, 0x00, 0x00,
  0xef, 0xff, 0xff, 0xff, 0xff, 0xff, 0xff, 0xff, 0x01, 0x00, 0x00, 0x00,
  0xfd, 0xf4, 0xca, 0x3c, 0x22, 0x00, 0x00, 0x00, 0x74, 0x65, 0x61, 0x63,
  0x68, 0x65, 0x72, 0x5f, 0x6c, 0x73, 0x74, 0x6d, 0x2f, 0x6c, 0x73, 0x74,
  0x6d, 0x2f, 0x6c, 0x73, 0x74, 0x6d, 0x5f, 0x63, 0x65, 0x6c, 0x6c, 0x2f,
  0x61, 0x64, 0x64, 0x5f, 0x31, 0x39, 0x00, 0x00, 0x02, 0x00, 0x00, 0x00,
  0x01, 0x00, 0x00, 0x00, 0x18, 0x00, 0x00, 0x00, 0x3e, 0x7d, 0xff, 0xff,
  0x00, 0x00, 0x00, 0x01, 0x18, 0x00, 0x00, 0x00, 0x20, 0x00, 0x00, 0x00,
  0x3c, 0x00, 0x00, 0x00, 0xc8, 0x00, 0x00, 0x00, 0x00, 0x00, 0x00, 0x09,
  0x58, 0x00, 0x00, 0x00, 0x02, 0x00, 0x00, 0x00, 0xff, 0xff, 0xff, 0xff,
  0x18, 0x00, 0x00, 0x00, 0x24, 0x7d, 0xff, 0xff, 0x08, 0x00, 0x00, 0x00,
  0x10, 0x00, 0x00, 0x00, 0x01, 0x00, 0x00, 0x00, 0xef, 0xff, 0xff, 0xff,
  0xff, 0xff, 0xff, 0xff, 0x01, 0x00, 0x00, 0x00, 0xfd, 0xf4, 0xca, 0x3c,
  0x22, 0x00, 0x00, 0x00, 0x74, 0x65, 0x61, 0x63, 0x68, 0x65, 0x72, 0x5f,
  0x6c, 0x73, 0x74, 0x6d, 0x2f, 0x6c, 0x73, 0x74, 0x6d, 0x2f, 0x6c, 0x73,
  0x74, 0x6d, 0x5f, 0x63, 0x65, 0x6c, 0x6c, 0x2f, 0x6d, 0x75, 0x6c, 0x5f,
  0x32, 0x37, 0x00, 0x00, 0x02, 0x00, 0x00, 0x00, 0x01, 0x00, 0x00, 0x00,
  0x18, 0x00, 0x00, 0x00, 0xbe, 0x7d, 0xff, 0xff, 0x00, 0x00, 0x00, 0x01,
  0x18, 0x00, 0x00, 0x00, 0x20, 0x00, 0x00, 0x00, 0x3c, 0x00, 0x00, 0x00,
  0xc7, 0x00, 0x00, 0x00, 0x00, 0x00, 0x00, 0x09, 0x58, 0x00, 0x00, 0x00,
  0x02, 0x00, 0x00, 0x00, 0xff, 0xff, 0xff, 0xff, 0x18, 0x00, 0x00, 0x00,
  0xa4, 0x7d, 0xff, 0xff, 0x08, 0x00, 0x00, 0x00, 0x10, 0x00, 0x00, 0x00,
  0x01, 0x00, 0x00, 0x00, 0x01, 0x00, 0x00, 0x00, 0x00, 0x00, 0x00, 0x00,
  0x01, 0x00, 0x00, 0x00, 0x1c, 0xd5, 0xb6, 0x3b, 0x22, 0x00, 0x00, 0x00,
  0x74, 0x65, 0x61, 0x63, 0x68, 0x65, 0x72, 0x5f, 0x6c, 0x73, 0x74, 0x6d,
  0x2f, 0x6c, 0x73, 0x74, 0x6d, 0x2f, 0x6c, 0x73, 0x74, 0x6d, 0x5f, 0x63,
  0x65, 0x6c, 0x6c, 0x2f, 0x6d, 0x75, 0x6c, 0x5f, 0x32, 0x38, 0x00, 0x00,
  0x02, 0x00, 0x00, 0x00, 0x01, 0x00, 0x00, 0x00, 0x18, 0x00, 0x00, 0x00,
  0x3e, 0x7e, 0xff, 0xff, 0x00, 0x00, 0x00, 0x01, 0x18, 0x00, 0x00, 0x00,
  0x20, 0x00, 0x00, 0x00, 0x3c, 0x00, 0x00, 0x00, 0xc6, 0x00, 0x00, 0x00,
  0x00, 0x00, 0x00, 0x09, 0x58, 0x00, 0x00, 0x00, 0x02, 0x00, 0x00, 0x00,
  0xff, 0xff, 0xff, 0xff, 0x18, 0x00, 0x00, 0x00, 0x24, 0x7e, 0xff, 0xff,
  0x08, 0x00, 0x00, 0x00, 0x10, 0x00, 0x00, 0x00, 0x01, 0x00, 0x00, 0x00,
  0x00, 0x00, 0x00, 0x00, 0x00, 0x00, 0x00, 0x00, 0x01, 0x00, 0x00, 0x00,
  0x00, 0x00, 0x00, 0x3c, 0x23, 0x00, 0x00, 0x00, 0x74, 0x65, 0x61, 0x63,
  0x68, 0x65, 0x72, 0x5f, 0x6c, 0x73, 0x74, 0x6d, 0x2f, 0x6c, 0x73, 0x74,
  0x6d, 0x2f, 0x6c, 0x73, 0x74, 0x6d, 0x5f, 0x63, 0x65, 0x6c, 0x6c, 0x2f,
  0x54, 0x61, 0x6e, 0x68, 0x5f, 0x31, 0x38, 0x00, 0x02, 0x00, 0x00, 0x00,
  0x01, 0x00, 0x00, 0x00, 0x18, 0x00, 0x00, 0x00, 0xbe, 0x7e, 0xff, 0xff,
  0x00, 0x00, 0x00, 0x01, 0x18, 0x00, 0x00, 0x00, 0x20, 0x00, 0x00, 0x00,
  0x40, 0x00, 0x00, 0x00, 0xc5, 0x00, 0x00, 0x00, 0x00, 0x00, 0x00, 0x09,
  0x60, 0x00, 0x00, 0x00, 0x02, 0x00, 0x00, 0x00, 0xff, 0xff, 0xff, 0xff,
  0x18, 0x00, 0x00, 0x00, 0xa4, 0x7e, 0xff, 0xff, 0x08, 0x00, 0x00, 0x00,
  0x14, 0x00, 0x00, 0x00, 0x01, 0x00, 0x00, 0x00, 0x80, 0xff, 0xff, 0xff,
  0xff, 0xff, 0xff, 0xff, 0x00, 0x00, 0x00, 0x00, 0x01, 0x00, 0x00, 0x00,
  0x00, 0x00, 0x80, 0x3b, 0x26, 0x00, 0x00, 0x00, 0x74, 0x65, 0x61, 0x63,
  0x68, 0x65, 0x72, 0x5f, 0x6c, 0x73, 0x74, 0x6d, 0x2f, 0x6c, 0x73, 0x74,
  0x6d, 0x2f, 0x6c, 0x73, 0x74, 0x6d, 0x5f, 0x63, 0x65, 0x6c, 0x6c, 0x2f,
  0x53, 0x69, 0x67, 0x6d, 0x6f, 0x69, 0x64, 0x5f, 0x32, 0x39, 0x00, 0x00,
  0x02, 0x00, 0x00, 0x00, 0x01, 0x00, 0x00, 0x00, 0x18, 0x00, 0x00, 0x00,
  0x46, 0x7f, 0xff, 0xff, 0x00, 0x00, 0x00, 0x01, 0x18, 0x00, 0x00, 0x00,
  0x20, 0x00, 0x00, 0x00, 0x40, 0x00, 0x00, 0x00, 0xc4, 0x00, 0x00, 0x00,
  0x00, 0x00, 0x00, 0x09, 0x60, 0x00, 0x00, 0x00, 0x02, 0x00, 0x00, 0x00,
  0xff, 0xff, 0xff, 0xff, 0x18, 0x00, 0x00, 0x00, 0x2c, 0x7f, 0xff, 0xff,
  0x08, 0x00, 0x00, 0x00, 0x14, 0x00, 0x00, 0x00, 0x01, 0x00, 0x00, 0x00,
  0x80, 0xff, 0xff, 0xff, 0xff, 0xff, 0xff, 0xff, 0x00, 0x00, 0x00, 0x00,
  0x01, 0x00, 0x00, 0x00, 0x00, 0x00, 0x80, 0x3b, 0x26, 0x00, 0x00, 0x00,
  0x74, 0x65, 0x61, 0x63, 0x68, 0x65, 0x72, 0x5f, 0x6c, 0x73, 0x74, 0x6d,
  0x2f, 0x6c, 0x73, 0x74, 0x6d, 0x2f, 0x6c, 0x73, 0x74, 0x6d, 0x5f, 0x63,
  0x65, 0x6c, 0x6c, 0x2f, 0x53, 0x69, 0x67, 0x6d, 0x6f, 0x69, 0x64, 0x5f,
  0x32, 0x38, 0x00, 0x00, 0x02, 0x00, 0x00, 0x00, 0x01, 0x00, 0x00, 0x00,
  0x18, 0x00, 0x00, 0x00, 0xce, 0x7f, 0xff, 0xff, 0x00, 0x00, 0x00, 0x01,
  0x18, 0x00, 0x00, 0x00, 0x20, 0x00, 0x00, 0x00, 0x40, 0x00, 0x00, 0x00,
  0xc3, 0x00, 0x00, 0x00, 0x00, 0x00, 0x00, 0x09, 0x60, 0x00, 0x00, 0x00,
  0x02, 0x00, 0x00, 0x00, 0xff, 0xff, 0xff, 0xff, 0x18, 0x00, 0x00, 0x00,
  0xb4, 0x7f, 0xff, 0xff, 0x08, 0x00, 0x00, 0x00, 0x14, 0x00, 0x00, 0x00,
  0x01, 0x00, 0x00, 0x00, 0x80, 0xff, 0xff, 0xff, 0xff, 0xff, 0xff, 0xff,
  0x00, 0x00, 0x00, 0x00, 0x01, 0x00, 0x00, 0x00, 0x00, 0x00, 0x80, 0x3b,
  0x26, 0x00, 0x00, 0x00, 0x74, 0x65, 0x61, 0x63, 0x68, 0x65, 0x72, 0x5f,
  0x6c, 0x73, 0x74, 0x6d, 0x2f, 0x6c, 0x73, 0x74, 0x6d, 0x2f, 0x6c, 0x73,
  0x74, 0x6d, 0x5f, 0x63, 0x65, 0x6c, 0x6c, 0x2f, 0x53, 0x69, 0x67, 0x6d,
  0x6f, 0x69, 0x64, 0x5f, 0x32, 0x37, 0x00, 0x00, 0x02, 0x00, 0x00, 0x00,
  0x01, 0x00, 0x00, 0x00, 0x18, 0x00, 0x00, 0x00, 0x56, 0x80, 0xff, 0xff,
  0x00, 0x00, 0x00, 0x01, 0x18, 0x00, 0x00, 0x00, 0x20, 0x00, 0x00, 0x00,
  0x3c, 0x00, 0x00, 0x00, 0xc2, 0x00, 0x00, 0x00, 0x00, 0x00, 0x00, 0x09,
  0xc8, 0x00, 0x00, 0x00, 0x02, 0x00, 0x00, 0x00, 0xff, 0xff, 0xff, 0xff,
  0x18, 0x00, 0x00, 0x00, 0x3c, 0x80, 0xff, 0xff, 0x08, 0x00, 0x00, 0x00,
  0x10, 0x00, 0x00, 0x00, 0x01, 0x00, 0x00, 0x00, 0xbe, 0xff, 0xff, 0xff,
  0xff, 0xff, 0xff, 0xff, 0x01, 0x00, 0x00, 0x00, 0xd7, 0x8e, 0x90, 0x3c,
  0x93, 0x00, 0x00, 0x00, 0x74, 0x65, 0x61, 0x63, 0x68, 0x65, 0x72, 0x5f,
  0x6c, 0x73, 0x74, 0x6d, 0x2f, 0x6c, 0x73, 0x74, 0x6d, 0x2f, 0x6c, 0x73,
  0x74, 0x6d, 0x5f, 0x63, 0x65, 0x6c, 0x6c, 0x2f, 0x73, 0x70, 0x6c, 0x69,
  0x74, 0x5f, 0x39, 0x3b, 0x74, 0x65, 0x61, 0x63, 0x68, 0x65, 0x72, 0x5f,
  0x6c, 0x73, 0x74, 0x6d, 0x2f, 0x6c, 0x73, 0x74, 0x6d, 0x2f, 0x6c, 0x73,
  0x74, 0x6d, 0x5f, 0x63, 0x65, 0x6c, 0x6c, 0x2f, 0x73, 0x70, 0x6c, 0x69,
  0x74, 0x5f, 0x39, 0x31, 0x3b, 0x74, 0x65, 0x61, 0x63, 0x68, 0x65, 0x72,
  0x5f, 0x6c, 0x73, 0x74, 0x6d, 0x2f, 0x6c, 0x73, 0x74, 0x6d, 0x2f, 0x6c,
  0x73, 0x74, 0x6d, 0x5f, 0x63, 0x65, 0x6c, 0x6c, 0x2f, 0x73, 0x70, 0x6c,
  0x69, 0x74, 0x5f, 0x39, 0x32, 0x3b, 0x74, 0x65, 0x61, 0x63, 0x68, 0x65,
  0x72, 0x5f, 0x6c, 0x73, 0x74, 0x6d, 0x2f, 0x6c, 0x73, 0x74, 0x6d, 0x2f,
  0x6c, 0x73, 0x74, 0x6d, 0x5f, 0x63, 0x65, 0x6c, 0x6c, 0x2f, 0x73, 0x70,
  0x6c, 0x69, 0x74, 0x5f, 0x39, 0x33, 0x33, 0x00, 0x02, 0x00, 0x00, 0x00,
  0x01, 0x00, 0x00, 0x00, 0x18, 0x00, 0x00, 0x00, 0x46, 0x81, 0xff, 0xff,
  0x00, 0x00, 0x00, 0x01, 0x18, 0x00, 0x00, 0x00, 0x20, 0x00, 0x00, 0x00,
  0x3c, 0x00, 0x00, 0x00, 0xc1, 0x00, 0x00, 0x00, 0x00, 0x00, 0x00, 0x09,
  0xc8, 0x00, 0x00, 0x00, 0x02, 0x00, 0x00, 0x00, 0xff, 0xff, 0xff, 0xff,
  0x18, 0x00, 0x00, 0x00, 0x2c, 0x81, 0xff, 0xff, 0x08, 0x00, 0x00, 0x00,
  0x10, 0x00, 0x00, 0x00, 0x01, 0x00, 0x00, 0x00, 0xbe, 0xff, 0xff, 0xff,
  0xff, 0xff, 0xff, 0xff, 0x01, 0x00, 0x00, 0x00, 0xd7, 0x8e, 0x90, 0x3c,
  0x93, 0x00, 0x00, 0x00, 0x74, 0x65, 0x61, 0x63, 0x68, 0x65, 0x72, 0x5f,
  0x6c, 0x73, 0x74, 0x6d, 0x2f, 0x6c, 0x73, 0x74, 0x6d, 0x2f, 0x6c, 0x73,
  0x74, 0x6d, 0x5f, 0x63, 0x65, 0x6c, 0x6c, 0x2f, 0x73, 0x70, 0x6c, 0x69,
  0x74, 0x5f, 0x39, 0x3b, 0x74, 0x65, 0x61, 0x63, 0x68, 0x65, 0x72, 0x5f,
  0x6c, 0x73, 0x74, 0x6d, 0x2f, 0x6c, 0x73, 0x74, 0x6d, 0x2f, 0x6c, 0x73,
  0x74, 0x6d, 0x5f, 0x63, 0x65, 0x6c, 0x6c, 0x2f, 0x73, 0x70, 0x6c, 0x69,
  0x74, 0x5f, 0x39, 0x31, 0x3b, 0x74, 0x65, 0x61, 0x63, 0x68, 0x65, 0x72,
  0x5f, 0x6c, 0x73, 0x74, 0x6d, 0x2f, 0x6c, 0x73, 0x74, 0x6d, 0x2f, 0x6c,
  0x73, 0x74, 0x6d, 0x5f, 0x63, 0x65, 0x6c, 0x6c, 0x2f, 0x73, 0x70, 0x6c,
  0x69, 0x74, 0x5f, 0x39, 0x32, 0x3b, 0x74, 0x65, 0x61, 0x63, 0x68, 0x65,
  0x72, 0x5f, 0x6c, 0x73, 0x74, 0x6d, 0x2f, 0x6c, 0x73, 0x74, 0x6d, 0x2f,
  0x6c, 0x73, 0x74, 0x6d, 0x5f, 0x63, 0x65, 0x6c, 0x6c, 0x2f, 0x73, 0x70,
  0x6c, 0x69, 0x74, 0x5f, 0x39, 0x33, 0x32, 0x00, 0x02, 0x00, 0x00, 0x00,
  0x01, 0x00, 0x00, 0x00, 0x18, 0x00, 0x00, 0x00, 0x36, 0x82, 0xff, 0xff,
  0x00, 0x00, 0x00, 0x01, 0x18, 0x00, 0x00, 0x00, 0x20, 0x00, 0x00, 0x00,
  0x3c, 0x00, 0x00, 0x00, 0xc0, 0x00, 0x00, 0x00, 0x00, 0x00, 0x00, 0x09,
  0xc8, 0x00, 0x00, 0x00, 0x02, 0x00, 0x00, 0x00, 0xff, 0xff, 0xff, 0xff,
  0x18, 0x00, 0x00, 0x00, 0x1c, 0x82, 0xff, 0xff, 0x08, 0x00, 0x00, 0x00,
  0x10, 0x00, 0x00, 0x00, 0x01, 0x00, 0x00, 0x00, 0xbe, 0xff, 0xff, 0xff,
  0xff, 0xff, 0xff, 0xff, 0x01, 0x00, 0x00, 0x00, 0xd7, 0x8e, 0x90, 0x3c,
  0x93, 0x00, 0x00, 0x00, 0x74, 0x65, 0x61, 0x63, 0x68, 0x65, 0x72, 0x5f,
  0x6c, 0x73, 0x74, 0x6d, 0x2f, 0x6c, 0x73, 0x74, 0x6d, 0x2f, 0x6c, 0x73,
  0x74, 0x6d, 0x5f, 0x63, 0x65, 0x6c, 0x6c, 0x2f, 0x73, 0x70, 0x6c, 0x69,
  0x74, 0x5f, 0x39, 0x3b, 0x74, 0x65, 0x61, 0x63, 0x68, 0x65, 0x72, 0x5f,
  0x6c, 0x73, 0x74, 0x6d, 0x2f, 0x6c, 0x73, 0x74, 0x6d, 0x2f, 0x6c, 0x73,
  0x74, 0x6d, 0x5f, 0x63, 0x65, 0x6c, 0x6c, 0x2f, 0x73, 0x70, 0x6c, 0x69,
  0x74, 0x5f, 0x39, 0x31, 0x3b, 0x74, 0x65, 0x61, 0x63, 0x68, 0x65, 0x72,
  0x5f, 0x6c, 0x73, 0x74, 0x6d, 0x2f, 0x6c, 0x73, 0x74, 0x6d, 0x2f, 0x6c,
  0x73, 0x74, 0x6d, 0x5f, 0x63, 0x65, 0x6c, 0x6c, 0x2f, 0x73, 0x70, 0x6c,
  0x69, 0x74, 0x5f, 0x39, 0x32, 0x3b, 0x74, 0x65, 0x61, 0x63, 0x68, 0x65,
  0x72, 0x5f, 0x6c, 0x73, 0x74, 0x6d, 0x2f, 0x6c, 0x73, 0x74, 0x6d, 0x2f,
  0x6c, 0x73, 0x74, 0x6d, 0x5f, 0x63, 0x65, 0x6c, 0x6c, 0x2f, 0x73, 0x70,
  0x6c, 0x69, 0x74, 0x5f, 0x39, 0x33, 0x31, 0x00, 0x02, 0x00, 0x00, 0x00,
  0x01, 0x00, 0x00, 0x00, 0x18, 0x00, 0x00, 0x00, 0x26, 0x83, 0xff, 0xff,
  0x00, 0x00, 0x00, 0x01, 0x18, 0x00, 0x00, 0x00, 0x20, 0x00, 0x00, 0x00,
  0x3c, 0x00, 0x00, 0x00, 0xbf, 0x00, 0x00, 0x00, 0x00, 0x00, 0x00, 0x09,
  0xc8, 0x00, 0x00, 0x00, 0x02, 0x00, 0x00, 0x00, 0xff, 0xff, 0xff, 0xff,
  0x18, 0x00, 0x00, 0x00, 0x0c, 0x83, 0xff, 0xff, 0x08, 0x00, 0x00, 0x00,
  0x10, 0x00, 0x00, 0x00, 0x01, 0x00, 0x00, 0x00, 0xbe, 0xff, 0xff, 0xff,
  0xff, 0xff, 0xff, 0xff, 0x01, 0x00, 0x00, 0x00, 0xd7, 0x8e, 0x90, 0x3c,
  0x92, 0x00, 0x00, 0x00, 0x74, 0x65, 0x61, 0x63, 0x68, 0x65, 0x72, 0x5f,
  0x6c, 0x73, 0x74, 0x6d, 0x2f, 0x6c, 0x73, 0x74, 0x6d, 0x2f, 0x6c, 0x73,
  0x74, 0x6d, 0x5f, 0x63, 0x65, 0x6c, 0x6c, 0x2f, 0x73, 0x70, 0x6c, 0x69,
  0x74, 0x5f, 0x39, 0x3b, 0x74, 0x65, 0x61, 0x63, 0x68, 0x65, 0x72, 0x5f,
  0x6c, 0x73, 0x74, 0x6d, 0x2f, 0x6c, 0x73, 0x74, 0x6d, 0x2f, 0x6c, 0x73,
  0x74, 0x6d, 0x5f, 0x63, 0x65, 0x6c, 0x6c, 0x2f, 0x73, 0x70, 0x6c, 0x69,
  0x74, 0x5f, 0x39, 0x31, 0x3b, 0x74, 0x65, 0x61, 0x63, 0x68, 0x65, 0x72,
  0x5f, 0x6c, 0x73, 0x74, 0x6d, 0x2f, 0x6c, 0x73, 0x74, 0x6d, 0x2f, 0x6c,
  0x73, 0x74, 0x6d, 0x5f, 0x63, 0x65, 0x6c, 0x6c, 0x2f, 0x73, 0x70, 0x6c,
  0x69, 0x74, 0x5f, 0x39, 0x32, 0x3b, 0x74, 0x65, 0x61, 0x63, 0x68, 0x65,
  0x72, 0x5f, 0x6c, 0x73, 0x74, 0x6d, 0x2f, 0x6c, 0x73, 0x74, 0x6d, 0x2f,
  0x6c, 0x73, 0x74, 0x6d, 0x5f, 0x63, 0x65, 0x6c, 0x6c, 0x2f, 0x73, 0x70,
  0x6c, 0x69, 0x74, 0x5f, 0x39, 0x33, 0x00, 0x00, 0x02, 0x00, 0x00, 0x00,
  0x01, 0x00, 0x00, 0x00, 0x18, 0x00, 0x00, 0x00, 0x16, 0x84, 0xff, 0xff,
  0x00, 0x00, 0x00, 0x01, 0x18, 0x00, 0x00, 0x00, 0x20, 0x00, 0x00, 0x00,
  0x40, 0x00, 0x00, 0x00, 0xbe, 0x00, 0x00, 0x00, 0x00, 0x00, 0x00, 0x09,
  0x60, 0x00, 0x00, 0x00, 0x02, 0x00, 0x00, 0x00, 0xff, 0xff, 0xff, 0xff,
  0x60, 0x00, 0x00, 0x00, 0xfc, 0x83, 0xff, 0xff, 0x08, 0x00, 0x00, 0x00,
  0x14, 0x00, 0x00, 0x00, 0x01, 0x00, 0x00, 0x00, 0xbe, 0xff, 0xff, 0xff,
  0xff, 0xff, 0xff, 0xff, 0x00, 0x00, 0x00, 0x00, 0x01, 0x00, 0x00, 0x00,
  0xd7, 0x8e, 0x90, 0x3c, 0x25, 0x00, 0x00, 0x00, 0x74, 0x65, 0x61, 0x63,
  0x68, 0x65, 0x72, 0x5f, 0x6c, 0x73, 0x74, 0x6d, 0x2f, 0x6c, 0x73, 0x74,
  0x6d, 0x2f, 0x6c, 0x73, 0x74, 0x6d, 0x5f, 0x63, 0x65, 0x6c, 0x6c, 0x2f,
  0x42, 0x69, 0x61, 0x73, 0x41, 0x64, 0x64, 0x5f, 0x39, 0x00, 0x00, 0x00,
  0x02, 0x00, 0x00, 0x00, 0x01, 0x00, 0x00, 0x00, 0x60, 0x00, 0x00, 0x00,
  0x9e, 0x84, 0xff, 0xff, 0x00, 0x00, 0x00, 0x01, 0x18, 0x00, 0x00, 0x00,
  0x20, 0x00, 0x00, 0x00, 0x3c, 0x00, 0x00, 0x00, 0xbd, 0x00, 0x00, 0x00,
  0x00, 0x00, 0x00, 0x09, 0x58, 0x00, 0x00, 0x00, 0x02, 0x00, 0x00, 0x00,
  0xff, 0xff, 0xff, 0xff, 0x60, 0x00, 0x00, 0x00, 0x84, 0x84, 0xff, 0xff,
  0x08, 0x00, 0x00, 0x00, 0x10, 0x00, 0x00, 0x00, 0x01, 0x00, 0x00, 0x00,
  0xcb, 0xff, 0xff, 0xff, 0xff, 0xff, 0xff, 0xff, 0x01, 0x00, 0x00, 0x00,
  0x46, 0x13, 0x9b, 0x3c, 0x22, 0x00, 0x00, 0x00, 0x74, 0x65, 0x61, 0x63,
  0x68, 0x65, 0x72, 0x5f, 0x6c, 0x73, 0x74, 0x6d, 0x2f, 0x6c, 0x73, 0x74,
  0x6d, 0x2f, 0x6c, 0x73, 0x74, 0x6d, 0x5f, 0x63, 0x65, 0x6c, 0x6c, 0x2f,
  0x61, 0x64, 0x64, 0x5f, 0x31, 0x38, 0x00, 0x00, 0x02, 0x00, 0x00, 0x00,
  0x01, 0x00, 0x00, 0x00, 0x60, 0x00, 0x00, 0x00, 0x1e, 0x85, 0xff, 0xff,
  0x00, 0x00, 0x00, 0x01, 0x18, 0x00, 0x00, 0x00, 0x20, 0x00, 0x00, 0x00,
  0x40, 0x00, 0x00, 0x00, 0xbc, 0x00, 0x00, 0x00, 0x00, 0x00, 0x00, 0x09,
  0x60, 0x00, 0x00, 0x00, 0x02, 0x00, 0x00, 0x00, 0xff, 0xff, 0xff, 0xff,
  0x60, 0x00, 0x00, 0x00, 0x04, 0x85, 0xff, 0xff, 0x08, 0x00, 0x00, 0x00,
  0x14, 0x00, 0x00, 0x00, 0x01, 0x00, 0x00, 0x00, 0xde, 0xff, 0xff, 0xff,
  0xff, 0xff, 0xff, 0xff, 0x00, 0x00, 0x00, 0x00, 0x01, 0x00, 0x00, 0x00,
  0x37, 0xfb, 0x43, 0x3c, 0x25, 0x00, 0x00, 0x00, 0x74, 0x65, 0x61, 0x63,
  0x68, 0x65, 0x72, 0x5f, 0x6c, 0x73, 0x74, 0x6d, 0x2f, 0x6c, 0x73, 0x74,
  0x6d, 0x2f, 0x6c, 0x73, 0x74, 0x6d, 0x5f, 0x63, 0x65, 0x6c, 0x6c, 0x2f,
  0x4d, 0x61, 0x74, 0x4d, 0x75, 0x6c, 0x5f, 0x31, 0x39, 0x00, 0x00, 0x00,
  0x02, 0x00, 0x00, 0x00, 0x01, 0x00, 0x00, 0x00, 0x60, 0x00, 0x00, 0x00,
  0xa6, 0x85, 0xff, 0xff, 0x00, 0x00, 0x00, 0x01, 0x18, 0x00, 0x00, 0x00,
  0x20, 0x00, 0x00, 0x00, 0x3c, 0x00, 0x00, 0x00, 0xbb, 0x00, 0x00, 0x00,
  0x00, 0x00, 0x00, 0x09, 0x58, 0x00, 0x00, 0x00, 0x02, 0x00, 0x00, 0x00,
  0xff, 0xff, 0xff, 0xff, 0x18, 0x00, 0x00, 0x00, 0x8c, 0x85, 0xff, 0xff,
  0x08, 0x00, 0x00, 0x00, 0x10, 0x00, 0x00, 0x00, 0x01, 0x00, 0x00, 0x00,
  0x00, 0x00, 0x00, 0x00, 0x00, 0x00, 0x00, 0x00, 0x01, 0x00, 0x00, 0x00,
  0xd0, 0xf3, 0xde, 0x3b, 0x22, 0x00, 0x00, 0x00, 0x74, 0x65, 0x61, 0x63,
  0x68, 0x65, 0x72, 0x5f, 0x6c, 0x73, 0x74, 0x6d, 0x2f, 0x6c, 0x73, 0x74,
  0x6d, 0x2f, 0x6c, 0x73, 0x74, 0x6d, 0x5f, 0x63, 0x65, 0x6c, 0x6c, 0x2f,
  0x6d, 0x75, 0x6c, 0x5f, 0x32, 0x36, 0x00, 0x00, 0x02, 0x00, 0x00, 0x00,
  0x01, 0x00, 0x00, 0x00, 0x18, 0x00, 0x00, 0x00, 0x26, 0x86, 0xff, 0xff,
  0x00, 0x00, 0x00, 0x01, 0x18, 0x00, 0x00, 0x00, 0x20, 0x00, 0x00, 0x00,
  0x3c, 0x00, 0x00, 0x00, 0xba, 0x00, 0x00, 0x00, 0x00, 0x00, 0x00, 0x09,
  0x58, 0x00, 0x00, 0x00, 0x02, 0x00, 0x00, 0x00, 0xff, 0xff, 0xff, 0xff,
  0x18, 0x00, 0x00, 0x00, 0x0c, 0x86, 0xff, 0xff, 0x08, 0x00, 0x00, 0x00,
  0x10, 0x00, 0x00, 0x00, 0x01, 0x00, 0x00, 0x00, 0x00, 0x00, 0x00, 0x00,
  0x00, 0x00, 0x00, 0x00, 0x01, 0x00, 0x00, 0x00, 0x00, 0x00, 0x00, 0x3c,
  0x23, 0x00, 0x00, 0x00, 0x74, 0x65, 0x61, 0x63, 0x68, 0x65, 0x72, 0x5f,
  0x6c, 0x73, 0x74, 0x6d, 0x2f, 0x6c, 0x73, 0x74, 0x6d, 0x2f, 0x6c, 0x73,
  0x74, 0x6d, 0x5f, 0x63, 0x65, 0x6c, 0x6c, 0x2f, 0x54, 0x61, 0x6e, 0x68,
  0x5f, 0x31, 0x37, 0x00, 0x02, 0x00, 0x00, 0x00, 0x01, 0x00, 0x00, 0x00,
  0x18, 0x00, 0x00, 0x00, 0xa6, 0x86, 0xff, 0xff, 0x00, 0x00, 0x00, 0x01,
  0x18, 0x00, 0x00, 0x00, 0x20, 0x00, 0x00, 0x00, 0x3c, 0x00, 0x00, 0x00,
  0xb9, 0x00, 0x00, 0x00, 0x00, 0x00, 0x00, 0x09, 0x58, 0x00, 0x00, 0x00,
  0x02, 0x00, 0x00, 0x00, 0xff, 0xff, 0xff, 0xff, 0x18, 0x00, 0x00, 0x00,
  0x8c, 0x86, 0xff, 0xff, 0x08, 0x00, 0x00, 0x00, 0x10, 0x00, 0x00, 0x00,
  0x01, 0x00, 0x00, 0x00, 0xed, 0xff, 0xff, 0xff, 0xff, 0xff, 0xff, 0xff,
  0x01, 0x00, 0x00, 0x00, 0xb0, 0x67, 0xb7, 0x3c, 0x22, 0x00, 0x00, 0x00,
  0x74, 0x65, 0x61, 0x63, 0x68, 0x65, 0x72, 0x5f, 0x6c, 0x73, 0x74, 0x6d,
  0x2f, 0x6c, 0x73, 0x74, 0x6d, 0x2f, 0x6c, 0x73, 0x74, 0x6d, 0x5f, 0x63,
  0x65, 0x6c, 0x6c, 0x2f, 0x61, 0x64, 0x64, 0x5f, 0x31, 0x37, 0x00, 0x00,
  0x02, 0x00, 0x00, 0x00, 0x01, 0x00, 0x00, 0x00, 0x18, 0x00, 0x00, 0x00,
  0x26, 0x87, 0xff, 0xff, 0x00, 0x00, 0x00, 0x01, 0x18, 0x00, 0x00, 0x00,
  0x20, 0x00, 0x00, 0x00, 0x3c, 0x00, 0x00, 0x00, 0xb8, 0x00, 0x00, 0x00,
  0x00, 0x00, 0x00, 0x09, 0x58, 0x00, 0x00, 0x00, 0x02, 0x00, 0x00, 0x00,
  0xff, 0xff, 0xff, 0xff, 0x18, 0x00, 0x00, 0x00, 0x0c, 0x87, 0xff, 0xff,
  0x08, 0x00, 0x00, 0x00, 0x10, 0x00, 0x00, 0x00, 0x01, 0x00, 0x00, 0x00,
  0xed, 0xff, 0xff, 0xff, 0xff, 0xff, 0xff, 0xff, 0x01, 0x00, 0x00, 0x00,
  0xb0, 0x67, 0xb7, 0x3c, 0x22, 0x00, 0x00, 0x00, 0x74, 0x65, 0x61, 0x63,
  0x68, 0x65, 0x72, 0x5f, 0x6c, 0x73, 0x74, 0x6d, 0x2f, 0x6c, 0x73, 0x74,
  0x6d, 0x2f, 0x6c, 0x73, 0x74, 0x6d, 0x5f, 0x63, 0x65, 0x6c, 0x6c, 0x2f,
  0x6d, 0x75, 0x6c, 0x5f, 0x32, 0x34, 0x00, 0x00, 0x02, 0x00, 0x00, 0x00,
  0x01, 0x00, 0x00, 0x00, 0x18, 0x00, 0x00, 0x00, 0xa6, 0x87, 0xff, 0xff,
  0x00, 0x00, 0x00, 0x01, 0x18, 0x00, 0x00, 0x00, 0x20, 0x00, 0x00, 0x00,
  0x3c, 0x00, 0x00, 0x00, 0xb7, 0x00, 0x00, 0x00, 0x00, 0x00, 0x00, 0x09,
  0x58, 0x00, 0x00, 0x00, 0x02, 0x00, 0x00, 0x00, 0xff, 0xff, 0xff, 0xff,
  0x18, 0x00, 0x00, 0x00, 0x8c, 0x87, 0xff, 0xff, 0x08, 0x00, 0x00, 0x00,
  0x10, 0x00, 0x00, 0x00, 0x01, 0x00, 0x00, 0x00, 0x02, 0x00, 0x00, 0x00,
  0x00, 0x00, 0x00, 0x00, 0x01, 0x00, 0x00, 0x00, 0xdc, 0x07, 0xb6, 0x3b,
  0x22, 0x00, 0x00, 0x00, 0x74, 0x65, 0x61, 0x63, 0x68, 0x65, 0x72, 0x5f,
  0x6c, 0x73, 0x74, 0x6d, 0x2f, 0x6c, 0x73, 0x74, 0x6d, 0x2f, 0x6c, 0x73,
  0x74, 0x6d, 0x5f, 0x63, 0x65, 0x6c, 0x6c, 0x2f, 0x6d, 0x75, 0x6c, 0x5f,
  0x32, 0x35, 0x00, 0x00, 0x02, 0x00, 0x00, 0x00, 0x01, 0x00, 0x00, 0x00,
  0x18, 0x00, 0x00, 0x00, 0x26, 0x88, 0xff, 0xff, 0x00, 0x00, 0x00, 0x01,
  0x18, 0x00, 0x00, 0x00, 0x20, 0x00, 0x00, 0x00, 0x3c, 0x00, 0x00, 0x00,
  0xb6, 0x00, 0x00, 0x00, 0x00, 0x00, 0x00, 0x09, 0x58, 0x00, 0x00, 0x00,
  0x02, 0x00, 0x00, 0x00, 0xff, 0xff, 0xff, 0xff, 0x18, 0x00, 0x00, 0x00,
  0x0c, 0x88, 0xff, 0xff, 0x08, 0x00, 0x00, 0x00, 0x10, 0x00, 0x00, 0x00,
  0x01, 0x00, 0x00, 0x00, 0x00, 0x00, 0x00, 0x00, 0x00, 0x00, 0x00, 0x00,
  0x01, 0x00, 0x00, 0x00, 0x00, 0x00, 0x00, 0x3c, 0x23, 0x00, 0x00, 0x00,
  0x74, 0x65, 0x61, 0x63, 0x68, 0x65, 0x72, 0x5f, 0x6c, 0x73, 0x74, 0x6d,
  0x2f, 0x6c, 0x73, 0x74, 0x6d, 0x2f, 0x6c, 0x73, 0x74, 0x6d, 0x5f, 0x63,
  0x65, 0x6c, 0x6c, 0x2f, 0x54, 0x61, 0x6e, 0x68, 0x5f, 0x31, 0x36, 0x00,
  0x02, 0x00, 0x00, 0x00, 0x01, 0x00, 0x00, 0x00, 0x18, 0x00, 0x00, 0x00,
  0xa6, 0x88, 0xff, 0xff, 0x00, 0x00, 0x00, 0x01, 0x18, 0x00, 0x00, 0x00,
  0x20, 0x00, 0x00, 0x00, 0x40, 0x00, 0x00, 0x00, 0xb5, 0x00, 0x00, 0x00,
  0x00, 0x00, 0x00, 0x09, 0x60, 0x00, 0x00, 0x00, 0x02, 0x00, 0x00, 0x00,
  0xff, 0xff, 0xff, 0xff, 0x18, 0x00, 0x00, 0x00, 0x8c, 0x88, 0xff, 0xff,
  0x08, 0x00, 0x00, 0x00, 0x14, 0x00, 0x00, 0x00, 0x01, 0x00, 0x00, 0x00,
  0x80, 0xff, 0xff, 0xff, 0xff, 0xff, 0xff, 0xff, 0x00, 0x00, 0x00, 0x00,
  0x01, 0x00, 0x00, 0x00, 0x00, 0x00, 0x80, 0x3b, 0x26, 0x00, 0x00, 0x00,
  0x74, 0x65, 0x61, 0x63, 0x68, 0x65, 0x72, 0x5f, 0x6c, 0x73, 0x74, 0x6d,
  0x2f, 0x6c, 0x73, 0x74, 0x6d, 0x2f, 0x6c, 0x73, 0x74, 0x6d, 0x5f, 0x63,
  0x65, 0x6c, 0x6c, 0x2f, 0x53, 0x69, 0x67, 0x6d, 0x6f, 0x69, 0x64, 0x5f,
  0x32, 0x36, 0x00, 0x00, 0x02, 0x00, 0x00, 0x00, 0x01, 0x00, 0x00, 0x00,
  0x18, 0x00, 0x00, 0x00, 0x2e, 0x89, 0xff, 0xff, 0x00, 0x00, 0x00, 0x01,
  0x18, 0x00, 0x00, 0x00, 0x20, 0x00, 0x00, 0x00, 0x40, 0x00, 0x00, 0x00,
  0xb4, 0x00, 0x00, 0x00, 0x00, 0x00, 0x00, 0x09, 0x60, 0x00, 0x00, 0x00,
  0x02, 0x00, 0x00, 0x00, 0xff, 0xff, 0xff, 0xff, 0x18, 0x00, 0x00, 0x00,
  0x14, 0x89, 0xff, 0xff, 0x08, 0x00, 0x00, 0x00, 0x14, 0x00, 0x00, 0x00,
  0x01, 0x00, 0x00, 0x00, 0x80, 0xff, 0xff, 0xff, 0xff, 0xff, 0xff, 0xff,
  0x00, 0x00, 0x00, 0x00, 0x01, 0x00, 0x00, 0x00, 0x00, 0x00, 0x80, 0x3b,
  0x26, 0x00, 0x00, 0x00, 0x74, 0x65, 0x61, 0x63, 0x68, 0x65, 0x72, 0x5f,
  0x6c, 0x73, 0x74, 0x6d, 0x2f, 0x6c, 0x73, 0x74, 0x6d, 0x2f, 0x6c, 0x73,
  0x74, 0x6d, 0x5f, 0x63, 0x65, 0x6c, 0x6c, 0x2f, 0x53, 0x69, 0x67, 0x6d,
  0x6f, 0x69, 0x64, 0x5f, 0x32, 0x35, 0x00, 0x00, 0x02, 0x00, 0x00, 0x00,
  0x01, 0x00, 0x00, 0x00, 0x18, 0x00, 0x00, 0x00, 0xb6, 0x89, 0xff, 0xff,
  0x00, 0x00, 0x00, 0x01, 0x18, 0x00, 0x00, 0x00, 0x20, 0x00, 0x00, 0x00,
  0x40, 0x00, 0x00, 0x00, 0xb3, 0x00, 0x00, 0x00, 0x00, 0x00, 0x00, 0x09,
  0x60, 0x00, 0x00, 0x00, 0x02, 0x00, 0x00, 0x00, 0xff, 0xff, 0xff, 0xff,
  0x18, 0x00, 0x00, 0x00, 0x9c, 0x89, 0xff, 0xff, 0x08, 0x00, 0x00, 0x00,
  0x14, 0x00, 0x00, 0x00, 0x01, 0x00, 0x00, 0x00, 0x80, 0xff, 0xff, 0xff,
  0xff, 0xff, 0xff, 0xff, 0x00, 0x00, 0x00, 0x00, 0x01, 0x00, 0x00, 0x00,
  0x00, 0x00, 0x80, 0x3b, 0x26, 0x00, 0x00, 0x00, 0x74, 0x65, 0x61, 0x63,
  0x68, 0x65, 0x72, 0x5f, 0x6c, 0x73, 0x74, 0x6d, 0x2f, 0x6c, 0x73, 0x74,
  0x6d, 0x2f, 0x6c, 0x73, 0x74, 0x6d, 0x5f, 0x63, 0x65, 0x6c, 0x6c, 0x2f,
  0x53, 0x69, 0x67, 0x6d, 0x6f, 0x69, 0x64, 0x5f, 0x32, 0x34, 0x00, 0x00,
  0x02, 0x00, 0x00, 0x00, 0x01, 0x00, 0x00, 0x00, 0x18, 0x00, 0x00, 0x00,
  0x3e, 0x8a, 0xff, 0xff, 0x00, 0x00, 0x00, 0x01, 0x18, 0x00, 0x00, 0x00,
  0x20, 0x00, 0x00, 0x00, 0x3c, 0x00, 0x00, 0x00, 0xb2, 0x00, 0x00, 0x00,
  0x00, 0x00, 0x00, 0x09, 0xc8, 0x00, 0x00, 0x00, 0x02, 0x00, 0x00, 0x00,
  0xff, 0xff, 0xff, 0xff, 0x18, 0x00, 0x00, 0x00, 0x24, 0x8a, 0xff, 0xff,
  0x08, 0x00, 0x00, 0x00, 0x10, 0x00, 0x00, 0x00, 0x01, 0x00, 0x00, 0x00,
  0xbe, 0xff, 0xff, 0xff, 0xff, 0xff, 0xff, 0xff, 0x01, 0x00, 0x00, 0x00,
  0xa4, 0x36, 0x90, 0x3c, 0x93, 0x00, 0x00, 0x00, 0x74, 0x65, 0x61, 0x63,
  0x68, 0x65, 0x72, 0x5f, 0x6c, 0x73, 0x74, 0x6d, 0x2f, 0x6c, 0x73, 0x74,
  0x6d, 0x2f, 0x6c, 0x73, 0x74, 0x6d, 0x5f, 0x63, 0x65, 0x6c, 0x6c, 0x2f,
  0x73, 0x70, 0x6c, 0x69, 0x74, 0x5f, 0x38, 0x3b, 0x74, 0x65, 0x61, 0x63,
  0x68, 0x65, 0x72, 0x5f, 0x6c, 0x73, 0x74, 0x6d, 0x2f, 0x6c, 0x73, 0x74,
  0x6d, 0x2f, 0x6c, 0x73, 0x74, 0x6d, 0x5f, 0x63, 0x65, 0x6c, 0x6c, 0x2f,
  0x73, 0x70, 0x6c, 0x69, 0x74, 0x5f, 0x38, 0x31, 0x3b, 0x74, 0x65, 0x61,
  0x63, 0x68, 0x65, 0x72, 0x5f, 0x6c, 0x73, 0x74, 0x6d, 0x2f, 0x6c, 0x73,
  0x74, 0x6d, 0x2f, 0x6c, 0x73, 0x74, 0x6d, 0x5f, 0x63, 0x65, 0x6c, 0x6c,
  0x2f, 0x73, 0x70, 0x6c, 0x69, 0x74, 0x5f, 0x38, 0x32, 0x3b, 0x74, 0x65,
  0x61, 0x63, 0x68, 0x65, 0x72, 0x5f, 0x6c, 0x73, 0x74, 0x6d, 0x2f, 0x6c,
  0x73, 0x74, 0x6d, 0x2f, 0x6c, 0x73, 0x74, 0x6d, 0x5f, 0x63, 0x65, 0x6c,
  0x6c, 0x2f, 0x73, 0x70, 0x6c, 0x69, 0x74, 0x5f, 0x38, 0x33, 0x33, 0x00,
  0x02, 0x00, 0x00, 0x00, 0x01, 0x00, 0x00, 0x00, 0x18, 0x00, 0x00, 0x00,
  0x2e, 0x8b, 0xff, 0xff, 0x00, 0x00, 0x00, 0x01, 0x18, 0x00, 0x00, 0x00,
  0x20, 0x00, 0x00, 0x00, 0x3c, 0x00, 0x00, 0x00, 0xb1, 0x00, 0x00, 0x00,
  0x00, 0x00, 0x00, 0x09, 0xc8, 0x00, 0x00, 0x00, 0x02, 0x00, 0x00, 0x00,
  0xff, 0xff, 0xff, 0xff, 0x18, 0x00, 0x00, 0x00, 0x14, 0x8b, 0xff, 0xff,
  0x08, 0x00, 0x00, 0x00, 0x10, 0x00, 0x00, 0x00, 0x01, 0x00, 0x00, 0x00,
  0xbe, 0xff, 0xff, 0xff, 0xff, 0xff, 0xff, 0xff, 0x01, 0x00, 0x00, 0x00,
  0xa4, 0x36, 0x90, 0x3c, 0x93, 0x00, 0x00, 0x00, 0x74, 0x65, 0x61, 0x63,
  0x68, 0x65, 0x72, 0x5f, 0x6c, 0x73, 0x74, 0x6d, 0x2f, 0x6c, 0x73, 0x74,
  0x6d, 0x2f, 0x6c, 0x73, 0x74, 0x6d, 0x5f, 0x63, 0x65, 0x6c, 0x6c, 0x2f,
  0x73, 0x70, 0x6c, 0x69, 0x74, 0x5f, 0x38, 0x3b, 0x74, 0x65, 0x61, 0x63,
  0x68, 0x65, 0x72, 0x5f, 0x6c, 0x73, 0x74, 0x6d, 0x2f, 0x6c, 0x73, 0x74,
  0x6d, 0x2f, 0x6c, 0x73, 0x74, 0x6d, 0x5f, 0x63, 0x65, 0x6c, 0x6c, 0x2f,
  0x73, 0x70, 0x6c, 0x69, 0x74, 0x5f, 0x38, 0x31, 0x3b, 0x74, 0x65, 0x61,
  0x63, 0x68, 0x65, 0x72, 0x5f, 0x6c, 0x73, 0x74, 0x6d, 0x2f, 0x6c, 0x73,
  0x74, 0x6d, 0x2f, 0x6c, 0x73, 0x74, 0x6d, 0x5f, 0x63, 0x65, 0x6c, 0x6c,
  0x2f, 0x73, 0x70, 0x6c, 0x69, 0x74, 0x5f, 0x38, 0x32, 0x3b, 0x74, 0x65,
  0x61, 0x63, 0x68, 0x65, 0x72, 0x5f, 0x6c, 0x73, 0x74, 0x6d, 0x2f, 0x6c,
  0x73, 0x74, 0x6d, 0x2f, 0x6c, 0x73, 0x74, 0x6d, 0x5f, 0x63, 0x65, 0x6c,
  0x6c, 0x2f, 0x73, 0x70, 0x6c, 0x69, 0x74, 0x5f, 0x38, 0x33, 0x32, 0x00,
  0x02, 0x00, 0x00, 0x00, 0x01, 0x00, 0x00, 0x00, 0x18, 0x00, 0x00, 0x00,
  0x1e, 0x8c, 0xff, 0xff, 0x00, 0x00, 0x00, 0x01, 0x18, 0x00, 0x00, 0x00,
  0x20, 0x00, 0x00, 0x00, 0x3c, 0x00, 0x00, 0x00, 0xb0, 0x00, 0x00, 0x00,
  0x00, 0x00, 0x00, 0x09, 0xc8, 0x00, 0x00, 0x00, 0x02, 0x00, 0x00, 0x00,
  0xff, 0xff, 0xff, 0xff, 0x18, 0x00, 0x00, 0x00, 0x04, 0x8c, 0xff, 0xff,
  0x08, 0x00, 0x00, 0x00, 0x10, 0x00, 0x00, 0x00, 0x01, 0x00, 0x00, 0x00,
  0xbe, 0xff, 0xff, 0xff, 0xff, 0xff, 0xff, 0xff, 0x01, 0x00, 0x00, 0x00,
  0xa4, 0x36, 0x90, 0x3c, 0x93, 0x00, 0x00, 0x00, 0x74, 0x65, 0x61, 0x63,
  0x68, 0x65, 0x72, 0x5f, 0x6c, 0x73, 0x74, 0x6d, 0x2f, 0x6c, 0x73, 0x74,
  0x6d, 0x2f, 0x6c, 0x73, 0x74, 0x6d, 0x5f, 0x63, 0x65, 0x6c, 0x6c, 0x2f,
  0x73, 0x70, 0x6c, 0x69, 0x74, 0x5f, 0x38, 0x3b, 0x74, 0x65, 0x61, 0x63,
  0x68, 0x65, 0x72, 0x5f, 0x6c, 0x73, 0x74, 0x6d, 0x2f, 0x6c, 0x73, 0x74,
  0x6d, 0x2f, 0x6c, 0x73, 0x74, 0x6d, 0x5f, 0x63, 0x65, 0x6c, 0x6c, 0x2f,
  0x73, 0x70, 0x6c, 0x69, 0x74, 0x5f, 0x38, 0x31, 0x3b, 0x74, 0x65, 0x61,
  0x63, 0x68, 0x65, 0x72, 0x5f, 0x6c, 0x73, 0x74, 0x6d, 0x2f, 0x6c, 0x73,
  0x74, 0x6d, 0x2f, 0x6c, 0x73, 0x74, 0x6d, 0x5f, 0x63, 0x65, 0x6c, 0x6c,
  0x2f, 0x73, 0x70, 0x6c, 0x69, 0x74, 0x5f, 0x38, 0x32, 0x3b, 0x74, 0x65,
  0x61, 0x63, 0x68, 0x65, 0x72, 0x5f, 0x6c, 0x73, 0x74, 0x6d, 0x2f, 0x6c,
  0x73, 0x74, 0x6d, 0x2f, 0x6c, 0x73, 0x74, 0x6d, 0x5f, 0x63, 0x65, 0x6c,
  0x6c, 0x2f, 0x73, 0x70, 0x6c, 0x69, 0x74, 0x5f, 0x38, 0x33, 0x31, 0x00,
  0x02, 0x00, 0x00, 0x00, 0x01, 0x00, 0x00, 0x00, 0x18, 0x00, 0x00, 0x00,
  0x0e, 0x8d, 0xff, 0xff, 0x00, 0x00, 0x00, 0x01, 0x18, 0x00, 0x00, 0x00,
  0x20, 0x00, 0x00, 0x00, 0x3c, 0x00, 0x00, 0x00, 0xaf, 0x00, 0x00, 0x00,
  0x00, 0x00, 0x00, 0x09, 0xc8, 0x00, 0x00, 0x00, 0x02, 0x00, 0x00, 0x00,
  0xff, 0xff, 0xff, 0xff, 0x18, 0x00, 0x00, 0x00, 0xf4, 0x8c, 0xff, 0xff,
  0x08, 0x00, 0x00, 0x00, 0x10, 0x00, 0x00, 0x00, 0x01, 0x00, 0x00, 0x00,
  0xbe, 0xff, 0xff, 0xff, 0xff, 0xff, 0xff, 0xff, 0x01, 0x00, 0x00, 0x00,
  0xa4, 0x36, 0x90, 0x3c, 0x92, 0x00, 0x00, 0x00, 0x74, 0x65, 0x61, 0x63,
  0x68, 0x65, 0x72, 0x5f, 0x6c, 0x73, 0x74, 0x6d, 0x2f, 0x6c, 0x73, 0x74,
  0x6d, 0x2f, 0x6c, 0x73, 0x74, 0x6d, 0x5f, 0x63, 0x65, 0x6c, 0x6c, 0x2f,
  0x73, 0x70, 0x6c, 0x69, 0x74, 0x5f, 0x38, 0x3b, 0x74, 0x65, 0x61, 0x63,
  0x68, 0x65, 0x72, 0x5f, 0x6c, 0x73, 0x74, 0x6d, 0x2f, 0x6c, 0x73, 0x74,
  0x6d, 0x2f, 0x6c, 0x73, 0x74, 0x6d, 0x5f, 0x63, 0x65, 0x6c, 0x6c, 0x2f,
  0x73, 0x70, 0x6c, 0x69, 0x74, 0x5f, 0x38, 0x31, 0x3b, 0x74, 0x65, 0x61,
  0x63, 0x68, 0x65, 0x72, 0x5f, 0x6c, 0x73, 0x74, 0x6d, 0x2f, 0x6c, 0x73,
  0x74, 0x6d, 0x2f, 0x6c, 0x73, 0x74, 0x6d, 0x5f, 0x63, 0x65, 0x6c, 0x6c,
  0x2f, 0x73, 0x70, 0x6c, 0x69, 0x74, 0x5f, 0x38, 0x32, 0x3b, 0x74, 0x65,
  0x61, 0x63, 0x68, 0x65, 0x72, 0x5f, 0x6c, 0x73, 0x74, 0x6d, 0x2f, 0x6c,
  0x73, 0x74, 0x6d, 0x2f, 0x6c, 0x73, 0x74, 0x6d, 0x5f, 0x63, 0x65, 0x6c,
  0x6c, 0x2f, 0x73, 0x70, 0x6c, 0x69, 0x74, 0x5f, 0x38, 0x33, 0x00, 0x00,
  0x02, 0x00, 0x00, 0x00, 0x01, 0x00, 0x00, 0x00, 0x18, 0x00, 0x00, 0x00,
  0xfe, 0x8d, 0xff, 0xff, 0x00, 0x00, 0x00, 0x01, 0x18, 0x00, 0x00, 0x00,
  0x20, 0x00, 0x00, 0x00, 0x40, 0x00, 0x00, 0x00, 0xae, 0x00, 0x00, 0x00,
  0x00, 0x00, 0x00, 0x09, 0x60, 0x00, 0x00, 0x00, 0x02, 0x00, 0x00, 0x00,
  0xff, 0xff, 0xff, 0xff, 0x60, 0x00, 0x00, 0x00, 0xe4, 0x8d, 0xff, 0xff,
  0x08, 0x00, 0x00, 0x00, 0x14, 0x00, 0x00, 0x00, 0x01, 0x00, 0x00, 0x00,
  0xbe, 0xff, 0xff, 0xff, 0xff, 0xff, 0xff, 0xff, 0x00, 0x00, 0x00, 0x00,
  0x01, 0x00, 0x00, 0x00, 0xa4, 0x36, 0x90, 0x3c, 0x25, 0x00, 0x00, 0x00,
  0x74, 0x65, 0x61, 0x63, 0x68, 0x65, 0x72, 0x5f, 0x6c, 0x73, 0x74, 0x6d,
  0x2f, 0x6c, 0x73, 0x74, 0x6d, 0x2f, 0x6c, 0x73, 0x74, 0x6d, 0x5f, 0x63,
  0x65, 0x6c, 0x6c, 0x2f, 0x42, 0x69, 0x61, 0x73, 0x41, 0x64, 0x64, 0x5f,
  0x38, 0x00, 0x00, 0x00, 0x02, 0x00, 0x00, 0x00, 0x01, 0x00, 0x00, 0x00,
  0x60, 0x00, 0x00, 0x00, 0x86, 0x8e, 0xff, 0xff, 0x00, 0x00, 0x00, 0x01,
  0x18, 0x00, 0x00, 0x00, 0x20, 0x00, 0x00, 0x00, 0x3c, 0x00, 0x00, 0x00,
  0xad, 0x00, 0x00, 0x00, 0x00, 0x00, 0x00, 0x09, 0x58, 0x00, 0x00, 0x00,
  0x02, 0x00, 0x00, 0x00, 0xff, 0xff, 0xff, 0xff, 0x60, 0x00, 0x00, 0x00,
  0x6c, 0x8e, 0xff, 0xff, 0x08, 0x00, 0x00, 0x00, 0x10, 0x00, 0x00, 0x00,
  0x01, 0x00, 0x00, 0x00, 0xcb, 0xff, 0xff, 0xff, 0xff, 0xff, 0xff, 0xff,
  0x01, 0x00, 0x00, 0x00, 0x15, 0xb9, 0x9a, 0x3c, 0x22, 0x00, 0x00, 0x00,
  0x74, 0x65, 0x61, 0x63, 0x68, 0x65, 0x72, 0x5f, 0x6c, 0x73, 0x74, 0x6d,
  0x2f, 0x6c, 0x73, 0x74, 0x6d, 0x2f, 0x6c, 0x73, 0x74, 0x6d, 0x5f, 0x63,
  0x65, 0x6c, 0x6c, 0x2f, 0x61, 0x64, 0x64, 0x5f, 0x31, 0x36, 0x00, 0x00,
  0x02, 0x00, 0x00, 0x00, 0x01, 0x00, 0x00, 0x00, 0x60, 0x00, 0x00, 0x00,
  0x06, 0x8f, 0xff, 0xff, 0x00, 0x00, 0x00, 0x01, 0x18, 0x00, 0x00, 0x00,
  0x20, 0x00, 0x00, 0x00, 0x40, 0x00, 0x00, 0x00, 0xac, 0x00, 0x00, 0x00,
  0x00, 0x00, 0x00, 0x09, 0x60, 0x00, 0x00, 0x00, 0x02, 0x00, 0x00, 0x00,
  0xff, 0xff, 0xff, 0xff, 0x60, 0x00, 0x00, 0x00, 0xec, 0x8e, 0xff, 0xff,
  0x08, 0x00, 0x00, 0x00, 0x14, 0x00, 0x00, 0x00, 0x01, 0x00, 0x00, 0x00,
  0xde, 0xff, 0xff, 0xff, 0xff, 0xff, 0xff, 0xff, 0x00, 0x00, 0x00, 0x00,
  0x01, 0x00, 0x00, 0x00, 0x11, 0x6b, 0x3f, 0x3c, 0x25, 0x00, 0x00, 0x00,
  0x74, 0x65, 0x61, 0x63, 0x68, 0x65, 0x72, 0x5f, 0x6c, 0x73, 0x74, 0x6d,
  0x2f, 0x6c, 0x73, 0x74, 0x6d, 0x2f, 0x6c, 0x73, 0x74, 0x6d, 0x5f, 0x63,
  0x65, 0x6c, 0x6c, 0x2f, 0x4d, 0x61, 0x74, 0x4d, 0x75, 0x6c, 0x5f, 0x31,
  0x37, 0x00, 0x00, 0x00, 0x02, 0x00, 0x00, 0x00, 0x01, 0x00, 0x00, 0x00,
  0x60, 0x00, 0x00, 0x00, 0x8e, 0x8f, 0xff, 0xff, 0x00, 0x00, 0x00, 0x01,
  0x18, 0x00, 0x00, 0x00, 0x20, 0x00, 0x00, 0x00, 0x3c, 0x00, 0x00, 0x00,
  0xab, 0x00, 0x00, 0x00, 0x00, 0x00, 0x00, 0x09, 0x58, 0x00, 0x00, 0x00,
  0x02, 0x00, 0x00, 0x00, 0xff, 0xff, 0xff, 0xff, 0x18, 0x00, 0x00, 0x00,
  0x74, 0x8f, 0xff, 0xff, 0x08, 0x00, 0x00, 0x00, 0x10, 0x00, 0x00, 0x00,
  0x01, 0x00, 0x00, 0x00, 0x00, 0x00, 0x00, 0x00, 0x00, 0x00, 0x00, 0x00,
  0x01, 0x00, 0x00, 0x00, 0x68, 0xb2, 0xdd, 0x3b, 0x22, 0x00, 0x00, 0x00,
  0x74, 0x65, 0x61, 0x63, 0x68, 0x65, 0x72, 0x5f, 0x6c, 0x73, 0x74, 0x6d,
  0x2f, 0x6c, 0x73, 0x74, 0x6d, 0x2f, 0x6c, 0x73, 0x74, 0x6d, 0x5f, 0x63,
  0x65, 0x6c, 0x6c, 0x2f, 0x6d, 0x75, 0x6c, 0x5f, 0x32, 0x33, 0x00, 0x00,
  0x02, 0x00, 0x00, 0x00, 0x01, 0x00, 0x00, 0x00, 0x18, 0x00, 0x00, 0x00,
  0x0e, 0x90, 0xff, 0xff, 0x00, 0x00, 0x00, 0x01, 0x18, 0x00, 0x00, 0x00,
  0x20, 0x00, 0x00, 0x00, 0x3c, 0x00, 0x00, 0x00, 0xaa, 0x00, 0x00, 0x00,
  0x00, 0x00, 0x00, 0x09, 0x58, 0x00, 0x00, 0x00, 0x02, 0x00, 0x00, 0x00,
  0xff, 0xff, 0xff, 0xff, 0x18, 0x00, 0x00, 0x00, 0xf4, 0x8f, 0xff, 0xff,
  0x08, 0x00, 0x00, 0x00, 0x10, 0x00, 0x00, 0x00, 0x01, 0x00, 0x00, 0x00,
  0x00, 0x00, 0x00, 0x00, 0x00, 0x00, 0x00, 0x00, 0x01, 0x00, 0x00, 0x00,
  0x00, 0x00, 0x00, 0x3c, 0x23, 0x00, 0x00, 0x00, 0x74, 0x65, 0x61, 0x63,
  0x68, 0x65, 0x72, 0x5f, 0x6c, 0x73, 0x74, 0x6d, 0x2f, 0x6c, 0x73, 0x74,
  0x6d, 0x2f, 0x6c, 0x73, 0x74, 0x6d, 0x5f, 0x63, 0x65, 0x6c, 0x6c, 0x2f,
  0x54, 0x61, 0x6e, 0x68, 0x5f, 0x31, 0x35, 0x00, 0x02, 0x00, 0x00, 0x00,
  0x01, 0x00, 0x00, 0x00, 0x18, 0x00, 0x00, 0x00, 0x8e, 0x90, 0xff, 0xff,
  0x00, 0x00, 0x00, 0x01, 0x18, 0x00, 0x00, 0x00, 0x20, 0x00, 0x00, 0x00,
  0x3c, 0x00, 0x00, 0x00, 0xa9, 0x00, 0x00, 0x00, 0x00, 0x00, 0x00, 0x09,
  0x58, 0x00, 0x00, 0x00, 0x02, 0x00, 0x00, 0x00, 0xff, 0xff, 0xff, 0xff,
  0x18, 0x00, 0x00, 0x00, 0x74, 0x90, 0xff, 0xff, 0x08, 0x00, 0x00, 0x00,
  0x10, 0x00, 0x00, 0x00, 0x01, 0x00, 0x00, 0x00, 0xf2, 0xff, 0xff, 0xff,
  0xff, 0xff, 0xff, 0xff, 0x01, 0x00, 0x00, 0x00, 0x36, 0x52, 0xaa, 0x3c,
  0x22, 0x00, 0x00, 0x00, 0x74, 0x65, 0x61, 0x63, 0x68, 0x65, 0x72, 0x5f,
  0x6c, 0x73, 0x74, 0x6d, 0x2f, 0x6c, 0x73, 0x74, 0x6d, 0x2f, 0x6c, 0x73,
  0x74, 0x6d, 0x5f, 0x63, 0x65, 0x6c, 0x6c, 0x2f, 0x61, 0x64, 0x64, 0x5f,
  0x31, 0x35, 0x00, 0x00, 0x02, 0x00, 0x00, 0x00, 0x01, 0x00, 0x00, 0x00,
  0x18, 0x00, 0x00, 0x00, 0x0e, 0x91, 0xff, 0xff, 0x00, 0x00, 0x00, 0x01,
  0x18, 0x00, 0x00, 0x00, 0x20, 0x00, 0x00, 0x00, 0x3c, 0x00, 0x00, 0x00,
  0xa8, 0x00, 0x00, 0x00, 0x00, 0x00, 0x00, 0x09, 0x58, 0x00, 0x00, 0x00,
  0x02, 0x00, 0x00, 0x00, 0xff, 0xff, 0xff, 0xff, 0x18, 0x00, 0x00, 0x00,
  0xf4, 0x90, 0xff, 0xff, 0x08, 0x00, 0x00, 0x00, 0x10, 0x00, 0x00, 0x00,
  0x01, 0x00, 0x00, 0x00, 0xf2, 0xff, 0xff, 0xff, 0xff, 0xff, 0xff, 0xff,
  0x01, 0x00, 0x00, 0x00, 0x36, 0x52, 0xaa, 0x3c, 0x22, 0x00, 0x00, 0x00,
  0x74, 0x65, 0x61, 0x63, 0x68, 0x65, 0x72, 0x5f, 0x6c, 0x73, 0x74, 0x6d,
  0x2f, 0x6c, 0x73, 0x74, 0x6d, 0x2f, 0x6c, 0x73, 0x74, 0x6d, 0x5f, 0x63,
  0x65, 0x6c, 0x6c, 0x2f, 0x6d, 0x75, 0x6c, 0x5f, 0x32, 0x31, 0x00, 0x00,
  0x02, 0x00, 0x00, 0x00, 0x01, 0x00, 0x00, 0x00, 0x18, 0x00, 0x00, 0x00,
  0x8e, 0x91, 0xff, 0xff, 0x00, 0x00, 0x00, 0x01, 0x18, 0x00, 0x00, 0x00,
  0x20, 0x00, 0x00, 0x00, 0x3c, 0x00, 0x00, 0x00, 0xa7, 0x00, 0x00, 0x00,
  0x00, 0x00, 0x00, 0x09, 0x58, 0x00, 0x00, 0x00, 0x02, 0x00, 0x00, 0x00,
  0xff, 0xff, 0xff, 0xff, 0x18, 0x00, 0x00, 0x00, 0x74, 0x91, 0xff, 0xff,
  0x08, 0x00, 0x00, 0x00, 0x10, 0x00, 0x00, 0x00, 0x01, 0x00, 0x00, 0x00,
  0x03, 0x00, 0x00, 0x00, 0x00, 0x00, 0x00, 0x00, 0x01, 0x00, 0x00, 0x00,
  0x37, 0x70, 0xb4, 0x3b, 0x22, 0x00, 0x00, 0x00, 0x74, 0x65, 0x61, 0x63,
  0x68, 0x65, 0x72, 0x5f, 0x6c, 0x73, 0x74, 0x6d, 0x2f, 0x6c, 0x73, 0x74,
  0x6d, 0x2f, 0x6c, 0x73, 0x74, 0x6d, 0x5f, 0x63, 0x65, 0x6c, 0x6c, 0x2f,
  0x6d, 0x75, 0x6c, 0x5f, 0x32, 0x32, 0x00, 0x00, 0x02, 0x00, 0x00, 0x00,
  0x01, 0x00, 0x00, 0x00, 0x18, 0x00, 0x00, 0x00, 0x0e, 0x92, 0xff, 0xff,
  0x00, 0x00, 0x00, 0x01, 0x18, 0x00, 0x00, 0x00, 0x20, 0x00, 0x00, 0x00,
  0x3c, 0x00, 0x00, 0x00, 0xa6, 0x00, 0x00, 0x00, 0x00, 0x00, 0x00, 0x09,
  0x58, 0x00, 0x00, 0x00, 0x02, 0x00, 0x00, 0x00, 0xff, 0xff, 0xff, 0xff,
  0x18, 0x00, 0x00, 0x00, 0xf4, 0x91, 0xff, 0xff, 0x08, 0x00, 0x00, 0x00,
  0x10, 0x00, 0x00, 0x00, 0x01, 0x00, 0x00, 0x00, 0x00, 0x00, 0x00, 0x00,
  0x00, 0x00, 0x00, 0x00, 0x01, 0x00, 0x00, 0x00, 0x00, 0x00, 0x00, 0x3c,
  0x23, 0x00, 0x00, 0x00, 0x74, 0x65, 0x61, 0x63, 0x68, 0x65, 0x72, 0x5f,
  0x6c, 0x73, 0x74, 0x6d, 0x2f, 0x6c, 0x73, 0x74, 0x6d, 0x2f, 0x6c, 0x73,
  0x74, 0x6d, 0x5f, 0x63, 0x65, 0x6c, 0x6c, 0x2f, 0x54, 0x61, 0x6e, 0x68,
  0x5f, 0x31, 0x34, 0x00, 0x02, 0x00, 0x00, 0x00, 0x01, 0x00, 0x00, 0x00,
  0x18, 0x00, 0x00, 0x00, 0x8e, 0x92, 0xff, 0xff, 0x00, 0x00, 0x00, 0x01,
  0x18, 0x00, 0x00, 0x00, 0x20, 0x00, 0x00, 0x00, 0x40, 0x00, 0x00, 0x00,
  0xa5, 0x00, 0x00, 0x00, 0x00, 0x00, 0x00, 0x09, 0x60, 0x00, 0x00, 0x00,
  0x02, 0x00, 0x00, 0x00, 0xff, 0xff, 0xff, 0xff, 0x18, 0x00, 0x00, 0x00,
  0x74, 0x92, 0xff, 0xff, 0x08, 0x00, 0x00, 0x00, 0x14, 0x00, 0x00, 0x00,
  0x01, 0x00, 0x00, 0x00, 0x80, 0xff, 0xff, 0xff, 0xff, 0xff, 0xff, 0xff,
  0x00, 0x00, 0x00, 0x00, 0x01, 0x00, 0x00, 0x00, 0x00, 0x00, 0x80, 0x3b,
  0x26, 0x00, 0x00, 0x00, 0x74, 0x65, 0x61, 0x63, 0x68, 0x65, 0x72, 0x5f,
  0x6c, 0x73, 0x74, 0x6d, 0x2f, 0x6c, 0x73, 0x74, 0x6d, 0x2f, 0x6c, 0x73,
  0x74, 0x6d, 0x5f, 0x63, 0x65, 0x6c, 0x6c, 0x2f, 0x53, 0x69, 0x67, 0x6d,
  0x6f, 0x69, 0x64, 0x5f, 0x32, 0x33, 0x00, 0x00, 0x02, 0x00, 0x00, 0x00,
  0x01, 0x00, 0x00, 0x00, 0x18, 0x00, 0x00, 0x00, 0x16, 0x93, 0xff, 0xff,
  0x00, 0x00, 0x00, 0x01, 0x18, 0x00, 0x00, 0x00, 0x20, 0x00, 0x00, 0x00,
  0x40, 0x00, 0x00, 0x00, 0xa4, 0x00, 0x00, 0x00, 0x00, 0x00, 0x00, 0x09,
  0x60, 0x00, 0x00, 0x00, 0x02, 0x00, 0x00, 0x00, 0xff, 0xff, 0xff, 0xff,
  0x18, 0x00, 0x00, 0x00, 0xfc, 0x92, 0xff, 0xff, 0x08, 0x00, 0x00, 0x00,
  0x14, 0x00, 0x00, 0x00, 0x01, 0x00, 0x00, 0x00, 0x80, 0xff, 0xff, 0xff,
  0xff, 0xff, 0xff, 0xff, 0x00, 0x00, 0x00, 0x00, 0x01, 0x00, 0x00, 0x00,
  0x00, 0x00, 0x80, 0x3b, 0x26, 0x00, 0x00, 0x00, 0x74, 0x65, 0x61, 0x63,
  0x68, 0x65, 0x72, 0x5f, 0x6c, 0x73, 0x74, 0x6d, 0x2f, 0x6c, 0x73, 0x74,
  0x6d, 0x2f, 0x6c, 0x73, 0x74, 0x6d, 0x5f, 0x63, 0x65, 0x6c, 0x6c, 0x2f,
  0x53, 0x69, 0x67, 0x6d, 0x6f, 0x69, 0x64, 0x5f, 0x32, 0x32, 0x00, 0x00,
  0x02, 0x00, 0x00, 0x00, 0x01, 0x00, 0x00, 0x00, 0x18, 0x00, 0x00, 0x00,
  0x9e, 0x93, 0xff, 0xff, 0x00, 0x00, 0x00, 0x01, 0x18, 0x00, 0x00, 0x00,
  0x20, 0x00, 0x00, 0x00, 0x40, 0x00, 0x00, 0x00, 0xa3, 0x00, 0x00, 0x00,
  0x00, 0x00, 0x00, 0x09, 0x60, 0x00, 0x00, 0x00, 0x02, 0x00, 0x00, 0x00,
  0xff, 0xff, 0xff, 0xff, 0x18, 0x00, 0x00, 0x00, 0x84, 0x93, 0xff, 0xff,
  0x08, 0x00, 0x00, 0x00, 0x14, 0x00, 0x00, 0x00, 0x01, 0x00, 0x00, 0x00,
  0x80, 0xff, 0xff, 0xff, 0xff, 0xff, 0xff, 0xff, 0x00, 0x00, 0x00, 0x00,
  0x01, 0x00, 0x00, 0x00, 0x00, 0x00, 0x80, 0x3b, 0x26, 0x00, 0x00, 0x00,
  0x74, 0x65, 0x61, 0x63, 0x68, 0x65, 0x72, 0x5f, 0x6c, 0x73, 0x74, 0x6d,
  0x2f, 0x6c, 0x73, 0x74, 0x6d, 0x2f, 0x6c, 0x73, 0x74, 0x6d, 0x5f, 0x63,
  0x65, 0x6c, 0x6c, 0x2f, 0x53, 0x69, 0x67, 0x6d, 0x6f, 0x69, 0x64, 0x5f,
  0x32, 0x31, 0x00, 0x00, 0x02, 0x00, 0x00, 0x00, 0x01, 0x00, 0x00, 0x00,
  0x18, 0x00, 0x00, 0x00, 0x26, 0x94, 0xff, 0xff, 0x00, 0x00, 0x00, 0x01,
  0x18, 0x00, 0x00, 0x00, 0x20, 0x00, 0x00, 0x00, 0x3c, 0x00, 0x00, 0x00,
  0xa2, 0x00, 0x00, 0x00, 0x00, 0x00, 0x00, 0x09, 0xc8, 0x00, 0x00, 0x00,
  0x02, 0x00, 0x00, 0x00, 0xff, 0xff, 0xff, 0xff, 0x18, 0x00, 0x00, 0x00,
  0x0c, 0x94, 0xff, 0xff, 0x08, 0x00, 0x00, 0x00, 0x10, 0x00, 0x00, 0x00,
  0x01, 0x00, 0x00, 0x00, 0xbf, 0xff, 0xff, 0xff, 0xff, 0xff, 0xff, 0xff,
  0x01, 0x00, 0x00, 0x00, 0x9b, 0x40, 0x8f, 0x3c, 0x93, 0x00, 0x00, 0x00,
  0x74, 0x65, 0x61, 0x63, 0x68, 0x65, 0x72, 0x5f, 0x6c, 0x73, 0x74, 0x6d,
  0x2f, 0x6c, 0x73, 0x74, 0x6d, 0x2f, 0x6c, 0x73, 0x74, 0x6d, 0x5f, 0x63,
  0x65, 0x6c, 0x6c, 0x2f, 0x73, 0x70, 0x6c, 0x69, 0x74, 0x5f, 0x37, 0x3b,
  0x74, 0x65, 0x61, 0x63, 0x68, 0x65, 0x72, 0x5f, 0x6c, 0x73, 0x74, 0x6d,
  0x2f, 0x6c, 0x73, 0x74, 0x6d, 0x2f, 0x6c, 0x73, 0x74, 0x6d, 0x5f, 0x63,
  0x65, 0x6c, 0x6c, 0x2f, 0x73, 0x70, 0x6c, 0x69, 0x74, 0x5f, 0x37, 0x31,
  0x3b, 0x74, 0x65, 0x61, 0x63, 0x68, 0x65, 0x72, 0x5f, 0x6c, 0x73, 0x74,
  0x6d, 0x2f, 0x6c, 0x73, 0x74, 0x6d, 0x2f, 0x6c, 0x73, 0x74, 0x6d, 0x5f,
  0x63, 0x65, 0x6c, 0x6c, 0x2f, 0x73, 0x70, 0x6c, 0x69, 0x74, 0x5f, 0x37,
  0x32, 0x3b, 0x74, 0x65, 0x61, 0x63, 0x68, 0x65, 0x72, 0x5f, 0x6c, 0x73,
  0x74, 0x6d, 0x2f, 0x6c, 0x73, 0x74, 0x6d, 0x2f, 0x6c, 0x73, 0x74, 0x6d,
  0x5f, 0x63, 0x65, 0x6c, 0x6c, 0x2f, 0x73, 0x70, 0x6c, 0x69, 0x74, 0x5f,
  0x37, 0x33, 0x33, 0x00, 0x02, 0x00, 0x00, 0x00, 0x01, 0x00, 0x00, 0x00,
  0x18, 0x00, 0x00, 0x00, 0x16, 0x95, 0xff, 0xff, 0x00, 0x00, 0x00, 0x01,
  0x18, 0x00, 0x00, 0x00, 0x20, 0x00, 0x00, 0x00, 0x3c, 0x00, 0x00, 0x00,
  0xa1, 0x00, 0x00, 0x00, 0x00, 0x00, 0x00, 0x09, 0xc8, 0x00, 0x00, 0x00,
  0x02, 0x00, 0x00, 0x00, 0xff, 0xff, 0xff, 0xff, 0x18, 0x00, 0x00, 0x00,
  0xfc, 0x94, 0xff, 0xff, 0x08, 0x00, 0x00, 0x00, 0x10, 0x00, 0x00, 0x00,
  0x01, 0x00, 0x00, 0x00, 0xbf, 0xff, 0xff, 0xff, 0xff, 0xff, 0xff, 0xff,
  0x01, 0x00, 0x00, 0x00, 0x9b, 0x40, 0x8f, 0x3c, 0x93, 0x00, 0x00, 0x00,
  0x74, 0x65, 0x61, 0x63, 0x68, 0x65, 0x72, 0x5f, 0x6c, 0x73, 0x74, 0x6d,
  0x2f, 0x6c, 0x73, 0x74, 0x6d, 0x2f, 0x6c, 0x73, 0x74, 0x6d, 0x5f, 0x63,
  0x65, 0x6c, 0x6c, 0x2f, 0x73, 0x70, 0x6c, 0x69, 0x74, 0x5f, 0x37, 0x3b,
  0x74, 0x65, 0x61, 0x63, 0x68, 0x65, 0x72, 0x5f, 0x6c, 0x73, 0x74, 0x6d,
  0x2f, 0x6c, 0x73, 0x74, 0x6d, 0x2f, 0x6c, 0x73, 0x74, 0x6d, 0x5f, 0x63,
  0x65, 0x6c, 0x6c, 0x2f, 0x73, 0x70, 0x6c, 0x69, 0x74, 0x5f, 0x37, 0x31,
  0x3b, 0x74, 0x65, 0x61, 0x63, 0x68, 0x65, 0x72, 0x5f, 0x6c, 0x73, 0x74,
  0x6d, 0x2f, 0x6c, 0x73, 0x74, 0x6d, 0x2f, 0x6c, 0x73, 0x74, 0x6d, 0x5f,
  0x63, 0x65, 0x6c, 0x6c, 0x2f, 0x73, 0x70, 0x6c, 0x69, 0x74, 0x5f, 0x37,
  0x32, 0x3b, 0x74, 0x65, 0x61, 0x63, 0x68, 0x65, 0x72, 0x5f, 0x6c, 0x73,
  0x74, 0x6d, 0x2f, 0x6c, 0x73, 0x74, 0x6d, 0x2f, 0x6c, 0x73, 0x74, 0x6d,
  0x5f, 0x63, 0x65, 0x6c, 0x6c, 0x2f, 0x73, 0x70, 0x6c, 0x69, 0x74, 0x5f,
  0x37, 0x33, 0x32, 0x00, 0x02, 0x00, 0x00, 0x00, 0x01, 0x00, 0x00, 0x00,
  0x18, 0x00, 0x00, 0x00, 0x06, 0x96, 0xff, 0xff, 0x00, 0x00, 0x00, 0x01,
  0x18, 0x00, 0x00, 0x00, 0x20, 0x00, 0x00, 0x00, 0x3c, 0x00, 0x00, 0x00,
  0xa0, 0x00, 0x00, 0x00, 0x00, 0x00, 0x00, 0x09, 0xc8, 0x00, 0x00, 0x00,
  0x02, 0x00, 0x00, 0x00, 0xff, 0xff, 0xff, 0xff, 0x18, 0x00, 0x00, 0x00,
  0xec, 0x95, 0xff, 0xff, 0x08, 0x00, 0x00, 0x00, 0x10, 0x00, 0x00, 0x00,
  0x01, 0x00, 0x00, 0x00, 0xbf, 0xff, 0xff, 0xff, 0xff, 0xff, 0xff, 0xff,
  0x01, 0x00, 0x00, 0x00, 0x9b, 0x40, 0x8f, 0x3c, 0x93, 0x00, 0x00, 0x00,
  0x74, 0x65, 0x61, 0x63, 0x68, 0x65, 0x72, 0x5f, 0x6c, 0x73, 0x74, 0x6d,
  0x2f, 0x6c, 0x73, 0x74, 0x6d, 0x2f, 0x6c, 0x73, 0x74, 0x6d, 0x5f, 0x63,
  0x65, 0x6c, 0x6c, 0x2f, 0x73, 0x70, 0x6c, 0x69, 0x74, 0x5f, 0x37, 0x3b,
  0x74, 0x65, 0x61, 0x63, 0x68, 0x65, 0x72, 0x5f, 0x6c, 0x73, 0x74, 0x6d,
  0x2f, 0x6c, 0x73, 0x74, 0x6d, 0x2f, 0x6c, 0x73, 0x74, 0x6d, 0x5f, 0x63,
  0x65, 0x6c, 0x6c, 0x2f, 0x73, 0x70, 0x6c, 0x69, 0x74, 0x5f, 0x37, 0x31,
  0x3b, 0x74, 0x65, 0x61, 0x63, 0x68, 0x65, 0x72, 0x5f, 0x6c, 0x73, 0x74,
  0x6d, 0x2f, 0x6c, 0x73, 0x74, 0x6d, 0x2f, 0x6c, 0x73, 0x74, 0x6d, 0x5f,
  0x63, 0x65, 0x6c, 0x6c, 0x2f, 0x73, 0x70, 0x6c, 0x69, 0x74, 0x5f, 0x37,
  0x32, 0x3b, 0x74, 0x65, 0x61, 0x63, 0x68, 0x65, 0x72, 0x5f, 0x6c, 0x73,
  0x74, 0x6d, 0x2f, 0x6c, 0x73, 0x74, 0x6d, 0x2f, 0x6c, 0x73, 0x74, 0x6d,
  0x5f, 0x63, 0x65, 0x6c, 0x6c, 0x2f, 0x73, 0x70, 0x6c, 0x69, 0x74, 0x5f,
  0x37, 0x33, 0x31, 0x00, 0x02, 0x00, 0x00, 0x00, 0x01, 0x00, 0x00, 0x00,
  0x18, 0x00, 0x00, 0x00, 0xf6, 0x96, 0xff, 0xff, 0x00, 0x00, 0x00, 0x01,
  0x18, 0x00, 0x00, 0x00, 0x20, 0x00, 0x00, 0x00, 0x3c, 0x00, 0x00, 0x00,
  0x9f, 0x00, 0x00, 0x00, 0x00, 0x00, 0x00, 0x09, 0xc8, 0x00, 0x00, 0x00,
  0x02, 0x00, 0x00, 0x00, 0xff, 0xff, 0xff, 0xff, 0x18, 0x00, 0x00, 0x00,
  0xdc, 0x96, 0xff, 0xff, 0x08, 0x00, 0x00, 0x00, 0x10, 0x00, 0x00, 0x00,
  0x01, 0x00, 0x00, 0x00, 0xbf, 0xff, 0xff, 0xff, 0xff, 0xff, 0xff, 0xff,
  0x01, 0x00, 0x00, 0x00, 0x9b, 0x40, 0x8f, 0x3c, 0x92, 0x00, 0x00, 0x00,
  0x74, 0x65, 0x61, 0x63, 0x68, 0x65, 0x72, 0x5f, 0x6c, 0x73, 0x74, 0x6d,
  0x2f, 0x6c, 0x73, 0x74, 0x6d, 0x2f, 0x6c, 0x73, 0x74, 0x6d, 0x5f, 0x63,
  0x65, 0x6c, 0x6c, 0x2f, 0x73, 0x70, 0x6c, 0x69, 0x74, 0x5f, 0x37, 0x3b,
  0x74, 0x65, 0x61, 0x63, 0x68, 0x65, 0x72, 0x5f, 0x6c, 0x73, 0x74, 0x6d,
  0x2f, 0x6c, 0x73, 0x74, 0x6d, 0x2f, 0x6c, 0x73, 0x74, 0x6d, 0x5f, 0x63,
  0x65, 0x6c, 0x6c, 0x2f, 0x73, 0x70, 0x6c, 0x69, 0x74, 0x5f, 0x37, 0x31,
  0x3b, 0x74, 0x65, 0x61, 0x63, 0x68, 0x65, 0x72, 0x5f, 0x6c, 0x73, 0x74,
  0x6d, 0x2f, 0x6c, 0x73, 0x74, 0x6d, 0x2f, 0x6c, 0x73, 0x74, 0x6d, 0x5f,
  0x63, 0x65, 0x6c, 0x6c, 0x2f, 0x73, 0x70, 0x6c, 0x69, 0x74, 0x5f, 0x37,
  0x32, 0x3b, 0x74, 0x65, 0x61, 0x63, 0x68, 0x65, 0x72, 0x5f, 0x6c, 0x73,
  0x74, 0x6d, 0x2f, 0x6c, 0x73, 0x74, 0x6d, 0x2f, 0x6c, 0x73, 0x74, 0x6d,
  0x5f, 0x63, 0x65, 0x6c, 0x6c, 0x2f, 0x73, 0x70, 0x6c, 0x69, 0x74, 0x5f,
  0x37, 0x33, 0x00, 0x00, 0x02, 0x00, 0x00, 0x00, 0x01, 0x00, 0x00, 0x00,
  0x18, 0x00, 0x00, 0x00, 0xe6, 0x97, 0xff, 0xff, 0x00, 0x00, 0x00, 0x01,
  0x18, 0x00, 0x00, 0x00, 0x20, 0x00, 0x00, 0x00, 0x40, 0x00, 0x00, 0x00,
  0x9e, 0x00, 0x00, 0x00, 0x00, 0x00, 0x00, 0x09, 0x60, 0x00, 0x00, 0x00,
  0x02, 0x00, 0x00, 0x00, 0xff, 0xff, 0xff, 0xff, 0x60, 0x00, 0x00, 0x00,
  0xcc, 0x97, 0xff, 0xff, 0x08, 0x00, 0x00, 0x00, 0x14, 0x00, 0x00, 0x00,
  0x01, 0x00, 0x00, 0x00, 0xbf, 0xff, 0xff, 0xff, 0xff, 0xff, 0xff, 0xff,
  0x00, 0x00, 0x00, 0x00, 0x01, 0x00, 0x00, 0x00, 0x9b, 0x40, 0x8f, 0x3c,
  0x25, 0x00, 0x00, 0x00, 0x74, 0x65, 0x61, 0x63, 0x68, 0x65, 0x72, 0x5f,
  0x6c, 0x73, 0x74, 0x6d, 0x2f, 0x6c, 0x73, 0x74, 0x6d, 0x2f, 0x6c, 0x73,
  0x74, 0x6d, 0x5f, 0x63, 0x65, 0x6c, 0x6c, 0x2f, 0x42, 0x69, 0x61, 0x73,
  0x41, 0x64, 0x64, 0x5f, 0x37, 0x00, 0x00, 0x00, 0x02, 0x00, 0x00, 0x00,
  0x01, 0x00, 0x00, 0x00, 0x60, 0x00, 0x00, 0x00, 0x6e, 0x98, 0xff, 0xff,
  0x00, 0x00, 0x00, 0x01, 0x18, 0x00, 0x00, 0x00, 0x20, 0x00, 0x00, 0x00,
  0x3c, 0x00, 0x00, 0x00, 0x9d, 0x00, 0x00, 0x00, 0x00, 0x00, 0x00, 0x09,
  0x58, 0x00, 0x00, 0x00, 0x02, 0x00, 0x00, 0x00, 0xff, 0xff, 0xff, 0xff,
  0x60, 0x00, 0x00, 0x00, 0x54, 0x98, 0xff, 0xff, 0x08, 0x00, 0x00, 0x00,
  0x10, 0x00, 0x00, 0x00, 0x01, 0x00, 0x00, 0x00, 0xcc, 0xff, 0xff, 0xff,
  0xff, 0xff, 0xff, 0xff, 0x01, 0x00, 0x00, 0x00, 0xfb, 0x88, 0x99, 0x3c,
  0x22, 0x00, 0x00, 0x00, 0x74, 0x65, 0x61, 0x63, 0x68, 0x65, 0x72, 0x5f,
  0x6c, 0x73, 0x74, 0x6d, 0x2f, 0x6c, 0x73, 0x74, 0x6d, 0x2f, 0x6c, 0x73,
  0x74, 0x6d, 0x5f, 0x63, 0x65, 0x6c, 0x6c, 0x2f, 0x61, 0x64, 0x64, 0x5f,
  0x31, 0x34, 0x00, 0x00, 0x02, 0x00, 0x00, 0x00, 0x01, 0x00, 0x00, 0x00,
  0x60, 0x00, 0x00, 0x00, 0xee, 0x98, 0xff, 0xff, 0x00, 0x00, 0x00, 0x01,
  0x18, 0x00, 0x00, 0x00, 0x20, 0x00, 0x00, 0x00, 0x40, 0x00, 0x00, 0x00,
  0x9c, 0x00, 0x00, 0x00, 0x00, 0x00, 0x00, 0x09, 0x60, 0x00, 0x00, 0x00,
  0x02, 0x00, 0x00, 0x00, 0xff, 0xff, 0xff, 0xff, 0x60, 0x00, 0x00, 0x00,
  0xd4, 0x98, 0xff, 0xff, 0x08, 0x00, 0x00, 0x00, 0x14, 0x00, 0x00, 0x00,
  0x01, 0x00, 0x00, 0x00, 0xde, 0xff, 0xff, 0xff, 0xff, 0xff, 0xff, 0xff,
  0x00, 0x00, 0x00, 0x00, 0x01, 0x00, 0x00, 0x00, 0xf5, 0x96, 0x37, 0x3c,
  0x25, 0x00, 0x00, 0x00, 0x74, 0x65, 0x61, 0x63, 0x68, 0x65, 0x72, 0x5f,
  0x6c, 0x73, 0x74, 0x6d, 0x2f, 0x6c, 0x73, 0x74, 0x6d, 0x2f, 0x6c, 0x73,
  0x74, 0x6d, 0x5f, 0x63, 0x65, 0x6c, 0x6c, 0x2f, 0x4d, 0x61, 0x74, 0x4d,
  0x75, 0x6c, 0x5f, 0x31, 0x35, 0x00, 0x00, 0x00, 0x02, 0x00, 0x00, 0x00,
  0x01, 0x00, 0x00, 0x00, 0x60, 0x00, 0x00, 0x00, 0x76, 0x99, 0xff, 0xff,
  0x00, 0x00, 0x00, 0x01, 0x18, 0x00, 0x00, 0x00, 0x20, 0x00, 0x00, 0x00,
  0x3c, 0x00, 0x00, 0x00, 0x9b, 0x00, 0x00, 0x00, 0x00, 0x00, 0x00, 0x09,
  0x58, 0x00, 0x00, 0x00, 0x02, 0x00, 0x00, 0x00, 0xff, 0xff, 0xff, 0xff,
  0x18, 0x00, 0x00, 0x00, 0x5c, 0x99, 0xff, 0xff, 0x08, 0x00, 0x00, 0x00,
  0x10, 0x00, 0x00, 0x00, 0x01, 0x00, 0x00, 0x00, 0x00, 0x00, 0x00, 0x00,
  0x00, 0x00, 0x00, 0x00, 0x01, 0x00, 0x00, 0x00, 0x1c, 0x68, 0xdb, 0x3b,
  0x22, 0x00, 0x00, 0x00, 0x74, 0x65, 0x61, 0x63, 0x68, 0x65, 0x72, 0x5f,
  0x6c, 0x73, 0x74, 0x6d, 0x2f, 0x6c, 0x73, 0x74, 0x6d, 0x2f, 0x6c, 0x73,
  0x74, 0x6d, 0x5f, 0x63, 0x65, 0x6c, 0x6c, 0x2f, 0x6d, 0x75, 0x6c, 0x5f,
  0x32, 0x30, 0x00, 0x00, 0x02, 0x00, 0x00, 0x00, 0x01, 0x00, 0x00, 0x00,
  0x18, 0x00, 0x00, 0x00, 0xf6, 0x99, 0xff, 0xff, 0x00, 0x00, 0x00, 0x01,
  0x18, 0x00, 0x00, 0x00, 0x20, 0x00, 0x00, 0x00, 0x3c, 0x00, 0x00, 0x00,
  0x9a, 0x00, 0x00, 0x00, 0x00, 0x00, 0x00, 0x09, 0x58, 0x00, 0x00, 0x00,
  0x02, 0x00, 0x00, 0x00, 0xff, 0xff, 0xff, 0xff, 0x18, 0x00, 0x00, 0x00,
  0xdc, 0x99, 0xff, 0xff, 0x08, 0x00, 0x00, 0x00, 0x10, 0x00, 0x00, 0x00,
  0x01, 0x00, 0x00, 0x00, 0x00, 0x00, 0x00, 0x00, 0x00, 0x00, 0x00, 0x00,
  0x01, 0x00, 0x00, 0x00, 0x00, 0x00, 0x00, 0x3c, 0x23, 0x00, 0x00, 0x00,
  0x74, 0x65, 0x61, 0x63, 0x68, 0x65, 0x72, 0x5f, 0x6c, 0x73, 0x74, 0x6d,
  0x2f, 0x6c, 0x73, 0x74, 0x6d, 0x2f, 0x6c, 0x73, 0x74, 0x6d, 0x5f, 0x63,
  0x65, 0x6c, 0x6c, 0x2f, 0x54, 0x61, 0x6e, 0x68, 0x5f, 0x31, 0x33, 0x00,
  0x02, 0x00, 0x00, 0x00, 0x01, 0x00, 0x00, 0x00, 0x18, 0x00, 0x00, 0x00,
  0x76, 0x9a, 0xff, 0xff, 0x00, 0x00, 0x00, 0x01, 0x18, 0x00, 0x00, 0x00,
  0x20, 0x00, 0x00, 0x00, 0x3c, 0x00, 0x00, 0x00, 0x99, 0x00, 0x00, 0x00,
  0x00, 0x00, 0x00, 0x09, 0x58, 0x00, 0x00, 0x00, 0x02, 0x00, 0x00, 0x00,
  0xff, 0xff, 0xff, 0xff, 0x18, 0x00, 0x00, 0x00, 0x5c, 0x9a, 0xff, 0xff,
  0x08, 0x00, 0x00, 0x00, 0x10, 0x00, 0x00, 0x00, 0x01, 0x00, 0x00, 0x00,
  0xf8, 0xff, 0xff, 0xff, 0xff, 0xff, 0xff, 0xff, 0x01, 0x00, 0x00, 0x00,
  0x1b, 0x1e, 0x9b, 0x3c, 0x22, 0x00, 0x00, 0x00, 0x74, 0x65, 0x61, 0x63,
  0x68, 0x65, 0x72, 0x5f, 0x6c, 0x73, 0x74, 0x6d, 0x2f, 0x6c, 0x73, 0x74,
  0x6d, 0x2f, 0x6c, 0x73, 0x74, 0x6d, 0x5f, 0x63, 0x65, 0x6c, 0x6c, 0x2f,
  0x61, 0x64, 0x64, 0x5f, 0x31, 0x33, 0x00, 0x00, 0x02, 0x00, 0x00, 0x00,
  0x01, 0x00, 0x00, 0x00, 0x18, 0x00, 0x00, 0x00, 0xf6, 0x9a, 0xff, 0xff,
  0x00, 0x00, 0x00, 0x01, 0x18, 0x00, 0x00, 0x00, 0x20, 0x00, 0x00, 0x00,
  0x3c, 0x00, 0x00, 0x00, 0x98, 0x00, 0x00, 0x00, 0x00, 0x00, 0x00, 0x09,
  0x58, 0x00, 0x00, 0x00, 0x02, 0x00, 0x00, 0x00, 0xff, 0xff, 0xff, 0xff,
  0x18, 0x00, 0x00, 0x00, 0xdc, 0x9a, 0xff, 0xff, 0x08, 0x00, 0x00, 0x00,
  0x10, 0x00, 0x00, 0x00, 0x01, 0x00, 0x00, 0x00, 0xf8, 0xff, 0xff, 0xff,
  0xff, 0xff, 0xff, 0xff, 0x01, 0x00, 0x00, 0x00, 0x1b, 0x1e, 0x9b, 0x3c,
  0x22, 0x00, 0x00, 0x00, 0x74, 0x65, 0x61, 0x63, 0x68, 0x65, 0x72, 0x5f,
  0x6c, 0x73, 0x74, 0x6d, 0x2f, 0x6c, 0x73, 0x74, 0x6d, 0x2f, 0x6c, 0x73,
  0x74, 0x6d, 0x5f, 0x63, 0x65, 0x6c, 0x6c, 0x2f, 0x6d, 0x75, 0x6c, 0x5f,
  0x31, 0x38, 0x00, 0x00, 0x02, 0x00, 0x00, 0x00, 0x01, 0x00, 0x00, 0x00,
  0x18, 0x00, 0x00, 0x00, 0x76, 0x9b, 0xff, 0xff, 0x00, 0x00, 0x00, 0x01,
  0x18, 0x00, 0x00, 0x00, 0x20, 0x00, 0x00, 0x00, 0x3c, 0x00, 0x00, 0x00,
  0x97, 0x00, 0x00, 0x00, 0x00, 0x00, 0x00, 0x09, 0x58, 0x00, 0x00, 0x00,
  0x02, 0x00, 0x00, 0x00, 0xff, 0xff, 0xff, 0xff, 0x18, 0x00, 0x00, 0x00,
  0x5c, 0x9b, 0xff, 0xff, 0x08, 0x00, 0x00, 0x00, 0x10, 0x00, 0x00, 0x00,
  0x01, 0x00, 0x00, 0x00, 0x04, 0x00, 0x00, 0x00, 0x00, 0x00, 0x00, 0x00,
  0x01, 0x00, 0x00, 0x00, 0x40, 0x9f, 0xb1, 0x3b, 0x22, 0x00, 0x00, 0x00,
  0x74, 0x65, 0x61, 0x63, 0x68, 0x65, 0x72, 0x5f, 0x6c, 0x73, 0x74, 0x6d,
  0x2f, 0x6c, 0x73, 0x74, 0x6d, 0x2f, 0x6c, 0x73, 0x74, 0x6d, 0x5f, 0x63,
  0x65, 0x6c, 0x6c, 0x2f, 0x6d, 0x75, 0x6c, 0x5f, 0x31, 0x39, 0x00, 0x00,
  0x02, 0x00, 0x00, 0x00, 0x01, 0x00, 0x00, 0x00, 0x18, 0x00, 0x00, 0x00,
  0xf6, 0x9b, 0xff, 0xff, 0x00, 0x00, 0x00, 0x01, 0x18, 0x00, 0x00, 0x00,
  0x20, 0x00, 0x00, 0x00, 0x3c, 0x00, 0x00, 0x00, 0x96, 0x00, 0x00, 0x00,
  0x00, 0x00, 0x00, 0x09, 0x58, 0x00, 0x00, 0x00, 0x02, 0x00, 0x00, 0x00,
  0xff, 0xff, 0xff, 0xff, 0x18, 0x00, 0x00, 0x00, 0xdc, 0x9b, 0xff, 0xff,
  0x08, 0x00, 0x00, 0x00, 0x10, 0x00, 0x00, 0x00, 0x01, 0x00, 0x00, 0x00,
  0x00, 0x00, 0x00, 0x00, 0x00, 0x00, 0x00, 0x00, 0x01, 0x00, 0x00, 0x00,
  0x00, 0x00, 0x00, 0x3c, 0x23, 0x00, 0x00, 0x00, 0x74, 0x65, 0x61, 0x63,
  0x68, 0x65, 0x72, 0x5f, 0x6c, 0x73, 0x74, 0x6d, 0x2f, 0x6c, 0x73, 0x74,
  0x6d, 0x2f, 0x6c, 0x73, 0x74, 0x6d, 0x5f, 0x63, 0x65, 0x6c, 0x6c, 0x2f,
  0x54, 0x61, 0x6e, 0x68, 0x5f, 0x31, 0x32, 0x00, 0x02, 0x00, 0x00, 0x00,
  0x01, 0x00, 0x00, 0x00, 0x18, 0x00, 0x00, 0x00, 0x76, 0x9c, 0xff, 0xff,
  0x00, 0x00, 0x00, 0x01, 0x18, 0x00, 0x00, 0x00, 0x20, 0x00, 0x00, 0x00,
  0x40, 0x00, 0x00, 0x00, 0x95, 0x00, 0x00, 0x00, 0x00, 0x00, 0x00, 0x09,
  0x60, 0x00, 0x00, 0x00, 0x02, 0x00, 0x00, 0x00, 0xff, 0xff, 0xff, 0xff,
  0x18, 0x00, 0x00, 0x00, 0x5c, 0x9c, 0xff, 0xff, 0x08, 0x00, 0x00, 0x00,
  0x14, 0x00, 0x00, 0x00, 0x01, 0x00, 0x00, 0x00, 0x80, 0xff, 0xff, 0xff,
  0xff, 0xff, 0xff, 0xff, 0x00, 0x00, 0x00, 0x00, 0x01, 0x00, 0x00, 0x00,
  0x00, 0x00, 0x80, 0x3b, 0x26, 0x00, 0x00, 0x00, 0x74, 0x65, 0x61, 0x63,
  0x68, 0x65, 0x72, 0x5f, 0x6c, 0x73, 0x74, 0x6d, 0x2f, 0x6c, 0x73, 0x74,
  0x6d, 0x2f, 0x6c, 0x73, 0x74, 0x6d, 0x5f, 0x63, 0x65, 0x6c, 0x6c, 0x2f,
  0x53, 0x69, 0x67, 0x6d, 0x6f, 0x69, 0x64, 0x5f, 0x32, 0x30, 0x00, 0x00,
  0x02, 0x00, 0x00, 0x00, 0x01, 0x00, 0x00, 0x00, 0x18, 0x00, 0x00, 0x00,
  0xfe, 0x9c, 0xff, 0xff, 0x00, 0x00, 0x00, 0x01, 0x18, 0x00, 0x00, 0x00,
  0x20, 0x00, 0x00, 0x00, 0x40, 0x00, 0x00, 0x00, 0x94, 0x00, 0x00, 0x00,
  0x00, 0x00, 0x00, 0x09, 0x60, 0x00, 0x00, 0x00, 0x02, 0x00, 0x00, 0x00,
  0xff, 0xff, 0xff, 0xff, 0x18, 0x00, 0x00, 0x00, 0xe4, 0x9c, 0xff, 0xff,
  0x08, 0x00, 0x00, 0x00, 0x14, 0x00, 0x00, 0x00, 0x01, 0x00, 0x00, 0x00,
  0x80, 0xff, 0xff, 0xff, 0xff, 0xff, 0xff, 0xff, 0x00, 0x00, 0x00, 0x00,
  0x01, 0x00, 0x00, 0x00, 0x00, 0x00, 0x80, 0x3b, 0x26, 0x00, 0x00, 0x00,
  0x74, 0x65, 0x61, 0x63, 0x68, 0x65, 0x72, 0x5f, 0x6c, 0x73, 0x74, 0x6d,
  0x2f, 0x6c, 0x73, 0x74, 0x6d, 0x2f, 0x6c, 0x73, 0x74, 0x6d, 0x5f, 0x63,
  0x65, 0x6c, 0x6c, 0x2f, 0x53, 0x69, 0x67, 0x6d, 0x6f, 0x69, 0x64, 0x5f,
  0x31, 0x39, 0x00, 0x00, 0x02, 0x00, 0x00, 0x00, 0x01, 0x00, 0x00, 0x00,
  0x18, 0x00, 0x00, 0x00, 0x86, 0x9d, 0xff, 0xff, 0x00, 0x00, 0x00, 0x01,
  0x18, 0x00, 0x00, 0x00, 0x20, 0x00, 0x00, 0x00, 0x40, 0x00, 0x00, 0x00,
  0x93, 0x00, 0x00, 0x00, 0x00, 0x00, 0x00, 0x09, 0x60, 0x00, 0x00, 0x00,
  0x02, 0x00, 0x00, 0x00, 0xff, 0xff, 0xff, 0xff, 0x18, 0x00, 0x00, 0x00,
  0x6c, 0x9d, 0xff, 0xff, 0x08, 0x00, 0x00, 0x00, 0x14, 0x00, 0x00, 0x00,
  0x01, 0x00, 0x00, 0x00, 0x80, 0xff, 0xff, 0xff, 0xff, 0xff, 0xff, 0xff,
  0x00, 0x00, 0x00, 0x00, 0x01, 0x00, 0x00, 0x00, 0x00, 0x00, 0x80, 0x3b,
  0x26, 0x00, 0x00, 0x00, 0x74, 0x65, 0x61, 0x63, 0x68, 0x65, 0x72, 0x5f,
  0x6c, 0x73, 0x74, 0x6d, 0x2f, 0x6c, 0x73, 0x74, 0x6d, 0x2f, 0x6c, 0x73,
  0x74, 0x6d, 0x5f, 0x63, 0x65, 0x6c, 0x6c, 0x2f, 0x53, 0x69, 0x67, 0x6d,
  0x6f, 0x69, 0x64, 0x5f, 0x31, 0x38, 0x00, 0x00, 0x02, 0x00, 0x00, 0x00,
  0x01, 0x00, 0x00, 0x00, 0x18, 0x00, 0x00, 0x00, 0x0e, 0x9e, 0xff, 0xff,
  0x00, 0x00, 0x00, 0x01, 0x18, 0x00, 0x00, 0x00, 0x20, 0x00, 0x00, 0x00,
  0x3c, 0x00, 0x00, 0x00, 0x92, 0x00, 0x00, 0x00, 0x00, 0x00, 0x00, 0x09,
  0xc8, 0x00, 0x00, 0x00, 0x02, 0x00, 0x00, 0x00, 0xff, 0xff, 0xff, 0xff,
  0x18, 0x00, 0x00, 0x00, 0xf4, 0x9d, 0xff, 0xff, 0x08, 0x00, 0x00, 0x00,
  0x10, 0x00, 0x00, 0x00, 0x01, 0x00, 0x00, 0x00, 0xc1, 0xff, 0xff, 0xff,
  0xff, 0xff, 0xff, 0xff, 0x01, 0x00, 0x00, 0x00, 0x66, 0x54, 0x8d, 0x3c,
  0x93, 0x00, 0x00, 0x00, 0x74, 0x65, 0x61, 0x63, 0x68, 0x65, 0x72, 0x5f,
  0x6c, 0x73, 0x74, 0x6d, 0x2f, 0x6c, 0x73, 0x74, 0x6d, 0x2f, 0x6c, 0x73,
  0x74, 0x6d, 0x5f, 0x63, 0x65, 0x6c, 0x6c, 0x2f, 0x73, 0x70, 0x6c, 0x69,
  0x74, 0x5f, 0x36, 0x3b, 0x74, 0x65, 0x61, 0x63, 0x68, 0x65, 0x72, 0x5f,
  0x6c, 0x73, 0x74, 0x6d, 0x2f, 0x6c, 0x73, 0x74, 0x6d, 0x2f, 0x6c, 0x73,
  0x74, 0x6d, 0x5f, 0x63, 0x65, 0x6c, 0x6c, 0x2f, 0x73, 0x70, 0x6c, 0x69,
  0x74, 0x5f, 0x36, 0x31, 0x3b, 0x74, 0x65, 0x61, 0x63, 0x68, 0x65, 0x72,
  0x5f, 0x6c, 0x73, 0x74, 0x6d, 0x2f, 0x6c, 0x73, 0x74, 0x6d, 0x2f, 0x6c,
  0x73, 0x74, 0x6d, 0x5f, 0x63, 0x65, 0x6c, 0x6c, 0x2f, 0x73, 0x70, 0x6c,
  0x69, 0x74, 0x5f, 0x36, 0x32, 0x3b, 0x74, 0x65, 0x61, 0x63, 0x68, 0x65,
  0x72, 0x5f, 0x6c, 0x73, 0x74, 0x6d, 0x2f, 0x6c, 0x73, 0x74, 0x6d, 0x2f,
  0x6c, 0x73, 0x74, 0x6d, 0x5f, 0x63, 0x65, 0x6c, 0x6c, 0x2f, 0x73, 0x70,
  0x6c, 0x69, 0x74, 0x5f, 0x36, 0x33, 0x33, 0x00, 0x02, 0x00, 0x00, 0x00,
  0x01, 0x00, 0x00, 0x00, 0x18, 0x00, 0x00, 0x00, 0xfe, 0x9e, 0xff, 0xff,
  0x00, 0x00, 0x00, 0x01, 0x18, 0x00, 0x00, 0x00, 0x20, 0x00, 0x00, 0x00,
  0x3c, 0x00, 0x00, 0x00, 0x91, 0x00, 0x00, 0x00, 0x00, 0x00, 0x00, 0x09,
  0xc8, 0x00, 0x00, 0x00, 0x02, 0x00, 0x00, 0x00, 0xff, 0xff, 0xff, 0xff,
  0x18, 0x00, 0x00, 0x00, 0xe4, 0x9e, 0xff, 0xff, 0x08, 0x00, 0x00, 0x00,
  0x10, 0x00, 0x00, 0x00, 0x01, 0x00, 0x00, 0x00, 0xc1, 0xff, 0xff, 0xff,
  0xff, 0xff, 0xff, 0xff, 0x01, 0x00, 0x00, 0x00, 0x66, 0x54, 0x8d, 0x3c,
  0x93, 0x00, 0x00, 0x00, 0x74, 0x65, 0x61, 0x63, 0x68, 0x65, 0x72, 0x5f,
  0x6c, 0x73, 0x74, 0x6d, 0x2f, 0x6c, 0x73, 0x74, 0x6d, 0x2f, 0x6c, 0x73,
  0x74, 0x6d, 0x5f, 0x63, 0x65, 0x6c, 0x6c, 0x2f, 0x73, 0x70, 0x6c, 0x69,
  0x74, 0x5f, 0x36, 0x3b, 0x74, 0x65, 0x61, 0x63, 0x68, 0x65, 0x72, 0x5f,
  0x6c, 0x73, 0x74, 0x6d, 0x2f, 0x6c, 0x73, 0x74, 0x6d, 0x2f, 0x6c, 0x73,
  0x74, 0x6d, 0x5f, 0x63, 0x65, 0x6c, 0x6c, 0x2f, 0x73, 0x70, 0x6c, 0x69,
  0x74, 0x5f, 0x36, 0x31, 0x3b, 0x74, 0x65, 0x61, 0x63, 0x68, 0x65, 0x72,
  0x5f, 0x6c, 0x73, 0x74, 0x6d, 0x2f, 0x6c, 0x73, 0x74, 0x6d, 0x2f, 0x6c,
  0x73, 0x74, 0x6d, 0x5f, 0x63, 0x65, 0x6c, 0x6c, 0x2f, 0x73, 0x70, 0x6c,
  0x69, 0x74, 0x5f, 0x36, 0x32, 0x3b, 0x74, 0x65, 0x61, 0x63, 0x68, 0x65,
  0x72, 0x5f, 0x6c, 0x73, 0x74, 0x6d, 0x2f, 0x6c, 0x73, 0x74, 0x6d, 0x2f,
  0x6c, 0x73, 0x74, 0x6d, 0x5f, 0x63, 0x65, 0x6c, 0x6c, 0x2f, 0x73, 0x70,
  0x6c, 0x69, 0x74, 0x5f, 0x36, 0x33, 0x32, 0x00, 0x02, 0x00, 0x00, 0x00,
  0x01, 0x00, 0x00, 0x00, 0x18, 0x00, 0x00, 0x00, 0xee, 0x9f, 0xff, 0xff,
  0x00, 0x00, 0x00, 0x01, 0x18, 0x00, 0x00, 0x00, 0x20, 0x00, 0x00, 0x00,
  0x3c, 0x00, 0x00, 0x00, 0x90, 0x00, 0x00, 0x00, 0x00, 0x00, 0x00, 0x09,
  0xc8, 0x00, 0x00, 0x00, 0x02, 0x00, 0x00, 0x00, 0xff, 0xff, 0xff, 0xff,
  0x18, 0x00, 0x00, 0x00, 0xd4, 0x9f, 0xff, 0xff, 0x08, 0x00, 0x00, 0x00,
  0x10, 0x00, 0x00, 0x00, 0x01, 0x00, 0x00, 0x00, 0xc1, 0xff, 0xff, 0xff,
  0xff, 0xff, 0xff, 0xff, 0x01, 0x00, 0x00, 0x00, 0x66, 0x54, 0x8d, 0x3c,
  0x93, 0x00, 0x00, 0x00, 0x74, 0x65, 0x61, 0x63, 0x68, 0x65, 0x72, 0x5f,
  0x6c, 0x73, 0x74, 0x6d, 0x2f, 0x6c, 0x73, 0x74, 0x6d, 0x2f, 0x6c, 0x73,
  0x74, 0x6d, 0x5f, 0x63, 0x65, 0x6c, 0x6c, 0x2f, 0x73, 0x70, 0x6c, 0x69,
  0x74, 0x5f, 0x36, 0x3b, 0x74, 0x65, 0x61, 0x63, 0x68, 0x65, 0x72, 0x5f,
  0x6c, 0x73, 0x74, 0x6d, 0x2f, 0x6c, 0x73, 0x74, 0x6d, 0x2f, 0x6c, 0x73,
  0x74, 0x6d, 0x5f, 0x63, 0x65, 0x6c, 0x6c, 0x2f, 0x73, 0x70, 0x6c, 0x69,
  0x74, 0x5f, 0x36, 0x31, 0x3b, 0x74, 0x65, 0x61, 0x63, 0x68, 0x65, 0x72,
  0x5f, 0x6c, 0x73, 0x74, 0x6d, 0x2f, 0x6c, 0x73, 0x74, 0x6d, 0x2f, 0x6c,
  0x73, 0x74, 0x6d, 0x5f, 0x63, 0x65, 0x6c, 0x6c, 0x2f, 0x73, 0x70, 0x6c,
  0x69, 0x74, 0x5f, 0x36, 0x32, 0x3b, 0x74, 0x65, 0x61, 0x63, 0x68, 0x65,
  0x72, 0x5f, 0x6c, 0x73, 0x74, 0x6d, 0x2f, 0x6c, 0x73, 0x74, 0x6d, 0x2f,
  0x6c, 0x73, 0x74, 0x6d, 0x5f, 0x63, 0x65, 0x6c, 0x6c, 0x2f, 0x73, 0x70,
  0x6c, 0x69, 0x74, 0x5f, 0x36, 0x33, 0x31, 0x00, 0x02, 0x00, 0x00, 0x00,
  0x01, 0x00, 0x00, 0x00, 0x18, 0x00, 0x00, 0x00, 0xde, 0xa0, 0xff, 0xff,
  0x00, 0x00, 0x00, 0x01, 0x18, 0x00, 0x00, 0x00, 0x20, 0x00, 0x00, 0x00,
  0x3c, 0x00, 0x00, 0x00, 0x8f, 0x00, 0x00, 0x00, 0x00, 0x00, 0x00, 0x09,
  0xc8, 0x00, 0x00, 0x00, 0x02, 0x00, 0x00, 0x00, 0xff, 0xff, 0xff, 0xff,
  0x18, 0x00, 0x00, 0x00, 0xc4, 0xa0, 0xff, 0xff, 0x08, 0x00, 0x00, 0x00,
  0x10, 0x00, 0x00, 0x00, 0x01, 0x00, 0x00, 0x00, 0xc1, 0xff, 0xff, 0xff,
  0xff, 0xff, 0xff, 0xff, 0x01, 0x00, 0x00, 0x00, 0x66, 0x54, 0x8d, 0x3c,
  0x92, 0x00, 0x00, 0x00, 0x74, 0x65, 0x61, 0x63, 0x68, 0x65, 0x72, 0x5f,
  0x6c, 0x73, 0x74, 0x6d, 0x2f, 0x6c, 0x73, 0x74, 0x6d, 0x2f, 0x6c, 0x73,
  0x74, 0x6d, 0x5f, 0x63, 0x65, 0x6c, 0x6c, 0x2f, 0x73, 0x70, 0x6c, 0x69,
  0x74, 0x5f, 0x36, 0x3b, 0x74, 0x65, 0x61, 0x63, 0x68, 0x65, 0x72, 0x5f,
  0x6c, 0x73, 0x74, 0x6d, 0x2f, 0x6c, 0x73, 0x74, 0x6d, 0x2f, 0x6c, 0x73,
  0x74, 0x6d, 0x5f, 0x63, 0x65, 0x6c, 0x6c, 0x2f, 0x73, 0x70, 0x6c, 0x69,
  0x74, 0x5f, 0x36, 0x31, 0x3b, 0x74, 0x65, 0x61, 0x63, 0x68, 0x65, 0x72,
  0x5f, 0x6c, 0x73, 0x74, 0x6d, 0x2f, 0x6c, 0x73, 0x74, 0x6d, 0x2f, 0x6c,
  0x73, 0x74, 0x6d, 0x5f, 0x63, 0x65, 0x6c, 0x6c, 0x2f, 0x73, 0x70, 0x6c,
  0x69, 0x74, 0x5f, 0x36, 0x32, 0x3b, 0x74, 0x65, 0x61, 0x63, 0x68, 0x65,
  0x72, 0x5f, 0x6c, 0x73, 0x74, 0x6d, 0x2f, 0x6c, 0x73, 0x74, 0x6d, 0x2f,
  0x6c, 0x73, 0x74, 0x6d, 0x5f, 0x63, 0x65, 0x6c, 0x6c, 0x2f, 0x73, 0x70,
  0x6c, 0x69, 0x74, 0x5f, 0x36, 0x33, 0x00, 0x00, 0x02, 0x00, 0x00, 0x00,
  0x01, 0x00, 0x00, 0x00, 0x18, 0x00, 0x00, 0x00, 0xce, 0xa1, 0xff, 0xff,
  0x00, 0x00, 0x00, 0x01, 0x18, 0x00, 0x00, 0x00, 0x20, 0x00, 0x00, 0x00,
  0x40, 0x00, 0x00, 0x00, 0x8e, 0x00, 0x00, 0x00, 0x00, 0x00, 0x00, 0x09,
  0x60, 0x00, 0x00, 0x00, 0x02, 0x00, 0x00, 0x00, 0xff, 0xff, 0xff, 0xff,
  0x60, 0x00, 0x00, 0x00, 0xb4, 0xa1, 0xff, 0xff, 0x08, 0x00, 0x00, 0x00,
  0x14, 0x00, 0x00, 0x00, 0x01, 0x00, 0x00, 0x00, 0xc1, 0xff, 0xff, 0xff,
  0xff, 0xff, 0xff, 0xff, 0x00, 0x00, 0x00, 0x00, 0x01, 0x00, 0x00, 0x00,
  0x66, 0x54, 0x8d, 0x3c, 0x25, 0x00, 0x00, 0x00, 0x74, 0x65, 0x61, 0x63,
  0x68, 0x65, 0x72, 0x5f, 0x6c, 0x73, 0x74, 0x6d, 0x2f, 0x6c, 0x73, 0x74,
  0x6d, 0x2f, 0x6c, 0x73, 0x74, 0x6d, 0x5f, 0x63, 0x65, 0x6c, 0x6c, 0x2f,
  0x42, 0x69, 0x61, 0x73, 0x41, 0x64, 0x64, 0x5f, 0x36, 0x00, 0x00, 0x00,
  0x02, 0x00, 0x00, 0x00, 0x01, 0x00, 0x00, 0x00, 0x60, 0x00, 0x00, 0x00,
  0x56, 0xa2, 0xff, 0xff, 0x00, 0x00, 0x00, 0x01, 0x18, 0x00, 0x00, 0x00,
  0x20, 0x00, 0x00, 0x00, 0x3c, 0x00, 0x00, 0x00, 0x8d, 0x00, 0x00, 0x00,
  0x00, 0x00, 0x00, 0x09, 0x58, 0x00, 0x00, 0x00, 0x02, 0x00, 0x00, 0x00,
  0xff, 0xff, 0xff, 0xff, 0x60, 0x00, 0x00, 0x00, 0x3c, 0xa2, 0xff, 0xff,
  0x08, 0x00, 0x00, 0x00, 0x10, 0x00, 0x00, 0x00, 0x01, 0x00, 0x00, 0x00,
  0xcd, 0xff, 0xff, 0xff, 0xff, 0xff, 0xff, 0xff, 0x01, 0x00, 0x00, 0x00,
  0x54, 0x22, 0x97, 0x3c, 0x22, 0x00, 0x00, 0x00, 0x74, 0x65, 0x61, 0x63,
  0x68, 0x65, 0x72, 0x5f, 0x6c, 0x73, 0x74, 0x6d, 0x2f, 0x6c, 0x73, 0x74,
  0x6d, 0x2f, 0x6c, 0x73, 0x74, 0x6d, 0x5f, 0x63, 0x65, 0x6c, 0x6c, 0x2f,
  0x61, 0x64, 0x64, 0x5f, 0x31, 0x32, 0x00, 0x00, 0x02, 0x00, 0x00, 0x00,
  0x01, 0x00, 0x00, 0x00, 0x60, 0x00, 0x00, 0x00, 0xd6, 0xa2, 0xff, 0xff,
  0x00, 0x00, 0x00, 0x01, 0x18, 0x00, 0x00, 0x00, 0x20, 0x00, 0x00, 0x00,
  0x40, 0x00, 0x00, 0x00, 0x8c, 0x00, 0x00, 0x00, 0x00, 0x00, 0x00, 0x09,
  0x60, 0x00, 0x00, 0x00, 0x02, 0x00, 0x00, 0x00, 0xff, 0xff, 0xff, 0xff,
  0x60, 0x00, 0x00, 0x00, 0xbc, 0xa2, 0xff, 0xff, 0x08, 0x00, 0x00, 0x00,
  0x14, 0x00, 0x00, 0x00, 0x01, 0x00, 0x00, 0x00, 0xde, 0xff, 0xff, 0xff,
  0xff, 0xff, 0xff, 0xff, 0x00, 0x00, 0x00, 0x00, 0x01, 0x00, 0x00, 0x00,
  0x0e, 0x27, 0x2b, 0x3c, 0x25, 0x00, 0x00, 0x00, 0x74, 0x65, 0x61, 0x63,
  0x68, 0x65, 0x72, 0x5f, 0x6c, 0x73, 0x74, 0x6d, 0x2f, 0x6c, 0x73, 0x74,
  0x6d, 0x2f, 0x6c, 0x73, 0x74, 0x6d, 0x5f, 0x63, 0x65, 0x6c, 0x6c, 0x2f,
  0x4d, 0x61, 0x74, 0x4d, 0x75, 0x6c, 0x5f, 0x31, 0x33, 0x00, 0x00, 0x00,
  0x02, 0x00, 0x00, 0x00, 0x01, 0x00, 0x00, 0x00, 0x60, 0x00, 0x00, 0x00,
  0x5e, 0xa3, 0xff, 0xff, 0x00, 0x00, 0x00, 0x01, 0x18, 0x00, 0x00, 0x00,
  0x20, 0x00, 0x00, 0x00, 0x3c, 0x00, 0x00, 0x00, 0x8b, 0x00, 0x00, 0x00,
  0x00, 0x00, 0x00, 0x09, 0x58, 0x00, 0x00, 0x00, 0x02, 0x00, 0x00, 0x00,
  0xff, 0xff, 0xff, 0xff, 0x18, 0x00, 0x00, 0x00, 0x44, 0xa3, 0xff, 0xff,
  0x08, 0x00, 0x00, 0x00, 0x10, 0x00, 0x00, 0x00, 0x01, 0x00, 0x00, 0x00,
  0x00, 0x00, 0x00, 0x00, 0x00, 0x00, 0x00, 0x00, 0x01, 0x00, 0x00, 0x00,
  0x29, 0x66, 0xd7, 0x3b, 0x22, 0x00, 0x00, 0x00, 0x74, 0x65, 0x61, 0x63,
  0x68, 0x65, 0x72, 0x5f, 0x6c, 0x73, 0x74, 0x6d, 0x2f, 0x6c, 0x73, 0x74,
  0x6d, 0x2f, 0x6c, 0x73, 0x74, 0x6d, 0x5f, 0x63, 0x65, 0x6c, 0x6c, 0x2f,
  0x6d, 0x75, 0x6c, 0x5f, 0x31, 0x37, 0x00, 0x00, 0x02, 0x00, 0x00, 0x00,
  0x01, 0x00, 0x00, 0x00, 0x18, 0x00, 0x00, 0x00, 0xde, 0xa3, 0xff, 0xff,
  0x00, 0x00, 0x00, 0x01, 0x18, 0x00, 0x00, 0x00, 0x20, 0x00, 0x00, 0x00,
  0x3c, 0x00, 0x00, 0x00, 0x8a, 0x00, 0x00, 0x00, 0x00, 0x00, 0x00, 0x09,
  0x58, 0x00, 0x00, 0x00, 0x02, 0x00, 0x00, 0x00, 0xff, 0xff, 0xff, 0xff,
  0x18, 0x00, 0x00, 0x00, 0xc4, 0xa3, 0xff, 0xff, 0x08, 0x00, 0x00, 0x00,
  0x10, 0x00, 0x00, 0x00, 0x01, 0x00, 0x00, 0x00, 0x00, 0x00, 0x00, 0x00,
  0x00, 0x00, 0x00, 0x00, 0x01, 0x00, 0x00, 0x00, 0x00, 0x00, 0x00, 0x3c,
  0x23, 0x00, 0x00, 0x00, 0x74, 0x65, 0x61, 0x63, 0x68, 0x65, 0x72, 0x5f,
  0x6c, 0x73, 0x74, 0x6d, 0x2f, 0x6c, 0x73, 0x74, 0x6d, 0x2f, 0x6c, 0x73,
  0x74, 0x6d, 0x5f, 0x63, 0x65, 0x6c, 0x6c, 0x2f, 0x54, 0x61, 0x6e, 0x68,
  0x5f, 0x31, 0x31, 0x00, 0x02, 0x00, 0x00, 0x00, 0x01, 0x00, 0x00, 0x00,
  0x18, 0x00, 0x00, 0x00, 0x5e, 0xa4, 0xff, 0xff, 0x00, 0x00, 0x00, 0x01,
  0x18, 0x00, 0x00, 0x00, 0x20, 0x00, 0x00, 0x00, 0x3c, 0x00, 0x00, 0x00,
  0x89, 0x00, 0x00, 0x00, 0x00, 0x00, 0x00, 0x09, 0x58, 0x00, 0x00, 0x00,
  0x02, 0x00, 0x00, 0x00, 0xff, 0xff, 0xff, 0xff, 0x18, 0x00, 0x00, 0x00,
  0x44, 0xa4, 0xff, 0xff, 0x08, 0x00, 0x00, 0x00, 0x10, 0x00, 0x00, 0x00,
  0x01, 0x00, 0x00, 0x00, 0xfd, 0xff, 0xff, 0xff, 0xff, 0xff, 0xff, 0xff,
  0x01, 0x00, 0x00, 0x00, 0x1a, 0x98, 0x89, 0x3c, 0x22, 0x00, 0x00, 0x00,
  0x74, 0x65, 0x61, 0x63, 0x68, 0x65, 0x72, 0x5f, 0x6c, 0x73, 0x74, 0x6d,
  0x2f, 0x6c, 0x73, 0x74, 0x6d, 0x2f, 0x6c, 0x73, 0x74, 0x6d, 0x5f, 0x63,
  0x65, 0x6c, 0x6c, 0x2f, 0x61, 0x64, 0x64, 0x5f, 0x31, 0x31, 0x00, 0x00,
  0x02, 0x00, 0x00, 0x00, 0x01, 0x00, 0x00, 0x00, 0x18, 0x00, 0x00, 0x00,
  0xde, 0xa4, 0xff, 0xff, 0x00, 0x00, 0x00, 0x01, 0x18, 0x00, 0x00, 0x00,
  0x20, 0x00, 0x00, 0x00, 0x3c, 0x00, 0x00, 0x00, 0x88, 0x00, 0x00, 0x00,
  0x00, 0x00, 0x00, 0x09, 0x58, 0x00, 0x00, 0x00, 0x02, 0x00, 0x00, 0x00,
  0xff, 0xff, 0xff, 0xff, 0x18, 0x00, 0x00, 0x00, 0xc4, 0xa4, 0xff, 0xff,
  0x08, 0x00, 0x00, 0x00, 0x10, 0x00, 0x00, 0x00, 0x01, 0x00, 0x00, 0x00,
  0xfd, 0xff, 0xff, 0xff, 0xff, 0xff, 0xff, 0xff, 0x01, 0x00, 0x00, 0x00,
  0x1a, 0x98, 0x89, 0x3c, 0x22, 0x00, 0x00, 0x00, 0x74, 0x65, 0x61, 0x63,
  0x68, 0x65, 0x72, 0x5f, 0x6c, 0x73, 0x74, 0x6d, 0x2f, 0x6c, 0x73, 0x74,
  0x6d, 0x2f, 0x6c, 0x73, 0x74, 0x6d, 0x5f, 0x63, 0x65, 0x6c, 0x6c, 0x2f,
  0x6d, 0x75, 0x6c, 0x5f, 0x31, 0x35, 0x00, 0x00, 0x02, 0x00, 0x00, 0x00,
  0x01, 0x00, 0x00, 0x00, 0x18, 0x00, 0x00, 0x00, 0x5e, 0xa5, 0xff, 0xff,
  0x00, 0x00, 0x00, 0x01, 0x18, 0x00, 0x00, 0x00, 0x20, 0x00, 0x00, 0x00,
  0x3c, 0x00, 0x00, 0x00, 0x87, 0x00, 0x00, 0x00, 0x00, 0x00, 0x00, 0x09,
  0x58, 0x00, 0x00, 0x00, 0x02, 0x00, 0x00, 0x00, 0xff, 0xff, 0xff, 0xff,
  0x18, 0x00, 0x00, 0x00, 0x44, 0xa5, 0xff, 0xff, 0x08, 0x00, 0x00, 0x00,
  0x10, 0x00, 0x00, 0x00, 0x01, 0x00, 0x00, 0x00, 0x06, 0x00, 0x00, 0x00,
  0x00, 0x00, 0x00, 0x00, 0x01, 0x00, 0x00, 0x00, 0x75, 0x0d, 0xad, 0x3b,
  0x22, 0x00, 0x00, 0x00, 0x74, 0x65, 0x61, 0x63, 0x68, 0x65, 0x72, 0x5f,
  0x6c, 0x73, 0x74, 0x6d, 0x2f, 0x6c, 0x73, 0x74, 0x6d, 0x2f, 0x6c, 0x73,
  0x74, 0x6d, 0x5f, 0x63, 0x65, 0x6c, 0x6c, 0x2f, 0x6d, 0x75, 0x6c, 0x5f,
  0x31, 0x36, 0x00, 0x00, 0x02, 0x00, 0x00, 0x00, 0x01, 0x00, 0x00, 0x00,
  0x18, 0x00, 0x00, 0x00, 0xde, 0xa5, 0xff, 0xff, 0x00, 0x00, 0x00, 0x01,
  0x18, 0x00, 0x00, 0x00, 0x20, 0x00, 0x00, 0x00, 0x3c, 0x00, 0x00, 0x00,
  0x86, 0x00, 0x00, 0x00, 0x00, 0x00, 0x00, 0x09, 0x58, 0x00, 0x00, 0x00,
  0x02, 0x00, 0x00, 0x00, 0xff, 0xff, 0xff, 0xff, 0x18, 0x00, 0x00, 0x00,
  0xc4, 0xa5, 0xff, 0xff, 0x08, 0x00, 0x00, 0x00, 0x10, 0x00, 0x00, 0x00,
  0x01, 0x00, 0x00, 0x00, 0x00, 0x00, 0x00, 0x00, 0x00, 0x00, 0x00, 0x00,
  0x01, 0x00, 0x00, 0x00, 0x00, 0x00, 0x00, 0x3c, 0x23, 0x00, 0x00, 0x00,
  0x74, 0x65, 0x61, 0x63, 0x68, 0x65, 0x72, 0x5f, 0x6c, 0x73, 0x74, 0x6d,
  0x2f, 0x6c, 0x73, 0x74, 0x6d, 0x2f, 0x6c, 0x73, 0x74, 0x6d, 0x5f, 0x63,
  0x65, 0x6c, 0x6c, 0x2f, 0x54, 0x61, 0x6e, 0x68, 0x5f, 0x31, 0x30, 0x00,
  0x02, 0x00, 0x00, 0x00, 0x01, 0x00, 0x00, 0x00, 0x18, 0x00, 0x00, 0x00,
  0x5e, 0xa6, 0xff, 0xff, 0x00, 0x00, 0x00, 0x01, 0x18, 0x00, 0x00, 0x00,
  0x20, 0x00, 0x00, 0x00, 0x40, 0x00, 0x00, 0x00, 0x85, 0x00, 0x00, 0x00,
  0x00, 0x00, 0x00, 0x09, 0x60, 0x00, 0x00, 0x00, 0x02, 0x00, 0x00, 0x00,
  0xff, 0xff, 0xff, 0xff, 0x18, 0x00, 0x00, 0x00, 0x44, 0xa6, 0xff, 0xff,
  0x08, 0x00, 0x00, 0x00, 0x14, 0x00, 0x00, 0x00, 0x01, 0x00, 0x00, 0x00,
  0x80, 0xff, 0xff, 0xff, 0xff, 0xff, 0xff, 0xff, 0x00, 0x00, 0x00, 0x00,
  0x01, 0x00, 0x00, 0x00, 0x00, 0x00, 0x80, 0x3b, 0x26, 0x00, 0x00, 0x00,
  0x74, 0x65, 0x61, 0x63, 0x68, 0x65, 0x72, 0x5f, 0x6c, 0x73, 0x74, 0x6d,
  0x2f, 0x6c, 0x73, 0x74, 0x6d, 0x2f, 0x6c, 0x73, 0x74, 0x6d, 0x5f, 0x63,
  0x65, 0x6c, 0x6c, 0x2f, 0x53, 0x69, 0x67, 0x6d, 0x6f, 0x69, 0x64, 0x5f,
  0x31, 0x37, 0x00, 0x00, 0x02, 0x00, 0x00, 0x00, 0x01, 0x00, 0x00, 0x00,
  0x18, 0x00, 0x00, 0x00, 0xe6, 0xa6, 0xff, 0xff, 0x00, 0x00, 0x00, 0x01,
  0x18, 0x00, 0x00, 0x00, 0x20, 0x00, 0x00, 0x00, 0x40, 0x00, 0x00, 0x00,
  0x84, 0x00, 0x00, 0x00, 0x00, 0x00, 0x00, 0x09, 0x60, 0x00, 0x00, 0x00,
  0x02, 0x00, 0x00, 0x00, 0xff, 0xff, 0xff, 0xff, 0x18, 0x00, 0x00, 0x00,
  0xcc, 0xa6, 0xff, 0xff, 0x08, 0x00, 0x00, 0x00, 0x14, 0x00, 0x00, 0x00,
  0x01, 0x00, 0x00, 0x00, 0x80, 0xff, 0xff, 0xff, 0xff, 0xff, 0xff, 0xff,
  0x00, 0x00, 0x00, 0x00, 0x01, 0x00, 0x00, 0x00, 0x00, 0x00, 0x80, 0x3b,
  0x26, 0x00, 0x00, 0x00, 0x74, 0x65, 0x61, 0x63, 0x68, 0x65, 0x72, 0x5f,
  0x6c, 0x73, 0x74, 0x6d, 0x2f, 0x6c, 0x73, 0x74, 0x6d, 0x2f, 0x6c, 0x73,
  0x74, 0x6d, 0x5f, 0x63, 0x65, 0x6c, 0x6c, 0x2f, 0x53, 0x69, 0x67, 0x6d,
  0x6f, 0x69, 0x64, 0x5f, 0x31, 0x36, 0x00, 0x00, 0x02, 0x00, 0x00, 0x00,
  0x01, 0x00, 0x00, 0x00, 0x18, 0x00, 0x00, 0x00, 0x6e, 0xa7, 0xff, 0xff,
  0x00, 0x00, 0x00, 0x01, 0x18, 0x00, 0x00, 0x00, 0x20, 0x00, 0x00, 0x00,
  0x40, 0x00, 0x00, 0x00, 0x83, 0x00, 0x00, 0x00, 0x00, 0x00, 0x00, 0x09,
  0x60, 0x00, 0x00, 0x00, 0x02, 0x00, 0x00, 0x00, 0xff, 0xff, 0xff, 0xff,
  0x18, 0x00, 0x00, 0x00, 0x54, 0xa7, 0xff, 0xff, 0x08, 0x00, 0x00, 0x00,
  0x14, 0x00, 0x00, 0x00, 0x01, 0x00, 0x00, 0x00, 0x80, 0xff, 0xff, 0xff,
  0xff, 0xff, 0xff, 0xff, 0x00, 0x00, 0x00, 0x00, 0x01, 0x00, 0x00, 0x00,
  0x00, 0x00, 0x80, 0x3b, 0x26, 0x00, 0x00, 0x00, 0x74, 0x65, 0x61, 0x63,
  0x68, 0x65, 0x72, 0x5f, 0x6c, 0x73, 0x74, 0x6d, 0x2f, 0x6c, 0x73, 0x74,
  0x6d, 0x2f, 0x6c, 0x73, 0x74, 0x6d, 0x5f, 0x63, 0x65, 0x6c, 0x6c, 0x2f,
  0x53, 0x69, 0x67, 0x6d, 0x6f, 0x69, 0x64, 0x5f, 0x31, 0x35, 0x00, 0x00,
  0x02, 0x00, 0x00, 0x00, 0x01, 0x00, 0x00, 0x00, 0x18, 0x00, 0x00, 0x00,
  0xf6, 0xa7, 0xff, 0xff, 0x00, 0x00, 0x00, 0x01, 0x18, 0x00, 0x00, 0x00,
  0x20, 0x00, 0x00, 0x00, 0x3c, 0x00, 0x00, 0x00, 0x82, 0x00, 0x00, 0x00,
  0x00, 0x00, 0x00, 0x09, 0xc8, 0x00, 0x00, 0x00, 0x02, 0x00, 0x00, 0x00,
  0xff, 0xff, 0xff, 0xff, 0x18, 0x00, 0x00, 0x00, 0xdc, 0xa7, 0xff, 0xff,
  0x08, 0x00, 0x00, 0x00, 0x10, 0x00, 0x00, 0x00, 0x01, 0x00, 0x00, 0x00,
  0xc3, 0xff, 0xff, 0xff, 0xff, 0xff, 0xff, 0xff, 0x01, 0x00, 0x00, 0x00,
  0xcf, 0x11, 0x8a, 0x3c, 0x93, 0x00, 0x00, 0x00, 0x74, 0x65, 0x61, 0x63,
  0x68, 0x65, 0x72, 0x5f, 0x6c, 0x73, 0x74, 0x6d, 0x2f, 0x6c, 0x73, 0x74,
  0x6d, 0x2f, 0x6c, 0x73, 0x74, 0x6d, 0x5f, 0x63, 0x65, 0x6c, 0x6c, 0x2f,
  0x73, 0x70, 0x6c, 0x69, 0x74, 0x5f, 0x35, 0x3b, 0x74, 0x65, 0x61, 0x63,
  0x68, 0x65, 0x72, 0x5f, 0x6c, 0x73, 0x74, 0x6d, 0x2f, 0x6c, 0x73, 0x74,
  0x6d, 0x2f, 0x6c, 0x73, 0x74, 0x6d, 0x5f, 0x63, 0x65, 0x6c, 0x6c, 0x2f,
  0x73, 0x70, 0x6c, 0x69, 0x74, 0x5f, 0x35, 0x31, 0x3b, 0x74, 0x65, 0x61,
  0x63, 0x68, 0x65, 0x72, 0x5f, 0x6c, 0x73, 0x74, 0x6d, 0x2f, 0x6c, 0x73,
  0x74, 0x6d, 0x2f, 0x6c, 0x73, 0x74, 0x6d, 0x5f, 0x63, 0x65, 0x6c, 0x6c,
  0x2f, 0x73, 0x70, 0x6c, 0x69, 0x74, 0x5f, 0x35, 0x32, 0x3b, 0x74, 0x65,
  0x61, 0x63, 0x68, 0x65, 0x72, 0x5f, 0x6c, 0x73, 0x74, 0x6d, 0x2f, 0x6c,
  0x73, 0x74, 0x6d, 0x2f, 0x6c, 0x73, 0x74, 0x6d, 0x5f, 0x63, 0x65, 0x6c,
  0x6c, 0x2f, 0x73, 0x70, 0x6c, 0x69, 0x74, 0x5f, 0x35, 0x33, 0x33, 0x00,
  0x02, 0x00, 0x00, 0x00, 0x01, 0x00, 0x00, 0x00, 0x18, 0x00, 0x00, 0x00,
  0xe6, 0xa8, 0xff, 0xff, 0x00, 0x00, 0x00, 0x01, 0x18, 0x00, 0x00, 0x00,
  0x20, 0x00, 0x00, 0x00, 0x3c, 0x00, 0x00, 0x00, 0x81, 0x00, 0x00, 0x00,
  0x00, 0x00, 0x00, 0x09, 0xc8, 0x00, 0x00, 0x00, 0x02, 0x00, 0x00, 0x00,
  0xff, 0xff, 0xff, 0xff, 0x18, 0x00, 0x00, 0x00, 0xcc, 0xa8, 0xff, 0xff,
  0x08, 0x00, 0x00, 0x00, 0x10, 0x00, 0x00, 0x00, 0x01, 0x00, 0x00, 0x00,
  0xc3, 0xff, 0xff, 0xff, 0xff, 0xff, 0xff, 0xff, 0x01, 0x00, 0x00, 0x00,
  0xcf, 0x11, 0x8a, 0x3c, 0x93, 0x00, 0x00, 0x00, 0x74, 0x65, 0x61, 0x63,
  0x68, 0x65, 0x72, 0x5f, 0x6c, 0x73, 0x74, 0x6d, 0x2f, 0x6c, 0x73, 0x74,
  0x6d, 0x2f, 0x6c, 0x73, 0x74, 0x6d, 0x5f, 0x63, 0x65, 0x6c, 0x6c, 0x2f,
  0x73, 0x70, 0x6c, 0x69, 0x74, 0x5f, 0x35, 0x3b, 0x74, 0x65, 0x61, 0x63,
  0x68, 0x65, 0x72, 0x5f, 0x6c, 0x73, 0x74, 0x6d, 0x2f, 0x6c, 0x73, 0x74,
  0x6d, 0x2f, 0x6c, 0x73, 0x74, 0x6d, 0x5f, 0x63, 0x65, 0x6c, 0x6c, 0x2f,
  0x73, 0x70, 0x6c, 0x69, 0x74, 0x5f, 0x35, 0x31, 0x3b, 0x74, 0x65, 0x61,
  0x63, 0x68, 0x65, 0x72, 0x5f, 0x6c, 0x73, 0x74, 0x6d, 0x2f, 0x6c, 0x73,
  0x74, 0x6d, 0x2f, 0x6c, 0x73, 0x74, 0x6d, 0x5f, 0x63, 0x65, 0x6c, 0x6c,
  0x2f, 0x73, 0x70, 0x6c, 0x69, 0x74, 0x5f, 0x35, 0x32, 0x3b, 0x74, 0x65,
  0x61, 0x63, 0x68, 0x65, 0x72, 0x5f, 0x6c, 0x73, 0x74, 0x6d, 0x2f, 0x6c,
  0x73, 0x74, 0x6d, 0x2f, 0x6c, 0x73, 0x74, 0x6d, 0x5f, 0x63, 0x65, 0x6c,
  0x6c, 0x2f, 0x73, 0x70, 0x6c, 0x69, 0x74, 0x5f, 0x35, 0x33, 0x32, 0x00,
  0x02, 0x00, 0x00, 0x00, 0x01, 0x00, 0x00, 0x00, 0x18, 0x00, 0x00, 0x00,
  0xd6, 0xa9, 0xff, 0xff, 0x00, 0x00, 0x00, 0x01, 0x18, 0x00, 0x00, 0x00,
  0x20, 0x00, 0x00, 0x00, 0x3c, 0x00, 0x00, 0x00, 0x80, 0x00, 0x00, 0x00,
  0x00, 0x00, 0x00, 0x09, 0xc8, 0x00, 0x00, 0x00, 0x02, 0x00, 0x00, 0x00,
  0xff, 0xff, 0xff, 0xff, 0x18, 0x00, 0x00, 0x00, 0xbc, 0xa9, 0xff, 0xff,
  0x08, 0x00, 0x00, 0x00, 0x10, 0x00, 0x00, 0x00, 0x01, 0x00, 0x00, 0x00,
  0xc3, 0xff, 0xff, 0xff, 0xff, 0xff, 0xff, 0xff, 0x01, 0x00, 0x00, 0x00,
  0xcf, 0x11, 0x8a, 0x3c, 0x93, 0x00, 0x00, 0x00, 0x74, 0x65, 0x61, 0x63,
  0x68, 0x65, 0x72, 0x5f, 0x6c, 0x73, 0x74, 0x6d, 0x2f, 0x6c, 0x73, 0x74,
  0x6d, 0x2f, 0x6c, 0x73, 0x74, 0x6d, 0x5f, 0x63, 0x65, 0x6c, 0x6c, 0x2f,
  0x73, 0x70, 0x6c, 0x69, 0x74, 0x5f, 0x35, 0x3b, 0x74, 0x65, 0x61, 0x63,
  0x68, 0x65, 0x72, 0x5f, 0x6c, 0x73, 0x74, 0x6d, 0x2f, 0x6c, 0x73, 0x74,
  0x6d, 0x2f, 0x6c, 0x73, 0x74, 0x6d, 0x5f, 0x63, 0x65, 0x6c, 0x6c, 0x2f,
  0x73, 0x70, 0x6c, 0x69, 0x74, 0x5f, 0x35, 0x31, 0x3b, 0x74, 0x65, 0x61,
  0x63, 0x68, 0x65, 0x72, 0x5f, 0x6c, 0x73, 0x74, 0x6d, 0x2f, 0x6c, 0x73,
  0x74, 0x6d, 0x2f, 0x6c, 0x73, 0x74, 0x6d, 0x5f, 0x63, 0x65, 0x6c, 0x6c,
  0x2f, 0x73, 0x70, 0x6c, 0x69, 0x74, 0x5f, 0x35, 0x32, 0x3b, 0x74, 0x65,
  0x61, 0x63, 0x68, 0x65, 0x72, 0x5f, 0x6c, 0x73, 0x74, 0x6d, 0x2f, 0x6c,
  0x73, 0x74, 0x6d, 0x2f, 0x6c, 0x73, 0x74, 0x6d, 0x5f, 0x63, 0x65, 0x6c,
  0x6c, 0x2f, 0x73, 0x70, 0x6c, 0x69, 0x74, 0x5f, 0x35, 0x33, 0x31, 0x00,
  0x02, 0x00, 0x00, 0x00, 0x01, 0x00, 0x00, 0x00, 0x18, 0x00, 0x00, 0x00,
  0xc6, 0xaa, 0xff, 0xff, 0x00, 0x00, 0x00, 0x01, 0x18, 0x00, 0x00, 0x00,
  0x20, 0x00, 0x00, 0x00, 0x3c, 0x00, 0x00, 0x00, 0x7f, 0x00, 0x00, 0x00,
  0x00, 0x00, 0x00, 0x09, 0xc8, 0x00, 0x00, 0x00, 0x02, 0x00, 0x00, 0x00,
  0xff, 0xff, 0xff, 0xff, 0x18, 0x00, 0x00, 0x00, 0xac, 0xaa, 0xff, 0xff,
  0x08, 0x00, 0x00, 0x00, 0x10, 0x00, 0x00, 0x00, 0x01, 0x00, 0x00, 0x00,
  0xc3, 0xff, 0xff, 0xff, 0xff, 0xff, 0xff, 0xff, 0x01, 0x00, 0x00, 0x00,
  0xcf, 0x11, 0x8a, 0x3c, 0x92, 0x00, 0x00, 0x00, 0x74, 0x65, 0x61, 0x63,
  0x68, 0x65, 0x72, 0x5f, 0x6c, 0x73, 0x74, 0x6d, 0x2f, 0x6c, 0x73, 0x74,
  0x6d, 0x2f, 0x6c, 0x73, 0x74, 0x6d, 0x5f, 0x63, 0x65, 0x6c, 0x6c, 0x2f,
  0x73, 0x70, 0x6c, 0x69, 0x74, 0x5f, 0x35, 0x3b, 0x74, 0x65, 0x61, 0x63,
  0x68, 0x65, 0x72, 0x5f, 0x6c, 0x73, 0x74, 0x6d, 0x2f, 0x6c, 0x73, 0x74,
  0x6d, 0x2f, 0x6c, 0x73, 0x74, 0x6d, 0x5f, 0x63, 0x65, 0x6c, 0x6c, 0x2f,
  0x73, 0x70, 0x6c, 0x69, 0x74, 0x5f, 0x35, 0x31, 0x3b, 0x74, 0x65, 0x61,
  0x63, 0x68, 0x65, 0x72, 0x5f, 0x6c, 0x73, 0x74, 0x6d, 0x2f, 0x6c, 0x73,
  0x74, 0x6d, 0x2f, 0x6c, 0x73, 0x74, 0x6d, 0x5f, 0x63, 0x65, 0x6c, 0x6c,
  0x2f, 0x73, 0x70, 0x6c, 0x69, 0x74, 0x5f, 0x35, 0x32, 0x3b, 0x74, 0x65,
  0x61, 0x63, 0x68, 0x65, 0x72, 0x5f, 0x6c, 0x73, 0x74, 0x6d, 0x2f, 0x6c,
  0x73, 0x74, 0x6d, 0x2f, 0x6c, 0x73, 0x74, 0x6d, 0x5f, 0x63, 0x65, 0x6c,
  0x6c, 0x2f, 0x73, 0x70, 0x6c, 0x69, 0x74, 0x5f, 0x35, 0x33, 0x00, 0x00,
  0x02, 0x00, 0x00, 0x00, 0x01, 0x00, 0x00, 0x00, 0x18, 0x00, 0x00, 0x00,
  0xb6, 0xab, 0xff, 0xff, 0x00, 0x00, 0x00, 0x01, 0x18, 0x00, 0x00, 0x00,
  0x20, 0x00, 0x00, 0x00, 0x40, 0x00, 0x00, 0x00, 0x7e, 0x00, 0x00, 0x00,
  0x00, 0x00, 0x00, 0x09, 0x60, 0x00, 0x00, 0x00, 0x02, 0x00, 0x00, 0x00,
  0xff, 0xff, 0xff, 0xff, 0x60, 0x00, 0x00, 0x00, 0x9c, 0xab, 0xff, 0xff,
  0x08, 0x00, 0x00, 0x00, 0x14, 0x00, 0x00, 0x00, 0x01, 0x00, 0x00, 0x00,
  0xc3, 0xff, 0xff, 0xff, 0xff, 0xff, 0xff, 0xff, 0x00, 0x00, 0x00, 0x00,
  0x01, 0x00, 0x00, 0x00, 0xcf, 0x11, 0x8a, 0x3c, 0x25, 0x00, 0x00, 0x00,
  0x74, 0x65, 0x61, 0x63, 0x68, 0x65, 0x72, 0x5f, 0x6c, 0x73, 0x74, 0x6d,
  0x2f, 0x6c, 0x73, 0x74, 0x6d, 0x2f, 0x6c, 0x73, 0x74, 0x6d, 0x5f, 0x63,
  0x65, 0x6c, 0x6c, 0x2f, 0x42, 0x69, 0x61, 0x73, 0x41, 0x64, 0x64, 0x5f,
  0x35, 0x00, 0x00, 0x00, 0x02, 0x00, 0x00, 0x00, 0x01, 0x00, 0x00, 0x00,
  0x60, 0x00, 0x00, 0x00, 0x3e, 0xac, 0xff, 0xff, 0x00, 0x00, 0x00, 0x01,
  0x18, 0x00, 0x00, 0x00, 0x20, 0x00, 0x00, 0x00, 0x3c, 0x00, 0x00, 0x00,
  0x7d, 0x00, 0x00, 0x00, 0x00, 0x00, 0x00, 0x09, 0x58, 0x00, 0x00, 0x00,
  0x02, 0x00, 0x00, 0x00, 0xff, 0xff, 0xff, 0xff, 0x60, 0x00, 0x00, 0x00,
  0x24, 0xac, 0xff, 0xff, 0x08, 0x00, 0x00, 0x00, 0x10, 0x00, 0x00, 0x00,
  0x01, 0x00, 0x00, 0x00, 0xcf, 0xff, 0xff, 0xff, 0xff, 0xff, 0xff, 0xff,
  0x01, 0x00, 0x00, 0x00, 0x0c, 0x32, 0x93, 0x3c, 0x22, 0x00, 0x00, 0x00,
  0x74, 0x65, 0x61, 0x63, 0x68, 0x65, 0x72, 0x5f, 0x6c, 0x73, 0x74, 0x6d,
  0x2f, 0x6c, 0x73, 0x74, 0x6d, 0x2f, 0x6c, 0x73, 0x74, 0x6d, 0x5f, 0x63,
  0x65, 0x6c, 0x6c, 0x2f, 0x61, 0x64, 0x64, 0x5f, 0x31, 0x30, 0x00, 0x00,
  0x02, 0x00, 0x00, 0x00, 0x01, 0x00, 0x00, 0x00, 0x60, 0x00, 0x00, 0x00,
  0xbe, 0xac, 0xff, 0xff, 0x00, 0x00, 0x00, 0x01, 0x18, 0x00, 0x00, 0x00,
  0x20, 0x00, 0x00, 0x00, 0x40, 0x00, 0x00, 0x00, 0x7c, 0x00, 0x00, 0x00,
  0x00, 0x00, 0x00, 0x09, 0x60, 0x00, 0x00, 0x00, 0x02, 0x00, 0x00, 0x00,
  0xff, 0xff, 0xff, 0xff, 0x60, 0x00, 0x00, 0x00, 0xa4, 0xac, 0xff, 0xff,
  0x08, 0x00, 0x00, 0x00, 0x14, 0x00, 0x00, 0x00, 0x01, 0x00, 0x00, 0x00,
  0xde, 0xff, 0xff, 0xff, 0xff, 0xff, 0xff, 0xff, 0x00, 0x00, 0x00, 0x00,
  0x01, 0x00, 0x00, 0x00, 0x1c, 0x2e, 0x19, 0x3c, 0x26, 0x00, 0x00, 0x00,
  0x74, 0x65, 0x61, 0x63, 0x68, 0x65, 0x72, 0x5f, 0x6c, 0x73, 0x74, 0x6d,
  0x2f, 0x6c, 0x73, 0x74, 0x6d, 0x2f, 0x6c, 0x73, 0x74, 0x6d, 0x5f, 0x63,
  0x65, 0x6c, 0x6c, 0x2f, 0x4d, 0x61, 0x74, 0x4d, 0x75, 0x6c, 0x5f, 0x31,
  0x31, 0x31, 0x00, 0x00, 0x02, 0x00, 0x00, 0x00, 0x01, 0x00, 0x00, 0x00,
  0x60, 0x00, 0x00, 0x00, 0x46, 0xad, 0xff, 0xff, 0x00, 0x00, 0x00, 0x01,
  0x18, 0x00, 0x00, 0x00, 0x20, 0x00, 0x00, 0x00, 0x3c, 0x00, 0x00, 0x00,
  0x7b, 0x00, 0x00, 0x00, 0x00, 0x00, 0x00, 0x09, 0x58, 0x00, 0x00, 0x00,
  0x02, 0x00, 0x00, 0x00, 0xff, 0xff, 0xff, 0xff, 0x18, 0x00, 0x00, 0x00,
  0x2c, 0xad, 0xff, 0xff, 0x08, 0x00, 0x00, 0x00, 0x10, 0x00, 0x00, 0x00,
  0x01, 0x00, 0x00, 0x00, 0x00, 0x00, 0x00, 0x00, 0x00, 0x00, 0x00, 0x00,
  0x01, 0x00, 0x00, 0x00, 0x39, 0x29, 0xd0, 0x3b, 0x22, 0x00, 0x00, 0x00,
  0x74, 0x65, 0x61, 0x63, 0x68, 0x65, 0x72, 0x5f, 0x6c, 0x73, 0x74, 0x6d,
  0x2f, 0x6c, 0x73, 0x74, 0x6d, 0x2f, 0x6c, 0x73, 0x74, 0x6d, 0x5f, 0x63,
  0x65, 0x6c, 0x6c, 0x2f, 0x6d, 0x75, 0x6c, 0x5f, 0x31, 0x34, 0x00, 0x00,
  0x02, 0x00, 0x00, 0x00, 0x01, 0x00, 0x00, 0x00, 0x18, 0x00, 0x00, 0x00,
  0xc6, 0xad, 0xff, 0xff, 0x00, 0x00, 0x00, 0x01, 0x18, 0x00, 0x00, 0x00,
  0x20, 0x00, 0x00, 0x00, 0x3c, 0x00, 0x00, 0x00, 0x7a, 0x00, 0x00, 0x00,
  0x00, 0x00, 0x00, 0x09, 0x58, 0x00, 0x00, 0x00, 0x02, 0x00, 0x00, 0x00,
  0xff, 0xff, 0xff, 0xff, 0x18, 0x00, 0x00, 0x00, 0xac, 0xad, 0xff, 0xff,
  0x08, 0x00, 0x00, 0x00, 0x10, 0x00, 0x00, 0x00, 0x01, 0x00, 0x00, 0x00,
  0x00, 0x00, 0x00, 0x00, 0x00, 0x00, 0x00, 0x00, 0x01, 0x00, 0x00, 0x00,
  0x00, 0x00, 0x00, 0x3c, 0x22, 0x00, 0x00, 0x00, 0x74, 0x65, 0x61, 0x63,
  0x68, 0x65, 0x72, 0x5f, 0x6c, 0x73, 0x74, 0x6d, 0x2f, 0x6c, 0x73, 0x74,
  0x6d, 0x2f, 0x6c, 0x73, 0x74, 0x6d, 0x5f, 0x63, 0x65, 0x6c, 0x6c, 0x2f,
  0x54, 0x61, 0x6e, 0x68, 0x5f, 0x39, 0x00, 0x00, 0x02, 0x00, 0x00, 0x00,
  0x01, 0x00, 0x00, 0x00, 0x18, 0x00, 0x00, 0x00, 0x46, 0xae, 0xff, 0xff,
  0x00, 0x00, 0x00, 0x01, 0x18, 0x00, 0x00, 0x00, 0x20, 0x00, 0x00, 0x00,
  0x3c, 0x00, 0x00, 0x00, 0x79, 0x00, 0x00, 0x00, 0x00, 0x00, 0x00, 0x09,
  0x58, 0x00, 0x00, 0x00, 0x02, 0x00, 0x00, 0x00, 0xff, 0xff, 0xff, 0xff,
  0x18, 0x00, 0x00, 0x00, 0x2c, 0xae, 0xff, 0xff, 0x08, 0x00, 0x00, 0x00,
  0x10, 0x00, 0x00, 0x00, 0x01, 0x00, 0x00, 0x00, 0x03, 0x00, 0x00, 0x00,
  0x00, 0x00, 0x00, 0x00, 0x01, 0x00, 0x00, 0x00, 0x5c, 0x63, 0x6b, 0x3c,
  0x21, 0x00, 0x00, 0x00, 0x74, 0x65, 0x61, 0x63, 0x68, 0x65, 0x72, 0x5f,
  0x6c, 0x73, 0x74, 0x6d, 0x2f, 0x6c, 0x73, 0x74, 0x6d, 0x2f, 0x6c, 0x73,
  0x74, 0x6d, 0x5f, 0x63, 0x65, 0x6c, 0x6c, 0x2f, 0x61, 0x64, 0x64, 0x5f,
  0x39, 0x00, 0x00, 0x00, 0x02, 0x00, 0x00, 0x00, 0x01, 0x00, 0x00, 0x00,
  0x18, 0x00, 0x00, 0x00, 0xc6, 0xae, 0xff, 0xff, 0x00, 0x00, 0x00, 0x01,
  0x18, 0x00, 0x00, 0x00, 0x20, 0x00, 0x00, 0x00, 0x3c, 0x00, 0x00, 0x00,
  0x78, 0x00, 0x00, 0x00, 0x00, 0x00, 0x00, 0x09, 0x58, 0x00, 0x00, 0x00,
  0x02, 0x00, 0x00, 0x00, 0xff, 0xff, 0xff, 0xff, 0x18, 0x00, 0x00, 0x00,
  0xac, 0xae, 0xff, 0xff, 0x08, 0x00, 0x00, 0x00, 0x10, 0x00, 0x00, 0x00,
  0x01, 0x00, 0x00, 0x00, 0x08, 0x00, 0x00, 0x00, 0x00, 0x00, 0x00, 0x00,
  0x01, 0x00, 0x00, 0x00, 0x90, 0x23, 0xa6, 0x3b, 0x22, 0x00, 0x00, 0x00,
  0x74, 0x65, 0x61, 0x63, 0x68, 0x65, 0x72, 0x5f, 0x6c, 0x73, 0x74, 0x6d,
  0x2f, 0x6c, 0x73, 0x74, 0x6d, 0x2f, 0x6c, 0x73, 0x74, 0x6d, 0x5f, 0x63,
  0x65, 0x6c, 0x6c, 0x2f, 0x6d, 0x75, 0x6c, 0x5f, 0x31, 0x33, 0x00, 0x00,
  0x02, 0x00, 0x00, 0x00, 0x01, 0x00, 0x00, 0x00, 0x18, 0x00, 0x00, 0x00,
  0x46, 0xaf, 0xff, 0xff, 0x00, 0x00, 0x00, 0x01, 0x18, 0x00, 0x00, 0x00,
  0x20, 0x00, 0x00, 0x00, 0x3c, 0x00, 0x00, 0x00, 0x77, 0x00, 0x00, 0x00,
  0x00, 0x00, 0x00, 0x09, 0x58, 0x00, 0x00, 0x00, 0x02, 0x00, 0x00, 0x00,
  0xff, 0xff, 0xff, 0xff, 0x18, 0x00, 0x00, 0x00, 0x2c, 0xaf, 0xff, 0xff,
  0x08, 0x00, 0x00, 0x00, 0x10, 0x00, 0x00, 0x00, 0x01, 0x00, 0x00, 0x00,
  0x00, 0x00, 0x00, 0x00, 0x00, 0x00, 0x00, 0x00, 0x01, 0x00, 0x00, 0x00,
  0x00, 0x00, 0x00, 0x3c, 0x22, 0x00, 0x00, 0x00, 0x74, 0x65, 0x61, 0x63,
  0x68, 0x65, 0x72, 0x5f, 0x6c, 0x73, 0x74, 0x6d, 0x2f, 0x6c, 0x73, 0x74,
  0x6d, 0x2f, 0x6c, 0x73, 0x74, 0x6d, 0x5f, 0x63, 0x65, 0x6c, 0x6c, 0x2f,
  0x54, 0x61, 0x6e, 0x68, 0x5f, 0x38, 0x00, 0x00, 0x02, 0x00, 0x00, 0x00,
  0x01, 0x00, 0x00, 0x00, 0x18, 0x00, 0x00, 0x00, 0xc6, 0xaf, 0xff, 0xff,
  0x00, 0x00, 0x00, 0x01, 0x18, 0x00, 0x00, 0x00, 0x20, 0x00, 0x00, 0x00,
  0x40, 0x00, 0x00, 0x00, 0x76, 0x00, 0x00, 0x00, 0x00, 0x00, 0x00, 0x09,
  0x60, 0x00, 0x00, 0x00, 0x02, 0x00, 0x00, 0x00, 0xff, 0xff, 0xff, 0xff,
  0x18, 0x00, 0x00, 0x00, 0xac, 0xaf, 0xff, 0xff, 0x08, 0x00, 0x00, 0x00,
  0x14, 0x00, 0x00, 0x00, 0x01, 0x00, 0x00, 0x00, 0x80, 0xff, 0xff, 0xff,
  0xff, 0xff, 0xff, 0xff, 0x00, 0x00, 0x00, 0x00, 0x01, 0x00, 0x00, 0x00,
  0x00, 0x00, 0x80, 0x3b, 0x26, 0x00, 0x00, 0x00, 0x74, 0x65, 0x61, 0x63,
  0x68, 0x65, 0x72, 0x5f, 0x6c, 0x73, 0x74, 0x6d, 0x2f, 0x6c, 0x73, 0x74,
  0x6d, 0x2f, 0x6c, 0x73, 0x74, 0x6d, 0x5f, 0x63, 0x65, 0x6c, 0x6c, 0x2f,
  0x53, 0x69, 0x67, 0x6d, 0x6f, 0x69, 0x64, 0x5f, 0x31, 0x34, 0x00, 0x00,
  0x02, 0x00, 0x00, 0x00, 0x01, 0x00, 0x00, 0x00, 0x18, 0x00, 0x00, 0x00,
  0x4e, 0xb0, 0xff, 0xff, 0x00, 0x00, 0x00, 0x01, 0x18, 0x00, 0x00, 0x00,
  0x20, 0x00, 0x00, 0x00, 0x3c, 0x00, 0x00, 0x00, 0x75, 0x00, 0x00, 0x00,
  0x00, 0x00, 0x00, 0x09, 0x58, 0x00, 0x00, 0x00, 0x02, 0x00, 0x00, 0x00,
  0xff, 0xff, 0xff, 0xff, 0x18, 0x00, 0x00, 0x00, 0x34, 0xb0, 0xff, 0xff,
  0x08, 0x00, 0x00, 0x00, 0x10, 0x00, 0x00, 0x00, 0x01, 0x00, 0x00, 0x00,
  0x03, 0x00, 0x00, 0x00, 0x00, 0x00, 0x00, 0x00, 0x01, 0x00, 0x00, 0x00,
  0x5c, 0x63, 0x6b, 0x3c, 0x22, 0x00, 0x00, 0x00, 0x74, 0x65, 0x61, 0x63,
  0x68, 0x65, 0x72, 0x5f, 0x6c, 0x73, 0x74, 0x6d, 0x2f, 0x6c, 0x73, 0x74,
  0x6d, 0x2f, 0x6c, 0x73, 0x74, 0x6d, 0x5f, 0x63, 0x65, 0x6c, 0x6c, 0x2f,
  0x6d, 0x75, 0x6c, 0x5f, 0x31, 0x32, 0x00, 0x00, 0x02, 0x00, 0x00, 0x00,
  0x01, 0x00, 0x00, 0x00, 0x18, 0x00, 0x00, 0x00, 0xce, 0xb0, 0xff, 0xff,
  0x00, 0x00, 0x00, 0x01, 0x18, 0x00, 0x00, 0x00, 0x20, 0x00, 0x00, 0x00,
  0x40, 0x00, 0x00, 0x00, 0x74, 0x00, 0x00, 0x00, 0x00, 0x00, 0x00, 0x09,
  0x60, 0x00, 0x00, 0x00, 0x02, 0x00, 0x00, 0x00, 0xff, 0xff, 0xff, 0xff,
  0x18, 0x00, 0x00, 0x00, 0xb4, 0xb0, 0xff, 0xff, 0x08, 0x00, 0x00, 0x00,
  0x14, 0x00, 0x00, 0x00, 0x01, 0x00, 0x00, 0x00, 0x80, 0xff, 0xff, 0xff,
  0xff, 0xff, 0xff, 0xff, 0x00, 0x00, 0x00, 0x00, 0x01, 0x00, 0x00, 0x00,
  0x00, 0x00, 0x80, 0x3b, 0x26, 0x00, 0x00, 0x00, 0x74, 0x65, 0x61, 0x63,
  0x68, 0x65, 0x72, 0x5f, 0x6c, 0x73, 0x74, 0x6d, 0x2f, 0x6c, 0x73, 0x74,
  0x6d, 0x2f, 0x6c, 0x73, 0x74, 0x6d, 0x5f, 0x63, 0x65, 0x6c, 0x6c, 0x2f,
  0x53, 0x69, 0x67, 0x6d, 0x6f, 0x69, 0x64, 0x5f, 0x31, 0x33, 0x00, 0x00,
  0x02, 0x00, 0x00, 0x00, 0x01, 0x00, 0x00, 0x00, 0x18, 0x00, 0x00, 0x00,
  0x56, 0xb1, 0xff, 0xff, 0x00, 0x00, 0x00, 0x01, 0x18, 0x00, 0x00, 0x00,
  0x20, 0x00, 0x00, 0x00, 0x40, 0x00, 0x00, 0x00, 0x73, 0x00, 0x00, 0x00,
  0x00, 0x00, 0x00, 0x09, 0x60, 0x00, 0x00, 0x00, 0x02, 0x00, 0x00, 0x00,
  0xff, 0xff, 0xff, 0xff, 0x18, 0x00, 0x00, 0x00, 0x3c, 0xb1, 0xff, 0xff,
  0x08, 0x00, 0x00, 0x00, 0x14, 0x00, 0x00, 0x00, 0x01, 0x00, 0x00, 0x00,
  0x80, 0xff, 0xff, 0xff, 0xff, 0xff, 0xff, 0xff, 0x00, 0x00, 0x00, 0x00,
  0x01, 0x00, 0x00, 0x00, 0x00, 0x00, 0x80, 0x3b, 0x26, 0x00, 0x00, 0x00,
  0x74, 0x65, 0x61, 0x63, 0x68, 0x65, 0x72, 0x5f, 0x6c, 0x73, 0x74, 0x6d,
  0x2f, 0x6c, 0x73, 0x74, 0x6d, 0x2f, 0x6c, 0x73, 0x74, 0x6d, 0x5f, 0x63,
  0x65, 0x6c, 0x6c, 0x2f, 0x53, 0x69, 0x67, 0x6d, 0x6f, 0x69, 0x64, 0x5f,
  0x31, 0x32, 0x00, 0x00, 0x02, 0x00, 0x00, 0x00, 0x01, 0x00, 0x00, 0x00,
  0x18, 0x00, 0x00, 0x00, 0xde, 0xb1, 0xff, 0xff, 0x00, 0x00, 0x00, 0x01,
  0x18, 0x00, 0x00, 0x00, 0x20, 0x00, 0x00, 0x00, 0x3c, 0x00, 0x00, 0x00,
  0x72, 0x00, 0x00, 0x00, 0x00, 0x00, 0x00, 0x09, 0xc8, 0x00, 0x00, 0x00,
  0x02, 0x00, 0x00, 0x00, 0xff, 0xff, 0xff, 0xff, 0x18, 0x00, 0x00, 0x00,
  0xc4, 0xb1, 0xff, 0xff, 0x08, 0x00, 0x00, 0x00, 0x10, 0x00, 0x00, 0x00,
  0x01, 0x00, 0x00, 0x00, 0xc6, 0xff, 0xff, 0xff, 0xff, 0xff, 0xff, 0xff,
  0x01, 0x00, 0x00, 0x00, 0xa3, 0x1b, 0x85, 0x3c, 0x93, 0x00, 0x00, 0x00,
  0x74, 0x65, 0x61, 0x63, 0x68, 0x65, 0x72, 0x5f, 0x6c, 0x73, 0x74, 0x6d,
  0x2f, 0x6c, 0x73, 0x74, 0x6d, 0x2f, 0x6c, 0x73, 0x74, 0x6d, 0x5f, 0x63,
  0x65, 0x6c, 0x6c, 0x2f, 0x73, 0x70, 0x6c, 0x69, 0x74, 0x5f, 0x34, 0x3b,
  0x74, 0x65, 0x61, 0x63, 0x68, 0x65, 0x72, 0x5f, 0x6c, 0x73, 0x74, 0x6d,
  0x2f, 0x6c, 0x73, 0x74, 0x6d, 0x2f, 0x6c, 0x73, 0x74, 0x6d, 0x5f, 0x63,
  0x65, 0x6c, 0x6c, 0x2f, 0x73, 0x70, 0x6c, 0x69, 0x74, 0x5f, 0x34, 0x31,
  0x3b, 0x74, 0x65, 0x61, 0x63, 0x68, 0x65, 0x72, 0x5f, 0x6c, 0x73, 0x74,
  0x6d, 0x2f, 0x6c, 0x73, 0x74, 0x6d, 0x2f, 0x6c, 0x73, 0x74, 0x6d, 0x5f,
  0x63, 0x65, 0x6c, 0x6c, 0x2f, 0x73, 0x70, 0x6c, 0x69, 0x74, 0x5f, 0x34,
  0x32, 0x3b, 0x74, 0x65, 0x61, 0x63, 0x68, 0x65, 0x72, 0x5f, 0x6c, 0x73,
  0x74, 0x6d, 0x2f, 0x6c, 0x73, 0x74, 0x6d, 0x2f, 0x6c, 0x73, 0x74, 0x6d,
  0x5f, 0x63, 0x65, 0x6c, 0x6c, 0x2f, 0x73, 0x70, 0x6c, 0x69, 0x74, 0x5f,
  0x34, 0x33, 0x33, 0x00, 0x02, 0x00, 0x00, 0x00, 0x01, 0x00, 0x00, 0x00,
  0x18, 0x00, 0x00, 0x00, 0xce, 0xb2, 0xff, 0xff, 0x00, 0x00, 0x00, 0x01,
  0x18, 0x00, 0x00, 0x00, 0x20, 0x00, 0x00, 0x00, 0x3c, 0x00, 0x00, 0x00,
  0x71, 0x00, 0x00, 0x00, 0x00, 0x00, 0x00, 0x09, 0xc8, 0x00, 0x00, 0x00,
  0x02, 0x00, 0x00, 0x00, 0xff, 0xff, 0xff, 0xff, 0x18, 0x00, 0x00, 0x00,
  0xb4, 0xb2, 0xff, 0xff, 0x08, 0x00, 0x00, 0x00, 0x10, 0x00, 0x00, 0x00,
  0x01, 0x00, 0x00, 0x00, 0xc6, 0xff, 0xff, 0xff, 0xff, 0xff, 0xff, 0xff,
  0x01, 0x00, 0x00, 0x00, 0xa3, 0x1b, 0x85, 0x3c, 0x93, 0x00, 0x00, 0x00,
  0x74, 0x65, 0x61, 0x63, 0x68, 0x65, 0x72, 0x5f, 0x6c, 0x73, 0x74, 0x6d,
  0x2f, 0x6c, 0x73, 0x74, 0x6d, 0x2f, 0x6c, 0x73, 0x74, 0x6d, 0x5f, 0x63,
  0x65, 0x6c, 0x6c, 0x2f, 0x73, 0x70, 0x6c, 0x69, 0x74, 0x5f, 0x34, 0x3b,
  0x74, 0x65, 0x61, 0x63, 0x68, 0x65, 0x72, 0x5f, 0x6c, 0x73, 0x74, 0x6d,
  0x2f, 0x6c, 0x73, 0x74, 0x6d, 0x2f, 0x6c, 0x73, 0x74, 0x6d, 0x5f, 0x63,
  0x65, 0x6c, 0x6c, 0x2f, 0x73, 0x70, 0x6c, 0x69, 0x74, 0x5f, 0x34, 0x31,
  0x3b, 0x74, 0x65, 0x61, 0x63, 0x68, 0x65, 0x72, 0x5f, 0x6c, 0x73, 0x74,
  0x6d, 0x2f, 0x6c, 0x73, 0x74, 0x6d, 0x2f, 0x6c, 0x73, 0x74, 0x6d, 0x5f,
  0x63, 0x65, 0x6c, 0x6c, 0x2f, 0x73, 0x70, 0x6c, 0x69, 0x74, 0x5f, 0x34,
  0x32, 0x3b, 0x74, 0x65, 0x61, 0x63, 0x68, 0x65, 0x72, 0x5f, 0x6c, 0x73,
  0x74, 0x6d, 0x2f, 0x6c, 0x73, 0x74, 0x6d, 0x2f, 0x6c, 0x73, 0x74, 0x6d,
  0x5f, 0x63, 0x65, 0x6c, 0x6c, 0x2f, 0x73, 0x70, 0x6c, 0x69, 0x74, 0x5f,
  0x34, 0x33, 0x32, 0x00, 0x02, 0x00, 0x00, 0x00, 0x01, 0x00, 0x00, 0x00,
  0x18, 0x00, 0x00, 0x00, 0xbe, 0xb3, 0xff, 0xff, 0x00, 0x00, 0x00, 0x01,
  0x18, 0x00, 0x00, 0x00, 0x20, 0x00, 0x00, 0x00, 0x3c, 0x00, 0x00, 0x00,
  0x70, 0x00, 0x00, 0x00, 0x00, 0x00, 0x00, 0x09, 0xc8, 0x00, 0x00, 0x00,
  0x02, 0x00, 0x00, 0x00, 0xff, 0xff, 0xff, 0xff, 0x18, 0x00, 0x00, 0x00,
  0xa4, 0xb3, 0xff, 0xff, 0x08, 0x00, 0x00, 0x00, 0x10, 0x00, 0x00, 0x00,
  0x01, 0x00, 0x00, 0x00, 0xc6, 0xff, 0xff, 0xff, 0xff, 0xff, 0xff, 0xff,
  0x01, 0x00, 0x00, 0x00, 0xa3, 0x1b, 0x85, 0x3c, 0x93, 0x00, 0x00, 0x00,
  0x74, 0x65, 0x61, 0x63, 0x68, 0x65, 0x72, 0x5f, 0x6c, 0x73, 0x74, 0x6d,
  0x2f, 0x6c, 0x73, 0x74, 0x6d, 0x2f, 0x6c, 0x73, 0x74, 0x6d, 0x5f, 0x63,
  0x65, 0x6c, 0x6c, 0x2f, 0x73, 0x70, 0x6c, 0x69, 0x74, 0x5f, 0x34, 0x3b,
  0x74, 0x65, 0x61, 0x63, 0x68, 0x65, 0x72, 0x5f, 0x6c, 0x73, 0x74, 0x6d,
  0x2f, 0x6c, 0x73, 0x74, 0x6d, 0x2f, 0x6c, 0x73, 0x74, 0x6d, 0x5f, 0x63,
  0x65, 0x6c, 0x6c, 0x2f, 0x73, 0x70, 0x6c, 0x69, 0x74, 0x5f, 0x34, 0x31,
  0x3b, 0x74, 0x65, 0x61, 0x63, 0x68, 0x65, 0x72, 0x5f, 0x6c, 0x73, 0x74,
  0x6d, 0x2f, 0x6c, 0x73, 0x74, 0x6d, 0x2f, 0x6c, 0x73, 0x74, 0x6d, 0x5f,
  0x63, 0x65, 0x6c, 0x6c, 0x2f, 0x73, 0x70, 0x6c, 0x69, 0x74, 0x5f, 0x34,
  0x32, 0x3b, 0x74, 0x65, 0x61, 0x63, 0x68, 0x65, 0x72, 0x5f, 0x6c, 0x73,
  0x74, 0x6d, 0x2f, 0x6c, 0x73, 0x74, 0x6d, 0x2f, 0x6c, 0x73, 0x74, 0x6d,
  0x5f, 0x63, 0x65, 0x6c, 0x6c, 0x2f, 0x73, 0x70, 0x6c, 0x69, 0x74, 0x5f,
  0x34, 0x33, 0x31, 0x00, 0x02, 0x00, 0x00, 0x00, 0x01, 0x00, 0x00, 0x00,
  0x18, 0x00, 0x00, 0x00, 0xae, 0xb4, 0xff, 0xff, 0x00, 0x00, 0x00, 0x01,
  0x18, 0x00, 0x00, 0x00, 0x20, 0x00, 0x00, 0x00, 0x3c, 0x00, 0x00, 0x00,
  0x6f, 0x00, 0x00, 0x00, 0x00, 0x00, 0x00, 0x09, 0xc8, 0x00, 0x00, 0x00,
  0x02, 0x00, 0x00, 0x00, 0xff, 0xff, 0xff, 0xff, 0x18, 0x00, 0x00, 0x00,
  0x94, 0xb4, 0xff, 0xff, 0x08, 0x00, 0x00, 0x00, 0x10, 0x00, 0x00, 0x00,
  0x01, 0x00, 0x00, 0x00, 0xc6, 0xff, 0xff, 0xff, 0xff, 0xff, 0xff, 0xff,
  0x01, 0x00, 0x00, 0x00, 0xa3, 0x1b, 0x85, 0x3c, 0x92, 0x00, 0x00, 0x00,
  0x74, 0x65, 0x61, 0x63, 0x68, 0x65, 0x72, 0x5f, 0x6c, 0x73, 0x74, 0x6d,
  0x2f, 0x6c, 0x73, 0x74, 0x6d, 0x2f, 0x6c, 0x73, 0x74, 0x6d, 0x5f, 0x63,
  0x65, 0x6c, 0x6c, 0x2f, 0x73, 0x70, 0x6c, 0x69, 0x74, 0x5f, 0x34, 0x3b,
  0x74, 0x65, 0x61, 0x63, 0x68, 0x65, 0x72, 0x5f, 0x6c, 0x73, 0x74, 0x6d,
  0x2f, 0x6c, 0x73, 0x74, 0x6d, 0x2f, 0x6c, 0x73, 0x74, 0x6d, 0x5f, 0x63,
  0x65, 0x6c, 0x6c, 0x2f, 0x73, 0x70, 0x6c, 0x69, 0x74, 0x5f, 0x34, 0x31,
  0x3b, 0x74, 0x65, 0x61, 0x63, 0x68, 0x65, 0x72, 0x5f, 0x6c, 0x73, 0x74,
  0x6d, 0x2f, 0x6c, 0x73, 0x74, 0x6d, 0x2f, 0x6c, 0x73, 0x74, 0x6d, 0x5f,
  0x63, 0x65, 0x6c, 0x6c, 0x2f, 0x73, 0x70, 0x6c, 0x69, 0x74, 0x5f, 0x34,
  0x32, 0x3b, 0x74, 0x65, 0x61, 0x63, 0x68, 0x65, 0x72, 0x5f, 0x6c, 0x73,
  0x74, 0x6d, 0x2f, 0x6c, 0x73, 0x74, 0x6d, 0x2f, 0x6c, 0x73, 0x74, 0x6d,
  0x5f, 0x63, 0x65, 0x6c, 0x6c, 0x2f, 0x73, 0x70, 0x6c, 0x69, 0x74, 0x5f,
  0x34, 0x33, 0x00, 0x00, 0x02, 0x00, 0x00, 0x00, 0x01, 0x00, 0x00, 0x00,
  0x18, 0x00, 0x00, 0x00, 0x9e, 0xb5, 0xff, 0xff, 0x00, 0x00, 0x00, 0x01,
  0x18, 0x00, 0x00, 0x00, 0x20, 0x00, 0x00, 0x00, 0x40, 0x00, 0x00, 0x00,
  0x6e, 0x00, 0x00, 0x00, 0x00, 0x00, 0x00, 0x09, 0x60, 0x00, 0x00, 0x00,
  0x02, 0x00, 0x00, 0x00, 0xff, 0xff, 0xff, 0xff, 0x60, 0x00, 0x00, 0x00,
  0x84, 0xb5, 0xff, 0xff, 0x08, 0x00, 0x00, 0x00, 0x14, 0x00, 0x00, 0x00,
  0x01, 0x00, 0x00, 0x00, 0xc6, 0xff, 0xff, 0xff, 0xff, 0xff, 0xff, 0xff,
  0x00, 0x00, 0x00, 0x00, 0x01, 0x00, 0x00, 0x00, 0xa3, 0x1b, 0x85, 0x3c,
  0x25, 0x00, 0x00, 0x00, 0x74, 0x65, 0x61, 0x63, 0x68, 0x65, 0x72, 0x5f,
  0x6c, 0x73, 0x74, 0x6d, 0x2f, 0x6c, 0x73, 0x74, 0x6d, 0x2f, 0x6c, 0x73,
  0x74, 0x6d, 0x5f, 0x63, 0x65, 0x6c, 0x6c, 0x2f, 0x42, 0x69, 0x61, 0x73,
  0x41, 0x64, 0x64, 0x5f, 0x34, 0x00, 0x00, 0x00, 0x02, 0x00, 0x00, 0x00,
  0x01, 0x00, 0x00, 0x00, 0x60, 0x00, 0x00, 0x00, 0x26, 0xb6, 0xff, 0xff,
  0x00, 0x00, 0x00, 0x01, 0x18, 0x00, 0x00, 0x00, 0x20, 0x00, 0x00, 0x00,
  0x3c, 0x00, 0x00, 0x00, 0x6d, 0x00, 0x00, 0x00, 0x00, 0x00, 0x00, 0x09,
  0x58, 0x00, 0x00, 0x00, 0x02, 0x00, 0x00, 0x00, 0xff, 0xff, 0xff, 0xff,
  0x60, 0x00, 0x00, 0x00, 0x0c, 0xb6, 0xff, 0xff, 0x08, 0x00, 0x00, 0x00,
  0x10, 0x00, 0x00, 0x00, 0x01, 0x00, 0x00, 0x00, 0xd1, 0xff, 0xff, 0xff,
  0xff, 0xff, 0xff, 0xff, 0x01, 0x00, 0x00, 0x00, 0x8b, 0x77, 0x8d, 0x3c,
  0x21, 0x00, 0x00, 0x00, 0x74, 0x65, 0x61, 0x63, 0x68, 0x65, 0x72, 0x5f,
  0x6c, 0x73, 0x74, 0x6d, 0x2f, 0x6c, 0x73, 0x74, 0x6d, 0x2f, 0x6c, 0x73,
  0x74, 0x6d, 0x5f, 0x63, 0x65, 0x6c, 0x6c, 0x2f, 0x61, 0x64, 0x64, 0x5f,
  0x38, 0x00, 0x00, 0x00, 0x02, 0x00, 0x00, 0x00, 0x01, 0x00, 0x00, 0x00,
  0x60, 0x00, 0x00, 0x00, 0xa6, 0xb6, 0xff, 0xff, 0x00, 0x00, 0x00, 0x01,
  0x18, 0x00, 0x00, 0x00, 0x20, 0x00, 0x00, 0x00, 0x40, 0x00, 0x00, 0x00,
  0x6c, 0x00, 0x00, 0x00, 0x00, 0x00, 0x00, 0x09, 0x60, 0x00, 0x00, 0x00,
  0x02, 0x00, 0x00, 0x00, 0xff, 0xff, 0xff, 0xff, 0x60, 0x00, 0x00, 0x00,
  0x8c, 0xb6, 0xff, 0xff, 0x08, 0x00, 0x00, 0x00, 0x14, 0x00, 0x00, 0x00,
  0x01, 0x00, 0x00, 0x00, 0xea, 0xff, 0xff, 0xff, 0xff, 0xff, 0xff, 0xff,
  0x00, 0x00, 0x00, 0x00, 0x01, 0x00, 0x00, 0x00, 0x7b, 0x9f, 0x56, 0x3c,
  0x25, 0x00, 0x00, 0x00, 0x74, 0x65, 0x61, 0x63, 0x68, 0x65, 0x72, 0x5f,
  0x6c, 0x73, 0x74, 0x6d, 0x2f, 0x6c, 0x73, 0x74, 0x6d, 0x2f, 0x6c, 0x73,
  0x74, 0x6d, 0x5f, 0x63, 0x65, 0x6c, 0x6c, 0x2f, 0x4d, 0x61, 0x74, 0x4d,
  0x75, 0x6c, 0x5f, 0x38, 0x31, 0x00, 0x00, 0x00, 0x02, 0x00, 0x00, 0x00,
  0x01, 0x00, 0x00, 0x00, 0x60, 0x00, 0x00, 0x00, 0x2e, 0xb7, 0xff, 0xff,
  0x00, 0x00, 0x00, 0x01, 0x18, 0x00, 0x00, 0x00, 0x20, 0x00, 0x00, 0x00,
  0x40, 0x00, 0x00, 0x00, 0x6b, 0x00, 0x00, 0x00, 0x00, 0x00, 0x00, 0x09,
  0x60, 0x00, 0x00, 0x00, 0x02, 0x00, 0x00, 0x00, 0xff, 0xff, 0xff, 0xff,
  0x60, 0x00, 0x00, 0x00, 0x14, 0xb7, 0xff, 0xff, 0x08, 0x00, 0x00, 0x00,
  0x14, 0x00, 0x00, 0x00, 0x01, 0x00, 0x00, 0x00, 0xdf, 0xff, 0xff, 0xff,
  0xff, 0xff, 0xff, 0xff, 0x00, 0x00, 0x00, 0x00, 0x01, 0x00, 0x00, 0x00,
  0x53, 0xbb, 0x01, 0x3c, 0x24, 0x00, 0x00, 0x00, 0x74, 0x65, 0x61, 0x63,
  0x68, 0x65, 0x72, 0x5f, 0x6c, 0x73, 0x74, 0x6d, 0x2f, 0x6c, 0x73, 0x74,
  0x6d, 0x2f, 0x6c, 0x73, 0x74, 0x6d, 0x5f, 0x63, 0x65, 0x6c, 0x6c, 0x2f,
  0x4d, 0x61, 0x74, 0x4d, 0x75, 0x6c, 0x5f, 0x39, 0x00, 0x00, 0x00, 0x00,
  0x02, 0x00, 0x00, 0x00, 0x01, 0x00, 0x00, 0x00, 0x60, 0x00, 0x00, 0x00,
  0xb6, 0xb7, 0xff, 0xff, 0x00, 0x00, 0x00, 0x01, 0x18, 0x00, 0x00, 0x00,
  0x20, 0x00, 0x00, 0x00, 0x3c, 0x00, 0x00, 0x00, 0x6a, 0x00, 0x00, 0x00,
  0x00, 0x00, 0x00, 0x09, 0x58, 0x00, 0x00, 0x00, 0x02, 0x00, 0x00, 0x00,
  0xff, 0xff, 0xff, 0xff, 0x18, 0x00, 0x00, 0x00, 0x9c, 0xb7, 0xff, 0xff,
  0x08, 0x00, 0x00, 0x00, 0x10, 0x00, 0x00, 0x00, 0x01, 0x00, 0x00, 0x00,
  0x01, 0x00, 0x00, 0x00, 0x00, 0x00, 0x00, 0x00, 0x01, 0x00, 0x00, 0x00,
  0xdb, 0xa8, 0xc2, 0x3b, 0x22, 0x00, 0x00, 0x00, 0x74, 0x65, 0x61, 0x63,
  0x68, 0x65, 0x72, 0x5f, 0x6c, 0x73, 0x74, 0x6d, 0x2f, 0x6c, 0x73, 0x74,
  0x6d, 0x2f, 0x6c, 0x73, 0x74, 0x6d, 0x5f, 0x63, 0x65, 0x6c, 0x6c, 0x2f,
  0x6d, 0x75, 0x6c, 0x5f, 0x31, 0x31, 0x00, 0x00, 0x02, 0x00, 0x00, 0x00,
  0x01, 0x00, 0x00, 0x00, 0x18, 0x00, 0x00, 0x00, 0x36, 0xb8, 0xff, 0xff,
  0x00, 0x00, 0x00, 0x01, 0x18, 0x00, 0x00, 0x00, 0x20, 0x00, 0x00, 0x00,
  0x3c, 0x00, 0x00, 0x00, 0x69, 0x00, 0x00, 0x00, 0x00, 0x00, 0x00, 0x09,
  0x58, 0x00, 0x00, 0x00, 0x02, 0x00, 0x00, 0x00, 0xff, 0xff, 0xff, 0xff,
  0x18, 0x00, 0x00, 0x00, 0x1c, 0xb8, 0xff, 0xff, 0x08, 0x00, 0x00, 0x00,
  0x10, 0x00, 0x00, 0x00, 0x01, 0x00, 0x00, 0x00, 0x00, 0x00, 0x00, 0x00,
  0x00, 0x00, 0x00, 0x00, 0x01, 0x00, 0x00, 0x00, 0x00, 0x00, 0x00, 0x3c,
  0x22, 0x00, 0x00, 0x00, 0x74, 0x65, 0x61, 0x63, 0x68, 0x65, 0x72, 0x5f,
  0x6c, 0x73, 0x74, 0x6d, 0x2f, 0x6c, 0x73, 0x74, 0x6d, 0x2f, 0x6c, 0x73,
  0x74, 0x6d, 0x5f, 0x63, 0x65, 0x6c, 0x6c, 0x2f, 0x54, 0x61, 0x6e, 0x68,
  0x5f, 0x37, 0x00, 0x00, 0x02, 0x00, 0x00, 0x00, 0x01, 0x00, 0x00, 0x00,
  0x18, 0x00, 0x00, 0x00, 0xb6, 0xb8, 0xff, 0xff, 0x00, 0x00, 0x00, 0x01,
  0x18, 0x00, 0x00, 0x00, 0x20, 0x00, 0x00, 0x00, 0x3c, 0x00, 0x00, 0x00,
  0x68, 0x00, 0x00, 0x00, 0x00, 0x00, 0x00, 0x09, 0x58, 0x00, 0x00, 0x00,
  0x02, 0x00, 0x00, 0x00, 0xff, 0xff, 0xff, 0xff, 0x18, 0x00, 0x00, 0x00,
  0x9c, 0xb8, 0xff, 0xff, 0x08, 0x00, 0x00, 0x00, 0x10, 0x00, 0x00, 0x00,
  0x01, 0x00, 0x00, 0x00, 0x09, 0x00, 0x00, 0x00, 0x00, 0x00, 0x00, 0x00,
  0x01, 0x00, 0x00, 0x00, 0xda, 0xfb, 0x40, 0x3c, 0x21, 0x00, 0x00, 0x00,
  0x74, 0x65, 0x61, 0x63, 0x68, 0x65, 0x72, 0x5f, 0x6c, 0x73, 0x74, 0x6d,
  0x2f, 0x6c, 0x73, 0x74, 0x6d, 0x2f, 0x6c, 0x73, 0x74, 0x6d, 0x5f, 0x63,
  0x65, 0x6c, 0x6c, 0x2f, 0x61, 0x64, 0x64, 0x5f, 0x37, 0x00, 0x00, 0x00,
  0x02, 0x00, 0x00, 0x00, 0x01, 0x00, 0x00, 0x00, 0x18, 0x00, 0x00, 0x00,
  0x36, 0xb9, 0xff, 0xff, 0x00, 0x00, 0x00, 0x01, 0x18, 0x00, 0x00, 0x00,
  0x20, 0x00, 0x00, 0x00, 0x3c, 0x00, 0x00, 0x00, 0x67, 0x00, 0x00, 0x00,
  0x00, 0x00, 0x00, 0x09, 0x58, 0x00, 0x00, 0x00, 0x02, 0x00, 0x00, 0x00,
  0xff, 0xff, 0xff, 0xff, 0x18, 0x00, 0x00, 0x00, 0x1c, 0xb9, 0xff, 0xff,
  0x08, 0x00, 0x00, 0x00, 0x10, 0x00, 0x00, 0x00, 0x01, 0x00, 0x00, 0x00,
  0x0b, 0x00, 0x00, 0x00, 0x00, 0x00, 0x00, 0x00, 0x01, 0x00, 0x00, 0x00,
  0x7d, 0xa7, 0x9c, 0x3b, 0x22, 0x00, 0x00, 0x00, 0x74, 0x65, 0x61, 0x63,
  0x68, 0x65, 0x72, 0x5f, 0x6c, 0x73, 0x74, 0x6d, 0x2f, 0x6c, 0x73, 0x74,
  0x6d, 0x2f, 0x6c, 0x73, 0x74, 0x6d, 0x5f, 0x63, 0x65, 0x6c, 0x6c, 0x2f,
  0x6d, 0x75, 0x6c, 0x5f, 0x31, 0x30, 0x00, 0x00, 0x02, 0x00, 0x00, 0x00,
  0x01, 0x00, 0x00, 0x00, 0x18, 0x00, 0x00, 0x00, 0xb6, 0xb9, 0xff, 0xff,
  0x00, 0x00, 0x00, 0x01, 0x18, 0x00, 0x00, 0x00, 0x20, 0x00, 0x00, 0x00,
  0x3c, 0x00, 0x00, 0x00, 0x66, 0x00, 0x00, 0x00, 0x00, 0x00, 0x00, 0x09,
  0x58, 0x00, 0x00, 0x00, 0x02, 0x00, 0x00, 0x00, 0xff, 0xff, 0xff, 0xff,
  0x18, 0x00, 0x00, 0x00, 0x9c, 0xb9, 0xff, 0xff, 0x08, 0x00, 0x00, 0x00,
  0x10, 0x00, 0x00, 0x00, 0x01, 0x00, 0x00, 0x00, 0x00, 0x00, 0x00, 0x00,
  0x00, 0x00, 0x00, 0x00, 0x01, 0x00, 0x00, 0x00, 0x00, 0x00, 0x00, 0x3c,
  0x22, 0x00, 0x00, 0x00, 0x74, 0x65, 0x61, 0x63, 0x68, 0x65, 0x72, 0x5f,
  0x6c, 0x73, 0x74, 0x6d, 0x2f, 0x6c, 0x73, 0x74, 0x6d, 0x2f, 0x6c, 0x73,
  0x74, 0x6d, 0x5f, 0x63, 0x65, 0x6c, 0x6c, 0x2f, 0x54, 0x61, 0x6e, 0x68,
  0x5f, 0x36, 0x00, 0x00, 0x02, 0x00, 0x00, 0x00, 0x01, 0x00, 0x00, 0x00,
  0x18, 0x00, 0x00, 0x00, 0x36, 0xba, 0xff, 0xff, 0x00, 0x00, 0x00, 0x01,
  0x18, 0x00, 0x00, 0x00, 0x20, 0x00, 0x00, 0x00, 0x40, 0x00, 0x00, 0x00,
  0x65, 0x00, 0x00, 0x00, 0x00, 0x00, 0x00, 0x09, 0x60, 0x00, 0x00, 0x00,
  0x02, 0x00, 0x00, 0x00, 0xff, 0xff, 0xff, 0xff, 0x18, 0x00, 0x00, 0x00,
  0x1c, 0xba, 0xff, 0xff, 0x08, 0x00, 0x00, 0x00, 0x14, 0x00, 0x00, 0x00,
  0x01, 0x00, 0x00, 0x00, 0x80, 0xff, 0xff, 0xff, 0xff, 0xff, 0xff, 0xff,
  0x00, 0x00, 0x00, 0x00, 0x01, 0x00, 0x00, 0x00, 0x00, 0x00, 0x80, 0x3b,
  0x25, 0x00, 0x00, 0x00, 0x74, 0x65, 0x61, 0x63, 0x68, 0x65, 0x72, 0x5f,
  0x6c, 0x73, 0x74, 0x6d, 0x2f, 0x6c, 0x73, 0x74, 0x6d, 0x2f, 0x6c, 0x73,
  0x74, 0x6d, 0x5f, 0x63, 0x65, 0x6c, 0x6c, 0x2f, 0x53, 0x69, 0x67, 0x6d,
  0x6f, 0x69, 0x64, 0x5f, 0x39, 0x00, 0x00, 0x00, 0x02, 0x00, 0x00, 0x00,
  0x01, 0x00, 0x00, 0x00, 0x18, 0x00, 0x00, 0x00, 0xbe, 0xba, 0xff, 0xff,
  0x00, 0x00, 0x00, 0x01, 0x18, 0x00, 0x00, 0x00, 0x20, 0x00, 0x00, 0x00,
  0x40, 0x00, 0x00, 0x00, 0x64, 0x00, 0x00, 0x00, 0x00, 0x00, 0x00, 0x09,
  0x60, 0x00, 0x00, 0x00, 0x02, 0x00, 0x00, 0x00, 0xff, 0xff, 0xff, 0xff,
  0x18, 0x00, 0x00, 0x00, 0xa4, 0xba, 0xff, 0xff, 0x08, 0x00, 0x00, 0x00,
  0x14, 0x00, 0x00, 0x00, 0x01, 0x00, 0x00, 0x00, 0x80, 0xff, 0xff, 0xff,
  0xff, 0xff, 0xff, 0xff, 0x00, 0x00, 0x00, 0x00, 0x01, 0x00, 0x00, 0x00,
  0x00, 0x00, 0x80, 0x3b, 0x26, 0x00, 0x00, 0x00, 0x74, 0x65, 0x61, 0x63,
  0x68, 0x65, 0x72, 0x5f, 0x6c, 0x73, 0x74, 0x6d, 0x2f, 0x6c, 0x73, 0x74,
  0x6d, 0x2f, 0x6c, 0x73, 0x74, 0x6d, 0x5f, 0x63, 0x65, 0x6c, 0x6c, 0x2f,
  0x53, 0x69, 0x67, 0x6d, 0x6f, 0x69, 0x64, 0x5f, 0x31, 0x31, 0x00, 0x00,
  0x02, 0x00, 0x00, 0x00, 0x01, 0x00, 0x00, 0x00, 0x18, 0x00, 0x00, 0x00,
  0x46, 0xbb, 0xff, 0xff, 0x00, 0x00, 0x00, 0x01, 0x18, 0x00, 0x00, 0x00,
  0x20, 0x00, 0x00, 0x00, 0x3c, 0x00, 0x00, 0x00, 0x63, 0x00, 0x00, 0x00,
  0x00, 0x00, 0x00, 0x09, 0x58, 0x00, 0x00, 0x00, 0x02, 0x00, 0x00, 0x00,
  0xff, 0xff, 0xff, 0xff, 0x18, 0x00, 0x00, 0x00, 0x2c, 0xbb, 0xff, 0xff,
  0x08, 0x00, 0x00, 0x00, 0x10, 0x00, 0x00, 0x00, 0x01, 0x00, 0x00, 0x00,
  0x09, 0x00, 0x00, 0x00, 0x00, 0x00, 0x00, 0x00, 0x01, 0x00, 0x00, 0x00,
  0xda, 0xfb, 0x40, 0x3c, 0x21, 0x00, 0x00, 0x00, 0x74, 0x65, 0x61, 0x63,
  0x68, 0x65, 0x72, 0x5f, 0x6c, 0x73, 0x74, 0x6d, 0x2f, 0x6c, 0x73, 0x74,
  0x6d, 0x2f, 0x6c, 0x73, 0x74, 0x6d, 0x5f, 0x63, 0x65, 0x6c, 0x6c, 0x2f,
  0x6d, 0x75, 0x6c, 0x5f, 0x39, 0x00, 0x00, 0x00, 0x02, 0x00, 0x00, 0x00,
  0x01, 0x00, 0x00, 0x00, 0x18, 0x00, 0x00, 0x00, 0xc6, 0xbb, 0xff, 0xff,
  0x00, 0x00, 0x00, 0x01, 0x18, 0x00, 0x00, 0x00, 0x20, 0x00, 0x00, 0x00,
  0x40, 0x00, 0x00, 0x00, 0x62, 0x00, 0x00, 0x00, 0x00, 0x00, 0x00, 0x09,
  0x60, 0x00, 0x00, 0x00, 0x02, 0x00, 0x00, 0x00, 0xff, 0xff, 0xff, 0xff,
  0x18, 0x00, 0x00, 0x00, 0xac, 0xbb, 0xff, 0xff, 0x08, 0x00, 0x00, 0x00,
  0x14, 0x00, 0x00, 0x00, 0x01, 0x00, 0x00, 0x00, 0x80, 0xff, 0xff, 0xff,
  0xff, 0xff, 0xff, 0xff, 0x00, 0x00, 0x00, 0x00, 0x01, 0x00, 0x00, 0x00,
  0x00, 0x00, 0x80, 0x3b, 0x26, 0x00, 0x00, 0x00, 0x74, 0x65, 0x61, 0x63,
  0x68, 0x65, 0x72, 0x5f, 0x6c, 0x73, 0x74, 0x6d, 0x2f, 0x6c, 0x73, 0x74,
  0x6d, 0x2f, 0x6c, 0x73, 0x74, 0x6d, 0x5f, 0x63, 0x65, 0x6c, 0x6c, 0x2f,
  0x53, 0x69, 0x67, 0x6d, 0x6f, 0x69, 0x64, 0x5f, 0x31, 0x30, 0x00, 0x00,
  0x02, 0x00, 0x00, 0x00, 0x01, 0x00, 0x00, 0x00, 0x18, 0x00, 0x00, 0x00,
  0x4e, 0xbc, 0xff, 0xff, 0x00, 0x00, 0x00, 0x01, 0x18, 0x00, 0x00, 0x00,
  0x20, 0x00, 0x00, 0x00, 0x3c, 0x00, 0x00, 0x00, 0x61, 0x00, 0x00, 0x00,
  0x00, 0x00, 0x00, 0x09, 0xc8, 0x00, 0x00, 0x00, 0x02, 0x00, 0x00, 0x00,
  0xff, 0xff, 0xff, 0xff, 0x18, 0x00, 0x00, 0x00, 0x34, 0xbc, 0xff, 0xff,
  0x08, 0x00, 0x00, 0x00, 0x10, 0x00, 0x00, 0x00, 0x01, 0x00, 0x00, 0x00,
  0xc8, 0xff, 0xff, 0xff, 0xff, 0xff, 0xff, 0xff, 0x01, 0x00, 0x00, 0x00,
  0x28, 0x14, 0x7c, 0x3c, 0x93, 0x00, 0x00, 0x00, 0x74, 0x65, 0x61, 0x63,
  0x68, 0x65, 0x72, 0x5f, 0x6c, 0x73, 0x74, 0x6d, 0x2f, 0x6c, 0x73, 0x74,
  0x6d, 0x2f, 0x6c, 0x73, 0x74, 0x6d, 0x5f, 0x63, 0x65, 0x6c, 0x6c, 0x2f,
  0x73, 0x70, 0x6c, 0x69, 0x74, 0x5f, 0x33, 0x3b, 0x74, 0x65, 0x61, 0x63,
  0x68, 0x65, 0x72, 0x5f, 0x6c, 0x73, 0x74, 0x6d, 0x2f, 0x6c, 0x73, 0x74,
  0x6d, 0x2f, 0x6c, 0x73, 0x74, 0x6d, 0x5f, 0x63, 0x65, 0x6c, 0x6c, 0x2f,
  0x73, 0x70, 0x6c, 0x69, 0x74, 0x5f, 0x33, 0x31, 0x3b, 0x74, 0x65, 0x61,
  0x63, 0x68, 0x65, 0x72, 0x5f, 0x6c, 0x73, 0x74, 0x6d, 0x2f, 0x6c, 0x73,
  0x74, 0x6d, 0x2f, 0x6c, 0x73, 0x74, 0x6d, 0x5f, 0x63, 0x65, 0x6c, 0x6c,
  0x2f, 0x73, 0x70, 0x6c, 0x69, 0x74, 0x5f, 0x33, 0x32, 0x3b, 0x74, 0x65,
  0x61, 0x63, 0x68, 0x65, 0x72, 0x5f, 0x6c, 0x73, 0x74, 0x6d, 0x2f, 0x6c,
  0x73, 0x74, 0x6d, 0x2f, 0x6c, 0x73, 0x74, 0x6d, 0x5f, 0x63, 0x65, 0x6c,
  0x6c, 0x2f, 0x73, 0x70, 0x6c, 0x69, 0x74, 0x5f, 0x33, 0x33, 0x33, 0x00,
  0x02, 0x00, 0x00, 0x00, 0x01, 0x00, 0x00, 0x00, 0x18, 0x00, 0x00, 0x00,
  0x3e, 0xbd, 0xff, 0xff, 0x00, 0x00, 0x00, 0x01, 0x18, 0x00, 0x00, 0x00,
  0x20, 0x00, 0x00, 0x00, 0x3c, 0x00, 0x00, 0x00, 0x60, 0x00, 0x00, 0x00,
  0x00, 0x00, 0x00, 0x09, 0xc8, 0x00, 0x00, 0x00, 0x02, 0x00, 0x00, 0x00,
  0xff, 0xff, 0xff, 0xff, 0x18, 0x00, 0x00, 0x00, 0x24, 0xbd, 0xff, 0xff,
  0x08, 0x00, 0x00, 0x00, 0x10, 0x00, 0x00, 0x00, 0x01, 0x00, 0x00, 0x00,
  0xc8, 0xff, 0xff, 0xff, 0xff, 0xff, 0xff, 0xff, 0x01, 0x00, 0x00, 0x00,
  0x28, 0x14, 0x7c, 0x3c, 0x93, 0x00, 0x00, 0x00, 0x74, 0x65, 0x61, 0x63,
  0x68, 0x65, 0x72, 0x5f, 0x6c, 0x73, 0x74, 0x6d, 0x2f, 0x6c, 0x73, 0x74,
  0x6d, 0x2f, 0x6c, 0x73, 0x74, 0x6d, 0x5f, 0x63, 0x65, 0x6c, 0x6c, 0x2f,
  0x73, 0x70, 0x6c, 0x69, 0x74, 0x5f, 0x33, 0x3b, 0x74, 0x65, 0x61, 0x63,
  0x68, 0x65, 0x72, 0x5f, 0x6c, 0x73, 0x74, 0x6d, 0x2f, 0x6c, 0x73, 0x74,
  0x6d, 0x2f, 0x6c, 0x73, 0x74, 0x6d, 0x5f, 0x63, 0x65, 0x6c, 0x6c, 0x2f,
  0x73, 0x70, 0x6c, 0x69, 0x74, 0x5f, 0x33, 0x31, 0x3b, 0x74, 0x65, 0x61,
  0x63, 0x68, 0x65, 0x72, 0x5f, 0x6c, 0x73, 0x74, 0x6d, 0x2f, 0x6c, 0x73,
  0x74, 0x6d, 0x2f, 0x6c, 0x73, 0x74, 0x6d, 0x5f, 0x63, 0x65, 0x6c, 0x6c,
  0x2f, 0x73, 0x70, 0x6c, 0x69, 0x74, 0x5f, 0x33, 0x32, 0x3b, 0x74, 0x65,
  0x61, 0x63, 0x68, 0x65, 0x72, 0x5f, 0x6c, 0x73, 0x74, 0x6d, 0x2f, 0x6c,
  0x73, 0x74, 0x6d, 0x2f, 0x6c, 0x73, 0x74, 0x6d, 0x5f, 0x63, 0x65, 0x6c,
  0x6c, 0x2f, 0x73, 0x70, 0x6c, 0x69, 0x74, 0x5f, 0x33, 0x33, 0x32, 0x00,
  0x02, 0x00, 0x00, 0x00, 0x01, 0x00, 0x00, 0x00, 0x18, 0x00, 0x00, 0x00,
  0x2e, 0xbe, 0xff, 0xff, 0x00, 0x00, 0x00, 0x01, 0x18, 0x00, 0x00, 0x00,
  0x20, 0x00, 0x00, 0x00, 0x3c, 0x00, 0x00, 0x00, 0x5f, 0x00, 0x00, 0x00,
  0x00, 0x00, 0x00, 0x09, 0xc8, 0x00, 0x00, 0x00, 0x02, 0x00, 0x00, 0x00,
  0xff, 0xff, 0xff, 0xff, 0x18, 0x00, 0x00, 0x00, 0x14, 0xbe, 0xff, 0xff,
  0x08, 0x00, 0x00, 0x00, 0x10, 0x00, 0x00, 0x00, 0x01, 0x00, 0x00, 0x00,
  0xc8, 0xff, 0xff, 0xff, 0xff, 0xff, 0xff, 0xff, 0x01, 0x00, 0x00, 0x00,
  0x28, 0x14, 0x7c, 0x3c, 0x93, 0x00, 0x00, 0x00, 0x74, 0x65, 0x61, 0x63,
  0x68, 0x65, 0x72, 0x5f, 0x6c, 0x73, 0x74, 0x6d, 0x2f, 0x6c, 0x73, 0x74,
  0x6d, 0x2f, 0x6c, 0x73, 0x74, 0x6d, 0x5f, 0x63, 0x65, 0x6c, 0x6c, 0x2f,
  0x73, 0x70, 0x6c, 0x69, 0x74, 0x5f, 0x33, 0x3b, 0x74, 0x65, 0x61, 0x63,
  0x68, 0x65, 0x72, 0x5f, 0x6c, 0x73, 0x74, 0x6d, 0x2f, 0x6c, 0x73, 0x74,
  0x6d, 0x2f, 0x6c, 0x73, 0x74, 0x6d, 0x5f, 0x63, 0x65, 0x6c, 0x6c, 0x2f,
  0x73, 0x70, 0x6c, 0x69, 0x74, 0x5f, 0x33, 0x31, 0x3b, 0x74, 0x65, 0x61,
  0x63, 0x68, 0x65, 0x72, 0x5f, 0x6c, 0x73, 0x74, 0x6d, 0x2f, 0x6c, 0x73,
  0x74, 0x6d, 0x2f, 0x6c, 0x73, 0x74, 0x6d, 0x5f, 0x63, 0x65, 0x6c, 0x6c,
  0x2f, 0x73, 0x70, 0x6c, 0x69, 0x74, 0x5f, 0x33, 0x32, 0x3b, 0x74, 0x65,
  0x61, 0x63, 0x68, 0x65, 0x72, 0x5f, 0x6c, 0x73, 0x74, 0x6d, 0x2f, 0x6c,
  0x73, 0x74, 0x6d, 0x2f, 0x6c, 0x73, 0x74, 0x6d, 0x5f, 0x63, 0x65, 0x6c,
  0x6c, 0x2f, 0x73, 0x70, 0x6c, 0x69, 0x74, 0x5f, 0x33, 0x33, 0x31, 0x00,
  0x02, 0x00, 0x00, 0x00, 0x01, 0x00, 0x00, 0x00, 0x18, 0x00, 0x00, 0x00,
  0x1e, 0xbf, 0xff, 0xff, 0x00, 0x00, 0x00, 0x01, 0x18, 0x00, 0x00, 0x00,
  0x20, 0x00, 0x00, 0x00, 0x3c, 0x00, 0x00, 0x00, 0x5e, 0x00, 0x00, 0x00,
  0x00, 0x00, 0x00, 0x09, 0xc8, 0x00, 0x00, 0x00, 0x02, 0x00, 0x00, 0x00,
  0xff, 0xff, 0xff, 0xff, 0x18, 0x00, 0x00, 0x00, 0x04, 0xbf, 0xff, 0xff,
  0x08, 0x00, 0x00, 0x00, 0x10, 0x00, 0x00, 0x00, 0x01, 0x00, 0x00, 0x00,
  0xc8, 0xff, 0xff, 0xff, 0xff, 0xff, 0xff, 0xff, 0x01, 0x00, 0x00, 0x00,
  0x28, 0x14, 0x7c, 0x3c, 0x92, 0x00, 0x00, 0x00, 0x74, 0x65, 0x61, 0x63,
  0x68, 0x65, 0x72, 0x5f, 0x6c, 0x73, 0x74, 0x6d, 0x2f, 0x6c, 0x73, 0x74,
  0x6d, 0x2f, 0x6c, 0x73, 0x74, 0x6d, 0x5f, 0x63, 0x65, 0x6c, 0x6c, 0x2f,
  0x73, 0x70, 0x6c, 0x69, 0x74, 0x5f, 0x33, 0x3b, 0x74, 0x65, 0x61, 0x63,
  0x68, 0x65, 0x72, 0x5f, 0x6c, 0x73, 0x74, 0x6d, 0x2f, 0x6c, 0x73, 0x74,
  0x6d, 0x2f, 0x6c, 0x73, 0x74, 0x6d, 0x5f, 0x63, 0x65, 0x6c, 0x6c, 0x2f,
  0x73, 0x70, 0x6c, 0x69, 0x74, 0x5f, 0x33, 0x31, 0x3b, 0x74, 0x65, 0x61,
  0x63, 0x68, 0x65, 0x72, 0x5f, 0x6c, 0x73, 0x74, 0x6d, 0x2f, 0x6c, 0x73,
  0x74, 0x6d, 0x2f, 0x6c, 0x73, 0x74, 0x6d, 0x5f, 0x63, 0x65, 0x6c, 0x6c,
  0x2f, 0x73, 0x70, 0x6c, 0x69, 0x74, 0x5f, 0x33, 0x32, 0x3b, 0x74, 0x65,
  0x61, 0x63, 0x68, 0x65, 0x72, 0x5f, 0x6c, 0x73, 0x74, 0x6d, 0x2f, 0x6c,
  0x73, 0x74, 0x6d, 0x2f, 0x6c, 0x73, 0x74, 0x6d, 0x5f, 0x63, 0x65, 0x6c,
  0x6c, 0x2f, 0x73, 0x70, 0x6c, 0x69, 0x74, 0x5f, 0x33, 0x33, 0x00, 0x00,
  0x02, 0x00, 0x00, 0x00, 0x01, 0x00, 0x00, 0x00, 0x18, 0x00, 0x00, 0x00,
  0x0e, 0xc0, 0xff, 0xff, 0x00, 0x00, 0x00, 0x01, 0x18, 0x00, 0x00, 0x00,
  0x20, 0x00, 0x00, 0x00, 0x40, 0x00, 0x00, 0x00, 0x5d, 0x00, 0x00, 0x00,
  0x00, 0x00, 0x00, 0x09, 0x60, 0x00, 0x00, 0x00, 0x02, 0x00, 0x00, 0x00,
  0xff, 0xff, 0xff, 0xff, 0x60, 0x00, 0x00, 0x00, 0xf4, 0xbf, 0xff, 0xff,
  0x08, 0x00, 0x00, 0x00, 0x14, 0x00, 0x00, 0x00, 0x01, 0x00, 0x00, 0x00,
  0xc8, 0xff, 0xff, 0xff, 0xff, 0xff, 0xff, 0xff, 0x00, 0x00, 0x00, 0x00,
  0x01, 0x00, 0x00, 0x00, 0x28, 0x14, 0x7c, 0x3c, 0x25, 0x00, 0x00, 0x00,
  0x74, 0x65, 0x61, 0x63, 0x68, 0x65, 0x72, 0x5f, 0x6c, 0x73, 0x74, 0x6d,
  0x2f, 0x6c, 0x73, 0x74, 0x6d, 0x2f, 0x6c, 0x73, 0x74, 0x6d, 0x5f, 0x63,
  0x65, 0x6c, 0x6c, 0x2f, 0x42, 0x69, 0x61, 0x73, 0x41, 0x64, 0x64, 0x5f,
  0x33, 0x00, 0x00, 0x00, 0x02, 0x00, 0x00, 0x00, 0x01, 0x00, 0x00, 0x00,
  0x60, 0x00, 0x00, 0x00, 0x96, 0xc0, 0xff, 0xff, 0x00, 0x00, 0x00, 0x01,
  0x18, 0x00, 0x00, 0x00, 0x20, 0x00, 0x00, 0x00, 0x3c, 0x00, 0x00, 0x00,
  0x5c, 0x00, 0x00, 0x00, 0x00, 0x00, 0x00, 0x09, 0x58, 0x00, 0x00, 0x00,
  0x02, 0x00, 0x00, 0x00, 0xff, 0xff, 0xff, 0xff, 0x60, 0x00, 0x00, 0x00,
  0x7c, 0xc0, 0xff, 0xff, 0x08, 0x00, 0x00, 0x00, 0x10, 0x00, 0x00, 0x00,
  0x01, 0x00, 0x00, 0x00, 0xd3, 0xff, 0xff, 0xff, 0xff, 0xff, 0xff, 0xff,
  0x01, 0x00, 0x00, 0x00, 0x77, 0xdb, 0x85, 0x3c, 0x21, 0x00, 0x00, 0x00,
  0x74, 0x65, 0x61, 0x63, 0x68, 0x65, 0x72, 0x5f, 0x6c, 0x73, 0x74, 0x6d,
  0x2f, 0x6c, 0x73, 0x74, 0x6d, 0x2f, 0x6c, 0x73, 0x74, 0x6d, 0x5f, 0x63,
  0x65, 0x6c, 0x6c, 0x2f, 0x61, 0x64, 0x64, 0x5f, 0x36, 0x00, 0x00, 0x00,
  0x02, 0x00, 0x00, 0x00, 0x01, 0x00, 0x00, 0x00, 0x60, 0x00, 0x00, 0x00,
  0x16, 0xc1, 0xff, 0xff, 0x00, 0x00, 0x00, 0x01, 0x18, 0x00, 0x00, 0x00,
  0x20, 0x00, 0x00, 0x00, 0x40, 0x00, 0x00, 0x00, 0x5b, 0x00, 0x00, 0x00,
  0x00, 0x00, 0x00, 0x09, 0x60, 0x00, 0x00, 0x00, 0x02, 0x00, 0x00, 0x00,
  0xff, 0xff, 0xff, 0xff, 0x60, 0x00, 0x00, 0x00, 0xfc, 0xc0, 0xff, 0xff,
  0x08, 0x00, 0x00, 0x00, 0x14, 0x00, 0x00, 0x00, 0x01, 0x00, 0x00, 0x00,
  0xf2, 0xff, 0xff, 0xff, 0xff, 0xff, 0xff, 0xff, 0x00, 0x00, 0x00, 0x00,
  0x01, 0x00, 0x00, 0x00, 0xd0, 0x89, 0x43, 0x3c, 0x24, 0x00, 0x00, 0x00,
  0x74, 0x65, 0x61, 0x63, 0x68, 0x65, 0x72, 0x5f, 0x6c, 0x73, 0x74, 0x6d,
  0x2f, 0x6c, 0x73, 0x74, 0x6d, 0x2f, 0x6c, 0x73, 0x74, 0x6d, 0x5f, 0x63,
  0x65, 0x6c, 0x6c, 0x2f, 0x4d, 0x61, 0x74, 0x4d, 0x75, 0x6c, 0x5f, 0x36,
  0x00, 0x00, 0x00, 0x00, 0x02, 0x00, 0x00, 0x00, 0x01, 0x00, 0x00, 0x00,
  0x60, 0x00, 0x00, 0x00, 0x9e, 0xc1, 0xff, 0xff, 0x00, 0x00, 0x00, 0x01,
  0x18, 0x00, 0x00, 0x00, 0x20, 0x00, 0x00, 0x00, 0x40, 0x00, 0x00, 0x00,
  0x5a, 0x00, 0x00, 0x00, 0x00, 0x00, 0x00, 0x09, 0x60, 0x00, 0x00, 0x00,
  0x02, 0x00, 0x00, 0x00, 0xff, 0xff, 0xff, 0xff, 0x60, 0x00, 0x00, 0x00,
  0x84, 0xc1, 0xff, 0xff, 0x08, 0x00, 0x00, 0x00, 0x14, 0x00, 0x00, 0x00,
  0x01, 0x00, 0x00, 0x00, 0xe0, 0xff, 0xff, 0xff, 0xff, 0xff, 0xff, 0xff,
  0x00, 0x00, 0x00, 0x00, 0x01, 0x00, 0x00, 0x00, 0x69, 0x88, 0xcb, 0x3b,
  0x24, 0x00, 0x00, 0x00, 0x74, 0x65, 0x61, 0x63, 0x68, 0x65, 0x72, 0x5f,
  0x6c, 0x73, 0x74, 0x6d, 0x2f, 0x6c, 0x73, 0x74, 0x6d, 0x2f, 0x6c, 0x73,
  0x74, 0x6d, 0x5f, 0x63, 0x65, 0x6c, 0x6c, 0x2f, 0x4d, 0x61, 0x74, 0x4d,
  0x75, 0x6c, 0x5f, 0x37, 0x00, 0x00, 0x00, 0x00, 0x02, 0x00, 0x00, 0x00,
  0x01, 0x00, 0x00, 0x00, 0x60, 0x00, 0x00, 0x00, 0x26, 0xc2, 0xff, 0xff,
  0x00, 0x00, 0x00, 0x01, 0x18, 0x00, 0x00, 0x00, 0x20, 0x00, 0x00, 0x00,
  0x3c, 0x00, 0x00, 0x00, 0x59, 0x00, 0x00, 0x00, 0x00, 0x00, 0x00, 0x09,
  0x58, 0x00, 0x00, 0x00, 0x02, 0x00, 0x00, 0x00, 0xff, 0xff, 0xff, 0xff,
  0x18, 0x00, 0x00, 0x00, 0x0c, 0xc2, 0xff, 0xff, 0x08, 0x00, 0x00, 0x00,
  0x10, 0x00, 0x00, 0x00, 0x01, 0x00, 0x00, 0x00, 0x04, 0x00, 0x00, 0x00,
  0x00, 0x00, 0x00, 0x00, 0x01, 0x00, 0x00, 0x00, 0x71, 0x94, 0xa9, 0x3b,
  0x21, 0x00, 0x00, 0x00, 0x74, 0x65, 0x61, 0x63, 0x68, 0x65, 0x72, 0x5f,
  0x6c, 0x73, 0x74, 0x6d, 0x2f, 0x6c, 0x73, 0x74, 0x6d, 0x2f, 0x6c, 0x73,
  0x74, 0x6d, 0x5f, 0x63, 0x65, 0x6c, 0x6c, 0x2f, 0x6d, 0x75, 0x6c, 0x5f,
  0x38, 0x00, 0x00, 0x00, 0x02, 0x00, 0x00, 0x00, 0x01, 0x00, 0x00, 0x00,
  0x18, 0x00, 0x00, 0x00, 0xa6, 0xc2, 0xff, 0xff, 0x00, 0x00, 0x00, 0x01,
  0x18, 0x00, 0x00, 0x00, 0x20, 0x00, 0x00, 0x00, 0x3c, 0x00, 0x00, 0x00,
  0x58, 0x00, 0x00, 0x00, 0x00, 0x00, 0x00, 0x09, 0x58, 0x00, 0x00, 0x00,
  0x02, 0x00, 0x00, 0x00, 0xff, 0xff, 0xff, 0xff, 0x18, 0x00, 0x00, 0x00,
  0x8c, 0xc2, 0xff, 0xff, 0x08, 0x00, 0x00, 0x00, 0x10, 0x00, 0x00, 0x00,
  0x01, 0x00, 0x00, 0x00, 0x00, 0x00, 0x00, 0x00, 0x00, 0x00, 0x00, 0x00,
  0x01, 0x00, 0x00, 0x00, 0x00, 0x00, 0x00, 0x3c, 0x22, 0x00, 0x00, 0x00,
  0x74, 0x65, 0x61, 0x63, 0x68, 0x65, 0x72, 0x5f, 0x6c, 0x73, 0x74, 0x6d,
  0x2f, 0x6c, 0x73, 0x74, 0x6d, 0x2f, 0x6c, 0x73, 0x74, 0x6d, 0x5f, 0x63,
  0x65, 0x6c, 0x6c, 0x2f, 0x54, 0x61, 0x6e, 0x68, 0x5f, 0x35, 0x00, 0x00,
  0x02, 0x00, 0x00, 0x00, 0x01, 0x00, 0x00, 0x00, 0x18, 0x00, 0x00, 0x00,
  0x26, 0xc3, 0xff, 0xff, 0x00, 0x00, 0x00, 0x01, 0x18, 0x00, 0x00, 0x00,
  0x20, 0x00, 0x00, 0x00, 0x3c, 0x00, 0x00, 0x00, 0x57, 0x00, 0x00, 0x00,
  0x00, 0x00, 0x00, 0x09, 0x58, 0x00, 0x00, 0x00, 0x02, 0x00, 0x00, 0x00,
  0xff, 0xff, 0xff, 0xff, 0x18, 0x00, 0x00, 0x00, 0x0c, 0xc3, 0xff, 0xff,
  0x08, 0x00, 0x00, 0x00, 0x10, 0x00, 0x00, 0x00, 0x01, 0x00, 0x00, 0x00,
  0x0c, 0x00, 0x00, 0x00, 0x00, 0x00, 0x00, 0x00, 0x01, 0x00, 0x00, 0x00,
  0x51, 0x51, 0x1b, 0x3c, 0x21, 0x00, 0x00, 0x00, 0x74, 0x65, 0x61, 0x63,
  0x68, 0x65, 0x72, 0x5f, 0x6c, 0x73, 0x74, 0x6d, 0x2f, 0x6c, 0x73, 0x74,
  0x6d, 0x2f, 0x6c, 0x73, 0x74, 0x6d, 0x5f, 0x63, 0x65, 0x6c, 0x6c, 0x2f,
  0x61, 0x64, 0x64, 0x5f, 0x35, 0x00, 0x00, 0x00, 0x02, 0x00, 0x00, 0x00,
  0x01, 0x00, 0x00, 0x00, 0x18, 0x00, 0x00, 0x00, 0xa6, 0xc3, 0xff, 0xff,
  0x00, 0x00, 0x00, 0x01, 0x18, 0x00, 0x00, 0x00, 0x20, 0x00, 0x00, 0x00,
  0x3c, 0x00, 0x00, 0x00, 0x56, 0x00, 0x00, 0x00, 0x00, 0x00, 0x00, 0x09,
  0x58, 0x00, 0x00, 0x00, 0x02, 0x00, 0x00, 0x00, 0xff, 0xff, 0xff, 0xff,
  0x18, 0x00, 0x00, 0x00, 0x8c, 0xc3, 0xff, 0xff, 0x08, 0x00, 0x00, 0x00,
  0x10, 0x00, 0x00, 0x00, 0x01, 0x00, 0x00, 0x00, 0x0a, 0x00, 0x00, 0x00,
  0x00, 0x00, 0x00, 0x00, 0x01, 0x00, 0x00, 0x00, 0x25, 0x84, 0x92, 0x3b,
  0x21, 0x00, 0x00, 0x00, 0x74, 0x65, 0x61, 0x63, 0x68, 0x65, 0x72, 0x5f,
  0x6c, 0x73, 0x74, 0x6d, 0x2f, 0x6c, 0x73, 0x74, 0x6d, 0x2f, 0x6c, 0x73,
  0x74, 0x6d, 0x5f, 0x63, 0x65, 0x6c, 0x6c, 0x2f, 0x6d, 0x75, 0x6c, 0x5f,
  0x37, 0x00, 0x00, 0x00, 0x02, 0x00, 0x00, 0x00, 0x01, 0x00, 0x00, 0x00,
  0x18, 0x00, 0x00, 0x00, 0x26, 0xc4, 0xff, 0xff, 0x00, 0x00, 0x00, 0x01,
  0x18, 0x00, 0x00, 0x00, 0x20, 0x00, 0x00, 0x00, 0x3c, 0x00, 0x00, 0x00,
  0x55, 0x00, 0x00, 0x00, 0x00, 0x00, 0x00, 0x09, 0x58, 0x00, 0x00, 0x00,
  0x02, 0x00, 0x00, 0x00, 0xff, 0xff, 0xff, 0xff, 0x18, 0x00, 0x00, 0x00,
  0x0c, 0xc4, 0xff, 0xff, 0x08, 0x00, 0x00, 0x00, 0x10, 0x00, 0x00, 0x00,
  0x01, 0x00, 0x00, 0x00, 0x00, 0x00, 0x00, 0x00, 0x00, 0x00, 0x00, 0x00,
  0x01, 0x00, 0x00, 0x00, 0x00, 0x00, 0x00, 0x3c, 0x22, 0x00, 0x00, 0x00,
  0x74, 0x65, 0x61, 0x63, 0x68, 0x65, 0x72, 0x5f, 0x6c, 0x73, 0x74, 0x6d,
  0x2f, 0x6c, 0x73, 0x74, 0x6d, 0x2f, 0x6c, 0x73, 0x74, 0x6d, 0x5f, 0x63,
  0x65, 0x6c, 0x6c, 0x2f, 0x54, 0x61, 0x6e, 0x68, 0x5f, 0x34, 0x00, 0x00,
  0x02, 0x00, 0x00, 0x00, 0x01, 0x00, 0x00, 0x00, 0x18, 0x00, 0x00, 0x00,
  0xa6, 0xc4, 0xff, 0xff, 0x00, 0x00, 0x00, 0x01, 0x18, 0x00, 0x00, 0x00,
  0x20, 0x00, 0x00, 0x00, 0x40, 0x00, 0x00, 0x00, 0x54, 0x00, 0x00, 0x00,
  0x00, 0x00, 0x00, 0x09, 0x60, 0x00, 0x00, 0x00, 0x02, 0x00, 0x00, 0x00,
  0xff, 0xff, 0xff, 0xff, 0x18, 0x00, 0x00, 0x00, 0x8c, 0xc4, 0xff, 0xff,
  0x08, 0x00, 0x00, 0x00, 0x14, 0x00, 0x00, 0x00, 0x01, 0x00, 0x00, 0x00,
  0x80, 0xff, 0xff, 0xff, 0xff, 0xff, 0xff, 0xff, 0x00, 0x00, 0x00, 0x00,
  0x01, 0x00, 0x00, 0x00, 0x00, 0x00, 0x80, 0x3b, 0x25, 0x00, 0x00, 0x00,
  0x74, 0x65, 0x61, 0x63, 0x68, 0x65, 0x72, 0x5f, 0x6c, 0x73, 0x74, 0x6d,
  0x2f, 0x6c, 0x73, 0x74, 0x6d, 0x2f, 0x6c, 0x73, 0x74, 0x6d, 0x5f, 0x63,
  0x65, 0x6c, 0x6c, 0x2f, 0x53, 0x69, 0x67, 0x6d, 0x6f, 0x69, 0x64, 0x5f,
  0x38, 0x00, 0x00, 0x00, 0x02, 0x00, 0x00, 0x00, 0x01, 0x00, 0x00, 0x00,
  0x18, 0x00, 0x00, 0x00, 0x2e, 0xc5, 0xff, 0xff, 0x00, 0x00, 0x00, 0x01,
  0x18, 0x00, 0x00, 0x00, 0x20, 0x00, 0x00, 0x00, 0x3c, 0x00, 0x00, 0x00,
  0x53, 0x00, 0x00, 0x00, 0x00, 0x00, 0x00, 0x09, 0x58, 0x00, 0x00, 0x00,
  0x02, 0x00, 0x00, 0x00, 0xff, 0xff, 0xff, 0xff, 0x18, 0x00, 0x00, 0x00,
  0x14, 0xc5, 0xff, 0xff, 0x08, 0x00, 0x00, 0x00, 0x10, 0x00, 0x00, 0x00,
  0x01, 0x00, 0x00, 0x00, 0x0c, 0x00, 0x00, 0x00, 0x00, 0x00, 0x00, 0x00,
  0x01, 0x00, 0x00, 0x00, 0x51, 0x51, 0x1b, 0x3c, 0x21, 0x00, 0x00, 0x00,
  0x74, 0x65, 0x61, 0x63, 0x68, 0x65, 0x72, 0x5f, 0x6c, 0x73, 0x74, 0x6d,
  0x2f, 0x6c, 0x73, 0x74, 0x6d, 0x2f, 0x6c, 0x73, 0x74, 0x6d, 0x5f, 0x63,
  0x65, 0x6c, 0x6c, 0x2f, 0x6d, 0x75, 0x6c, 0x5f, 0x36, 0x00, 0x00, 0x00,
  0x02, 0x00, 0x00, 0x00, 0x01, 0x00, 0x00, 0x00, 0x18, 0x00, 0x00, 0x00,
  0xae, 0xc5, 0xff, 0xff, 0x00, 0x00, 0x00, 0x01, 0x18, 0x00, 0x00, 0x00,
  0x20, 0x00, 0x00, 0x00, 0x40, 0x00, 0x00, 0x00, 0x52, 0x00, 0x00, 0x00,
  0x00, 0x00, 0x00, 0x09, 0x60, 0x00, 0x00, 0x00, 0x02, 0x00, 0x00, 0x00,
  0xff, 0xff, 0xff, 0xff, 0x18, 0x00, 0x00, 0x00, 0x94, 0xc5, 0xff, 0xff,
  0x08, 0x00, 0x00, 0x00, 0x14, 0x00, 0x00, 0x00, 0x01, 0x00, 0x00, 0x00,
  0x80, 0xff, 0xff, 0xff, 0xff, 0xff, 0xff, 0xff, 0x00, 0x00, 0x00, 0x00,
  0x01, 0x00, 0x00, 0x00, 0x00, 0x00, 0x80, 0x3b, 0x25, 0x00, 0x00, 0x00,
  0x74, 0x65, 0x61, 0x63, 0x68, 0x65, 0x72, 0x5f, 0x6c, 0x73, 0x74, 0x6d,
  0x2f, 0x6c, 0x73, 0x74, 0x6d, 0x2f, 0x6c, 0x73, 0x74, 0x6d, 0x5f, 0x63,
  0x65, 0x6c, 0x6c, 0x2f, 0x53, 0x69, 0x67, 0x6d, 0x6f, 0x69, 0x64, 0x5f,
  0x37, 0x00, 0x00, 0x00, 0x02, 0x00, 0x00, 0x00, 0x01, 0x00, 0x00, 0x00,
  0x18, 0x00, 0x00, 0x00, 0x36, 0xc6, 0xff, 0xff, 0x00, 0x00, 0x00, 0x01,
  0x18, 0x00, 0x00, 0x00, 0x20, 0x00, 0x00, 0x00, 0x40, 0x00, 0x00, 0x00,
  0x51, 0x00, 0x00, 0x00, 0x00, 0x00, 0x00, 0x09, 0x60, 0x00, 0x00, 0x00,
  0x02, 0x00, 0x00, 0x00, 0xff, 0xff, 0xff, 0xff, 0x18, 0x00, 0x00, 0x00,
  0x1c, 0xc6, 0xff, 0xff, 0x08, 0x00, 0x00, 0x00, 0x14, 0x00, 0x00, 0x00,
  0x01, 0x00, 0x00, 0x00, 0x80, 0xff, 0xff, 0xff, 0xff, 0xff, 0xff, 0xff,
  0x00, 0x00, 0x00, 0x00, 0x01, 0x00, 0x00, 0x00, 0x00, 0x00, 0x80, 0x3b,
  0x25, 0x00, 0x00, 0x00, 0x74, 0x65, 0x61, 0x63, 0x68, 0x65, 0x72, 0x5f,
  0x6c, 0x73, 0x74, 0x6d, 0x2f, 0x6c, 0x73, 0x74, 0x6d, 0x2f, 0x6c, 0x73,
  0x74, 0x6d, 0x5f, 0x63, 0x65, 0x6c, 0x6c, 0x2f, 0x53, 0x69, 0x67, 0x6d,
  0x6f, 0x69, 0x64, 0x5f, 0x36, 0x00, 0x00, 0x00, 0x02, 0x00, 0x00, 0x00,
  0x01, 0x00, 0x00, 0x00, 0x18, 0x00, 0x00, 0x00, 0xbe, 0xc6, 0xff, 0xff,
  0x00, 0x00, 0x00, 0x01, 0x18, 0x00, 0x00, 0x00, 0x20, 0x00, 0x00, 0x00,
  0x3c, 0x00, 0x00, 0x00, 0x50, 0x00, 0x00, 0x00, 0x00, 0x00, 0x00, 0x09,
  0xc8, 0x00, 0x00, 0x00, 0x02, 0x00, 0x00, 0x00, 0xff, 0xff, 0xff, 0xff,
  0x18, 0x00, 0x00, 0x00, 0xa4, 0xc6, 0xff, 0xff, 0x08, 0x00, 0x00, 0x00,
  0x10, 0x00, 0x00, 0x00, 0x01, 0x00, 0x00, 0x00, 0xcb, 0xff, 0xff, 0xff,
  0xff, 0xff, 0xff, 0xff, 0x01, 0x00, 0x00, 0x00, 0xb5, 0x99, 0x68, 0x3c,
  0x93, 0x00, 0x00, 0x00, 0x74, 0x65, 0x61, 0x63, 0x68, 0x65, 0x72, 0x5f,
  0x6c, 0x73, 0x74, 0x6d, 0x2f, 0x6c, 0x73, 0x74, 0x6d, 0x2f, 0x6c, 0x73,
  0x74, 0x6d, 0x5f, 0x63, 0x65, 0x6c, 0x6c, 0x2f, 0x73, 0x70, 0x6c, 0x69,
  0x74, 0x5f, 0x32, 0x3b, 0x74, 0x65, 0x61, 0x63, 0x68, 0x65, 0x72, 0x5f,
  0x6c, 0x73, 0x74, 0x6d, 0x2f, 0x6c, 0x73, 0x74, 0x6d, 0x2f, 0x6c, 0x73,
  0x74, 0x6d, 0x5f, 0x63, 0x65, 0x6c, 0x6c, 0x2f, 0x73, 0x70, 0x6c, 0x69,
  0x74, 0x5f, 0x32, 0x31, 0x3b, 0x74, 0x65, 0x61, 0x63, 0x68, 0x65, 0x72,
  0x5f, 0x6c, 0x73, 0x74, 0x6d, 0x2f, 0x6c, 0x73, 0x74, 0x6d, 0x2f, 0x6c,
  0x73, 0x74, 0x6d, 0x5f, 0x63, 0x65, 0x6c, 0x6c, 0x2f, 0x73, 0x70, 0x6c,
  0x69, 0x74, 0x5f, 0x32, 0x32, 0x3b, 0x74, 0x65, 0x61, 0x63, 0x68, 0x65,
  0x72, 0x5f, 0x6c, 0x73, 0x74, 0x6d, 0x2f, 0x6c, 0x73, 0x74, 0x6d, 0x2f,
  0x6c, 0x73, 0x74, 0x6d, 0x5f, 0x63, 0x65, 0x6c, 0x6c, 0x2f, 0x73, 0x70,
  0x6c, 0x69, 0x74, 0x5f, 0x32, 0x33, 0x33, 0x00, 0x02, 0x00, 0x00, 0x00,
  0x01, 0x00, 0x00, 0x00, 0x18, 0x00, 0x00, 0x00, 0xae, 0xc7, 0xff, 0xff,
  0x00, 0x00, 0x00, 0x01, 0x18, 0x00, 0x00, 0x00, 0x20, 0x00, 0x00, 0x00,
  0x3c, 0x00, 0x00, 0x00, 0x4f, 0x00, 0x00, 0x00, 0x00, 0x00, 0x00, 0x09,
  0xc8, 0x00, 0x00, 0x00, 0x02, 0x00, 0x00, 0x00, 0xff, 0xff, 0xff, 0xff,
  0x18, 0x00, 0x00, 0x00, 0x94, 0xc7, 0xff, 0xff, 0x08, 0x00, 0x00, 0x00,
  0x10, 0x00, 0x00, 0x00, 0x01, 0x00, 0x00, 0x00, 0xcb, 0xff, 0xff, 0xff,
  0xff, 0xff, 0xff, 0xff, 0x01, 0x00, 0x00, 0x00, 0xb5, 0x99, 0x68, 0x3c,
  0x93, 0x00, 0x00, 0x00, 0x74, 0x65, 0x61, 0x63, 0x68, 0x65, 0x72, 0x5f,
  0x6c, 0x73, 0x74, 0x6d, 0x2f, 0x6c, 0x73, 0x74, 0x6d, 0x2f, 0x6c, 0x73,
  0x74, 0x6d, 0x5f, 0x63, 0x65, 0x6c, 0x6c, 0x2f, 0x73, 0x70, 0x6c, 0x69,
  0x74, 0x5f, 0x32, 0x3b, 0x74, 0x65, 0x61, 0x63, 0x68, 0x65, 0x72, 0x5f,
  0x6c, 0x73, 0x74, 0x6d, 0x2f, 0x6c, 0x73, 0x74, 0x6d, 0x2f, 0x6c, 0x73,
  0x74, 0x6d, 0x5f, 0x63, 0x65, 0x6c, 0x6c, 0x2f, 0x73, 0x70, 0x6c, 0x69,
  0x74, 0x5f, 0x32, 0x31, 0x3b, 0x74, 0x65, 0x61, 0x63, 0x68, 0x65, 0x72,
  0x5f, 0x6c, 0x73, 0x74, 0x6d, 0x2f, 0x6c, 0x73, 0x74, 0x6d, 0x2f, 0x6c,
  0x73, 0x74, 0x6d, 0x5f, 0x63, 0x65, 0x6c, 0x6c, 0x2f, 0x73, 0x70, 0x6c,
  0x69, 0x74, 0x5f, 0x32, 0x32, 0x3b, 0x74, 0x65, 0x61, 0x63, 0x68, 0x65,
  0x72, 0x5f, 0x6c, 0x73, 0x74, 0x6d, 0x2f, 0x6c, 0x73, 0x74, 0x6d, 0x2f,
  0x6c, 0x73, 0x74, 0x6d, 0x5f, 0x63, 0x65, 0x6c, 0x6c, 0x2f, 0x73, 0x70,
  0x6c, 0x69, 0x74, 0x5f, 0x32, 0x33, 0x32, 0x00, 0x02, 0x00, 0x00, 0x00,
  0x01, 0x00, 0x00, 0x00, 0x18, 0x00, 0x00, 0x00, 0x9e, 0xc8, 0xff, 0xff,
  0x00, 0x00, 0x00, 0x01, 0x18, 0x00, 0x00, 0x00, 0x20, 0x00, 0x00, 0x00,
  0x3c, 0x00, 0x00, 0x00, 0x4e, 0x00, 0x00, 0x00, 0x00, 0x00, 0x00, 0x09,
  0xc8, 0x00, 0x00, 0x00, 0x02, 0x00, 0x00, 0x00, 0xff, 0xff, 0xff, 0xff,
  0x18, 0x00, 0x00, 0x00, 0x84, 0xc8, 0xff, 0xff, 0x08, 0x00, 0x00, 0x00,
  0x10, 0x00, 0x00, 0x00, 0x01, 0x00, 0x00, 0x00, 0xcb, 0xff, 0xff, 0xff,
  0xff, 0xff, 0xff, 0xff, 0x01, 0x00, 0x00, 0x00, 0xb5, 0x99, 0x68, 0x3c,
  0x93, 0x00, 0x00, 0x00, 0x74, 0x65, 0x61, 0x63, 0x68, 0x65, 0x72, 0x5f,
  0x6c, 0x73, 0x74, 0x6d, 0x2f, 0x6c, 0x73, 0x74, 0x6d, 0x2f, 0x6c, 0x73,
  0x74, 0x6d, 0x5f, 0x63, 0x65, 0x6c, 0x6c, 0x2f, 0x73, 0x70, 0x6c, 0x69,
  0x74, 0x5f, 0x32, 0x3b, 0x74, 0x65, 0x61, 0x63, 0x68, 0x65, 0x72, 0x5f,
  0x6c, 0x73, 0x74, 0x6d, 0x2f, 0x6c, 0x73, 0x74, 0x6d, 0x2f, 0x6c, 0x73,
  0x74, 0x6d, 0x5f, 0x63, 0x65, 0x6c, 0x6c, 0x2f, 0x73, 0x70, 0x6c, 0x69,
  0x74, 0x5f, 0x32, 0x31, 0x3b, 0x74, 0x65, 0x61, 0x63, 0x68, 0x65, 0x72,
  0x5f, 0x6c, 0x73, 0x74, 0x6d, 0x2f, 0x6c, 0x73, 0x74, 0x6d, 0x2f, 0x6c,
  0x73, 0x74, 0x6d, 0x5f, 0x63, 0x65, 0x6c, 0x6c, 0x2f, 0x73, 0x70, 0x6c,
  0x69, 0x74, 0x5f, 0x32, 0x32, 0x3b, 0x74, 0x65, 0x61, 0x63, 0x68, 0x65,
  0x72, 0x5f, 0x6c, 0x73, 0x74, 0x6d, 0x2f, 0x6c, 0x73, 0x74, 0x6d, 0x2f,
  0x6c, 0x73, 0x74, 0x6d, 0x5f, 0x63, 0x65, 0x6c, 0x6c, 0x2f, 0x73, 0x70,
  0x6c, 0x69, 0x74, 0x5f, 0x32, 0x33, 0x31, 0x00, 0x02, 0x00, 0x00, 0x00,
  0x01, 0x00, 0x00, 0x00, 0x18, 0x00, 0x00, 0x00, 0x8e, 0xc9, 0xff, 0xff,
  0x00, 0x00, 0x00, 0x01, 0x18, 0x00, 0x00, 0x00, 0x20, 0x00, 0x00, 0x00,
  0x3c, 0x00, 0x00, 0x00, 0x4d, 0x00, 0x00, 0x00, 0x00, 0x00, 0x00, 0x09,
  0xc8, 0x00, 0x00, 0x00, 0x02, 0x00, 0x00, 0x00, 0xff, 0xff, 0xff, 0xff,
  0x18, 0x00, 0x00, 0x00, 0x74, 0xc9, 0xff, 0xff, 0x08, 0x00, 0x00, 0x00,
  0x10, 0x00, 0x00, 0x00, 0x01, 0x00, 0x00, 0x00, 0xcb, 0xff, 0xff, 0xff,
  0xff, 0xff, 0xff, 0xff, 0x01, 0x00, 0x00, 0x00, 0xb5, 0x99, 0x68, 0x3c,
  0x92, 0x00, 0x00, 0x00, 0x74, 0x65, 0x61, 0x63, 0x68, 0x65, 0x72, 0x5f,
  0x6c, 0x73, 0x74, 0x6d, 0x2f, 0x6c, 0x73, 0x74, 0x6d, 0x2f, 0x6c, 0x73,
  0x74, 0x6d, 0x5f, 0x63, 0x65, 0x6c, 0x6c, 0x2f, 0x73, 0x70, 0x6c, 0x69,
  0x74, 0x5f, 0x32, 0x3b, 0x74, 0x65, 0x61, 0x63, 0x68, 0x65, 0x72, 0x5f,
  0x6c, 0x73, 0x74, 0x6d, 0x2f, 0x6c, 0x73, 0x74, 0x6d, 0x2f, 0x6c, 0x73,
  0x74, 0x6d, 0x5f, 0x63, 0x65, 0x6c, 0x6c, 0x2f, 0x73, 0x70, 0x6c, 0x69,
  0x74, 0x5f, 0x32, 0x31, 0x3b, 0x74, 0x65, 0x61, 0x63, 0x68, 0x65, 0x72,
  0x5f, 0x6c, 0x73, 0x74, 0x6d, 0x2f, 0x6c, 0x73, 0x74, 0x6d, 0x2f, 0x6c,
  0x73, 0x74, 0x6d, 0x5f, 0x63, 0x65, 0x6c, 0x6c, 0x2f, 0x73, 0x70, 0x6c,
  0x69, 0x74, 0x5f, 0x32, 0x32, 0x3b, 0x74, 0x65, 0x61, 0x63, 0x68, 0x65,
  0x72, 0x5f, 0x6c, 0x73, 0x74, 0x6d, 0x2f, 0x6c, 0x73, 0x74, 0x6d, 0x2f,
  0x6c, 0x73, 0x74, 0x6d, 0x5f, 0x63, 0x65, 0x6c, 0x6c, 0x2f, 0x73, 0x70,
  0x6c, 0x69, 0x74, 0x5f, 0x32, 0x33, 0x00, 0x00, 0x02, 0x00, 0x00, 0x00,
  0x01, 0x00, 0x00, 0x00, 0x18, 0x00, 0x00, 0x00, 0x7e, 0xca, 0xff, 0xff,
  0x00, 0x00, 0x00, 0x01, 0x18, 0x00, 0x00, 0x00, 0x20, 0x00, 0x00, 0x00,
  0x40, 0x00, 0x00, 0x00, 0x4c, 0x00, 0x00, 0x00, 0x00, 0x00, 0x00, 0x09,
  0x60, 0x00, 0x00, 0x00, 0x02, 0x00, 0x00, 0x00, 0xff, 0xff, 0xff, 0xff,
  0x60, 0x00, 0x00, 0x00, 0x64, 0xca, 0xff, 0xff, 0x08, 0x00, 0x00, 0x00,
  0x14, 0x00, 0x00, 0x00, 0x01, 0x00, 0x00, 0x00, 0xcb, 0xff, 0xff, 0xff,
  0xff, 0xff, 0xff, 0xff, 0x00, 0x00, 0x00, 0x00, 0x01, 0x00, 0x00, 0x00,
  0xb5, 0x99, 0x68, 0x3c, 0x25, 0x00, 0x00, 0x00, 0x74, 0x65, 0x61, 0x63,
  0x68, 0x65, 0x72, 0x5f, 0x6c, 0x73, 0x74, 0x6d, 0x2f, 0x6c, 0x73, 0x74,
  0x6d, 0x2f, 0x6c, 0x73, 0x74, 0x6d, 0x5f, 0x63, 0x65, 0x6c, 0x6c, 0x2f,
  0x42, 0x69, 0x61, 0x73, 0x41, 0x64, 0x64, 0x5f, 0x32, 0x00, 0x00, 0x00,
  0x02, 0x00, 0x00, 0x00, 0x01, 0x00, 0x00, 0x00, 0x60, 0x00, 0x00, 0x00,
  0x06, 0xcb, 0xff, 0xff, 0x00, 0x00, 0x00, 0x01, 0x18, 0x00, 0x00, 0x00,
  0x20, 0x00, 0x00, 0x00, 0x3c, 0x00, 0x00, 0x00, 0x4b, 0x00, 0x00, 0x00,
  0x00, 0x00, 0x00, 0x09, 0x58, 0x00, 0x00, 0x00, 0x02, 0x00, 0x00, 0x00,
  0xff, 0xff, 0xff, 0xff, 0x60, 0x00, 0x00, 0x00, 0xec, 0xca, 0xff, 0xff,
  0x08, 0x00, 0x00, 0x00, 0x10, 0x00, 0x00, 0x00, 0x01, 0x00, 0x00, 0x00,
  0xd6, 0xff, 0xff, 0xff, 0xff, 0xff, 0xff, 0xff, 0x01, 0x00, 0x00, 0x00,
  0x84, 0xc1, 0x78, 0x3c, 0x21, 0x00, 0x00, 0x00, 0x74, 0x65, 0x61, 0x63,
  0x68, 0x65, 0x72, 0x5f, 0x6c, 0x73, 0x74, 0x6d, 0x2f, 0x6c, 0x73, 0x74,
  0x6d, 0x2f, 0x6c, 0x73, 0x74, 0x6d, 0x5f, 0x63, 0x65, 0x6c, 0x6c, 0x2f,
  0x61, 0x64, 0x64, 0x5f, 0x34, 0x00, 0x00, 0x00, 0x02, 0x00, 0x00, 0x00,
  0x01, 0x00, 0x00, 0x00, 0x60, 0x00, 0x00, 0x00, 0x86, 0xcb, 0xff, 0xff,
  0x00, 0x00, 0x00, 0x01, 0x18, 0x00, 0x00, 0x00, 0x20, 0x00, 0x00, 0x00,
  0x40, 0x00, 0x00, 0x00, 0x4a, 0x00, 0x00, 0x00, 0x00, 0x00, 0x00, 0x09,
  0x60, 0x00, 0x00, 0x00, 0x02, 0x00, 0x00, 0x00, 0xff, 0xff, 0xff, 0xff,
  0x60, 0x00, 0x00, 0x00, 0x6c, 0xcb, 0xff, 0xff, 0x08, 0x00, 0x00, 0x00,
  0x14, 0x00, 0x00, 0x00, 0x01, 0x00, 0x00, 0x00, 0xf4, 0xff, 0xff, 0xff,
  0xff, 0xff, 0xff, 0xff, 0x00, 0x00, 0x00, 0x00, 0x01, 0x00, 0x00, 0x00,
  0x60, 0x4a, 0x39, 0x3c, 0x24, 0x00, 0x00, 0x00, 0x74, 0x65, 0x61, 0x63,
  0x68, 0x65, 0x72, 0x5f, 0x6c, 0x73, 0x74, 0x6d, 0x2f, 0x6c, 0x73, 0x74,
  0x6d, 0x2f, 0x6c, 0x73, 0x74, 0x6d, 0x5f, 0x63, 0x65, 0x6c, 0x6c, 0x2f,
  0x4d, 0x61, 0x74, 0x4d, 0x75, 0x6c, 0x5f, 0x34, 0x00, 0x00, 0x00, 0x00,
  0x02, 0x00, 0x00, 0x00, 0x01, 0x00, 0x00, 0x00, 0x60, 0x00, 0x00, 0x00,
  0x0e, 0xcc, 0xff, 0xff, 0x00, 0x00, 0x00, 0x01, 0x18, 0x00, 0x00, 0x00,
  0x20, 0x00, 0x00, 0x00, 0x40, 0x00, 0x00, 0x00, 0x49, 0x00, 0x00, 0x00,
  0x00, 0x00, 0x00, 0x09, 0x60, 0x00, 0x00, 0x00, 0x02, 0x00, 0x00, 0x00,
  0xff, 0xff, 0xff, 0xff, 0x60, 0x00, 0x00, 0x00, 0xf4, 0xcb, 0xff, 0xff,
  0x08, 0x00, 0x00, 0x00, 0x14, 0x00, 0x00, 0x00, 0x01, 0x00, 0x00, 0x00,
  0xd9, 0xff, 0xff, 0xff, 0xff, 0xff, 0xff, 0xff, 0x00, 0x00, 0x00, 0x00,
  0x01, 0x00, 0x00, 0x00, 0x95, 0x10, 0x81, 0x3c, 0x25, 0x00, 0x00, 0x00,
  0x74, 0x65, 0x61, 0x63, 0x68, 0x65, 0x72, 0x5f, 0x6c, 0x73, 0x74, 0x6d,
  0x2f, 0x6c, 0x73, 0x74, 0x6d, 0x2f, 0x6c, 0x73, 0x74, 0x6d, 0x5f, 0x63,
  0x65, 0x6c, 0x6c, 0x2f, 0x4d, 0x61, 0x74, 0x4d, 0x75, 0x6c, 0x5f, 0x32,
  0x32, 0x00, 0x00, 0x00, 0x02, 0x00, 0x00, 0x00, 0x01, 0x00, 0x00, 0x00,
  0x60, 0x00, 0x00, 0x00, 0x96, 0xcc, 0xff, 0xff, 0x00, 0x00, 0x00, 0x01,
  0x18, 0x00, 0x00, 0x00, 0x20, 0x00, 0x00, 0x00, 0x40, 0x00, 0x00, 0x00,
  0x48, 0x00, 0x00, 0x00, 0x00, 0x00, 0x00, 0x09, 0x60, 0x00, 0x00, 0x00,
  0x02, 0x00, 0x00, 0x00, 0xff, 0xff, 0xff, 0xff, 0x60, 0x00, 0x00, 0x00,
  0x7c, 0xcc, 0xff, 0xff, 0x08, 0x00, 0x00, 0x00, 0x14, 0x00, 0x00, 0x00,
  0x01, 0x00, 0x00, 0x00, 0xd9, 0xff, 0xff, 0xff, 0xff, 0xff, 0xff, 0xff,
  0x00, 0x00, 0x00, 0x00, 0x01, 0x00, 0x00, 0x00, 0x6f, 0x14, 0x81, 0x3c,
  0x25, 0x00, 0x00, 0x00, 0x74, 0x65, 0x61, 0x63, 0x68, 0x65, 0x72, 0x5f,
  0x6c, 0x73, 0x74, 0x6d, 0x2f, 0x6c, 0x73, 0x74, 0x6d, 0x2f, 0x6c, 0x73,
  0x74, 0x6d, 0x5f, 0x63, 0x65, 0x6c, 0x6c, 0x2f, 0x4d, 0x61, 0x74, 0x4d,
  0x75, 0x6c, 0x5f, 0x32, 0x30, 0x00, 0x00, 0x00, 0x02, 0x00, 0x00, 0x00,
  0x01, 0x00, 0x00, 0x00, 0x60, 0x00, 0x00, 0x00, 0x1e, 0xcd, 0xff, 0xff,
  0x00, 0x00, 0x00, 0x01, 0x18, 0x00, 0x00, 0x00, 0x20, 0x00, 0x00, 0x00,
  0x40, 0x00, 0x00, 0x00, 0x47, 0x00, 0x00, 0x00, 0x00, 0x00, 0x00, 0x09,
  0x60, 0x00, 0x00, 0x00, 0x02, 0x00, 0x00, 0x00, 0xff, 0xff, 0xff, 0xff,
  0x60, 0x00, 0x00, 0x00, 0x04, 0xcd, 0xff, 0xff, 0x08, 0x00, 0x00, 0x00,
  0x14, 0x00, 0x00, 0x00, 0x01, 0x00, 0x00, 0x00, 0xe5, 0xff, 0xff, 0xff,
  0xff, 0xff, 0xff, 0xff, 0x00, 0x00, 0x00, 0x00, 0x01, 0x00, 0x00, 0x00,
  0x2e, 0x06, 0x8f, 0x3b, 0x24, 0x00, 0x00, 0x00, 0x74, 0x65, 0x61, 0x63,
  0x68, 0x65, 0x72, 0x5f, 0x6c, 0x73, 0x74, 0x6d, 0x2f, 0x6c, 0x73, 0x74,
  0x6d, 0x2f, 0x6c, 0x73, 0x74, 0x6d, 0x5f, 0x63, 0x65, 0x6c, 0x6c, 0x2f,
  0x4d, 0x61, 0x74, 0x4d, 0x75, 0x6c, 0x5f, 0x35, 0x00, 0x00, 0x00, 0x00,
  0x02, 0x00, 0x00, 0x00, 0x01, 0x00, 0x00, 0x00, 0x60, 0x00, 0x00, 0x00,
  0xa6, 0xcd, 0xff, 0xff, 0x00, 0x00, 0x00, 0x01, 0x18, 0x00, 0x00, 0x00,
  0x20, 0x00, 0x00, 0x00, 0x3c, 0x00, 0x00, 0x00, 0x46, 0x00, 0x00, 0x00,
  0x00, 0x00, 0x00, 0x09, 0x58, 0x00, 0x00, 0x00, 0x02, 0x00, 0x00, 0x00,
  0xff, 0xff, 0xff, 0xff, 0x18, 0x00, 0x00, 0x00, 0x8c, 0xcd, 0xff, 0xff,
  0x08, 0x00, 0x00, 0x00, 0x10, 0x00, 0x00, 0x00, 0x01, 0x00, 0x00, 0x00,
  0x02, 0x00, 0x00, 0x00, 0x00, 0x00, 0x00, 0x00, 0x01, 0x00, 0x00, 0x00,
  0xd1, 0xf3, 0x86, 0x3b, 0x21, 0x00, 0x00, 0x00, 0x74, 0x65, 0x61, 0x63,
  0x68, 0x65, 0x72, 0x5f, 0x6c, 0x73, 0x74, 0x6d, 0x2f, 0x6c, 0x73, 0x74,
  0x6d, 0x2f, 0x6c, 0x73, 0x74, 0x6d, 0x5f, 0x63, 0x65, 0x6c, 0x6c, 0x2f,
  0x6d, 0x75, 0x6c, 0x5f, 0x35, 0x00, 0x00, 0x00, 0x02, 0x00, 0x00, 0x00,
  0x01, 0x00, 0x00, 0x00, 0x18, 0x00, 0x00, 0x00, 0x26, 0xce, 0xff, 0xff,
  0x00, 0x00, 0x00, 0x01, 0x18, 0x00, 0x00, 0x00, 0x20, 0x00, 0x00, 0x00,
  0x3c, 0x00, 0x00, 0x00, 0x45, 0x00, 0x00, 0x00, 0x00, 0x00, 0x00, 0x09,
  0x58, 0x00, 0x00, 0x00, 0x02, 0x00, 0x00, 0x00, 0xff, 0xff, 0xff, 0xff,
  0x18, 0x00, 0x00, 0x00, 0x0c, 0xce, 0xff, 0xff, 0x08, 0x00, 0x00, 0x00,
  0x10, 0x00, 0x00, 0x00, 0x01, 0x00, 0x00, 0x00, 0x00, 0x00, 0x00, 0x00,
  0x00, 0x00, 0x00, 0x00, 0x01, 0x00, 0x00, 0x00, 0x00, 0x00, 0x00, 0x3c,
  0x22, 0x00, 0x00, 0x00, 0x74, 0x65, 0x61, 0x63, 0x68, 0x65, 0x72, 0x5f,
  0x6c, 0x73, 0x74, 0x6d, 0x2f, 0x6c, 0x73, 0x74, 0x6d, 0x2f, 0x6c, 0x73,
  0x74, 0x6d, 0x5f, 0x63, 0x65, 0x6c, 0x6c, 0x2f, 0x54, 0x61, 0x6e, 0x68,
  0x5f, 0x33, 0x00, 0x00, 0x02, 0x00, 0x00, 0x00, 0x01, 0x00, 0x00, 0x00,
  0x18, 0x00, 0x00, 0x00, 0xa6, 0xce, 0xff, 0xff, 0x00, 0x00, 0x00, 0x01,
  0x18, 0x00, 0x00, 0x00, 0x20, 0x00, 0x00, 0x00, 0x3c, 0x00, 0x00, 0x00,
  0x44, 0x00, 0x00, 0x00, 0x00, 0x00, 0x00, 0x09, 0x58, 0x00, 0x00, 0x00,
  0x02, 0x00, 0x00, 0x00, 0xff, 0xff, 0xff, 0xff, 0x18, 0x00, 0x00, 0x00,
  0x8c, 0xce, 0xff, 0xff, 0x08, 0x00, 0x00, 0x00, 0x10, 0x00, 0x00, 0x00,
  0x01, 0x00, 0x00, 0x00, 0x09, 0x00, 0x00, 0x00, 0x00, 0x00, 0x00, 0x00,
  0x01, 0x00, 0x00, 0x00, 0x4e, 0x86, 0xe6, 0x3b, 0x21, 0x00, 0x00, 0x00,
  0x74, 0x65, 0x61, 0x63, 0x68, 0x65, 0x72, 0x5f, 0x6c, 0x73, 0x74, 0x6d,
  0x2f, 0x6c, 0x73, 0x74, 0x6d, 0x2f, 0x6c, 0x73, 0x74, 0x6d, 0x5f, 0x63,
  0x65, 0x6c, 0x6c, 0x2f, 0x61, 0x64, 0x64, 0x5f, 0x33, 0x00, 0x00, 0x00,
  0x02, 0x00, 0x00, 0x00, 0x01, 0x00, 0x00, 0x00, 0x18, 0x00, 0x00, 0x00,
  0x26, 0xcf, 0xff, 0xff, 0x00, 0x00, 0x00, 0x01, 0x18, 0x00, 0x00, 0x00,
  0x20, 0x00, 0x00, 0x00, 0x3c, 0x00, 0x00, 0x00, 0x43, 0x00, 0x00, 0x00,
  0x00, 0x00, 0x00, 0x09, 0x58, 0x00, 0x00, 0x00, 0x02, 0x00, 0x00, 0x00,
  0xff, 0xff, 0xff, 0xff, 0x18, 0x00, 0x00, 0x00, 0x0c, 0xcf, 0xff, 0xff,
  0x08, 0x00, 0x00, 0x00, 0x10, 0x00, 0x00, 0x00, 0x01, 0x00, 0x00, 0x00,
  0x05, 0x00, 0x00, 0x00, 0x00, 0x00, 0x00, 0x00, 0x01, 0x00, 0x00, 0x00,
  0x34, 0xba, 0x86, 0x3b, 0x21, 0x00, 0x00, 0x00, 0x74, 0x65, 0x61, 0x63,
  0x68, 0x65, 0x72, 0x5f, 0x6c, 0x73, 0x74, 0x6d, 0x2f, 0x6c, 0x73, 0x74,
  0x6d, 0x2f, 0x6c, 0x73, 0x74, 0x6d, 0x5f, 0x63, 0x65, 0x6c, 0x6c, 0x2f,
  0x6d, 0x75, 0x6c, 0x5f, 0x34, 0x00, 0x00, 0x00, 0x02, 0x00, 0x00, 0x00,
  0x01, 0x00, 0x00, 0x00, 0x18, 0x00, 0x00, 0x00, 0xa6, 0xcf, 0xff, 0xff,
  0x00, 0x00, 0x00, 0x01, 0x18, 0x00, 0x00, 0x00, 0x20, 0x00, 0x00, 0x00,
  0x3c, 0x00, 0x00, 0x00, 0x42, 0x00, 0x00, 0x00, 0x00, 0x00, 0x00, 0x09,
  0x58, 0x00, 0x00, 0x00, 0x02, 0x00, 0x00, 0x00, 0xff, 0xff, 0xff, 0xff,
  0x18, 0x00, 0x00, 0x00, 0x8c, 0xcf, 0xff, 0xff, 0x08, 0x00, 0x00, 0x00,
  0x10, 0x00, 0x00, 0x00, 0x01, 0x00, 0x00, 0x00, 0x00, 0x00, 0x00, 0x00,
  0x00, 0x00, 0x00, 0x00, 0x01, 0x00, 0x00, 0x00, 0x00, 0x00, 0x00, 0x3c,
  0x22, 0x00, 0x00, 0x00, 0x74, 0x65, 0x61, 0x63, 0x68, 0x65, 0x72, 0x5f,
  0x6c, 0x73, 0x74, 0x6d, 0x2f, 0x6c, 0x73, 0x74, 0x6d, 0x2f, 0x6c, 0x73,
  0x74, 0x6d, 0x5f, 0x63, 0x65, 0x6c, 0x6c, 0x2f, 0x54, 0x61, 0x6e, 0x68,
  0x5f, 0x32, 0x00, 0x00, 0x02, 0x00, 0x00, 0x00, 0x01, 0x00, 0x00, 0x00,
  0x18, 0x00, 0x00, 0x00, 0x26, 0xd0, 0xff, 0xff, 0x00, 0x00, 0x00, 0x01,
  0x18, 0x00, 0x00, 0x00, 0x20, 0x00, 0x00, 0x00, 0x40, 0x00, 0x00, 0x00,
  0x41, 0x00, 0x00, 0x00, 0x00, 0x00, 0x00, 0x09, 0x60, 0x00, 0x00, 0x00,
  0x02, 0x00, 0x00, 0x00, 0xff, 0xff, 0xff, 0xff, 0x18, 0x00, 0x00, 0x00,
  0x0c, 0xd0, 0xff, 0xff, 0x08, 0x00, 0x00, 0x00, 0x14, 0x00, 0x00, 0x00,
  0x01, 0x00, 0x00, 0x00, 0x80, 0xff, 0xff, 0xff, 0xff, 0xff, 0xff, 0xff,
  0x00, 0x00, 0x00, 0x00, 0x01, 0x00, 0x00, 0x00, 0x00, 0x00, 0x80, 0x3b,
  0x25, 0x00, 0x00, 0x00, 0x74, 0x65, 0x61, 0x63, 0x68, 0x65, 0x72, 0x5f,
  0x6c, 0x73, 0x74, 0x6d, 0x2f, 0x6c, 0x73, 0x74, 0x6d, 0x2f, 0x6c, 0x73,
  0x74, 0x6d, 0x5f, 0x63, 0x65, 0x6c, 0x6c, 0x2f, 0x53, 0x69, 0x67, 0x6d,
  0x6f, 0x69, 0x64, 0x5f, 0x35, 0x00, 0x00, 0x00, 0x02, 0x00, 0x00, 0x00,
  0x01, 0x00, 0x00, 0x00, 0x18, 0x00, 0x00, 0x00, 0xae, 0xd0, 0xff, 0xff,
  0x00, 0x00, 0x00, 0x01, 0x18, 0x00, 0x00, 0x00, 0x20, 0x00, 0x00, 0x00,
  0x3c, 0x00, 0x00, 0x00, 0x40, 0x00, 0x00, 0x00, 0x00, 0x00, 0x00, 0x09,
  0x58, 0x00, 0x00, 0x00, 0x02, 0x00, 0x00, 0x00, 0xff, 0xff, 0xff, 0xff,
  0x18, 0x00, 0x00, 0x00, 0x94, 0xd0, 0xff, 0xff, 0x08, 0x00, 0x00, 0x00,
  0x10, 0x00, 0x00, 0x00, 0x01, 0x00, 0x00, 0x00, 0x09, 0x00, 0x00, 0x00,
  0x00, 0x00, 0x00, 0x00, 0x01, 0x00, 0x00, 0x00, 0x4e, 0x86, 0xe6, 0x3b,
  0x21, 0x00, 0x00, 0x00, 0x74, 0x65, 0x61, 0x63, 0x68, 0x65, 0x72, 0x5f,
  0x6c, 0x73, 0x74, 0x6d, 0x2f, 0x6c, 0x73, 0x74, 0x6d, 0x2f, 0x6c, 0x73,
  0x74, 0x6d, 0x5f, 0x63, 0x65, 0x6c, 0x6c, 0x2f, 0x6d, 0x75, 0x6c, 0x5f,
  0x33, 0x00, 0x00, 0x00, 0x02, 0x00, 0x00, 0x00, 0x01, 0x00, 0x00, 0x00,
  0x18, 0x00, 0x00, 0x00, 0x2e, 0xd1, 0xff, 0xff, 0x00, 0x00, 0x00, 0x01,
  0x18, 0x00, 0x00, 0x00, 0x20, 0x00, 0x00, 0x00, 0x40, 0x00, 0x00, 0x00,
  0x3f, 0x00, 0x00, 0x00, 0x00, 0x00, 0x00, 0x09, 0x60, 0x00, 0x00, 0x00,
  0x02, 0x00, 0x00, 0x00, 0xff, 0xff, 0xff, 0xff, 0x18, 0x00, 0x00, 0x00,
  0x14, 0xd1, 0xff, 0xff, 0x08, 0x00, 0x00, 0x00, 0x14, 0x00, 0x00, 0x00,
  0x01, 0x00, 0x00, 0x00, 0x80, 0xff, 0xff, 0xff, 0xff, 0xff, 0xff, 0xff,
  0x00, 0x00, 0x00, 0x00, 0x01, 0x00, 0x00, 0x00, 0x00, 0x00, 0x80, 0x3b,
  0x25, 0x00, 0x00, 0x00, 0x74, 0x65, 0x61, 0x63, 0x68, 0x65, 0x72, 0x5f,
  0x6c, 0x73, 0x74, 0x6d, 0x2f, 0x6c, 0x73, 0x74, 0x6d, 0x2f, 0x6c, 0x73,
  0x74, 0x6d, 0x5f, 0x63, 0x65, 0x6c, 0x6c, 0x2f, 0x53, 0x69, 0x67, 0x6d,
  0x6f, 0x69, 0x64, 0x5f, 0x34, 0x00, 0x00, 0x00, 0x02, 0x00, 0x00, 0x00,
  0x01, 0x00, 0x00, 0x00, 0x18, 0x00, 0x00, 0x00, 0xb6, 0xd1, 0xff, 0xff,
  0x00, 0x00, 0x00, 0x01, 0x18, 0x00, 0x00, 0x00, 0x20, 0x00, 0x00, 0x00,
  0x40, 0x00, 0x00, 0x00, 0x3e, 0x00, 0x00, 0x00, 0x00, 0x00, 0x00, 0x09,
  0x60, 0x00, 0x00, 0x00, 0x02, 0x00, 0x00, 0x00, 0xff, 0xff, 0xff, 0xff,
  0x18, 0x00, 0x00, 0x00, 0x9c, 0xd1, 0xff, 0xff, 0x08, 0x00, 0x00, 0x00,
  0x14, 0x00, 0x00, 0x00, 0x01, 0x00, 0x00, 0x00, 0x80, 0xff, 0xff, 0xff,
  0xff, 0xff, 0xff, 0xff, 0x00, 0x00, 0x00, 0x00, 0x01, 0x00, 0x00, 0x00,
  0x00, 0x00, 0x80, 0x3b, 0x25, 0x00, 0x00, 0x00, 0x74, 0x65, 0x61, 0x63,
  0x68, 0x65, 0x72, 0x5f, 0x6c, 0x73, 0x74, 0x6d, 0x2f, 0x6c, 0x73, 0x74,
  0x6d, 0x2f, 0x6c, 0x73, 0x74, 0x6d, 0x5f, 0x63, 0x65, 0x6c, 0x6c, 0x2f,
  0x53, 0x69, 0x67, 0x6d, 0x6f, 0x69, 0x64, 0x5f, 0x33, 0x00, 0x00, 0x00,
  0x02, 0x00, 0x00, 0x00, 0x01, 0x00, 0x00, 0x00, 0x18, 0x00, 0x00, 0x00,
  0x3e, 0xd2, 0xff, 0xff, 0x00, 0x00, 0x00, 0x01, 0x18, 0x00, 0x00, 0x00,
  0x20, 0x00, 0x00, 0x00, 0x3c, 0x00, 0x00, 0x00, 0x3d, 0x00, 0x00, 0x00,
  0x00, 0x00, 0x00, 0x09, 0xc8, 0x00, 0x00, 0x00, 0x02, 0x00, 0x00, 0x00,
  0xff, 0xff, 0xff, 0xff, 0x18, 0x00, 0x00, 0x00, 0x24, 0xd2, 0xff, 0xff,
  0x08, 0x00, 0x00, 0x00, 0x10, 0x00, 0x00, 0x00, 0x01, 0x00, 0x00, 0x00,
  0xcb, 0xff, 0xff, 0xff, 0xff, 0xff, 0xff, 0xff, 0x01, 0x00, 0x00, 0x00,
  0x35, 0x82, 0x4e, 0x3c, 0x93, 0x00, 0x00, 0x00, 0x74, 0x65, 0x61, 0x63,
  0x68, 0x65, 0x72, 0x5f, 0x6c, 0x73, 0x74, 0x6d, 0x2f, 0x6c, 0x73, 0x74,
  0x6d, 0x2f, 0x6c, 0x73, 0x74, 0x6d, 0x5f, 0x63, 0x65, 0x6c, 0x6c, 0x2f,
  0x73, 0x70, 0x6c, 0x69, 0x74, 0x5f, 0x31, 0x3b, 0x74, 0x65, 0x61, 0x63,
  0x68, 0x65, 0x72, 0x5f, 0x6c, 0x73, 0x74, 0x6d, 0x2f, 0x6c, 0x73, 0x74,
  0x6d, 0x2f, 0x6c, 0x73, 0x74, 0x6d, 0x5f, 0x63, 0x65, 0x6c, 0x6c, 0x2f,
  0x73, 0x70, 0x6c, 0x69, 0x74, 0x5f, 0x31, 0x31, 0x3b, 0x74, 0x65, 0x61,
  0x63, 0x68, 0x65, 0x72, 0x5f, 0x6c, 0x73, 0x74, 0x6d, 0x2f, 0x6c, 0x73,
  0x74, 0x6d, 0x2f, 0x6c, 0x73, 0x74, 0x6d, 0x5f, 0x63, 0x65, 0x6c, 0x6c,
  0x2f, 0x73, 0x70, 0x6c, 0x69, 0x74, 0x5f, 0x31, 0x32, 0x3b, 0x74, 0x65,
  0x61, 0x63, 0x68, 0x65, 0x72, 0x5f, 0x6c, 0x73, 0x74, 0x6d, 0x2f, 0x6c,
  0x73, 0x74, 0x6d, 0x2f, 0x6c, 0x73, 0x74, 0x6d, 0x5f, 0x63, 0x65, 0x6c,
  0x6c, 0x2f, 0x73, 0x70, 0x6c, 0x69, 0x74, 0x5f, 0x31, 0x33, 0x33, 0x00,
  0x02, 0x00, 0x00, 0x00, 0x01, 0x00, 0x00, 0x00, 0x18, 0x00, 0x00, 0x00,
  0x2e, 0xd3, 0xff, 0xff, 0x00, 0x00, 0x00, 0x01, 0x18, 0x00, 0x00, 0x00,
  0x20, 0x00, 0x00, 0x00, 0x3c, 0x00, 0x00, 0x00, 0x3c, 0x00, 0x00, 0x00,
  0x00, 0x00, 0x00, 0x09, 0xc8, 0x00, 0x00, 0x00, 0x02, 0x00, 0x00, 0x00,
  0xff, 0xff, 0xff, 0xff, 0x18, 0x00, 0x00, 0x00, 0x14, 0xd3, 0xff, 0xff,
  0x08, 0x00, 0x00, 0x00, 0x10, 0x00, 0x00, 0x00, 0x01, 0x00, 0x00, 0x00,
  0xcb, 0xff, 0xff, 0xff, 0xff, 0xff, 0xff, 0xff, 0x01, 0x00, 0x00, 0x00,
  0x35, 0x82, 0x4e, 0x3c, 0x93, 0x00, 0x00, 0x00, 0x74, 0x65, 0x61, 0x63,
  0x68, 0x65, 0x72, 0x5f, 0x6c, 0x73, 0x74, 0x6d, 0x2f, 0x6c, 0x73, 0x74,
  0x6d, 0x2f, 0x6c, 0x73, 0x74, 0x6d, 0x5f, 0x63, 0x65, 0x6c, 0x6c, 0x2f,
  0x73, 0x70, 0x6c, 0x69, 0x74, 0x5f, 0x31, 0x3b, 0x74, 0x65, 0x61, 0x63,
  0x68, 0x65, 0x72, 0x5f, 0x6c, 0x73, 0x74, 0x6d, 0x2f, 0x6c, 0x73, 0x74,
  0x6d, 0x2f, 0x6c, 0x73, 0x74, 0x6d, 0x5f, 0x63, 0x65, 0x6c, 0x6c, 0x2f,
  0x73, 0x70, 0x6c, 0x69, 0x74, 0x5f, 0x31, 0x31, 0x3b, 0x74, 0x65, 0x61,
  0x63, 0x68, 0x65, 0x72, 0x5f, 0x6c, 0x73, 0x74, 0x6d, 0x2f, 0x6c, 0x73,
  0x74, 0x6d, 0x2f, 0x6c, 0x73, 0x74, 0x6d, 0x5f, 0x63, 0x65, 0x6c, 0x6c,
  0x2f, 0x73, 0x70, 0x6c, 0x69, 0x74, 0x5f, 0x31, 0x32, 0x3b, 0x74, 0x65,
  0x61, 0x63, 0x68, 0x65, 0x72, 0x5f, 0x6c, 0x73, 0x74, 0x6d, 0x2f, 0x6c,
  0x73, 0x74, 0x6d, 0x2f, 0x6c, 0x73, 0x74, 0x6d, 0x5f, 0x63, 0x65, 0x6c,
  0x6c, 0x2f, 0x73, 0x70, 0x6c, 0x69, 0x74, 0x5f, 0x31, 0x33, 0x32, 0x00,
  0x02, 0x00, 0x00, 0x00, 0x01, 0x00, 0x00, 0x00, 0x18, 0x00, 0x00, 0x00,
  0x1e, 0xd4, 0xff, 0xff, 0x00, 0x00, 0x00, 0x01, 0x18, 0x00, 0x00, 0x00,
  0x20, 0x00, 0x00, 0x00, 0x3c, 0x00, 0x00, 0x00, 0x3b, 0x00, 0x00, 0x00,
  0x00, 0x00, 0x00, 0x09, 0xc8, 0x00, 0x00, 0x00, 0x02, 0x00, 0x00, 0x00,
  0xff, 0xff, 0xff, 0xff, 0x18, 0x00, 0x00, 0x00, 0x04, 0xd4, 0xff, 0xff,
  0x08, 0x00, 0x00, 0x00, 0x10, 0x00, 0x00, 0x00, 0x01, 0x00, 0x00, 0x00,
  0xcb, 0xff, 0xff, 0xff, 0xff, 0xff, 0xff, 0xff, 0x01, 0x00, 0x00, 0x00,
  0x35, 0x82, 0x4e, 0x3c, 0x93, 0x00, 0x00, 0x00, 0x74, 0x65, 0x61, 0x63,
  0x68, 0x65, 0x72, 0x5f, 0x6c, 0x73, 0x74, 0x6d, 0x2f, 0x6c, 0x73, 0x74,
  0x6d, 0x2f, 0x6c, 0x73, 0x74, 0x6d, 0x5f, 0x63, 0x65, 0x6c, 0x6c, 0x2f,
  0x73, 0x70, 0x6c, 0x69, 0x74, 0x5f, 0x31, 0x3b, 0x74, 0x65, 0x61, 0x63,
  0x68, 0x65, 0x72, 0x5f, 0x6c, 0x73, 0x74, 0x6d, 0x2f, 0x6c, 0x73, 0x74,
  0x6d, 0x2f, 0x6c, 0x73, 0x74, 0x6d, 0x5f, 0x63, 0x65, 0x6c, 0x6c, 0x2f,
  0x73, 0x70, 0x6c, 0x69, 0x74, 0x5f, 0x31, 0x31, 0x3b, 0x74, 0x65, 0x61,
  0x63, 0x68, 0x65, 0x72, 0x5f, 0x6c, 0x73, 0x74, 0x6d, 0x2f, 0x6c, 0x73,
  0x74, 0x6d, 0x2f, 0x6c, 0x73, 0x74, 0x6d, 0x5f, 0x63, 0x65, 0x6c, 0x6c,
  0x2f, 0x73, 0x70, 0x6c, 0x69, 0x74, 0x5f, 0x31, 0x32, 0x3b, 0x74, 0x65,
  0x61, 0x63, 0x68, 0x65, 0x72, 0x5f, 0x6c, 0x73, 0x74, 0x6d, 0x2f, 0x6c,
  0x73, 0x74, 0x6d, 0x2f, 0x6c, 0x73, 0x74, 0x6d, 0x5f, 0x63, 0x65, 0x6c,
  0x6c, 0x2f, 0x73, 0x70, 0x6c, 0x69, 0x74, 0x5f, 0x31, 0x33, 0x31, 0x00,
  0x02, 0x00, 0x00, 0x00, 0x01, 0x00, 0x00, 0x00, 0x18, 0x00, 0x00, 0x00,
  0x0e, 0xd5, 0xff, 0xff, 0x00, 0x00, 0x00, 0x01, 0x18, 0x00, 0x00, 0x00,
  0x20, 0x00, 0x00, 0x00, 0x3c, 0x00, 0x00, 0x00, 0x3a, 0x00, 0x00, 0x00,
  0x00, 0x00, 0x00, 0x09, 0xc8, 0x00, 0x00, 0x00, 0x02, 0x00, 0x00, 0x00,
  0xff, 0xff, 0xff, 0xff, 0x18, 0x00, 0x00, 0x00, 0xf4, 0xd4, 0xff, 0xff,
  0x08, 0x00, 0x00, 0x00, 0x10, 0x00, 0x00, 0x00, 0x01, 0x00, 0x00, 0x00,
  0xcb, 0xff, 0xff, 0xff, 0xff, 0xff, 0xff, 0xff, 0x01, 0x00, 0x00, 0x00,
  0x35, 0x82, 0x4e, 0x3c, 0x92, 0x00, 0x00, 0x00, 0x74, 0x65, 0x61, 0x63,
  0x68, 0x65, 0x72, 0x5f, 0x6c, 0x73, 0x74, 0x6d, 0x2f, 0x6c, 0x73, 0x74,
  0x6d, 0x2f, 0x6c, 0x73, 0x74, 0x6d, 0x5f, 0x63, 0x65, 0x6c, 0x6c, 0x2f,
  0x73, 0x70, 0x6c, 0x69, 0x74, 0x5f, 0x31, 0x3b, 0x74, 0x65, 0x61, 0x63,
  0x68, 0x65, 0x72, 0x5f, 0x6c, 0x73, 0x74, 0x6d, 0x2f, 0x6c, 0x73, 0x74,
  0x6d, 0x2f, 0x6c, 0x73, 0x74, 0x6d, 0x5f, 0x63, 0x65, 0x6c, 0x6c, 0x2f,
  0x73, 0x70, 0x6c, 0x69, 0x74, 0x5f, 0x31, 0x31, 0x3b, 0x74, 0x65, 0x61,
  0x63, 0x68, 0x65, 0x72, 0x5f, 0x6c, 0x73, 0x74, 0x6d, 0x2f, 0x6c, 0x73,
  0x74, 0x6d, 0x2f, 0x6c, 0x73, 0x74, 0x6d, 0x5f, 0x63, 0x65, 0x6c, 0x6c,
  0x2f, 0x73, 0x70, 0x6c, 0x69, 0x74, 0x5f, 0x31, 0x32, 0x3b, 0x74, 0x65,
  0x61, 0x63, 0x68, 0x65, 0x72, 0x5f, 0x6c, 0x73, 0x74, 0x6d, 0x2f, 0x6c,
  0x73, 0x74, 0x6d, 0x2f, 0x6c, 0x73, 0x74, 0x6d, 0x5f, 0x63, 0x65, 0x6c,
  0x6c, 0x2f, 0x73, 0x70, 0x6c, 0x69, 0x74, 0x5f, 0x31, 0x33, 0x00, 0x00,
  0x02, 0x00, 0x00, 0x00, 0x01, 0x00, 0x00, 0x00, 0x18, 0x00, 0x00, 0x00,
  0xfe, 0xd5, 0xff, 0xff, 0x00, 0x00, 0x00, 0x01, 0x18, 0x00, 0x00, 0x00,
  0x20, 0x00, 0x00, 0x00, 0x40, 0x00, 0x00, 0x00, 0x39, 0x00, 0x00, 0x00,
  0x00, 0x00, 0x00, 0x09, 0x60, 0x00, 0x00, 0x00, 0x02, 0x00, 0x00, 0x00,
  0xff, 0xff, 0xff, 0xff, 0x60, 0x00, 0x00, 0x00, 0xe4, 0xd5, 0xff, 0xff,
  0x08, 0x00, 0x00, 0x00, 0x14, 0x00, 0x00, 0x00, 0x01, 0x00, 0x00, 0x00,
  0xcb, 0xff, 0xff, 0xff, 0xff, 0xff, 0xff, 0xff, 0x00, 0x00, 0x00, 0x00,
  0x01, 0x00, 0x00, 0x00, 0x35, 0x82, 0x4e, 0x3c, 0x25, 0x00, 0x00, 0x00,
  0x74, 0x65, 0x61, 0x63, 0x68, 0x65, 0x72, 0x5f, 0x6c, 0x73, 0x74, 0x6d,
  0x2f, 0x6c, 0x73, 0x74, 0x6d, 0x2f, 0x6c, 0x73, 0x74, 0x6d, 0x5f, 0x63,
  0x65, 0x6c, 0x6c, 0x2f, 0x42, 0x69, 0x61, 0x73, 0x41, 0x64, 0x64, 0x5f,
  0x31, 0x00, 0x00, 0x00, 0x02, 0x00, 0x00, 0x00, 0x01, 0x00, 0x00, 0x00,
  0x60, 0x00, 0x00, 0x00, 0x86, 0xd6, 0xff, 0xff, 0x00, 0x00, 0x00, 0x01,
  0x18, 0x00, 0x00, 0x00, 0x20, 0x00, 0x00, 0x00, 0x3c, 0x00, 0x00, 0x00,
  0x38, 0x00, 0x00, 0x00, 0x00, 0x00, 0x00, 0x09, 0x58, 0x00, 0x00, 0x00,
  0x02, 0x00, 0x00, 0x00, 0xff, 0xff, 0xff, 0xff, 0x60, 0x00, 0x00, 0x00,
  0x6c, 0xd6, 0xff, 0xff, 0x08, 0x00, 0x00, 0x00, 0x10, 0x00, 0x00, 0x00,
  0x01, 0x00, 0x00, 0x00, 0xdb, 0xff, 0xff, 0xff, 0xff, 0xff, 0xff, 0xff,
  0x01, 0x00, 0x00, 0x00, 0x95, 0x34, 0x62, 0x3c, 0x21, 0x00, 0x00, 0x00,
  0x74, 0x65, 0x61, 0x63, 0x68, 0x65, 0x72, 0x5f, 0x6c, 0x73, 0x74, 0x6d,
  0x2f, 0x6c, 0x73, 0x74, 0x6d, 0x2f, 0x6c, 0x73, 0x74, 0x6d, 0x5f, 0x63,
  0x65, 0x6c, 0x6c, 0x2f, 0x61, 0x64, 0x64, 0x5f, 0x32, 0x00, 0x00, 0x00,
  0x02, 0x00, 0x00, 0x00, 0x01, 0x00, 0x00, 0x00, 0x60, 0x00, 0x00, 0x00,
  0x06, 0xd7, 0xff, 0xff, 0x00, 0x00, 0x00, 0x01, 0x18, 0x00, 0x00, 0x00,
  0x20, 0x00, 0x00, 0x00, 0x40, 0x00, 0x00, 0x00, 0x37, 0x00, 0x00, 0x00,
  0x00, 0x00, 0x00, 0x09, 0x60, 0x00, 0x00, 0x00, 0x02, 0x00, 0x00, 0x00,
  0xff, 0xff, 0xff, 0xff, 0x60, 0x00, 0x00, 0x00, 0xec, 0xd6, 0xff, 0xff,
  0x08, 0x00, 0x00, 0x00, 0x14, 0x00, 0x00, 0x00, 0x01, 0x00, 0x00, 0x00,
  0xf3, 0xff, 0xff, 0xff, 0xff, 0xff, 0xff, 0xff, 0x00, 0x00, 0x00, 0x00,
  0x01, 0x00, 0x00, 0x00, 0x48, 0xab, 0x32, 0x3c, 0x24, 0x00, 0x00, 0x00,
  0x74, 0x65, 0x61, 0x63, 0x68, 0x65, 0x72, 0x5f, 0x6c, 0x73, 0x74, 0x6d,
  0x2f, 0x6c, 0x73, 0x74, 0x6d, 0x2f, 0x6c, 0x73, 0x74, 0x6d, 0x5f, 0x63,
  0x65, 0x6c, 0x6c, 0x2f, 0x4d, 0x61, 0x74, 0x4d, 0x75, 0x6c, 0x5f, 0x32,
  0x00, 0x00, 0x00, 0x00, 0x02, 0x00, 0x00, 0x00, 0x01, 0x00, 0x00, 0x00,
  0x60, 0x00, 0x00, 0x00, 0x8e, 0xd7, 0xff, 0xff, 0x00, 0x00, 0x00, 0x01,
  0x18, 0x00, 0x00, 0x00, 0x20, 0x00, 0x00, 0x00, 0x40, 0x00, 0x00, 0x00,
  0x36, 0x00, 0x00, 0x00, 0x00, 0x00, 0x00, 0x09, 0x60, 0x00, 0x00, 0x00,
  0x02, 0x00, 0x00, 0x00, 0xff, 0xff, 0xff, 0xff, 0x60, 0x00, 0x00, 0x00,
  0x74, 0xd7, 0xff, 0xff, 0x08, 0x00, 0x00, 0x00, 0x14, 0x00, 0x00, 0x00,
  0x01, 0x00, 0x00, 0x00, 0xda, 0xff, 0xff, 0xff, 0xff, 0xff, 0xff, 0xff,
  0x00, 0x00, 0x00, 0x00, 0x01, 0x00, 0x00, 0x00, 0xec, 0xcc, 0x80, 0x3c,
  0x25, 0x00, 0x00, 0x00, 0x74, 0x65, 0x61, 0x63, 0x68, 0x65, 0x72, 0x5f,
  0x6c, 0x73, 0x74, 0x6d, 0x2f, 0x6c, 0x73, 0x74, 0x6d, 0x2f, 0x6c, 0x73,
  0x74, 0x6d, 0x5f, 0x63, 0x65, 0x6c, 0x6c, 0x2f, 0x4d, 0x61, 0x74, 0x4d,
  0x75, 0x6c, 0x5f, 0x31, 0x38, 0x00, 0x00, 0x00, 0x02, 0x00, 0x00, 0x00,
  0x01, 0x00, 0x00, 0x00, 0x60, 0x00, 0x00, 0x00, 0x16, 0xd8, 0xff, 0xff,
  0x00, 0x00, 0x00, 0x01, 0x18, 0x00, 0x00, 0x00, 0x20, 0x00, 0x00, 0x00,
  0x40, 0x00, 0x00, 0x00, 0x35, 0x00, 0x00, 0x00, 0x00, 0x00, 0x00, 0x09,
  0x60, 0x00, 0x00, 0x00, 0x02, 0x00, 0x00, 0x00, 0xff, 0xff, 0xff, 0xff,
  0x60, 0x00, 0x00, 0x00, 0xfc, 0xd7, 0xff, 0xff, 0x08, 0x00, 0x00, 0x00,
  0x14, 0x00, 0x00, 0x00, 0x01, 0x00, 0x00, 0x00, 0xdb, 0xff, 0xff, 0xff,
  0xff, 0xff, 0xff, 0xff, 0x00, 0x00, 0x00, 0x00, 0x01, 0x00, 0x00, 0x00,
  0x1e, 0x45, 0x7f, 0x3c, 0x25, 0x00, 0x00, 0x00, 0x74, 0x65, 0x61, 0x63,
  0x68, 0x65, 0x72, 0x5f, 0x6c, 0x73, 0x74, 0x6d, 0x2f, 0x6c, 0x73, 0x74,
  0x6d, 0x2f, 0x6c, 0x73, 0x74, 0x6d, 0x5f, 0x63, 0x65, 0x6c, 0x6c, 0x2f,
  0x4d, 0x61, 0x74, 0x4d, 0x75, 0x6c, 0x5f, 0x31, 0x36, 0x00, 0x00, 0x00,
  0x02, 0x00, 0x00, 0x00, 0x01, 0x00, 0x00, 0x00, 0x60, 0x00, 0x00, 0x00,
  0x9e, 0xd8, 0xff, 0xff, 0x00, 0x00, 0x00, 0x01, 0x18, 0x00, 0x00, 0x00,
  0x20, 0x00, 0x00, 0x00, 0x40, 0x00, 0x00, 0x00, 0x34, 0x00, 0x00, 0x00,
  0x00, 0x00, 0x00, 0x09, 0x60, 0x00, 0x00, 0x00, 0x02, 0x00, 0x00, 0x00,
  0xff, 0xff, 0xff, 0xff, 0x60, 0x00, 0x00, 0x00, 0x84, 0xd8, 0xff, 0xff,
  0x08, 0x00, 0x00, 0x00, 0x14, 0x00, 0x00, 0x00, 0x01, 0x00, 0x00, 0x00,
  0xdd, 0xff, 0xff, 0xff, 0xff, 0xff, 0xff, 0xff, 0x00, 0x00, 0x00, 0x00,
  0x01, 0x00, 0x00, 0x00, 0xf7, 0x8c, 0x7a, 0x3c, 0x25, 0x00, 0x00, 0x00,
  0x74, 0x65, 0x61, 0x63, 0x68, 0x65, 0x72, 0x5f, 0x6c, 0x73, 0x74, 0x6d,
  0x2f, 0x6c, 0x73, 0x74, 0x6d, 0x2f, 0x6c, 0x73, 0x74, 0x6d, 0x5f, 0x63,
  0x65, 0x6c, 0x6c, 0x2f, 0x4d, 0x61, 0x74, 0x4d, 0x75, 0x6c, 0x5f, 0x31,
  0x34, 0x00, 0x00, 0x00, 0x02, 0x00, 0x00, 0x00, 0x01, 0x00, 0x00, 0x00,
  0x60, 0x00, 0x00, 0x00, 0x26, 0xd9, 0xff, 0xff, 0x00, 0x00, 0x00, 0x01,
  0x18, 0x00, 0x00, 0x00, 0x20, 0x00, 0x00, 0x00, 0x40, 0x00, 0x00, 0x00,
  0x33, 0x00, 0x00, 0x00, 0x00, 0x00, 0x00, 0x09, 0x60, 0x00, 0x00, 0x00,
  0x02, 0x00, 0x00, 0x00, 0xff, 0xff, 0xff, 0xff, 0x60, 0x00, 0x00, 0x00,
  0x0c, 0xd9, 0xff, 0xff, 0x08, 0x00, 0x00, 0x00, 0x14, 0x00, 0x00, 0x00,
  0x01, 0x00, 0x00, 0x00, 0xe0, 0xff, 0xff, 0xff, 0xff, 0xff, 0xff, 0xff,
  0x00, 0x00, 0x00, 0x00, 0x01, 0x00, 0x00, 0x00, 0xa6, 0x89, 0x72, 0x3c,
  0x25, 0x00, 0x00, 0x00, 0x74, 0x65, 0x61, 0x63, 0x68, 0x65, 0x72, 0x5f,
  0x6c, 0x73, 0x74, 0x6d, 0x2f, 0x6c, 0x73, 0x74, 0x6d, 0x2f, 0x6c, 0x73,
  0x74, 0x6d, 0x5f, 0x63, 0x65, 0x6c, 0x6c, 0x2f, 0x4d, 0x61, 0x74, 0x4d,
  0x75, 0x6c, 0x5f, 0x31, 0x32, 0x00, 0x00, 0x00, 0x02, 0x00, 0x00, 0x00,
  0x01, 0x00, 0x00, 0x00, 0x60, 0x00, 0x00, 0x00, 0xae, 0xd9, 0xff, 0xff,
  0x00, 0x00, 0x00, 0x01, 0x18, 0x00, 0x00, 0x00, 0x20, 0x00, 0x00, 0x00,
  0x40, 0x00, 0x00, 0x00, 0x32, 0x00, 0x00, 0x00, 0x00, 0x00, 0x00, 0x09,
  0x60, 0x00, 0x00, 0x00, 0x02, 0x00, 0x00, 0x00, 0xff, 0xff, 0xff, 0xff,
  0x60, 0x00, 0x00, 0x00, 0x94, 0xd9, 0xff, 0xff, 0x08, 0x00, 0x00, 0x00,
  0x14, 0x00, 0x00, 0x00, 0x01, 0x00, 0x00, 0x00, 0xe4, 0xff, 0xff, 0xff,
  0xff, 0xff, 0xff, 0xff, 0x00, 0x00, 0x00, 0x00, 0x01, 0x00, 0x00, 0x00,
  0x9f, 0x8d, 0x66, 0x3c, 0x25, 0x00, 0x00, 0x00, 0x74, 0x65, 0x61, 0x63,
  0x68, 0x65, 0x72, 0x5f, 0x6c, 0x73, 0x74, 0x6d, 0x2f, 0x6c, 0x73, 0x74,
  0x6d, 0x2f, 0x6c, 0x73, 0x74, 0x6d, 0x5f, 0x63, 0x65, 0x6c, 0x6c, 0x2f,
  0x4d, 0x61, 0x74, 0x4d, 0x75, 0x6c, 0x5f, 0x31, 0x30, 0x00, 0x00, 0x00,
  0x02, 0x00, 0x00, 0x00, 0x01, 0x00, 0x00, 0x00, 0x60, 0x00, 0x00, 0x00,
  0x36, 0xda, 0xff, 0xff, 0x00, 0x00, 0x00, 0x01, 0x18, 0x00, 0x00, 0x00,
  0x20, 0x00, 0x00, 0x00, 0x40, 0x00, 0x00, 0x00, 0x31, 0x00, 0x00, 0x00,
  0x00, 0x00, 0x00, 0x09, 0x60, 0x00, 0x00, 0x00, 0x02, 0x00, 0x00, 0x00,
  0xff, 0xff, 0xff, 0xff, 0x60, 0x00, 0x00, 0x00, 0x1c, 0xda, 0xff, 0xff,
  0x08, 0x00, 0x00, 0x00, 0x14, 0x00, 0x00, 0x00, 0x01, 0x00, 0x00, 0x00,
  0xe3, 0xff, 0xff, 0xff, 0xff, 0xff, 0xff, 0xff, 0x00, 0x00, 0x00, 0x00,
  0x01, 0x00, 0x00, 0x00, 0x10, 0x2e, 0x1b, 0x3b, 0x24, 0x00, 0x00, 0x00,
  0x74, 0x65, 0x61, 0x63, 0x68, 0x65, 0x72, 0x5f, 0x6c, 0x73, 0x74, 0x6d,
  0x2f, 0x6c, 0x73, 0x74, 0x6d, 0x2f, 0x6c, 0x73, 0x74, 0x6d, 0x5f, 0x63,
  0x65, 0x6c, 0x6c, 0x2f, 0x4d, 0x61, 0x74, 0x4d, 0x75, 0x6c, 0x5f, 0x33,
  0x00, 0x00, 0x00, 0x00, 0x02, 0x00, 0x00, 0x00, 0x01, 0x00, 0x00, 0x00,
  0x60, 0x00, 0x00, 0x00, 0xbe, 0xda, 0xff, 0xff, 0x00, 0x00, 0x00, 0x01,
  0x18, 0x00, 0x00, 0x00, 0x20, 0x00, 0x00, 0x00, 0x3c, 0x00, 0x00, 0x00,
  0x30, 0x00, 0x00, 0x00, 0x00, 0x00, 0x00, 0x09, 0x58, 0x00, 0x00, 0x00,
  0x02, 0x00, 0x00, 0x00, 0xff, 0xff, 0xff, 0xff, 0x18, 0x00, 0x00, 0x00,
  0xa4, 0xda, 0xff, 0xff, 0x08, 0x00, 0x00, 0x00, 0x10, 0x00, 0x00, 0x00,
  0x01, 0x00, 0x00, 0x00, 0xfd, 0xff, 0xff, 0xff, 0xff, 0xff, 0xff, 0xff,
  0x01, 0x00, 0x00, 0x00, 0xcf, 0x4c, 0x1c, 0x3b, 0x21, 0x00, 0x00, 0x00,
  0x74, 0x65, 0x61, 0x63, 0x68, 0x65, 0x72, 0x5f, 0x6c, 0x73, 0x74, 0x6d,
  0x2f, 0x6c, 0x73, 0x74, 0x6d, 0x2f, 0x6c, 0x73, 0x74, 0x6d, 0x5f, 0x63,
  0x65, 0x6c, 0x6c, 0x2f, 0x6d, 0x75, 0x6c, 0x5f, 0x32, 0x00, 0x00, 0x00,
  0x02, 0x00, 0x00, 0x00, 0x01, 0x00, 0x00, 0x00, 0x18, 0x00, 0x00, 0x00,
  0x3e, 0xdb, 0xff, 0xff, 0x00, 0x00, 0x00, 0x01, 0x18, 0x00, 0x00, 0x00,
  0x20, 0x00, 0x00, 0x00, 0x3c, 0x00, 0x00, 0x00, 0x2f, 0x00, 0x00, 0x00,
  0x00, 0x00, 0x00, 0x09, 0x58, 0x00, 0x00, 0x00, 0x02, 0x00, 0x00, 0x00,
  0xff, 0xff, 0xff, 0xff, 0x18, 0x00, 0x00, 0x00, 0x24, 0xdb, 0xff, 0xff,
  0x08, 0x00, 0x00, 0x00, 0x10, 0x00, 0x00, 0x00, 0x01, 0x00, 0x00, 0x00,
  0x00, 0x00, 0x00, 0x00, 0x00, 0x00, 0x00, 0x00, 0x01, 0x00, 0x00, 0x00,
  0x00, 0x00, 0x00, 0x3c, 0x22, 0x00, 0x00, 0x00, 0x74, 0x65, 0x61, 0x63,
  0x68, 0x65, 0x72, 0x5f, 0x6c, 0x73, 0x74, 0x6d, 0x2f, 0x6c, 0x73, 0x74,
  0x6d, 0x2f, 0x6c, 0x73, 0x74, 0x6d, 0x5f, 0x63, 0x65, 0x6c, 0x6c, 0x2f,
  0x54, 0x61, 0x6e, 0x68, 0x5f, 0x31, 0x00, 0x00, 0x02, 0x00, 0x00, 0x00,
  0x01, 0x00, 0x00, 0x00, 0x18, 0x00, 0x00, 0x00, 0xbe, 0xdb, 0xff, 0xff,
  0x00, 0x00, 0x00, 0x01, 0x18, 0x00, 0x00, 0x00, 0x20, 0x00, 0x00, 0x00,
  0x3c, 0x00, 0x00, 0x00, 0x2e, 0x00, 0x00, 0x00, 0x00, 0x00, 0x00, 0x09,
  0x58, 0x00, 0x00, 0x00, 0x02, 0x00, 0x00, 0x00, 0xff, 0xff, 0xff, 0xff,
  0x18, 0x00, 0x00, 0x00, 0xa4, 0xdb, 0xff, 0xff, 0x08, 0x00, 0x00, 0x00,
  0x10, 0x00, 0x00, 0x00, 0x01, 0x00, 0x00, 0x00, 0x06, 0x00, 0x00, 0x00,
  0x00, 0x00, 0x00, 0x00, 0x01, 0x00, 0x00, 0x00, 0x9f, 0x5e, 0x7f, 0x3b,
  0x21, 0x00, 0x00, 0x00, 0x74, 0x65, 0x61, 0x63, 0x68, 0x65, 0x72, 0x5f,
  0x6c, 0x73, 0x74, 0x6d, 0x2f, 0x6c, 0x73, 0x74, 0x6d, 0x2f, 0x6c, 0x73,
  0x74, 0x6d, 0x5f, 0x63, 0x65, 0x6c, 0x6c, 0x2f, 0x61, 0x64, 0x64, 0x5f,
  0x31, 0x00, 0x00, 0x00, 0x02, 0x00, 0x00, 0x00, 0x01, 0x00, 0x00, 0x00,
  0x18, 0x00, 0x00, 0x00, 0x3e, 0xdc, 0xff, 0xff, 0x00, 0x00, 0x00, 0x01,
  0x18, 0x00, 0x00, 0x00, 0x20, 0x00, 0x00, 0x00, 0x3c, 0x00, 0x00, 0x00,
  0x2d, 0x00, 0x00, 0x00, 0x00, 0x00, 0x00, 0x09, 0x58, 0x00, 0x00, 0x00,
  0x02, 0x00, 0x00, 0x00, 0xff, 0xff, 0xff, 0xff, 0x18, 0x00, 0x00, 0x00,
  0x24, 0xdc, 0xff, 0xff, 0x08, 0x00, 0x00, 0x00, 0x10, 0x00, 0x00, 0x00,
  0x01, 0x00, 0x00, 0x00, 0x06, 0x00, 0x00, 0x00, 0x00, 0x00, 0x00, 0x00,
  0x01, 0x00, 0x00, 0x00, 0x9f, 0x5e, 0x7f, 0x3b, 0x21, 0x00, 0x00, 0x00,
  0x74, 0x65, 0x61, 0x63, 0x68, 0x65, 0x72, 0x5f, 0x6c, 0x73, 0x74, 0x6d,
  0x2f, 0x6c, 0x73, 0x74, 0x6d, 0x2f, 0x6c, 0x73, 0x74, 0x6d, 0x5f, 0x63,
  0x65, 0x6c, 0x6c, 0x2f, 0x6d, 0x75, 0x6c, 0x5f, 0x31, 0x00, 0x00, 0x00,
  0x02, 0x00, 0x00, 0x00, 0x01, 0x00, 0x00, 0x00, 0x18, 0x00, 0x00, 0x00,
  0xbe, 0xdc, 0xff, 0xff, 0x00, 0x00, 0x00, 0x01, 0x18, 0x00, 0x00, 0x00,
  0x20, 0x00, 0x00, 0x00, 0x3c, 0x00, 0x00, 0x00, 0x2c, 0x00, 0x00, 0x00,
  0x00, 0x00, 0x00, 0x09, 0x58, 0x00, 0x00, 0x00, 0x02, 0x00, 0x00, 0x00,
  0xff, 0xff, 0xff, 0xff, 0x18, 0x00, 0x00, 0x00, 0xa4, 0xdc, 0xff, 0xff,
  0x08, 0x00, 0x00, 0x00, 0x10, 0x00, 0x00, 0x00, 0x01, 0x00, 0x00, 0x00,
  0x00, 0x00, 0x00, 0x00, 0x00, 0x00, 0x00, 0x00, 0x01, 0x00, 0x00, 0x00,
  0x00, 0x00, 0x00, 0x3c, 0x20, 0x00, 0x00, 0x00, 0x74, 0x65, 0x61, 0x63,
  0x68, 0x65, 0x72, 0x5f, 0x6c, 0x73, 0x74, 0x6d, 0x2f, 0x6c, 0x73, 0x74,
  0x6d, 0x2f, 0x6c, 0x73, 0x74, 0x6d, 0x5f, 0x63, 0x65, 0x6c, 0x6c, 0x2f,
  0x54, 0x61, 0x6e, 0x68, 0x00, 0x00, 0x00, 0x00, 0x02, 0x00, 0x00, 0x00,
  0x01, 0x00, 0x00, 0x00, 0x18, 0x00, 0x00, 0x00, 0x3e, 0xdd, 0xff, 0xff,
  0x00, 0x00, 0x00, 0x01, 0x18, 0x00, 0x00, 0x00, 0x20, 0x00, 0x00, 0x00,
  0x40, 0x00, 0x00, 0x00, 0x2b, 0x00, 0x00, 0x00, 0x00, 0x00, 0x00, 0x09,
  0x60, 0x00, 0x00, 0x00, 0x02, 0x00, 0x00, 0x00, 0xff, 0xff, 0xff, 0xff,
  0x18, 0x00, 0x00, 0x00, 0x24, 0xdd, 0xff, 0xff, 0x08, 0x00, 0x00, 0x00,
  0x14, 0x00, 0x00, 0x00, 0x01, 0x00, 0x00, 0x00, 0x80, 0xff, 0xff, 0xff,
  0xff, 0xff, 0xff, 0xff, 0x00, 0x00, 0x00, 0x00, 0x01, 0x00, 0x00, 0x00,
  0x00, 0x00, 0x80, 0x3b, 0x25, 0x00, 0x00, 0x00, 0x74, 0x65, 0x61, 0x63,
  0x68, 0x65, 0x72, 0x5f, 0x6c, 0x73, 0x74, 0x6d, 0x2f, 0x6c, 0x73, 0x74,
  0x6d, 0x2f, 0x6c, 0x73, 0x74, 0x6d, 0x5f, 0x63, 0x65, 0x6c, 0x6c, 0x2f,
  0x53, 0x69, 0x67, 0x6d, 0x6f, 0x69, 0x64, 0x5f, 0x32, 0x00, 0x00, 0x00,
  0x02, 0x00, 0x00, 0x00, 0x01, 0x00, 0x00, 0x00, 0x18, 0x00, 0x00, 0x00,
  0xc6, 0xdd, 0xff, 0xff, 0x00, 0x00, 0x00, 0x01, 0x18, 0x00, 0x00, 0x00,
  0x20, 0x00, 0x00, 0x00, 0x40, 0x00, 0x00, 0x00, 0x2a, 0x00, 0x00, 0x00,
  0x00, 0x00, 0x00, 0x09, 0x58, 0x00, 0x00, 0x00, 0x02, 0x00, 0x00, 0x00,
  0xff, 0xff, 0xff, 0xff, 0x18, 0x00, 0x00, 0x00, 0xac, 0xdd, 0xff, 0xff,
  0x08, 0x00, 0x00, 0x00, 0x14, 0x00, 0x00, 0x00, 0x01, 0x00, 0x00, 0x00,
  0x06, 0x00, 0x00, 0x00, 0x00, 0x00, 0x00, 0x00, 0x00, 0x00, 0x00, 0x00,
  0x01, 0x00, 0x00, 0x00, 0x9f, 0x5e, 0x7f, 0x3b, 0x1f, 0x00, 0x00, 0x00,
  0x74, 0x65, 0x61, 0x63, 0x68, 0x65, 0x72, 0x5f, 0x6c, 0x73, 0x74, 0x6d,
  0x2f, 0x6c, 0x73, 0x74, 0x6d, 0x2f, 0x6c, 0x73, 0x74, 0x6d, 0x5f, 0x63,
  0x65, 0x6c, 0x6c, 0x2f, 0x6d, 0x75, 0x6c, 0x00, 0x02, 0x00, 0x00, 0x00,
  0x01, 0x00, 0x00, 0x00, 0x18, 0x00, 0x00, 0x00, 0x46, 0xde, 0xff, 0xff,
  0x00, 0x00, 0x00, 0x01, 0x18, 0x00, 0x00, 0x00, 0x20, 0x00, 0x00, 0x00,
  0x40, 0x00, 0x00, 0x00, 0x29, 0x00, 0x00, 0x00, 0x00, 0x00, 0x00, 0x09,
  0x60, 0x00, 0x00, 0x00, 0x02, 0x00, 0x00, 0x00, 0xff, 0xff, 0xff, 0xff,
  0x18, 0x00, 0x00, 0x00, 0x2c, 0xde, 0xff, 0xff, 0x08, 0x00, 0x00, 0x00,
  0x14, 0x00, 0x00, 0x00, 0x01, 0x00, 0x00, 0x00, 0x80, 0xff, 0xff, 0xff,
  0xff, 0xff, 0xff, 0xff, 0x00, 0x00, 0x00, 0x00, 0x01, 0x00, 0x00, 0x00,
  0x00, 0x00, 0x80, 0x3b, 0x25, 0x00, 0x00, 0x00, 0x74, 0x65, 0x61, 0x63,
  0x68, 0x65, 0x72, 0x5f, 0x6c, 0x73, 0x74, 0x6d, 0x2f, 0x6c, 0x73, 0x74,
  0x6d, 0x2f, 0x6c, 0x73, 0x74, 0x6d, 0x5f, 0x63, 0x65, 0x6c, 0x6c, 0x2f,
  0x53, 0x69, 0x67, 0x6d, 0x6f, 0x69, 0x64, 0x5f, 0x31, 0x00, 0x00, 0x00,
  0x02, 0x00, 0x00, 0x00, 0x01, 0x00, 0x00, 0x00, 0x18, 0x00, 0x00, 0x00,
  0xce, 0xde, 0xff, 0xff, 0x00, 0x00, 0x00, 0x01, 0x18, 0x00, 0x00, 0x00,
  0x20, 0x00, 0x00, 0x00, 0x3c, 0x00, 0x00, 0x00, 0x28, 0x00, 0x00, 0x00,
  0x00, 0x00, 0x00, 0x09, 0x58, 0x00, 0x00, 0x00, 0x02, 0x00, 0x00, 0x00,
  0xff, 0xff, 0xff, 0xff, 0x18, 0x00, 0x00, 0x00, 0xb4, 0xde, 0xff, 0xff,
  0x08, 0x00, 0x00, 0x00, 0x10, 0x00, 0x00, 0x00, 0x01, 0x00, 0x00, 0x00,
  0x80, 0xff, 0xff, 0xff, 0xff, 0xff, 0xff, 0xff, 0x01, 0x00, 0x00, 0x00,
  0x00, 0x00, 0x80, 0x3b, 0x23, 0x00, 0x00, 0x00, 0x74, 0x65, 0x61, 0x63,
  0x68, 0x65, 0x72, 0x5f, 0x6c, 0x73, 0x74, 0x6d, 0x2f, 0x6c, 0x73, 0x74,
  0x6d, 0x2f, 0x6c, 0x73, 0x74, 0x6d, 0x5f, 0x63, 0x65, 0x6c, 0x6c, 0x2f,
  0x53, 0x69, 0x67, 0x6d, 0x6f, 0x69, 0x64, 0x00, 0x02, 0x00, 0x00, 0x00,
  0x01, 0x00, 0x00, 0x00, 0x18, 0x00, 0x00, 0x00, 0x4e, 0xdf, 0xff, 0xff,
  0x00, 0x00, 0x00, 0x01, 0x18, 0x00, 0x00, 0x00, 0x20, 0x00, 0x00, 0x00,
  0x3c, 0x00, 0x00, 0x00, 0x27, 0x00, 0x00, 0x00, 0x00, 0x00, 0x00, 0x09,
  0xc0, 0x00, 0x00, 0x00, 0x02, 0x00, 0x00, 0x00, 0xff, 0xff, 0xff, 0xff,
  0x18, 0x00, 0x00, 0x00, 0x34, 0xdf, 0xff, 0xff, 0x08, 0x00, 0x00, 0x00,
  0x10, 0x00, 0x00, 0x00, 0x01, 0x00, 0x00, 0x00, 0xcf, 0xff, 0xff, 0xff,
  0xff, 0xff, 0xff, 0xff, 0x01, 0x00, 0x00, 0x00, 0x0e, 0x04, 0x37, 0x3c,
  0x8b, 0x00, 0x00, 0x00, 0x74, 0x65, 0x61, 0x63, 0x68, 0x65, 0x72, 0x5f,
  0x6c, 0x73, 0x74, 0x6d, 0x2f, 0x6c, 0x73, 0x74, 0x6d, 0x2f, 0x6c, 0x73,
  0x74, 0x6d, 0x5f, 0x63, 0x65, 0x6c, 0x6c, 0x2f, 0x73, 0x70, 0x6c, 0x69,
  0x74, 0x3b, 0x74, 0x65, 0x61, 0x63, 0x68, 0x65, 0x72, 0x5f, 0x6c, 0x73,
  0x74, 0x6d, 0x2f, 0x6c, 0x73, 0x74, 0x6d, 0x2f, 0x6c, 0x73, 0x74, 0x6d,
  0x5f, 0x63, 0x65, 0x6c, 0x6c, 0x2f, 0x73, 0x70, 0x6c, 0x69, 0x74, 0x31,
  0x3b, 0x74, 0x65, 0x61, 0x63, 0x68, 0x65, 0x72, 0x5f, 0x6c, 0x73, 0x74,
  0x6d, 0x2f, 0x6c, 0x73, 0x74, 0x6d, 0x2f, 0x6c, 0x73, 0x74, 0x6d, 0x5f,
  0x63, 0x65, 0x6c, 0x6c, 0x2f, 0x73, 0x70, 0x6c, 0x69, 0x74, 0x32, 0x3b,
  0x74, 0x65, 0x61, 0x63, 0x68, 0x65, 0x72, 0x5f, 0x6c, 0x73, 0x74, 0x6d,
  0x2f, 0x6c, 0x73, 0x74, 0x6d, 0x2f, 0x6c, 0x73, 0x74, 0x6d, 0x5f, 0x63,
  0x65, 0x6c, 0x6c, 0x2f, 0x73, 0x70, 0x6c, 0x69, 0x74, 0x33, 0x33, 0x00,
  0x02, 0x00, 0x00, 0x00, 0x01, 0x00, 0x00, 0x00, 0x18, 0x00, 0x00, 0x00,
  0x36, 0xe0, 0xff, 0xff, 0x00, 0x00, 0x00, 0x01, 0x18, 0x00, 0x00, 0x00,
  0x20, 0x00, 0x00, 0x00, 0x3c, 0x00, 0x00, 0x00, 0x26, 0x00, 0x00, 0x00,
  0x00, 0x00, 0x00, 0x09, 0xc0, 0x00, 0x00, 0x00, 0x02, 0x00, 0x00, 0x00,
  0xff, 0xff, 0xff, 0xff, 0x18, 0x00, 0x00, 0x00, 0x1c, 0xe0, 0xff, 0xff,
  0x08, 0x00, 0x00, 0x00, 0x10, 0x00, 0x00, 0x00, 0x01, 0x00, 0x00, 0x00,
  0xcf, 0xff, 0xff, 0xff, 0xff, 0xff, 0xff, 0xff, 0x01, 0x00, 0x00, 0x00,
  0x0e, 0x04, 0x37, 0x3c, 0x8b, 0x00, 0x00, 0x00, 0x74, 0x65, 0x61, 0x63,
  0x68, 0x65, 0x72, 0x5f, 0x6c, 0x73, 0x74, 0x6d, 0x2f, 0x6c, 0x73, 0x74,
  0x6d, 0x2f, 0x6c, 0x73, 0x74, 0x6d, 0x5f, 0x63, 0x65, 0x6c, 0x6c, 0x2f,
  0x73, 0x70, 0x6c, 0x69, 0x74, 0x3b, 0x74, 0x65, 0x61, 0x63, 0x68, 0x65,
  0x72, 0x5f, 0x6c, 0x73, 0x74, 0x6d, 0x2f, 0x6c, 0x73, 0x74, 0x6d, 0x2f,
  0x6c, 0x73, 0x74, 0x6d, 0x5f, 0x63, 0x65, 0x6c, 0x6c, 0x2f, 0x73, 0x70,
  0x6c, 0x69, 0x74, 0x31, 0x3b, 0x74, 0x65, 0x61, 0x63, 0x68, 0x65, 0x72,
  0x5f, 0x6c, 0x73, 0x74, 0x6d, 0x2f, 0x6c, 0x73, 0x74, 0x6d, 0x2f, 0x6c,
  0x73, 0x74, 0x6d, 0x5f, 0x63, 0x65, 0x6c, 0x6c, 0x2f, 0x73, 0x70, 0x6c,
  0x69, 0x74, 0x32, 0x3b, 0x74, 0x65, 0x61, 0x63, 0x68, 0x65, 0x72, 0x5f,
  0x6c, 0x73, 0x74, 0x6d, 0x2f, 0x6c, 0x73, 0x74, 0x6d, 0x2f, 0x6c, 0x73,
  0x74, 0x6d, 0x5f, 0x63, 0x65, 0x6c, 0x6c, 0x2f, 0x73, 0x70, 0x6c, 0x69,
  0x74, 0x33, 0x32, 0x00, 0x02, 0x00, 0x00, 0x00, 0x01, 0x00, 0x00, 0x00,
  0x18, 0x00, 0x00, 0x00, 0x1e, 0xe1, 0xff, 0xff, 0x00, 0x00, 0x00, 0x01,
  0x18, 0x00, 0x00, 0x00, 0x20, 0x00, 0x00, 0x00, 0x3c, 0x00, 0x00, 0x00,
  0x25, 0x00, 0x00, 0x00, 0x00, 0x00, 0x00, 0x09, 0xc0, 0x00, 0x00, 0x00,
  0x02, 0x00, 0x00, 0x00, 0xff, 0xff, 0xff, 0xff, 0x18, 0x00, 0x00, 0x00,
  0x04, 0xe1, 0xff, 0xff, 0x08, 0x00, 0x00, 0x00, 0x10, 0x00, 0x00, 0x00,
  0x01, 0x00, 0x00, 0x00, 0xcf, 0xff, 0xff, 0xff, 0xff, 0xff, 0xff, 0xff,
  0x01, 0x00, 0x00, 0x00, 0x0e, 0x04, 0x37, 0x3c, 0x8b, 0x00, 0x00, 0x00,
  0x74, 0x65, 0x61, 0x63, 0x68, 0x65, 0x72, 0x5f, 0x6c, 0x73, 0x74, 0x6d,
  0x2f, 0x6c, 0x73, 0x74, 0x6d, 0x2f, 0x6c, 0x73, 0x74, 0x6d, 0x5f, 0x63,
  0x65, 0x6c, 0x6c, 0x2f, 0x73, 0x70, 0x6c, 0x69, 0x74, 0x3b, 0x74, 0x65,
  0x61, 0x63, 0x68, 0x65, 0x72, 0x5f, 0x6c, 0x73, 0x74, 0x6d, 0x2f, 0x6c,
  0x73, 0x74, 0x6d, 0x2f, 0x6c, 0x73, 0x74, 0x6d, 0x5f, 0x63, 0x65, 0x6c,
  0x6c, 0x2f, 0x73, 0x70, 0x6c, 0x69, 0x74, 0x31, 0x3b, 0x74, 0x65, 0x61,
  0x63, 0x68, 0x65, 0x72, 0x5f, 0x6c, 0x73, 0x74, 0x6d, 0x2f, 0x6c, 0x73,
  0x74, 0x6d, 0x2f, 0x6c, 0x73, 0x74, 0x6d, 0x5f, 0x63, 0x65, 0x6c, 0x6c,
  0x2f, 0x73, 0x70, 0x6c, 0x69, 0x74, 0x32, 0x3b, 0x74, 0x65, 0x61, 0x63,
  0x68, 0x65, 0x72, 0x5f, 0x6c, 0x73, 0x74, 0x6d, 0x2f, 0x6c, 0x73, 0x74,
  0x6d, 0x2f, 0x6c, 0x73, 0x74, 0x6d, 0x5f, 0x63, 0x65, 0x6c, 0x6c, 0x2f,
  0x73, 0x70, 0x6c, 0x69, 0x74, 0x33, 0x31, 0x00, 0x02, 0x00, 0x00, 0x00,
  0x01, 0x00, 0x00, 0x00, 0x18, 0x00, 0x00, 0x00, 0x06, 0xe2, 0xff, 0xff,
  0x00, 0x00, 0x00, 0x01, 0x18, 0x00, 0x00, 0x00, 0x20, 0x00, 0x00, 0x00,
  0x3c, 0x00, 0x00, 0x00, 0x24, 0x00, 0x00, 0x00, 0x00, 0x00, 0x00, 0x09,
  0xc0, 0x00, 0x00, 0x00, 0x02, 0x00, 0x00, 0x00, 0xff, 0xff, 0xff, 0xff,
  0x18, 0x00, 0x00, 0x00, 0xec, 0xe1, 0xff, 0xff, 0x08, 0x00, 0x00, 0x00,
  0x10, 0x00, 0x00, 0x00, 0x01, 0x00, 0x00, 0x00, 0xcf, 0xff, 0xff, 0xff,
  0xff, 0xff, 0xff, 0xff, 0x01, 0x00, 0x00, 0x00, 0x0e, 0x04, 0x37, 0x3c,
  0x8a, 0x00, 0x00, 0x00, 0x74, 0x65, 0x61, 0x63, 0x68, 0x65, 0x72, 0x5f,
  0x6c, 0x73, 0x74, 0x6d, 0x2f, 0x6c, 0x73, 0x74, 0x6d, 0x2f, 0x6c, 0x73,
  0x74, 0x6d, 0x5f, 0x63, 0x65, 0x6c, 0x6c, 0x2f, 0x73, 0x70, 0x6c, 0x69,
  0x74, 0x3b, 0x74, 0x65, 0x61, 0x63, 0x68, 0x65, 0x72, 0x5f, 0x6c, 0x73,
  0x74, 0x6d, 0x2f, 0x6c, 0x73, 0x74, 0x6d, 0x2f, 0x6c, 0x73, 0x74, 0x6d,
  0x5f, 0x63, 0x65, 0x6c, 0x6c, 0x2f, 0x73, 0x70, 0x6c, 0x69, 0x74, 0x31,
  0x3b, 0x74, 0x65, 0x61, 0x63, 0x68, 0x65, 0x72, 0x5f, 0x6c, 0x73, 0x74,
  0x6d, 0x2f, 0x6c, 0x73, 0x74, 0x6d, 0x2f, 0x6c, 0x73, 0x74, 0x6d, 0x5f,
  0x63, 0x65, 0x6c, 0x6c, 0x2f, 0x73, 0x70, 0x6c, 0x69, 0x74, 0x32, 0x3b,
  0x74, 0x65, 0x61, 0x63, 0x68, 0x65, 0x72, 0x5f, 0x6c, 0x73, 0x74, 0x6d,
  0x2f, 0x6c, 0x73, 0x74, 0x6d, 0x2f, 0x6c, 0x73, 0x74, 0x6d, 0x5f, 0x63,
  0x65, 0x6c, 0x6c, 0x2f, 0x73, 0x70, 0x6c, 0x69, 0x74, 0x33, 0x00, 0x00,
  0x02, 0x00, 0x00, 0x00, 0x01, 0x00, 0x00, 0x00, 0x18, 0x00, 0x00, 0x00,
  0xee, 0xe2, 0xff, 0xff, 0x00, 0x00, 0x00, 0x01, 0x18, 0x00, 0x00, 0x00,
  0x20, 0x00, 0x00, 0x00, 0x3c, 0x00, 0x00, 0x00, 0x23, 0x00, 0x00, 0x00,
  0x00, 0x00, 0x00, 0x09, 0x58, 0x00, 0x00, 0x00, 0x02, 0x00, 0x00, 0x00,
  0xff, 0xff, 0xff, 0xff, 0x60, 0x00, 0x00, 0x00, 0xd4, 0xe2, 0xff, 0xff,
  0x08, 0x00, 0x00, 0x00, 0x10, 0x00, 0x00, 0x00, 0x01, 0x00, 0x00, 0x00,
  0xcf, 0xff, 0xff, 0xff, 0xff, 0xff, 0xff, 0xff, 0x01, 0x00, 0x00, 0x00,
  0x0e, 0x04, 0x37, 0x3c, 0x23, 0x00, 0x00, 0x00, 0x74, 0x65, 0x61, 0x63,
  0x68, 0x65, 0x72, 0x5f, 0x6c, 0x73, 0x74, 0x6d, 0x2f, 0x6c, 0x73, 0x74,
  0x6d, 0x2f, 0x6c, 0x73, 0x74, 0x6d, 0x5f, 0x63, 0x65, 0x6c, 0x6c, 0x2f,
  0x42, 0x69, 0x61, 0x73, 0x41, 0x64, 0x64, 0x00, 0x02, 0x00, 0x00, 0x00,
  0x01, 0x00, 0x00, 0x00, 0x60, 0x00, 0x00, 0x00, 0x6e, 0xe3, 0xff, 0xff,
  0x00, 0x00, 0x00, 0x01, 0x18, 0x00, 0x00, 0x00, 0x20, 0x00, 0x00, 0x00,
  0x40, 0x00, 0x00, 0x00, 0x22, 0x00, 0x00, 0x00, 0x00, 0x00, 0x00, 0x09,
  0x58, 0x00, 0x00, 0x00, 0x02, 0x00, 0x00, 0x00, 0xff, 0xff, 0xff, 0xff,
  0x60, 0x00, 0x00, 0x00, 0x54, 0xe3, 0xff, 0xff, 0x08, 0x00, 0x00, 0x00,
  0x14, 0x00, 0x00, 0x00, 0x01, 0x00, 0x00, 0x00, 0xe1, 0xff, 0xff, 0xff,
  0xff, 0xff, 0xff, 0xff, 0x00, 0x00, 0x00, 0x00, 0x01, 0x00, 0x00, 0x00,
  0x1a, 0x4d, 0x4b, 0x3c, 0x1f, 0x00, 0x00, 0x00, 0x74, 0x65, 0x61, 0x63,
  0x68, 0x65, 0x72, 0x5f, 0x6c, 0x73, 0x74, 0x6d, 0x2f, 0x6c, 0x73, 0x74,
  0x6d, 0x2f, 0x6c, 0x73, 0x74, 0x6d, 0x5f, 0x63, 0x65, 0x6c, 0x6c, 0x2f,
  0x61, 0x64, 0x64, 0x00, 0x02, 0x00, 0x00, 0x00, 0x01, 0x00, 0x00, 0x00,
  0x60, 0x00, 0x00, 0x00, 0xee, 0xe3, 0xff, 0xff, 0x00, 0x00, 0x00, 0x01,
  0x18, 0x00, 0x00, 0x00, 0x20, 0x00, 0x00, 0x00, 0x3c, 0x00, 0x00, 0x00,
  0x21, 0x00, 0x00, 0x00, 0x00, 0x00, 0x00, 0x09, 0x58, 0x00, 0x00, 0x00,
  0x02, 0x00, 0x00, 0x00, 0xff, 0xff, 0xff, 0xff, 0x60, 0x00, 0x00, 0x00,
  0xd4, 0xe3, 0xff, 0xff, 0x08, 0x00, 0x00, 0x00, 0x10, 0x00, 0x00, 0x00,
  0x01, 0x00, 0x00, 0x00, 0xf2, 0xff, 0xff, 0xff, 0xff, 0xff, 0xff, 0xff,
  0x01, 0x00, 0x00, 0x00, 0x4d, 0x53, 0x2c, 0x3c, 0x22, 0x00, 0x00, 0x00,
  0x74, 0x65, 0x61, 0x63, 0x68, 0x65, 0x72, 0x5f, 0x6c, 0x73, 0x74, 0x6d,
  0x2f, 0x6c, 0x73, 0x74, 0x6d, 0x2f, 0x6c, 0x73, 0x74, 0x6d, 0x5f, 0x63,
  0x65, 0x6c, 0x6c, 0x2f, 0x4d, 0x61, 0x74, 0x4d, 0x75, 0x6c, 0x00, 0x00,
  0x02, 0x00, 0x00, 0x00, 0x01, 0x00, 0x00, 0x00, 0x60, 0x00, 0x00, 0x00,
  0x6e, 0xe4, 0xff, 0xff, 0x00, 0x00, 0x00, 0x01, 0x18, 0x00, 0x00, 0x00,
  0x20, 0x00, 0x00, 0x00, 0x40, 0x00, 0x00, 0x00, 0x20, 0x00, 0x00, 0x00,
  0x00, 0x00, 0x00, 0x09, 0x60, 0x00, 0x00, 0x00, 0x02, 0x00, 0x00, 0x00,
  0xff, 0xff, 0xff, 0xff, 0x60, 0x00, 0x00, 0x00, 0x54, 0xe4, 0xff, 0xff,
  0x08, 0x00, 0x00, 0x00, 0x14, 0x00, 0x00, 0x00, 0x01, 0x00, 0x00, 0x00,
  0x00, 0x00, 0x00, 0x00, 0x00, 0x00, 0x00, 0x00, 0x00, 0x00, 0x00, 0x00,
  0x01, 0x00, 0x00, 0x00, 0x7b, 0xbe, 0x06, 0x32, 0x25, 0x00, 0x00, 0x00,
  0x74, 0x65, 0x61, 0x63, 0x68, 0x65, 0x72, 0x5f, 0x6c, 0x73, 0x74, 0x6d,
  0x2f, 0x6c, 0x73, 0x74, 0x6d, 0x2f, 0x6c, 0x73, 0x74, 0x6d, 0x5f, 0x63,
  0x65, 0x6c, 0x6c, 0x2f, 0x4d, 0x61, 0x74, 0x4d, 0x75, 0x6c, 0x5f, 0x31,
  0x31, 0x00, 0x00, 0x00, 0x02, 0x00, 0x00, 0x00, 0x01, 0x00, 0x00, 0x00,
  0x60, 0x00, 0x00, 0x00, 0xf6, 0xe4, 0xff, 0xff, 0x00, 0x00, 0x00, 0x01,
  0x18, 0x00, 0x00, 0x00, 0x20, 0x00, 0x00, 0x00, 0x3c, 0x00, 0x00, 0x00,
  0x1f, 0x00, 0x00, 0x00, 0x00, 0x00, 0x00, 0x09, 0x4c, 0x00, 0x00, 0x00,
  0x02, 0x00, 0x00, 0x00, 0xff, 0xff, 0xff, 0xff, 0x18, 0x00, 0x00, 0x00,
  0xdc, 0xe4, 0xff, 0xff, 0x08, 0x00, 0x00, 0x00, 0x10, 0x00, 0x00, 0x00,
  0x01, 0x00, 0x00, 0x00, 0x00, 0x00, 0x00, 0x00, 0x00, 0x00, 0x00, 0x00,
  0x01, 0x00, 0x00, 0x00, 0x7b, 0xbe, 0x06, 0x32, 0x17, 0x00, 0x00, 0x00,
  0x74, 0x65, 0x61, 0x63, 0x68, 0x65, 0x72, 0x5f, 0x6c, 0x73, 0x74, 0x6d,
  0x2f, 0x6c, 0x73, 0x74, 0x6d, 0x2f, 0x7a, 0x65, 0x72, 0x6f, 0x73, 0x00,
  0x02, 0x00, 0x00, 0x00, 0x01, 0x00, 0x00, 0x00, 0x18, 0x00, 0x00, 0x00,
  0xda, 0xe5, 0xff, 0xff, 0x00, 0x00, 0x00, 0x01, 0x14, 0x00, 0x00, 0x00,
  0x14, 0x00, 0x00, 0x00, 0x1e, 0x00, 0x00, 0x00, 0x00, 0x00, 0x00, 0x02,
  0x2c, 0x00, 0x00, 0x00, 0xc4, 0xe5, 0xff, 0xff, 0x1e, 0x00, 0x00, 0x00,
  0x74, 0x65, 0x61, 0x63, 0x68, 0x65, 0x72, 0x5f, 0x6c, 0x73, 0x74, 0x6d,
  0x2f, 0x6c, 0x73, 0x74, 0x6d, 0x2f, 0x7a, 0x65, 0x72, 0x6f, 0x73, 0x2f,
  0x70, 0x61, 0x63, 0x6b, 0x65, 0x64, 0x00, 0x00, 0x01, 0x00, 0x00, 0x00,
  0x02, 0x00, 0x00, 0x00, 0xb6, 0xe5, 0xff, 0xff, 0x00, 0x00, 0x00, 0x01,
  0x18, 0x00, 0x00, 0x00, 0x20, 0x00, 0x00, 0x00, 0x40, 0x00, 0x00, 0x00,
  0x1d, 0x00, 0x00, 0x00, 0x00, 0x00, 0x00, 0x09, 0x80, 0x01, 0x00, 0x00,
  0x02, 0x00, 0x00, 0x00, 0xff, 0xff, 0xff, 0xff, 0x13, 0x00, 0x00, 0x00,
  0x9c, 0xe5, 0xff, 0xff, 0x08, 0x00, 0x00, 0x00, 0x14, 0x00, 0x00, 0x00,
  0x01, 0x00, 0x00, 0x00, 0x80, 0xff, 0xff, 0xff, 0xff, 0xff, 0xff, 0xff,
  0x00, 0x00, 0x00, 0x00, 0x01, 0x00, 0x00, 0x00, 0x81, 0x80, 0x80, 0x3b,
  0x46, 0x01, 0x00, 0x00, 0x74, 0x65, 0x61, 0x63, 0x68, 0x65, 0x72, 0x5f,
  0x6c, 0x73, 0x74, 0x6d, 0x2f, 0x6c, 0x73, 0x74, 0x6d, 0x2f, 0x75, 0x6e,
  0x73, 0x74, 0x61, 0x63, 0x6b, 0x3b, 0x74, 0x65, 0x61, 0x63, 0x68, 0x65,
  0x72, 0x5f, 0x6c, 0x73, 0x74, 0x6d, 0x2f, 0x6c, 0x73, 0x74, 0x6d, 0x2f,
  0x75, 0x6e, 0x73, 0x74, 0x61, 0x63, 0x6b, 0x31, 0x3b, 0x74, 0x65, 0x61,
  0x63, 0x68, 0x65, 0x72, 0x5f, 0x6c, 0x73, 0x74, 0x6d, 0x2f, 0x6c, 0x73,
  0x74, 0x6d, 0x2f, 0x75, 0x6e, 0x73, 0x74, 0x61, 0x63, 0x6b, 0x32, 0x3b,
  0x74, 0x65, 0x61, 0x63, 0x68, 0x65, 0x72, 0x5f, 0x6c, 0x73, 0x74, 0x6d,
  0x2f, 0x6c, 0x73, 0x74, 0x6d, 0x2f, 0x75, 0x6e, 0x73, 0x74, 0x61, 0x63,
  0x6b, 0x33, 0x3b, 0x74, 0x65, 0x61, 0x63, 0x68, 0x65, 0x72, 0x5f, 0x6c,
  0x73, 0x74, 0x6d, 0x2f, 0x6c, 0x73, 0x74, 0x6d, 0x2f, 0x75, 0x6e, 0x73,
  0x74, 0x61, 0x63, 0x6b, 0x34, 0x3b, 0x74, 0x65, 0x61, 0x63, 0x68, 0x65,
  0x72, 0x5f, 0x6c, 0x73, 0x74, 0x6d, 0x2f, 0x6c, 0x73, 0x74, 0x6d, 0x2f,
  0x75, 0x6e, 0x73, 0x74, 0x61, 0x63, 0x6b, 0x35, 0x3b, 0x74, 0x65, 0x61,
  0x63, 0x68, 0x65, 0x72, 0x5f, 0x6c, 0x73, 0x74, 0x6d, 0x2f, 0x6c, 0x73,
  0x74, 0x6d, 0x2f, 0x75, 0x6e, 0x73, 0x74, 0x61, 0x63, 0x6b, 0x36, 0x3b,
  0x74, 0x65, 0x61, 0x63, 0x68, 0x65, 0x72, 0x5f, 0x6c, 0x73, 0x74, 0x6d,
  0x2f, 0x6c, 0x73, 0x74, 0x6d, 0x2f, 0x75, 0x6e, 0x73, 0x74, 0x61, 0x63,
  0x6b, 0x37, 0x3b, 0x74, 0x65, 0x61, 0x63, 0x68, 0x65, 0x72, 0x5f, 0x6c,
  0x73, 0x74, 0x6d, 0x2f, 0x6c, 0x73, 0x74, 0x6d, 0x2f, 0x75, 0x6e, 0x73,
  0x74, 0x61, 0x63, 0x6b, 0x38, 0x3b, 0x74, 0x65, 0x61, 0x63, 0x68, 0x65,
  0x72, 0x5f, 0x6c, 0x73, 0x74, 0x6d, 0x2f, 0x6c, 0x73, 0x74, 0x6d, 0x2f,
  0x75, 0x6e, 0x73, 0x74, 0x61, 0x63, 0x6b, 0x39, 0x3b, 0x74, 0x65, 0x61,
  0x63, 0x68, 0x65, 0x72, 0x5f, 0x6c, 0x73, 0x74, 0x6d, 0x2f, 0x6c, 0x73,
  0x74, 0x6d, 0x2f, 0x75, 0x6e, 0x73, 0x74, 0x61, 0x63, 0x6b, 0x31, 0x30,
  0x3b, 0x74, 0x65, 0x61, 0x63, 0x68, 0x65, 0x72, 0x5f, 0x6c, 0x73, 0x74,
  0x6d, 0x2f, 0x6c, 0x73, 0x74, 0x6d, 0x2f, 0x75, 0x6e, 0x73, 0x74, 0x61,
  0x63, 0x6b, 0x31, 0x31, 0x31, 0x31, 0x00, 0x00, 0x02, 0x00, 0x00, 0x00,
  0x01, 0x00, 0x00, 0x00, 0x13, 0x00, 0x00, 0x00, 0x5e, 0xe7, 0xff, 0xff,
  0x00, 0x00, 0x00, 0x01, 0x18, 0x00, 0x00, 0x00, 0x20, 0x00, 0x00, 0x00,
  0x40, 0x00, 0x00, 0x00, 0x1c, 0x00, 0x00, 0x00, 0x00, 0x00, 0x00, 0x09,
  0x80, 0x01, 0x00, 0x00, 0x02, 0x00, 0x00, 0x00, 0xff, 0xff, 0xff, 0xff,
  0x13, 0x00, 0x00, 0x00, 0x44, 0xe7, 0xff, 0xff, 0x08, 0x00, 0x00, 0x00,
  0x14, 0x00, 0x00, 0x00, 0x01, 0x00, 0x00, 0x00, 0x80, 0xff, 0xff, 0xff,
  0xff, 0xff, 0xff, 0xff, 0x00, 0x00, 0x00, 0x00, 0x01, 0x00, 0x00, 0x00,
  0x81, 0x80, 0x80, 0x3b, 0x46, 0x01, 0x00, 0x00, 0x74, 0x65, 0x61, 0x63,
  0x68, 0x65, 0x72, 0x5f, 0x6c, 0x73, 0x74, 0x6d, 0x2f, 0x6c, 0x73, 0x74,
  0x6d, 0x2f, 0x75, 0x6e, 0x73, 0x74, 0x61, 0x63, 0x6b, 0x3b, 0x74, 0x65,
  0x61, 0x63, 0x68, 0x65, 0x72, 0x5f, 0x6c, 0x73, 0x74, 0x6d, 0x2f, 0x6c,
  0x73, 0x74, 0x6d, 0x2f, 0x75, 0x6e, 0x73, 0x74, 0x61, 0x63, 0x6b, 0x31,
  0x3b, 0x74, 0x65, 0x61, 0x63, 0x68, 0x65, 0x72, 0x5f, 0x6c, 0x73, 0x74,
  0x6d, 0x2f, 0x6c, 0x73, 0x74, 0x6d, 0x2f, 0x75, 0x6e, 0x73, 0x74, 0x61,
  0x63, 0x6b, 0x32, 0x3b, 0x74, 0x65, 0x61, 0x63, 0x68, 0x65, 0x72, 0x5f,
  0x6c, 0x73, 0x74, 0x6d, 0x2f, 0x6c, 0x73, 0x74, 0x6d, 0x2f, 0x75, 0x6e,
  0x73, 0x74, 0x61, 0x63, 0x6b, 0x33, 0x3b, 0x74, 0x65, 0x61, 0x63, 0x68,
  0x65, 0x72, 0x5f, 0x6c, 0x73, 0x74, 0x6d, 0x2f, 0x6c, 0x73, 0x74, 0x6d,
  0x2f, 0x75, 0x6e, 0x73, 0x74, 0x61, 0x63, 0x6b, 0x34, 0x3b, 0x74, 0x65,
  0x61, 0x63, 0x68, 0x65, 0x72, 0x5f, 0x6c, 0x73, 0x74, 0x6d, 0x2f, 0x6c,
  0x73, 0x74, 0x6d, 0x2f, 0x75, 0x6e, 0x73, 0x74, 0x61, 0x63, 0x6b, 0x35,
  0x3b, 0x74, 0x65, 0x61, 0x63, 0x68, 0x65, 0x72, 0x5f, 0x6c, 0x73, 0x74,
  0x6d, 0x2f, 0x6c, 0x73, 0x74, 0x6d, 0x2f, 0x75, 0x6e, 0x73, 0x74, 0x61,
  0x63, 0x6b, 0x36, 0x3b, 0x74, 0x65, 0x61, 0x63, 0x68, 0x65, 0x72, 0x5f,
  0x6c, 0x73, 0x74, 0x6d, 0x2f, 0x6c, 0x73, 0x74, 0x6d, 0x2f, 0x75, 0x6e,
  0x73, 0x74, 0x61, 0x63, 0x6b, 0x37, 0x3b, 0x74, 0x65, 0x61, 0x63, 0x68,
  0x65, 0x72, 0x5f, 0x6c, 0x73, 0x74, 0x6d, 0x2f, 0x6c, 0x73, 0x74, 0x6d,
  0x2f, 0x75, 0x6e, 0x73, 0x74, 0x61, 0x63, 0x6b, 0x38, 0x3b, 0x74, 0x65,
  0x61, 0x63, 0x68, 0x65, 0x72, 0x5f, 0x6c, 0x73, 0x74, 0x6d, 0x2f, 0x6c,
  0x73, 0x74, 0x6d, 0x2f, 0x75, 0x6e, 0x73, 0x74, 0x61, 0x63, 0x6b, 0x39,
  0x3b, 0x74, 0x65, 0x61, 0x63, 0x68, 0x65, 0x72, 0x5f, 0x6c, 0x73, 0x74,
  0x6d, 0x2f, 0x6c, 0x73, 0x74, 0x6d, 0x2f, 0x75, 0x6e, 0x73, 0x74, 0x61,
  0x63, 0x6b, 0x31, 0x30, 0x3b, 0x74, 0x65, 0x61, 0x63, 0x68, 0x65, 0x72,
  0x5f, 0x6c, 0x73, 0x74, 0x6d, 0x2f, 0x6c, 0x73, 0x74, 0x6d, 0x2f, 0x75,
  0x6e, 0x73, 0x74, 0x61, 0x63, 0x6b, 0x31, 0x31, 0x31, 0x30, 0x00, 0x00,
  0x02, 0x00, 0x00, 0x00, 0x01, 0x00, 0x00, 0x00, 0x13, 0x00, 0x00, 0x00,
  0x06, 0xe9, 0xff, 0xff, 0x00, 0x00, 0x00, 0x01, 0x18, 0x00, 0x00, 0x00,
  0x20, 0x00, 0x00, 0x00, 0x40, 0x00, 0x00, 0x00, 0x1b, 0x00, 0x00, 0x00,
  0x00, 0x00, 0x00, 0x09, 0x80, 0x01, 0x00, 0x00, 0x02, 0x00, 0x00, 0x00,
  0xff, 0xff, 0xff, 0xff, 0x13, 0x00, 0x00, 0x00, 0xec, 0xe8, 0xff, 0xff,
  0x08, 0x00, 0x00, 0x00, 0x14, 0x00, 0x00, 0x00, 0x01, 0x00, 0x00, 0x00,
  0x80, 0xff, 0xff, 0xff, 0xff, 0xff, 0xff, 0xff, 0x00, 0x00, 0x00, 0x00,
  0x01, 0x00, 0x00, 0x00, 0x81, 0x80, 0x80, 0x3b, 0x45, 0x01, 0x00, 0x00,
  0x74, 0x65, 0x61, 0x63, 0x68, 0x65, 0x72, 0x5f, 0x6c, 0x73, 0x74, 0x6d,
  0x2f, 0x6c, 0x73, 0x74, 0x6d, 0x2f, 0x75, 0x6e, 0x73, 0x74, 0x61, 0x63,
  0x6b, 0x3b, 0x74, 0x65, 0x61, 0x63, 0x68, 0x65, 0x72, 0x5f, 0x6c, 0x73,
  0x74, 0x6d, 0x2f, 0x6c, 0x73, 0x74, 0x6d, 0x2f, 0x75, 0x6e, 0x73, 0x74,
  0x61, 0x63, 0x6b, 0x31, 0x3b, 0x74, 0x65, 0x61, 0x63, 0x68, 0x65, 0x72,
  0x5f, 0x6c, 0x73, 0x74, 0x6d, 0x2f, 0x6c, 0x73, 0x74, 0x6d, 0x2f, 0x75,
  0x6e, 0x73, 0x74, 0x61, 0x63, 0x6b, 0x32, 0x3b, 0x74, 0x65, 0x61, 0x63,
  0x68, 0x65, 0x72, 0x5f, 0x6c, 0x73, 0x74, 0x6d, 0x2f, 0x6c, 0x73, 0x74,
  0x6d, 0x2f, 0x75, 0x6e, 0x73, 0x74, 0x61, 0x63, 0x6b, 0x33, 0x3b, 0x74,
  0x65, 0x61, 0x63, 0x68, 0x65, 0x72, 0x5f, 0x6c, 0x73, 0x74, 0x6d, 0x2f,
  0x6c, 0x73, 0x74, 0x6d, 0x2f, 0x75, 0x6e, 0x73, 0x74, 0x61, 0x63, 0x6b,
  0x34, 0x3b, 0x74, 0x65, 0x61, 0x63, 0x68, 0x65, 0x72, 0x5f, 0x6c, 0x73,
  0x74, 0x6d, 0x2f, 0x6c, 0x73, 0x74, 0x6d, 0x2f, 0x75, 0x6e, 0x73, 0x74,
  0x61, 0x63, 0x6b, 0x35, 0x3b, 0x74, 0x65, 0x61, 0x63, 0x68, 0x65, 0x72,
  0x5f, 0x6c, 0x73, 0x74, 0x6d, 0x2f, 0x6c, 0x73, 0x74, 0x6d, 0x2f, 0x75,
  0x6e, 0x73, 0x74, 0x61, 0x63, 0x6b, 0x36, 0x3b, 0x74, 0x65, 0x61, 0x63,
  0x68, 0x65, 0x72, 0x5f, 0x6c, 0x73, 0x74, 0x6d, 0x2f, 0x6c, 0x73, 0x74,
  0x6d, 0x2f, 0x75, 0x6e, 0x73, 0x74, 0x61, 0x63, 0x6b, 0x37, 0x3b, 0x74,
  0x65, 0x61, 0x63, 0x68, 0x65, 0x72, 0x5f, 0x6c, 0x73, 0x74, 0x6d, 0x2f,
  0x6c, 0x73, 0x74, 0x6d, 0x2f, 0x75, 0x6e, 0x73, 0x74, 0x61, 0x63, 0x6b,
  0x38, 0x3b, 0x74, 0x65, 0x61, 0x63, 0x68, 0x65, 0x72, 0x5f, 0x6c, 0x73,
  0x74, 0x6d, 0x2f, 0x6c, 0x73, 0x74, 0x6d, 0x2f, 0x75, 0x6e, 0x73, 0x74,
  0x61, 0x63, 0x6b, 0x39, 0x3b, 0x74, 0x65, 0x61, 0x63, 0x68, 0x65, 0x72,
  0x5f, 0x6c, 0x73, 0x74, 0x6d, 0x2f, 0x6c, 0x73, 0x74, 0x6d, 0x2f, 0x75,
  0x6e, 0x73, 0x74, 0x61, 0x63, 0x6b, 0x31, 0x30, 0x3b, 0x74, 0x65, 0x61,
  0x63, 0x68, 0x65, 0x72, 0x5f, 0x6c, 0x73, 0x74, 0x6d, 0x2f, 0x6c, 0x73,
  0x74, 0x6d, 0x2f, 0x75, 0x6e, 0x73, 0x74, 0x61, 0x63, 0x6b, 0x31, 0x31,
  0x39, 0x00, 0x00, 0x00, 0x02, 0x00, 0x00, 0x00, 0x01, 0x00, 0x00, 0x00,
  0x13, 0x00, 0x00, 0x00, 0xae, 0xea, 0xff, 0xff, 0x00, 0x00, 0x00, 0x01,
  0x18, 0x00, 0x00, 0x00, 0x20, 0x00, 0x00, 0x00, 0x40, 0x00, 0x00, 0x00,
  0x1a, 0x00, 0x00, 0x00, 0x00, 0x00, 0x00, 0x09, 0x80, 0x01, 0x00, 0x00,
  0x02, 0x00, 0x00, 0x00, 0xff, 0xff, 0xff, 0xff, 0x13, 0x00, 0x00, 0x00,
  0x94, 0xea, 0xff, 0xff, 0x08, 0x00, 0x00, 0x00, 0x14, 0x00, 0x00, 0x00,
  0x01, 0x00, 0x00, 0x00, 0x80, 0xff, 0xff, 0xff, 0xff, 0xff, 0xff, 0xff,
  0x00, 0x00, 0x00, 0x00, 0x01, 0x00, 0x00, 0x00, 0x81, 0x80, 0x80, 0x3b,
  0x45, 0x01, 0x00, 0x00, 0x74, 0x65, 0x61, 0x63, 0x68, 0x65, 0x72, 0x5f,
  0x6c, 0x73, 0x74, 0x6d, 0x2f, 0x6c, 0x73, 0x74, 0x6d, 0x2f, 0x75, 0x6e,
  0x73, 0x74, 0x61, 0x63, 0x6b, 0x3b, 0x74, 0x65, 0x61, 0x63, 0x68, 0x65,
  0x72, 0x5f, 0x6c, 0x73, 0x74, 0x6d, 0x2f, 0x6c, 0x73, 0x74, 0x6d, 0x2f,
  0x75, 0x6e, 0x73, 0x74, 0x61, 0x63, 0x6b, 0x31, 0x3b, 0x74, 0x65, 0x61,
  0x63, 0x68, 0x65, 0x72, 0x5f, 0x6c, 0x73, 0x74, 0x6d, 0x2f, 0x6c, 0x73,
  0x74, 0x6d, 0x2f, 0x75, 0x6e, 0x73, 0x74, 0x61, 0x63, 0x6b, 0x32, 0x3b,
  0x74, 0x65, 0x61, 0x63, 0x68, 0x65, 0x72, 0x5f, 0x6c, 0x73, 0x74, 0x6d,
  0x2f, 0x6c, 0x73, 0x74, 0x6d, 0x2f, 0x75, 0x6e, 0x73, 0x74, 0x61, 0x63,
  0x6b, 0x33, 0x3b, 0x74, 0x65, 0x61, 0x63, 0x68, 0x65, 0x72, 0x5f, 0x6c,
  0x73, 0x74, 0x6d, 0x2f, 0x6c, 0x73, 0x74, 0x6d, 0x2f, 0x75, 0x6e, 0x73,
  0x74, 0x61, 0x63, 0x6b, 0x34, 0x3b, 0x74, 0x65, 0x61, 0x63, 0x68, 0x65,
  0x72, 0x5f, 0x6c, 0x73, 0x74, 0x6d, 0x2f, 0x6c, 0x73, 0x74, 0x6d, 0x2f,
  0x75, 0x6e, 0x73, 0x74, 0x61, 0x63, 0x6b, 0x35, 0x3b, 0x74, 0x65, 0x61,
  0x63, 0x68, 0x65, 0x72, 0x5f, 0x6c, 0x73, 0x74, 0x6d, 0x2f, 0x6c, 0x73,
  0x74, 0x6d, 0x2f, 0x75, 0x6e, 0x73, 0x74, 0x61, 0x63, 0x6b, 0x36, 0x3b,
  0x74, 0x65, 0x61, 0x63, 0x68, 0x65, 0x72, 0x5f, 0x6c, 0x73, 0x74, 0x6d,
  0x2f, 0x6c, 0x73, 0x74, 0x6d, 0x2f, 0x75, 0x6e, 0x73, 0x74, 0x61, 0x63,
  0x6b, 0x37, 0x3b, 0x74, 0x65, 0x61, 0x63, 0x68, 0x65, 0x72, 0x5f, 0x6c,
  0x73, 0x74, 0x6d, 0x2f, 0x6c, 0x73, 0x74, 0x6d, 0x2f, 0x75, 0x6e, 0x73,
  0x74, 0x61, 0x63, 0x6b, 0x38, 0x3b, 0x74, 0x65, 0x61, 0x63, 0x68, 0x65,
  0x72, 0x5f, 0x6c, 0x73, 0x74, 0x6d, 0x2f, 0x6c, 0x73, 0x74, 0x6d, 0x2f,
  0x75, 0x6e, 0x73, 0x74, 0x61, 0x63, 0x6b, 0x39, 0x3b, 0x74, 0x65, 0x61,
  0x63, 0x68, 0x65, 0x72, 0x5f, 0x6c, 0x73, 0x74, 0x6d, 0x2f, 0x6c, 0x73,
  0x74, 0x6d, 0x2f, 0x75, 0x6e, 0x73, 0x74, 0x61, 0x63, 0x6b, 0x31, 0x30,
  0x3b, 0x74, 0x65, 0x61, 0x63, 0x68, 0x65, 0x72, 0x5f, 0x6c, 0x73, 0x74,
  0x6d, 0x2f, 0x6c, 0x73, 0x74, 0x6d, 0x2f, 0x75, 0x6e, 0x73, 0x74, 0x61,
  0x63, 0x6b, 0x31, 0x31, 0x38, 0x00, 0x00, 0x00, 0x02, 0x00, 0x00, 0x00,
  0x01, 0x00, 0x00, 0x00, 0x13, 0x00, 0x00, 0x00, 0x56, 0xec, 0xff, 0xff,
  0x00, 0x00, 0x00, 0x01, 0x18, 0x00, 0x00, 0x00, 0x20, 0x00, 0x00, 0x00,
  0x40, 0x00, 0x00, 0x00, 0x19, 0x00, 0x00, 0x00, 0x00, 0x00, 0x00, 0x09,
  0x80, 0x01, 0x00, 0x00, 0x02, 0x00, 0x00, 0x00, 0xff, 0xff, 0xff, 0xff,
  0x13, 0x00, 0x00, 0x00, 0x3c, 0xec, 0xff, 0xff, 0x08, 0x00, 0x00, 0x00,
  0x14, 0x00, 0x00, 0x00, 0x01, 0x00, 0x00, 0x00, 0x80, 0xff, 0xff, 0xff,
  0xff, 0xff, 0xff, 0xff, 0x00, 0x00, 0x00, 0x00, 0x01, 0x00, 0x00, 0x00,
  0x81, 0x80, 0x80, 0x3b, 0x45, 0x01, 0x00, 0x00, 0x74, 0x65, 0x61, 0x63,
  0x68, 0x65, 0x72, 0x5f, 0x6c, 0x73, 0x74, 0x6d, 0x2f, 0x6c, 0x73, 0x74,
  0x6d, 0x2f, 0x75, 0x6e, 0x73, 0x74, 0x61, 0x63, 0x6b, 0x3b, 0x74, 0x65,
  0x61, 0x63, 0x68, 0x65, 0x72, 0x5f, 0x6c, 0x73, 0x74, 0x6d, 0x2f, 0x6c,
  0x73, 0x74, 0x6d, 0x2f, 0x75, 0x6e, 0x73, 0x74, 0x61, 0x63, 0x6b, 0x31,
  0x3b, 0x74, 0x65, 0x61, 0x63, 0x68, 0x65, 0x72, 0x5f, 0x6c, 0x73, 0x74,
  0x6d, 0x2f, 0x6c, 0x73, 0x74, 0x6d, 0x2f, 0x75, 0x6e, 0x73, 0x74, 0x61,
  0x63, 0x6b, 0x32, 0x3b, 0x74, 0x65, 0x61, 0x63, 0x68, 0x65, 0x72, 0x5f,
  0x6c, 0x73, 0x74, 0x6d, 0x2f, 0x6c, 0x73, 0x74, 0x6d, 0x2f, 0x75, 0x6e,
  0x73, 0x74, 0x61, 0x63, 0x6b, 0x33, 0x3b, 0x74, 0x65, 0x61, 0x63, 0x68,
  0x65, 0x72, 0x5f, 0x6c, 0x73, 0x74, 0x6d, 0x2f, 0x6c, 0x73, 0x74, 0x6d,
  0x2f, 0x75, 0x6e, 0x73, 0x74, 0x61, 0x63, 0x6b, 0x34, 0x3b, 0x74, 0x65,
  0x61, 0x63, 0x68, 0x65, 0x72, 0x5f, 0x6c, 0x73, 0x74, 0x6d, 0x2f, 0x6c,
  0x73, 0x74, 0x6d, 0x2f, 0x75, 0x6e, 0x73, 0x74, 0x61, 0x63, 0x6b, 0x35,
  0x3b, 0x74, 0x65, 0x61, 0x63, 0x68, 0x65, 0x72, 0x5f, 0x6c, 0x73, 0x74,
  0x6d, 0x2f, 0x6c, 0x73, 0x74, 0x6d, 0x2f, 0x75, 0x6e, 0x73, 0x74, 0x61,
  0x63, 0x6b, 0x36, 0x3b, 0x74, 0x65, 0x61, 0x63, 0x68, 0x65, 0x72, 0x5f,
  0x6c, 0x73, 0x74, 0x6d, 0x2f, 0x6c, 0x73, 0x74, 0x6d, 0x2f, 0x75, 0x6e,
  0x73, 0x74, 0x61, 0x63, 0x6b, 0x37, 0x3b, 0x74, 0x65, 0x61, 0x63, 0x68,
  0x65, 0x72, 0x5f, 0x6c, 0x73, 0x74, 0x6d, 0x2f, 0x6c, 0x73, 0x74, 0x6d,
  0x2f, 0x75, 0x6e, 0x73, 0x74, 0x61, 0x63, 0x6b, 0x38, 0x3b, 0x74, 0x65,
  0x61, 0x63, 0x68, 0x65, 0x72, 0x5f, 0x6c, 0x73, 0x74, 0x6d, 0x2f, 0x6c,
  0x73, 0x74, 0x6d, 0x2f, 0x75, 0x6e, 0x73, 0x74, 0x61, 0x63, 0x6b, 0x39,
  0x3b, 0x74, 0x65, 0x61, 0x63, 0x68, 0x65, 0x72, 0x5f, 0x6c, 0x73, 0x74,
  0x6d, 0x2f, 0x6c, 0x73, 0x74, 0x6d, 0x2f, 0x75, 0x6e, 0x73, 0x74, 0x61,
  0x63, 0x6b, 0x31, 0x30, 0x3b, 0x74, 0x65, 0x61, 0x63, 0x68, 0x65, 0x72,
  0x5f, 0x6c, 0x73, 0x74, 0x6d, 0x2f, 0x6c, 0x73, 0x74, 0x6d, 0x2f, 0x75,
  0x6e, 0x73, 0x74, 0x61, 0x63, 0x6b, 0x31, 0x31, 0x37, 0x00, 0x00, 0x00,
  0x02, 0x00, 0x00, 0x00, 0x01, 0x00, 0x00, 0x00, 0x13, 0x00, 0x00, 0x00,
  0xfe, 0xed, 0xff, 0xff, 0x00, 0x00, 0x00, 0x01, 0x18, 0x00, 0x00, 0x00,
  0x20, 0x00, 0x00, 0x00, 0x40, 0x00, 0x00, 0x00, 0x18, 0x00, 0x00, 0x00,
  0x00, 0x00, 0x00, 0x09, 0x80, 0x01, 0x00, 0x00, 0x02, 0x00, 0x00, 0x00,
  0xff, 0xff, 0xff, 0xff, 0x13, 0x00, 0x00, 0x00, 0xe4, 0xed, 0xff, 0xff,
  0x08, 0x00, 0x00, 0x00, 0x14, 0x00, 0x00, 0x00, 0x01, 0x00, 0x00, 0x00,
  0x80, 0xff, 0xff, 0xff, 0xff, 0xff, 0xff, 0xff, 0x00, 0x00, 0x00, 0x00,
  0x01, 0x00, 0x00, 0x00, 0x81, 0x80, 0x80, 0x3b, 0x45, 0x01, 0x00, 0x00,
  0x74, 0x65, 0x61, 0x63, 0x68, 0x65, 0x72, 0x5f, 0x6c, 0x73, 0x74, 0x6d,
  0x2f, 0x6c, 0x73, 0x74, 0x6d, 0x2f, 0x75, 0x6e, 0x73, 0x74, 0x61, 0x63,
  0x6b, 0x3b, 0x74, 0x65, 0x61, 0x63, 0x68, 0x65, 0x72, 0x5f, 0x6c, 0x73,
  0x74, 0x6d, 0x2f, 0x6c, 0x73, 0x74, 0x6d, 0x2f, 0x75, 0x6e, 0x73, 0x74,
  0x61, 0x63, 0x6b, 0x31, 0x3b, 0x74, 0x65, 0x61, 0x63, 0x68, 0x65, 0x72,
  0x5f, 0x6c, 0x73, 0x74, 0x6d, 0x2f, 0x6c, 0x73, 0x74, 0x6d, 0x2f, 0x75,
  0x6e, 0x73, 0x74, 0x61, 0x63, 0x6b, 0x32, 0x3b, 0x74, 0x65, 0x61, 0x63,
  0x68, 0x65, 0x72, 0x5f, 0x6c, 0x73, 0x74, 0x6d, 0x2f, 0x6c, 0x73, 0x74,
  0x6d, 0x2f, 0x75, 0x6e, 0x73, 0x74, 0x61, 0x63, 0x6b, 0x33, 0x3b, 0x74,
  0x65, 0x61, 0x63, 0x68, 0x65, 0x72, 0x5f, 0x6c, 0x73, 0x74, 0x6d, 0x2f,
  0x6c, 0x73, 0x74, 0x6d, 0x2f, 0x75, 0x6e, 0x73, 0x74, 0x61, 0x63, 0x6b,
  0x34, 0x3b, 0x74, 0x65, 0x61, 0x63, 0x68, 0x65, 0x72, 0x5f, 0x6c, 0x73,
  0x74, 0x6d, 0x2f, 0x6c, 0x73, 0x74, 0x6d, 0x2f, 0x75, 0x6e, 0x73, 0x74,
  0x61, 0x63, 0x6b, 0x35, 0x3b, 0x74, 0x65, 0x61, 0x63, 0x68, 0x65, 0x72,
  0x5f, 0x6c, 0x73, 0x74, 0x6d, 0x2f, 0x6c, 0x73, 0x74, 0x6d, 0x2f, 0x75,
  0x6e, 0x73, 0x74, 0x61, 0x63, 0x6b, 0x36, 0x3b, 0x74, 0x65, 0x61, 0x63,
  0x68, 0x65, 0x72, 0x5f, 0x6c, 0x73, 0x74, 0x6d, 0x2f, 0x6c, 0x73, 0x74,
  0x6d, 0x2f, 0x75, 0x6e, 0x73, 0x74, 0x61, 0x63, 0x6b, 0x37, 0x3b, 0x74,
  0x65, 0x61, 0x63, 0x68, 0x65, 0x72, 0x5f, 0x6c, 0x73, 0x74, 0x6d, 0x2f,
  0x6c, 0x73, 0x74, 0x6d, 0x2f, 0x75, 0x6e, 0x73, 0x74, 0x61, 0x63, 0x6b,
  0x38, 0x3b, 0x74, 0x65, 0x61, 0x63, 0x68, 0x65, 0x72, 0x5f, 0x6c, 0x73,
  0x74, 0x6d, 0x2f, 0x6c, 0x73, 0x74, 0x6d, 0x2f, 0x75, 0x6e, 0x73, 0x74,
  0x61, 0x63, 0x6b, 0x39, 0x3b, 0x74, 0x65, 0x61, 0x63, 0x68, 0x65, 0x72,
  0x5f, 0x6c, 0x73, 0x74, 0x6d, 0x2f, 0x6c, 0x73, 0x74, 0x6d, 0x2f, 0x75,
  0x6e, 0x73, 0x74, 0x61, 0x63, 0x6b, 0x31, 0x30, 0x3b, 0x74, 0x65, 0x61,
  0x63, 0x68, 0x65, 0x72, 0x5f, 0x6c, 0x73, 0x74, 0x6d, 0x2f, 0x6c, 0x73,
  0x74, 0x6d, 0x2f, 0x75, 0x6e, 0x73, 0x74, 0x61, 0x63, 0x6b, 0x31, 0x31,
  0x36, 0x00, 0x00, 0x00, 0x02, 0x00, 0x00, 0x00, 0x01, 0x00, 0x00, 0x00,
  0x13, 0x00, 0x00, 0x00, 0xa6, 0xef, 0xff, 0xff, 0x00, 0x00, 0x00, 0x01,
  0x18, 0x00, 0x00, 0x00, 0x20, 0x00, 0x00, 0x00, 0x40, 0x00, 0x00, 0x00,
  0x17, 0x00, 0x00, 0x00, 0x00, 0x00, 0x00, 0x09, 0x80, 0x01, 0x00, 0x00,
  0x02, 0x00, 0x00, 0x00, 0xff, 0xff, 0xff, 0xff, 0x13, 0x00, 0x00, 0x00,
  0x8c, 0xef, 0xff, 0xff, 0x08, 0x00, 0x00, 0x00, 0x14, 0x00, 0x00, 0x00,
  0x01, 0x00, 0x00, 0x00, 0x80, 0xff, 0xff, 0xff, 0xff, 0xff, 0xff, 0xff,
  0x00, 0x00, 0x00, 0x00, 0x01, 0x00, 0x00, 0x00, 0x81, 0x80, 0x80, 0x3b,
  0x45, 0x01, 0x00, 0x00, 0x74, 0x65, 0x61, 0x63, 0x68, 0x65, 0x72, 0x5f,
  0x6c, 0x73, 0x74, 0x6d, 0x2f, 0x6c, 0x73, 0x74, 0x6d, 0x2f, 0x75, 0x6e,
  0x73, 0x74, 0x61, 0x63, 0x6b, 0x3b, 0x74, 0x65, 0x61, 0x63, 0x68, 0x65,
  0x72, 0x5f, 0x6c, 0x73, 0x74, 0x6d, 0x2f, 0x6c, 0x73, 0x74, 0x6d, 0x2f,
  0x75, 0x6e, 0x73, 0x74, 0x61, 0x63, 0x6b, 0x31, 0x3b, 0x74, 0x65, 0x61,
  0x63, 0x68, 0x65, 0x72, 0x5f, 0x6c, 0x73, 0x74, 0x6d, 0x2f, 0x6c, 0x73,
  0x74, 0x6d, 0x2f, 0x75, 0x6e, 0x73, 0x74, 0x61, 0x63, 0x6b, 0x32, 0x3b,
  0x74, 0x65, 0x61, 0x63, 0x68, 0x65, 0x72, 0x5f, 0x6c, 0x73, 0x74, 0x6d,
  0x2f, 0x6c, 0x73, 0x74, 0x6d, 0x2f, 0x75, 0x6e, 0x73, 0x74, 0x61, 0x63,
  0x6b, 0x33, 0x3b, 0x74, 0x65, 0x61, 0x63, 0x68, 0x65, 0x72, 0x5f, 0x6c,
  0x73, 0x74, 0x6d, 0x2f, 0x6c, 0x73, 0x74, 0x6d, 0x2f, 0x75, 0x6e, 0x73,
  0x74, 0x61, 0x63, 0x6b, 0x34, 0x3b, 0x74, 0x65, 0x61, 0x63, 0x68, 0x65,
  0x72, 0x5f, 0x6c, 0x73, 0x74, 0x6d, 0x2f, 0x6c, 0x73, 0x74, 0x6d, 0x2f,
  0x75, 0x6e, 0x73, 0x74, 0x61, 0x63, 0x6b, 0x35, 0x3b, 0x74, 0x65, 0x61,
  0x63, 0x68, 0x65, 0x72, 0x5f, 0x6c, 0x73, 0x74, 0x6d, 0x2f, 0x6c, 0x73,
  0x74, 0x6d, 0x2f, 0x75, 0x6e, 0x73, 0x74, 0x61, 0x63, 0x6b, 0x36, 0x3b,
  0x74, 0x65, 0x61, 0x63, 0x68, 0x65, 0x72, 0x5f, 0x6c, 0x73, 0x74, 0x6d,
  0x2f, 0x6c, 0x73, 0x74, 0x6d, 0x2f, 0x75, 0x6e, 0x73, 0x74, 0x61, 0x63,
  0x6b, 0x37, 0x3b, 0x74, 0x65, 0x61, 0x63, 0x68, 0x65, 0x72, 0x5f, 0x6c,
  0x73, 0x74, 0x6d, 0x2f, 0x6c, 0x73, 0x74, 0x6d, 0x2f, 0x75, 0x6e, 0x73,
  0x74, 0x61, 0x63, 0x6b, 0x38, 0x3b, 0x74, 0x65, 0x61, 0x63, 0x68, 0x65,
  0x72, 0x5f, 0x6c, 0x73, 0x74, 0x6d, 0x2f, 0x6c, 0x73, 0x74, 0x6d, 0x2f,
  0x75, 0x6e, 0x73, 0x74, 0x61, 0x63, 0x6b, 0x39, 0x3b, 0x74, 0x65, 0x61,
  0x63, 0x68, 0x65, 0x72, 0x5f, 0x6c, 0x73, 0x74, 0x6d, 0x2f, 0x6c, 0x73,
  0x74, 0x6d, 0x2f, 0x75, 0x6e, 0x73, 0x74, 0x61, 0x63, 0x6b, 0x31, 0x30,
  0x3b, 0x74, 0x65, 0x61, 0x63, 0x68, 0x65, 0x72, 0x5f, 0x6c, 0x73, 0x74,
  0x6d, 0x2f, 0x6c, 0x73, 0x74, 0x6d, 0x2f, 0x75, 0x6e, 0x73, 0x74, 0x61,
  0x63, 0x6b, 0x31, 0x31, 0x35, 0x00, 0x00, 0x00, 0x02, 0x00, 0x00, 0x00,
  0x01, 0x00, 0x00, 0x00, 0x13, 0x00, 0x00, 0x00, 0x4e, 0xf1, 0xff, 0xff,
  0x00, 0x00, 0x00, 0x01, 0x18, 0x00, 0x00, 0x00, 0x20, 0x00, 0x00, 0x00,
  0x40, 0x00, 0x00, 0x00, 0x16, 0x00, 0x00, 0x00, 0x00, 0x00, 0x00, 0x09,
  0x80, 0x01, 0x00, 0x00, 0x02, 0x00, 0x00, 0x00, 0xff, 0xff, 0xff, 0xff,
  0x13, 0x00, 0x00, 0x00, 0x34, 0xf1, 0xff, 0xff, 0x08, 0x00, 0x00, 0x00,
  0x14, 0x00, 0x00, 0x00, 0x01, 0x00, 0x00, 0x00, 0x80, 0xff, 0xff, 0xff,
  0xff, 0xff, 0xff, 0xff, 0x00, 0x00, 0x00, 0x00, 0x01, 0x00, 0x00, 0x00,
  0x81, 0x80, 0x80, 0x3b, 0x45, 0x01, 0x00, 0x00, 0x74, 0x65, 0x61, 0x63,
  0x68, 0x65, 0x72, 0x5f, 0x6c, 0x73, 0x74, 0x6d, 0x2f, 0x6c, 0x73, 0x74,
  0x6d, 0x2f, 0x75, 0x6e, 0x73, 0x74, 0x61, 0x63, 0x6b, 0x3b, 0x74, 0x65,
  0x61, 0x63, 0x68, 0x65, 0x72, 0x5f, 0x6c, 0x73, 0x74, 0x6d, 0x2f, 0x6c,
  0x73, 0x74, 0x6d, 0x2f, 0x75, 0x6e, 0x73, 0x74, 0x61, 0x63, 0x6b, 0x31,
  0x3b, 0x74, 0x65, 0x61, 0x63, 0x68, 0x65, 0x72, 0x5f, 0x6c, 0x73, 0x74,
  0x6d, 0x2f, 0x6c, 0x73, 0x74, 0x6d, 0x2f, 0x75, 0x6e, 0x73, 0x74, 0x61,
  0x63, 0x6b, 0x32, 0x3b, 0x74, 0x65, 0x61, 0x63, 0x68, 0x65, 0x72, 0x5f,
  0x6c, 0x73, 0x74, 0x6d, 0x2f, 0x6c, 0x73, 0x74, 0x6d, 0x2f, 0x75, 0x6e,
  0x73, 0x74, 0x61, 0x63, 0x6b, 0x33, 0x3b, 0x74, 0x65, 0x61, 0x63, 0x68,
  0x65, 0x72, 0x5f, 0x6c, 0x73, 0x74, 0x6d, 0x2f, 0x6c, 0x73, 0x74, 0x6d,
  0x2f, 0x75, 0x6e, 0x73, 0x74, 0x61, 0x63, 0x6b, 0x34, 0x3b, 0x74, 0x65,
  0x61, 0x63, 0x68, 0x65, 0x72, 0x5f, 0x6c, 0x73, 0x74, 0x6d, 0x2f, 0x6c,
  0x73, 0x74, 0x6d, 0x2f, 0x75, 0x6e, 0x73, 0x74, 0x61, 0x63, 0x6b, 0x35,
  0x3b, 0x74, 0x65, 0x61, 0x63, 0x68, 0x65, 0x72, 0x5f, 0x6c, 0x73, 0x74,
  0x6d, 0x2f, 0x6c, 0x73, 0x74, 0x6d, 0x2f, 0x75, 0x6e, 0x73, 0x74, 0x61,
  0x63, 0x6b, 0x36, 0x3b, 0x74, 0x65, 0x61, 0x63, 0x68, 0x65, 0x72, 0x5f,
  0x6c, 0x73, 0x74, 0x6d, 0x2f, 0x6c, 0x73, 0x74, 0x6d, 0x2f, 0x75, 0x6e,
  0x73, 0x74, 0x61, 0x63, 0x6b, 0x37, 0x3b, 0x74, 0x65, 0x61, 0x63, 0x68,
  0x65, 0x72, 0x5f, 0x6c, 0x73, 0x74, 0x6d, 0x2f, 0x6c, 0x73, 0x74, 0x6d,
  0x2f, 0x75, 0x6e, 0x73, 0x74, 0x61, 0x63, 0x6b, 0x38, 0x3b, 0x74, 0x65,
  0x61, 0x63, 0x68, 0x65, 0x72, 0x5f, 0x6c, 0x73, 0x74, 0x6d, 0x2f, 0x6c,
  0x73, 0x74, 0x6d, 0x2f, 0x75, 0x6e, 0x73, 0x74, 0x61, 0x63, 0x6b, 0x39,
  0x3b, 0x74, 0x65, 0x61, 0x63, 0x68, 0x65, 0x72, 0x5f, 0x6c, 0x73, 0x74,
  0x6d, 0x2f, 0x6c, 0x73, 0x74, 0x6d, 0x2f, 0x75, 0x6e, 0x73, 0x74, 0x61,
  0x63, 0x6b, 0x31, 0x30, 0x3b, 0x74, 0x65, 0x61, 0x63, 0x68, 0x65, 0x72,
  0x5f, 0x6c, 0x73, 0x74, 0x6d, 0x2f, 0x6c, 0x73, 0x74, 0x6d, 0x2f, 0x75,
  0x6e, 0x73, 0x74, 0x61, 0x63, 0x6b, 0x31, 0x31, 0x34, 0x00, 0x00, 0x00,
  0x02, 0x00, 0x00, 0x00, 0x01, 0x00, 0x00, 0x00, 0x13, 0x00, 0x00, 0x00,
  0xf6, 0xf2, 0xff, 0xff, 0x00, 0x00, 0x00, 0x01, 0x18, 0x00, 0x00, 0x00,
  0x20, 0x00, 0x00, 0x00, 0x40, 0x00, 0x00, 0x00, 0x15, 0x00, 0x00, 0x00,
  0x00, 0x00, 0x00, 0x09, 0x80, 0x01, 0x00, 0x00, 0x02, 0x00, 0x00, 0x00,
  0xff, 0xff, 0xff, 0xff, 0x13, 0x00, 0x00, 0x00, 0xdc, 0xf2, 0xff, 0xff,
  0x08, 0x00, 0x00, 0x00, 0x14, 0x00, 0x00, 0x00, 0x01, 0x00, 0x00, 0x00,
  0x80, 0xff, 0xff, 0xff, 0xff, 0xff, 0xff, 0xff, 0x00, 0x00, 0x00, 0x00,
  0x01, 0x00, 0x00, 0x00, 0x81, 0x80, 0x80, 0x3b, 0x45, 0x01, 0x00, 0x00,
  0x74, 0x65, 0x61, 0x63, 0x68, 0x65, 0x72, 0x5f, 0x6c, 0x73, 0x74, 0x6d,
  0x2f, 0x6c, 0x73, 0x74, 0x6d, 0x2f, 0x75, 0x6e, 0x73, 0x74, 0x61, 0x63,
  0x6b, 0x3b, 0x74, 0x65, 0x61, 0x63, 0x68, 0x65, 0x72, 0x5f, 0x6c, 0x73,
  0x74, 0x6d, 0x2f, 0x6c, 0x73, 0x74, 0x6d, 0x2f, 0x75, 0x6e, 0x73, 0x74,
  0x61, 0x63, 0x6b, 0x31, 0x3b, 0x74, 0x65, 0x61, 0x63, 0x68, 0x65, 0x72,
  0x5f, 0x6c, 0x73, 0x74, 0x6d, 0x2f, 0x6c, 0x73, 0x74, 0x6d, 0x2f, 0x75,
  0x6e, 0x73, 0x74, 0x61, 0x63, 0x6b, 0x32, 0x3b, 0x74, 0x65, 0x61, 0x63,
  0x68, 0x65, 0x72, 0x5f, 0x6c, 0x73, 0x74, 0x6d, 0x2f, 0x6c, 0x73, 0x74,
  0x6d, 0x2f, 0x75, 0x6e, 0x73, 0x74, 0x61, 0x63, 0x6b, 0x33, 0x3b, 0x74,
  0x65, 0x61, 0x63, 0x68, 0x65, 0x72, 0x5f, 0x6c, 0x73, 0x74, 0x6d, 0x2f,
  0x6c, 0x73, 0x74, 0x6d, 0x2f, 0x75, 0x6e, 0x73, 0x74, 0x61, 0x63, 0x6b,
  0x34, 0x3b, 0x74, 0x65, 0x61, 0x63, 0x68, 0x65, 0x72, 0x5f, 0x6c, 0x73,
  0x74, 0x6d, 0x2f, 0x6c, 0x73, 0x74, 0x6d, 0x2f, 0x75, 0x6e, 0x73, 0x74,
  0x61, 0x63, 0x6b, 0x35, 0x3b, 0x74, 0x65, 0x61, 0x63, 0x68, 0x65, 0x72,
  0x5f, 0x6c, 0x73, 0x74, 0x6d, 0x2f, 0x6c, 0x73, 0x74, 0x6d, 0x2f, 0x75,
  0x6e, 0x73, 0x74, 0x61, 0x63, 0x6b, 0x36, 0x3b, 0x74, 0x65, 0x61, 0x63,
  0x68, 0x65, 0x72, 0x5f, 0x6c, 0x73, 0x74, 0x6d, 0x2f, 0x6c, 0x73, 0x74,
  0x6d, 0x2f, 0x75, 0x6e, 0x73, 0x74, 0x61, 0x63, 0x6b, 0x37, 0x3b, 0x74,
  0x65, 0x61, 0x63, 0x68, 0x65, 0x72, 0x5f, 0x6c, 0x73, 0x74, 0x6d, 0x2f,
  0x6c, 0x73, 0x74, 0x6d, 0x2f, 0x75, 0x6e, 0x73, 0x74, 0x61, 0x63, 0x6b,
  0x38, 0x3b, 0x74, 0x65, 0x61, 0x63, 0x68, 0x65, 0x72, 0x5f, 0x6c, 0x73,
  0x74, 0x6d, 0x2f, 0x6c, 0x73, 0x74, 0x6d, 0x2f, 0x75, 0x6e, 0x73, 0x74,
  0x61, 0x63, 0x6b, 0x39, 0x3b, 0x74, 0x65, 0x61, 0x63, 0x68, 0x65, 0x72,
  0x5f, 0x6c, 0x73, 0x74, 0x6d, 0x2f, 0x6c, 0x73, 0x74, 0x6d, 0x2f, 0x75,
  0x6e, 0x73, 0x74, 0x61, 0x63, 0x6b, 0x31, 0x30, 0x3b, 0x74, 0x65, 0x61,
  0x63, 0x68, 0x65, 0x72, 0x5f, 0x6c, 0x73, 0x74, 0x6d, 0x2f, 0x6c, 0x73,
  0x74, 0x6d, 0x2f, 0x75, 0x6e, 0x73, 0x74, 0x61, 0x63, 0x6b, 0x31, 0x31,
  0x33, 0x00, 0x00, 0x00, 0x02, 0x00, 0x00, 0x00, 0x01, 0x00, 0x00, 0x00,
  0x13, 0x00, 0x00, 0x00, 0x9e, 0xf4, 0xff, 0xff, 0x00, 0x00, 0x00, 0x01,
  0x18, 0x00, 0x00, 0x00, 0x20, 0x00, 0x00, 0x00, 0x40, 0x00, 0x00, 0x00,
  0x14, 0x00, 0x00, 0x00, 0x00, 0x00, 0x00, 0x09, 0x80, 0x01, 0x00, 0x00,
  0x02, 0x00, 0x00, 0x00, 0xff, 0xff, 0xff, 0xff, 0x13, 0x00, 0x00, 0x00,
  0x84, 0xf4, 0xff, 0xff, 0x08, 0x00, 0x00, 0x00, 0x14, 0x00, 0x00, 0x00,
  0x01, 0x00, 0x00, 0x00, 0x80, 0xff, 0xff, 0xff, 0xff, 0xff, 0xff, 0xff,
  0x00, 0x00, 0x00, 0x00, 0x01, 0x00, 0x00, 0x00, 0x81, 0x80, 0x80, 0x3b,
  0x45, 0x01, 0x00, 0x00, 0x74, 0x65, 0x61, 0x63, 0x68, 0x65, 0x72, 0x5f,
  0x6c, 0x73, 0x74, 0x6d, 0x2f, 0x6c, 0x73, 0x74, 0x6d, 0x2f, 0x75, 0x6e,
  0x73, 0x74, 0x61, 0x63, 0x6b, 0x3b, 0x74, 0x65, 0x61, 0x63, 0x68, 0x65,
  0x72, 0x5f, 0x6c, 0x73, 0x74, 0x6d, 0x2f, 0x6c, 0x73, 0x74, 0x6d, 0x2f,
  0x75, 0x6e, 0x73, 0x74, 0x61, 0x63, 0x6b, 0x31, 0x3b, 0x74, 0x65, 0x61,
  0x63, 0x68, 0x65, 0x72, 0x5f, 0x6c, 0x73, 0x74, 0x6d, 0x2f, 0x6c, 0x73,
  0x74, 0x6d, 0x2f, 0x75, 0x6e, 0x73, 0x74, 0x61, 0x63, 0x6b, 0x32, 0x3b,
  0x74, 0x65, 0x61, 0x63, 0x68, 0x65, 0x72, 0x5f, 0x6c, 0x73, 0x74, 0x6d,
  0x2f, 0x6c, 0x73, 0x74, 0x6d, 0x2f, 0x75, 0x6e, 0x73, 0x74, 0x61, 0x63,
  0x6b, 0x33, 0x3b, 0x74, 0x65, 0x61, 0x63, 0x68, 0x65, 0x72, 0x5f, 0x6c,
  0x73, 0x74, 0x6d, 0x2f, 0x6c, 0x73, 0x74, 0x6d, 0x2f, 0x75, 0x6e, 0x73,
  0x74, 0x61, 0x63, 0x6b, 0x34, 0x3b, 0x74, 0x65, 0x61, 0x63, 0x68, 0x65,
  0x72, 0x5f, 0x6c, 0x73, 0x74, 0x6d, 0x2f, 0x6c, 0x73, 0x74, 0x6d, 0x2f,
  0x75, 0x6e, 0x73, 0x74, 0x61, 0x63, 0x6b, 0x35, 0x3b, 0x74, 0x65, 0x61,
  0x63, 0x68, 0x65, 0x72, 0x5f, 0x6c, 0x73, 0x74, 0x6d, 0x2f, 0x6c, 0x73,
  0x74, 0x6d, 0x2f, 0x75, 0x6e, 0x73, 0x74, 0x61, 0x63, 0x6b, 0x36, 0x3b,
  0x74, 0x65, 0x61, 0x63, 0x68, 0x65, 0x72, 0x5f, 0x6c, 0x73, 0x74, 0x6d,
  0x2f, 0x6c, 0x73, 0x74, 0x6d, 0x2f, 0x75, 0x6e, 0x73, 0x74, 0x61, 0x63,
  0x6b, 0x37, 0x3b, 0x74, 0x65, 0x61, 0x63, 0x68, 0x65, 0x72, 0x5f, 0x6c,
  0x73, 0x74, 0x6d, 0x2f, 0x6c, 0x73, 0x74, 0x6d, 0x2f, 0x75, 0x6e, 0x73,
  0x74, 0x61, 0x63, 0x6b, 0x38, 0x3b, 0x74, 0x65, 0x61, 0x63, 0x68, 0x65,
  0x72, 0x5f, 0x6c, 0x73, 0x74, 0x6d, 0x2f, 0x6c, 0x73, 0x74, 0x6d, 0x2f,
  0x75, 0x6e, 0x73, 0x74, 0x61, 0x63, 0x6b, 0x39, 0x3b, 0x74, 0x65, 0x61,
  0x63, 0x68, 0x65, 0x72, 0x5f, 0x6c, 0x73, 0x74, 0x6d, 0x2f, 0x6c, 0x73,
  0x74, 0x6d, 0x2f, 0x75, 0x6e, 0x73, 0x74, 0x61, 0x63, 0x6b, 0x31, 0x30,
  0x3b, 0x74, 0x65, 0x61, 0x63, 0x68, 0x65, 0x72, 0x5f, 0x6c, 0x73, 0x74,
  0x6d, 0x2f, 0x6c, 0x73, 0x74, 0x6d, 0x2f, 0x75, 0x6e, 0x73, 0x74, 0x61,
  0x63, 0x6b, 0x31, 0x31, 0x32, 0x00, 0x00, 0x00, 0x02, 0x00, 0x00, 0x00,
  0x01, 0x00, 0x00, 0x00, 0x13, 0x00, 0x00, 0x00, 0x46, 0xf6, 0xff, 0xff,
  0x00, 0x00, 0x00, 0x01, 0x18, 0x00, 0x00, 0x00, 0x20, 0x00, 0x00, 0x00,
  0x40, 0x00, 0x00, 0x00, 0x13, 0x00, 0x00, 0x00, 0x00, 0x00, 0x00, 0x09,
  0x80, 0x01, 0x00, 0x00, 0x02, 0x00, 0x00, 0x00, 0xff, 0xff, 0xff, 0xff,
  0x13, 0x00, 0x00, 0x00, 0x2c, 0xf6, 0xff, 0xff, 0x08, 0x00, 0x00, 0x00,
  0x14, 0x00, 0x00, 0x00, 0x01, 0x00, 0x00, 0x00, 0x80, 0xff, 0xff, 0xff,
  0xff, 0xff, 0xff, 0xff, 0x00, 0x00, 0x00, 0x00, 0x01, 0x00, 0x00, 0x00,
  0x81, 0x80, 0x80, 0x3b, 0x45, 0x01, 0x00, 0x00, 0x74, 0x65, 0x61, 0x63,
  0x68, 0x65, 0x72, 0x5f, 0x6c, 0x73, 0x74, 0x6d, 0x2f, 0x6c, 0x73, 0x74,
  0x6d, 0x2f, 0x75, 0x6e, 0x73, 0x74, 0x61, 0x63, 0x6b, 0x3b, 0x74, 0x65,
  0x61, 0x63, 0x68, 0x65, 0x72, 0x5f, 0x6c, 0x73, 0x74, 0x6d, 0x2f, 0x6c,
  0x73, 0x74, 0x6d, 0x2f, 0x75, 0x6e, 0x73, 0x74, 0x61, 0x63, 0x6b, 0x31,
  0x3b, 0x74, 0x65, 0x61, 0x63, 0x68, 0x65, 0x72, 0x5f, 0x6c, 0x73, 0x74,
  0x6d, 0x2f, 0x6c, 0x73, 0x74, 0x6d, 0x2f, 0x75, 0x6e, 0x73, 0x74, 0x61,
  0x63, 0x6b, 0x32, 0x3b, 0x74, 0x65, 0x61, 0x63, 0x68, 0x65, 0x72, 0x5f,
  0x6c, 0x73, 0x74, 0x6d, 0x2f, 0x6c, 0x73, 0x74, 0x6d, 0x2f, 0x75, 0x6e,
  0x73, 0x74, 0x61, 0x63, 0x6b, 0x33, 0x3b, 0x74, 0x65, 0x61, 0x63, 0x68,
  0x65, 0x72, 0x5f, 0x6c, 0x73, 0x74, 0x6d, 0x2f, 0x6c, 0x73, 0x74, 0x6d,
  0x2f, 0x75, 0x6e, 0x73, 0x74, 0x61, 0x63, 0x6b, 0x34, 0x3b, 0x74, 0x65,
  0x61, 0x63, 0x68, 0x65, 0x72, 0x5f, 0x6c, 0x73, 0x74, 0x6d, 0x2f, 0x6c,
  0x73, 0x74, 0x6d, 0x2f, 0x75, 0x6e, 0x73, 0x74, 0x61, 0x63, 0x6b, 0x35,
  0x3b, 0x74, 0x65, 0x61, 0x63, 0x68, 0x65, 0x72, 0x5f, 0x6c, 0x73, 0x74,
  0x6d, 0x2f, 0x6c, 0x73, 0x74, 0x6d, 0x2f, 0x75, 0x6e, 0x73, 0x74, 0x61,
  0x63, 0x6b, 0x36, 0x3b, 0x74, 0x65, 0x61, 0x63, 0x68, 0x65, 0x72, 0x5f,
  0x6c, 0x73, 0x74, 0x6d, 0x2f, 0x6c, 0x73, 0x74, 0x6d, 0x2f, 0x75, 0x6e,
  0x73, 0x74, 0x61, 0x63, 0x6b, 0x37, 0x3b, 0x74, 0x65, 0x61, 0x63, 0x68,
  0x65, 0x72, 0x5f, 0x6c, 0x73, 0x74, 0x6d, 0x2f, 0x6c, 0x73, 0x74, 0x6d,
  0x2f, 0x75, 0x6e, 0x73, 0x74, 0x61, 0x63, 0x6b, 0x38, 0x3b, 0x74, 0x65,
  0x61, 0x63, 0x68, 0x65, 0x72, 0x5f, 0x6c, 0x73, 0x74, 0x6d, 0x2f, 0x6c,
  0x73, 0x74, 0x6d, 0x2f, 0x75, 0x6e, 0x73, 0x74, 0x61, 0x63, 0x6b, 0x39,
  0x3b, 0x74, 0x65, 0x61, 0x63, 0x68, 0x65, 0x72, 0x5f, 0x6c, 0x73, 0x74,
  0x6d, 0x2f, 0x6c, 0x73, 0x74, 0x6d, 0x2f, 0x75, 0x6e, 0x73, 0x74, 0x61,
  0x63, 0x6b, 0x31, 0x30, 0x3b, 0x74, 0x65, 0x61, 0x63, 0x68, 0x65, 0x72,
  0x5f, 0x6c, 0x73, 0x74, 0x6d, 0x2f, 0x6c, 0x73, 0x74, 0x6d, 0x2f, 0x75,
  0x6e, 0x73, 0x74, 0x61, 0x63, 0x6b, 0x31, 0x31, 0x31, 0x00, 0x00, 0x00,
  0x02, 0x00, 0x00, 0x00, 0x01, 0x00, 0x00, 0x00, 0x13, 0x00, 0x00, 0x00,
  0xee, 0xf7, 0xff, 0xff, 0x00, 0x00, 0x00, 0x01, 0x18, 0x00, 0x00, 0x00,
  0x20, 0x00, 0x00, 0x00, 0x3c, 0x00, 0x00, 0x00, 0x12, 0x00, 0x00, 0x00,
  0x00, 0x00, 0x00, 0x09, 0x7c, 0x01, 0x00, 0x00, 0x02, 0x00, 0x00, 0x00,
  0xff, 0xff, 0xff, 0xff, 0x13, 0x00, 0x00, 0x00, 0xd4, 0xf7, 0xff, 0xff,
  0x08, 0x00, 0x00, 0x00, 0x10, 0x00, 0x00, 0x00, 0x01, 0x00, 0x00, 0x00,
  0x80, 0xff, 0xff, 0xff, 0xff, 0xff, 0xff, 0xff, 0x01, 0x00, 0x00, 0x00,
  0x81, 0x80, 0x80, 0x3b, 0x44, 0x01, 0x00, 0x00, 0x74, 0x65, 0x61, 0x63,
  0x68, 0x65, 0x72, 0x5f, 0x6c, 0x73, 0x74, 0x6d, 0x2f, 0x6c, 0x73, 0x74,
  0x6d, 0x2f, 0x75, 0x6e, 0x73, 0x74, 0x61, 0x63, 0x6b, 0x3b, 0x74, 0x65,
  0x61, 0x63, 0x68, 0x65, 0x72, 0x5f, 0x6c, 0x73, 0x74, 0x6d, 0x2f, 0x6c,
  0x73, 0x74, 0x6d, 0x2f, 0x75, 0x6e, 0x73, 0x74, 0x61, 0x63, 0x6b, 0x31,
  0x3b, 0x74, 0x65, 0x61, 0x63, 0x68, 0x65, 0x72, 0x5f, 0x6c, 0x73, 0x74,
  0x6d, 0x2f, 0x6c, 0x73, 0x74, 0x6d, 0x2f, 0x75, 0x6e, 0x73, 0x74, 0x61,
  0x63, 0x6b, 0x32, 0x3b, 0x74, 0x65, 0x61, 0x63, 0x68, 0x65, 0x72, 0x5f,
  0x6c, 0x73, 0x74, 0x6d, 0x2f, 0x6c, 0x73, 0x74, 0x6d, 0x2f, 0x75, 0x6e,
  0x73, 0x74, 0x61, 0x63, 0x6b, 0x33, 0x3b, 0x74, 0x65, 0x61, 0x63, 0x68,
  0x65, 0x72, 0x5f, 0x6c, 0x73, 0x74, 0x6d, 0x2f, 0x6c, 0x73, 0x74, 0x6d,
  0x2f, 0x75, 0x6e, 0x73, 0x74, 0x61, 0x63, 0x6b, 0x34, 0x3b, 0x74, 0x65,
  0x61, 0x63, 0x68, 0x65, 0x72, 0x5f, 0x6c, 0x73, 0x74, 0x6d, 0x2f, 0x6c,
  0x73, 0x74, 0x6d, 0x2f, 0x75, 0x6e, 0x73, 0x74, 0x61, 0x63, 0x6b, 0x35,
  0x3b, 0x74, 0x65, 0x61, 0x63, 0x68, 0x65, 0x72, 0x5f, 0x6c, 0x73, 0x74,
  0x6d, 0x2f, 0x6c, 0x73, 0x74, 0x6d, 0x2f, 0x75, 0x6e, 0x73, 0x74, 0x61,
  0x63, 0x6b, 0x36, 0x3b, 0x74, 0x65, 0x61, 0x63, 0x68, 0x65, 0x72, 0x5f,
  0x6c, 0x73, 0x74, 0x6d, 0x2f, 0x6c, 0x73, 0x74, 0x6d, 0x2f, 0x75, 0x6e,
  0x73, 0x74, 0x61, 0x63, 0x6b, 0x37, 0x3b, 0x74, 0x65, 0x61, 0x63, 0x68,
  0x65, 0x72, 0x5f, 0x6c, 0x73, 0x74, 0x6d, 0x2f, 0x6c, 0x73, 0x74, 0x6d,
  0x2f, 0x75, 0x6e, 0x73, 0x74, 0x61, 0x63, 0x6b, 0x38, 0x3b, 0x74, 0x65,
  0x61, 0x63, 0x68, 0x65, 0x72, 0x5f, 0x6c, 0x73, 0x74, 0x6d, 0x2f, 0x6c,
  0x73, 0x74, 0x6d, 0x2f, 0x75, 0x6e, 0x73, 0x74, 0x61, 0x63, 0x6b, 0x39,
  0x3b, 0x74, 0x65, 0x61, 0x63, 0x68, 0x65, 0x72, 0x5f, 0x6c, 0x73, 0x74,
  0x6d, 0x2f, 0x6c, 0x73, 0x74, 0x6d, 0x2f, 0x75, 0x6e, 0x73, 0x74, 0x61,
  0x63, 0x6b, 0x31, 0x30, 0x3b, 0x74, 0x65, 0x61, 0x63, 0x68, 0x65, 0x72,
  0x5f, 0x6c, 0x73, 0x74, 0x6d, 0x2f, 0x6c, 0x73, 0x74, 0x6d, 0x2f, 0x75,
  0x6e, 0x73, 0x74, 0x61, 0x63, 0x6b, 0x31, 0x31, 0x00, 0x00, 0x00, 0x00,
  0x02, 0x00, 0x00, 0x00, 0x01, 0x00, 0x00, 0x00, 0x13, 0x00, 0x00, 0x00,
  0x92, 0xf9, 0xff, 0xff, 0x00, 0x00, 0x00, 0x01, 0x18, 0x00, 0x00, 0x00,
  0x24, 0x00, 0x00, 0x00, 0x40, 0x00, 0x00, 0x00, 0x11, 0x00, 0x00, 0x00,
  0x00, 0x00, 0x00, 0x09, 0x54, 0x00, 0x00, 0x00, 0x03, 0x00, 0x00, 0x00,
  0x0c, 0x00, 0x00, 0x00, 0xff, 0xff, 0xff, 0xff, 0x13, 0x00, 0x00, 0x00,
  0x7c, 0xf9, 0xff, 0xff, 0x08, 0x00, 0x00, 0x00, 0x10, 0x00, 0x00, 0x00,
  0x01, 0x00, 0x00, 0x00, 0x80, 0xff, 0xff, 0xff, 0xff, 0xff, 0xff, 0xff,
  0x01, 0x00, 0x00, 0x00, 0x81, 0x80, 0x80, 0x3b, 0x1b, 0x00, 0x00, 0x00,
  0x74, 0x65, 0x61, 0x63, 0x68, 0x65, 0x72, 0x5f, 0x6c, 0x73, 0x74, 0x6d,
  0x2f, 0x6c, 0x73, 0x74, 0x6d, 0x2f, 0x74, 0x72, 0x61, 0x6e, 0x73, 0x70,
  0x6f, 0x73, 0x65, 0x00, 0x03, 0x00, 0x00, 0x00, 0x0c, 0x00, 0x00, 0x00,
  0x01, 0x00, 0x00, 0x00, 0x13, 0x00, 0x00, 0x00, 0x82, 0xfa, 0xff, 0xff,
  0x00, 0x00, 0x00, 0x01, 0x14, 0x00, 0x00, 0x00, 0x14, 0x00, 0x00, 0x00,
  0x10, 0x00, 0x00, 0x00, 0x00, 0x00, 0x00, 0x02, 0x2c, 0x00, 0x00, 0x00,
  0x6c, 0xfa, 0xff, 0xff, 0x1f, 0x00, 0x00, 0x00, 0x74, 0x65, 0x61, 0x63,
  0x68, 0x65, 0x72, 0x5f, 0x6c, 0x73, 0x74, 0x6d, 0x2f, 0x6c, 0x73, 0x74,
  0x6d, 0x2f, 0x73, 0x74, 0x72, 0x69, 0x64, 0x65, 0x64, 0x5f, 0x73, 0x6c,
  0x69, 0x63, 0x65, 0x00, 0x00, 0x00, 0x00, 0x00, 0xca, 0xfa, 0xff, 0xff,
  0x00, 0x00, 0x00, 0x01, 0x14, 0x00, 0x00, 0x00, 0x14, 0x00, 0x00, 0x00,
  0x0f, 0x00, 0x00, 0x00, 0x00, 0x00, 0x00, 0x02, 0x24, 0x00, 0x00, 0x00,
  0xb4, 0xfa, 0xff, 0xff, 0x17, 0x00, 0x00, 0x00, 0x74, 0x65, 0x61, 0x63,
  0x68, 0x65, 0x72, 0x5f, 0x6c, 0x73, 0x74, 0x6d, 0x2f, 0x6c, 0x73, 0x74,
  0x6d, 0x2f, 0x53, 0x68, 0x61, 0x70, 0x65, 0x00, 0x01, 0x00, 0x00, 0x00,
  0x03, 0x00, 0x00, 0x00, 0x0e, 0xfb, 0xff, 0xff, 0x00, 0x00, 0x00, 0x01,
  0x14, 0x00, 0x00, 0x00, 0x34, 0x00, 0x00, 0x00, 0x0e, 0x00, 0x00, 0x00,
  0x00, 0x00, 0x00, 0x09, 0x4c, 0x00, 0x00, 0x00, 0x74, 0xfa, 0xff, 0xff,
  0x08, 0x00, 0x00, 0x00, 0x14, 0x00, 0x00, 0x00, 0x01, 0x00, 0x00, 0x00,
  0x00, 0x00, 0x00, 0x00, 0x00, 0x00, 0x00, 0x00, 0x00, 0x00, 0x00, 0x00,
  0x01, 0x00, 0x00, 0x00, 0x7b, 0xbe, 0x06, 0x32, 0x1d, 0x00, 0x00, 0x00,
  0x74, 0x65, 0x61, 0x63, 0x68, 0x65, 0x72, 0x5f, 0x6c, 0x73, 0x74, 0x6d,
  0x2f, 0x6c, 0x73, 0x74, 0x6d, 0x2f, 0x7a, 0x65, 0x72, 0x6f, 0x73, 0x2f,
  0x43, 0x6f, 0x6e, 0x73, 0x74, 0x00, 0x00, 0x00, 0x00, 0x00, 0x00, 0x00,
  0x76, 0xfb, 0xff, 0xff, 0x00, 0x00, 0x00, 0x01, 0x14, 0x00, 0x00, 0x00,
  0x34, 0x00, 0x00, 0x00, 0x0d, 0x00, 0x00, 0x00, 0x00, 0x00, 0x00, 0x09,
  0x54, 0x00, 0x00, 0x00, 0xdc, 0xfa, 0xff, 0xff, 0x08, 0x00, 0x00, 0x00,
  0x14, 0x00, 0x00, 0x00, 0x01, 0x00, 0x00, 0x00, 0x00, 0x00, 0x00, 0x00,
  0x00, 0x00, 0x00, 0x00, 0x00, 0x00, 0x00, 0x00, 0x01, 0x00, 0x00, 0x00,
  0xcc, 0x45, 0x73, 0x3b, 0x25, 0x00, 0x00, 0x00, 0x74, 0x65, 0x61, 0x63,
  0x68, 0x65, 0x72, 0x5f, 0x6c, 0x73, 0x74, 0x6d, 0x2f, 0x6c, 0x73, 0x74,
  0x6d, 0x2f, 0x6c, 0x73, 0x74, 0x6d, 0x5f, 0x63, 0x65, 0x6c, 0x6c, 0x2f,
  0x4d, 0x61, 0x74, 0x4d, 0x75, 0x6c, 0x5f, 0x32, 0x33, 0x00, 0x00, 0x00,
  0x02, 0x00, 0x00, 0x00, 0x60, 0x00, 0x00, 0x00, 0x18, 0x00, 0x00, 0x00,
  0xee, 0xfb, 0xff, 0xff, 0x00, 0x00, 0x00, 0x01, 0x14, 0x00, 0x00, 0x00,
  0x34, 0x00, 0x00, 0x00, 0x0c, 0x00, 0x00, 0x00, 0x00, 0x00, 0x00, 0x09,
  0x54, 0x00, 0x00, 0x00, 0x54, 0xfb, 0xff, 0xff, 0x08, 0x00, 0x00, 0x00,
  0x14, 0x00, 0x00, 0x00, 0x01, 0x00, 0x00, 0x00, 0x00, 0x00, 0x00, 0x00,
  0x00, 0x00, 0x00, 0x00, 0x00, 0x00, 0x00, 0x00, 0x01, 0x00, 0x00, 0x00,
  0xaf, 0x37, 0x95, 0x3b, 0x24, 0x00, 0x00, 0x00, 0x74, 0x65, 0x61, 0x63,
  0x68, 0x65, 0x72, 0x5f, 0x6c, 0x73, 0x74, 0x6d, 0x2f, 0x6c, 0x73, 0x74,
  0x6d, 0x2f, 0x6c, 0x73, 0x74, 0x6d, 0x5f, 0x63, 0x65, 0x6c, 0x6c, 0x2f,
  0x4d, 0x61, 0x74, 0x4d, 0x75, 0x6c, 0x5f, 0x38, 0x00, 0x00, 0x00, 0x00,
  0x02, 0x00, 0x00, 0x00, 0x60, 0x00, 0x00, 0x00, 0x13, 0x00, 0x00, 0x00,
  0x66, 0xfc, 0xff, 0xff, 0x00, 0x00, 0x00, 0x01, 0x14, 0x00, 0x00, 0x00,
  0x34, 0x00, 0x00, 0x00, 0x0b, 0x00, 0x00, 0x00, 0x00, 0x00, 0x00, 0x09,
  0x60, 0x00, 0x00, 0x00, 0xcc, 0xfb, 0xff, 0xff, 0x08, 0x00, 0x00, 0x00,
  0x14, 0x00, 0x00, 0x00, 0x01, 0x00, 0x00, 0x00, 0x8f, 0xff, 0xff, 0xff,
  0xff, 0xff, 0xff, 0xff, 0x00, 0x00, 0x00, 0x00, 0x01, 0x00, 0x00, 0x00,
  0x4c, 0x8e, 0x9c, 0x3b, 0x32, 0x00, 0x00, 0x00, 0x74, 0x65, 0x61, 0x63,
  0x68, 0x65, 0x72, 0x5f, 0x6c, 0x73, 0x74, 0x6d, 0x2f, 0x6c, 0x73, 0x74,
  0x6d, 0x2f, 0x6c, 0x73, 0x74, 0x6d, 0x5f, 0x63, 0x65, 0x6c, 0x6c, 0x2f,
  0x42, 0x69, 0x61, 0x73, 0x41, 0x64, 0x64, 0x2f, 0x52, 0x65, 0x61, 0x64,
  0x56, 0x61, 0x72, 0x69, 0x61, 0x62, 0x6c, 0x65, 0x4f, 0x70, 0x00, 0x00,
  0x01, 0x00, 0x00, 0x00, 0x60, 0x00, 0x00, 0x00, 0xe6, 0xfc, 0xff, 0xff,
  0x00, 0x00, 0x00, 0x01, 0x14, 0x00, 0x00, 0x00, 0x34, 0x00, 0x00, 0x00,
  0x0a, 0x00, 0x00, 0x00, 0x00, 0x00, 0x00, 0x09, 0x4c, 0x00, 0x00, 0x00,
  0x4c, 0xfc, 0xff, 0xff, 0x08, 0x00, 0x00, 0x00, 0x14, 0x00, 0x00, 0x00,
  0x01, 0x00, 0x00, 0x00, 0x00, 0x00, 0x00, 0x00, 0x00, 0x00, 0x00, 0x00,
  0x00, 0x00, 0x00, 0x00, 0x01, 0x00, 0x00, 0x00, 0x56, 0xba, 0xb7, 0x3b,
  0x1e, 0x00, 0x00, 0x00, 0x74, 0x65, 0x61, 0x63, 0x68, 0x65, 0x72, 0x5f,
  0x6c, 0x73, 0x74, 0x6d, 0x2f, 0x64, 0x65, 0x6e, 0x73, 0x65, 0x5f, 0x72,
  0x65, 0x6c, 0x75, 0x2f, 0x4d, 0x61, 0x74, 0x4d, 0x75, 0x6c, 0x00, 0x00,
  0x02, 0x00, 0x00, 0x00, 0x18, 0x00, 0x00, 0x00, 0x18, 0x00, 0x00, 0x00,
  0x56, 0xfd, 0xff, 0xff, 0x00, 0x00, 0x00, 0x01, 0x14, 0x00, 0x00, 0x00,
  0x30, 0x00, 0x00, 0x00, 0x09, 0x00, 0x00, 0x00, 0x00, 0x00, 0x00, 0x02,
  0x58, 0x00, 0x00, 0x00, 0xbc, 0xfc, 0xff, 0xff, 0x08, 0x00, 0x00, 0x00,
  0x10, 0x00, 0x00, 0x00, 0x01, 0x00, 0x00, 0x00, 0x00, 0x00, 0x00, 0x00,
  0x00, 0x00, 0x00, 0x00, 0x01, 0x00, 0x00, 0x00, 0x8b, 0xe6, 0x20, 0x38,
  0x2e, 0x00, 0x00, 0x00, 0x74, 0x65, 0x61, 0x63, 0x68, 0x65, 0x72, 0x5f,
  0x6c, 0x73, 0x74, 0x6d, 0x2f, 0x64, 0x65, 0x6e, 0x73, 0x65, 0x5f, 0x72,
  0x65, 0x6c, 0x75, 0x2f, 0x42, 0x69, 0x61, 0x73, 0x41, 0x64, 0x64, 0x2f,
  0x52, 0x65, 0x61, 0x64, 0x56, 0x61, 0x72, 0x69, 0x61, 0x62, 0x6c, 0x65,
  0x4f, 0x70, 0x00, 0x00, 0x01, 0x00, 0x00, 0x00, 0x18, 0x00, 0x00, 0x00,
  0xce, 0xfd, 0xff, 0xff, 0x00, 0x00, 0x00, 0x01, 0x14, 0x00, 0x00, 0x00,
  0x30, 0x00, 0x00, 0x00, 0x08, 0x00, 0x00, 0x00, 0x00, 0x00, 0x00, 0x09,
  0x4c, 0x00, 0x00, 0x00, 0x34, 0xfd, 0xff, 0xff, 0x08, 0x00, 0x00, 0x00,
  0x10, 0x00, 0x00, 0x00, 0x01, 0x00, 0x00, 0x00, 0x00, 0x00, 0x00, 0x00,
  0x00, 0x00, 0x00, 0x00, 0x01, 0x00, 0x00, 0x00, 0x28, 0x8a, 0x0e, 0x3c,
  0x22, 0x00, 0x00, 0x00, 0x74, 0x65, 0x61, 0x63, 0x68, 0x65, 0x72, 0x5f,
  0x6c, 0x73, 0x74, 0x6d, 0x2f, 0x73, 0x63, 0x61, 0x6c, 0x65, 0x64, 0x5f,
  0x6f, 0x75, 0x74, 0x70, 0x75, 0x74, 0x73, 0x2f, 0x4d, 0x61, 0x74, 0x4d,
  0x75, 0x6c, 0x00, 0x00, 0x02, 0x00, 0x00, 0x00, 0x03, 0x00, 0x00, 0x00,
  0x18, 0x00, 0x00, 0x00, 0x3e, 0xfe, 0xff, 0xff, 0x00, 0x00, 0x00, 0x01,
  0x14, 0x00, 0x00, 0x00, 0x30, 0x00, 0x00, 0x00, 0x07, 0x00, 0x00, 0x00,
  0x00, 0x00, 0x00, 0x02, 0x5c, 0x00, 0x00, 0x00, 0xa4, 0xfd, 0xff, 0xff,
  0x08, 0x00, 0x00, 0x00, 0x10, 0x00, 0x00, 0x00, 0x01, 0x00, 0x00, 0x00,
  0x00, 0x00, 0x00, 0x00, 0x00, 0x00, 0x00, 0x00, 0x01, 0x00, 0x00, 0x00,
  0x9a, 0x82, 0xb8, 0x38, 0x32, 0x00, 0x00, 0x00, 0x74, 0x65, 0x61, 0x63,
  0x68, 0x65, 0x72, 0x5f, 0x6c, 0x73, 0x74, 0x6d, 0x2f, 0x73, 0x63, 0x61,
  0x6c, 0x65, 0x64, 0x5f, 0x6f, 0x75, 0x74, 0x70, 0x75, 0x74, 0x73, 0x2f,
  0x42, 0x69, 0x61, 0x73, 0x41, 0x64, 0x64, 0x2f, 0x52, 0x65, 0x61, 0x64,
  0x56, 0x61, 0x72, 0x69, 0x61, 0x62, 0x6c, 0x65, 0x4f, 0x70, 0x00, 0x00,
  0x01, 0x00, 0x00, 0x00, 0x03, 0x00, 0x00, 0x00, 0xba, 0xfe, 0xff, 0xff,
  0x00, 0x00, 0x00, 0x01, 0x14, 0x00, 0x00, 0x00, 0x14, 0x00, 0x00, 0x00,
  0x03, 0x00, 0x00, 0x00, 0x00, 0x00, 0x00, 0x02, 0x38, 0x00, 0x00, 0x00,
  0xa4, 0xfe, 0xff, 0xff, 0x2b, 0x00, 0x00, 0x00, 0x74, 0x65, 0x61, 0x63,
  0x68, 0x65, 0x72, 0x5f, 0x6c, 0x73, 0x74, 0x6d, 0x2f, 0x6c, 0x73, 0x74,
  0x6d, 0x2f, 0x6c, 0x73, 0x74, 0x6d, 0x5f, 0x63, 0x65, 0x6c, 0x6c, 0x2f,
  0x73, 0x70, 0x6c, 0x69, 0x74, 0x2f, 0x73, 0x70, 0x6c, 0x69, 0x74, 0x5f,
  0x64, 0x69, 0x6d, 0x00, 0x00, 0x00, 0x00, 0x00, 0x0e, 0xff, 0xff, 0xff,
  0x00, 0x00, 0x00, 0x01, 0x14, 0x00, 0x00, 0x00, 0x14, 0x00, 0x00, 0x00,
  0x05, 0x00, 0x00, 0x00, 0x00, 0x00, 0x00, 0x02, 0x30, 0x00, 0x00, 0x00,
  0xf8, 0xfe, 0xff, 0xff, 0x20, 0x00, 0x00, 0x00, 0x74, 0x65, 0x61, 0x63,
  0x68, 0x65, 0x72, 0x5f, 0x6c, 0x73, 0x74, 0x6d, 0x2f, 0x6c, 0x73, 0x74,
  0x6d, 0x2f, 0x7a, 0x65, 0x72, 0x6f, 0x73, 0x2f, 0x70, 0x61, 0x63, 0x6b,
  0x65, 0x64, 0x2f, 0x31, 0x00, 0x00, 0x00, 0x00, 0x00, 0x00, 0x00, 0x00,
  0x5a, 0xff, 0xff, 0xff, 0x00, 0x00, 0x00, 0x01, 0x14, 0x00, 0x00, 0x00,
  0x14, 0x00, 0x00, 0x00, 0x04, 0x00, 0x00, 0x00, 0x00, 0x00, 0x00, 0x02,
  0x30, 0x00, 0x00, 0x00, 0x44, 0xff, 0xff, 0xff, 0x20, 0x00, 0x00, 0x00,
  0x74, 0x65, 0x61, 0x63, 0x68, 0x65, 0x72, 0x5f, 0x6c, 0x73, 0x74, 0x6d,
  0x2f, 0x6c, 0x73, 0x74, 0x6d, 0x2f, 0x74, 0x72, 0x61, 0x6e, 0x73, 0x70,
  0x6f, 0x73, 0x65, 0x2f, 0x70, 0x65, 0x72, 0x6d, 0x00, 0x00, 0x00, 0x00,
  0x01, 0x00, 0x00, 0x00, 0x03, 0x00, 0x00, 0x00, 0xaa, 0xff, 0xff, 0xff,
  0x00, 0x00, 0x00, 0x01, 0x14, 0x00, 0x00, 0x00, 0x14, 0x00, 0x00, 0x00,
  0x03, 0x00, 0x00, 0x00, 0x00, 0x00, 0x00, 0x02, 0x34, 0x00, 0x00, 0x00,
  0x94, 0xff, 0xff, 0xff, 0x27, 0x00, 0x00, 0x00, 0x74, 0x65, 0x61, 0x63,
  0x68, 0x65, 0x72, 0x5f, 0x6c, 0x73, 0x74, 0x6d, 0x2f, 0x6c, 0x73, 0x74,
  0x6d, 0x2f, 0x73, 0x74, 0x72, 0x69, 0x64, 0x65, 0x64, 0x5f, 0x73, 0x6c,
  0x69, 0x63, 0x65, 0x2f, 0x73, 0x74, 0x61, 0x63, 0x6b, 0x5f, 0x31, 0x00,
  0x01, 0x00, 0x00, 0x00, 0x01, 0x00, 0x00, 0x00, 0x00, 0x00, 0x16, 0x00,
  0x1c, 0x00, 0x18, 0x00, 0x17, 0x00, 0x10, 0x00, 0x0c, 0x00, 0x08, 0x00,
  0x00, 0x00, 0x00, 0x00, 0x00, 0x00, 0x07, 0x00, 0x16, 0x00, 0x00, 0x00,
  0x00, 0x00, 0x00, 0x01, 0x18, 0x00, 0x00, 0x00, 0x18, 0x00, 0x00, 0x00,
  0x02, 0x00, 0x00, 0x00, 0x00, 0x00, 0x00, 0x02, 0x38, 0x00, 0x00, 0x00,
  0x04, 0x00, 0x04, 0x00, 0x04, 0x00, 0x00, 0x00, 0x25, 0x00, 0x00, 0x00,
  0x74, 0x65, 0x61, 0x63, 0x68, 0x65, 0x72, 0x5f, 0x6c, 0x73, 0x74, 0x6d,
  0x2f, 0x6c, 0x73, 0x74, 0x6d, 0x2f, 0x73, 0x74, 0x72, 0x69, 0x64, 0x65,
  0x64, 0x5f, 0x73, 0x6c, 0x69, 0x63, 0x65, 0x2f, 0x73, 0x74, 0x61, 0x63,
  0x6b, 0x00, 0x00, 0x00, 0x01, 0x00, 0x00, 0x00, 0x01, 0x00, 0x00, 0x00,
  0x00, 0x00, 0x16, 0x00, 0x20, 0x00, 0x1c, 0x00, 0x1b, 0x00, 0x14, 0x00,
  0x10, 0x00, 0x0c, 0x00, 0x00, 0x00, 0x00, 0x00, 0x08, 0x00, 0x07, 0x00,
  0x16, 0x00, 0x00, 0x00, 0x00, 0x00, 0x00, 0x01, 0x18, 0x00, 0x00, 0x00,
  0x30, 0x00, 0x00, 0x00, 0x50, 0x00, 0x00, 0x00, 0x01, 0x00, 0x00, 0x00,
  0x00, 0x00, 0x00, 0x09, 0x6c, 0x00, 0x00, 0x00, 0x03, 0x00, 0x00, 0x00,
  0xff, 0xff, 0xff, 0xff, 0x0c, 0x00, 0x00, 0x00, 0x13, 0x00, 0x00, 0x00,
  0x0c, 0x00, 0x0c, 0x00, 0x00, 0x00, 0x00, 0x00, 0x08, 0x00, 0x04, 0x00,
  0x0c, 0x00, 0x00, 0x00, 0x08, 0x00, 0x00, 0x00, 0x14, 0x00, 0x00, 0x00,
  0x01, 0x00, 0x00, 0x00, 0x80, 0xff, 0xff, 0xff, 0xff, 0xff, 0xff, 0xff,
  0x00, 0x00, 0x00, 0x00, 0x01, 0x00, 0x00, 0x00, 0x81, 0x80, 0x80, 0x3b,
  0x21, 0x00, 0x00, 0x00, 0x73, 0x65, 0x72, 0x76, 0x69, 0x6e, 0x67, 0x5f,
  0x64, 0x65, 0x66, 0x61, 0x75, 0x6c, 0x74, 0x5f, 0x65, 0x6e, 0x65, 0x72,
  0x67, 0x79, 0x5f, 0x73, 0x65, 0x71, 0x75, 0x65, 0x6e, 0x63, 0x65, 0x3a,
  0x30, 0x00, 0x00, 0x00, 0x03, 0x00, 0x00, 0x00, 0x01, 0x00, 0x00, 0x00,
  0x0c, 0x00, 0x00, 0x00, 0x13, 0x00, 0x00, 0x00, 0x0c, 0x00, 0x00, 0x00,
  0xfc, 0x00, 0x00, 0x00, 0xe0, 0x00, 0x00, 0x00, 0xcc, 0x00, 0x00, 0x00,
  0xac, 0x00, 0x00, 0x00, 0x9c, 0x00, 0x00, 0x00, 0x88, 0x00, 0x00, 0x00,
  0x74, 0x00, 0x00, 0x00, 0x68, 0x00, 0x00, 0x00, 0x4c, 0x00, 0x00, 0x00,
  0x2c, 0x00, 0x00, 0x00, 0x18, 0x00, 0x00, 0x00, 0x04, 0x00, 0x00, 0x00,
  0x68, 0xff, 0xff, 0xff, 0x1c, 0x00, 0x00, 0x00, 0x02, 0x00, 0x00, 0x00,
  0x00, 0x00, 0x00, 0x1c, 0x78, 0xff, 0xff, 0xff, 0x12, 0x00, 0x00, 0x00,
  0x02, 0x00, 0x00, 0x00, 0x00, 0x00, 0x00, 0x12, 0x88, 0xff, 0xff, 0xff,
  0x0e, 0x00, 0x00, 0x00, 0x02, 0x00, 0x00, 0x00, 0x00, 0x00, 0x00, 0x0e,
  0x0c, 0x00, 0x0e, 0x00, 0x0d, 0x00, 0x00, 0x00, 0x08, 0x00, 0x04, 0x00,
  0x0c, 0x00, 0x00, 0x00, 0x31, 0x00, 0x00, 0x00, 0x02, 0x00, 0x00, 0x00,
  0x00, 0x31, 0x0a, 0x00, 0x08, 0x00, 0x00, 0x00, 0x00, 0x00, 0x04, 0x00,
  0x0a, 0x00, 0x00, 0x00, 0x02, 0x00, 0x00, 0x00, 0xc4, 0xff, 0xff, 0xff,
  0x09, 0x00, 0x00, 0x00, 0x04, 0x00, 0x00, 0x00, 0x00, 0x00, 0x00, 0x09,
  0xd4, 0xff, 0xff, 0xff, 0x5e, 0x00, 0x00, 0x00, 0x03, 0x00, 0x00, 0x00,
  0x00, 0x00, 0x00, 0x5e, 0xbc, 0xff, 0xff, 0xff, 0x53, 0x00, 0x00, 0x00,
  0x00, 0x00, 0x00, 0x53, 0xf0, 0xff, 0xff, 0xff, 0x58, 0x00, 0x00, 0x00,
  0x02, 0x00, 0x00, 0x00, 0x00, 0x00, 0x00, 0x58, 0x0c, 0x00, 0x10, 0x00,
  0x0f, 0x00, 0x00, 0x00, 0x08, 0x00, 0x04, 0x00, 0x0c, 0x00, 0x00, 0x00,
  0x27, 0x00, 0x00, 0x00, 0x02, 0x00, 0x00, 0x00, 0x00, 0x00, 0x00, 0x27,
  0xf4, 0xff, 0xff, 0xff, 0x2d, 0x00, 0x00, 0x00, 0x00, 0x00, 0x00, 0x2d,
  0x0c, 0x00, 0x0c, 0x00, 0x0b, 0x00, 0x00, 0x00, 0x00, 0x00, 0x04, 0x00,
  0x0c, 0x00, 0x00, 0x00, 0x4d, 0x00, 0x00, 0x00, 0x00, 0x00, 0x00, 0x4d,
};
