record_type,tick_ms,scene_raw,lux,pv_ok,pv_v,pv_i,pv_p,home_ok,home_v,home_i,home_p,home_soc,load_ok,load_v,load_i,load_p,car_soc,s3_valid,s3_v,s3_soc,s3_state,pvsrc,hsrc,rigid,led,fan,qi,hchg,cchg,v2h,scene_id,scene_label,source_file,real_elapsed_s,real_hour,real_hour_sin,real_hour_cos,real_duration_h,home_soc_raw,human_soc,pv_surplus_w
DATA,40098,0,62.500000,1,0.660000,0.000000,0.000000,1,7.842000,0.011000,0.086262,80.125000,1,4.841000,0.187000,0.905267,68,1,3.885000,64.100000,0,0,1,1,0,0,0,0,0,0,1,T1_night_no_pv,场景12.CSV,222.680412,0.061856,0.016193,0.999869,6.000000,80.000000,64.100000,-0.905267
DATA,50134,0,62.500000,1,0.660000,0.000000,0.000000,1,7.841000,0.011000,0.086251,80.062500,1,4.841000,0.187000,0.905267,68,1,3.885000,64.100000,0,0,1,1,0,0,0,0,0,0,1,T1_night_no_pv,场景12.CSV,296.907216,0.082474,0.021590,0.999767,6.000000,80.000000,64.100000,-0.905267
DATA,60182,0,62.500000,1,0.661000,0.000000,0.000000,1,7.840000,0.011000,0.086240,80.000000,1,4.842000,0.188000,0.910296,68,1,3.885000,64.100000,0,0,1,1,0,0,0,0,0,0,1,T1_night_no_pv,场景12.CSV,371.134021,0.103093,0.026986,0.999636,6.000000,80.000000,64.100000,-0.910296
DATA,70215,0,62.500000,1,0.661000,0.000000,0.000000,1,7.837000,0.011000,0.086207,79.812500,1,4.842000,0.188000,0.910296,68,1,3.885000,64.100000,0,0,1,1,0,0,0,0,0,0,1,T1_night_no_pv,场景12.CSV,445.360825,0.123711,0.032382,0.999476,6.000000,80.000000,64.100000,-0.910296
DATA,80237,0,62.500000,1,0.662000,0.000000,0.000000,1,7.835000,0.011000,0.086185,79.687500,1,4.843000,0.188000,0.910484,68,1,3.885000,64.100000,0,0,1,1,0,0,0,0,0,0,1,T1_night_no_pv,场景12.CSV,519.587629,0.144330,0.037776,0.999286,6.000000,80.000000,64.100000,-0.910484
DATA,90237,0,62.500000,1,0.662000,0.000000,0.000000,1,7.835000,0.011000,0.086185,79.687500,1,4.843000,0.188000,0.910484,68,1,3.885000,64.100000,0,0,1,1,0,0,0,0,0,0,1,T1_night_no_pv,场景12.CSV,593.814433,0.164948,0.043170,0.999068,6.000000,80.000000,64.100000,-0.910484
DATA,100270,0,53.300000,1,0.662000,0.000000,0.000000,1,7.833000,0.011000,0.086163,79.562500,1,4.843000,0.188000,0.910484,68,1,3.885000,64.100000,0,0,1,1,0,0,0,0,0,0,1,T1_night_no_pv,场景12.CSV,668.041237,0.185567,0.048562,0.998820,6.000000,80.000000,64.100000,-0.910484
DATA,110290,0,60.800000,1,0.662000,0.000000,0.000000,1,7.831000,0.011000,0.086141,79.437500,1,4.843000,0.188000,0.910484,68,1,3.884000,64.100000,0,0,1,1,0,0,0,0,0,0,1,T1_night_no_pv,场景12.CSV,742.268041,0.206186,0.053953,0.998543,6.000000,80.000000,64.100000,-0.910484
DATA,120329,0,27.500000,1,0.661000,0.000000,0.000000,1,7.829000,0.011000,0.086119,79.312500,1,4.843000,0.188000,0.910484,68,1,3.884000,64.100000,0,0,1,1,0,0,0,0,0,0,1,T1_night_no_pv,场景12.CSV,816.494845,0.226804,0.059342,0.998238,6.000000,80.000000,64.100000,-0.910484
DATA,130331,0,62.500000,1,0.662000,0.000000,0.000000,1,7.827000,0.011000,0.086097,79.187500,1,4.843000,0.188000,0.910484,68,1,3.884000,64.100000,0,0,1,1,0,0,0,0,0,0,1,T1_night_no_pv,场景12.CSV,890.721649,0.247423,0.064730,0.997903,6.000000,80.000000,64.100000,-0.910484
DATA,140344,0,62.500000,1,0.662000,0.000000,0.000000,1,7.826000,0.011000,0.086086,79.125000,1,4.843000,0.188000,0.910484,68,1,3.884000,64.100000,0,0,1,1,0,0,0,0,0,0,1,T1_night_no_pv,场景12.CSV,964.948454,0.268041,0.070115,0.997539,6.000000,80.000000,64.100000,-0.910484
DATA,150387,0,61.700000,1,0.662000,0.000000,0.000000,1,7.824000,0.011000,0.086064,79.000000,1,4.843000,0.188000,0.910484,68,1,3.882000,64.000000,0,0,1,1,0,0,0,0,0,0,1,T1_night_no_pv,场景12.CSV,1039.175258,0.288660,0.075499,0.997146,6.000000,80.000000,64.000000,-0.910484
DATA,160389,0,26.700000,1,0.661000,0.000000,0.000000,1,7.821000,0.011000,0.086031,78.812500,1,4.843000,0.188000,0.910484,68,1,3.882000,64.000000,0,0,1,1,0,0,0,0,0,0,1,T1_night_no_pv,场景12.CSV,1113.402062,0.309278,0.080880,0.996724,6.000000,80.000000,64.000000,-0.910484
DATA,170416,0,62.500000,1,0.662000,0.000000,0.000000,1,7.820000,0.011000,0.086020,78.750000,1,4.843000,0.188000,0.910484,68,1,3.882000,64.000000,0,0,1,1,0,0,0,0,0,0,1,T1_night_no_pv,场景12.CSV,1187.628866,0.329897,0.086259,0.996273,6.000000,80.000000,64.000000,-0.910484
DATA,180423,0,40.800000,1,0.662000,0.000000,0.000000,1,7.818000,0.011000,0.085998,78.625000,1,4.843000,0.188000,0.910484,68,1,3.882000,64.000000,0,0,1,1,0,0,0,0,0,0,1,T1_night_no_pv,场景12.CSV,1261.855670,0.350515,0.091636,0.995793,6.000000,80.000000,64.000000,-0.910484
DATA,190440,0,45.800000,1,0.662000,0.000000,0.000000,1,7.817000,0.011000,0.085987,78.562500,1,4.844000,0.188000,0.910672,68,1,3.882000,64.000000,0,0,1,1,0,0,0,0,0,0,1,T1_night_no_pv,场景12.CSV,1336.082474,0.371134,0.097010,0.995283,6.000000,80.000000,64.000000,-0.910672
DATA,200475,0,63.300000,1,0.662000,0.000000,0.000000,1,7.818000,0.011000,0.085998,78.625000,1,4.843000,0.188000,0.910484,68,1,3.881000,64.000000,0,0,1,1,0,0,0,0,0,0,1,T1_night_no_pv,场景12.CSV,1410.309278,0.391753,0.102381,0.994745,6.000000,80.000000,64.000000,-0.910484
DATA,210506,0,63.300000,1,0.662000,0.000000,0.000000,1,7.815000,0.011000,0.085965,78.437500,1,4.844000,0.188000,0.910672,68,1,3.881000,64.000000,0,0,1,1,0,0,0,0,0,0,1,T1_night_no_pv,场景12.CSV,1484.536082,0.412371,0.107749,0.994178,6.000000,80.000000,64.000000,-0.910672
DATA,220534,0,63.300000,1,0.662000,0.000000,0.000000,1,7.814000,0.011000,0.085954,78.375000,1,4.844000,0.189000,0.915516,68,1,3.880000,64.000000,0,0,1,1,0,0,0,0,0,0,1,T1_night_no_pv,场景12.CSV,1558.762887,0.432990,0.113114,0.993582,6.000000,80.000000,64.000000,-0.915516
DATA,230560,0,63.300000,1,0.663000,0.000000,0.000000,1,7.812000,0.011000,0.085932,78.250000,1,4.845000,0.189000,0.915705,68,1,3.880000,64.000000,0,0,1,1,0,0,0,0,0,0,1,T1_night_no_pv,场景12.CSV,1632.989691,0.453608,0.118475,0.992957,6.000000,80.000000,64.000000,-0.915705
DATA,240599,0,63.300000,1,0.663000,0.000000,0.000000,1,7.811000,0.011000,0.085921,78.187500,1,4.845000,0.189000,0.915705,68,1,3.880000,64.000000,0,0,1,1,0,0,0,0,0,0,1,T1_night_no_pv,场景12.CSV,1707.216495,0.474227,0.123834,0.992303,6.000000,80.000000,64.000000,-0.915705
DATA,250614,0,63.300000,1,0.662000,0.000000,0.000000,1,7.810000,0.011000,0.085910,78.125000,1,4.844000,0.189000,0.915516,68,1,3.880000,64.000000,0,0,1,1,0,0,0,0,0,0,1,T1_night_no_pv,场景12.CSV,1781.443299,0.494845,0.129188,0.991620,6.000000,80.000000,64.000000,-0.915516
DATA,260637,0,63.300000,1,0.662000,0.000000,0.000000,1,7.809000,0.011000,0.085899,78.062500,1,4.844000,0.189000,0.915516,68,1,3.880000,63.800000,0,0,1,1,0,0,0,0,0,0,1,T1_night_no_pv,场景12.CSV,1855.670103,0.515464,0.134539,0.990908,6.000000,80.000000,63.800000,-0.915516
DATA,270664,0,63.300000,1,0.664000,0.000000,0.000000,1,7.807000,0.011000,0.085877,77.937500,1,4.844000,0.189000,0.915516,68,1,3.880000,63.800000,0,0,1,1,0,0,0,0,0,0,1,T1_night_no_pv,场景12.CSV,1929.896907,0.536082,0.139886,0.990168,6.000000,80.000000,63.800000,-0.915516
DATA,280679,0,63.300000,1,0.663000,0.000000,0.000000,1,7.806000,0.011000,0.085866,77.875000,1,4.844000,0.189000,0.915516,68,1,3.880000,63.800000,0,0,1,1,0,0,0,0,0,0,1,T1_night_no_pv,场景12.CSV,2004.123711,0.556701,0.145229,0.989398,6.000000,80.000000,63.800000,-0.915516
DATA,290718,0,63.300000,1,0.662000,0.000000,0.000000,1,7.804000,0.011000,0.085844,77.750000,1,4.844000,0.189000,0.915516,68,1,3.880000,63.800000,0,0,1,1,0,0,0,0,0,0,1,T1_night_no_pv,场景12.CSV,2078.350515,0.577320,0.150567,0.988600,6.000000,80.000000,63.800000,-0.915516
DATA,300729,0,63.300000,1,0.663000,0.000000,0.000000,1,7.803000,0.011000,0.085833,77.687500,1,4.844000,0.189000,0.915516,68,1,3.880000,63.800000,0,0,1,1,0,0,0,0,0,0,1,T1_night_no_pv,场景12.CSV,2152.577320,0.597938,0.155901,0.987773,6.000000,80.000000,63.800000,-0.915516
DATA,310744,0,63.300000,1,0.663000,0.000000,0.000000,1,7.802000,0.011000,0.085822,77.625000,1,4.844000,0.189000,0.915516,68,1,3.880000,63.800000,0,0,1,1,0,0,0,0,0,0,1,T1_night_no_pv,场景12.CSV,2226.804124,0.618557,0.161231,0.986917,6.000000,80.000000,63.800000,-0.915516
DATA,320753,0,62.500000,1,0.663000,0.000000,0.000000,1,7.801000,0.011000,0.085811,77.562500,1,4.844000,0.189000,0.915516,68,1,3.879000,63.800000,0,0,1,1,0,0,0,0,0,0,1,T1_night_no_pv,场景12.CSV,2301.030928,0.639175,0.166556,0.986032,6.000000,80.000000,63.800000,-0.915516
DATA,330775,0,62.500000,1,0.664000,0.000000,0.000000,1,7.800000,0.011000,0.085800,77.500000,1,4.844000,0.189000,0.915516,68,1,3.877000,63.800000,0,0,1,1,0,0,0,0,0,0,1,T1_night_no_pv,场景12.CSV,2375.257732,0.659794,0.171876,0.985119,6.000000,80.000000,63.800000,-0.915516
DATA,340778,0,63.300000,1,0.663000,0.000000,0.000000,1,7.798000,0.011000,0.085778,77.375000,1,4.844000,0.189000,0.915516,68,1,3.877000,63.800000,0,0,1,1,0,0,0,0,0,0,1,T1_night_no_pv,场景12.CSV,2449.484536,0.680412,0.177191,0.984176,6.000000,80.000000,63.800000,-0.915516
DATA,350818,0,63.300000,1,0.663000,0.000000,0.000000,1,7.798000,0.011000,0.085778,77.375000,1,4.844000,0.189000,0.915516,68,1,3.877000,63.800000,0,0,1,1,0,0,0,0,0,0,1,T1_night_no_pv,场景12.CSV,2523.711340,0.701031,0.182501,0.983206,6.000000,80.000000,63.800000,-0.915516
DATA,360823,0,61.700000,1,0.662000,0.000000,0.000000,1,7.796000,0.011000,0.085756,77.250000,1,4.843000,0.189000,0.915327,68,1,3.877000,63.700000,0,0,1,1,0,0,0,0,0,0,1,T1_night_no_pv,场景12.CSV,2597.938144,0.721649,0.187805,0.982206,6.000000,80.000000,63.700000,-0.915327
DATA,370850,0,62.500000,1,0.662000,0.000000,0.000000,1,7.794000,0.011000,0.085734,77.125000,1,4.843000,0.189000,0.915327,68,1,3.877000,63.700000,0,0,1,1,0,0,0,0,0,0,1,T1_night_no_pv,场景12.CSV,2672.164948,0.742268,0.193105,0.981178,6.000000,79.900000,63.700000,-0.915327
DATA,380852,0,64.200000,1,0.663000,0.000000,0.000000,1,7.793000,0.011000,0.085723,77.062500,1,4.844000,0.189000,0.915516,68,1,3.877000,63.700000,0,0,1,1,0,0,0,0,0,0,1,T1_night_no_pv,场景12.CSV,2746.391753,0.762887,0.198398,0.980122,6.000000,79.900000,63.700000,-0.915516
DATA,390888,0,64.200000,1,0.662000,0.000000,0.000000,1,7.792000,0.011000,0.085712,77.000000,1,4.843000,0.189000,0.915327,68,1,3.877000,63.700000,0,0,1,1,0,0,0,0,0,0,1,T1_night_no_pv,场景12.CSV,2820.618557,0.783505,0.203686,0.979036,6.000000,79.900000,63.700000,-0.915327
DATA,400937,0,63.300000,1,0.662000,0.000000,0.000000,1,7.790000,0.011000,0.085690,76.875000,1,4.843000,0.189000,0.915327,68,1,3.877000,63.700000,0,0,1,1,0,0,0,0,0,0,1,T1_night_no_pv,场景12.CSV,2894.845361,0.804124,0.208968,0.977923,6.000000,79.900000,63.700000,-0.915327
DATA,410970,0,63.300000,1,0.663000,0.000000,0.000000,1,7.790000,0.011000,0.085690,76.875000,1,4.843000,0.189000,0.915327,68,1,3.877000,63.700000,0,0,1,1,0,0,0,0,0,0,1,T1_night_no_pv,场景12.CSV,2969.072165,0.824742,0.214243,0.976780,6.000000,79.900000,63.700000,-0.915327
DATA,420999,0,63.300000,1,0.663000,0.000000,0.000000,1,7.788000,0.011000,0.085668,76.750000,1,4.844000,0.189000,0.915516,68,1,3.877000,63.700000,0,0,1,1,0,0,0,0,0,0,1,T1_night_no_pv,场景12.CSV,3043.298969,0.845361,0.219513,0.975610,6.000000,79.900000,63.700000,-0.915516
DATA,431038,0,63.300000,1,0.664000,0.000000,0.000000,1,7.788000,0.011000,0.085668,76.750000,1,4.844000,0.189000,0.915516,68,1,3.876000,63.700000,0,0,1,1,0,0,0,0,0,0,1,T1_night_no_pv,场景12.CSV,3117.525773,0.865979,0.224776,0.974411,6.000000,79.900000,63.700000,-0.915516
DATA,441053,0,63.300000,1,0.663000,0.000000,0.000000,1,7.786000,0.011000,0.085646,76.625000,1,4.844000,0.189000,0.915516,68,1,3.876000,63.700000,0,0,1,1,0,0,0,0,0,0,1,T1_night_no_pv,场景12.CSV,3191.752577,0.886598,0.230032,0.973183,6.000000,79.900000,63.700000,-0.915516
DATA,451075,0,63.300000,1,0.663000,0.000000,0.000000,1,7.786000,0.011000,0.085646,76.625000,1,4.844000,0.189000,0.915516,68,1,3.875000,63.500000,0,0,1,1,0,0,0,0,0,0,1,T1_night_no_pv,场景12.CSV,3265.979381,0.907216,0.235282,0.971927,6.000000,79.900000,63.500000,-0.915516
DATA,461117,0,62.500000,1,0.663000,0.000000,0.000000,1,7.785000,0.011000,0.085635,76.562500,1,4.845000,0.189000,0.915705,68,1,3.876000,63.500000,0,0,1,1,0,0,0,0,0,0,1,T1_night_no_pv,场景12.CSV,3340.206186,0.927835,0.240525,0.970643,6.000000,79.900000,63.500000,-0.915705
DATA,471131,0,63.300000,1,0.663000,0.000000,0.000000,1,7.784000,0.011000,0.085624,76.500000,1,4.845000,0.189000,0.915705,68,1,3.876000,63.500000,0,0,1,1,0,0,0,0,0,0,1,T1_night_no_pv,场景12.CSV,3414.432990,0.948454,0.245761,0.969330,6.000000,79.900000,63.500000,-0.915705
DATA,481146,0,63.300000,1,0.663000,0.000000,0.000000,1,7.783000,0.011000,0.085613,76.437500,1,4.845000,0.189000,0.915705,68,1,3.875000,63.500000,0,0,1,1,0,0,0,0,0,0,1,T1_night_no_pv,场景12.CSV,3488.659794,0.969072,0.250990,0.967990,6.000000,79.900000,63.500000,-0.915705
DATA,491156,0,63.300000,1,0.662000,0.000000,0.000000,1,7.783000,0.011000,0.085613,76.437500,1,4.844000,0.189000,0.915516,68,1,3.875000,63.500000,0,0,1,1,0,0,0,0,0,0,1,T1_night_no_pv,场景12.CSV,3562.886598,0.989691,0.256211,0.966621,6.000000,79.900000,63.500000,-0.915516
DATA,501167,0,63.300000,1,0.663000,0.000000,0.000000,1,7.781000,0.011000,0.085591,76.312500,1,4.845000,0.189000,0.915705,68,1,3.875000,63.500000,0,0,1,1,0,0,0,0,0,0,1,T1_night_no_pv,场景12.CSV,3637.113402,1.010309,0.261425,0.965224,6.000000,79.900000,63.500000,-0.915705
DATA,511193,0,63.300000,1,0.663000,0.000000,0.000000,1,7.780000,0.011000,0.085580,76.250000,1,4.845000,0.189000,0.915705,68,1,3.875000,63.500000,0,0,1,1,0,0,0,0,0,0,1,T1_night_no_pv,场景12.CSV,3711.340206,1.030928,0.266631,0.963799,6.000000,79.900000,63.500000,-0.915705
DATA,521231,0,63.300000,1,0.663000,0.000000,0.000000,1,7.779000,0.011000,0.085569,76.187500,1,4.844000,0.189000,0.915516,68,1,3.875000,63.500000,0,0,1,1,0,0,0,0,0,0,1,T1_night_no_pv,场景12.CSV,3785.567010,1.051546,0.271830,0.962345,6.000000,79.900000,63.500000,-0.915516
DATA,531270,0,63.300000,1,0.663000,0.000000,0.000000,1,7.778000,0.011000,0.085558,76.125000,1,4.844000,0.189000,0.915516,68,1,3.875000,63.500000,0,0,1,1,0,0,0,0,0,0,1,T1_night_no_pv,场景12.CSV,3859.793814,1.072165,0.277021,0.960864,6.000000,79.900000,63.500000,-0.915516
DATA,541319,0,63.300000,1,0.663000,0.000000,0.000000,1,7.777000,0.011000,0.085547,76.062500,1,4.845000,0.189000,0.915705,68,1,3.875000,63.400000,0,0,1,1,0,0,0,0,0,0,1,T1_night_no_pv,场景12.CSV,3934.020619,1.092784,0.282203,0.959355,6.000000,79.900000,63.400000,-0.915705
DATA,551337,0,62.500000,1,0.663000,0.000000,0.000000,1,7.776000,0.011000,0.085536,76.000000,1,4.845000,0.189000,0.915705,68,1,3.874000,63.400000,0,0,1,1,0,0,0,0,0,0,1,T1_night_no_pv,场景12.CSV,4008.247423,1.113402,0.287378,0.957817,6.000000,79.900000,63.400000,-0.915705
DATA,561368,0,63.300000,1,0.664000,0.000000,0.000000,1,7.775000,0.011000,0.085525,75.937500,1,4.845000,0.189000,0.915705,68,1,3.872000,63.400000,0,0,1,1,0,0,0,0,0,0,1,T1_night_no_pv,场景12.CSV,4082.474227,1.134021,0.292544,0.956252,6.000000,79.900000,63.400000,-0.915705
DATA,571419,0,63.300000,1,0.663000,0.000000,0.000000,1,7.774000,0.011000,0.085514,75.875000,1,4.844000,0.189000,0.915516,68,1,3.872000,63.400000,0,0,1,1,0,0,0,0,0,0,1,T1_night_no_pv,场景12.CSV,4156.701031,1.154639,0.297701,0.954659,6.000000,79.900000,63.400000,-0.915516
DATA,581452,0,63.300000,1,0.662000,0.000000,0.000000,1,7.773000,0.011000,0.085503,75.812500,1,4.844000,0.189000,0.915516,68,1,3.870000,63.400000,0,0,1,1,0,0,0,0,0,0,1,T1_night_no_pv,场景12.CSV,4230.927835,1.175258,0.302850,0.953038,6.000000,79.900000,63.400000,-0.915516
DATA,591480,0,63.300000,1,0.664000,0.000000,0.000000,1,7.772000,0.011000,0.085492,75.750000,1,4.845000,0.189000,0.915705,68,1,3.871000,63.400000,0,0,1,1,0,0,0,0,0,0,1,T1_night_no_pv,场景12.CSV,4305.154639,1.195876,0.307990,0.951390,6.000000,79.900000,63.400000,-0.915705
DATA,601487,0,63.300000,1,0.664000,0.000000,0.000000,1,7.771000,0.011000,0.085481,75.687500,1,4.845000,0.189000,0.915705,68,1,3.870000,63.400000,0,0,1,1,0,0,0,0,0,0,1,T1_night_no_pv,场景12.CSV,4379.381443,1.216495,0.313121,0.949713,6.000000,79.900000,63.400000,-0.915705
DATA,611534,0,63.300000,1,0.663000,0.000000,0.000000,1,7.770000,0.011000,0.085470,75.625000,1,4.844000,0.189000,0.915516,68,1,3.870000,63.400000,0,0,1,1,0,0,0,0,0,0,1,T1_night_no_pv,场景12.CSV,4453.608247,1.237113,0.318243,0.948009,6.000000,79.900000,63.400000,-0.915516
DATA,621545,0,63.300000,1,0.663000,0.000000,0.000000,1,7.768000,0.011000,0.085448,75.500000,1,4.844000,0.189000,0.915516,68,1,3.869000,63.400000,0,0,1,1,0,0,0,0,0,0,1,T1_night_no_pv,场景12.CSV,4527.835052,1.257732,0.323356,0.946278,6.000000,79.900000,63.400000,-0.915516
DATA,631573,0,63.300000,1,0.663000,0.000000,0.000000,1,7.767000,0.011000,0.085437,75.437500,1,4.844000,0.189000,0.915516,68,1,3.869000,63.300000,0,0,1,1,0,0,0,0,0,0,1,T1_night_no_pv,场景12.CSV,4602.061856,1.278351,0.328459,0.944518,6.000000,79.900000,63.300000,-0.915516
DATA,641588,0,63.300000,1,0.663000,0.000000,0.000000,1,7.766000,0.011000,0.085426,75.375000,1,4.844000,0.189000,0.915516,68,1,3.867000,63.300000,0,0,1,1,0,0,0,0,0,0,1,T1_night_no_pv,场景12.CSV,4676.288660,1.298969,0.333552,0.942732,6.000000,79.900000,63.300000,-0.915516
DATA,651629,0,63.300000,1,0.663000,0.000000,0.000000,1,7.764000,0.011000,0.085404,75.250000,1,4.844000,0.189000,0.915516,68,1,3.867000,63.300000,0,0,1,1,0,0,0,0,0,0,1,T1_night_no_pv,场景12.CSV,4750.515464,1.319588,0.338636,0.940917,6.000000,79.900000,63.300000,-0.915516
DATA,661668,0,63.300000,1,0.662000,0.000000,0.000000,1,7.764000,0.011000,0.085404,75.250000,1,4.844000,0.189000,0.915516,68,1,3.867000,63.300000,0,0,1,1,0,0,0,0,0,0,1,T1_night_no_pv,场景12.CSV,4824.742268,1.340206,0.343710,0.939076,6.000000,79.900000,63.300000,-0.915516
DATA,671687,0,63.300000,1,0.663000,0.000000,0.000000,1,7.763000,0.011000,0.085393,75.187500,1,4.844000,0.189000,0.915516,68,1,3.867000,63.300000,0,0,1,1,0,0,0,0,0,0,1,T1_night_no_pv,场景12.CSV,4898.969072,1.360825,0.348774,0.937207,6.000000,79.900000,63.300000,-0.915516
DATA,681728,0,64.200000,1,0.664000,0.000000,0.000000,1,7.762000,0.011000,0.085382,75.125000,1,4.845000,0.189000,0.915705,68,1,3.866000,63.300000,0,0,1,1,0,0,0,0,0,0,1,T1_night_no_pv,场景12.CSV,4973.195876,1.381443,0.353828,0.935310,6.000000,79.900000,63.300000,-0.915705
DATA,691741,0,64.200000,1,0.664000,0.000000,0.000000,1,7.761000,0.011000,0.085371,75.062500,1,4.844000,0.189000,0.915516,68,1,3.866000,63.300000,0,0,1,1,0,0,0,0,0,0,1,T1_night_no_pv,场景12.CSV,5047.422680,1.402062,0.358872,0.933387,6.000000,79.900000,63.300000,-0.915516
DATA,701760,0,65.000000,1,0.663000,0.000000,0.000000,1,7.761000,0.011000,0.085371,75.062500,1,4.844000,0.189000,0.915516,68,1,3.866000,63.100000,0,0,1,1,0,0,0,0,0,0,1,T1_night_no_pv,场景12.CSV,5121.649485,1.422680,0.363905,0.931436,6.000000,79.900000,63.100000,-0.915516
DATA,711824,0,64.200000,1,0.663000,0.000000,0.000000,1,7.760000,0.011000,0.085360,75.000000,1,4.843000,0.189000,0.915327,68,1,3.866000,63.100000,0,0,1,1,0,0,0,0,0,0,1,T1_night_no_pv,场景12.CSV,5195.876289,1.443299,0.368927,0.929458,6.000000,79.900000,63.100000,-0.915327
DATA,721860,0,64.200000,1,0.664000,0.000000,0.000000,1,7.759000,0.011000,0.085349,74.937500,1,4.844000,0.189000,0.915516,68,1,3.865000,63.100000,0,0,1,1,0,0,0,0,0,0,1,T1_night_no_pv,场景12.CSV,5270.103093,1.463918,0.373939,0.927453,6.000000,79.900000,63.100000,-0.915516
DATA,731909,0,65.000000,1,0.664000,0.000000,0.000000,1,7.759000,0.011000,0.085349,74.937500,1,4.844000,0.189000,0.915516,68,1,3.865000,63.100000,0,0,1,1,0,0,0,0,0,0,1,T1_night_no_pv,场景12.CSV,5344.329897,1.484536,0.378940,0.925421,6.000000,79.900000,63.100000,-0.915516
DATA,741943,0,65.000000,1,0.664000,0.000000,0.000000,1,7.757000,0.011000,0.085327,74.812500,1,4.844000,0.189000,0.915516,68,1,3.865000,63.100000,0,0,1,1,0,0,0,0,0,0,1,T1_night_no_pv,场景12.CSV,5418.556701,1.505155,0.383930,0.923362,6.000000,79.900000,63.100000,-0.915516
DATA,751967,0,65.000000,1,0.663000,0.000000,0.000000,1,7.756000,0.011000,0.085316,74.750000,1,4.844000,0.189000,0.915516,68,1,3.865000,63.100000,0,0,1,1,0,0,0,0,0,0,1,T1_night_no_pv,场景12.CSV,5492.783505,1.525773,0.388908,0.921276,6.000000,79.900000,63.100000,-0.915516
DATA,761985,0,65.000000,1,0.663000,0.000000,0.000000,1,7.756000,0.011000,0.085316,74.750000,1,4.844000,0.189000,0.915516,68,1,3.865000,63.100000,0,0,1,1,0,0,0,0,0,0,1,T1_night_no_pv,场景12.CSV,5567.010309,1.546392,0.393876,0.919164,6.000000,79.900000,63.100000,-0.915516
DATA,772004,0,65.000000,1,0.664000,0.000000,0.000000,1,7.755000,0.011000,0.085305,74.687500,1,4.844000,0.189000,0.915516,68,1,3.865000,63.000000,0,0,1,1,0,0,0,0,0,0,1,T1_night_no_pv,场景12.CSV,5641.237113,1.567010,0.398832,0.917024,6.000000,79.900000,63.000000,-0.915516
DATA,782013,0,64.200000,1,0.663000,0.000000,0.000000,1,7.754000,0.011000,0.085294,74.625000,1,4.844000,0.189000,0.915516,68,1,3.865000,63.000000,0,0,1,1,0,0,0,0,0,0,1,T1_night_no_pv,场景12.CSV,5715.463918,1.587629,0.403776,0.914858,6.000000,79.900000,63.000000,-0.915516
DATA,792023,0,65.000000,1,0.664000,0.000000,0.000000,1,7.752000,0.011000,0.085272,74.500000,1,4.844000,0.189000,0.915516,68,1,3.865000,63.000000,0,0,1,1,0,0,0,0,0,0,1,T1_night_no_pv,场景12.CSV,5789.690722,1.608247,0.408708,0.912665,6.000000,79.900000,63.000000,-0.915516
DATA,802037,0,65.000000,1,0.663000,0.000000,0.000000,1,7.752000,0.011000,0.085272,74.500000,1,4.844000,0.189000,0.915516,68,1,3.865000,63.000000,0,0,1,1,0,0,0,0,0,0,1,T1_night_no_pv,场景12.CSV,5863.917526,1.628866,0.413629,0.910446,6.000000,79.900000,63.000000,-0.915516
DATA,812058,0,65.000000,1,0.663000,0.000000,0.000000,1,7.752000,0.011000,0.085272,74.500000,1,4.844000,0.189000,0.915516,68,1,3.865000,63.000000,0,0,1,1,0,0,0,0,0,0,1,T1_night_no_pv,场景12.CSV,5938.144330,1.649485,0.418537,0.908200,6.000000,79.900000,63.000000,-0.915516
DATA,822079,0,65.000000,1,0.663000,0.000000,0.000000,1,7.750000,0.011000,0.085250,74.375000,1,4.844000,0.189000,0.915516,68,1,3.865000,63.000000,0,0,1,1,0,0,0,0,0,0,1,T1_night_no_pv,场景12.CSV,6012.371134,1.670103,0.423433,0.905927,6.000000,79.900000,63.000000,-0.915516
DATA,832120,0,65.000000,1,0.664000,0.000000,0.000000,1,7.749000,0.011000,0.085239,74.312500,1,4.844000,0.189000,0.915516,68,1,3.865000,63.000000,0,0,1,1,0,0,0,0,0,0,1,T1_night_no_pv,场景12.CSV,6086.597938,1.690722,0.428317,0.903628,6.000000,79.900000,63.000000,-0.915516
DATA,842147,0,65.000000,1,0.664000,0.000000,0.000000,1,7.749000,0.011000,0.085239,74.312500,1,4.844000,0.189000,0.915516,68,1,3.865000,63.000000,0,0,1,1,0,0,0,0,0,0,1,T1_night_no_pv,场景12.CSV,6160.824742,1.711340,0.433189,0.901303,6.000000,79.900000,63.000000,-0.915516
DATA,852148,0,65.000000,1,0.663000,0.000000,0.000000,1,7.748000,0.011000,0.085228,74.250000,1,4.844000,0.189000,0.915516,68,1,3.862000,62.800000,0,0,1,1,0,0,0,0,0,0,1,T1_night_no_pv,场景12.CSV,6235.051546,1.731959,0.438048,0.898952,6.000000,79.900000,62.800000,-0.915516
DATA,862159,0,65.000000,1,0.662000,0.000000,0.000000,1,7.746000,0.011000,0.085206,74.125000,1,4.844000,0.189000,0.915516,68,1,3.864000,62.800000,0,0,1,1,0,0,0,0,0,0,1,T1_night_no_pv,场景12.CSV,6309.278351,1.752577,0.442894,0.896574,6.000000,79.900000,62.800000,-0.915516
DATA,872172,0,65.000000,1,0.663000,0.000000,0.000000,1,7.746000,0.011000,0.085206,74.125000,1,4.843000,0.189000,0.915327,68,1,3.864000,62.800000,0,0,1,1,0,0,0,0,0,0,1,T1_night_no_pv,场景12.CSV,6383.505155,1.773196,0.447727,0.894170,6.000000,79.900000,62.800000,-0.915327
DATA,882192,0,65.000000,1,0.662000,0.000000,0.000000,1,7.742000,0.011000,0.085162,73.875000,1,4.843000,0.189000,0.915327,68,1,3.862000,62.800000,0,0,1,1,0,0,0,0,0,0,1,T1_night_no_pv,场景12.CSV,6457.731959,1.793814,0.452547,0.891741,6.000000,79.900000,62.800000,-0.915327
DATA,892220,0,65.000000,1,0.664000,0.000000,0.000000,1,7.743000,0.011000,0.085173,73.937500,1,4.844000,0.189000,0.915516,68,1,3.862000,62.800000,0,0,1,1,0,0,0,0,0,0,1,T1_night_no_pv,场景12.CSV,6531.958763,1.814433,0.457354,0.889285,6.000000,79.900000,62.800000,-0.915516
DATA,902265,0,65.000000,1,0.663000,0.000000,0.000000,1,7.743000,0.011000,0.085173,73.937500,1,4.844000,0.189000,0.915516,68,1,3.862000,62.800000,0,0,1,1,0,0,0,0,0,0,1,T1_night_no_pv,场景12.CSV,6606.185567,1.835052,0.462148,0.886803,6.000000,79.900000,62.800000,-0.915516
DATA,912307,0,65.000000,1,0.663000,0.000000,0.000000,1,7.742000,0.011000,0.085162,73.875000,1,4.844000,0.189000,0.915516,68,1,3.862000,62.800000,0,0,1,1,0,0,0,0,0,0,1,T1_night_no_pv,场景12.CSV,6680.412371,1.855670,0.466928,0.884295,6.000000,79.900000,62.800000,-0.915516
DATA,922333,0,65.000000,1,0.664000,0.000000,0.000000,1,7.741000,0.011000,0.085151,73.812500,1,4.844000,0.189000,0.915516,68,1,3.862000,62.700000,0,0,1,1,0,0,0,0,0,0,1,T1_night_no_pv,场景12.CSV,6754.639175,1.876289,0.471694,0.881762,6.000000,79.900000,62.700000,-0.915516
DATA,932363,0,65.000000,1,0.663000,0.000000,0.000000,1,7.741000,0.011000,0.085151,73.812500,1,4.844000,0.189000,0.915516,68,1,3.861000,62.700000,0,0,1,1,0,0,0,0,0,0,1,T1_night_no_pv,场景12.CSV,6828.865979,1.896907,0.476447,0.879203,6.000000,79.900000,62.700000,-0.915516
DATA,942401,0,65.000000,1,0.664000,0.000000,0.000000,1,7.740000,0.011000,0.085140,73.750000,1,4.844000,0.189000,0.915516,68,1,3.861000,62.700000,0,0,1,1,0,0,0,0,0,0,1,T1_night_no_pv,场景12.CSV,6903.092784,1.917526,0.481186,0.876619,6.000000,79.900000,62.700000,-0.915516
DATA,952404,0,65.000000,1,0.663000,0.000000,0.000000,1,7.739000,0.011000,0.085129,73.687500,1,4.844000,0.189000,0.915516,68,1,3.861000,62.700000,0,0,1,1,0,0,0,0,0,0,1,T1_night_no_pv,场景12.CSV,6977.319588,1.938144,0.485911,0.874008,6.000000,79.900000,62.700000,-0.915516
DATA,962414,0,65.000000,1,0.663000,0.000000,0.000000,1,7.738000,0.011000,0.085118,73.625000,1,4.844000,0.189000,0.915516,68,1,3.861000,62.700000,0,0,1,1,0,0,0,0,0,0,1,T1_night_no_pv,场景12.CSV,7051.546392,1.958763,0.490622,0.871373,6.000000,79.900000,62.700000,-0.915516
DATA,972417,0,65.000000,1,0.664000,0.000000,0.000000,1,7.737000,0.011000,0.085107,73.562500,1,4.844000,0.189000,0.915516,68,1,3.860000,62.700000,0,0,1,1,0,0,0,0,0,0,1,T1_night_no_pv,场景12.CSV,7125.773196,1.979381,0.495318,0.868712,6.000000,79.900000,62.700000,-0.915516
DATA,982426,0,65.000000,1,0.664000,0.000000,0.000000,1,7.736000,0.011000,0.085096,73.500000,1,4.844000,0.189000,0.915516,68,1,3.860000,62.700000,0,0,1,1,0,0,0,0,0,0,1,T1_night_no_pv,场景12.CSV,7200.000000,2.000000,0.500000,0.866025,6.000000,79.900000,62.700000,-0.915516
DATA,992469,0,65.000000,1,0.664000,0.000000,0.000000,1,7.735000,0.011000,0.085085,73.437500,1,4.844000,0.189000,0.915516,68,1,3.860000,62.500000,0,0,1,1,0,0,0,0,0,0,1,T1_night_no_pv,场景12.CSV,7274.226804,2.020619,0.504667,0.863314,6.000000,79.900000,62.500000,-0.915516
DATA,1002512,0,65.000000,1,0.663000,0.000000,0.000000,1,7.735000,0.011000,0.085085,73.437500,1,4.843000,0.189000,0.915327,68,1,3.860000,62.500000,0,0,1,1,0,0,0,0,0,0,1,T1_night_no_pv,场景12.CSV,7348.453608,2.041237,0.509320,0.860577,6.000000,79.900000,62.500000,-0.915327
DATA,1012538,0,65.000000,1,0.663000,0.000000,0.000000,1,7.734000,0.011000,0.085074,73.375000,1,4.844000,0.189000,0.915516,68,1,3.860000,62.500000,0,0,1,1,0,0,0,0,0,0,1,T1_night_no_pv,场景12.CSV,7422.680412,2.061856,0.513958,0.857815,6.000000,79.900000,62.500000,-0.915516
DATA,1022571,0,65.000000,1,0.663000,0.000000,0.000000,1,7.733000,0.011000,0.085063,73.312500,1,4.844000,0.189000,0.915516,68,1,3.860000,62.500000,0,0,1,1,0,0,0,0,0,0,1,T1_night_no_pv,场景12.CSV,7496.907216,2.082474,0.518581,0.855029,6.000000,79.900000,62.500000,-0.915516
DATA,1032595,0,65.000000,1,0.664000,0.000000,0.000000,1,7.732000,0.011000,0.085052,73.250000,1,4.844000,0.189000,0.915516,68,1,3.860000,62.500000,0,0,1,1,0,0,0,0,0,0,1,T1_night_no_pv,场景12.CSV,7571.134021,2.103093,0.523189,0.852217,6.000000,79.900000,62.500000,-0.915516
DATA,1042603,0,65.000000,1,0.663000,0.000000,0.000000,1,7.731000,0.011000,0.085041,73.187500,1,4.844000,0.189000,0.915516,68,1,3.860000,62.500000,0,0,1,1,0,0,0,0,0,0,1,T1_night_no_pv,场景12.CSV,7645.360825,2.123711,0.527781,0.849380,6.000000,79.900000,62.500000,-0.915516
DATA,1052642,0,65.000000,1,0.664000,0.000000,0.000000,1,7.731000,0.011000,0.085041,73.187500,1,4.844000,0.189000,0.915516,68,1,3.860000,62.500000,0,0,1,1,0,0,0,0,0,0,1,T1_night_no_pv,场景12.CSV,7719.587629,2.144330,0.532359,0.846519,6.000000,79.900000,62.500000,-0.915516
DATA,1062691,0,65.000000,1,0.662000,0.000000,0.000000,1,7.730000,0.011000,0.085030,73.125000,1,4.843000,0.189000,0.915327,68,1,3.860000,62.400000,0,0,1,1,0,0,0,0,0,0,1,T1_night_no_pv,场景12.CSV,7793.814433,2.164948,0.536920,0.843633,6.000000,79.900000,62.400000,-0.915327
DATA,1072694,0,65.000000,1,0.663000,0.000000,0.000000,1,7.729000,0.011000,0.085019,73.062500,1,4.843000,0.189000,0.915327,68,1,3.860000,62.400000,0,0,1,1,0,0,0,0,0,0,1,T1_night_no_pv,场景12.CSV,7868.041237,2.185567,0.541466,0.840723,6.000000,79.900000,62.400000,-0.915327
DATA,1082734,0,65.000000,1,0.662000,0.000000,0.000000,1,7.725000,0.011000,0.084975,72.812500,1,4.842000,0.189000,0.915138,68,1,3.859000,62.400000,0,0,1,1,0,0,0,0,0,0,1,T1_night_no_pv,场景12.CSV,7942.268041,2.206186,0.545996,0.837787,6.000000,79.900000,62.400000,-0.915138
DATA,1092756,0,65.000000,1,0.663000,0.000000,0.000000,1,7.727000,0.011000,0.084997,72.937500,1,4.843000,0.189000,0.915327,68,1,3.859000,62.400000,0,0,1,1,0,0,0,0,0,0,1,T1_night_no_pv,场景12.CSV,8016.494845,2.226804,0.550511,0.834828,6.000000,79.900000,62.400000,-0.915327
DATA,1102767,0,65.000000,1,0.663000,0.000000,0.000000,1,7.726000,0.011000,0.084986,72.875000,1,4.843000,0.189000,0.915327,68,1,3.859000,62.400000,0,0,1,1,0,0,0,0,0,0,1,T1_night_no_pv,场景12.CSV,8090.721649,2.247423,0.555009,0.831844,6.000000,79.800000,62.400000,-0.915327
DATA,1112786,0,65.000000,1,0.662000,0.000000,0.000000,1,7.726000,0.011000,0.084986,72.875000,1,4.843000,0.189000,0.915327,68,1,3.859000,62.400000,0,0,1,1,0,0,0,0,0,0,1,T1_night_no_pv,场景12.CSV,8164.948454,2.268041,0.559491,0.828836,6.000000,79.800000,62.400000,-0.915327
DATA,1122824,0,65.000000,1,0.663000,0.000000,0.000000,1,7.725000,0.011000,0.084975,72.812500,1,4.844000,0.189000,0.915516,68,1,3.857000,62.400000,0,0,1,1,0,0,0,0,0,0,1,T1_night_no_pv,场景12.CSV,8239.175258,2.288660,0.563957,0.825804,6.000000,79.800000,62.400000,-0.915516
DATA,1132859,0,65.000000,1,0.663000,0.000000,0.000000,1,7.725000,0.011000,0.084975,72.812500,1,4.843000,0.189000,0.915327,68,1,3.857000,62.200000,0,0,1,1,0,0,0,0,0,0,1,T1_night_no_pv,场景12.CSV,8313.402062,2.309278,0.568406,0.822748,6.000000,79.800000,62.200000,-0.915327
DATA,1142902,0,65.000000,1,0.663000,0.000000,0.000000,1,7.723000,0.011000,0.084953,72.687500,1,4.843000,0.189000,0.915327,68,1,3.857000,62.200000,0,0,1,1,0,0,0,0,0,0,1,T1_night_no_pv,场景12.CSV,8387.628866,2.329897,0.572839,0.819668,6.000000,79.800000,62.200000,-0.915327
DATA,1152908,0,65.000000,1,0.663000,0.000000,0.000000,1,7.722000,0.011000,0.084942,72.625000,1,4.842000,0.189000,0.915138,68,1,3.857000,62.200000,0,0,1,1,0,0,0,0,0,0,1,T1_night_no_pv,场景12.CSV,8461.855670,2.350515,0.577255,0.816564,6.000000,79.800000,62.200000,-0.915138
DATA,1162916,0,65.000000,1,0.663000,0.000000,0.000000,1,7.722000,0.011000,0.084942,72.625000,1,4.843000,0.189000,0.915327,68,1,3.857000,62.200000,0,0,1,1,0,0,0,0,0,0,1,T1_night_no_pv,场景12.CSV,8536.082474,2.371134,0.581655,0.813436,6.000000,79.800000,62.200000,-0.915327
DATA,1172921,0,65.000000,1,0.663000,0.000000,0.000000,1,7.722000,0.011000,0.084942,72.625000,1,4.844000,0.189000,0.915516,68,1,3.857000,62.200000,0,0,1,1,0,0,0,0,0,0,1,T1_night_no_pv,场景12.CSV,8610.309278,2.391753,0.586037,0.810284,6.000000,79.800000,62.200000,-0.915516
DATA,1182928,0,65.000000,1,0.664000,0.000000,0.000000,1,7.720000,0.011000,0.084920,72.500000,1,4.843000,0.189000,0.915327,68,1,3.857000,62.200000,0,0,1,1,0,0,0,0,0,0,1,T1_night_no_pv,场景12.CSV,8684.536082,2.412371,0.590402,0.807109,6.000000,79.800000,62.200000,-0.915327
DATA,1192930,0,65.000000,1,0.663000,0.000000,0.000000,1,7.720000,0.011000,0.084920,72.500000,1,4.843000,0.189000,0.915327,68,1,3.856000,62.200000,0,0,1,1,0,0,0,0,0,0,1,T1_night_no_pv,场景12.CSV,8758.762887,2.432990,0.594750,0.803910,6.000000,79.800000,62.200000,-0.915327
DATA,1202963,0,65.000000,1,0.663000,0.000000,0.000000,1,7.718000,0.011000,0.084898,72.375000,1,4.843000,0.189000,0.915327,68,1,3.856000,62.100000,0,0,1,1,0,0,0,0,0,0,1,T1_night_no_pv,场景12.CSV,8832.989691,2.453608,0.599081,0.800688,6.000000,79.800000,62.100000,-0.915327
DATA,1212995,0,65.000000,1,0.663000,0.000000,0.000000,1,7.719000,0.011000,0.084909,72.437500,1,4.843000,0.189000,0.915327,68,1,3.856000,62.100000,0,0,1,1,0,0,0,0,0,0,1,T1_night_no_pv,场景12.CSV,8907.216495,2.474227,0.603395,0.797443,6.000000,79.800000,62.100000,-0.915327
DATA,1223013,0,65.000000,1,0.663000,0.000000,0.000000,1,7.717000,0.011000,0.084887,72.312500,1,4.843000,0.189000,0.915327,68,1,3.856000,62.100000,0,0,1,1,0,0,0,0,0,0,1,T1_night_no_pv,场景12.CSV,8981.443299,2.494845,0.607690,0.794174,6.000000,79.800000,62.100000,-0.915327
DATA,1233021,0,68.300000,1,0.663000,0.000000,0.000000,1,7.716000,0.011000,0.084876,72.250000,1,4.843000,0.189000,0.915327,68,1,3.856000,62.100000,0,0,1,1,0,0,0,0,0,0,1,T1_night_no_pv,场景12.CSV,9055.670103,2.515464,0.611968,0.790882,6.000000,79.800000,62.100000,-0.915327
DATA,1243078,0,67.500000,1,0.662000,0.000000,0.000000,1,7.716000,0.011000,0.084876,72.250000,1,4.842000,0.189000,0.915138,68,1,3.855000,62.100000,0,0,1,1,0,0,0,0,0,0,1,T1_night_no_pv,场景12.CSV,9129.896907,2.536082,0.616228,0.787567,6.000000,79.800000,62.100000,-0.915138
DATA,1253108,0,66.700000,1,0.663000,0.000000,0.000000,1,7.715000,0.011000,0.084865,72.187500,1,4.842000,0.189000,0.915138,68,1,3.855000,62.100000,0,0,1,1,0,0,0,0,0,0,1,T1_night_no_pv,场景12.CSV,9204.123711,2.556701,0.620471,0.784230,6.000000,79.800000,62.100000,-0.915138
DATA,1263141,0,66.700000,1,0.663000,0.000000,0.000000,1,7.713000,0.011000,0.084843,72.062500,1,4.842000,0.189000,0.915138,68,1,3.855000,62.100000,0,0,1,1,0,0,0,0,0,0,1,T1_night_no_pv,场景12.CSV,9278.350515,2.577320,0.624695,0.780869,6.000000,79.800000,62.100000,-0.915138
DATA,1273173,0,67.500000,1,0.663000,0.000000,0.000000,1,7.713000,0.011000,0.084843,72.062500,1,4.842000,0.189000,0.915138,68,1,3.855000,62.000000,0,0,1,1,0,0,0,0,0,0,1,T1_night_no_pv,场景12.CSV,9352.577320,2.597938,0.628901,0.777486,6.000000,79.800000,62.000000,-0.915138
DATA,1283206,0,67.500000,1,0.663000,0.000000,0.000000,1,7.712000,0.011000,0.084832,72.000000,1,4.842000,0.189000,0.915138,68,1,3.855000,62.000000,0,0,1,1,0,0,0,0,0,0,1,T1_night_no_pv,场景12.CSV,9426.804124,2.618557,0.633088,0.774079,6.000000,79.800000,62.000000,-0.915138
DATA,1293212,0,66.700000,1,0.664000,0.000000,0.000000,1,7.711000,0.011000,0.084821,71.937500,1,4.843000,0.189000,0.915327,68,1,3.855000,62.000000,0,0,1,1,0,0,0,0,0,0,1,T1_night_no_pv,场景12.CSV,9501.030928,2.639175,0.637258,0.770651,6.000000,79.800000,62.000000,-0.915327
DATA,1303224,0,65.800000,1,0.663000,0.000000,0.000000,1,7.710000,0.011000,0.084810,71.875000,1,4.843000,0.188000,0.910484,68,1,3.854000,62.000000,0,0,1,1,0,0,0,0,0,0,1,T1_night_no_pv,场景12.CSV,9575.257732,2.659794,0.641408,0.767200,6.000000,79.800000,62.000000,-0.910484
DATA,1313234,0,65.800000,1,0.663000,0.000000,0.000000,1,7.709000,0.011000,0.084799,71.812500,1,4.842000,0.188000,0.910296,68,1,3.854000,62.000000,0,0,1,1,0,0,0,0,0,0,1,T1_night_no_pv,场景12.CSV,9649.484536,2.680412,0.645540,0.763726,6.000000,79.800000,62.000000,-0.910296
DATA,1323244,0,65.000000,1,0.664000,0.000000,0.000000,1,7.709000,0.011000,0.084799,71.812500,1,4.843000,0.188000,0.910484,68,1,3.854000,62.000000,0,0,1,1,0,0,0,0,0,0,1,T1_night_no_pv,场景12.CSV,9723.711340,2.701031,0.649653,0.760231,6.000000,79.800000,62.000000,-0.910484
DATA,1333252,0,66.700000,1,0.664000,0.000000,0.000000,1,7.709000,0.011000,0.084799,71.812500,1,4.843000,0.188000,0.910484,68,1,3.854000,62.000000,0,0,1,1,0,0,0,0,0,0,1,T1_night_no_pv,场景12.CSV,9797.938144,2.721649,0.653747,0.756713,6.000000,79.800000,62.000000,-0.910484
DATA,1343255,0,66.700000,1,0.664000,0.000000,0.000000,1,7.708000,0.011000,0.084788,71.750000,1,4.843000,0.188000,0.910484,68,1,3.852000,61.800000,0,0,1,1,0,0,0,0,0,0,1,T1_night_no_pv,场景12.CSV,9872.164948,2.742268,0.657823,0.753173,6.000000,79.800000,61.800000,-0.910484
DATA,1353267,0,66.700000,1,0.663000,0.000000,0.000000,1,7.708000,0.011000,0.084788,71.750000,1,4.843000,0.188000,0.910484,68,1,3.852000,61.800000,0,0,1,1,0,0,0,0,0,0,1,T1_night_no_pv,场景12.CSV,9946.391753,2.762887,0.661879,0.749611,6.000000,79.800000,61.800000,-0.910484
DATA,1363286,0,66.700000,1,0.663000,0.000000,0.000000,1,7.708000,0.011000,0.084788,71.750000,1,4.843000,0.188000,0.910484,68,1,3.852000,61.800000,0,0,1,1,0,0,0,0,0,0,1,T1_night_no_pv,场景12.CSV,10020.618557,2.783505,0.665915,0.746027,6.000000,79.800000,61.800000,-0.910484
DATA,1373294,0,65.800000,1,0.663000,0.000000,0.000000,1,7.706000,0.011000,0.084766,71.625000,1,4.843000,0.188000,0.910484,68,1,3.852000,61.800000,0,0,1,1,0,0,0,0,0,0,1,T1_night_no_pv,场景12.CSV,10094.845361,2.804124,0.669933,0.742422,6.000000,79.800000,61.800000,-0.910484
DATA,1383304,0,65.000000,1,0.664000,0.000000,0.000000,1,7.706000,0.011000,0.084766,71.625000,1,4.843000,0.188000,0.910484,68,1,3.852000,61.800000,0,0,1,1,0,0,0,0,0,0,1,T1_night_no_pv,场景12.CSV,10169.072165,2.824742,0.673930,0.738795,6.000000,79.800000,61.800000,-0.910484
DATA,1393353,0,65.000000,1,0.664000,0.000000,0.000000,1,7.706000,0.011000,0.084766,71.625000,1,4.843000,0.188000,0.910484,68,1,3.852000,61.800000,0,0,1,1,0,0,0,0,0,0,1,T1_night_no_pv,场景12.CSV,10243.298969,2.845361,0.677908,0.735146,6.000000,79.800000,61.800000,-0.910484
DATA,1403364,0,65.000000,1,0.664000,0.000000,0.000000,1,7.706000,0.011000,0.084766,71.625000,1,4.843000,0.188000,0.910484,68,1,3.852000,61.800000,0,0,1,1,0,0,0,0,0,0,1,T1_night_no_pv,场景12.CSV,10317.525773,2.865979,0.681867,0.731476,6.000000,79.800000,61.800000,-0.910484
DATA,1413387,0,65.800000,1,0.665000,0.000000,0.000000,1,7.705000,0.011000,0.084755,71.562500,1,4.844000,0.188000,0.910672,68,1,3.852000,61.700000,0,0,1,1,0,0,0,0,0,0,1,T1_night_no_pv,场景12.CSV,10391.752577,2.886598,0.685805,0.727785,6.000000,79.800000,61.700000,-0.910672
DATA,1423407,0,65.800000,1,0.665000,0.000000,0.000000,1,7.705000,0.011000,0.084755,71.562500,1,4.844000,0.188000,0.910672,68,1,3.851000,61.700000,0,0,1,1,0,0,0,0,0,0,1,T1_night_no_pv,场景12.CSV,10465.979381,2.907216,0.689724,0.724073,6.000000,79.800000,61.700000,-0.910672
DATA,1433439,0,65.800000,1,0.664000,0.000000,0.000000,1,7.704000,0.011000,0.084744,71.500000,1,4.843000,0.188000,0.910484,68,1,3.851000,61.700000,0,0,1,1,0,0,0,0,0,0,1,T1_night_no_pv,场景12.CSV,10540.206186,2.927835,0.693622,0.720339,6.000000,79.800000,61.700000,-0.910484
DATA,1443480,0,65.000000,1,0.663000,0.000000,0.000000,1,7.702000,0.011000,0.084722,71.375000,1,4.843000,0.188000,0.910484,68,1,3.852000,61.700000,0,0,1,1,0,0,0,0,0,0,1,T1_night_no_pv,场景12.CSV,10614.432990,2.948454,0.697500,0.716584,6.000000,79.800000,61.700000,-0.910484
DATA,1453515,0,65.800000,1,0.664000,0.000000,0.000000,1,7.702000,0.011000,0.084722,71.375000,1,4.844000,0.188000,0.910672,68,1,3.851000,61.700000,0,0,1,1,0,0,0,0,0,0,1,T1_night_no_pv,场景12.CSV,10688.659794,2.969072,0.701358,0.712809,6.000000,79.800000,61.700000,-0.910672
DATA,1463556,0,65.800000,1,0.664000,0.000000,0.000000,1,7.701000,0.011000,0.084711,71.312500,1,4.843000,0.188000,0.910484,68,1,3.850000,61.700000,0,0,1,1,0,0,0,0,0,0,1,T1_night_no_pv,场景12.CSV,10762.886598,2.989691,0.705196,0.709013,6.000000,79.800000,61.700000,-0.910484
DATA,1473605,0,65.000000,1,0.665000,0.000000,0.000000,1,7.701000,0.011000,0.084711,71.312500,1,4.844000,0.188000,0.910672,68,1,3.851000,61.500000,0,0,1,1,0,0,0,0,0,0,1,T1_night_no_pv,场景12.CSV,10837.113402,3.010309,0.709013,0.705196,6.000000,79.800000,61.500000,-0.910672
DATA,1483650,0,65.800000,1,0.663000,0.000000,0.000000,1,7.700000,0.011000,0.084700,71.250000,1,4.843000,0.188000,0.910484,68,1,3.851000,61.500000,0,0,1,1,0,0,0,0,0,0,1,T1_night_no_pv,场景12.CSV,10911.340206,3.030928,0.712809,0.701358,6.000000,79.800000,61.500000,-0.910484
DATA,1493667,0,65.800000,1,0.664000,0.000000,0.000000,1,7.700000,0.011000,0.084700,71.250000,1,4.844000,0.188000,0.910672,68,1,3.850000,61.500000,0,0,1,1,0,0,0,0,0,0,1,T1_night_no_pv,场景12.CSV,10985.567010,3.051546,0.716584,0.697500,6.000000,79.800000,61.500000,-0.910672
DATA,1503670,0,65.800000,1,0.665000,0.000000,0.000000,1,7.697000,0.011000,0.084667,71.062500,1,4.844000,0.188000,0.910672,68,1,3.850000,61.500000,0,0,1,1,0,0,0,0,0,0,1,T1_night_no_pv,场景12.CSV,11059.793814,3.072165,0.720339,0.693622,6.000000,79.800000,61.500000,-0.910672
DATA,1513674,0,65.800000,1,0.665000,0.000000,0.000000,1,7.698000,0.011000,0.084678,71.125000,1,4.844000,0.188000,0.910672,68,1,3.850000,61.500000,0,0,1,1,0,0,0,0,0,0,1,T1_night_no_pv,场景12.CSV,11134.020619,3.092784,0.724073,0.689724,6.000000,79.800000,61.500000,-0.910672
DATA,1523693,0,65.800000,1,0.664000,0.000000,0.000000,1,7.697000,0.011000,0.084667,71.062500,1,4.844000,0.188000,0.910672,68,1,3.850000,61.500000,0,0,1,1,0,0,0,0,0,0,1,T1_night_no_pv,场景12.CSV,11208.247423,3.113402,0.727785,0.685805,6.000000,79.800000,61.500000,-0.910672
DATA,1533693,0,65.800000,1,0.663000,0.000000,0.000000,1,7.696000,0.011000,0.084656,71.000000,1,4.843000,0.188000,0.910484,68,1,3.850000,61.500000,0,0,1,1,0,0,0,0,0,0,1,T1_night_no_pv,场景12.CSV,11282.474227,3.134021,0.731476,0.681867,6.000000,79.800000,61.500000,-0.910484
DATA,1543701,0,65.800000,1,0.664000,0.000000,0.000000,1,7.695000,0.011000,0.084645,70.937500,1,4.844000,0.188000,0.910672,68,1,3.850000,61.400000,0,0,1,1,0,0,0,0,0,0,1,T1_night_no_pv,场景12.CSV,11356.701031,3.154639,0.735146,0.677908,6.000000,79.800000,61.400000,-0.910672
DATA,1553712,0,65.800000,1,0.664000,0.000000,0.000000,1,7.694000,0.011000,0.084634,70.875000,1,4.844000,0.188000,0.910672,68,1,3.849000,61.400000,0,0,1,1,0,0,0,0,0,0,1,T1_night_no_pv,场景12.CSV,11430.927835,3.175258,0.738795,0.673930,6.000000,79.800000,61.400000,-0.910672
DATA,1563760,0,65.800000,1,0.664000,0.000000,0.000000,1,7.692000,0.011000,0.084612,70.750000,1,4.844000,0.188000,0.910672,68,1,3.850000,61.400000,0,0,1,1,0,0,0,0,0,0,1,T1_night_no_pv,场景12.CSV,11505.154639,3.195876,0.742422,0.669933,6.000000,79.800000,61.400000,-0.910672
DATA,1573766,0,65.800000,1,0.664000,0.000000,0.000000,1,7.693000,0.011000,0.084623,70.812500,1,4.843000,0.188000,0.910484,68,1,3.850000,61.400000,0,0,1,1,0,0,0,0,0,0,1,T1_night_no_pv,场景12.CSV,11579.381443,3.216495,0.746027,0.665915,6.000000,79.800000,61.400000,-0.910484
DATA,1583794,0,65.800000,1,0.664000,0.000000,0.000000,1,7.693000,0.011000,0.084623,70.812500,1,4.844000,0.188000,0.910672,68,1,3.849000,61.400000,0,0,1,1,0,0,0,0,0,0,1,T1_night_no_pv,场景12.CSV,11653.608247,3.237113,0.749611,0.661879,6.000000,79.800000,61.400000,-0.910672
DATA,1593814,0,65.800000,1,0.665000,0.000000,0.000000,1,7.693000,0.011000,0.084623,70.812500,1,4.845000,0.189000,0.915705,68,1,3.849000,61.400000,0,0,1,1,0,0,0,0,0,0,1,T1_night_no_pv,场景12.CSV,11727.835052,3.257732,0.753173,0.657823,6.000000,79.800000,61.400000,-0.915705
DATA,1603850,0,65.800000,1,0.665000,0.000000,0.000000,1,7.692000,0.011000,0.084612,70.750000,1,4.845000,0.189000,0.915705,68,1,3.849000,61.400000,0,0,1,1,0,0,0,0,0,0,1,T1_night_no_pv,场景12.CSV,11802.061856,3.278351,0.756713,0.653747,6.000000,79.800000,61.400000,-0.915705
DATA,1613860,0,65.800000,1,0.665000,0.000000,0.000000,1,7.692000,0.011000,0.084612,70.750000,1,4.845000,0.188000,0.910860,68,1,3.847000,61.400000,0,0,1,1,0,0,0,0,0,0,1,T1_night_no_pv,场景12.CSV,11876.288660,3.298969,0.760231,0.649653,6.000000,79.800000,61.400000,-0.910860
DATA,1623902,0,65.800000,1,0.664000,0.000000,0.000000,1,7.690000,0.011000,0.084590,70.625000,1,4.844000,0.188000,0.910672,68,1,3.847000,61.400000,0,0,1,1,0,0,0,0,0,0,1,T1_night_no_pv,场景12.CSV,11950.515464,3.319588,0.763726,0.645540,6.000000,79.800000,61.400000,-0.910672
DATA,1633944,0,65.000000,1,0.664000,0.000000,0.000000,1,7.690000,0.011000,0.084590,70.625000,1,4.843000,0.188000,0.910484,68,1,3.847000,61.400000,0,0,1,1,0,0,0,0,0,0,1,T1_night_no_pv,场景12.CSV,12024.742268,3.340206,0.767200,0.641408,6.000000,79.800000,61.400000,-0.910484
DATA,1643951,0,65.800000,1,0.665000,0.000000,0.000000,1,7.690000,0.011000,0.084590,70.625000,1,4.845000,0.188000,0.910860,68,1,3.847000,61.400000,0,0,1,1,0,0,0,0,0,0,1,T1_night_no_pv,场景12.CSV,12098.969072,3.360825,0.770651,0.637258,6.000000,79.800000,61.400000,-0.910860
DATA,1653954,0,67.500000,1,0.665000,0.000000,0.000000,1,7.690000,0.011000,0.084590,70.625000,1,4.844000,0.188000,0.910672,68,1,3.847000,61.400000,0,0,1,1,0,0,0,0,0,0,1,T1_night_no_pv,场景12.CSV,12173.195876,3.381443,0.774079,0.633088,6.000000,79.800000,61.400000,-0.910672
DATA,1663971,0,65.000000,1,0.665000,0.000000,0.000000,1,7.689000,0.011000,0.084579,70.562500,1,4.844000,0.188000,0.910672,68,1,3.847000,61.400000,0,0,1,1,0,0,0,0,0,0,1,T1_night_no_pv,场景12.CSV,12247.422680,3.402062,0.777486,0.628901,6.000000,79.800000,61.400000,-0.910672
DATA,1673983,0,48.300000,1,0.664000,0.000000,0.000000,1,7.688000,0.011000,0.084568,70.500000,1,4.843000,0.188000,0.910484,68,1,3.846000,61.400000,0,0,1,1,0,0,0,0,0,0,1,T1_night_no_pv,场景12.CSV,12321.649485,3.422680,0.780869,0.624695,6.000000,79.800000,61.400000,-0.910484
DATA,1684005,0,67.500000,1,0.663000,0.000000,0.000000,1,7.687000,0.011000,0.084557,70.437500,1,4.843000,0.188000,0.910484,68,1,3.846000,61.100000,0,0,1,1,0,0,0,0,0,0,1,T1_night_no_pv,场景12.CSV,12395.876289,3.443299,0.784230,0.620471,6.000000,79.800000,61.100000,-0.910484
DATA,1694043,0,67.500000,1,0.664000,0.000000,0.000000,1,7.688000,0.011000,0.084568,70.500000,1,4.843000,0.188000,0.910484,68,1,3.847000,61.100000,0,0,1,1,0,0,0,0,0,0,1,T1_night_no_pv,场景12.CSV,12470.103093,3.463918,0.787567,0.616228,6.000000,79.800000,61.100000,-0.910484
DATA,1704081,0,65.800000,1,0.665000,0.000000,0.000000,1,7.687000,0.011000,0.084557,70.437500,1,4.843000,0.188000,0.910484,68,1,3.845000,61.100000,0,0,1,1,0,0,0,0,0,0,1,T1_night_no_pv,场景12.CSV,12544.329897,3.484536,0.790882,0.611968,6.000000,79.800000,61.100000,-0.910484
DATA,1714123,0,65.800000,1,0.665000,0.000000,0.000000,1,7.686000,0.011000,0.084546,70.375000,1,4.844000,0.188000,0.910672,68,1,3.846000,61.100000,0,0,1,1,0,0,0,0,0,0,1,T1_night_no_pv,场景12.CSV,12618.556701,3.505155,0.794174,0.607690,6.000000,79.800000,61.100000,-0.910672
DATA,1724133,0,53.300000,1,0.664000,0.000000,0.000000,1,7.685000,0.011000,0.084535,70.312500,1,4.844000,0.188000,0.910672,68,1,3.845000,61.100000,0,0,1,1,0,0,0,0,0,0,1,T1_night_no_pv,场景12.CSV,12692.783505,3.525773,0.797443,0.603395,6.000000,79.800000,61.100000,-0.910672
DATA,1734139,0,66.700000,1,0.664000,0.000000,0.000000,1,7.684000,0.011000,0.084524,70.250000,1,4.843000,0.188000,0.910484,68,1,3.845000,61.100000,0,0,1,1,0,0,0,0,0,0,1,T1_night_no_pv,场景12.CSV,12767.010309,3.546392,0.800688,0.599081,6.000000,79.800000,61.100000,-0.910484
DATA,1744152,0,67.500000,1,0.664000,0.000000,0.000000,1,7.683000,0.011000,0.084513,70.187500,1,4.843000,0.188000,0.910484,68,1,3.845000,61.100000,0,0,1,1,0,0,0,0,0,0,1,T1_night_no_pv,场景12.CSV,12841.237113,3.567010,0.803910,0.594750,6.000000,79.800000,61.100000,-0.910484
DATA,1754186,0,67.500000,1,0.665000,0.000000,0.000000,1,7.683000,0.011000,0.084513,70.187500,1,4.843000,0.188000,0.910484,68,1,3.845000,61.100000,0,0,1,1,0,0,0,0,0,0,1,T1_night_no_pv,场景12.CSV,12915.463918,3.587629,0.807109,0.590402,6.000000,79.800000,61.100000,-0.910484
DATA,1764190,0,67.500000,1,0.665000,0.000000,0.000000,1,7.683000,0.011000,0.084513,70.187500,1,4.843000,0.188000,0.910484,68,1,3.845000,61.100000,0,0,1,1,0,0,0,0,0,0,1,T1_night_no_pv,场景12.CSV,12989.690722,3.608247,0.810284,0.586037,6.000000,79.800000,61.100000,-0.910484
DATA,1774240,0,65.800000,1,0.663000,0.000000,0.000000,1,7.683000,0.011000,0.084513,70.187500,1,4.843000,0.188000,0.910484,68,1,3.845000,61.100000,0,0,1,1,0,0,0,0,0,0,1,T1_night_no_pv,场景12.CSV,13063.917526,3.628866,0.813436,0.581655,6.000000,79.800000,61.100000,-0.910484
DATA,1784265,0,67.500000,1,0.663000,0.000000,0.000000,1,7.682000,0.011000,0.084502,70.125000,1,4.842000,0.188000,0.910296,68,1,3.845000,61.100000,0,0,1,1,0,0,0,0,0,0,1,T1_night_no_pv,场景12.CSV,13138.144330,3.649485,0.816564,0.577255,6.000000,79.800000,61.100000,-0.910296
DATA,1794300,0,67.500000,1,0.664000,0.000000,0.000000,1,7.681000,0.011000,0.084491,70.062500,1,4.843000,0.188000,0.910484,68,1,3.845000,61.100000,5,0,1,1,0,0,0,0,0,0,1,T1_night_no_pv,场景12.CSV,13212.371134,3.670103,0.819668,0.572839,6.000000,79.800000,61.100000,-0.910484
DATA,1804305,0,67.500000,1,0.664000,0.000000,0.000000,1,7.679000,0.011000,0.084469,69.937500,1,4.843000,0.188000,0.910484,68,1,3.845000,61.100000,0,0,1,1,0,0,0,0,0,0,1,T1_night_no_pv,场景12.CSV,13286.597938,3.690722,0.822748,0.568406,6.000000,79.800000,61.100000,-0.910484
DATA,1814346,0,67.500000,1,0.664000,0.000000,0.000000,1,7.680000,0.011000,0.084480,70.000000,1,4.843000,0.188000,0.910484,68,1,3.845000,60.700000,0,0,1,1,0,0,0,0,0,0,1,T1_night_no_pv,场景12.CSV,13360.824742,3.711340,0.825804,0.563957,6.000000,79.800000,60.700000,-0.910484
DATA,1824349,0,67.500000,1,0.664000,0.000000,0.000000,1,7.679000,0.011000,0.084469,69.937500,1,4.843000,0.188000,0.910484,68,1,3.845000,60.700000,0,0,1,1,0,0,0,0,0,0,1,T1_night_no_pv,场景12.CSV,13435.051546,3.731959,0.828836,0.559491,6.000000,79.800000,60.700000,-0.910484
DATA,1834364,0,67.500000,1,0.664000,0.000000,0.000000,1,7.677000,0.011000,0.084447,69.812500,1,4.843000,0.188000,0.910484,68,1,3.844000,60.700000,0,0,1,1,0,0,0,0,0,0,1,T1_night_no_pv,场景12.CSV,13509.278351,3.752577,0.831844,0.555009,6.000000,79.700000,60.700000,-0.910484
DATA,1844401,0,67.500000,1,0.664000,0.000000,0.000000,1,7.678000,0.011000,0.084458,69.875000,1,4.843000,0.188000,0.910484,68,1,3.844000,60.700000,0,0,1,1,0,0,0,0,0,0,1,T1_night_no_pv,场景12.CSV,13583.505155,3.773196,0.834828,0.550511,6.000000,79.700000,60.700000,-0.910484
DATA,1854425,0,67.500000,1,0.663000,0.000000,0.000000,1,7.677000,0.011000,0.084447,69.812500,1,4.843000,0.188000,0.910484,68,1,3.842000,60.700000,0,0,1,1,0,0,0,0,0,0,1,T1_night_no_pv,场景12.CSV,13657.731959,3.793814,0.837787,0.545996,6.000000,79.700000,60.700000,-0.910484
DATA,1864434,0,67.500000,1,0.664000,0.000000,0.000000,1,7.675000,0.011000,0.084425,69.687500,1,4.841000,0.188000,0.910108,68,1,3.844000,60.700000,0,0,1,1,0,0,0,0,0,0,1,T1_night_no_pv,场景12.CSV,13731.958763,3.814433,0.840723,0.541466,6.000000,79.700000,60.700000,-0.910108
DATA,1874438,0,67.500000,1,0.665000,0.000000,0.000000,1,7.677000,0.011000,0.084447,69.812500,1,4.844000,0.188000,0.910672,68,1,3.842000,60.700000,0,0,1,1,0,0,0,0,0,0,1,T1_night_no_pv,场景12.CSV,13806.185567,3.835052,0.843633,0.536920,6.000000,79.700000,60.700000,-0.910672
DATA,1884448,0,67.500000,1,0.665000,0.000000,0.000000,1,7.675000,0.011000,0.084425,69.687500,1,4.843000,0.188000,0.910484,68,1,3.842000,60.700000,0,0,1,1,0,0,0,0,0,0,1,T1_night_no_pv,场景12.CSV,13880.412371,3.855670,0.846519,0.532359,6.000000,79.700000,60.700000,-0.910484
DATA,1894476,0,67.500000,1,0.665000,0.000000,0.000000,1,7.676000,0.011000,0.084436,69.750000,1,4.844000,0.188000,0.910672,68,1,3.842000,60.700000,0,0,1,1,0,0,0,0,0,0,1,T1_night_no_pv,场景12.CSV,13954.639175,3.876289,0.849380,0.527781,6.000000,79.700000,60.700000,-0.910672
DATA,1904490,0,67.500000,1,0.664000,0.000000,0.000000,1,7.675000,0.011000,0.084425,69.687500,1,4.842000,0.188000,0.910296,68,1,3.842000,60.700000,0,0,1,1,0,0,0,0,0,0,1,T1_night_no_pv,场景12.CSV,14028.865979,3.896907,0.852217,0.523189,6.000000,79.700000,60.700000,-0.910296
DATA,1914530,0,67.500000,1,0.664000,0.000000,0.000000,1,7.674000,0.011000,0.084414,69.625000,1,4.843000,0.188000,0.910484,68,1,3.842000,60.700000,0,0,1,1,0,0,0,0,0,0,1,T1_night_no_pv,场景12.CSV,14103.092784,3.917526,0.855029,0.518581,6.000000,79.700000,60.700000,-0.910484
DATA,1924568,0,67.500000,1,0.664000,0.000000,0.000000,1,7.674000,0.011000,0.084414,69.625000,1,4.843000,0.188000,0.910484,68,1,3.842000,60.700000,0,0,1,1,0,0,0,0,0,0,1,T1_night_no_pv,场景12.CSV,14177.319588,3.938144,0.857815,0.513958,6.000000,79.700000,60.700000,-0.910484
DATA,1934604,0,67.500000,1,0.665000,0.000000,0.000000,1,7.674000,0.011000,0.084414,69.625000,1,4.843000,0.188000,0.910484,68,1,3.842000,60.700000,0,0,1,1,0,0,0,0,0,0,1,T1_night_no_pv,场景12.CSV,14251.546392,3.958763,0.860577,0.509320,6.000000,79.700000,60.700000,-0.910484
DATA,1944620,0,67.500000,1,0.664000,0.000000,0.000000,1,7.673000,0.011000,0.084403,69.562500,1,4.842000,0.188000,0.910296,68,1,3.842000,60.400000,0,0,1,1,0,0,0,0,0,0,1,T1_night_no_pv,场景12.CSV,14325.773196,3.979381,0.863314,0.504667,6.000000,79.700000,60.400000,-0.910296
DATA,1954625,0,67.500000,1,0.664000,0.000000,0.000000,1,7.672000,0.011000,0.084392,69.500000,1,4.842000,0.188000,0.910296,68,1,3.842000,60.400000,0,0,1,1,0,0,0,0,0,0,1,T1_night_no_pv,场景12.CSV,14400.000000,4.000000,0.866025,0.500000,6.000000,79.700000,60.400000,-0.910296
DATA,1964662,0,66.700000,1,0.665000,0.000000,0.000000,1,7.672000,0.011000,0.084392,69.500000,1,4.843000,0.188000,0.910484,68,1,3.842000,60.400000,0,0,1,1,0,0,0,0,0,0,1,T1_night_no_pv,场景12.CSV,14474.226804,4.020619,0.868712,0.495318,6.000000,79.700000,60.400000,-0.910484
DATA,1974663,0,67.500000,1,0.665000,0.000000,0.000000,1,7.670000,0.011000,0.084370,69.375000,1,4.844000,0.188000,0.910672,68,1,3.840000,60.400000,0,0,1,1,0,0,0,0,0,0,1,T1_night_no_pv,场景12.CSV,14548.453608,4.041237,0.871373,0.490622,6.000000,79.700000,60.400000,-0.910672
DATA,1984688,0,67.500000,1,0.665000,0.000000,0.000000,1,7.670000,0.011000,0.084370,69.375000,1,4.843000,0.188000,0.910484,68,1,3.840000,60.400000,0,0,1,1,0,0,0,0,0,0,1,T1_night_no_pv,场景12.CSV,14622.680412,4.061856,0.874008,0.485911,6.000000,79.700000,60.400000,-0.910484
DATA,1994704,0,67.500000,1,0.664000,0.000000,0.000000,1,7.670000,0.011000,0.084370,69.375000,1,4.843000,0.188000,0.910484,68,1,3.840000,60.400000,0,0,1,1,0,0,0,0,0,0,1,T1_night_no_pv,场景12.CSV,14696.907216,4.082474,0.876619,0.481186,6.000000,79.700000,60.400000,-0.910484
DATA,2004705,0,67.500000,1,0.664000,0.000000,0.000000,1,7.669000,0.011000,0.084359,69.312500,1,4.842000,0.188000,0.910296,68,1,3.840000,60.400000,0,0,1,1,0,0,0,0,0,0,1,T1_night_no_pv,场景12.CSV,14771.134021,4.103093,0.879203,0.476447,6.000000,79.700000,60.400000,-0.910296
DATA,2014744,0,67.500000,1,0.665000,0.000000,0.000000,1,7.669000,0.011000,0.084359,69.312500,1,4.842000,0.188000,0.910296,68,1,3.840000,60.400000,0,0,1,1,0,0,0,0,0,0,1,T1_night_no_pv,场景12.CSV,14845.360825,4.123711,0.881762,0.471694,6.000000,79.700000,60.400000,-0.910296
DATA,2024760,0,67.500000,1,0.664000,0.000000,0.000000,1,7.669000,0.011000,0.084359,69.312500,1,4.843000,0.188000,0.910484,68,1,3.840000,60.400000,0,0,1,1,0,0,0,0,0,0,1,T1_night_no_pv,场景12.CSV,14919.587629,4.144330,0.884295,0.466928,6.000000,79.700000,60.400000,-0.910484
DATA,2034765,0,67.500000,1,0.664000,0.000000,0.000000,1,7.668000,0.011000,0.084348,69.250000,1,4.843000,0.188000,0.910484,68,1,3.840000,60.400000,0,0,1,1,0,0,0,0,0,0,1,T1_night_no_pv,场景12.CSV,14993.814433,4.164948,0.886803,0.462148,6.000000,79.700000,60.400000,-0.910484
DATA,2044810,0,67.500000,1,0.665000,0.000000,0.000000,1,7.667000,0.011000,0.084337,69.187500,1,4.843000,0.188000,0.910484,68,1,3.840000,60.400000,0,0,1,1,0,0,0,0,0,0,1,T1_night_no_pv,场景12.CSV,15068.041237,4.185567,0.889285,0.457354,6.000000,79.700000,60.400000,-0.910484
DATA,2054824,0,67.500000,1,0.665000,0.000000,0.000000,1,7.668000,0.011000,0.084348,69.250000,1,4.843000,0.188000,0.910484,68,1,3.840000,60.400000,0,0,1,1,0,0,0,0,0,0,1,T1_night_no_pv,场景12.CSV,15142.268041,4.206186,0.891741,0.452547,6.000000,79.700000,60.400000,-0.910484
DATA,2064876,0,67.500000,1,0.664000,0.000000,0.000000,1,7.668000,0.011000,0.084348,69.250000,1,4.842000,0.188000,0.910296,68,1,3.839000,60.100000,0,0,1,1,0,0,0,0,0,0,1,T1_night_no_pv,场景12.CSV,15216.494845,4.226804,0.894170,0.447727,6.000000,79.700000,60.100000,-0.910296
DATA,2074886,0,67.500000,1,0.663000,0.000000,0.000000,1,7.666000,0.011000,0.084326,69.125000,1,4.842000,0.188000,0.910296,68,1,3.840000,60.100000,0,0,1,1,0,0,0,0,0,0,1,T1_night_no_pv,场景12.CSV,15290.721649,4.247423,0.896574,0.442894,6.000000,79.700000,60.100000,-0.910296
DATA,2084921,0,67.500000,1,0.664000,0.000000,0.000000,1,7.666000,0.011000,0.084326,69.125000,1,4.843000,0.188000,0.910484,68,1,3.839000,60.100000,0,0,1,1,0,0,0,0,0,0,1,T1_night_no_pv,场景12.CSV,15364.948454,4.268041,0.898952,0.438048,6.000000,79.700000,60.100000,-0.910484
DATA,2094960,0,67.500000,1,0.665000,0.000000,0.000000,1,7.665000,0.011000,0.084315,69.062500,1,4.843000,0.188000,0.910484,68,1,3.837000,60.100000,0,0,1,1,0,0,0,0,0,0,1,T1_night_no_pv,场景12.CSV,15439.175258,4.288660,0.901303,0.433189,6.000000,79.700000,60.100000,-0.910484
DATA,2104985,0,67.500000,1,0.664000,0.000000,0.000000,1,7.664000,0.011000,0.084304,69.000000,1,4.843000,0.188000,0.910484,68,1,3.837000,60.100000,0,0,1,1,0,0,0,0,0,0,1,T1_night_no_pv,场景12.CSV,15513.402062,4.309278,0.903628,0.428317,6.000000,79.700000,60.100000,-0.910484
DATA,2114996,0,67.500000,1,0.664000,0.000000,0.000000,1,7.664000,0.011000,0.084304,69.000000,1,4.843000,0.188000,0.910484,68,1,3.839000,60.100000,0,0,1,1,0,0,0,0,0,0,1,T1_night_no_pv,场景12.CSV,15587.628866,4.329897,0.905927,0.423433,6.000000,79.700000,60.100000,-0.910484
DATA,2125022,0,67.500000,1,0.664000,0.000000,0.000000,1,7.663000,0.011000,0.084293,68.937500,1,4.843000,0.188000,0.910484,68,1,3.839000,60.100000,0,0,1,1,0,0,0,0,0,0,1,T1_night_no_pv,场景12.CSV,15661.855670,4.350515,0.908200,0.418537,6.000000,79.700000,60.100000,-0.910484
DATA,2135028,0,67.500000,1,0.664000,0.000000,0.000000,1,7.663000,0.011000,0.084293,68.937500,1,4.842000,0.188000,0.910296,68,1,3.839000,60.100000,0,0,1,1,0,0,0,0,0,0,1,T1_night_no_pv,场景12.CSV,15736.082474,4.371134,0.910446,0.413629,6.000000,79.700000,60.100000,-0.910296
DATA,2145040,0,67.500000,1,0.663000,0.000000,0.000000,1,7.661000,0.011000,0.084271,68.812500,1,4.841000,0.188000,0.910108,68,1,3.837000,60.100000,0,0,1,1,0,0,0,0,0,0,1,T1_night_no_pv,场景12.CSV,15810.309278,4.391753,0.912665,0.408708,6.000000,79.700000,60.100000,-0.910108
DATA,2155068,0,67.500000,1,0.665000,0.000000,0.000000,1,7.662000,0.011000,0.084282,68.875000,1,4.843000,0.188000,0.910484,68,1,3.837000,60.100000,0,0,1,1,0,0,0,0,0,0,1,T1_night_no_pv,场景12.CSV,15884.536082,4.412371,0.914858,0.403776,6.000000,79.700000,60.100000,-0.910484
DATA,2165090,0,67.500000,1,0.664000,0.000000,0.000000,1,7.660000,0.011000,0.084260,68.750000,1,4.843000,0.188000,0.910484,68,1,3.837000,60.100000,0,0,1,1,0,0,0,0,0,0,1,T1_night_no_pv,场景12.CSV,15958.762887,4.432990,0.917024,0.398832,6.000000,79.700000,60.100000,-0.910484
DATA,2175095,0,67.500000,1,0.664000,0.000000,0.000000,1,7.660000,0.011000,0.084260,68.750000,1,4.843000,0.188000,0.910484,68,1,3.837000,60.100000,0,0,1,1,0,0,0,0,0,0,1,T1_night_no_pv,场景12.CSV,16032.989691,4.453608,0.919164,0.393876,6.000000,79.700000,60.100000,-0.910484
DATA,2185098,0,67.500000,1,0.664000,0.000000,0.000000,1,7.660000,0.011000,0.084260,68.750000,1,4.842000,0.188000,0.910296,68,1,3.837000,59.800000,0,0,1,1,0,0,0,0,0,0,1,T1_night_no_pv,场景12.CSV,16107.216495,4.474227,0.921276,0.388908,6.000000,79.700000,59.800000,-0.910296
DATA,2195113,0,67.500000,1,0.665000,0.000000,0.000000,1,7.659000,0.011000,0.084249,68.687500,1,4.843000,0.188000,0.910484,68,1,3.836000,59.800000,0,0,1,1,0,0,0,0,0,0,1,T1_night_no_pv,场景12.CSV,16181.443299,4.494845,0.923362,0.383930,6.000000,79.700000,59.800000,-0.910484
DATA,2205157,0,67.500000,1,0.664000,0.000000,0.000000,1,7.658000,0.011000,0.084238,68.625000,1,4.843000,0.188000,0.910484,68,1,3.836000,59.800000,0,0,1,1,0,0,0,0,0,0,1,T1_night_no_pv,场景12.CSV,16255.670103,4.515464,0.925421,0.378940,6.000000,79.700000,59.800000,-0.910484
DATA,2215181,0,67.500000,1,0.664000,0.000000,0.000000,1,7.659000,0.011000,0.084249,68.687500,1,4.843000,0.188000,0.910484,68,1,3.836000,59.800000,0,0,1,1,0,0,0,0,0,0,1,T1_night_no_pv,场景12.CSV,16329.896907,4.536082,0.927453,0.373939,6.000000,79.700000,59.800000,-0.910484
DATA,2225187,0,67.500000,1,0.663000,0.000000,0.000000,1,7.657000,0.011000,0.084227,68.562500,1,4.842000,0.188000,0.910296,68,1,3.836000,59.800000,0,0,1,1,0,0,0,0,0,0,1,T1_night_no_pv,场景12.CSV,16404.123711,4.556701,0.929458,0.368927,6.000000,79.700000,59.800000,-0.910296
DATA,2235191,0,67.500000,1,0.664000,0.000000,0.000000,1,7.659000,0.011000,0.084249,68.687500,1,4.843000,0.188000,0.910484,68,1,3.836000,59.800000,0,0,1,1,0,0,0,0,0,0,1,T1_night_no_pv,场景12.CSV,16478.350515,4.577320,0.931436,0.363905,6.000000,79.700000,59.800000,-0.910484
DATA,2245224,0,67.500000,1,0.664000,0.000000,0.000000,1,7.659000,0.011000,0.084249,68.687500,1,4.842000,0.188000,0.910296,68,1,3.835000,59.800000,0,0,1,1,0,0,0,0,0,0,1,T1_night_no_pv,场景12.CSV,16552.577320,4.597938,0.933387,0.358872,6.000000,79.700000,59.800000,-0.910296
DATA,2255246,0,67.500000,1,0.665000,0.000000,0.000000,1,7.658000,0.011000,0.084238,68.625000,1,4.842000,0.188000,0.910296,68,1,3.835000,59.800000,0,0,1,1,0,0,0,0,0,0,1,T1_night_no_pv,场景12.CSV,16626.804124,4.618557,0.935310,0.353828,6.000000,79.700000,59.800000,-0.910296
DATA,2265266,0,67.500000,1,0.664000,0.000000,0.000000,1,7.657000,0.011000,0.084227,68.562500,1,4.842000,0.188000,0.910296,68,1,3.835000,59.800000,0,0,1,1,0,0,0,0,0,0,1,T1_night_no_pv,场景12.CSV,16701.030928,4.639175,0.937207,0.348774,6.000000,79.700000,59.800000,-0.910296
DATA,2275316,0,66.700000,1,0.664000,0.000000,0.000000,1,7.657000,0.011000,0.084227,68.562500,1,4.842000,0.188000,0.910296,68,1,3.835000,59.800000,0,0,1,1,0,0,0,0,0,0,1,T1_night_no_pv,场景12.CSV,16775.257732,4.659794,0.939076,0.343710,6.000000,79.700000,59.800000,-0.910296
DATA,2285366,0,65.800000,1,0.664000,0.000000,0.000000,1,7.655000,0.011000,0.084205,68.437500,1,4.843000,0.188000,0.910484,68,1,3.835000,59.800000,0,0,1,1,0,0,0,0,0,0,1,T1_night_no_pv,场景12.CSV,16849.484536,4.680412,0.940917,0.338636,6.000000,79.700000,59.800000,-0.910484
DATA,2295381,0,63.300000,1,0.664000,0.000000,0.000000,1,7.656000,0.011000,0.084216,68.500000,1,4.843000,0.188000,0.910484,68,1,3.834000,59.500000,0,0,1,1,0,0,0,0,0,0,1,T1_night_no_pv,场景12.CSV,16923.711340,4.701031,0.942732,0.333552,6.000000,79.700000,59.500000,-0.910484
DATA,2305423,0,65.800000,1,0.664000,0.000000,0.000000,1,7.655000,0.011000,0.084205,68.437500,1,4.842000,0.188000,0.910296,68,1,3.835000,59.500000,0,0,1,1,0,0,0,0,0,0,1,T1_night_no_pv,场景12.CSV,16997.938144,4.721649,0.944518,0.328459,6.000000,79.700000,59.500000,-0.910296
DATA,2315425,0,65.800000,1,0.664000,0.000000,0.000000,1,7.655000,0.011000,0.084205,68.437500,1,4.842000,0.188000,0.910296,68,1,3.834000,59.500000,0,0,1,1,0,0,0,0,0,0,1,T1_night_no_pv,场景12.CSV,17072.164948,4.742268,0.946278,0.323356,6.000000,79.700000,59.500000,-0.910296
DATA,2325434,0,65.800000,1,0.665000,0.000000,0.000000,1,7.655000,0.011000,0.084205,68.437500,1,4.843000,0.188000,0.910484,68,1,3.834000,59.500000,0,0,1,1,0,0,0,0,0,0,1,T1_night_no_pv,场景12.CSV,17146.391753,4.762887,0.948009,0.318243,6.000000,79.700000,59.500000,-0.910484
DATA,2335468,0,67.500000,1,0.665000,0.000000,0.000000,1,7.654000,0.011000,0.084194,68.375000,1,4.842000,0.188000,0.910296,68,1,3.834000,59.500000,0,0,1,1,0,0,0,0,0,0,1,T1_night_no_pv,场景12.CSV,17220.618557,4.783505,0.949713,0.313121,6.000000,79.700000,59.500000,-0.910296
DATA,2345507,0,65.000000,1,0.665000,0.000000,0.000000,1,7.653000,0.011000,0.084183,68.312500,1,4.842000,0.188000,0.910296,68,1,3.834000,59.500000,0,0,1,1,0,0,0,0,0,0,1,T1_night_no_pv,场景12.CSV,17294.845361,4.804124,0.951390,0.307990,6.000000,79.700000,59.500000,-0.910296
DATA,2355543,0,44.200000,1,0.664000,0.000000,0.000000,1,7.653000,0.011000,0.084183,68.312500,1,4.842000,0.188000,0.910296,68,1,3.834000,59.500000,0,0,1,1,0,0,0,0,0,0,1,T1_night_no_pv,场景12.CSV,17369.072165,4.824742,0.953038,0.302850,6.000000,79.700000,59.500000,-0.910296
DATA,2365571,0,65.000000,1,0.664000,0.000000,0.000000,1,7.653000,0.011000,0.084183,68.312500,1,4.842000,0.188000,0.910296,68,1,3.834000,59.500000,0,0,1,1,0,0,0,0,0,0,1,T1_night_no_pv,场景12.CSV,17443.298969,4.845361,0.954659,0.297701,6.000000,79.700000,59.500000,-0.910296
DATA,2375592,0,66.700000,1,0.664000,0.000000,0.000000,1,7.652000,0.011000,0.084172,68.250000,1,4.842000,0.188000,0.910296,68,1,3.832000,59.500000,0,0,1,1,0,0,0,0,0,0,1,T1_night_no_pv,场景12.CSV,17517.525773,4.865979,0.956252,0.292544,6.000000,79.700000,59.500000,-0.910296
DATA,2385613,0,67.500000,1,0.665000,0.000000,0.000000,1,7.651000,0.011000,0.084161,68.187500,1,4.843000,0.188000,0.910484,68,1,3.832000,59.500000,0,0,1,1,0,0,0,0,0,0,1,T1_night_no_pv,场景12.CSV,17591.752577,4.886598,0.957817,0.287378,6.000000,79.700000,59.500000,-0.910484
DATA,2395647,0,45.800000,1,0.664000,0.000000,0.000000,1,7.650000,0.011000,0.084150,68.125000,1,4.842000,0.188000,0.910296,68,1,3.832000,59.500000,0,0,1,1,0,0,0,0,0,0,1,T1_night_no_pv,场景12.CSV,17665.979381,4.907216,0.959355,0.282203,6.000000,79.700000,59.500000,-0.910296
DATA,2405690,0,51.700000,1,0.663000,0.000000,0.000000,1,7.648000,0.011000,0.084128,68.000000,1,4.842000,0.188000,0.910296,68,1,3.832000,59.200000,0,0,1,1,0,0,0,0,0,0,1,T1_night_no_pv,场景12.CSV,17740.206186,4.927835,0.960864,0.277021,6.000000,79.700000,59.200000,-0.910296
DATA,2415723,0,50.000000,1,0.664000,0.000000,0.000000,1,7.649000,0.011000,0.084139,68.062500,1,4.842000,0.188000,0.910296,68,1,3.832000,59.200000,0,0,1,1,0,0,0,0,0,0,1,T1_night_no_pv,场景12.CSV,17814.432990,4.948454,0.962345,0.271830,6.000000,79.700000,59.200000,-0.910296
DATA,2425753,0,62.500000,1,0.664000,0.000000,0.000000,1,7.649000,0.011000,0.084139,68.062500,1,4.842000,0.188000,0.910296,68,1,3.832000,59.200000,0,0,1,1,0,0,0,0,0,0,1,T1_night_no_pv,场景12.CSV,17888.659794,4.969072,0.963799,0.266631,6.000000,79.700000,59.200000,-0.910296
DATA,2435758,0,76.700000,1,0.664000,0.000000,0.000000,1,7.648000,0.011000,0.084128,68.000000,1,4.842000,0.188000,0.910296,68,1,3.832000,59.200000,0,0,1,1,0,0,0,0,0,0,1,T1_night_no_pv,场景12.CSV,17962.886598,4.989691,0.965224,0.261425,6.000000,79.700000,59.200000,-0.910296
DATA,2445789,0,94.200000,1,0.664000,0.000000,0.000000,1,7.647000,0.011000,0.084117,67.937500,1,4.842000,0.188000,0.910296,68,1,3.831000,59.200000,0,0,1,1,0,0,0,0,0,0,1,T1_night_no_pv,场景12.CSV,18037.113402,5.010309,0.966621,0.256211,6.000000,79.700000,59.200000,-0.910296
DATA,2455826,0,101.700000,1,0.663000,0.000000,0.000000,1,7.645000,0.011000,0.084095,67.812500,1,4.841000,0.188000,0.910108,68,1,3.832000,59.200000,0,0,1,1,0,0,0,0,0,0,1,T1_night_no_pv,场景12.CSV,18111.340206,5.030928,0.967990,0.250990,6.000000,79.700000,59.200000,-0.910108
DATA,2465830,0,101.700000,1,0.665000,0.000000,0.000000,1,7.646000,0.011000,0.084106,67.875000,1,4.842000,0.188000,0.910296,68,1,3.832000,59.200000,0,0,1,1,0,0,0,0,0,0,1,T1_night_no_pv,场景12.CSV,18185.567010,5.051546,0.969330,0.245761,6.000000,79.700000,59.200000,-0.910296
DATA,2475878,0,104.200000,1,0.664000,0.000000,0.000000,1,7.647000,0.011000,0.084117,67.937500,1,4.842000,0.188000,0.910296,68,1,3.832000,59.200000,0,0,1,1,0,0,0,0,0,0,1,T1_night_no_pv,场景12.CSV,18259.793814,5.072165,0.970643,0.240525,6.000000,79.700000,59.200000,-0.910296
DATA,2485913,0,104.200000,1,0.663000,0.000000,0.000000,1,7.646000,0.011000,0.084106,67.875000,1,4.842000,0.188000,0.910296,68,1,3.831000,59.200000,0,0,1,1,0,0,0,0,0,0,1,T1_night_no_pv,场景12.CSV,18334.020619,5.092784,0.971927,0.235282,6.000000,79.700000,59.200000,-0.910296
DATA,2495955,0,104.200000,1,0.664000,0.000000,0.000000,1,7.646000,0.011000,0.084106,67.875000,1,4.842000,0.188000,0.910296,68,1,3.830000,59.200000,0,0,1,1,0,0,0,0,0,0,1,T1_night_no_pv,场景12.CSV,18408.247423,5.113402,0.973183,0.230032,6.000000,79.700000,59.200000,-0.910296
DATA,2506006,0,104.200000,1,0.665000,0.000000,0.000000,1,7.645000,0.011000,0.084095,67.812500,1,4.842000,0.188000,0.910296,68,1,3.831000,59.200000,0,0,1,1,0,0,0,0,0,0,1,T1_night_no_pv,场景12.CSV,18482.474227,5.134021,0.974411,0.224776,6.000000,79.700000,59.200000,-0.910296
DATA,2516016,0,104.200000,1,0.664000,0.000000,0.000000,1,7.645000,0.011000,0.084095,67.812500,1,4.842000,0.188000,0.910296,68,1,3.831000,58.800000,0,0,1,1,0,0,0,0,0,0,1,T1_night_no_pv,场景12.CSV,18556.701031,5.154639,0.975610,0.219513,6.000000,79.700000,58.800000,-0.910296
DATA,2526030,0,104.200000,1,0.664000,0.000000,0.000000,1,7.644000,0.011000,0.084084,67.750000,1,4.842000,0.188000,0.910296,68,1,3.830000,58.800000,0,0,1,1,0,0,0,0,0,0,1,T1_night_no_pv,场景12.CSV,18630.927835,5.175258,0.976780,0.214243,6.000000,79.700000,58.800000,-0.910296
DATA,2536076,0,104.200000,1,0.664000,0.000000,0.000000,1,7.644000,0.011000,0.084084,67.750000,1,4.842000,0.188000,0.910296,68,1,3.830000,58.800000,0,0,1,1,0,0,0,0,0,0,1,T1_night_no_pv,场景12.CSV,18705.154639,5.195876,0.977923,0.208968,6.000000,79.700000,58.800000,-0.910296
DATA,2546079,0,104.200000,1,0.664000,0.000000,0.000000,1,7.644000,0.011000,0.084084,67.750000,1,4.842000,0.188000,0.910296,68,1,3.830000,58.800000,0,0,1,1,0,0,0,0,0,0,1,T1_night_no_pv,场景12.CSV,18779.381443,5.216495,0.979036,0.203686,6.000000,79.700000,58.800000,-0.910296
DATA,2556115,0,104.200000,1,0.665000,0.000000,0.000000,1,7.643000,0.011000,0.084073,67.687500,1,4.842000,0.188000,0.910296,68,1,3.830000,58.800000,0,0,1,1,0,0,0,0,0,0,1,T1_night_no_pv,场景12.CSV,18853.608247,5.237113,0.980122,0.198398,6.000000,79.700000,58.800000,-0.910296
DATA,2566164,0,104.200000,1,0.664000,0.000000,0.000000,1,7.643000,0.011000,0.084073,67.687500,1,4.842000,0.188000,0.910296,68,1,3.830000,58.800000,0,0,1,1,0,0,0,0,0,0,1,T1_night_no_pv,场景12.CSV,18927.835052,5.257732,0.981178,0.193105,6.000000,79.600000,58.800000,-0.910296
DATA,2576214,0,102.500000,1,0.663000,0.000000,0.000000,1,7.642000,0.011000,0.084062,67.625000,1,4.841000,0.188000,0.910108,68,1,3.830000,58.800000,0,0,1,1,0,0,0,0,0,0,1,T1_night_no_pv,场景12.CSV,19002.061856,5.278351,0.982206,0.187805,6.000000,79.600000,58.800000,-0.910108
DATA,2586259,0,74.200000,1,0.664000,0.000000,0.000000,1,7.641000,0.011000,0.084051,67.562500,1,4.841000,0.188000,0.910108,68,1,3.830000,58.800000,0,0,1,1,0,0,0,0,0,0,1,T1_night_no_pv,场景12.CSV,19076.288660,5.298969,0.983206,0.182501,6.000000,79.600000,58.800000,-0.910108
DATA,2596279,0,105.000000,1,0.665000,0.000000,0.000000,1,7.642000,0.011000,0.084062,67.625000,1,4.842000,0.188000,0.910296,68,1,3.830000,58.800000,0,0,1,1,0,0,0,0,0,0,1,T1_night_no_pv,场景12.CSV,19150.515464,5.319588,0.984176,0.177191,6.000000,79.600000,58.800000,-0.910296
DATA,2606302,0,121.700000,1,0.664000,0.000000,0.000000,1,7.641000,0.011000,0.084051,67.562500,1,4.841000,0.188000,0.910108,68,1,3.830000,58.800000,0,0,1,1,0,0,0,0,0,0,1,T1_night_no_pv,场景12.CSV,19224.742268,5.340206,0.985119,0.171876,6.000000,79.600000,58.800000,-0.910108
DATA,2616339,0,129.200000,1,0.664000,0.000000,0.000000,1,7.641000,0.011000,0.084051,67.562500,1,4.841000,0.188000,0.910108,68,1,3.829000,58.800000,0,0,1,1,0,0,0,0,0,0,1,T1_night_no_pv,场景12.CSV,19298.969072,5.360825,0.986032,0.166556,6.000000,79.600000,58.800000,-0.910108
DATA,2626373,0,129.200000,1,0.664000,0.000000,0.000000,1,7.641000,0.011000,0.084051,67.562500,1,4.841000,0.188000,0.910108,68,1,3.827000,58.500000,0,0,1,1,0,0,0,0,0,0,1,T1_night_no_pv,场景12.CSV,19373.195876,5.381443,0.986917,0.161231,6.000000,79.600000,58.500000,-0.910108
DATA,2636424,0,129.200000,1,0.664000,0.000000,0.000000,1,7.641000,0.011000,0.084051,67.562500,1,4.842000,0.188000,0.910296,68,1,3.827000,58.500000,0,0,1,1,0,0,0,0,0,0,1,T1_night_no_pv,场景12.CSV,19447.422680,5.402062,0.987773,0.155901,6.000000,79.600000,58.500000,-0.910296
DATA,2646447,0,129.200000,1,0.665000,0.000000,0.000000,1,7.640000,0.011000,0.084040,67.500000,1,4.842000,0.188000,0.910296,68,1,3.827000,58.500000,0,0,1,1,0,0,0,0,0,0,1,T1_night_no_pv,场景12.CSV,19521.649485,5.422680,0.988600,0.150567,6.000000,79.600000,58.500000,-0.910296
DATA,2656477,0,129.200000,1,0.664000,0.000000,0.000000,1,7.640000,0.011000,0.084040,67.500000,1,4.842000,0.188000,0.910296,68,1,3.827000,58.500000,0,0,1,1,0,0,0,0,0,0,1,T1_night_no_pv,场景12.CSV,19595.876289,5.443299,0.989398,0.145229,6.000000,79.600000,58.500000,-0.910296
DATA,2666506,0,129.200000,1,0.664000,0.000000,0.000000,1,7.640000,0.011000,0.084040,67.500000,1,4.841000,0.188000,0.910108,68,1,3.827000,58.500000,0,0,1,1,0,0,0,0,0,0,1,T1_night_no_pv,场景12.CSV,19670.103093,5.463918,0.990168,0.139886,6.000000,79.600000,58.500000,-0.910108
DATA,2676528,0,129.200000,1,0.665000,0.000000,0.000000,1,7.639000,0.011000,0.084029,67.437500,1,4.842000,0.188000,0.910296,68,1,3.827000,58.500000,0,0,1,1,0,0,0,0,0,0,1,T1_night_no_pv,场景12.CSV,19744.329897,5.484536,0.990908,0.134539,6.000000,79.600000,58.500000,-0.910296
DATA,2686552,0,129.200000,1,0.665000,0.000000,0.000000,1,7.639000,0.011000,0.084029,67.437500,1,4.842000,0.188000,0.910296,68,1,3.827000,58.500000,0,0,1,1,0,0,0,0,0,0,1,T1_night_no_pv,场景12.CSV,19818.556701,5.505155,0.991620,0.129188,6.000000,79.600000,58.500000,-0.910296
DATA,2696583,0,129.200000,1,0.664000,0.000000,0.000000,1,7.638000,0.011000,0.084018,67.375000,1,4.841000,0.188000,0.910108,68,1,3.827000,58.500000,0,0,1,1,0,0,0,0,0,0,1,T1_night_no_pv,场景12.CSV,19892.783505,5.525773,0.992303,0.123834,6.000000,79.600000,58.500000,-0.910108
DATA,2706622,0,129.200000,1,0.664000,0.000000,0.000000,1,7.637000,0.011000,0.084007,67.312500,1,4.841000,0.188000,0.910108,68,1,3.827000,58.500000,0,0,1,1,0,0,0,0,0,0,1,T1_night_no_pv,场景12.CSV,19967.010309,5.546392,0.992957,0.118475,6.000000,79.600000,58.500000,-0.910108
DATA,2716640,0,129.200000,1,0.664000,0.000000,0.000000,1,7.637000,0.011000,0.084007,67.312500,1,4.841000,0.188000,0.910108,68,1,3.827000,58.500000,0,0,1,1,0,0,0,0,0,0,1,T1_night_no_pv,场景12.CSV,20041.237113,5.567010,0.993582,0.113114,6.000000,79.600000,58.500000,-0.910108
DATA,2726664,0,128.300000,1,0.664000,0.000000,0.000000,1,7.637000,0.011000,0.084007,67.312500,1,4.842000,0.188000,0.910296,68,1,3.826000,58.200000,0,0,1,1,0,0,0,0,0,0,1,T1_night_no_pv,场景12.CSV,20115.463918,5.587629,0.994178,0.107749,6.000000,79.600000,58.200000,-0.910296
DATA,2736675,0,208.300000,1,0.665000,0.000000,0.000000,1,7.636000,0.011000,0.083996,67.250000,1,4.842000,0.188000,0.910296,68,1,3.826000,58.200000,0,0,1,1,0,0,0,0,0,0,1,T1_night_no_pv,场景12.CSV,20189.690722,5.608247,0.994745,0.102381,6.000000,79.600000,58.200000,-0.910296
DATA,2746710,0,203.300000,1,0.664000,0.000000,0.000000,1,7.635000,0.011000,0.083985,67.187500,1,4.841000,0.188000,0.910108,68,1,3.826000,58.200000,0,0,1,1,0,0,0,0,0,0,1,T1_night_no_pv,场景12.CSV,20263.917526,5.628866,0.995283,0.097010,6.000000,79.600000,58.200000,-0.910108
DATA,2756738,0,226.700000,1,0.664000,0.000000,0.000000,1,7.635000,0.011000,0.083985,67.187500,1,4.842000,0.188000,0.910296,68,1,3.825000,58.200000,0,0,1,1,0,0,0,0,0,0,1,T1_night_no_pv,场景12.CSV,20338.144330,5.649485,0.995793,0.091636,6.000000,79.600000,58.200000,-0.910296
DATA,2766777,0,231.700000,1,0.665000,0.000000,0.000000,1,7.634000,0.011000,0.083974,67.125000,1,4.842000,0.188000,0.910296,68,1,3.825000,58.200000,0,0,1,1,0,0,0,0,0,0,1,T1_night_no_pv,场景12.CSV,20412.371134,5.670103,0.996273,0.086259,6.000000,79.600000,58.200000,-0.910296
DATA,2776827,0,231.700000,1,0.665000,0.000000,0.000000,1,7.634000,0.011000,0.083974,67.125000,1,4.842000,0.188000,0.910296,68,1,3.825000,58.200000,0,0,1,1,0,0,0,0,0,0,1,T1_night_no_pv,场景12.CSV,20486.597938,5.690722,0.996724,0.080880,6.000000,79.600000,58.200000,-0.910296
DATA,2786827,0,230.800000,1,0.664000,0.000000,0.000000,1,7.634000,0.011000,0.083974,67.125000,1,4.841000,0.188000,0.910108,68,1,3.826000,58.200000,0,0,1,1,0,0,0,0,0,0,1,T1_night_no_pv,场景12.CSV,20560.824742,5.711340,0.997146,0.075499,6.000000,79.600000,58.200000,-0.910108
DATA,2796858,0,229.200000,1,0.664000,0.000000,0.000000,1,7.633000,0.011000,0.083963,67.062500,1,4.842000,0.188000,0.910296,68,1,3.825000,58.200000,0,0,1,1,0,0,0,0,0,0,1,T1_night_no_pv,场景12.CSV,20635.051546,5.731959,0.997539,0.070115,6.000000,79.600000,58.200000,-0.910296
DATA,2806863,0,228.300000,1,0.664000,0.000000,0.000000,1,7.632000,0.011000,0.083952,67.000000,1,4.842000,0.188000,0.910296,68,1,3.825000,58.200000,0,0,1,1,0,0,0,0,0,0,1,T1_night_no_pv,场景12.CSV,20709.278351,5.752577,0.997903,0.064730,6.000000,79.600000,58.200000,-0.910296
DATA,2816905,0,230.800000,1,0.665000,0.000000,0.000000,1,7.632000,0.011000,0.083952,67.000000,1,4.842000,0.188000,0.910296,68,1,3.825000,58.200000,0,0,1,1,0,0,0,0,0,0,1,T1_night_no_pv,场景12.CSV,20783.505155,5.773196,0.998238,0.059342,6.000000,79.600000,58.200000,-0.910296
DATA,2826905,0,231.700000,1,0.664000,0.000000,0.000000,1,7.633000,0.011000,0.083963,67.062500,1,4.842000,0.188000,0.910296,68,1,3.825000,57.900000,0,0,1,1,0,0,0,0,0,0,1,T1_night_no_pv,场景12.CSV,20857.731959,5.793814,0.998543,0.053953,6.000000,79.600000,57.900000,-0.910296
DATA,2836951,0,231.700000,1,0.665000,0.000000,0.000000,1,7.633000,0.011000,0.083963,67.062500,1,4.842000,0.188000,0.910296,68,1,3.825000,57.900000,0,0,1,1,0,0,0,0,0,0,1,T1_night_no_pv,场景12.CSV,20931.958763,5.814433,0.998820,0.048562,6.000000,79.600000,57.900000,-0.910296
DATA,2846958,0,231.700000,1,0.665000,0.000000,0.000000,1,7.632000,0.011000,0.083952,67.000000,1,4.842000,0.188000,0.910296,68,1,3.825000,57.900000,0,0,1,1,0,0,0,0,0,0,1,T1_night_no_pv,场景12.CSV,21006.185567,5.835052,0.999068,0.043170,6.000000,79.600000,57.900000,-0.910296
DATA,2856995,0,231.700000,1,0.665000,0.000000,0.000000,1,7.631000,0.011000,0.083941,66.937500,1,4.842000,0.188000,0.910296,68,1,3.824000,57.900000,0,0,1,1,0,0,0,0,0,0,1,T1_night_no_pv,场景12.CSV,21080.412371,5.855670,0.999286,0.037776,6.000000,79.600000,57.900000,-0.910296
DATA,2867039,0,247.500000,1,0.664000,0.000000,0.000000,1,7.631000,0.011000,0.083941,66.937500,1,4.841000,0.188000,0.910108,68,1,3.824000,57.900000,0,0,1,1,0,0,0,0,0,0,1,T1_night_no_pv,场景12.CSV,21154.639175,5.876289,0.999476,0.032382,6.000000,79.600000,57.900000,-0.910108
DATA,2877067,0,248.300000,1,0.664000,0.000000,0.000000,1,7.631000,0.011000,0.083941,66.937500,1,4.841000,0.188000,0.910108,68,1,3.824000,57.900000,0,0,1,1,0,0,0,0,0,0,1,T1_night_no_pv,场景12.CSV,21228.865979,5.896907,0.999636,0.026986,6.000000,79.600000,57.900000,-0.910108
DATA,2887108,0,245.800000,1,0.665000,0.000000,0.000000,1,7.630000,0.011000,0.083930,66.875000,1,4.842000,0.188000,0.910296,68,1,3.822000,57.900000,0,0,1,1,0,0,0,0,0,0,1,T1_night_no_pv,场景12.CSV,21303.092784,5.917526,0.999767,0.021590,6.000000,79.600000,57.900000,-0.910296
DATA,2897109,0,272.500000,1,0.665000,0.000000,0.000000,1,7.630000,0.011000,0.083930,66.875000,1,4.842000,0.188000,0.910296,68,1,3.824000,57.900000,0,0,1,1,0,0,0,0,0,0,1,T1_night_no_pv,场景12.CSV,21377.319588,5.938144,0.999869,0.016193,6.000000,79.600000,57.900000,-0.910296
DATA,2907125,0,269.200000,1,0.665000,0.000000,0.000000,1,7.630000,0.011000,0.083930,66.875000,1,4.842000,0.188000,0.910296,68,1,3.822000,57.900000,0,0,1,1,0,0,0,0,0,0,1,T1_night_no_pv,场景12.CSV,21451.546392,5.958763,0.999942,0.010796,6.000000,79.600000,57.900000,-0.910296
DATA,2917159,0,255.800000,1,0.664000,0.000000,0.000000,1,7.629000,0.011000,0.083919,66.812500,1,4.841000,0.188000,0.910108,68,1,3.824000,57.900000,0,0,1,1,0,0,0,0,0,0,1,T1_night_no_pv,场景12.CSV,21525.773196,5.979381,0.999985,0.005398,6.000000,79.600000,57.900000,-0.910108
DATA,2927165,0,281.700000,1,1.187000,0.000000,0.000000,1,7.629000,0.011000,0.083919,66.812500,1,4.841000,0.188000,0.910108,68,1,3.822000,57.900000,0,0,1,1,0,0,0,0,0,0,1,T1_night_no_pv,场景12.CSV,21600.000000,6.000000,1.000000,0.000000,6.000000,79.600000,57.900000,-0.910108
DATA,2967232,0,336.700000,1,3.312000,0.000000,0.000000,1,7.626000,0.011000,0.083886,66.625000,1,4.841000,0.188000,0.910108,68,1,3.822000,57.600000,0,0,1,1,0,0,0,0,0,0,2,T2_dawn_weak_light,场景12.CSV,344.680851,6.095745,0.999686,-0.025063,6.000000,79.600000,57.600000,-0.910108
DATA,2977253,0,337.500000,1,3.324000,0.000000,0.000000,1,7.626000,0.011000,0.083886,66.625000,1,4.842000,0.188000,0.910296,68,1,3.822000,57.600000,0,0,1,1,0,0,0,0,0,0,2,T2_dawn_weak_light,场景12.CSV,459.574468,6.127660,0.999442,-0.033415,6.000000,79.600000,57.600000,-0.910296
DATA,2987277,0,337.500000,1,3.328000,0.000000,0.000000,1,7.625000,0.011000,0.083875,66.562500,1,4.842000,0.188000,0.910296,68,1,3.822000,57.600000,0,0,1,1,0,0,0,0,0,0,2,T2_dawn_weak_light,场景12.CSV,574.468085,6.159574,0.999127,-0.041764,6.000000,79.600000,57.600000,-0.910296
DATA,2997304,0,338.300000,1,3.350000,0.000000,0.000000,1,7.624000,0.011000,0.083864,66.500000,1,4.842000,0.188000,0.910296,68,1,3.822000,57.600000,0,0,1,1,0,0,0,0,0,0,2,T2_dawn_weak_light,场景12.CSV,689.361702,6.191489,0.998744,-0.050111,6.000000,79.600000,57.600000,-0.910296
DATA,3007362,0,340.000000,1,3.338000,0.000000,0.000000,1,7.624000,0.011000,0.083864,66.500000,1,4.841000,0.188000,0.910108,68,1,3.822000,57.600000,0,0,1,1,0,0,0,0,0,0,2,T2_dawn_weak_light,场景12.CSV,804.255319,6.223404,0.998290,-0.058454,6.000000,79.600000,57.600000,-0.910108
DATA,3017411,0,339.200000,1,3.331000,0.000000,0.000000,1,7.623000,0.011000,0.083853,66.437500,1,4.841000,0.188000,0.910108,68,1,3.821000,57.600000,0,0,1,1,0,0,0,0,0,0,2,T2_dawn_weak_light,场景12.CSV,919.148936,6.255319,0.997767,-0.066793,6.000000,79.600000,57.600000,-0.910108
DATA,3027460,0,339.200000,1,3.358000,0.000000,0.000000,1,7.623000,0.011000,0.083853,66.437500,1,4.842000,0.188000,0.910296,68,1,3.820000,57.300000,0,0,1,1,0,0,0,0,0,0,2,T2_dawn_weak_light,场景12.CSV,1034.042553,6.287234,0.997174,-0.075127,6.000000,79.600000,57.300000,-0.910296
DATA,3037488,0,339.200000,1,3.356000,0.000000,0.000000,1,7.621000,0.011000,0.083831,66.312500,1,4.841000,0.188000,0.910108,68,1,3.820000,57.300000,0,0,1,1,0,0,0,0,0,0,2,T2_dawn_weak_light,场景12.CSV,1148.936170,6.319149,0.996511,-0.083456,6.000000,79.600000,57.300000,-0.910108
DATA,3047497,0,339.200000,1,3.346000,0.000000,0.000000,1,7.622000,0.011000,0.083842,66.375000,1,4.841000,0.188000,0.910108,68,1,3.820000,57.300000,0,0,1,1,0,0,0,0,0,0,2,T2_dawn_weak_light,场景12.CSV,1263.829787,6.351064,0.995779,-0.091779,6.000000,79.600000,57.300000,-0.910108
DATA,3057527,0,315.000000,1,3.295000,0.000000,0.000000,1,7.622000,0.011000,0.083842,66.375000,1,4.840000,0.188000,0.909920,68,1,3.820000,57.300000,0,0,1,1,0,0,0,0,0,0,2,T2_dawn_weak_light,场景12.CSV,1378.723404,6.382979,0.994978,-0.100096,6.000000,79.600000,57.300000,-0.909920
DATA,3067537,0,315.800000,1,3.027000,0.000000,0.000000,1,7.621000,0.011000,0.083831,66.312500,1,4.840000,0.188000,0.909920,68,1,3.820000,57.300000,0,0,1,1,0,0,0,0,0,0,2,T2_dawn_weak_light,场景12.CSV,1493.617021,6.414894,0.994107,-0.108405,6.000000,79.600000,57.300000,-0.909920
DATA,3077538,0,231.700000,1,1.804000,0.000000,0.000000,1,7.622000,0.011000,0.083842,66.375000,1,4.841000,0.188000,0.910108,68,1,3.820000,57.300000,0,0,1,1,0,0,0,0,0,0,2,T2_dawn_weak_light,场景12.CSV,1608.510638,6.446809,0.993166,-0.116708,6.000000,79.600000,57.300000,-0.910108
DATA,3087538,0,529.200000,1,3.413000,0.000000,0.000000,1,7.621000,0.011000,0.083831,66.312500,1,4.841000,0.188000,0.910108,68,1,3.820000,57.300000,0,0,1,1,0,0,0,0,0,0,2,T2_dawn_weak_light,场景12.CSV,1723.404255,6.478723,0.992157,-0.125002,6.000000,79.600000,57.300000,-0.910108
DATA,3097572,0,488.300000,1,4.788000,0.000000,0.000000,1,7.621000,0.011000,0.083831,66.312500,1,4.841000,0.188000,0.910108,68,1,3.820000,57.300000,0,0,1,1,0,0,0,0,0,0,2,T2_dawn_weak_light,场景12.CSV,1838.297872,6.510638,0.991077,-0.133287,6.000000,79.600000,57.300000,-0.910108
DATA,3107582,0,485.800000,1,4.777000,0.000000,0.000000,1,7.620000,0.011000,0.083820,66.250000,1,4.841000,0.188000,0.910108,68,1,3.820000,57.300000,0,0,1,1,0,0,0,0,0,0,2,T2_dawn_weak_light,场景12.CSV,1953.191489,6.542553,0.989929,-0.141563,6.000000,79.600000,57.300000,-0.910108
DATA,3117610,0,504.200000,1,4.934000,0.000000,0.000000,1,7.620000,0.011000,0.083820,66.250000,1,4.841000,0.188000,0.910108,68,1,3.819000,57.300000,0,0,1,1,0,0,0,0,0,0,2,T2_dawn_weak_light,场景12.CSV,2068.085106,6.574468,0.988712,-0.149829,6.000000,79.600000,57.300000,-0.910108
DATA,3127614,0,499.200000,1,4.906000,0.000000,0.000000,1,7.620000,0.011000,0.083820,66.250000,1,4.840000,0.188000,0.909920,68,1,3.819000,56.900000,0,0,1,1,0,0,0,0,0,0,2,T2_dawn_weak_light,场景12.CSV,2182.978723,6.606383,0.987426,-0.158085,6.000000,79.600000,56.900000,-0.909920
DATA,3137631,0,505.000000,1,4.935000,0.000000,0.000000,1,7.619000,0.011000,0.083809,66.187500,1,4.839000,0.188000,0.909732,68,1,3.820000,56.900000,0,0,1,1,0,0,0,0,0,0,2,T2_dawn_weak_light,场景12.CSV,2297.872340,6.638298,0.986070,-0.166329,6.000000,79.600000,56.900000,-0.909732
DATA,3147635,0,504.200000,1,4.944000,0.000000,0.000000,1,7.618000,0.011000,0.083798,66.125000,1,4.841000,0.188000,0.910108,68,1,3.819000,56.900000,0,0,1,1,0,0,0,0,0,0,2,T2_dawn_weak_light,场景12.CSV,2412.765957,6.670213,0.984646,-0.174562,6.000000,79.600000,56.900000,-0.910108
DATA,3157672,0,502.500000,1,4.948000,0.000000,0.000000,1,7.619000,0.011000,0.083809,66.187500,1,4.841000,0.188000,0.910108,68,1,3.817000,56.900000,0,0,1,1,0,0,0,0,0,0,2,T2_dawn_weak_light,场景12.CSV,2527.659574,6.702128,0.983153,-0.182783,6.000000,79.600000,56.900000,-0.910108
DATA,3167705,0,500.000000,1,4.923000,0.000000,0.000000,1,7.618000,0.011000,0.083798,66.125000,1,4.841000,0.188000,0.910108,68,1,3.817000,56.900000,0,0,1,1,0,0,0,0,0,0,2,T2_dawn_weak_light,场景12.CSV,2642.553191,6.734043,0.981592,-0.190991,6.000000,79.600000,56.900000,-0.910108
DATA,3177747,0,496.700000,1,4.862000,0.000000,0.000000,1,7.617000,0.011000,0.083787,66.062500,1,4.841000,0.188000,0.910108,68,1,3.817000,56.900000,0,0,1,1,0,0,0,0,0,0,2,T2_dawn_weak_light,场景12.CSV,2757.446809,6.765957,0.979962,-0.199186,6.000000,79.600000,56.900000,-0.910108
DATA,3187761,0,485.800000,1,4.794000,0.000000,0.000000,1,7.617000,0.011000,0.083787,66.062500,1,4.841000,0.188000,0.910108,68,1,3.817000,56.900000,0,0,1,1,0,0,0,0,0,0,2,T2_dawn_weak_light,场景12.CSV,2872.340426,6.797872,0.978263,-0.207367,6.000000,79.600000,56.900000,-0.910108
DATA,3197779,0,488.300000,1,4.791000,0.000000,0.000000,1,7.616000,0.011000,0.083776,66.000000,1,4.841000,0.188000,0.910108,68,1,3.817000,56.900000,0,0,1,1,0,0,0,0,0,0,2,T2_dawn_weak_light,场景12.CSV,2987.234043,6.829787,0.976497,-0.215533,6.000000,79.600000,56.900000,-0.910108
DATA,3207810,0,488.300000,1,4.776000,0.000000,0.000000,1,7.616000,0.011000,0.083776,66.000000,1,4.841000,0.188000,0.910108,68,1,3.817000,56.900000,0,0,1,1,0,0,0,0,0,0,2,T2_dawn_weak_light,场景12.CSV,3102.127660,6.861702,0.974662,-0.223684,6.000000,79.600000,56.900000,-0.910108
DATA,3217844,0,488.300000,1,4.763000,0.000000,0.000000,1,7.615000,0.011000,0.083765,65.937500,1,4.841000,0.188000,0.910108,68,1,3.817000,56.900000,0,0,1,1,0,0,0,0,0,0,2,T2_dawn_weak_light,场景12.CSV,3217.021277,6.893617,0.972759,-0.231820,6.000000,79.600000,56.900000,-0.910108
DATA,3227873,0,489.200000,1,4.799000,0.000000,0.000000,1,7.615000,0.011000,0.083765,65.937500,1,4.840000,0.188000,0.909920,68,1,3.817000,56.600000,0,0,1,1,0,0,0,0,0,0,2,T2_dawn_weak_light,场景12.CSV,3331.914894,6.925532,0.970788,-0.239940,6.000000,79.600000,56.600000,-0.909920
DATA,3237883,0,490.000000,1,4.815000,0.000000,0.000000,1,7.614000,0.011000,0.083754,65.875000,1,4.841000,0.188000,0.910108,68,1,3.817000,56.600000,0,0,1,1,0,0,0,0,0,0,2,T2_dawn_weak_light,场景12.CSV,3446.808511,6.957447,0.968749,-0.248042,6.000000,79.600000,56.600000,-0.910108
DATA,3247923,0,490.000000,1,4.805000,0.000000,0.000000,1,7.614000,0.011000,0.083754,65.875000,1,4.841000,0.188000,0.910108,68,1,3.817000,56.600000,0,0,1,1,0,0,0,0,0,0,2,T2_dawn_weak_light,场景12.CSV,3561.702128,6.989362,0.966643,-0.256128,6.000000,79.600000,56.600000,-0.910108
DATA,3257952,0,490.800000,1,4.783000,0.000000,0.000000,1,7.613000,0.011000,0.083743,65.812500,1,4.841000,0.188000,0.910108,68,1,3.817000,56.600000,0,0,1,1,0,0,0,0,0,0,2,T2_dawn_weak_light,场景12.CSV,3676.595745,7.021277,0.964469,-0.264195,6.000000,79.600000,56.600000,-0.910108
DATA,3267963,0,490.800000,1,4.806000,0.000000,0.000000,1,7.612000,0.011000,0.083732,65.750000,1,4.841000,0.188000,0.910108,68,1,3.817000,56.600000,0,0,1,1,0,0,0,0,0,0,2,T2_dawn_weak_light,场景12.CSV,3791.489362,7.053191,0.962228,-0.272245,6.000000,79.600000,56.600000,-0.910108
DATA,3277991,0,490.000000,1,4.803000,0.000000,0.000000,1,7.612000,0.011000,0.083732,65.750000,1,4.841000,0.188000,0.910108,68,1,3.816000,56.600000,0,0,1,1,0,0,0,0,0,0,2,T2_dawn_weak_light,场景12.CSV,3906.382979,7.085106,0.959920,-0.280275,6.000000,79.600000,56.600000,-0.910108
DATA,3288036,0,490.800000,1,4.803000,0.000000,0.000000,1,7.612000,0.011000,0.083732,65.750000,1,4.841000,0.188000,0.910108,68,1,3.816000,56.600000,0,0,1,1,0,0,0,0,0,0,2,T2_dawn_weak_light,场景12.CSV,4021.276596,7.117021,0.957545,-0.288285,6.000000,79.600000,56.600000,-0.910108
DATA,3298085,0,491.700000,1,4.812000,0.000000,0.000000,1,7.612000,0.011000,0.083732,65.750000,1,4.841000,0.188000,0.910108,68,1,3.816000,56.600000,0,0,1,1,0,0,0,0,0,0,2,T2_dawn_weak_light,场景12.CSV,4136.170213,7.148936,0.955102,-0.296276,6.000000,79.500000,56.600000,-0.910108
DATA,3308092,0,491.700000,1,4.820000,0.000000,0.000000,1,7.611000,0.011000,0.083721,65.687500,1,4.841000,0.188000,0.910108,68,1,3.815000,56.600000,0,0,1,1,0,0,0,0,0,0,2,T2_dawn_weak_light,场景12.CSV,4251.063830,7.180851,0.952594,-0.304245,6.000000,79.500000,56.600000,-0.910108
DATA,3318107,0,492.500000,1,4.810000,0.000000,0.000000,1,7.610000,0.011000,0.083710,65.625000,1,4.840000,0.188000,0.909920,68,1,3.816000,56.300000,0,0,1,1,0,0,0,0,0,0,2,T2_dawn_weak_light,场景12.CSV,4365.957447,7.212766,0.950018,-0.312194,6.000000,79.500000,56.300000,-0.909920
DATA,3328129,0,492.500000,1,4.810000,0.000000,0.000000,1,7.610000,0.011000,0.083710,65.625000,1,4.841000,0.188000,0.910108,68,1,3.815000,56.300000,0,0,1,1,0,0,0,0,0,0,2,T2_dawn_weak_light,场景12.CSV,4480.851064,7.244681,0.947377,-0.320121,6.000000,79.500000,56.300000,-0.910108
DATA,3338162,0,492.500000,1,4.811000,0.000000,0.000000,1,7.610000,0.011000,0.083710,65.625000,1,4.840000,0.188000,0.909920,68,1,3.815000,56.300000,0,0,1,1,0,0,0,0,0,0,2,T2_dawn_weak_light,场景12.CSV,4595.744681,7.276596,0.944669,-0.328025,6.000000,79.500000,56.300000,-0.909920
DATA,3348162,0,491.700000,1,4.828000,0.000000,0.000000,1,7.610000,0.011000,0.083710,65.625000,1,4.841000,0.188000,0.910108,68,1,3.815000,56.300000,0,0,1,1,0,0,0,0,0,0,2,T2_dawn_weak_light,场景12.CSV,4710.638298,7.308511,0.941895,-0.335906,6.000000,79.500000,56.300000,-0.910108
DATA,3358188,0,492.500000,1,4.833000,0.000000,0.000000,1,7.610000,0.011000,0.083710,65.625000,1,4.841000,0.188000,0.910108,68,1,3.815000,56.300000,0,0,1,1,0,0,0,0,0,0,2,T2_dawn_weak_light,场景12.CSV,4825.531915,7.340426,0.939056,-0.343764,6.000000,79.500000,56.300000,-0.910108
DATA,3368223,0,511.700000,1,4.833000,0.000000,0.000000,1,7.609000,0.011000,0.083699,65.562500,1,4.841000,0.188000,0.910108,68,1,3.815000,56.300000,0,0,1,1,0,0,0,0,0,0,2,T2_dawn_weak_light,场景12.CSV,4940.425532,7.372340,0.936151,-0.351598,6.000000,79.500000,56.300000,-0.910108
DATA,3378235,0,514.200000,1,5.005000,0.000000,0.000000,1,7.609000,0.011000,0.083699,65.562500,1,4.840000,0.188000,0.909920,68,1,3.815000,56.300000,0,0,1,1,0,0,0,0,0,0,2,T2_dawn_weak_light,场景12.CSV,5055.319149,7.404255,0.933181,-0.359408,6.000000,79.500000,56.300000,-0.909920
DATA,3388283,0,514.200000,1,5.037000,0.000000,0.000000,1,7.609000,0.011000,0.083699,65.562500,1,4.841000,0.188000,0.910108,68,1,3.815000,56.300000,0,0,1,1,0,0,0,0,0,0,2,T2_dawn_weak_light,场景12.CSV,5170.212766,7.436170,0.930145,-0.367192,6.000000,79.500000,56.300000,-0.910108
DATA,3398328,0,514.200000,1,5.055000,0.000000,0.000000,1,7.608000,0.011000,0.083688,65.500000,1,4.841000,0.188000,0.910108,68,1,3.815000,56.300000,0,0,1,1,0,0,0,0,0,0,2,T2_dawn_weak_light,场景12.CSV,5285.106383,7.468085,0.927045,-0.374951,6.000000,79.500000,56.300000,-0.910108
DATA,3408373,0,514.200000,1,5.043000,0.000000,0.000000,1,7.607000,0.011000,0.083677,65.437500,1,4.840000,0.188000,0.909920,68,1,3.815000,56.300000,0,0,1,1,0,0,0,0,0,0,2,T2_dawn_weak_light,场景12.CSV,5400.000000,7.500000,0.923880,-0.382683,6.000000,79.500000,56.300000,-0.909920
DATA,3418377,0,514.200000,1,5.018000,0.000000,0.000000,1,7.607000,0.011000,0.083677,65.437500,1,4.841000,0.188000,0.910108,68,1,3.815000,56.000000,0,0,1,1,0,0,0,0,0,0,2,T2_dawn_weak_light,场景12.CSV,5514.893617,7.531915,0.920650,-0.390389,6.000000,79.500000,56.000000,-0.910108
DATA,3428408,0,514.200000,1,5.035000,0.000000,0.000000,1,7.606000,0.011000,0.083666,65.375000,1,4.841000,0.188000,0.910108,68,1,3.814000,56.000000,0,0,1,1,0,0,0,0,0,0,2,T2_dawn_weak_light,场景12.CSV,5629.787234,7.563830,0.917356,-0.398068,6.000000,79.500000,56.000000,-0.910108
DATA,3438433,0,515.000000,1,5.044000,0.000000,0.000000,1,7.605000,0.011000,0.083655,65.312500,1,4.841000,0.188000,0.910108,68,1,3.815000,56.000000,0,0,1,1,0,0,0,0,0,0,2,T2_dawn_weak_light,场景12.CSV,5744.680851,7.595745,0.913998,-0.405719,6.000000,79.500000,56.000000,-0.910108
DATA,3448446,0,514.200000,1,5.045000,0.000000,0.000000,1,7.605000,0.011000,0.083655,65.312500,1,4.841000,0.188000,0.910108,68,1,3.814000,56.000000,0,0,1,1,0,0,0,0,0,0,2,T2_dawn_weak_light,场景12.CSV,5859.574468,7.627660,0.910576,-0.413341,6.000000,79.500000,56.000000,-0.910108
DATA,3458475,0,515.000000,1,5.025000,0.000000,0.000000,1,7.605000,0.011000,0.083655,65.312500,1,4.840000,0.188000,0.909920,68,1,3.813000,56.000000,0,0,1,1,0,0,0,0,0,0,2,T2_dawn_weak_light,场景12.CSV,5974.468085,7.659574,0.907091,-0.420935,6.000000,79.500000,56.000000,-0.909920
DATA,3468477,0,515.000000,1,5.041000,0.000000,0.000000,1,7.604000,0.011000,0.083644,65.250000,1,4.840000,0.188000,0.909920,68,1,3.813000,56.000000,0,0,1,1,0,0,0,0,0,0,2,T2_dawn_weak_light,场景12.CSV,6089.361702,7.691489,0.903542,-0.428499,6.000000,79.500000,56.000000,-0.909920
DATA,3478504,0,491.700000,1,4.990000,0.000000,0.000000,1,7.604000,0.011000,0.083644,65.250000,1,4.840000,0.188000,0.909920,68,1,3.813000,56.000000,0,0,1,1,0,0,0,0,0,0,2,T2_dawn_weak_light,场景12.CSV,6204.255319,7.723404,0.899931,-0.436033,6.000000,79.500000,56.000000,-0.909920
DATA,3488545,0,810.800000,1,6.090000,0.000000,0.000000,1,7.604000,0.011000,0.083644,65.250000,1,4.840000,0.188000,0.909920,68,1,3.813000,56.000000,5,0,1,1,0,0,0,0,0,0,2,T2_dawn_weak_light,场景12.CSV,6319.148936,7.755319,0.896256,-0.443537,6.000000,79.500000,56.000000,-0.909920
DATA,3498555,0,382.500000,1,4.346000,0.002000,0.008692,1,7.604000,0.011000,0.083644,65.250000,1,4.790000,0.184000,0.881360,68,1,3.813000,56.000000,0,0,1,1,0,0,0,0,0,0,2,T2_dawn_weak_light,场景12.CSV,6434.042553,7.787234,0.892519,-0.451010,6.000000,79.500000,56.000000,-0.872668
DATA,3508564,0,496.700000,1,4.754000,0.000000,0.000000,1,7.603000,0.011000,0.083633,65.187500,1,4.839000,0.188000,0.909732,68,1,3.813000,55.700000,0,0,1,1,0,0,0,0,0,0,2,T2_dawn_weak_light,场景12.CSV,6548.936170,7.819149,0.888719,-0.458452,6.000000,79.500000,55.700000,-0.909732
DATA,3518600,0,493.300000,1,4.829000,0.000000,0.000000,1,7.603000,0.011000,0.083633,65.187500,1,4.840000,0.188000,0.909920,68,1,3.813000,55.700000,0,0,1,1,0,0,0,0,0,0,2,T2_dawn_weak_light,场景12.CSV,6663.829787,7.851064,0.884858,-0.465861,6.000000,79.500000,55.700000,-0.909920
DATA,3528625,0,528.300000,1,5.152000,0.000000,0.000000,1,7.602000,0.011000,0.083622,65.125000,1,4.840000,0.188000,0.909920,68,1,3.811000,55.700000,0,0,1,1,0,0,0,0,0,0,2,T2_dawn_weak_light,场景12.CSV,6778.723404,7.882979,0.880935,-0.473238,6.000000,79.500000,55.700000,-0.909920
DATA,3538649,0,549.200000,1,5.200000,0.000000,0.000000,1,7.601000,0.011000,0.083611,65.062500,1,4.840000,0.188000,0.909920,68,1,3.811000,55.700000,0,0,1,1,0,0,0,0,0,0,2,T2_dawn_weak_light,场景12.CSV,6893.617021,7.914894,0.876950,-0.480582,6.000000,79.500000,55.700000,-0.909920
DATA,3548650,0,562.500000,1,5.494000,0.000000,0.000000,1,7.601000,0.011000,0.083611,65.062500,1,4.840000,0.188000,0.909920,68,1,3.811000,55.700000,0,0,1,1,0,0,0,0,0,0,2,T2_dawn_weak_light,场景12.CSV,7008.510638,7.946809,0.872904,-0.487892,6.000000,79.500000,55.700000,-0.909920
DATA,3558688,0,560.000000,1,5.475000,0.000000,0.000000,1,7.600000,0.011000,0.083600,65.000000,1,4.840000,0.188000,0.909920,68,1,3.810000,55.700000,0,0,1,1,0,0,0,0,0,0,2,T2_dawn_weak_light,场景12.CSV,7123.404255,7.978723,0.868797,-0.495168,6.000000,79.500000,55.700000,-0.909920
DATA,3568714,0,575.000000,1,5.570000,0.000000,0.000000,1,7.600000,0.011000,0.083600,65.000000,1,4.839000,0.188000,0.909732,68,1,3.811000,55.700000,0,0,1,1,0,0,0,0,0,0,2,T2_dawn_weak_light,场景12.CSV,7238.297872,8.010638,0.864629,-0.502410,6.000000,79.500000,55.700000,-0.909732
DATA,3578738,0,568.300000,1,5.569000,0.000000,0.000000,1,7.599000,0.011000,0.083589,64.937500,1,4.840000,0.188000,0.909920,68,1,3.810000,55.700000,0,0,1,1,0,0,0,0,0,0,2,T2_dawn_weak_light,场景12.CSV,7353.191489,8.042553,0.860402,-0.509617,6.000000,79.500000,55.700000,-0.909920
DATA,3588768,0,555.000000,1,5.491000,0.000000,0.000000,1,7.598000,0.011000,0.083578,64.875000,1,4.839000,0.188000,0.909732,68,1,3.810000,55.700000,0,0,1,1,0,0,0,0,0,0,2,T2_dawn_weak_light,场景12.CSV,7468.085106,8.074468,0.856114,-0.516788,6.000000,79.500000,55.700000,-0.909732
DATA,3598782,0,540.800000,1,5.399000,0.000000,0.000000,1,7.598000,0.011000,0.083578,64.875000,1,4.840000,0.188000,0.909920,68,1,3.810000,55.400000,0,0,1,1,0,0,0,0,0,0,2,T2_dawn_weak_light,场景12.CSV,7582.978723,8.106383,0.851766,-0.523923,6.000000,79.500000,55.400000,-0.909920
DATA,3608782,0,536.700000,1,5.379000,0.000000,0.000000,1,7.598000,0.011000,0.083578,64.875000,1,4.839000,0.188000,0.909732,68,1,3.810000,55.400000,0,0,1,1,0,0,0,0,0,0,2,T2_dawn_weak_light,场景12.CSV,7697.872340,8.138298,0.847359,-0.531021,6.000000,79.500000,55.400000,-0.909732
DATA,3618789,0,515.800000,1,5.228000,0.000000,0.000000,1,7.598000,0.011000,0.083578,64.875000,1,4.840000,0.188000,0.909920,67,1,3.810000,55.400000,0,0,1,1,0,0,0,0,0,0,2,T2_dawn_weak_light,场景12.CSV,7812.765957,8.170213,0.842892,-0.538082,6.000000,79.500000,55.400000,-0.909920
DATA,3628826,0,752.500000,1,7.120000,0.000000,0.000000,1,7.597000,0.011000,0.083567,64.812500,1,4.840000,0.188000,0.909920,68,1,3.810000,55.400000,0,0,1,1,0,0,0,0,0,0,2,T2_dawn_weak_light,场景12.CSV,7927.659574,8.202128,0.838367,-0.545106,6.000000,79.500000,55.400000,-0.909920
DATA,3638861,0,610.800000,1,6.026000,0.000000,0.000000,1,7.597000,0.011000,0.083567,64.812500,1,4.839000,0.188000,0.909732,67,1,3.810000,55.400000,0,0,1,1,0,0,0,0,0,0,2,T2_dawn_weak_light,场景12.CSV,8042.553191,8.234043,0.833783,-0.552092,6.000000,79.500000,55.400000,-0.909732
DATA,3648908,0,635.800000,1,6.177000,0.000000,0.000000,1,7.596000,0.011000,0.083556,64.750000,1,4.840000,0.188000,0.909920,67,1,3.809000,55.400000,0,0,1,1,0,0,0,0,0,0,2,T2_dawn_weak_light,场景12.CSV,8157.446809,8.265957,0.829141,-0.559039,6.000000,79.500000,55.400000,-0.909920
DATA,3658908,0,645.800000,1,6.273000,0.000000,0.000000,1,7.596000,0.011000,0.083556,64.750000,1,4.840000,0.188000,0.909920,67,1,3.810000,55.400000,0,0,1,1,0,0,0,0,0,0,2,T2_dawn_weak_light,场景12.CSV,8272.340426,8.297872,0.824442,-0.565947,6.000000,79.500000,55.400000,-0.909920
DATA,3668928,0,667.500000,1,6.381000,0.000000,0.000000,1,7.596000,0.011000,0.083556,64.750000,1,4.840000,0.188000,0.909920,68,1,3.810000,55.400000,0,0,1,1,0,0,0,0,0,0,2,T2_dawn_weak_light,场景12.CSV,8387.234043,8.329787,0.819684,-0.572816,6.000000,79.500000,55.400000,-0.909920
DATA,3678977,0,670.000000,1,6.557000,0.000000,0.000000,1,7.595000,0.011000,0.083545,64.687500,1,4.840000,0.188000,0.909920,67,1,3.810000,55.400000,0,0,1,1,0,0,0,0,0,0,2,T2_dawn_weak_light,场景12.CSV,8502.127660,8.361702,0.814870,-0.579644,6.000000,79.500000,55.400000,-0.909920
DATA,3688977,0,670.000000,1,6.524000,0.000000,0.000000,1,7.595000,0.011000,0.083545,64.687500,1,4.839000,0.188000,0.909732,67,1,3.810000,55.400000,0,0,1,1,0,0,0,0,0,0,2,T2_dawn_weak_light,场景12.CSV,8617.021277,8.393617,0.809998,-0.586433,6.000000,79.500000,55.400000,-0.909732
DATA,3699018,0,667.500000,1,6.498000,0.000000,0.000000,1,7.594000,0.011000,0.083534,64.625000,1,4.839000,0.188000,0.909732,68,1,3.810000,55.000000,0,0,1,1,0,0,0,0,0,0,2,T2_dawn_weak_light,场景12.CSV,8731.914894,8.425532,0.805070,-0.593180,6.000000,79.500000,55.000000,-0.909732
DATA,3709061,0,667.500000,1,6.525000,0.000000,0.000000,1,7.594000,0.011000,0.083534,64.625000,1,4.839000,0.188000,0.909732,67,1,3.809000,55.000000,0,0,1,1,0,0,0,0,0,0,2,T2_dawn_weak_light,场景12.CSV,8846.808511,8.457447,0.800086,-0.599886,6.000000,79.500000,55.000000,-0.909732
DATA,3719061,0,668.300000,1,6.520000,0.000000,0.000000,1,7.594000,0.011000,0.083534,64.625000,1,4.840000,0.188000,0.909920,67,1,3.809000,55.000000,0,0,1,1,0,0,0,0,0,0,2,T2_dawn_weak_light,场景12.CSV,8961.702128,8.489362,0.795046,-0.606550,6.000000,79.500000,55.000000,-0.909920
DATA,3729119,0,667.500000,1,6.532000,0.000000,0.000000,1,7.593000,0.011000,0.083523,64.562500,1,4.839000,0.188000,0.909732,67,1,3.809000,55.000000,0,0,1,1,0,0,0,0,0,0,2,T2_dawn_weak_light,场景12.CSV,9076.595745,8.521277,0.789950,-0.613171,6.000000,79.500000,55.000000,-0.909732
DATA,3739149,0,668.300000,1,6.478000,0.000000,0.000000,1,7.592000,0.011000,0.083512,64.500000,1,4.840000,0.188000,0.909920,68,1,3.809000,55.000000,0,0,1,1,0,0,0,0,0,0,2,T2_dawn_weak_light,场景12.CSV,9191.489362,8.553191,0.784799,-0.619750,6.000000,79.500000,55.000000,-0.909920
DATA,3749150,0,664.200000,1,6.498000,0.000000,0.000000,1,7.592000,0.011000,0.083512,64.500000,1,4.840000,0.188000,0.909920,67,1,3.807000,55.000000,0,0,1,1,0,0,0,0,0,0,2,T2_dawn_weak_light,场景12.CSV,9306.382979,8.585106,0.779594,-0.626285,6.000000,79.500000,55.000000,-0.909920
DATA,3759164,0,665.000000,1,6.484000,0.000000,0.000000,1,7.591000,0.011000,0.083501,64.437500,1,4.840000,0.188000,0.909920,67,1,3.807000,55.000000,0,0,1,1,0,0,0,0,0,0,2,T2_dawn_weak_light,场景12.CSV,9421.276596,8.617021,0.774334,-0.632777,6.000000,79.500000,55.000000,-0.909920
DATA,3769201,0,665.000000,1,6.476000,0.000000,0.000000,1,7.591000,0.011000,0.083501,64.437500,1,4.839000,0.188000,0.909732,67,1,3.807000,55.000000,0,0,1,1,0,0,0,0,0,0,2,T2_dawn_weak_light,场景12.CSV,9536.170213,8.648936,0.769020,-0.639225,6.000000,79.500000,55.000000,-0.909732
DATA,3779220,0,664.200000,1,6.454000,0.000000,0.000000,1,7.590000,0.011000,0.083490,64.375000,1,4.838000,0.188000,0.909544,67,1,3.807000,55.000000,0,0,1,1,0,0,0,0,0,0,2,T2_dawn_weak_light,场景12.CSV,9651.063830,8.680851,0.763652,-0.645628,6.000000,79.500000,55.000000,-0.909544
DATA,3789231,0,660.800000,1,6.477000,0.000000,0.000000,1,7.588000,0.011000,0.083468,64.250000,1,4.839000,0.188000,0.909732,67,1,3.807000,54.700000,0,0,1,1,0,0,0,0,0,0,2,T2_dawn_weak_light,场景12.CSV,9765.957447,8.712766,0.758231,-0.651986,6.000000,79.500000,54.700000,-0.909732
DATA,3799268,0,1271.700000,1,9.128000,0.006000,0.054768,1,7.588000,0.011000,0.083468,64.250000,1,4.840000,0.188000,0.909920,67,1,3.807000,54.700000,0,0,1,1,0,0,0,0,0,0,2,T2_dawn_weak_light,场景12.CSV,9880.851064,8.744681,0.752757,-0.658298,6.000000,79.500000,54.700000,-0.855152
DATA,3809282,0,1061.700000,1,10.608000,0.168000,1.782144,1,7.616000,0.011000,0.083776,66.000000,1,4.976000,0.200000,0.995200,68,1,3.806000,54.700000,0,1,0,1,0,0,0,0,0,0,2,T2_dawn_weak_light,场景12.CSV,9995.744681,8.776596,0.747231,-0.664565,6.000000,79.500000,54.700000,0.786944
DATA,3819307,0,1137.500000,1,8.895000,0.780000,6.938100,1,7.770000,0.011000,0.085470,75.625000,1,4.952000,0.199000,0.985448,68,1,3.806000,54.700000,0,1,0,1,0,0,0,1,0,0,2,T2_dawn_weak_light,场景12.CSV,10110.638298,8.808511,0.741652,-0.670785,6.000000,79.500000,54.700000,5.952652
DATA,3829309,0,1225.000000,1,8.335000,0.985000,8.209975,1,7.781000,0.011000,0.085591,76.312500,1,4.943000,0.198000,0.978714,68,1,3.806000,54.700000,0,1,0,1,0,0,0,1,0,0,2,T2_dawn_weak_light,场景12.CSV,10225.531915,8.840426,0.736022,-0.676958,6.000000,79.500000,54.700000,7.231261
DATA,3839312,0,1220.800000,1,8.341000,0.986000,8.224226,1,7.787000,0.011000,0.085657,76.687500,1,4.944000,0.198000,0.978912,68,1,3.807000,54.700000,0,1,0,1,0,0,0,1,0,0,2,T2_dawn_weak_light,场景12.CSV,10340.425532,8.872340,0.730340,-0.683084,6.000000,79.500000,54.700000,7.245314
DATA,3849327,0,1223.300000,1,8.347000,0.987000,8.238489,1,7.794000,0.011000,0.085734,77.125000,1,4.942000,0.198000,0.978516,68,1,3.806000,54.700000,0,1,0,1,0,0,0,1,0,0,2,T2_dawn_weak_light,场景12.CSV,10455.319149,8.904255,0.724607,-0.689162,6.000000,79.500000,54.700000,7.259973
DATA,3859343,0,1097.500000,1,8.351000,0.988000,8.250788,1,7.797000,0.011000,0.085767,77.312500,1,4.942000,0.198000,0.978516,68,1,3.805000,54.700000,0,1,0,1,0,0,0,1,0,0,2,T2_dawn_weak_light,场景12.CSV,10570.212766,8.936170,0.718824,-0.695192,6.000000,79.500000,54.700000,7.272272
DATA,3869381,0,1105.800000,1,8.353000,0.987000,8.244411,1,7.800000,0.011000,0.085800,77.500000,1,4.942000,0.198000,0.978516,68,1,3.805000,54.700000,0,1,0,1,0,0,0,1,0,0,2,T2_dawn_weak_light,场景12.CSV,10685.106383,8.968085,0.712990,-0.701174,6.000000,79.500000,54.700000,7.265895
DATA,3879417,0,2192.500000,1,8.354000,0.986000,8.237044,1,7.802000,0.011000,0.085822,77.625000,1,4.942000,0.198000,0.978516,68,1,3.805000,54.400000,0,1,0,1,0,0,0,1,0,0,2,T2_dawn_weak_light,场景12.CSV,10800.000000,9.000000,0.707107,-0.707107,6.000000,79.500000,54.400000,7.258528
DATA,3889426,0,1107.500000,1,8.354000,0.985000,8.228690,1,7.805000,0.011000,0.085855,77.812500,1,4.942000,0.198000,0.978516,68,1,3.805000,54.400000,0,1,0,1,0,0,0,1,0,0,2,T2_dawn_weak_light,场景12.CSV,10914.893617,9.031915,0.701174,-0.712990,6.000000,79.500000,54.400000,7.250174
DATA,3899459,0,1092.500000,1,8.357000,0.986000,8.240002,1,7.807000,0.011000,0.085877,77.937500,1,4.941000,0.198000,0.978318,68,1,3.805000,54.400000,0,1,0,1,0,0,0,1,0,0,2,T2_dawn_weak_light,场景12.CSV,11029.787234,9.063830,0.695192,-0.718824,6.000000,79.500000,54.400000,7.261684
DATA,3909502,0,1150.800000,1,8.361000,0.987000,8.252307,1,7.809000,0.011000,0.085899,78.062500,1,4.942000,0.198000,0.978516,68,1,3.805000,54.400000,0,1,0,1,0,0,0,1,0,0,2,T2_dawn_weak_light,场景12.CSV,11144.680851,9.095745,0.689162,-0.724607,6.000000,79.500000,54.400000,7.273791
DATA,3919532,0,1133.300000,1,8.365000,0.988000,8.264620,1,7.811000,0.011000,0.085921,78.187500,1,4.942000,0.198000,0.978516,68,1,3.805000,54.400000,0,1,0,1,0,0,0,1,0,0,2,T2_dawn_weak_light,场景12.CSV,11259.574468,9.127660,0.683084,-0.730340,6.000000,79.500000,54.400000,7.286104
DATA,3929535,0,1145.800000,1,8.364000,0.987000,8.255268,1,7.812000,0.011000,0.085932,78.250000,1,4.942000,0.198000,0.978516,68,1,3.805000,54.400000,0,1,0,1,0,0,0,1,0,0,2,T2_dawn_weak_light,场景12.CSV,11374.468085,9.159574,0.676958,-0.736022,6.000000,79.500000,54.400000,7.276752
DATA,3939551,0,1144.200000,1,8.366000,0.988000,8.265608,1,7.814000,0.011000,0.085954,78.375000,1,4.941000,0.198000,0.978318,68,1,3.804000,54.400000,0,1,0,1,0,0,0,1,0,0,2,T2_dawn_weak_light,场景12.CSV,11489.361702,9.191489,0.670785,-0.741652,6.000000,79.500000,54.400000,7.287290
DATA,3949568,0,1142.500000,1,8.367000,0.988000,8.266596,1,7.815000,0.011000,0.085965,78.437500,1,4.941000,0.198000,0.978318,68,1,3.804000,54.400000,0,1,0,1,0,0,0,1,0,0,2,T2_dawn_weak_light,场景12.CSV,11604.255319,9.223404,0.664565,-0.747231,6.000000,79.500000,54.400000,7.288278
DATA,3959585,0,733.300000,1,7.615000,0.622000,4.736530,1,7.656000,0.011000,0.084216,68.500000,1,4.942000,0.198000,0.978516,68,1,3.804000,54.100000,0,1,0,1,0,0,0,0,0,0,2,T2_dawn_weak_light,场景12.CSV,11719.148936,9.255319,0.658298,-0.752757,6.000000,79.500000,54.100000,3.758014
DATA,3969600,0,912.500000,1,7.881000,0.000000,0.000000,1,7.630000,0.011000,0.083930,66.875000,1,4.838000,0.188000,0.909544,67,1,3.804000,54.100000,0,0,1,1,0,0,0,0,0,0,2,T2_dawn_weak_light,场景12.CSV,11834.042553,9.287234,0.651986,-0.758231,6.000000,79.500000,54.100000,-0.909544
DATA,3979662,0,996.700000,1,9.447000,0.186000,1.757142,1,7.654000,0.011000,0.084194,68.375000,1,4.967000,0.199000,0.988433,68,1,3.804000,54.100000,0,1,0,1,0,0,0,0,0,0,2,T2_dawn_weak_light,场景12.CSV,11948.936170,9.319149,0.645628,-0.763652,6.000000,79.500000,54.100000,0.768709
DATA,3989684,0,962.500000,1,8.519000,0.886000,7.547834,1,7.801000,0.011000,0.085811,77.562500,1,4.945000,0.198000,0.979110,68,1,3.803000,54.100000,0,1,0,1,0,0,0,1,0,0,2,T2_dawn_weak_light,场景12.CSV,12063.829787,9.351064,0.639225,-0.769020,6.000000,79.500000,54.100000,6.568724
DATA,3999693,0,973.300000,1,8.356000,0.986000,8.239016,1,7.807000,0.011000,0.085877,77.937500,1,4.942000,0.198000,0.978516,68,1,3.803000,54.100000,0,1,0,1,0,0,0,1,0,0,2,T2_dawn_weak_light,场景12.CSV,12178.723404,9.382979,0.632777,-0.774334,6.000000,79.500000,54.100000,7.260500
DATA,4009723,0,985.800000,1,8.361000,0.986000,8.243946,1,7.811000,0.011000,0.085921,78.187500,1,4.942000,0.198000,0.978516,68,1,3.803000,54.100000,0,1,0,1,0,0,0,1,0,0,2,T2_dawn_weak_light,场景12.CSV,12293.617021,9.414894,0.626285,-0.779594,6.000000,79.500000,54.100000,7.265430
DATA,4019748,0,999.200000,1,8.362000,0.987000,8.253294,1,7.814000,0.011000,0.085954,78.375000,1,4.940000,0.198000,0.978120,68,1,3.803000,54.100000,0,1,0,1,0,0,0,1,0,0,2,T2_dawn_weak_light,场景12.CSV,12408.510638,9.446809,0.619750,-0.784799,6.000000,79.500000,54.100000,7.275174
DATA,4029778,0,972.500000,1,8.363000,0.987000,8.254281,1,7.815000,0.011000,0.085965,78.437500,1,4.941000,0.198000,0.978318,68,1,3.803000,54.100000,0,1,0,1,0,0,0,1,0,0,2,T2_dawn_weak_light,场景12.CSV,12523.404255,9.478723,0.613171,-0.789950,6.000000,79.400000,54.100000,7.275963
DATA,4039805,0,996.700000,1,8.365000,0.987000,8.256255,1,7.815000,0.011000,0.085965,78.437500,1,4.941000,0.198000,0.978318,68,1,3.803000,54.100000,0,1,0,1,0,0,0,1,0,0,2,T2_dawn_weak_light,场景12.CSV,12638.297872,9.510638,0.606550,-0.795046,6.000000,79.400000,54.100000,7.277937
DATA,4049812,0,999.200000,1,8.366000,0.986000,8.248876,1,7.817000,0.011000,0.085987,78.562500,1,4.941000,0.198000,0.978318,68,1,3.803000,53.800000,0,1,0,1,0,0,0,1,0,0,2,T2_dawn_weak_light,场景12.CSV,12753.191489,9.542553,0.599886,-0.800086,6.000000,79.400000,53.800000,7.270558
DATA,4059843,0,998.300000,1,8.369000,0.988000,8.268572,1,7.819000,0.011000,0.086009,78.687500,1,4.941000,0.198000,0.978318,68,1,3.803000,53.800000,0,1,0,1,0,0,0,1,0,0,2,T2_dawn_weak_light,场景12.CSV,12868.085106,9.574468,0.593180,-0.805070,6.000000,79.400000,53.800000,7.290254
DATA,4069843,0,970.000000,1,8.371000,0.987000,8.262177,1,7.821000,0.011000,0.086031,78.812500,1,4.941000,0.198000,0.978318,68,1,3.803000,53.800000,0,1,0,1,0,0,0,1,0,0,2,T2_dawn_weak_light,场景12.CSV,12982.978723,9.606383,0.586433,-0.809998,6.000000,79.400000,53.800000,7.283859
DATA,4079848,0,998.300000,1,8.372000,0.988000,8.271536,1,7.823000,0.011000,0.086053,78.937500,1,4.941000,0.198000,0.978318,68,1,3.803000,53.800000,0,1,0,1,0,0,0,1,0,0,2,T2_dawn_weak_light,场景12.CSV,13097.872340,9.638298,0.579644,-0.814870,6.000000,79.400000,53.800000,7.293218
DATA,4089887,0,1000.000000,1,8.375000,0.989000,8.282875,1,7.825000,0.011000,0.086075,79.062500,1,4.940000,0.198000,0.978120,68,1,3.803000,53.800000,0,1,0,1,0,0,0,1,0,0,2,T2_dawn_weak_light,场景12.CSV,13212.765957,9.670213,0.572816,-0.819684,6.000000,79.400000,53.800000,7.304755
DATA,4099917,0,1002.500000,1,8.368000,0.985000,8.242480,1,7.824000,0.011000,0.086064,79.000000,1,4.940000,0.198000,0.978120,68,1,3.803000,53.800000,0,1,0,1,0,0,0,1,0,0,2,T2_dawn_weak_light,场景12.CSV,13327.659574,9.702128,0.565947,-0.824442,6.000000,79.400000,53.800000,7.264360
DATA,4109957,0,1001.700000,1,8.372000,0.986000,8.254792,1,7.825000,0.011000,0.086075,79.062500,1,4.941000,0.198000,0.978318,68,1,3.801000,53.800000,0,1,0,1,0,0,0,1,0,0,2,T2_dawn_weak_light,场景12.CSV,13442.553191,9.734043,0.559039,-0.829141,6.000000,79.400000,53.800000,7.276474
DATA,4119987,0,1004.200000,1,8.374000,0.988000,8.273512,1,7.826000,0.011000,0.086086,79.125000,1,4.940000,0.198000,0.978120,68,1,3.801000,53.800000,0,1,0,1,0,0,0,1,0,0,2,T2_dawn_weak_light,场景12.CSV,13557.446809,9.765957,0.552092,-0.833783,6.000000,79.400000,53.800000,7.295392
DATA,4130024,0,1005.000000,1,8.375000,0.987000,8.266125,1,7.827000,0.011000,0.086097,79.187500,1,4.941000,0.198000,0.978318,68,1,3.801000,53.800000,0,1,0,1,0,0,0,1,0,0,2,T2_dawn_weak_light,场景12.CSV,13672.340426,9.797872,0.545106,-0.838367,6.000000,79.400000,53.800000,7.287807
DATA,4140049,0,1000.800000,1,8.372000,0.985000,8.246420,1,7.828000,0.011000,0.086108,79.250000,1,4.941000,0.198000,0.978318,68,1,3.801000,53.500000,0,1,0,1,0,0,0,1,0,0,2,T2_dawn_weak_light,场景12.CSV,13787.234043,9.829787,0.538082,-0.842892,6.000000,79.400000,53.500000,7.268102
DATA,4150072,0,1000.800000,1,8.373000,0.987000,8.264151,1,7.829000,0.011000,0.086119,79.312500,1,4.940000,0.198000,0.978120,68,1,3.801000,53.500000,0,1,0,1,0,0,0,1,0,0,2,T2_dawn_weak_light,场景12.CSV,13902.127660,9.861702,0.531021,-0.847359,6.000000,79.400000,53.500000,7.286031
DATA,4160099,0,1000.800000,1,8.374000,0.986000,8.256764,1,7.829000,0.011000,0.086119,79.312500,1,4.941000,0.198000,0.978318,68,1,3.800000,53.500000,0,1,0,1,0,0,0,1,0,0,2,T2_dawn_weak_light,场景12.CSV,14017.021277,9.893617,0.523923,-0.851766,6.000000,79.400000,53.500000,7.278446
DATA,4170121,0,1000.800000,1,8.373000,0.986000,8.255778,1,7.830000,0.011000,0.086130,79.375000,1,4.941000,0.198000,0.978318,68,1,3.800000,53.500000,0,1,0,1,0,0,0,1,0,0,2,T2_dawn_weak_light,场景12.CSV,14131.914894,9.925532,0.516788,-0.856114,6.000000,79.400000,53.500000,7.277460
DATA,4180144,0,1000.800000,1,8.375000,0.986000,8.257750,1,7.831000,0.011000,0.086141,79.437500,1,4.941000,0.198000,0.978318,68,1,3.800000,53.500000,0,1,0,1,0,0,0,1,0,0,2,T2_dawn_weak_light,场景12.CSV,14246.808511,9.957447,0.509617,-0.860402,6.000000,79.400000,53.500000,7.279432
DATA,4190178,0,1001.700000,1,8.379000,0.988000,8.278452,1,7.832000,0.011000,0.086152,79.500000,1,4.940000,0.198000,0.978120,68,1,3.800000,53.500000,0,1,0,1,0,0,0,1,0,0,2,T2_dawn_weak_light,场景12.CSV,14361.702128,9.989362,0.502410,-0.864629,6.000000,79.400000,53.500000,7.300332
DATA,4200185,0,1003.300000,1,8.377000,0.987000,8.268099,1,7.832000,0.011000,0.086152,79.500000,1,4.940000,0.198000,0.978120,68,1,3.800000,53.500000,0,1,0,1,0,0,0,1,0,0,2,T2_dawn_weak_light,场景12.CSV,14476.595745,10.021277,0.495168,-0.868797,6.000000,79.400000,53.500000,7.289979
DATA,4210191,0,1003.300000,1,8.377000,0.986000,8.259722,1,7.832000,0.011000,0.086152,79.500000,1,4.941000,0.198000,0.978318,68,1,3.800000,53.500000,0,1,0,1,0,0,0,1,0,0,2,T2_dawn_weak_light,场景12.CSV,14591.489362,10.053191,0.487892,-0.872904,6.000000,79.400000,53.500000,7.281404
DATA,4220236,0,1005.800000,1,8.377000,0.987000,8.268099,1,7.832000,0.011000,0.086152,79.500000,1,4.940000,0.198000,0.978120,68,1,3.800000,53.500000,0,1,0,1,0,0,0,1,0,0,2,T2_dawn_weak_light,场景12.CSV,14706.382979,10.085106,0.480582,-0.876950,6.000000,79.400000,53.500000,7.289979
DATA,4230253,0,1003.300000,1,8.376000,0.985000,8.250360,1,7.833000,0.011000,0.086163,79.562500,1,4.941000,0.198000,0.978318,68,1,3.800000,53.500000,0,1,0,1,0,0,0,1,0,0,2,T2_dawn_weak_light,场景12.CSV,14821.276596,10.117021,0.473238,-0.880935,6.000000,79.400000,53.500000,7.272042
DATA,4240256,0,1005.000000,1,8.376000,0.985000,8.250360,1,7.834000,0.011000,0.086174,79.625000,1,4.940000,0.198000,0.978120,68,1,3.800000,53.100000,0,1,0,1,0,0,0,1,0,0,2,T2_dawn_weak_light,场景12.CSV,14936.170213,10.148936,0.465861,-0.884858,6.000000,79.400000,53.100000,7.272240
DATA,4250262,0,1001.700000,1,8.380000,0.987000,8.271060,1,7.834000,0.011000,0.086174,79.625000,1,4.940000,0.198000,0.978120,68,1,3.799000,53.100000,0,1,0,1,0,0,0,1,0,0,2,T2_dawn_weak_light,场景12.CSV,15051.063830,10.180851,0.458452,-0.888719,6.000000,79.400000,53.100000,7.292940
DATA,4260281,0,993.300000,1,8.379000,0.986000,8.261694,1,7.835000,0.011000,0.086185,79.687500,1,4.941000,0.198000,0.978318,68,1,3.799000,53.100000,0,1,0,1,0,0,0,1,0,0,2,T2_dawn_weak_light,场景12.CSV,15165.957447,10.212766,0.451010,-0.892519,6.000000,79.400000,53.100000,7.283376
DATA,4270310,0,1535.000000,1,8.381000,0.987000,8.272047,1,7.837000,0.011000,0.086207,79.812500,1,4.941000,0.198000,0.978318,68,1,3.797000,53.100000,0,1,0,1,0,0,0,1,0,0,2,T2_dawn_weak_light,场景12.CSV,15280.851064,10.244681,0.443537,-0.896256,6.000000,79.400000,53.100000,7.293729
DATA,4280334,0,1540.800000,1,8.384000,0.989000,8.291776,1,7.837000,0.011000,0.086207,79.812500,1,4.940000,0.198000,0.978120,68,1,3.797000,53.100000,0,1,0,1,0,0,0,1,0,0,2,T2_dawn_weak_light,场景12.CSV,15395.744681,10.276596,0.436033,-0.899931,6.000000,79.400000,53.100000,7.313656
DATA,4290349,0,1554.200000,1,8.304000,0.985000,8.179440,1,7.793000,0.011000,0.085723,77.062500,1,4.917000,0.381000,1.873377,68,1,3.797000,53.100000,0,1,0,1,1,0,0,1,0,0,2,T2_dawn_weak_light,场景12.CSV,15510.638298,10.308511,0.428499,-0.903542,6.000000,79.400000,53.100000,6.306063
DATA,4300388,0,1565.000000,1,8.306000,0.985000,8.181410,1,7.791000,0.011000,0.085701,76.937500,1,4.916000,0.381000,1.872996,68,1,3.797000,53.100000,0,1,0,1,1,0,0,1,0,0,2,T2_dawn_weak_light,场景12.CSV,15625.531915,10.340426,0.420935,-0.907091,6.000000,79.400000,53.100000,6.308414
DATA,4310421,0,1560.000000,1,8.302000,0.984000,8.169168,1,7.791000,0.011000,0.085701,76.937500,1,4.914000,0.382000,1.877148,68,1,3.797000,53.100000,0,1,0,1,1,0,0,1,0,0,2,T2_dawn_weak_light,场景12.CSV,15740.425532,10.372340,0.413341,-0.910576,6.000000,79.400000,53.100000,6.292020
DATA,4320450,0,1539.200000,1,8.305000,0.985000,8.180425,1,7.792000,0.011000,0.085712,77.000000,1,4.914000,0.381000,1.872234,68,1,3.797000,53.100000,0,1,0,1,1,0,0,1,0,0,2,T2_dawn_weak_light,场景12.CSV,15855.319149,10.404255,0.405719,-0.913998,6.000000,79.400000,53.100000,6.308191
DATA,4330484,0,1540.000000,1,8.306000,0.985000,8.181410,1,7.792000,0.011000,0.085712,77.000000,1,4.914000,0.381000,1.872234,68,1,3.797000,53.100000,0,1,0,1,1,0,0,1,0,0,2,T2_dawn_weak_light,场景12.CSV,15970.212766,10.436170,0.398068,-0.917356,6.000000,79.400000,53.100000,6.309176
DATA,4340532,0,1554.200000,1,8.328000,0.988000,8.228064,1,7.800000,0.011000,0.085800,77.500000,1,4.916000,0.269000,1.322404,68,1,3.797000,53.100000,0,1,0,1,0,1,0,1,0,0,2,T2_dawn_weak_light,场景12.CSV,16085.106383,10.468085,0.390389,-0.920650,6.000000,79.400000,53.100000,6.905660
DATA,4350541,0,1565.800000,1,8.321000,0.987000,8.212827,1,7.792000,0.011000,0.085712,77.000000,1,4.910000,0.282000,1.384620,68,1,3.797000,52.700000,0,1,0,1,0,1,0,1,0,0,2,T2_dawn_weak_light,场景12.CSV,16200.000000,10.500000,0.382683,-0.923880,6.000000,79.400000,52.700000,6.828207
DATA,4360565,0,1563.300000,1,8.323000,0.985000,8.198155,1,7.802000,0.011000,0.085822,77.625000,1,4.913000,0.278000,1.365814,68,1,3.796000,52.700000,0,1,0,1,0,1,0,1,0,0,2,T2_dawn_weak_light,场景12.CSV,16314.893617,10.531915,0.374951,-0.927045,6.000000,79.400000,52.700000,6.832341
DATA,4370588,0,1563.300000,1,8.325000,0.986000,8.208450,1,7.802000,0.011000,0.085822,77.625000,1,4.913000,0.277000,1.360901,68,1,3.796000,52.700000,0,1,0,1,0,1,0,1,0,0,2,T2_dawn_weak_light,场景12.CSV,16429.787234,10.563830,0.367192,-0.930145,6.000000,79.400000,52.700000,6.847549
DATA,4380594,0,1563.300000,1,8.328000,0.987000,8.219736,1,7.804000,0.011000,0.085844,77.750000,1,4.914000,0.276000,1.356264,68,1,3.797000,52.700000,0,1,0,1,0,1,0,1,0,0,2,T2_dawn_weak_light,场景12.CSV,16544.680851,10.595745,0.359408,-0.933181,6.000000,79.400000,52.700000,6.863472
DATA,4390604,0,1548.300000,1,8.331000,0.989000,8.239359,1,7.806000,0.011000,0.085866,77.875000,1,4.914000,0.275000,1.351350,68,1,3.796000,52.700000,0,1,0,1,0,1,0,1,0,0,2,T2_dawn_weak_light,场景12.CSV,16659.574468,10.627660,0.351598,-0.936151,6.000000,79.400000,52.700000,6.888009
DATA,4400654,0,1563.300000,1,8.333000,0.990000,8.249670,1,7.806000,0.011000,0.085866,77.875000,1,4.913000,0.274000,1.346162,68,1,3.796000,52.700000,0,1,0,1,0,1,0,1,0,0,2,T2_dawn_weak_light,场景12.CSV,16774.468085,10.659574,0.343764,-0.939056,6.000000,79.400000,52.700000,6.903508
DATA,4410676,0,1561.700000,1,8.334000,0.989000,8.242326,1,7.806000,0.011000,0.085866,77.875000,1,4.915000,0.274000,1.346710,68,1,3.795000,52.700000,0,1,0,1,0,1,0,1,0,0,2,T2_dawn_weak_light,场景12.CSV,16889.361702,10.691489,0.335906,-0.941895,6.000000,79.400000,52.700000,6.895616
DATA,4420713,0,1550.000000,1,8.332000,0.989000,8.240348,1,7.807000,0.011000,0.085877,77.937500,1,4.914000,0.274000,1.346436,68,1,3.795000,52.700000,0,1,0,1,0,1,0,1,0,0,2,T2_dawn_weak_light,场景12.CSV,17004.255319,10.723404,0.328025,-0.944669,6.000000,79.400000,52.700000,6.893912
DATA,4430716,0,1562.500000,1,8.335000,0.989000,8.243315,1,7.807000,0.011000,0.085877,77.937500,1,4.915000,0.273000,1.341795,68,1,3.796000,52.700000,0,1,0,1,0,1,0,1,0,0,2,T2_dawn_weak_light,场景12.CSV,17119.148936,10.755319,0.320121,-0.947377,6.000000,79.400000,52.700000,6.901520
DATA,4440736,0,1544.200000,1,8.333000,0.988000,8.233004,1,7.808000,0.011000,0.085888,78.000000,1,4.914000,0.273000,1.341522,68,1,3.795000,52.700000,0,1,0,1,0,1,0,1,0,0,2,T2_dawn_weak_light,场景12.CSV,17234.042553,10.787234,0.312194,-0.950018,6.000000,79.400000,52.700000,6.891482
DATA,4450780,0,1555.800000,1,8.340000,0.991000,8.264940,1,7.810000,0.011000,0.085910,78.125000,1,4.914000,0.273000,1.341522,68,1,3.795000,52.300000,0,1,0,1,0,1,0,1,0,0,2,T2_dawn_weak_light,场景12.CSV,17348.936170,10.819149,0.304245,-0.952594,6.000000,79.400000,52.300000,6.923418
DATA,4460810,0,1561.700000,1,8.337000,0.989000,8.245293,1,7.810000,0.011000,0.085910,78.125000,1,4.915000,0.273000,1.341795,68,1,3.795000,52.300000,0,1,0,1,0,1,0,1,0,0,2,T2_dawn_weak_light,场景12.CSV,17463.829787,10.851064,0.296276,-0.955102,6.000000,79.400000,52.300000,6.903498
DATA,4470826,0,1560.800000,1,8.337000,0.989000,8.245293,1,7.810000,0.011000,0.085910,78.125000,1,4.916000,0.273000,1.342068,68,1,3.795000,52.300000,0,1,0,1,0,1,0,1,0,0,2,T2_dawn_weak_light,场景12.CSV,17578.723404,10.882979,0.288285,-0.957545,6.000000,79.400000,52.300000,6.903225
DATA,4480866,0,1559.200000,1,8.337000,0.987000,8.228619,1,7.810000,0.011000,0.085910,78.125000,1,4.916000,0.273000,1.342068,68,1,3.795000,52.300000,0,1,0,1,0,1,0,1,0,0,2,T2_dawn_weak_light,场景12.CSV,17693.617021,10.914894,0.280275,-0.959920,6.000000,79.400000,52.300000,6.886551
DATA,4490903,0,1555.000000,1,8.337000,0.987000,8.228619,1,7.812000,0.011000,0.085932,78.250000,1,4.915000,0.273000,1.341795,68,1,3.795000,52.300000,0,1,0,1,0,1,0,1,0,0,2,T2_dawn_weak_light,场景12.CSV,17808.510638,10.946809,0.272245,-0.962228,6.000000,79.400000,52.300000,6.886824
DATA,4500944,0,1538.300000,1,8.339000,0.989000,8.247271,1,7.812000,0.011000,0.085932,78.250000,1,4.916000,0.273000,1.342068,68,1,3.795000,52.300000,0,1,0,1,0,1,0,1,0,0,2,T2_dawn_weak_light,场景12.CSV,17923.404255,10.978723,0.264195,-0.964469,6.000000,79.400000,52.300000,6.905203
DATA,4510970,0,1556.700000,1,8.339000,0.988000,8.238932,1,7.813000,0.011000,0.085943,78.312500,1,4.915000,0.272000,1.336880,68,1,3.795000,52.300000,0,1,0,1,0,1,0,1,0,0,2,T2_dawn_weak_light,场景12.CSV,18038.297872,11.010638,0.256128,-0.966643,6.000000,79.400000,52.300000,6.902052
DATA,4520991,0,1556.700000,1,8.338000,0.988000,8.237944,1,7.812000,0.011000,0.085932,78.250000,1,4.915000,0.272000,1.336880,68,1,3.795000,52.300000,0,1,0,1,0,1,0,1,0,0,2,T2_dawn_weak_light,场景12.CSV,18153.191489,11.042553,0.248042,-0.968749,6.000000,79.400000,52.300000,6.901064
DATA,4531028,0,1911.700000,1,8.339000,0.989000,8.247271,1,7.814000,0.011000,0.085954,78.375000,1,4.915000,0.272000,1.336880,68,1,3.795000,52.300000,0,1,0,1,0,1,0,1,0,0,2,T2_dawn_weak_light,场景12.CSV,18268.085106,11.074468,0.239940,-0.970788,6.000000,79.400000,52.300000,6.910391
DATA,4541059,0,2405.800000,1,8.340000,0.988000,8.239920,1,7.813000,0.011000,0.085943,78.312500,1,4.915000,0.272000,1.336880,68,1,3.794000,52.300000,0,1,0,1,0,1,0,1,0,0,2,T2_dawn_weak_light,场景12.CSV,18382.978723,11.106383,0.231820,-0.972759,6.000000,79.400000,52.300000,6.903040
DATA,4551082,0,2423.300000,1,8.340000,0.988000,8.239920,1,7.814000,0.011000,0.085954,78.375000,1,4.916000,0.272000,1.337152,68,1,3.794000,51.900000,0,1,0,1,0,1,0,1,0,0,2,T2_dawn_weak_light,场景12.CSV,18497.872340,11.138298,0.223684,-0.974662,6.000000,79.400000,51.900000,6.902768
DATA,4561128,0,2430.000000,1,8.339000,0.989000,8.247271,1,7.815000,0.011000,0.085965,78.437500,1,4.915000,0.272000,1.336880,68,1,3.794000,51.900000,0,1,0,1,0,1,0,1,0,0,2,T2_dawn_weak_light,场景12.CSV,18612.765957,11.170213,0.215533,-0.976497,6.000000,79.400000,51.900000,6.910391
DATA,4571165,0,2423.300000,1,8.339000,0.988000,8.238932,1,7.815000,0.011000,0.085965,78.437500,1,4.915000,0.272000,1.336880,68,1,3.794000,51.900000,0,1,0,1,0,1,0,1,0,0,2,T2_dawn_weak_light,场景12.CSV,18727.659574,11.202128,0.207367,-0.978263,6.000000,79.400000,51.900000,6.902052
DATA,4581190,0,2426.700000,1,8.341000,0.989000,8.249249,1,7.815000,0.011000,0.085965,78.437500,1,4.916000,0.272000,1.337152,68,1,3.793000,51.900000,0,1,0,1,0,1,0,1,0,0,2,T2_dawn_weak_light,场景12.CSV,18842.553191,11.234043,0.199186,-0.979962,6.000000,79.400000,51.900000,6.912097
DATA,4591223,0,2429.200000,1,8.339000,0.988000,8.238932,1,7.813000,0.011000,0.085943,78.312500,1,4.915000,0.273000,1.341795,68,1,3.793000,51.900000,0,1,0,1,0,1,0,1,0,0,2,T2_dawn_weak_light,场景12.CSV,18957.446809,11.265957,0.190991,-0.981592,6.000000,79.400000,51.900000,6.897137
DATA,4601239,0,2417.500000,1,8.340000,0.988000,8.239920,1,7.814000,0.011000,0.085954,78.375000,1,4.914000,0.273000,1.341522,68,1,3.793000,51.900000,0,1,0,1,0,1,0,1,0,0,2,T2_dawn_weak_light,场景12.CSV,19072.340426,11.297872,0.182783,-0.983153,6.000000,79.400000,51.900000,6.898398
DATA,4611277,0,2423.300000,1,8.340000,0.988000,8.239920,1,7.815000,0.011000,0.085965,78.437500,1,4.914000,0.273000,1.341522,68,1,3.793000,51.900000,0,1,0,1,0,1,0,1,0,0,2,T2_dawn_weak_light,场景12.CSV,19187.234043,11.329787,0.174562,-0.984646,6.000000,79.400000,51.900000,6.898398
DATA,4621313,0,2422.500000,1,8.340000,0.987000,8.231580,1,7.814000,0.011000,0.085954,78.375000,1,4.915000,0.273000,1.341795,68,1,3.793000,51.900000,0,1,0,1,0,1,0,1,0,0,2,T2_dawn_weak_light,场景12.CSV,19302.127660,11.361702,0.166329,-0.986070,6.000000,79.400000,51.900000,6.889785
DATA,4631351,0,2412.500000,1,8.339000,0.987000,8.230593,1,7.812000,0.011000,0.085932,78.250000,1,4.915000,0.273000,1.341795,68,1,3.793000,51.900000,0,1,0,1,0,1,0,1,0,0,2,T2_dawn_weak_light,场景12.CSV,19417.021277,11.393617,0.158085,-0.987426,6.000000,79.400000,51.900000,6.888798
DATA,4641351,0,2427.500000,1,8.341000,0.988000,8.240908,1,7.816000,0.011000,0.085976,78.500000,1,4.915000,0.273000,1.341795,68,1,3.793000,51.900000,0,1,0,1,0,1,0,1,0,0,2,T2_dawn_weak_light,场景12.CSV,19531.914894,11.425532,0.149829,-0.988712,6.000000,79.400000,51.900000,6.899113
DATA,4651396,0,2421.700000,1,8.345000,0.990000,8.261550,1,7.816000,0.011000,0.085976,78.500000,1,4.913000,0.273000,1.341249,68,1,3.791000,51.500000,0,1,0,1,0,1,0,1,0,0,2,T2_dawn_weak_light,场景12.CSV,19646.808511,11.457447,0.141563,-0.989929,6.000000,79.400000,51.500000,6.920301
DATA,4661414,0,2418.300000,1,8.343000,0.988000,8.242884,1,7.815000,0.011000,0.085965,78.437500,1,4.914000,0.273000,1.341522,68,1,3.791000,51.500000,0,1,0,1,0,1,0,1,0,0,2,T2_dawn_weak_light,场景12.CSV,19761.702128,11.489362,0.133287,-0.991077,6.000000,79.400000,51.500000,6.901362
DATA,4671436,0,2397.500000,1,8.342000,0.987000,8.233554,1,7.814000,0.011000,0.085954,78.375000,1,4.914000,0.273000,1.341522,68,1,3.791000,51.500000,0,1,0,1,0,1,0,1,0,0,2,T2_dawn_weak_light,场景12.CSV,19876.595745,11.521277,0.125002,-0.992157,6.000000,79.400000,51.500000,6.892032
DATA,4681478,0,2408.300000,1,8.344000,0.988000,8.243872,1,7.817000,0.011000,0.085987,78.562500,1,4.914000,0.273000,1.341522,68,1,3.791000,51.500000,0,1,0,1,0,1,0,1,0,0,2,T2_dawn_weak_light,场景12.CSV,19991.489362,11.553191,0.116708,-0.993166,6.000000,79.400000,51.500000,6.902350
DATA,4691532,0,2412.500000,1,8.343000,0.987000,8.234541,1,7.818000,0.011000,0.085998,78.625000,1,4.914000,0.273000,1.341522,68,1,3.790000,51.500000,0,1,0,1,0,1,0,1,0,0,2,T2_dawn_weak_light,场景12.CSV,20106.382979,11.585106,0.108405,-0.994107,6.000000,79.400000,51.500000,6.893019
DATA,4701539,0,2407.500000,1,8.345000,0.988000,8.244860,1,7.818000,0.011000,0.085998,78.625000,1,4.915000,0.273000,1.341795,68,1,3.790000,51.500000,0,1,0,1,0,1,0,1,0,0,2,T2_dawn_weak_light,场景12.CSV,20221.276596,11.617021,0.100096,-0.994978,6.000000,79.400000,51.500000,6.903065
DATA,4711540,0,2404.200000,1,8.344000,0.987000,8.235528,1,7.820000,0.011000,0.086020,78.750000,1,4.915000,0.273000,1.341795,68,1,3.790000,51.500000,0,1,0,1,0,1,0,1,0,0,2,T2_dawn_weak_light,场景12.CSV,20336.170213,11.648936,0.091779,-0.995779,6.000000,79.400000,51.500000,6.893733
DATA,4721541,0,2399.200000,1,8.345000,0.987000,8.236515,1,7.821000,0.011000,0.086031,78.812500,1,4.915000,0.273000,1.341795,68,1,3.790000,51.500000,0,1,0,1,0,1,0,1,0,0,2,T2_dawn_weak_light,场景12.CSV,20451.063830,11.680851,0.083456,-0.996511,6.000000,79.400000,51.500000,6.894720
DATA,4731578,0,2396.700000,1,8.343000,0.986000,8.226198,1,7.820000,0.011000,0.086020,78.750000,1,4.914000,0.273000,1.341522,68,1,3.790000,51.500000,0,1,0,1,0,1,0,1,0,0,2,T2_dawn_weak_light,场景12.CSV,20565.957447,11.712766,0.075127,-0.997174,6.000000,79.400000,51.500000,6.884676
DATA,4741616,0,2393.300000,1,8.344000,0.986000,8.227184,1,7.822000,0.011000,0.086042,78.875000,1,4.915000,0.273000,1.341795,68,1,3.790000,51.200000,0,1,0,1,0,1,0,1,0,0,2,T2_dawn_weak_light,场景12.CSV,20680.851064,11.744681,0.066793,-0.997767,6.000000,79.400000,51.200000,6.885389
DATA,4751640,0,2390.000000,1,8.345000,0.987000,8.236515,1,7.822000,0.011000,0.086042,78.875000,1,4.915000,0.273000,1.341795,68,1,3.790000,51.200000,0,1,0,1,0,1,0,1,0,0,2,T2_dawn_weak_light,场景12.CSV,20795.744681,11.776596,0.058454,-0.998290,6.000000,79.400000,51.200000,6.894720
DATA,4761672,0,2386.700000,1,8.344000,0.986000,8.227184,1,7.821000,0.011000,0.086031,78.812500,1,4.915000,0.273000,1.341795,68,1,3.790000,51.200000,0,1,0,1,0,1,0,1,0,0,2,T2_dawn_weak_light,场景12.CSV,20910.638298,11.808511,0.050111,-0.998744,6.000000,79.300000,51.200000,6.885389
DATA,4771686,0,2387.500000,1,8.345000,0.987000,8.236515,1,7.822000,0.011000,0.086042,78.875000,1,4.915000,0.272000,1.336880,68,1,3.790000,51.200000,0,1,0,1,0,1,0,1,0,0,2,T2_dawn_weak_light,场景12.CSV,21025.531915,11.840426,0.041764,-0.999127,6.000000,79.300000,51.200000,6.899635
DATA,4781722,0,2393.300000,1,8.347000,0.988000,8.246836,1,7.823000,0.011000,0.086053,78.937500,1,4.914000,0.272000,1.336608,68,1,3.790000,51.200000,0,1,0,1,0,1,0,1,0,0,2,T2_dawn_weak_light,场景12.CSV,21140.425532,11.872340,0.033415,-0.999442,6.000000,79.300000,51.200000,6.910228
DATA,4791736,0,2392.500000,1,8.348000,0.987000,8.239476,1,7.824000,0.011000,0.086064,79.000000,1,4.914000,0.272000,1.336608,68,1,3.790000,51.200000,0,1,0,1,0,1,0,1,0,0,2,T2_dawn_weak_light,场景12.CSV,21255.319149,11.904255,0.025063,-0.999686,6.000000,79.300000,51.200000,6.902868
DATA,4801773,0,2387.500000,1,8.346000,0.986000,8.229156,1,7.823000,0.011000,0.086053,78.937500,1,4.915000,0.273000,1.341795,68,1,3.789000,51.200000,0,1,0,1,0,1,0,1,0,0,2,T2_dawn_weak_light,场景12.CSV,21370.212766,11.936170,0.016710,-0.999860,6.000000,79.300000,51.200000,6.887361
DATA,4811816,0,2379.200000,1,8.344000,0.984000,8.210496,1,7.823000,0.011000,0.086053,78.937500,1,4.915000,0.273000,1.341795,68,1,3.789000,51.200000,0,1,0,1,0,1,0,1,0,0,2,T2_dawn_weak_light,场景12.CSV,21485.106383,11.968085,0.008355,-0.999965,6.000000,79.300000,51.200000,6.868701
DATA,4821849,0,2357.500000,1,8.346000,0.986000,8.229156,1,7.825000,0.011000,0.086075,79.062500,1,4.914000,0.273000,1.341522,68,1,3.789000,51.200000,0,1,0,1,0,1,0,1,0,0,2,T2_dawn_weak_light,场景12.CSV,21600.000000,12.000000,0.000000,-1.000000,6.000000,79.300000,51.200000,6.887634
DATA,40133,0,2377.500000,1,8.396000,0.983000,8.253268,1,7.843000,0.011000,0.086273,80.187500,1,4.935000,0.196000,0.967260,68,1,3.790000,37.600000,0,1,0,1,0,0,0,1,0,0,3,T3_noon_strong_light,场景3.CSV,270.000000,12.075000,-0.019634,-0.999807,6.000000,71.000000,37.600000,7.286008
DATA,50139,0,2374.200000,1,8.402000,0.985000,8.275970,1,7.847000,0.011000,0.086317,80.437500,1,4.935000,0.196000,0.967260,68,1,3.790000,37.600000,0,1,0,1,0,0,0,1,0,0,3,T3_noon_strong_light,场景3.CSV,360.000000,12.100000,-0.026177,-0.999657,6.000000,71.000000,37.600000,7.308710
DATA,60191,0,2374.200000,1,8.406000,0.986000,8.288316,1,7.852000,0.011000,0.086372,80.750000,1,4.934000,0.196000,0.967064,68,1,3.790000,37.600000,0,1,0,1,0,0,0,1,0,0,3,T3_noon_strong_light,场景3.CSV,450.000000,12.125000,-0.032719,-0.999465,6.000000,71.000000,37.600000,7.321252
DATA,70218,0,2375.000000,1,8.407000,0.986000,8.289302,1,7.853000,0.011000,0.086383,80.812500,1,4.934000,0.196000,0.967064,68,1,3.790000,37.600000,0,1,0,1,0,0,0,1,0,0,3,T3_noon_strong_light,场景3.CSV,540.000000,12.150000,-0.039260,-0.999229,6.000000,71.000000,37.600000,7.322238
DATA,80220,0,2375.800000,1,8.409000,0.986000,8.291274,1,7.852000,0.011000,0.086372,80.750000,1,4.933000,0.197000,0.971801,68,1,3.789000,37.600000,0,1,0,1,0,0,0,1,0,0,3,T3_noon_strong_light,场景3.CSV,630.000000,12.175000,-0.045799,-0.998951,6.000000,71.000000,37.600000,7.319473
DATA,90234,0,2375.800000,1,8.413000,0.987000,8.303631,1,7.858000,0.011000,0.086438,81.125000,1,4.933000,0.197000,0.971801,68,1,3.787000,37.600000,0,1,0,1,0,0,0,1,0,0,3,T3_noon_strong_light,场景3.CSV,720.000000,12.200000,-0.052336,-0.998630,6.000000,71.000000,37.600000,7.331830
DATA,100274,0,2375.000000,1,8.415000,0.988000,8.314020,1,7.858000,0.011000,0.086438,81.125000,1,4.934000,0.197000,0.971998,68,1,3.787000,37.600000,0,1,0,1,0,0,0,1,0,0,3,T3_noon_strong_light,场景3.CSV,810.000000,12.225000,-0.058871,-0.998266,6.000000,71.000000,37.600000,7.342022
DATA,110285,0,2375.800000,1,8.414000,0.987000,8.304618,1,7.862000,0.011000,0.086482,81.375000,1,4.933000,0.197000,0.971801,68,1,3.787000,37.600000,0,1,0,1,0,0,0,1,0,0,3,T3_noon_strong_light,场景3.CSV,900.000000,12.250000,-0.065403,-0.997859,6.000000,71.000000,37.600000,7.332817
DATA,120318,0,2372.500000,1,8.419000,0.988000,8.317972,1,7.864000,0.011000,0.086504,81.500000,1,4.934000,0.197000,0.971998,68,1,3.787000,37.600000,0,1,0,1,0,0,0,1,0,0,3,T3_noon_strong_light,场景3.CSV,990.000000,12.275000,-0.071933,-0.997409,6.000000,71.000000,37.600000,7.345974
DATA,130327,0,2373.300000,1,8.423000,0.990000,8.338770,1,7.865000,0.011000,0.086515,81.562500,1,4.934000,0.197000,0.971998,68,1,3.787000,37.600000,0,1,0,1,0,0,0,1,0,0,3,T3_noon_strong_light,场景3.CSV,1080.000000,12.300000,-0.078459,-0.996917,6.000000,71.000000,37.600000,7.366772
DATA,140349,0,2371.700000,1,8.426000,0.991000,8.350166,1,7.867000,0.011000,0.086537,81.687500,1,4.934000,0.197000,0.971998,68,1,3.787000,37.600000,0,1,0,1,0,0,0,1,0,0,3,T3_noon_strong_light,场景3.CSV,1170.000000,12.325000,-0.084982,-0.996382,6.000000,71.000000,37.600000,7.378168
DATA,150360,0,2376.700000,1,8.421000,0.989000,8.328369,1,7.866000,0.011000,0.086526,81.625000,1,4.934000,0.197000,0.971998,68,1,3.786000,37.600000,0,1,0,1,0,0,0,1,0,0,3,T3_noon_strong_light,场景3.CSV,1260.000000,12.350000,-0.091502,-0.995805,6.000000,71.000000,37.600000,7.356371
DATA,160360,0,2374.200000,1,8.421000,0.988000,8.319948,1,7.868000,0.011000,0.086548,81.750000,1,4.933000,0.197000,0.971801,68,1,3.786000,37.600000,0,1,0,1,0,0,0,1,0,0,3,T3_noon_strong_light,场景3.CSV,1350.000000,12.375000,-0.098017,-0.995185,6.000000,71.000000,37.600000,7.348147
DATA,170361,0,2371.700000,1,8.424000,0.990000,8.339760,1,7.869000,0.011000,0.086559,81.812500,1,4.933000,0.197000,0.971801,68,1,3.785000,37.600000,0,1,0,1,0,0,0,1,0,0,3,T3_noon_strong_light,场景3.CSV,1440.000000,12.400000,-0.104528,-0.994522,6.000000,71.000000,37.600000,7.367959
DATA,180393,0,2340.000000,1,8.425000,0.990000,8.340750,1,7.870000,0.011000,0.086570,81.875000,1,4.934000,0.197000,0.971998,68,1,3.785000,37.600000,0,1,0,1,0,0,0,1,0,0,3,T3_noon_strong_light,场景3.CSV,1530.000000,12.425000,-0.111035,-0.993816,6.000000,71.000000,37.600000,7.368752
DATA,190442,0,2368.300000,1,8.424000,0.990000,8.339760,1,7.871000,0.011000,0.086581,81.937500,1,4.934000,0.198000,0.976932,68,1,3.785000,37.600000,0,1,0,1,0,0,0,1,0,0,3,T3_noon_strong_light,场景3.CSV,1620.000000,12.450000,-0.117537,-0.993068,6.000000,71.000000,37.600000,7.362828
DATA,200448,0,2367.500000,1,8.422000,0.990000,8.337780,1,7.869000,0.011000,0.086559,81.812500,1,4.931000,0.198000,0.976338,68,1,3.785000,37.600000,0,1,0,1,0,0,0,1,0,0,3,T3_noon_strong_light,场景3.CSV,1710.000000,12.475000,-0.124034,-0.992278,6.000000,71.000000,37.600000,7.361442
DATA,210450,0,2370.800000,1,8.422000,0.990000,8.337780,1,7.871000,0.011000,0.086581,81.937500,1,4.932000,0.198000,0.976536,68,1,3.784000,37.600000,0,1,0,1,0,0,0,1,0,0,3,T3_noon_strong_light,场景3.CSV,1800.000000,12.500000,-0.130526,-0.991445,6.000000,71.000000,37.600000,7.361244
DATA,220460,0,2369.200000,1,8.422000,0.990000,8.337780,1,7.871000,0.011000,0.086581,81.937500,1,4.933000,0.198000,0.976734,68,1,3.784000,37.600000,0,1,0,1,0,0,0,1,0,0,3,T3_noon_strong_light,场景3.CSV,1890.000000,12.525000,-0.137012,-0.990569,6.000000,71.000000,37.600000,7.361046
DATA,230501,0,2345.000000,1,8.419000,0.988000,8.317972,1,7.871000,0.011000,0.086581,81.937500,1,4.932000,0.198000,0.976536,68,1,3.783000,37.600000,0,1,0,1,0,0,0,1,0,0,3,T3_noon_strong_light,场景3.CSV,1980.000000,12.550000,-0.143493,-0.989651,6.000000,71.000000,37.600000,7.341436
DATA,240524,0,2365.800000,1,8.420000,0.988000,8.318960,1,7.872000,0.011000,0.086592,82.000000,1,4.933000,0.198000,0.976734,68,1,3.783000,37.600000,0,1,0,1,0,0,0,1,0,0,3,T3_noon_strong_light,场景3.CSV,2070.000000,12.575000,-0.149967,-0.988691,6.000000,71.000000,37.600000,7.342226
DATA,250551,0,2345.800000,1,8.419000,0.988000,8.317972,1,7.872000,0.011000,0.086592,82.000000,1,4.932000,0.198000,0.976536,68,1,3.784000,37.600000,0,1,0,1,0,0,0,1,0,0,3,T3_noon_strong_light,场景3.CSV,2160.000000,12.600000,-0.156434,-0.987688,6.000000,71.000000,37.600000,7.341436
DATA,260586,0,2345.800000,1,8.420000,0.988000,8.318960,1,7.873000,0.011000,0.086603,82.062500,1,4.933000,0.198000,0.976734,68,1,3.784000,37.600000,0,1,0,1,0,0,0,1,0,0,3,T3_noon_strong_light,场景3.CSV,2250.000000,12.625000,-0.162895,-0.986643,6.000000,71.000000,37.600000,7.342226
DATA,270634,0,2349.200000,1,8.421000,0.988000,8.319948,1,7.874000,0.011000,0.086614,82.125000,1,4.934000,0.198000,0.976932,68,1,3.783000,37.600000,0,1,0,1,0,0,0,1,0,0,3,T3_noon_strong_light,场景3.CSV,2340.000000,12.650000,-0.169350,-0.985556,6.000000,71.000000,37.600000,7.343016
DATA,280641,0,2347.500000,1,8.424000,0.988000,8.322912,1,7.875000,0.011000,0.086625,82.187500,1,4.933000,0.198000,0.976734,68,1,3.783000,37.600000,0,1,0,1,0,0,0,1,0,0,3,T3_noon_strong_light,场景3.CSV,2430.000000,12.675000,-0.175796,-0.984427,6.000000,71.000000,37.600000,7.346178
DATA,290690,0,2369.200000,1,8.420000,0.988000,8.318960,1,7.873000,0.011000,0.086603,82.062500,1,4.931000,0.198000,0.976338,68,1,3.783000,37.600000,0,1,0,1,0,0,0,1,0,0,3,T3_noon_strong_light,场景3.CSV,2520.000000,12.700000,-0.182236,-0.983255,6.000000,71.000000,37.600000,7.342622
DATA,300723,0,2370.000000,1,8.423000,0.988000,8.321924,1,7.874000,0.011000,0.086614,82.125000,1,4.932000,0.198000,0.976536,68,1,3.783000,37.600000,0,1,0,1,0,0,0,1,0,0,3,T3_noon_strong_light,场景3.CSV,2610.000000,12.725000,-0.188667,-0.982041,6.000000,71.000000,37.600000,7.345388
DATA,310742,0,2370.800000,1,8.425000,0.989000,8.332325,1,7.876000,0.011000,0.086636,82.250000,1,4.933000,0.198000,0.976734,68,1,3.783000,37.600000,0,1,0,1,0,0,0,1,0,0,3,T3_noon_strong_light,场景3.CSV,2700.000000,12.750000,-0.195090,-0.980785,6.000000,71.000000,37.600000,7.355591
DATA,320747,0,2368.300000,1,8.427000,0.990000,8.342730,1,7.877000,0.011000,0.086647,82.312500,1,4.933000,0.198000,0.976734,68,1,3.783000,37.600000,0,1,0,1,0,0,0,1,0,0,3,T3_noon_strong_light,场景3.CSV,2790.000000,12.775000,-0.201505,-0.979487,6.000000,71.000000,37.600000,7.365996
DATA,330758,0,2367.500000,1,8.426000,0.989000,8.333314,1,7.877000,0.011000,0.086647,82.312500,1,4.933000,0.198000,0.976734,68,1,3.781000,37.600000,0,1,0,1,0,0,0,1,0,0,3,T3_noon_strong_light,场景3.CSV,2880.000000,12.800000,-0.207912,-0.978148,6.000000,71.000000,37.600000,7.356580
DATA,340798,0,2368.300000,1,8.424000,0.989000,8.331336,1,7.878000,0.011000,0.086658,82.375000,1,4.933000,0.198000,0.976734,68,1,3.780000,37.600000,0,1,0,1,0,0,0,1,0,0,3,T3_noon_strong_light,场景3.CSV,2970.000000,12.825000,-0.214309,-0.976766,6.000000,71.000000,37.600000,7.354602
DATA,350818,0,2370.000000,1,8.426000,0.988000,8.324888,1,7.879000,0.011000,0.086669,82.437500,1,4.933000,0.198000,0.976734,68,1,3.780000,37.600000,0,1,0,1,0,0,0,1,0,0,3,T3_noon_strong_light,场景3.CSV,3060.000000,12.850000,-0.220697,-0.975342,6.000000,71.000000,37.600000,7.348154
DATA,360847,0,2368.300000,1,8.425000,0.988000,8.323900,1,7.879000,0.011000,0.086669,82.437500,1,4.933000,0.198000,0.976734,68,1,3.780000,37.600000,0,1,0,1,0,0,0,1,0,0,3,T3_noon_strong_light,场景3.CSV,3150.000000,12.875000,-0.227076,-0.973877,6.000000,71.000000,37.600000,7.347166
DATA,370858,0,2368.300000,1,8.423000,0.988000,8.321924,1,7.878000,0.011000,0.086658,82.375000,1,4.932000,0.198000,0.976536,68,1,3.780000,37.600000,0,1,0,1,0,0,0,1,0,0,3,T3_noon_strong_light,场景3.CSV,3240.000000,12.900000,-0.233445,-0.972370,6.000000,70.900000,37.600000,7.345388
DATA,380858,0,2368.300000,1,8.422000,0.987000,8.312514,1,7.878000,0.011000,0.086658,82.375000,1,4.932000,0.198000,0.976536,68,1,3.780000,37.600000,0,1,0,1,0,0,0,1,0,0,3,T3_noon_strong_light,场景3.CSV,3330.000000,12.925000,-0.239804,-0.970821,6.000000,70.900000,37.600000,7.335978
DATA,390880,0,2368.300000,1,8.425000,0.988000,8.323900,1,7.878000,0.011000,0.086658,82.375000,1,4.932000,0.198000,0.976536,68,1,3.780000,37.600000,0,1,0,1,0,0,0,1,0,0,3,T3_noon_strong_light,场景3.CSV,3420.000000,12.950000,-0.246153,-0.969231,6.000000,70.900000,37.600000,7.347364
DATA,400921,0,2367.500000,1,8.427000,0.989000,8.334303,1,7.881000,0.011000,0.086691,82.562500,1,4.933000,0.198000,0.976734,68,1,3.780000,37.600000,0,1,0,1,0,0,0,1,0,0,3,T3_noon_strong_light,场景3.CSV,3510.000000,12.975000,-0.252492,-0.967599,6.000000,70.900000,37.600000,7.357569
DATA,410925,0,2367.500000,1,8.430000,0.990000,8.345700,1,7.881000,0.011000,0.086691,82.562500,1,4.933000,0.198000,0.976734,68,1,3.779000,37.600000,0,1,0,1,0,0,0,1,0,0,3,T3_noon_strong_light,场景3.CSV,3600.000000,13.000000,-0.258819,-0.965926,6.000000,70.900000,37.600000,7.368966
DATA,420925,0,2370.000000,1,8.427000,0.988000,8.325876,1,7.881000,0.011000,0.086691,82.562500,1,4.933000,0.198000,0.976734,68,1,3.779000,37.600000,0,1,0,1,0,0,0,1,0,0,3,T3_noon_strong_light,场景3.CSV,3690.000000,13.025000,-0.265135,-0.964211,6.000000,70.900000,37.600000,7.349142
DATA,430925,0,2368.300000,1,8.427000,0.987000,8.317449,1,7.882000,0.011000,0.086702,82.625000,1,4.933000,0.198000,0.976734,68,1,3.777000,37.600000,0,1,0,1,0,0,0,1,0,0,3,T3_noon_strong_light,场景3.CSV,3780.000000,13.050000,-0.271440,-0.962455,6.000000,70.900000,37.600000,7.340715
DATA,440961,0,2368.300000,1,8.430000,0.989000,8.337270,1,7.882000,0.011000,0.086702,82.625000,1,4.933000,0.198000,0.976734,68,1,3.779000,37.600000,0,1,0,1,0,0,0,1,0,0,3,T3_noon_strong_light,场景3.CSV,3870.000000,13.075000,-0.277734,-0.960658,6.000000,70.900000,37.600000,7.360536
DATA,450978,0,2365.800000,1,8.430000,0.988000,8.328840,1,7.884000,0.011000,0.086724,82.750000,1,4.932000,0.198000,0.976536,68,1,3.779000,37.600000,0,1,0,1,0,0,0,1,0,0,3,T3_noon_strong_light,场景3.CSV,3960.000000,13.100000,-0.284015,-0.958820,6.000000,70.900000,37.600000,7.352304
DATA,460984,0,2354.200000,1,8.429000,0.988000,8.327852,1,7.884000,0.011000,0.086724,82.750000,1,4.932000,0.198000,0.976536,68,1,3.779000,37.200000,0,1,0,1,0,0,0,1,0,0,3,T3_noon_strong_light,场景3.CSV,4050.000000,13.125000,-0.290285,-0.956940,6.000000,70.900000,37.200000,7.351316
DATA,471032,0,2331.700000,1,8.398000,0.989000,8.305622,1,7.851000,0.011000,0.086361,80.687500,1,4.918000,0.256000,1.259008,68,1,3.777000,37.200000,0,1,0,1,0,1,0,1,0,0,3,T3_noon_strong_light,场景3.CSV,4140.000000,13.150000,-0.296542,-0.955020,6.000000,70.900000,37.200000,7.046614
DATA,481065,0,2331.700000,1,8.381000,0.989000,8.288809,1,7.852000,0.011000,0.086372,80.750000,1,4.911000,0.284000,1.394724,68,1,3.777000,37.200000,0,1,0,1,0,1,0,1,0,0,3,T3_noon_strong_light,场景3.CSV,4230.000000,13.175000,-0.302786,-0.953059,6.000000,70.900000,37.200000,6.894085
DATA,491088,0,2362.500000,1,8.382000,0.989000,8.289798,1,7.852000,0.011000,0.086372,80.750000,1,4.911000,0.281000,1.379991,68,1,3.777000,37.200000,0,1,0,1,0,1,0,1,0,0,3,T3_noon_strong_light,场景3.CSV,4320.000000,13.200000,-0.309017,-0.951057,6.000000,70.900000,37.200000,6.909807
DATA,501109,0,2360.800000,1,8.381000,0.989000,8.288809,1,7.853000,0.011000,0.086383,80.812500,1,4.910000,0.278000,1.364980,68,1,3.777000,37.200000,0,1,0,1,0,1,0,1,0,0,3,T3_noon_strong_light,场景3.CSV,4410.000000,13.225000,-0.315235,-0.949014,6.000000,70.900000,37.200000,6.923829
DATA,511115,0,2361.700000,1,8.383000,0.990000,8.299170,1,7.852000,0.011000,0.086372,80.750000,1,4.911000,0.277000,1.360347,68,1,3.777000,37.200000,0,1,0,1,0,1,0,1,0,0,3,T3_noon_strong_light,场景3.CSV,4500.000000,13.250000,-0.321439,-0.946930,6.000000,70.900000,37.200000,6.938823
DATA,521147,0,2360.800000,1,8.383000,0.989000,8.290787,1,7.853000,0.011000,0.086383,80.812500,1,4.911000,0.276000,1.355436,68,1,3.777000,37.200000,0,1,0,1,0,1,0,1,0,0,3,T3_noon_strong_light,场景3.CSV,4590.000000,13.275000,-0.327630,-0.944806,6.000000,70.900000,37.200000,6.935351
DATA,531184,0,2361.700000,1,8.381000,0.987000,8.272047,1,7.853000,0.011000,0.086383,80.812500,1,4.911000,0.275000,1.350525,68,1,3.776000,37.200000,0,1,0,1,0,1,0,1,0,0,3,T3_noon_strong_light,场景3.CSV,4680.000000,13.300000,-0.333807,-0.942641,6.000000,70.900000,37.200000,6.921522
DATA,541199,0,2343.300000,1,8.384000,0.988000,8.283392,1,7.855000,0.011000,0.086405,80.937500,1,4.912000,0.274000,1.345888,68,1,3.776000,37.200000,0,1,0,1,0,1,0,1,0,0,3,T3_noon_strong_light,场景3.CSV,4770.000000,13.325000,-0.339969,-0.940437,6.000000,70.900000,37.200000,6.937504
DATA,551219,0,2364.200000,1,8.383000,0.988000,8.282404,1,7.855000,0.011000,0.086405,80.937500,1,4.912000,0.274000,1.345888,68,1,3.775000,37.200000,0,1,0,1,0,1,0,1,0,0,3,T3_noon_strong_light,场景3.CSV,4860.000000,13.350000,-0.346117,-0.938191,6.000000,70.900000,37.200000,6.936516
DATA,561233,0,2365.800000,1,8.385000,0.989000,8.292765,1,7.857000,0.011000,0.086427,81.062500,1,4.910000,0.273000,1.340430,68,1,3.775000,37.200000,0,1,0,1,0,1,0,1,0,0,3,T3_noon_strong_light,场景3.CSV,4950.000000,13.375000,-0.352250,-0.935906,6.000000,70.900000,37.200000,6.952335
DATA,571235,0,2369.200000,1,8.386000,0.990000,8.302140,1,7.856000,0.011000,0.086416,81.000000,1,4.911000,0.273000,1.340703,68,1,3.775000,37.200000,0,1,0,1,0,1,0,1,0,0,3,T3_noon_strong_light,场景3.CSV,5040.000000,13.400000,-0.358368,-0.933580,6.000000,70.900000,37.200000,6.961437
DATA,581251,0,2367.500000,1,8.386000,0.989000,8.293754,1,7.857000,0.011000,0.086427,81.062500,1,4.912000,0.273000,1.340976,68,1,3.775000,37.200000,0,1,0,1,0,1,0,1,0,0,3,T3_noon_strong_light,场景3.CSV,5130.000000,13.425000,-0.364470,-0.931215,6.000000,70.900000,37.200000,6.952778
DATA,591276,0,2365.800000,1,8.386000,0.988000,8.285368,1,7.857000,0.011000,0.086427,81.062500,1,4.912000,0.273000,1.340976,68,1,3.775000,37.200000,0,1,0,1,0,1,0,1,0,0,3,T3_noon_strong_light,场景3.CSV,5220.000000,13.450000,-0.370557,-0.928810,6.000000,70.900000,37.200000,6.944392
DATA,601286,0,2365.800000,1,8.385000,0.988000,8.284380,1,7.857000,0.011000,0.086427,81.062500,1,4.911000,0.273000,1.340703,68,1,3.775000,37.200000,0,1,0,1,0,1,0,1,0,0,3,T3_noon_strong_light,场景3.CSV,5310.000000,13.475000,-0.376629,-0.926364,6.000000,70.900000,37.200000,6.943677
DATA,611309,0,2366.700000,1,8.384000,0.987000,8.275008,1,7.857000,0.011000,0.086427,81.062500,1,4.912000,0.273000,1.340976,68,1,3.775000,37.200000,0,1,0,1,0,1,0,1,0,0,3,T3_noon_strong_light,场景3.CSV,5400.000000,13.500000,-0.382683,-0.923880,6.000000,70.900000,37.200000,6.934032
DATA,621327,0,2366.700000,1,8.386000,0.988000,8.285368,1,7.858000,0.011000,0.086438,81.125000,1,4.912000,0.273000,1.340976,68,1,3.775000,37.200000,0,1,0,1,0,1,0,1,0,0,3,T3_noon_strong_light,场景3.CSV,5490.000000,13.525000,-0.388722,-0.921355,6.000000,70.900000,37.200000,6.944392
DATA,631358,0,2366.700000,1,8.386000,0.987000,8.276982,1,7.858000,0.011000,0.086438,81.125000,1,4.912000,0.273000,1.340976,68,1,3.775000,37.200000,0,1,0,1,0,1,0,1,0,0,3,T3_noon_strong_light,场景3.CSV,5580.000000,13.550000,-0.394744,-0.918791,6.000000,70.900000,37.200000,6.936006
DATA,641382,0,2366.700000,1,8.386000,0.987000,8.276982,1,7.860000,0.011000,0.086460,81.250000,1,4.912000,0.273000,1.340976,68,1,3.775000,37.200000,0,1,0,1,0,1,0,1,0,0,3,T3_noon_strong_light,场景3.CSV,5670.000000,13.575000,-0.400749,-0.916188,6.000000,70.900000,37.200000,6.936006
DATA,651430,0,2366.700000,1,8.388000,0.989000,8.295732,1,7.861000,0.011000,0.086471,81.312500,1,4.912000,0.273000,1.340976,68,1,3.774000,37.200000,0,1,0,1,0,1,0,1,0,0,3,T3_noon_strong_light,场景3.CSV,5760.000000,13.600000,-0.406737,-0.913545,6.000000,70.900000,37.200000,6.954756
DATA,661462,0,2366.700000,1,8.385000,0.987000,8.275995,1,7.860000,0.011000,0.086460,81.250000,1,4.912000,0.273000,1.340976,68,1,3.774000,37.200000,0,1,0,1,0,1,0,1,0,0,3,T3_noon_strong_light,场景3.CSV,5850.000000,13.625000,-0.412707,-0.910864,6.000000,70.900000,37.200000,6.935019
DATA,671474,0,2365.800000,1,8.388000,0.988000,8.287344,1,7.861000,0.011000,0.086471,81.312500,1,4.912000,0.273000,1.340976,68,1,3.774000,37.200000,0,1,0,1,0,1,0,1,0,0,3,T3_noon_strong_light,场景3.CSV,5940.000000,13.650000,-0.418660,-0.908143,6.000000,70.900000,37.200000,6.946368
DATA,681493,0,2365.800000,1,8.389000,0.988000,8.288332,1,7.862000,0.011000,0.086482,81.375000,1,4.912000,0.272000,1.336064,68,1,3.774000,37.200000,0,1,0,1,0,1,0,1,0,0,3,T3_noon_strong_light,场景3.CSV,6030.000000,13.675000,-0.424595,-0.905384,6.000000,70.900000,37.200000,6.952268
DATA,691525,0,2369.200000,1,8.388000,0.988000,8.287344,1,7.862000,0.011000,0.086482,81.375000,1,4.912000,0.273000,1.340976,68,1,3.772000,37.200000,0,1,0,1,0,1,0,1,0,0,3,T3_noon_strong_light,场景3.CSV,6120.000000,13.700000,-0.430511,-0.902585,6.000000,70.900000,37.200000,6.946368
DATA,701564,0,2370.800000,1,8.386000,0.987000,8.276982,1,7.863000,0.011000,0.086493,81.437500,1,4.912000,0.273000,1.340976,68,1,3.772000,37.200000,0,1,0,1,0,1,0,1,0,0,3,T3_noon_strong_light,场景3.CSV,6210.000000,13.725000,-0.436409,-0.899748,6.000000,70.900000,37.200000,6.936006
DATA,711609,0,2365.000000,1,8.393000,0.989000,8.300677,1,7.865000,0.011000,0.086515,81.562500,1,4.912000,0.273000,1.340976,68,1,3.772000,36.900000,0,1,0,1,0,1,0,1,0,0,3,T3_noon_strong_light,场景3.CSV,6300.000000,13.750000,-0.442289,-0.896873,6.000000,70.900000,36.900000,6.959701
DATA,721633,0,2365.800000,1,8.394000,0.990000,8.310060,1,7.865000,0.011000,0.086515,81.562500,1,4.912000,0.273000,1.340976,68,1,3.772000,36.900000,0,1,0,1,0,1,0,1,0,0,3,T3_noon_strong_light,场景3.CSV,6390.000000,13.775000,-0.448149,-0.893959,6.000000,70.900000,36.900000,6.969084
DATA,731652,0,2342.500000,1,8.395000,0.989000,8.302655,1,7.866000,0.011000,0.086526,81.625000,1,4.912000,0.273000,1.340976,68,1,3.772000,36.900000,0,1,0,1,0,1,0,1,0,0,3,T3_noon_strong_light,场景3.CSV,6480.000000,13.800000,-0.453990,-0.891007,6.000000,70.900000,36.900000,6.961679
DATA,741688,0,2363.300000,1,8.395000,0.989000,8.302655,1,7.865000,0.011000,0.086515,81.562500,1,4.911000,0.273000,1.340703,68,1,3.772000,36.900000,0,1,0,1,0,1,0,1,0,0,3,T3_noon_strong_light,场景3.CSV,6570.000000,13.825000,-0.459812,-0.888016,6.000000,70.900000,36.900000,6.961952
DATA,751723,0,2364.200000,1,8.394000,0.990000,8.310060,1,7.865000,0.011000,0.086515,81.562500,1,4.912000,0.273000,1.340976,68,1,3.772000,36.900000,0,1,0,1,0,1,0,1,0,0,3,T3_noon_strong_light,场景3.CSV,6660.000000,13.850000,-0.465615,-0.884988,6.000000,70.900000,36.900000,6.969084
DATA,761742,0,2365.000000,1,8.396000,0.990000,8.312040,1,7.866000,0.011000,0.086526,81.625000,1,4.911000,0.273000,1.340703,68,1,3.771000,36.900000,0,1,0,1,0,1,0,1,0,0,3,T3_noon_strong_light,场景3.CSV,6750.000000,13.875000,-0.471397,-0.881921,6.000000,70.900000,36.900000,6.971337
DATA,771750,0,2365.000000,1,8.398000,0.990000,8.314020,1,7.868000,0.011000,0.086548,81.750000,1,4.912000,0.273000,1.340976,68,1,3.771000,36.900000,0,1,0,1,0,1,0,1,0,0,3,T3_noon_strong_light,场景3.CSV,6840.000000,13.900000,-0.477159,-0.878817,6.000000,70.900000,36.900000,6.973044
DATA,781810,0,2365.000000,1,8.396000,0.991000,8.320436,1,7.867000,0.011000,0.086537,81.687500,1,4.912000,0.273000,1.340976,68,1,3.771000,36.900000,0,1,0,1,0,1,0,1,0,0,3,T3_noon_strong_light,场景3.CSV,6930.000000,13.925000,-0.482900,-0.875675,6.000000,70.900000,36.900000,6.979460
DATA,791810,0,2369.200000,1,8.401000,0.993000,8.342193,1,7.870000,0.011000,0.086570,81.875000,1,4.911000,0.273000,1.340703,68,1,3.771000,36.900000,0,1,0,1,0,1,0,1,0,0,3,T3_noon_strong_light,场景3.CSV,7020.000000,13.950000,-0.488621,-0.872496,6.000000,70.900000,36.900000,7.001490
DATA,801832,0,2365.800000,1,8.394000,0.989000,8.301666,1,7.866000,0.011000,0.086526,81.625000,1,4.911000,0.273000,1.340703,68,1,3.771000,36.900000,0,1,0,1,0,1,0,1,0,0,3,T3_noon_strong_light,场景3.CSV,7110.000000,13.975000,-0.494321,-0.869279,6.000000,70.900000,36.900000,6.960963
DATA,811855,0,2369.200000,1,8.398000,0.990000,8.314020,1,7.870000,0.011000,0.086570,81.875000,1,4.912000,0.273000,1.340976,68,1,3.771000,36.900000,0,1,0,1,0,1,0,1,0,0,3,T3_noon_strong_light,场景3.CSV,7200.000000,14.000000,-0.500000,-0.866025,6.000000,70.900000,36.900000,6.973044
DATA,821871,0,2364.200000,1,8.398000,0.990000,8.314020,1,7.870000,0.011000,0.086570,81.875000,1,4.912000,0.273000,1.340976,68,1,3.770000,36.900000,0,1,0,1,0,1,0,1,0,0,3,T3_noon_strong_light,场景3.CSV,7290.000000,14.025000,-0.505657,-0.862734,6.000000,70.900000,36.900000,6.973044
DATA,831898,0,2365.000000,1,8.400000,0.990000,8.316000,1,7.871000,0.011000,0.086581,81.937500,1,4.912000,0.273000,1.340976,68,1,3.770000,36.900000,0,1,0,1,0,1,0,1,0,0,3,T3_noon_strong_light,场景3.CSV,7380.000000,14.050000,-0.511293,-0.859406,6.000000,70.900000,36.900000,6.975024
DATA,841943,0,2364.200000,1,8.397000,0.987000,8.287839,1,7.870000,0.011000,0.086570,81.875000,1,4.912000,0.273000,1.340976,68,1,3.770000,36.900000,0,1,0,1,0,1,0,1,0,0,3,T3_noon_strong_light,场景3.CSV,7470.000000,14.075000,-0.516907,-0.856042,6.000000,70.900000,36.900000,6.946863
DATA,851984,0,2364.200000,1,8.399000,0.989000,8.306611,1,7.872000,0.011000,0.086592,82.000000,1,4.912000,0.273000,1.340976,68,1,3.770000,36.900000,0,1,0,1,0,1,0,1,0,0,3,T3_noon_strong_light,场景3.CSV,7560.000000,14.100000,-0.522499,-0.852640,6.000000,70.900000,36.900000,6.965635
DATA,862028,0,2367.500000,1,8.401000,0.990000,8.316990,1,7.871000,0.011000,0.086581,81.937500,1,4.911000,0.273000,1.340703,68,1,3.770000,36.900000,0,1,0,1,0,1,0,1,0,0,3,T3_noon_strong_light,场景3.CSV,7650.000000,14.125000,-0.528068,-0.849202,6.000000,70.900000,36.900000,6.976287
DATA,872042,0,2364.200000,1,8.400000,0.989000,8.307600,1,7.872000,0.011000,0.086592,82.000000,1,4.912000,0.273000,1.340976,68,1,3.770000,36.900000,0,1,0,1,0,1,0,1,0,0,3,T3_noon_strong_light,场景3.CSV,7740.000000,14.150000,-0.533615,-0.845728,6.000000,70.900000,36.900000,6.966624
DATA,882076,0,2365.800000,1,8.400000,0.988000,8.299200,1,7.873000,0.011000,0.086603,82.062500,1,4.912000,0.273000,1.340976,68,1,3.769000,36.900000,0,1,0,1,0,1,0,1,0,0,3,T3_noon_strong_light,场景3.CSV,7830.000000,14.175000,-0.539138,-0.842217,6.000000,70.900000,36.900000,6.958224
DATA,892112,0,2363.300000,1,8.401000,0.989000,8.308589,1,7.873000,0.011000,0.086603,82.062500,1,4.912000,0.273000,1.340976,68,1,3.769000,36.900000,0,1,0,1,0,1,0,1,0,0,3,T3_noon_strong_light,场景3.CSV,7920.000000,14.200000,-0.544639,-0.838671,6.000000,70.900000,36.900000,6.967613
DATA,902130,0,2363.300000,1,8.398000,0.989000,8.305622,1,7.874000,0.011000,0.086614,82.125000,1,4.911000,0.273000,1.340703,68,1,3.769000,36.900000,0,1,0,1,0,1,0,1,0,0,3,T3_noon_strong_light,场景3.CSV,8010.000000,14.225000,-0.550116,-0.835088,6.000000,70.900000,36.900000,6.964919
DATA,912148,0,2363.300000,1,8.399000,0.988000,8.298212,1,7.874000,0.011000,0.086614,82.125000,1,4.911000,0.273000,1.340703,68,1,3.767000,36.900000,0,1,0,1,0,1,0,1,0,0,3,T3_noon_strong_light,场景3.CSV,8100.000000,14.250000,-0.555570,-0.831470,6.000000,70.900000,36.900000,6.957509
DATA,922168,0,2369.200000,1,8.398000,0.987000,8.288826,1,7.874000,0.011000,0.086614,82.125000,1,4.911000,0.273000,1.340703,68,1,3.767000,36.900000,0,1,0,1,0,1,0,1,0,0,3,T3_noon_strong_light,场景3.CSV,8190.000000,14.275000,-0.561000,-0.827816,6.000000,70.900000,36.900000,6.948123
DATA,932182,0,2364.200000,1,8.400000,0.988000,8.299200,1,7.875000,0.011000,0.086625,82.187500,1,4.912000,0.273000,1.340976,68,1,3.767000,36.500000,0,1,0,1,0,1,0,1,0,0,3,T3_noon_strong_light,场景3.CSV,8280.000000,14.300000,-0.566406,-0.824126,6.000000,70.900000,36.500000,6.958224
DATA,942207,0,2363.300000,1,8.405000,0.990000,8.320950,1,7.877000,0.011000,0.086647,82.312500,1,4.911000,0.273000,1.340703,68,1,3.767000,36.500000,0,1,0,1,0,1,0,1,0,0,3,T3_noon_strong_light,场景3.CSV,8370.000000,14.325000,-0.571788,-0.820401,6.000000,70.900000,36.500000,6.980247
DATA,952234,0,2363.300000,1,8.400000,0.987000,8.290800,1,7.875000,0.011000,0.086625,82.187500,1,4.911000,0.273000,1.340703,68,1,3.767000,36.500000,0,1,0,1,0,1,0,1,0,0,3,T3_noon_strong_light,场景3.CSV,8460.000000,14.350000,-0.577145,-0.816642,6.000000,70.900000,36.500000,6.950097
DATA,962282,0,2364.200000,1,8.403000,0.988000,8.302164,1,7.877000,0.011000,0.086647,82.312500,1,4.912000,0.273000,1.340976,68,1,3.767000,36.500000,0,1,0,1,0,1,0,1,0,0,3,T3_noon_strong_light,场景3.CSV,8550.000000,14.375000,-0.582478,-0.812847,6.000000,70.900000,36.500000,6.961188
DATA,972311,0,2363.300000,1,8.404000,0.989000,8.311556,1,7.877000,0.011000,0.086647,82.312500,1,4.912000,0.273000,1.340976,68,1,3.767000,36.500000,0,1,0,1,0,1,0,1,0,0,3,T3_noon_strong_light,场景3.CSV,8640.000000,14.400000,-0.587785,-0.809017,6.000000,70.900000,36.500000,6.970580
DATA,982330,0,2363.300000,1,8.407000,0.989000,8.314523,1,7.878000,0.011000,0.086658,82.375000,1,4.912000,0.273000,1.340976,68,1,3.767000,36.500000,0,1,0,1,0,1,0,1,0,0,3,T3_noon_strong_light,场景3.CSV,8730.000000,14.425000,-0.593068,-0.805153,6.000000,70.900000,36.500000,6.973547
DATA,992352,0,2366.700000,1,8.405000,0.989000,8.312545,1,7.878000,0.011000,0.086658,82.375000,1,4.911000,0.273000,1.340703,68,1,3.767000,36.500000,0,1,0,1,0,1,0,1,0,0,3,T3_noon_strong_light,场景3.CSV,8820.000000,14.450000,-0.598325,-0.801254,6.000000,70.900000,36.500000,6.971842
DATA,1002353,0,2363.300000,1,8.408000,0.989000,8.315512,1,7.880000,0.011000,0.086680,82.500000,1,4.912000,0.273000,1.340976,68,1,3.766000,36.500000,0,1,0,1,0,1,0,1,0,0,3,T3_noon_strong_light,场景3.CSV,8910.000000,14.475000,-0.603556,-0.797321,6.000000,70.900000,36.500000,6.974536
DATA,1012364,0,2363.300000,1,8.406000,0.989000,8.313534,1,7.880000,0.011000,0.086680,82.500000,1,4.912000,0.273000,1.340976,68,1,3.766000,36.500000,0,1,0,1,0,1,0,1,0,0,3,T3_noon_strong_light,场景3.CSV,9000.000000,14.500000,-0.608761,-0.793353,6.000000,70.900000,36.500000,6.972558
DATA,1022382,0,2362.500000,1,8.404000,0.987000,8.294748,1,7.882000,0.011000,0.086702,82.625000,1,4.912000,0.273000,1.340976,68,1,3.766000,36.500000,0,1,0,1,0,1,0,1,0,0,3,T3_noon_strong_light,场景3.CSV,9090.000000,14.525000,-0.613941,-0.789352,6.000000,70.900000,36.500000,6.953772
DATA,1032401,0,2363.300000,1,8.408000,0.989000,8.315512,1,7.882000,0.011000,0.086702,82.625000,1,4.911000,0.273000,1.340703,68,1,3.766000,36.500000,0,1,0,1,0,1,0,1,0,0,3,T3_noon_strong_light,场景3.CSV,9180.000000,14.550000,-0.619094,-0.785317,6.000000,70.900000,36.500000,6.974809
DATA,1042417,0,2362.500000,1,8.406000,0.988000,8.305128,1,7.882000,0.011000,0.086702,82.625000,1,4.911000,0.273000,1.340703,68,1,3.766000,36.500000,0,1,0,1,0,1,0,1,0,0,3,T3_noon_strong_light,场景3.CSV,9270.000000,14.575000,-0.624221,-0.781248,6.000000,70.900000,36.500000,6.964425
DATA,1052437,0,2361.700000,1,8.408000,0.988000,8.307104,1,7.883000,0.011000,0.086713,82.687500,1,4.912000,0.273000,1.340976,68,1,3.766000,36.500000,0,1,0,1,0,1,0,1,0,0,3,T3_noon_strong_light,场景3.CSV,9360.000000,14.600000,-0.629320,-0.777146,6.000000,70.900000,36.500000,6.966128
DATA,1062443,0,2361.700000,1,8.408000,0.988000,8.307104,1,7.883000,0.011000,0.086713,82.687500,1,4.912000,0.273000,1.340976,68,1,3.765000,36.500000,0,1,0,1,0,1,0,1,0,0,3,T3_noon_strong_light,场景3.CSV,9450.000000,14.625000,-0.634393,-0.773010,6.000000,70.900000,36.500000,6.966128
DATA,1072449,0,2365.800000,1,8.406000,0.987000,8.296722,1,7.883000,0.011000,0.086713,82.687500,1,4.912000,0.273000,1.340976,68,1,3.765000,36.500000,0,1,0,1,0,1,0,1,0,0,3,T3_noon_strong_light,场景3.CSV,9540.000000,14.650000,-0.639439,-0.768842,6.000000,70.900000,36.500000,6.955746
DATA,1082478,0,2360.800000,1,8.409000,0.988000,8.308092,1,7.885000,0.011000,0.086735,82.812500,1,4.912000,0.273000,1.340976,68,1,3.765000,36.500000,0,1,0,1,0,1,0,1,0,0,3,T3_noon_strong_light,场景3.CSV,9630.000000,14.675000,-0.644457,-0.764640,6.000000,70.900000,36.500000,6.967116
DATA,1092521,0,2365.000000,1,8.413000,0.989000,8.320457,1,7.886000,0.011000,0.086746,82.875000,1,4.912000,0.273000,1.340976,68,1,3.765000,36.500000,0,1,0,1,0,1,0,1,0,0,3,T3_noon_strong_light,场景3.CSV,9720.000000,14.700000,-0.649448,-0.760406,6.000000,70.900000,36.500000,6.979481
DATA,1102539,0,2364.200000,1,8.411000,0.988000,8.310068,1,7.886000,0.011000,0.086746,82.875000,1,4.912000,0.273000,1.340976,68,1,3.765000,36.500000,0,1,0,1,0,1,0,1,0,0,3,T3_noon_strong_light,场景3.CSV,9810.000000,14.725000,-0.654411,-0.756139,6.000000,70.800000,36.500000,6.969092
DATA,1112597,0,2363.300000,1,8.410000,0.988000,8.309080,1,7.887000,0.011000,0.086757,82.937500,1,4.912000,0.273000,1.340976,68,1,3.765000,36.100000,0,1,0,1,0,1,0,1,0,0,3,T3_noon_strong_light,场景3.CSV,9900.000000,14.750000,-0.659346,-0.751840,6.000000,70.800000,36.100000,6.968104
DATA,1122617,0,2360.800000,1,8.412000,0.989000,8.319468,1,7.888000,0.011000,0.086768,83.000000,1,4.912000,0.273000,1.340976,68,1,3.764000,36.100000,0,1,0,1,0,1,0,1,0,0,3,T3_noon_strong_light,场景3.CSV,9990.000000,14.775000,-0.664252,-0.747508,6.000000,70.800000,36.100000,6.978492
DATA,1132643,0,2360.000000,1,8.411000,0.989000,8.318479,1,7.888000,0.011000,0.086768,83.000000,1,4.912000,0.273000,1.340976,68,1,3.764000,36.100000,0,1,0,1,0,1,0,1,0,0,3,T3_noon_strong_light,场景3.CSV,10080.000000,14.800000,-0.669131,-0.743145,6.000000,70.800000,36.100000,6.977503
DATA,1142643,0,2343.300000,1,8.413000,0.989000,8.320457,1,7.888000,0.011000,0.086768,83.000000,1,4.912000,0.273000,1.340976,68,1,3.762000,36.100000,0,1,0,1,0,1,0,1,0,0,3,T3_noon_strong_light,场景3.CSV,10170.000000,14.825000,-0.673980,-0.738749,6.000000,70.800000,36.100000,6.979481
DATA,1152677,0,2330.000000,1,8.415000,0.989000,8.322435,1,7.890000,0.011000,0.086790,83.125000,1,4.912000,0.273000,1.340976,68,1,3.762000,36.100000,0,1,0,1,0,1,0,1,0,0,3,T3_noon_strong_light,场景3.CSV,10260.000000,14.850000,-0.678801,-0.734323,6.000000,70.800000,36.100000,6.981459
DATA,1162718,0,2358.300000,1,8.415000,0.989000,8.322435,1,7.890000,0.011000,0.086790,83.125000,1,4.911000,0.273000,1.340703,68,1,3.764000,36.100000,0,1,0,1,0,1,0,1,0,0,3,T3_noon_strong_light,场景3.CSV,10350.000000,14.875000,-0.683592,-0.729864,6.000000,70.800000,36.100000,6.981732
DATA,1172751,0,2358.300000,1,8.414000,0.988000,8.313032,1,7.891000,0.011000,0.086801,83.187500,1,4.912000,0.273000,1.340976,68,1,3.764000,36.100000,0,1,0,1,0,1,0,1,0,0,3,T3_noon_strong_light,场景3.CSV,10440.000000,14.900000,-0.688355,-0.725374,6.000000,70.800000,36.100000,6.972056
DATA,1182762,0,2359.200000,1,8.414000,0.988000,8.313032,1,7.891000,0.011000,0.086801,83.187500,1,4.911000,0.273000,1.340703,68,1,3.762000,36.100000,0,1,0,1,0,1,0,1,0,0,3,T3_noon_strong_light,场景3.CSV,10530.000000,14.925000,-0.693087,-0.720854,6.000000,70.800000,36.100000,6.972329
DATA,1192806,0,2358.300000,1,8.413000,0.987000,8.303631,1,7.892000,0.011000,0.086812,83.250000,1,4.912000,0.273000,1.340976,68,1,3.762000,36.100000,0,1,0,1,0,1,0,1,0,0,3,T3_noon_strong_light,场景3.CSV,10620.000000,14.950000,-0.697790,-0.716302,6.000000,70.800000,36.100000,6.962655
DATA,1202855,0,2359.200000,1,8.418000,0.990000,8.333820,1,7.893000,0.011000,0.086823,83.312500,1,4.911000,0.273000,1.340703,68,1,3.762000,36.100000,0,1,0,1,0,1,0,1,0,0,3,T3_noon_strong_light,场景3.CSV,10710.000000,14.975000,-0.702464,-0.711720,6.000000,70.800000,36.100000,6.993117
DATA,1212861,0,2332.500000,1,8.415000,0.987000,8.305605,1,7.892000,0.011000,0.086812,83.250000,1,4.912000,0.273000,1.340976,68,1,3.762000,36.100000,0,1,0,1,0,1,0,1,0,0,3,T3_noon_strong_light,场景3.CSV,10800.000000,15.000000,-0.707107,-0.707107,6.000000,70.800000,36.100000,6.964629
DATA,1222904,0,2358.300000,1,8.416000,0.988000,8.315008,1,7.893000,0.011000,0.086823,83.312500,1,4.912000,0.273000,1.340976,68,1,3.762000,36.100000,0,1,0,1,0,1,0,1,0,0,3,T3_noon_strong_light,场景3.CSV,10890.000000,15.025000,-0.711720,-0.702464,6.000000,70.800000,36.100000,6.974032
DATA,1232952,0,2340.000000,1,8.416000,0.986000,8.298176,1,7.893000,0.011000,0.086823,83.312500,1,4.912000,0.273000,1.340976,68,1,3.762000,36.100000,0,1,0,1,0,1,0,1,0,0,3,T3_noon_strong_light,场景3.CSV,10980.000000,15.050000,-0.716302,-0.697790,6.000000,70.800000,36.100000,6.957200
DATA,1242996,0,2355.000000,1,8.415000,0.986000,8.297190,1,7.892000,0.011000,0.086812,83.250000,1,4.911000,0.273000,1.340703,68,1,3.762000,36.100000,0,1,0,1,0,1,0,1,0,0,3,T3_noon_strong_light,场景3.CSV,11070.000000,15.075000,-0.720854,-0.693087,6.000000,70.800000,36.100000,6.956487
DATA,1253003,0,2336.700000,1,8.417000,0.987000,8.307579,1,7.894000,0.011000,0.086834,83.375000,1,4.911000,0.273000,1.340703,68,1,3.761000,36.100000,0,1,0,1,0,1,0,1,0,0,3,T3_noon_strong_light,场景3.CSV,11160.000000,15.100000,-0.725374,-0.688355,6.000000,70.800000,36.100000,6.966876
DATA,1263042,0,2357.500000,1,8.419000,0.988000,8.317972,1,7.893000,0.011000,0.086823,83.312500,1,4.911000,0.273000,1.340703,68,1,3.761000,36.100000,0,1,0,1,0,1,0,1,0,0,3,T3_noon_strong_light,场景3.CSV,11250.000000,15.125000,-0.729864,-0.683592,6.000000,70.800000,36.100000,6.977269
DATA,1273050,0,2357.500000,1,8.419000,0.987000,8.309553,1,7.895000,0.011000,0.086845,83.437500,1,4.912000,0.273000,1.340976,68,1,3.761000,36.100000,0,1,0,1,0,1,0,1,0,0,3,T3_noon_strong_light,场景3.CSV,11340.000000,15.150000,-0.734323,-0.678801,6.000000,70.800000,36.100000,6.968577
DATA,1283095,0,2357.500000,1,8.416000,0.985000,8.289760,1,7.895000,0.011000,0.086845,83.437500,1,4.911000,0.273000,1.340703,68,1,3.761000,35.800000,0,1,0,1,0,1,0,1,0,0,3,T3_noon_strong_light,场景3.CSV,11430.000000,15.175000,-0.738749,-0.673980,6.000000,70.800000,35.800000,6.949057
DATA,1293104,0,2359.200000,1,8.419000,0.987000,8.309553,1,7.897000,0.011000,0.086867,83.562500,1,4.911000,0.273000,1.340703,68,1,3.760000,35.800000,0,1,0,1,0,1,0,1,0,0,3,T3_noon_strong_light,场景3.CSV,11520.000000,15.200000,-0.743145,-0.669131,6.000000,70.800000,35.800000,6.968850
DATA,1303120,0,2359.200000,1,8.422000,0.988000,8.320936,1,7.899000,0.011000,0.086889,83.687500,1,4.912000,0.273000,1.340976,68,1,3.760000,35.800000,0,1,0,1,0,1,0,1,0,0,3,T3_noon_strong_light,场景3.CSV,11610.000000,15.225000,-0.747508,-0.664252,6.000000,70.800000,35.800000,6.979960
DATA,1313124,0,2359.200000,1,8.419000,0.986000,8.301134,1,7.899000,0.011000,0.086889,83.687500,1,4.911000,0.273000,1.340703,67,1,3.760000,35.800000,0,1,0,1,0,1,0,1,0,0,3,T3_noon_strong_light,场景3.CSV,11700.000000,15.250000,-0.751840,-0.659346,6.000000,70.800000,35.800000,6.960431
DATA,1323133,0,2358.300000,1,8.417000,0.985000,8.290745,1,7.898000,0.011000,0.086878,83.625000,1,4.911000,0.273000,1.340703,68,1,3.760000,35.800000,0,1,0,1,0,1,0,1,0,0,3,T3_noon_strong_light,场景3.CSV,11790.000000,15.275000,-0.756139,-0.654411,6.000000,70.800000,35.800000,6.950042
DATA,1333141,0,2359.200000,1,8.422000,0.987000,8.312514,1,7.901000,0.011000,0.086911,83.812500,1,4.912000,0.273000,1.340976,67,1,3.760000,35.800000,0,1,0,1,0,1,0,1,0,0,3,T3_noon_strong_light,场景3.CSV,11880.000000,15.300000,-0.760406,-0.649448,6.000000,70.800000,35.800000,6.971538
DATA,1343144,0,2363.300000,1,8.424000,0.987000,8.314488,1,7.901000,0.011000,0.086911,83.812500,1,4.912000,0.273000,1.340976,68,1,3.760000,35.800000,0,1,0,1,0,1,0,1,0,0,3,T3_noon_strong_light,场景3.CSV,11970.000000,15.325000,-0.764640,-0.644457,6.000000,70.800000,35.800000,6.973512
DATA,1353190,0,2363.300000,1,8.422000,0.986000,8.304092,1,7.902000,0.011000,0.086922,83.875000,1,4.912000,0.273000,1.340976,68,1,3.759000,35.800000,0,1,0,1,0,1,0,1,0,0,3,T3_noon_strong_light,场景3.CSV,12060.000000,15.350000,-0.768842,-0.639439,6.000000,70.800000,35.800000,6.963116
DATA,1363229,0,2363.300000,1,8.425000,0.987000,8.315475,1,7.903000,0.011000,0.086933,83.937500,1,4.912000,0.273000,1.340976,68,1,3.760000,35.800000,0,1,0,1,0,1,0,1,0,0,3,T3_noon_strong_light,场景3.CSV,12150.000000,15.375000,-0.773010,-0.634393,6.000000,70.800000,35.800000,6.974499
DATA,1373234,0,2359.200000,1,8.421000,0.985000,8.294685,1,7.903000,0.011000,0.086933,83.937500,1,4.911000,0.273000,1.340703,67,1,3.759000,35.800000,0,1,0,1,0,1,0,1,0,0,3,T3_noon_strong_light,场景3.CSV,12240.000000,15.400000,-0.777146,-0.629320,6.000000,70.800000,35.800000,6.953982
DATA,1383243,0,2359.200000,1,8.423000,0.985000,8.296655,1,7.904000,0.011000,0.086944,84.000000,1,4.912000,0.273000,1.340976,67,1,3.757000,35.800000,0,1,0,1,0,1,0,1,0,0,3,T3_noon_strong_light,场景3.CSV,12330.000000,15.425000,-0.781248,-0.624221,6.000000,70.800000,35.800000,6.955679
DATA,1393291,0,2337.500000,1,8.427000,0.987000,8.317449,1,7.905000,0.011000,0.086955,84.062500,1,4.912000,0.273000,1.340976,68,1,3.757000,35.800000,0,1,0,1,0,1,0,1,0,0,3,T3_noon_strong_light,场景3.CSV,12420.000000,15.450000,-0.785317,-0.619094,6.000000,70.800000,35.800000,6.976473
DATA,1403323,0,2337.500000,1,8.427000,0.987000,8.317449,1,7.905000,0.011000,0.086955,84.062500,1,4.912000,0.273000,1.340976,68,1,3.757000,35.800000,0,1,0,1,0,1,0,1,0,0,3,T3_noon_strong_light,场景3.CSV,12510.000000,15.475000,-0.789352,-0.613941,6.000000,70.800000,35.800000,6.976473
DATA,1413338,0,2335.000000,1,8.425000,0.986000,8.307050,1,7.905000,0.011000,0.086955,84.062500,1,4.911000,0.273000,1.340703,68,1,3.757000,35.800000,0,1,0,1,0,1,0,1,0,0,3,T3_noon_strong_light,场景3.CSV,12600.000000,15.500000,-0.793353,-0.608761,6.000000,70.800000,35.800000,6.966347
DATA,1423343,0,2358.300000,1,8.426000,0.986000,8.308036,1,7.906000,0.011000,0.086966,84.125000,1,4.912000,0.273000,1.340976,68,1,3.757000,35.800000,0,1,0,1,0,1,0,1,0,0,3,T3_noon_strong_light,场景3.CSV,12690.000000,15.525000,-0.797321,-0.603556,6.000000,70.800000,35.800000,6.967060
DATA,1433345,0,2358.300000,1,8.423000,0.985000,8.296655,1,7.904000,0.011000,0.086944,84.000000,1,4.910000,0.273000,1.340430,67,1,3.757000,35.800000,0,1,0,1,0,1,0,1,0,0,3,T3_noon_strong_light,场景3.CSV,12780.000000,15.550000,-0.801254,-0.598325,6.000000,70.800000,35.800000,6.956225
DATA,1443370,0,2359.200000,1,8.425000,0.985000,8.298625,1,7.907000,0.011000,0.086977,84.187500,1,4.911000,0.273000,1.340703,67,1,3.757000,35.400000,0,1,0,1,0,1,0,1,0,0,3,T3_noon_strong_light,场景3.CSV,12870.000000,15.575000,-0.805153,-0.593068,6.000000,70.800000,35.400000,6.957922
DATA,1453415,0,2361.700000,1,8.426000,0.985000,8.299610,1,7.907000,0.011000,0.086977,84.187500,1,4.911000,0.273000,1.340703,67,1,3.756000,35.400000,0,1,0,1,0,1,0,1,0,0,3,T3_noon_strong_light,场景3.CSV,12960.000000,15.600000,-0.809017,-0.587785,6.000000,70.800000,35.400000,6.958907
DATA,1463423,0,2360.800000,1,8.423000,0.983000,8.279809,1,7.906000,0.011000,0.086966,84.125000,1,4.912000,0.273000,1.340976,67,1,3.756000,35.400000,0,1,0,1,0,1,0,1,0,0,3,T3_noon_strong_light,场景3.CSV,13050.000000,15.625000,-0.812847,-0.582478,6.000000,70.800000,35.400000,6.938833
DATA,1473464,0,2358.300000,1,8.425000,0.985000,8.298625,1,7.908000,0.011000,0.086988,84.250000,1,4.911000,0.273000,1.340703,68,1,3.756000,35.400000,0,1,0,1,0,1,0,1,0,0,3,T3_noon_strong_light,场景3.CSV,13140.000000,15.650000,-0.816642,-0.577145,6.000000,70.800000,35.400000,6.957922
DATA,1483479,0,2360.000000,1,8.428000,0.986000,8.310008,1,7.908000,0.011000,0.086988,84.250000,1,4.912000,0.273000,1.340976,67,1,3.756000,35.400000,0,1,0,1,0,1,0,1,0,0,3,T3_noon_strong_light,场景3.CSV,13230.000000,15.675000,-0.820401,-0.571788,6.000000,70.800000,35.400000,6.969032
DATA,1493523,0,2358.300000,1,8.427000,0.984000,8.292168,1,7.909000,0.011000,0.086999,84.312500,1,4.912000,0.273000,1.340976,67,1,3.755000,35.400000,0,1,0,1,0,1,0,1,0,0,3,T3_noon_strong_light,场景3.CSV,13320.000000,15.700000,-0.824126,-0.566406,6.000000,70.800000,35.400000,6.951192
DATA,1503528,0,2358.300000,1,8.426000,0.984000,8.291184,1,7.909000,0.011000,0.086999,84.312500,1,4.912000,0.273000,1.340976,67,1,3.755000,35.400000,0,1,0,1,0,1,0,1,0,0,3,T3_noon_strong_light,场景3.CSV,13410.000000,15.725000,-0.827816,-0.561000,6.000000,70.800000,35.400000,6.950208
DATA,1513550,0,2358.300000,1,8.429000,0.984000,8.294136,1,7.910000,0.011000,0.087010,84.375000,1,4.912000,0.273000,1.340976,67,1,3.755000,35.400000,0,1,0,1,0,1,0,1,0,0,3,T3_noon_strong_light,场景3.CSV,13500.000000,15.750000,-0.831470,-0.555570,6.000000,70.800000,35.400000,6.953160
DATA,1523578,0,2360.000000,1,8.427000,0.984000,8.292168,1,7.910000,0.011000,0.087010,84.375000,1,4.911000,0.273000,1.340703,67,1,3.755000,35.400000,0,1,0,1,0,1,0,1,0,0,3,T3_noon_strong_light,场景3.CSV,13590.000000,15.775000,-0.835088,-0.550116,6.000000,70.800000,35.400000,6.951465
DATA,1533601,0,2360.000000,1,8.427000,0.984000,8.292168,1,7.912000,0.011000,0.087032,84.500000,1,4.910000,0.273000,1.340430,67,1,3.755000,35.400000,0,1,0,1,0,1,0,1,0,0,3,T3_noon_strong_light,场景3.CSV,13680.000000,15.800000,-0.838671,-0.544639,6.000000,70.800000,35.400000,6.951738
DATA,1543648,0,2359.200000,1,8.430000,0.984000,8.295120,1,7.913000,0.011000,0.087043,84.562500,1,4.912000,0.273000,1.340976,67,1,3.755000,35.400000,0,1,0,1,0,1,0,1,0,0,3,T3_noon_strong_light,场景3.CSV,13770.000000,15.825000,-0.842217,-0.539138,6.000000,70.800000,35.400000,6.954144
DATA,1553654,0,2357.500000,1,8.430000,0.983000,8.286690,1,7.912000,0.011000,0.087032,84.500000,1,4.912000,0.273000,1.340976,67,1,3.755000,35.400000,0,1,0,1,0,1,0,1,0,0,3,T3_noon_strong_light,场景3.CSV,13860.000000,15.850000,-0.845728,-0.533615,6.000000,70.800000,35.400000,6.945714
DATA,1563700,0,2357.500000,1,8.431000,0.982000,8.279242,1,7.913000,0.011000,0.087043,84.562500,1,4.912000,0.273000,1.340976,67,1,3.755000,35.400000,0,1,0,1,0,1,0,1,0,0,3,T3_noon_strong_light,场景3.CSV,13950.000000,15.875000,-0.849202,-0.528068,6.000000,70.800000,35.400000,6.938266
DATA,1573740,0,2357.500000,1,8.433000,0.983000,8.289639,1,7.916000,0.011000,0.087076,84.750000,1,4.912000,0.273000,1.340976,67,1,3.755000,35.400000,0,1,0,1,0,1,0,1,0,0,3,T3_noon_strong_light,场景3.CSV,14040.000000,15.900000,-0.852640,-0.522499,6.000000,70.800000,35.400000,6.948663
DATA,1583783,0,2358.300000,1,8.428000,0.981000,8.267868,1,7.914000,0.011000,0.087054,84.625000,1,4.912000,0.273000,1.340976,67,1,3.755000,35.100000,0,1,0,1,0,1,0,1,0,0,3,T3_noon_strong_light,场景3.CSV,14130.000000,15.925000,-0.856042,-0.516907,6.000000,70.800000,35.100000,6.926892
DATA,1593811,0,2357.500000,1,8.431000,0.982000,8.279242,1,7.916000,0.011000,0.087076,84.750000,1,4.912000,0.273000,1.340976,67,1,3.754000,35.100000,0,1,0,1,0,1,0,1,0,0,3,T3_noon_strong_light,场景3.CSV,14220.000000,15.950000,-0.859406,-0.511293,6.000000,70.800000,35.100000,6.938266
DATA,1603847,0,2357.500000,1,8.431000,0.982000,8.279242,1,7.917000,0.011000,0.087087,84.812500,1,4.912000,0.273000,1.340976,67,1,3.754000,35.100000,0,1,0,1,0,1,0,1,0,0,3,T3_noon_strong_light,场景3.CSV,14310.000000,15.975000,-0.862734,-0.505657,6.000000,70.800000,35.100000,6.938266
DATA,1613889,0,2361.700000,1,8.432000,0.981000,8.271792,1,7.916000,0.011000,0.087076,84.750000,1,4.912000,0.273000,1.340976,67,1,3.754000,35.100000,0,1,0,1,0,1,0,1,0,0,3,T3_noon_strong_light,场景3.CSV,14400.000000,16.000000,-0.866025,-0.500000,6.000000,70.800000,35.100000,6.930816
DATA,1623935,0,2356.700000,1,8.430000,0.981000,8.269830,1,7.918000,0.011000,0.087098,84.875000,1,4.911000,0.273000,1.340703,67,1,3.754000,35.100000,0,1,0,1,0,1,0,1,0,0,3,T3_noon_strong_light,场景3.CSV,14490.000000,16.025000,-0.869279,-0.494321,6.000000,70.800000,35.100000,6.929127
DATA,1633971,0,2358.300000,1,8.433000,0.983000,8.289639,1,7.920000,0.011000,0.087120,85.000000,1,4.912000,0.273000,1.340976,67,1,3.752000,35.100000,0,1,0,1,0,1,0,1,0,0,3,T3_noon_strong_light,场景3.CSV,14580.000000,16.050000,-0.872496,-0.488621,6.000000,70.800000,35.100000,6.948663
DATA,1643971,0,2356.700000,1,8.434000,0.982000,8.282188,1,7.919000,0.011000,0.087109,84.937500,1,4.912000,0.273000,1.340976,67,1,3.752000,35.100000,0,1,0,1,0,1,0,1,0,0,3,T3_noon_strong_light,场景3.CSV,14670.000000,16.075000,-0.875675,-0.482900,6.000000,70.800000,35.100000,6.941212
DATA,1653982,0,2358.300000,1,8.433000,0.981000,8.272773,1,7.921000,0.011000,0.087131,85.062500,1,4.912000,0.273000,1.340976,67,1,3.752000,35.100000,0,1,0,1,0,1,0,1,0,0,3,T3_noon_strong_light,场景3.CSV,14760.000000,16.100000,-0.878817,-0.477159,6.000000,70.800000,35.100000,6.931797
DATA,1663997,0,2358.300000,1,8.434000,0.981000,8.273754,1,7.921000,0.011000,0.087131,85.062500,1,4.912000,0.273000,1.340976,67,1,3.752000,35.100000,0,1,0,1,0,1,0,1,0,0,3,T3_noon_strong_light,场景3.CSV,14850.000000,16.125000,-0.881921,-0.471397,6.000000,70.800000,35.100000,6.932778
DATA,1674039,0,2355.800000,1,8.434000,0.981000,8.273754,1,7.921000,0.011000,0.087131,85.062500,1,4.912000,0.273000,1.340976,67,1,3.752000,35.100000,0,1,0,1,0,1,0,1,0,0,3,T3_noon_strong_light,场景3.CSV,14940.000000,16.150000,-0.884988,-0.465615,6.000000,70.800000,35.100000,6.932778
DATA,1684047,0,2357.500000,1,8.437000,0.981000,8.276697,1,7.923000,0.011000,0.087153,85.187500,1,4.912000,0.273000,1.340976,67,1,3.752000,35.100000,0,1,0,1,0,1,0,1,0,0,3,T3_noon_strong_light,场景3.CSV,15030.000000,16.175000,-0.888016,-0.459812,6.000000,70.800000,35.100000,6.935721
DATA,1694058,0,2355.800000,1,8.438000,0.981000,8.277678,1,7.923000,0.011000,0.087153,85.187500,1,4.913000,0.273000,1.341249,67,1,3.751000,35.100000,0,1,0,1,0,1,0,1,0,0,3,T3_noon_strong_light,场景3.CSV,15120.000000,16.200000,-0.891007,-0.453990,6.000000,70.800000,35.100000,6.936429
DATA,1704088,0,2355.800000,1,8.438000,0.981000,8.277678,1,7.924000,0.011000,0.087164,85.250000,1,4.913000,0.273000,1.341249,67,1,3.751000,35.100000,0,1,0,1,0,1,0,1,0,0,3,T3_noon_strong_light,场景3.CSV,15210.000000,16.225000,-0.893959,-0.448149,6.000000,70.800000,35.100000,6.936429
DATA,1714100,0,2355.800000,1,8.436000,0.981000,8.275716,1,7.925000,0.011000,0.087175,85.312500,1,4.912000,0.273000,1.340976,67,1,3.751000,35.100000,0,1,0,1,0,1,0,1,0,0,3,T3_noon_strong_light,场景3.CSV,15300.000000,16.250000,-0.896873,-0.442289,6.000000,70.800000,35.100000,6.934740
DATA,1724119,0,2355.000000,1,8.438000,0.981000,8.277678,1,7.926000,0.011000,0.087186,85.375000,1,4.912000,0.273000,1.340976,67,1,3.750000,34.700000,0,1,0,1,0,1,0,1,0,0,3,T3_noon_strong_light,场景3.CSV,15390.000000,16.275000,-0.899748,-0.436409,6.000000,70.800000,34.700000,6.936702
DATA,1734141,0,2355.000000,1,8.441000,0.981000,8.280621,1,7.927000,0.011000,0.087197,85.437500,1,4.912000,0.273000,1.340976,67,1,3.750000,34.700000,0,1,0,1,0,1,0,1,0,0,3,T3_noon_strong_light,场景3.CSV,15480.000000,16.300000,-0.902585,-0.430511,6.000000,70.800000,34.700000,6.939645
DATA,1744180,0,2359.200000,1,8.440000,0.981000,8.279640,1,7.927000,0.011000,0.087197,85.437500,1,4.913000,0.273000,1.341249,67,1,3.750000,34.700000,0,1,0,1,0,1,0,1,0,0,3,T3_noon_strong_light,场景3.CSV,15570.000000,16.325000,-0.905384,-0.424595,6.000000,70.800000,34.700000,6.938391
DATA,1754221,0,2357.500000,1,8.437000,0.979000,8.259823,1,7.927000,0.011000,0.087197,85.437500,1,4.912000,0.273000,1.340976,67,1,3.750000,34.700000,0,1,0,1,0,1,0,1,0,0,3,T3_noon_strong_light,场景3.CSV,15660.000000,16.350000,-0.908143,-0.418660,6.000000,70.800000,34.700000,6.918847
DATA,1764252,0,2357.500000,1,8.435000,0.978000,8.249430,1,7.928000,0.011000,0.087208,85.500000,1,4.912000,0.273000,1.340976,67,1,3.750000,34.700000,0,1,0,1,0,1,0,1,0,0,3,T3_noon_strong_light,场景3.CSV,15750.000000,16.375000,-0.910864,-0.412707,6.000000,70.800000,34.700000,6.908454
DATA,1774259,0,2354.200000,1,8.439000,0.980000,8.270220,1,7.930000,0.011000,0.087230,85.625000,1,4.912000,0.273000,1.340976,67,1,3.750000,34.700000,0,1,0,1,0,1,0,1,0,0,3,T3_noon_strong_light,场景3.CSV,15840.000000,16.400000,-0.913545,-0.406737,6.000000,70.800000,34.700000,6.929244
DATA,1784264,0,2359.200000,1,8.439000,0.979000,8.261781,1,7.930000,0.011000,0.087230,85.625000,1,4.911000,0.273000,1.340703,67,1,3.750000,34.700000,0,1,0,1,0,1,0,1,0,0,3,T3_noon_strong_light,场景3.CSV,15930.000000,16.425000,-0.916188,-0.400749,6.000000,70.800000,34.700000,6.921078
DATA,1794271,0,2359.200000,1,8.438000,0.979000,8.260802,1,7.931000,0.011000,0.087241,85.687500,1,4.911000,0.273000,1.340703,67,1,3.750000,34.700000,0,1,0,1,0,1,0,1,0,0,3,T3_noon_strong_light,场景3.CSV,16020.000000,16.450000,-0.918791,-0.394744,6.000000,70.800000,34.700000,6.920099
DATA,1804307,0,2359.200000,1,8.438000,0.978000,8.252364,1,7.930000,0.011000,0.087230,85.625000,1,4.911000,0.273000,1.340703,67,1,3.749000,34.700000,0,1,0,1,0,1,0,1,0,0,3,T3_noon_strong_light,场景3.CSV,16110.000000,16.475000,-0.921355,-0.388722,6.000000,70.800000,34.700000,6.911661
DATA,1814344,0,2358.300000,1,8.438000,0.978000,8.252364,1,7.932000,0.011000,0.087252,85.750000,1,4.911000,0.273000,1.340703,67,1,3.749000,34.700000,0,1,0,1,0,1,0,1,0,0,3,T3_noon_strong_light,场景3.CSV,16200.000000,16.500000,-0.923880,-0.382683,6.000000,70.800000,34.700000,6.911661
DATA,1824385,0,2358.300000,1,8.439000,0.978000,8.253342,1,7.932000,0.011000,0.087252,85.750000,1,4.911000,0.273000,1.340703,67,1,3.747000,34.700000,0,1,0,1,0,1,0,1,0,0,3,T3_noon_strong_light,场景3.CSV,16290.000000,16.525000,-0.926364,-0.376629,6.000000,70.800000,34.700000,6.912639
DATA,1834434,0,2359.200000,1,8.441000,0.978000,8.255298,1,7.933000,0.011000,0.087263,85.812500,1,4.911000,0.273000,1.340703,67,1,3.747000,34.700000,0,1,0,1,0,1,0,1,0,0,3,T3_noon_strong_light,场景3.CSV,16380.000000,16.550000,-0.928810,-0.370557,6.000000,70.700000,34.700000,6.914595
DATA,1844470,0,2359.200000,1,8.441000,0.978000,8.255298,1,7.933000,0.011000,0.087263,85.812500,1,4.911000,0.273000,1.340703,67,1,3.749000,34.700000,0,1,0,1,0,1,0,1,0,0,3,T3_noon_strong_light,场景3.CSV,16470.000000,16.575000,-0.931215,-0.364470,6.000000,70.700000,34.700000,6.914595
DATA,1854517,0,2358.300000,1,8.439000,0.977000,8.244903,1,7.934000,0.011000,0.087274,85.875000,1,4.911000,0.273000,1.340703,67,1,3.747000,34.700000,0,1,0,1,0,1,0,1,0,0,3,T3_noon_strong_light,场景3.CSV,16560.000000,16.600000,-0.933580,-0.358368,6.000000,70.700000,34.700000,6.904200
DATA,1864538,0,2359.200000,1,8.438000,0.975000,8.227050,1,7.934000,0.011000,0.087274,85.875000,1,4.911000,0.273000,1.340703,67,1,3.747000,34.700000,0,1,0,1,0,1,0,1,0,0,3,T3_noon_strong_light,场景3.CSV,16650.000000,16.625000,-0.935906,-0.352250,6.000000,70.700000,34.700000,6.886347
DATA,1874584,0,2359.200000,1,8.445000,0.979000,8.267655,1,7.938000,0.011000,0.087318,86.125000,1,4.911000,0.273000,1.340703,67,1,3.747000,34.300000,0,1,0,1,0,1,0,1,0,0,3,T3_noon_strong_light,场景3.CSV,16740.000000,16.650000,-0.938191,-0.346117,6.000000,70.700000,34.300000,6.926952
DATA,1884587,0,2358.300000,1,8.442000,0.977000,8.247834,1,7.938000,0.011000,0.087318,86.125000,1,4.910000,0.273000,1.340430,67,1,3.747000,34.300000,0,1,0,1,0,1,0,1,0,0,3,T3_noon_strong_light,场景3.CSV,16830.000000,16.675000,-0.940437,-0.339969,6.000000,70.700000,34.300000,6.907404
DATA,1894607,0,2352.500000,1,8.444000,0.977000,8.249788,1,7.936000,0.011000,0.087296,86.000000,1,4.912000,0.273000,1.340976,67,1,3.746000,34.300000,0,1,0,1,0,1,0,1,0,0,3,T3_noon_strong_light,场景3.CSV,16920.000000,16.700000,-0.942641,-0.333807,6.000000,70.700000,34.300000,6.908812
DATA,1904620,0,2320.800000,1,8.445000,0.977000,8.250765,1,7.936000,0.011000,0.087296,86.000000,1,4.912000,0.273000,1.340976,67,1,3.746000,34.300000,0,1,0,1,0,1,0,1,0,0,3,T3_noon_strong_light,场景3.CSV,17010.000000,16.725000,-0.944806,-0.327630,6.000000,70.700000,34.300000,6.909789
DATA,1914634,0,2351.700000,1,8.447000,0.977000,8.252719,1,7.938000,0.011000,0.087318,86.125000,1,4.912000,0.273000,1.340976,67,1,3.746000,34.300000,0,1,0,1,0,1,0,1,0,0,3,T3_noon_strong_light,场景3.CSV,17100.000000,16.750000,-0.946930,-0.321439,6.000000,70.700000,34.300000,6.911743
DATA,1924676,0,2352.500000,1,8.447000,0.977000,8.252719,1,7.939000,0.011000,0.087329,86.187500,1,4.912000,0.273000,1.340976,67,1,3.745000,34.300000,0,1,0,1,0,1,0,1,0,0,3,T3_noon_strong_light,场景3.CSV,17190.000000,16.775000,-0.949014,-0.315235,6.000000,70.700000,34.300000,6.911743
DATA,1934698,0,2351.700000,1,8.450000,0.979000,8.272550,1,7.941000,0.011000,0.087351,86.312500,1,4.912000,0.273000,1.340976,67,1,3.745000,34.300000,0,1,0,1,0,1,0,1,0,0,3,T3_noon_strong_light,场景3.CSV,17280.000000,16.800000,-0.951057,-0.309017,6.000000,70.700000,34.300000,6.931574
DATA,1944737,0,2351.700000,1,8.448000,0.977000,8.253696,1,7.940000,0.011000,0.087340,86.250000,1,4.913000,0.273000,1.341249,67,1,3.745000,34.300000,0,1,0,1,0,1,0,1,0,0,3,T3_noon_strong_light,场景3.CSV,17370.000000,16.825000,-0.953059,-0.302786,6.000000,70.700000,34.300000,6.912447
DATA,1954772,0,2350.800000,1,8.447000,0.977000,8.252719,1,7.941000,0.011000,0.087351,86.312500,1,4.913000,0.273000,1.341249,67,1,3.745000,34.300000,0,1,0,1,0,1,0,1,0,0,3,T3_noon_strong_light,场景3.CSV,17460.000000,16.850000,-0.955020,-0.296542,6.000000,70.700000,34.300000,6.911470
DATA,1964795,0,2350.800000,1,8.450000,0.978000,8.264100,1,7.942000,0.011000,0.087362,86.375000,1,4.913000,0.273000,1.341249,67,1,3.745000,34.300000,0,1,0,1,0,1,0,1,0,0,3,T3_noon_strong_light,场景3.CSV,17550.000000,16.875000,-0.956940,-0.290285,6.000000,70.700000,34.300000,6.922851
DATA,1974806,0,2354.200000,1,8.449000,0.976000,8.246224,1,7.943000,0.011000,0.087373,86.437500,1,4.912000,0.273000,1.340976,67,1,3.745000,34.300000,0,1,0,1,0,1,0,1,0,0,3,T3_noon_strong_light,场景3.CSV,17640.000000,16.900000,-0.958820,-0.284015,6.000000,70.700000,34.300000,6.905248
DATA,1984853,0,2350.800000,1,8.448000,0.975000,8.236800,1,7.943000,0.011000,0.087373,86.437500,1,4.913000,0.273000,1.341249,67,1,3.745000,34.300000,0,1,0,1,0,1,0,1,0,0,3,T3_noon_strong_light,场景3.CSV,17730.000000,16.925000,-0.960658,-0.277734,6.000000,70.700000,34.300000,6.895551
DATA,1994886,0,2350.800000,1,8.449000,0.976000,8.246224,1,7.943000,0.011000,0.087373,86.437500,1,4.913000,0.273000,1.341249,67,1,3.745000,34.300000,0,1,0,1,0,1,0,1,0,0,3,T3_noon_strong_light,场景3.CSV,17820.000000,16.950000,-0.962455,-0.271440,6.000000,70.700000,34.300000,6.904975
DATA,2004935,0,2351.700000,1,8.451000,0.976000,8.248176,1,7.945000,0.011000,0.087395,86.562500,1,4.912000,0.273000,1.340976,67,1,3.745000,34.300000,0,1,0,1,0,1,0,1,0,0,3,T3_noon_strong_light,场景3.CSV,17910.000000,16.975000,-0.964211,-0.265135,6.000000,70.700000,34.300000,6.907200
DATA,2014939,0,2355.800000,1,8.450000,0.976000,8.247200,1,7.946000,0.011000,0.087406,86.625000,1,4.912000,0.273000,1.340976,67,1,3.745000,33.800000,0,1,0,1,0,1,0,1,0,0,3,T3_noon_strong_light,场景3.CSV,18000.000000,17.000000,-0.965926,-0.258819,6.000000,70.700000,33.800000,6.906224
DATA,2024978,0,2355.800000,1,8.452000,0.976000,8.249152,1,7.946000,0.011000,0.087406,86.625000,1,4.912000,0.273000,1.340976,67,1,3.744000,33.800000,0,1,0,1,0,1,0,1,0,0,3,T3_noon_strong_light,场景3.CSV,18090.000000,17.025000,-0.967599,-0.252492,6.000000,70.700000,33.800000,6.908176
DATA,2035019,0,2352.500000,1,8.452000,0.975000,8.240700,1,7.946000,0.011000,0.087406,86.625000,1,4.912000,0.273000,1.340976,67,1,3.742000,33.800000,0,1,0,1,0,1,0,1,0,0,3,T3_noon_strong_light,场景3.CSV,18180.000000,17.050000,-0.969231,-0.246153,6.000000,70.700000,33.800000,6.899724
DATA,2045022,0,2350.800000,1,8.453000,0.975000,8.241675,1,7.948000,0.011000,0.087428,86.750000,1,4.913000,0.273000,1.341249,67,1,3.742000,33.800000,0,1,0,1,0,1,0,1,0,0,3,T3_noon_strong_light,场景3.CSV,18270.000000,17.075000,-0.970821,-0.239804,6.000000,70.700000,33.800000,6.900426
DATA,2055071,0,2354.200000,1,8.453000,0.975000,8.241675,1,7.947000,0.011000,0.087417,86.687500,1,4.912000,0.273000,1.340976,67,1,3.742000,33.800000,0,1,0,1,0,1,0,1,0,0,3,T3_noon_strong_light,场景3.CSV,18360.000000,17.100000,-0.972370,-0.233445,6.000000,70.700000,33.800000,6.900699
DATA,2065097,0,2351.700000,1,8.450000,0.974000,8.230300,1,7.949000,0.011000,0.087439,86.812500,1,4.911000,0.273000,1.340703,67,1,3.742000,33.800000,0,1,0,1,0,1,0,1,0,0,3,T3_noon_strong_light,场景3.CSV,18450.000000,17.125000,-0.973877,-0.227076,6.000000,70.700000,33.800000,6.889597
DATA,2075116,0,2348.300000,1,8.456000,0.976000,8.253056,1,7.949000,0.011000,0.087439,86.812500,1,4.913000,0.273000,1.341249,67,1,3.742000,33.800000,0,1,0,1,0,1,0,1,0,0,3,T3_noon_strong_light,场景3.CSV,18540.000000,17.150000,-0.975342,-0.220697,6.000000,70.700000,33.800000,6.911807
DATA,2085117,0,2351.700000,1,8.456000,0.975000,8.244600,1,7.949000,0.011000,0.087439,86.812500,1,4.913000,0.273000,1.341249,67,1,3.742000,33.800000,0,1,0,1,0,1,0,1,0,0,3,T3_noon_strong_light,场景3.CSV,18630.000000,17.175000,-0.976766,-0.214309,6.000000,70.700000,33.800000,6.903351
DATA,2095163,0,2350.800000,1,8.456000,0.975000,8.244600,1,7.949000,0.011000,0.087439,86.812500,1,4.913000,0.273000,1.341249,67,1,3.742000,33.800000,0,1,0,1,0,1,0,1,0,0,3,T3_noon_strong_light,场景3.CSV,18720.000000,17.200000,-0.978148,-0.207912,6.000000,70.700000,33.800000,6.903351
DATA,2105210,0,2350.800000,1,8.455000,0.975000,8.243625,1,7.951000,0.011000,0.087461,86.937500,1,4.912000,0.273000,1.340976,67,1,3.741000,33.800000,0,1,0,1,0,1,0,1,0,0,3,T3_noon_strong_light,场景3.CSV,18810.000000,17.225000,-0.979487,-0.201505,6.000000,70.700000,33.800000,6.902649
DATA,2115235,0,2350.800000,1,8.458000,0.975000,8.246550,1,7.952000,0.011000,0.087472,87.000000,1,4.913000,0.273000,1.341249,67,1,3.741000,33.800000,0,1,0,1,0,1,0,1,0,0,3,T3_noon_strong_light,场景3.CSV,18900.000000,17.250000,-0.980785,-0.195090,6.000000,70.700000,33.800000,6.905301
DATA,2125238,0,2350.000000,1,8.460000,0.974000,8.240040,1,7.952000,0.011000,0.087472,87.000000,1,4.914000,0.273000,1.341522,67,1,3.741000,33.800000,0,1,0,1,0,1,0,1,0,0,3,T3_noon_strong_light,场景3.CSV,18990.000000,17.275000,-0.982041,-0.188667,6.000000,70.700000,33.800000,6.898518
DATA,2135266,0,2350.800000,1,8.460000,0.975000,8.248500,1,7.954000,0.011000,0.087494,87.125000,1,4.913000,0.273000,1.341249,67,1,3.741000,33.800000,0,1,0,1,0,1,0,1,0,0,3,T3_noon_strong_light,场景3.CSV,19080.000000,17.300000,-0.983255,-0.182236,6.000000,70.700000,33.800000,6.907251
DATA,2145276,0,2351.700000,1,8.460000,0.975000,8.248500,1,7.954000,0.011000,0.087494,87.125000,1,4.913000,0.273000,1.341249,67,1,3.741000,33.400000,0,1,0,1,0,1,0,1,0,0,3,T3_noon_strong_light,场景3.CSV,19170.000000,17.325000,-0.984427,-0.175796,6.000000,70.700000,33.400000,6.907251
DATA,2155280,0,2349.200000,1,8.460000,0.975000,8.248500,1,7.956000,0.011000,0.087516,87.250000,1,4.912000,0.273000,1.340976,67,1,3.741000,33.400000,0,1,0,1,0,1,0,1,0,0,3,T3_noon_strong_light,场景3.CSV,19260.000000,17.350000,-0.985556,-0.169350,6.000000,70.700000,33.400000,6.907524
DATA,2165298,0,2349.200000,1,8.462000,0.975000,8.250450,1,7.956000,0.011000,0.087516,87.250000,1,4.913000,0.273000,1.341249,67,1,3.740000,33.400000,0,1,0,1,0,1,0,1,0,0,3,T3_noon_strong_light,场景3.CSV,19350.000000,17.375000,-0.986643,-0.162895,6.000000,70.700000,33.400000,6.909201
DATA,2175341,0,2349.200000,1,8.465000,0.976000,8.261840,1,7.958000,0.011000,0.087538,87.375000,1,4.913000,0.273000,1.341249,67,1,3.740000,33.400000,0,1,0,1,0,1,0,1,0,0,3,T3_noon_strong_light,场景3.CSV,19440.000000,17.400000,-0.987688,-0.156434,6.000000,70.700000,33.400000,6.920591
DATA,2185354,0,2348.300000,1,8.465000,0.974000,8.244910,1,7.959000,0.011000,0.087549,87.437500,1,4.913000,0.273000,1.341249,67,1,3.740000,33.400000,0,1,0,1,0,1,0,1,0,0,3,T3_noon_strong_light,场景3.CSV,19530.000000,17.425000,-0.988691,-0.149967,6.000000,70.700000,33.400000,6.903661
DATA,2195390,0,2347.500000,1,8.464000,0.974000,8.243936,1,7.960000,0.011000,0.087560,87.500000,1,4.912000,0.273000,1.340976,67,1,3.739000,33.400000,0,1,0,1,0,1,0,1,0,0,3,T3_noon_strong_light,场景3.CSV,19620.000000,17.450000,-0.989651,-0.143493,6.000000,70.700000,33.400000,6.902960
DATA,2205395,0,2347.500000,1,8.467000,0.976000,8.263792,1,7.962000,0.011000,0.087582,87.625000,1,4.912000,0.273000,1.340976,67,1,3.740000,33.400000,0,1,0,1,0,1,0,1,0,0,3,T3_noon_strong_light,场景3.CSV,19710.000000,17.475000,-0.990569,-0.137012,6.000000,70.700000,33.400000,6.922816
DATA,2215405,0,2349.200000,1,8.468000,0.975000,8.256300,1,7.962000,0.011000,0.087582,87.625000,1,4.913000,0.273000,1.341249,67,1,3.740000,33.400000,0,1,0,1,0,1,0,1,0,0,3,T3_noon_strong_light,场景3.CSV,19800.000000,17.500000,-0.991445,-0.130526,6.000000,70.700000,33.400000,6.915051
DATA,2225441,0,2346.700000,1,8.469000,0.976000,8.265744,1,7.962000,0.011000,0.087582,87.625000,1,4.913000,0.273000,1.341249,67,1,3.739000,33.400000,0,1,0,1,0,1,0,1,0,0,3,T3_noon_strong_light,场景3.CSV,19890.000000,17.525000,-0.992278,-0.124034,6.000000,70.700000,33.400000,6.924495
DATA,2235454,0,2345.800000,1,8.470000,0.976000,8.266720,1,7.964000,0.011000,0.087604,87.750000,1,4.913000,0.273000,1.341249,67,1,3.737000,33.400000,0,1,0,1,0,1,0,1,0,0,3,T3_noon_strong_light,场景3.CSV,19980.000000,17.550000,-0.993068,-0.117537,6.000000,70.700000,33.400000,6.925471
DATA,2245492,0,2347.500000,1,8.473000,0.978000,8.286594,1,7.964000,0.011000,0.087604,87.750000,1,4.912000,0.273000,1.340976,67,1,3.737000,33.400000,0,1,0,1,0,1,0,1,0,0,3,T3_noon_strong_light,场景3.CSV,20070.000000,17.575000,-0.993816,-0.111035,6.000000,70.700000,33.400000,6.945618
DATA,2255536,0,2342.500000,1,8.477000,0.979000,8.298983,1,7.967000,0.011000,0.087637,87.937500,1,4.913000,0.273000,1.341249,67,1,3.737000,33.400000,0,1,0,1,0,1,0,1,0,0,3,T3_noon_strong_light,场景3.CSV,20160.000000,17.600000,-0.994522,-0.104528,6.000000,70.700000,33.400000,6.957734
DATA,2265584,0,2341.700000,1,8.478000,0.979000,8.299962,1,7.966000,0.011000,0.087626,87.875000,1,4.913000,0.273000,1.341249,67,1,3.737000,33.400000,0,1,0,1,0,1,0,1,0,0,3,T3_noon_strong_light,场景3.CSV,20250.000000,17.625000,-0.995185,-0.098017,6.000000,70.700000,33.400000,6.958713
DATA,2275608,0,2341.700000,1,8.477000,0.978000,8.290506,1,7.967000,0.011000,0.087637,87.937500,1,4.913000,0.273000,1.341249,67,1,3.737000,33.000000,0,1,0,1,0,1,0,1,0,0,3,T3_noon_strong_light,场景3.CSV,20340.000000,17.650000,-0.995805,-0.091502,6.000000,70.700000,33.000000,6.949257
DATA,2285646,0,2339.200000,1,8.476000,0.977000,8.281052,1,7.969000,0.011000,0.087659,88.062500,1,4.912000,0.273000,1.340976,67,1,3.737000,33.000000,0,1,0,1,0,1,0,1,0,0,3,T3_noon_strong_light,场景3.CSV,20430.000000,17.675000,-0.996382,-0.084982,6.000000,70.700000,33.000000,6.940076
DATA,2295680,0,2335.800000,1,8.479000,0.978000,8.292462,1,7.970000,0.011000,0.087670,88.125000,1,4.912000,0.273000,1.340976,67,1,3.737000,33.000000,0,1,0,1,0,1,0,1,0,0,3,T3_noon_strong_light,场景3.CSV,20520.000000,17.700000,-0.996917,-0.078459,6.000000,70.700000,33.000000,6.951486
DATA,2305723,0,2312.500000,1,8.480000,0.978000,8.293440,1,7.971000,0.011000,0.087681,88.187500,1,4.912000,0.273000,1.340976,67,1,3.736000,33.000000,0,1,0,1,0,1,0,1,0,0,3,T3_noon_strong_light,场景3.CSV,20610.000000,17.725000,-0.997409,-0.071933,6.000000,70.700000,33.000000,6.952464
DATA,2315762,0,2335.000000,1,8.480000,0.977000,8.284960,1,7.971000,0.011000,0.087681,88.187500,1,4.913000,0.273000,1.341249,67,1,3.737000,33.000000,0,1,0,1,0,1,0,1,0,0,3,T3_noon_strong_light,场景3.CSV,20700.000000,17.750000,-0.997859,-0.065403,6.000000,70.700000,33.000000,6.943711
DATA,2325810,0,2332.500000,1,8.480000,0.977000,8.284960,1,7.972000,0.011000,0.087692,88.250000,1,4.913000,0.273000,1.341249,67,1,3.737000,33.000000,0,1,0,1,0,1,0,1,0,0,3,T3_noon_strong_light,场景3.CSV,20790.000000,17.775000,-0.998266,-0.058871,6.000000,70.700000,33.000000,6.943711
DATA,2335815,0,2321.700000,1,8.478000,0.976000,8.274528,1,7.972000,0.011000,0.087692,88.250000,1,4.912000,0.273000,1.340976,67,1,3.736000,33.000000,0,1,0,1,0,1,0,1,0,0,3,T3_noon_strong_light,场景3.CSV,20880.000000,17.800000,-0.998630,-0.052336,6.000000,70.700000,33.000000,6.933552
DATA,2345821,0,2329.200000,1,8.479000,0.975000,8.267025,1,7.973000,0.011000,0.087703,88.312500,1,4.913000,0.273000,1.341249,67,1,3.736000,33.000000,0,1,0,1,0,1,0,1,0,0,3,T3_noon_strong_light,场景3.CSV,20970.000000,17.825000,-0.998951,-0.045799,6.000000,70.700000,33.000000,6.925776
DATA,2355868,0,2314.200000,1,8.484000,0.978000,8.297352,1,7.973000,0.011000,0.087703,88.312500,1,4.912000,0.273000,1.340976,67,1,3.735000,33.000000,0,1,0,1,0,1,0,1,0,0,3,T3_noon_strong_light,场景3.CSV,21060.000000,17.850000,-0.999229,-0.039260,6.000000,70.700000,33.000000,6.956376
DATA,2365873,0,2323.300000,1,8.487000,0.978000,8.300286,1,7.974000,0.011000,0.087714,88.375000,1,4.912000,0.273000,1.340976,67,1,3.735000,33.000000,0,1,0,1,0,1,0,1,0,0,3,T3_noon_strong_light,场景3.CSV,21150.000000,17.875000,-0.999465,-0.032719,6.000000,70.700000,33.000000,6.959310
DATA,2375885,0,2322.500000,1,8.484000,0.977000,8.288868,1,7.976000,0.011000,0.087736,88.500000,1,4.913000,0.273000,1.341249,67,1,3.735000,33.000000,0,1,0,1,0,1,0,1,0,0,3,T3_noon_strong_light,场景3.CSV,21240.000000,17.900000,-0.999657,-0.026177,6.000000,70.700000,33.000000,6.947619
DATA,2385933,0,2322.500000,1,8.485000,0.976000,8.281360,1,7.976000,0.011000,0.087736,88.500000,1,4.912000,0.272000,1.336064,67,1,3.735000,33.000000,0,1,0,1,0,1,0,1,0,0,3,T3_noon_strong_light,场景3.CSV,21330.000000,17.925000,-0.999807,-0.019634,6.000000,70.700000,33.000000,6.945296
DATA,2395948,0,2301.700000,1,8.486000,0.977000,8.290822,1,7.976000,0.011000,0.087736,88.500000,1,4.911000,0.272000,1.335792,67,1,3.735000,32.600000,0,1,0,1,0,1,0,1,0,0,3,T3_noon_strong_light,场景3.CSV,21420.000000,17.950000,-0.999914,-0.013090,6.000000,70.700000,32.600000,6.955030
DATA,2405974,0,2318.300000,1,8.487000,0.976000,8.283312,1,7.978000,0.011000,0.087758,88.625000,1,4.911000,0.272000,1.335792,67,1,3.734000,32.600000,0,1,0,1,0,1,0,1,0,0,3,T3_noon_strong_light,场景3.CSV,21510.000000,17.975000,-0.999979,-0.006545,6.000000,70.700000,32.600000,6.947520
DATA,2415980,0,2317.500000,1,8.487000,0.976000,8.283312,1,7.979000,0.011000,0.087769,88.687500,1,4.910000,0.272000,1.335520,67,1,3.732000,32.600000,0,1,0,1,0,1,0,1,0,0,3,T3_noon_strong_light,场景3.CSV,21600.000000,18.000000,-1.000000,-0.000000,6.000000,70.700000,32.600000,6.947792
DATA,40061,0,2500.000000,1,8.308000,0.994000,8.258152,1,8.124000,0.011000,0.089364,93.100000,1,4.946000,0.216000,1.068336,78,1,3.710000,14.400000,0,1,0,1,0,0,1,0,1,0,4,T4_home_full_car_charge,场景4.CSV,225.000000,12.062500,-0.016362,-0.999866,2.250000,92.000000,14.400000,7.189816
DATA,50098,0,2500.000000,1,8.312000,0.995000,8.270440,1,8.122000,0.011000,0.089342,93.050000,1,4.945000,0.223000,1.102735,78,1,3.710000,14.400000,0,1,0,1,0,0,1,0,1,0,4,T4_home_full_car_charge,场景4.CSV,300.000000,12.083333,-0.021815,-0.999762,2.250000,92.000000,14.400000,7.167705
DATA,60130,0,2500.000000,1,8.322000,0.996000,8.288712,1,8.121000,0.011000,0.089331,93.025000,1,4.945000,0.226000,1.117570,79,1,3.709000,14.400000,0,1,0,1,0,0,1,0,1,0,4,T4_home_full_car_charge,场景4.CSV,375.000000,12.104167,-0.027267,-0.999628,2.250000,92.000000,14.400000,7.171142
DATA,70134,0,2500.000000,1,8.328000,0.996000,8.294688,1,8.119000,0.011000,0.089309,92.975000,1,4.945000,0.222000,1.097790,78,1,3.707000,14.400000,0,1,0,1,0,0,1,0,1,0,4,T4_home_full_car_charge,场景4.CSV,450.000000,12.125000,-0.032719,-0.999465,2.250000,92.000000,14.400000,7.196898
DATA,80172,0,2500.000000,1,8.320000,0.994000,8.270080,1,8.118000,0.011000,0.089298,92.950000,1,4.945000,0.222000,1.097790,79,1,3.707000,14.400000,0,1,0,1,0,0,1,0,1,0,4,T4_home_full_car_charge,场景4.CSV,525.000000,12.145833,-0.038170,-0.999271,2.250000,92.000000,14.400000,7.172290
DATA,90188,0,2500.000000,1,8.326000,0.994000,8.276044,1,8.116000,0.011000,0.089276,92.900000,1,4.945000,0.220000,1.087900,79,1,3.707000,14.400000,0,1,0,1,0,0,1,0,1,0,4,T4_home_full_car_charge,场景4.CSV,600.000000,12.166667,-0.043619,-0.999048,2.250000,92.000000,14.400000,7.188144
DATA,100217,0,2500.000000,1,8.328000,0.996000,8.294688,1,8.114000,0.011000,0.089254,92.850000,1,4.945000,0.223000,1.102735,79,1,3.706000,14.400000,0,1,0,1,0,0,1,0,1,0,4,T4_home_full_car_charge,场景4.CSV,675.000000,12.187500,-0.049068,-0.998795,2.250000,92.000000,14.400000,7.191953
DATA,110239,0,2500.000000,1,8.330000,0.996000,8.296680,1,8.113000,0.011000,0.089243,92.825000,1,4.945000,0.223000,1.102735,79,1,3.705000,14.400000,0,1,0,1,0,0,1,0,1,0,4,T4_home_full_car_charge,场景4.CSV,750.000000,12.208333,-0.054515,-0.998513,2.250000,92.000000,14.400000,7.193945
DATA,120264,0,2500.000000,1,8.332000,0.996000,8.298672,1,8.112000,0.011000,0.089232,92.800000,1,4.945000,0.218000,1.078010,78,1,3.705000,14.400000,0,1,0,1,0,0,1,0,1,0,4,T4_home_full_car_charge,场景4.CSV,825.000000,12.229167,-0.059960,-0.998201,2.250000,92.000000,14.400000,7.220662
DATA,130309,0,2500.000000,1,8.329000,0.996000,8.295684,1,8.111000,0.011000,0.089221,92.775000,1,4.945000,0.220000,1.087900,79,1,3.705000,14.400000,0,1,0,1,0,0,1,0,1,0,4,T4_home_full_car_charge,场景4.CSV,900.000000,12.250000,-0.065403,-0.997859,2.250000,92.000000,14.400000,7.207784
DATA,140309,0,2500.000000,1,8.337000,0.997000,8.311989,1,8.110000,0.011000,0.089210,92.750000,1,4.945000,0.221000,1.092845,79,1,3.705000,14.400000,0,1,0,1,0,0,1,0,1,0,4,T4_home_full_car_charge,场景4.CSV,975.000000,12.270833,-0.070845,-0.997487,2.250000,92.000000,14.400000,7.219144
DATA,150331,0,2500.000000,1,8.335000,0.997000,8.309995,1,8.108000,0.011000,0.089188,92.700000,1,4.945000,0.219000,1.082955,79,1,3.704000,14.400000,0,1,0,1,0,0,1,0,1,0,4,T4_home_full_car_charge,场景4.CSV,1050.000000,12.291667,-0.076284,-0.997086,2.250000,92.000000,14.400000,7.227040
DATA,160342,0,2500.000000,1,8.332000,0.997000,8.307004,1,8.107000,0.011000,0.089177,92.675000,1,4.944000,0.218000,1.077792,78,1,3.704000,14.400000,0,1,0,1,0,0,1,0,1,0,4,T4_home_full_car_charge,场景4.CSV,1125.000000,12.312500,-0.081721,-0.996655,2.250000,92.000000,14.400000,7.229212
DATA,170348,0,2500.000000,1,8.342000,0.996000,8.308632,1,8.106000,0.011000,0.089166,92.650000,1,4.945000,0.217000,1.073065,79,1,3.704000,14.400000,0,1,0,1,0,0,1,0,1,0,4,T4_home_full_car_charge,场景4.CSV,1200.000000,12.333333,-0.087156,-0.996195,2.250000,92.000000,14.400000,7.235567
DATA,180368,0,2500.000000,1,8.333000,0.996000,8.299668,1,8.104000,0.011000,0.089144,92.600000,1,4.945000,0.217000,1.073065,79,1,3.702000,14.400000,0,1,0,1,0,0,1,0,1,0,4,T4_home_full_car_charge,场景4.CSV,1275.000000,12.354167,-0.092588,-0.995705,2.250000,92.000000,14.400000,7.226603
DATA,190375,0,2500.000000,1,8.341000,0.997000,8.315977,1,8.104000,0.011000,0.089144,92.600000,1,4.944000,0.227000,1.122288,79,1,3.702000,14.400000,0,1,0,1,0,0,1,0,1,0,4,T4_home_full_car_charge,场景4.CSV,1350.000000,12.375000,-0.098017,-0.995185,2.250000,92.000000,14.400000,7.193689
DATA,200385,0,2500.000000,1,8.340000,0.997000,8.314980,1,8.102000,0.011000,0.089122,92.550000,1,4.944000,0.221000,1.092624,79,1,3.702000,14.400000,0,1,0,1,0,0,1,0,1,0,4,T4_home_full_car_charge,场景4.CSV,1425.000000,12.395833,-0.103444,-0.994635,2.250000,92.000000,14.400000,7.222356
DATA,210421,0,2500.000000,1,8.334000,0.997000,8.308998,1,8.101000,0.011000,0.089111,92.525000,1,4.943000,0.219000,1.082517,79,1,3.702000,14.400000,0,1,0,1,0,0,1,0,1,0,4,T4_home_full_car_charge,场景4.CSV,1500.000000,12.416667,-0.108867,-0.994056,2.250000,92.000000,14.400000,7.226481
DATA,220464,0,2500.000000,1,8.337000,0.997000,8.311989,1,8.100000,0.011000,0.089100,92.500000,1,4.945000,0.216000,1.068120,79,1,3.702000,14.400000,0,1,0,1,0,0,1,0,1,0,4,T4_home_full_car_charge,场景4.CSV,1575.000000,12.437500,-0.114287,-0.993448,2.250000,92.000000,14.400000,7.243869
DATA,230507,0,2500.000000,1,8.344000,0.996000,8.310624,1,8.099000,0.011000,0.089089,92.475000,1,4.944000,0.221000,1.092624,79,1,3.701000,14.400000,0,1,0,1,0,0,1,0,1,0,4,T4_home_full_car_charge,场景4.CSV,1650.000000,12.458333,-0.119704,-0.992810,2.250000,92.000000,14.400000,7.218000
DATA,240553,0,2500.000000,1,8.339000,0.997000,8.313983,1,8.098000,0.011000,0.089078,92.450000,1,4.944000,0.223000,1.102512,80,1,3.701000,14.400000,0,1,0,1,0,0,1,0,1,0,4,T4_home_full_car_charge,场景4.CSV,1725.000000,12.479167,-0.125117,-0.992142,2.250000,92.000000,14.400000,7.211471
DATA,250566,0,2500.000000,1,8.339000,0.996000,8.305644,1,8.097000,0.011000,0.089067,92.425000,1,4.943000,0.223000,1.102289,79,1,3.700000,14.400000,0,1,0,1,0,0,1,0,1,0,4,T4_home_full_car_charge,场景4.CSV,1800.000000,12.500000,-0.130526,-0.991445,2.250000,92.000000,14.400000,7.203355
DATA,260594,0,2500.000000,1,8.346000,0.995000,8.304270,1,8.096000,0.011000,0.089056,92.400000,1,4.944000,0.222000,1.097568,80,1,3.700000,14.400000,0,1,0,1,0,0,1,0,1,0,4,T4_home_full_car_charge,场景4.CSV,1875.000000,12.520833,-0.135932,-0.990718,2.250000,92.000000,14.400000,7.206702
DATA,270620,0,2500.000000,1,8.345000,0.997000,8.319965,1,8.095000,0.011000,0.089045,92.375000,1,4.944000,0.227000,1.122288,80,1,3.700000,14.400000,0,1,0,1,0,0,1,0,1,0,4,T4_home_full_car_charge,场景4.CSV,1950.000000,12.541667,-0.141333,-0.989962,2.250000,92.000000,14.400000,7.197677
DATA,280664,0,2500.000000,1,8.342000,0.997000,8.316974,1,8.094000,0.011000,0.089034,92.350000,1,4.944000,0.224000,1.107456,79,1,3.699000,14.400000,0,1,0,1,0,0,1,0,1,0,4,T4_home_full_car_charge,场景4.CSV,2025.000000,12.562500,-0.146730,-0.989177,2.250000,92.000000,14.400000,7.209518
DATA,290667,0,2500.000000,1,8.352000,0.998000,8.335296,1,8.093000,0.011000,0.089023,92.325000,1,4.944000,0.224000,1.107456,80,1,3.697000,14.400000,0,1,0,1,0,0,1,0,1,0,4,T4_home_full_car_charge,场景4.CSV,2100.000000,12.583333,-0.152123,-0.988362,2.250000,92.000000,14.400000,7.227840
DATA,300698,0,2500.000000,1,8.350000,0.998000,8.333300,1,8.093000,0.011000,0.089023,92.325000,1,4.945000,0.220000,1.087900,79,1,3.697000,14.400000,0,1,0,1,0,0,1,0,1,0,4,T4_home_full_car_charge,场景4.CSV,2175.000000,12.604167,-0.157512,-0.987517,2.250000,92.000000,14.400000,7.245400
DATA,310718,0,2500.000000,1,8.348000,0.998000,8.331304,1,8.092000,0.011000,0.089012,92.300000,1,4.944000,0.226000,1.117344,79,1,3.697000,14.100000,0,1,0,1,0,0,1,0,1,0,4,T4_home_full_car_charge,场景4.CSV,2250.000000,12.625000,-0.162895,-0.986643,2.250000,92.000000,14.100000,7.213960
DATA,320733,0,2500.000000,1,8.352000,0.998000,8.335296,1,8.090000,0.011000,0.088990,92.250000,1,4.944000,0.224000,1.107456,80,1,3.697000,14.100000,0,1,0,1,0,0,1,0,1,0,4,T4_home_full_car_charge,场景4.CSV,2325.000000,12.645833,-0.168274,-0.985740,2.250000,92.000000,14.100000,7.227840
DATA,330735,0,2500.000000,1,8.348000,0.997000,8.322956,1,8.090000,0.011000,0.088990,92.250000,1,4.945000,0.220000,1.087900,80,1,3.697000,14.100000,0,1,0,1,0,0,1,0,1,0,4,T4_home_full_car_charge,场景4.CSV,2400.000000,12.666667,-0.173648,-0.984808,2.250000,92.000000,14.100000,7.235056
DATA,340761,0,2500.000000,1,8.355000,0.997000,8.329935,1,8.088000,0.011000,0.088968,92.200000,1,4.944000,0.220000,1.087680,80,1,3.696000,14.100000,0,1,0,1,0,0,1,0,1,0,4,T4_home_full_car_charge,场景4.CSV,2475.000000,12.687500,-0.179017,-0.983846,2.250000,92.000000,14.100000,7.242255
DATA,350768,0,2500.000000,1,8.351000,0.998000,8.334298,1,8.088000,0.011000,0.088968,92.200000,1,4.944000,0.226000,1.117344,80,1,3.695000,14.100000,0,1,0,1,0,0,1,0,1,0,4,T4_home_full_car_charge,场景4.CSV,2550.000000,12.708333,-0.184380,-0.982855,2.250000,92.000000,14.100000,7.216954
DATA,360779,0,2500.000000,1,8.353000,0.998000,8.336294,1,8.087000,0.011000,0.088957,92.175000,1,4.945000,0.220000,1.087900,80,1,3.696000,14.100000,0,1,0,1,0,0,1,0,1,0,4,T4_home_full_car_charge,场景4.CSV,2625.000000,12.729167,-0.189738,-0.981835,2.250000,92.000000,14.100000,7.248394
DATA,370821,0,2500.000000,1,8.358000,0.998000,8.341284,1,8.086000,0.011000,0.088946,92.150000,1,4.945000,0.220000,1.087900,80,1,3.695000,14.100000,0,1,0,1,0,0,1,0,1,0,4,T4_home_full_car_charge,场景4.CSV,2700.000000,12.750000,-0.195090,-0.980785,2.250000,91.900000,14.100000,7.253384
DATA,380821,0,2500.000000,1,8.352000,0.998000,8.335296,1,8.085000,0.011000,0.088935,92.125000,1,4.945000,0.227000,1.122515,80,1,3.695000,14.100000,0,1,0,1,0,0,1,0,1,0,4,T4_home_full_car_charge,场景4.CSV,2775.000000,12.770833,-0.200437,-0.979707,2.250000,91.900000,14.100000,7.212781
DATA,390864,0,2500.000000,1,8.358000,0.997000,8.332926,1,8.084000,0.011000,0.088924,92.100000,1,4.944000,0.226000,1.117344,80,1,3.695000,14.100000,0,1,0,1,0,0,1,0,1,0,4,T4_home_full_car_charge,场景4.CSV,2850.000000,12.791667,-0.205777,-0.978599,2.250000,91.900000,14.100000,7.215582
DATA,400867,0,2500.000000,1,8.350000,0.997000,8.324950,1,8.083000,0.011000,0.088913,92.075000,1,4.944000,0.219000,1.082736,80,1,3.695000,14.100000,0,1,0,1,0,0,1,0,1,0,4,T4_home_full_car_charge,场景4.CSV,2925.000000,12.812500,-0.211112,-0.977462,2.250000,91.900000,14.100000,7.242214
DATA,410904,0,2500.000000,1,8.354000,0.996000,8.320584,1,8.083000,0.011000,0.088913,92.075000,1,4.945000,0.216000,1.068120,81,1,3.694000,14.100000,0,1,0,1,0,0,1,0,1,0,4,T4_home_full_car_charge,场景4.CSV,3000.000000,12.833333,-0.216440,-0.976296,2.250000,91.900000,14.100000,7.252464
DATA,420947,0,2500.000000,1,8.354000,0.995000,8.312230,1,8.081000,0.011000,0.088891,92.025000,1,4.944000,0.223000,1.102512,80,1,3.694000,14.100000,0,1,0,1,0,0,1,0,1,0,4,T4_home_full_car_charge,场景4.CSV,3075.000000,12.854167,-0.221761,-0.975101,2.250000,91.900000,14.100000,7.209718
DATA,430981,0,2500.000000,1,8.353000,0.998000,8.336294,1,8.081000,0.011000,0.088891,92.025000,1,4.943000,0.226000,1.117118,81,1,3.692000,14.100000,0,1,0,1,0,0,1,0,1,0,4,T4_home_full_car_charge,场景4.CSV,3150.000000,12.875000,-0.227076,-0.973877,2.250000,91.900000,14.100000,7.219176
DATA,441012,0,2500.000000,1,8.357000,0.997000,8.331929,1,8.081000,0.011000,0.088891,92.025000,1,4.945000,0.219000,1.082955,80,1,3.692000,14.100000,0,1,0,1,0,0,1,0,1,0,4,T4_home_full_car_charge,场景4.CSV,3225.000000,12.895833,-0.232385,-0.972624,2.250000,91.900000,14.100000,7.248974
DATA,451057,0,2500.000000,1,8.365000,0.998000,8.348270,1,8.080000,0.011000,0.088880,92.000000,1,4.945000,0.221000,1.092845,80,1,3.692000,14.100000,0,1,0,1,0,0,1,0,1,0,4,T4_home_full_car_charge,场景4.CSV,3300.000000,12.916667,-0.237686,-0.971342,2.250000,91.900000,14.100000,7.255425
DATA,461061,0,2500.000000,1,8.363000,0.999000,8.354637,1,8.079000,0.011000,0.088869,91.975000,1,4.945000,0.221000,1.092845,81,1,3.691000,14.100000,0,1,0,1,0,0,1,0,1,0,4,T4_home_full_car_charge,场景4.CSV,3375.000000,12.937500,-0.242980,-0.970031,2.250000,91.900000,14.100000,7.261792
DATA,471061,0,2500.000000,1,8.363000,0.998000,8.346274,1,8.078000,0.011000,0.088858,91.950000,1,4.945000,0.222000,1.097790,81,1,3.691000,14.100000,0,1,0,1,0,0,1,0,1,0,4,T4_home_full_car_charge,场景4.CSV,3450.000000,12.958333,-0.248267,-0.968692,2.250000,91.900000,14.100000,7.248484
DATA,481091,0,2500.000000,1,8.369000,0.999000,8.360631,1,8.077000,0.011000,0.088847,91.925000,1,4.945000,0.226000,1.117570,80,1,3.690000,13.900000,0,1,0,1,0,0,1,0,1,0,4,T4_home_full_car_charge,场景4.CSV,3525.000000,12.979167,-0.253547,-0.967323,2.250000,91.900000,13.900000,7.243061
DATA,491114,0,2500.000000,1,8.367000,1.001000,8.375367,1,8.077000,0.011000,0.088847,91.925000,1,4.944000,0.223000,1.102512,81,1,3.690000,13.900000,0,1,0,1,0,0,1,0,1,0,4,T4_home_full_car_charge,场景4.CSV,3600.000000,13.000000,-0.258819,-0.965926,2.250000,91.900000,13.900000,7.272855
DATA,501146,0,2500.000000,1,8.371000,1.000000,8.371000,1,8.075000,0.011000,0.088825,91.875000,1,4.945000,0.221000,1.092845,81,1,3.690000,13.900000,0,1,0,1,0,0,1,0,1,0,4,T4_home_full_car_charge,场景4.CSV,3675.000000,13.020833,-0.264083,-0.964500,2.250000,91.900000,13.900000,7.278155
DATA,511160,0,2500.000000,1,8.371000,0.999000,8.362629,1,8.075000,0.011000,0.088825,91.875000,1,4.944000,0.223000,1.102512,81,1,3.690000,13.900000,0,1,0,1,0,0,1,0,1,0,4,T4_home_full_car_charge,场景4.CSV,3750.000000,13.041667,-0.269340,-0.963045,2.250000,91.900000,13.900000,7.260117
DATA,521200,0,2500.000000,1,8.369000,0.999000,8.360631,1,8.074000,0.011000,0.088814,91.850000,1,4.945000,0.223000,1.102735,81,1,3.689000,13.900000,0,1,0,1,0,0,1,0,1,0,4,T4_home_full_car_charge,场景4.CSV,3825.000000,13.062500,-0.274589,-0.961562,2.250000,91.900000,13.900000,7.257896
DATA,531207,0,2500.000000,1,8.370000,0.999000,8.361630,1,8.072000,0.011000,0.088792,91.800000,1,4.944000,0.222000,1.097568,81,1,3.689000,13.900000,0,1,0,1,0,0,1,0,1,0,4,T4_home_full_car_charge,场景4.CSV,3900.000000,13.083333,-0.279829,-0.960050,2.250000,91.900000,13.900000,7.264062
DATA,541257,0,2500.000000,1,8.375000,0.999000,8.366625,1,8.071000,0.011000,0.088781,91.775000,1,4.944000,0.226000,1.117344,81,1,3.690000,13.900000,0,1,0,1,0,0,1,0,1,0,4,T4_home_full_car_charge,场景4.CSV,3975.000000,13.104167,-0.285061,-0.958509,2.250000,91.900000,13.900000,7.249281
DATA,551268,0,2500.000000,1,8.372000,0.999000,8.363628,1,8.071000,0.011000,0.088781,91.775000,1,4.945000,0.220000,1.087900,81,1,3.689000,13.900000,0,1,0,1,0,0,1,0,1,0,4,T4_home_full_car_charge,场景4.CSV,4050.000000,13.125000,-0.290285,-0.956940,2.250000,91.900000,13.900000,7.275728
DATA,561300,0,2500.000000,1,8.370000,0.999000,8.361630,1,8.072000,0.011000,0.088792,91.800000,1,4.945000,0.220000,1.087900,81,1,3.689000,13.900000,0,1,0,1,0,0,1,0,1,0,4,T4_home_full_car_charge,场景4.CSV,4125.000000,13.145833,-0.295500,-0.955343,2.250000,91.900000,13.900000,7.273730
DATA,571312,0,2500.000000,1,8.377000,0.999000,8.368623,1,8.071000,0.011000,0.088781,91.775000,1,4.945000,0.220000,1.087900,81,1,3.688000,13.900000,0,1,0,1,0,0,1,0,1,0,4,T4_home_full_car_charge,场景4.CSV,4200.000000,13.166667,-0.300706,-0.953717,2.250000,91.900000,13.900000,7.280723
DATA,581344,0,2500.000000,1,8.375000,0.999000,8.366625,1,8.070000,0.011000,0.088770,91.750000,1,4.945000,0.219000,1.082955,81,1,3.688000,13.900000,0,1,0,1,0,0,1,0,1,0,4,T4_home_full_car_charge,场景4.CSV,4275.000000,13.187500,-0.305903,-0.952063,2.250000,91.900000,13.900000,7.283670
DATA,591351,0,2500.000000,1,8.373000,0.999000,8.364627,1,8.070000,0.011000,0.088770,91.750000,1,4.945000,0.218000,1.078010,81,1,3.688000,13.900000,0,1,0,1,0,0,1,0,1,0,4,T4_home_full_car_charge,场景4.CSV,4350.000000,13.208333,-0.311091,-0.950380,2.250000,91.900000,13.900000,7.286617
DATA,601395,0,2500.000000,1,8.376000,0.997000,8.350872,1,8.069000,0.011000,0.088759,91.725000,1,4.945000,0.224000,1.107680,81,1,3.688000,13.900000,0,1,0,1,0,0,1,0,1,0,4,T4_home_full_car_charge,场景4.CSV,4425.000000,13.229167,-0.316270,-0.948669,2.250000,91.900000,13.900000,7.243192
DATA,611398,0,2500.000000,1,8.382000,0.999000,8.373618,1,8.070000,0.011000,0.088770,91.750000,1,4.945000,0.221000,1.092845,81,1,3.688000,13.900000,0,1,0,1,0,0,1,0,1,0,4,T4_home_full_car_charge,场景4.CSV,4500.000000,13.250000,-0.321439,-0.946930,2.250000,91.900000,13.900000,7.280773
DATA,621446,0,2500.000000,1,8.375000,0.998000,8.358250,1,8.069000,0.011000,0.088759,91.725000,1,4.945000,0.221000,1.092845,82,1,3.686000,13.600000,0,1,0,1,0,0,1,0,1,0,4,T4_home_full_car_charge,场景4.CSV,4575.000000,13.270833,-0.326599,-0.945163,2.250000,91.900000,13.600000,7.265405
DATA,631460,0,2500.000000,1,8.381000,0.998000,8.364238,1,8.068000,0.011000,0.088748,91.700000,1,4.945000,0.223000,1.102735,82,1,3.686000,13.600000,0,1,0,1,0,0,1,0,1,0,4,T4_home_full_car_charge,场景4.CSV,4650.000000,13.291667,-0.331750,-0.943368,2.250000,91.900000,13.600000,7.261503
DATA,641462,0,2500.000000,1,8.377000,0.999000,8.368623,1,8.068000,0.011000,0.088748,91.700000,1,4.945000,0.221000,1.092845,81,1,3.685000,13.600000,0,1,0,1,0,0,1,0,1,0,4,T4_home_full_car_charge,场景4.CSV,4725.000000,13.312500,-0.336890,-0.941544,2.250000,91.900000,13.600000,7.275778
DATA,651480,0,2500.000000,1,8.376000,0.998000,8.359248,1,8.067000,0.011000,0.088737,91.675000,1,4.945000,0.222000,1.097790,81,1,3.685000,13.600000,0,1,0,1,0,0,1,0,1,0,4,T4_home_full_car_charge,场景4.CSV,4800.000000,13.333333,-0.342020,-0.939693,2.250000,91.900000,13.600000,7.261458
DATA,661491,0,2500.000000,1,8.381000,0.997000,8.355857,1,8.067000,0.011000,0.088737,91.675000,1,4.945000,0.224000,1.107680,81,1,3.685000,13.600000,0,1,0,1,0,0,1,0,1,0,4,T4_home_full_car_charge,场景4.CSV,4875.000000,13.354167,-0.347140,-0.937813,2.250000,91.900000,13.600000,7.248177
DATA,671497,0,2500.000000,1,8.377000,0.998000,8.360246,1,8.061000,0.011000,0.088671,91.525000,1,4.944000,0.221000,1.092624,81,1,3.684000,13.600000,0,1,0,1,0,0,1,0,1,0,4,T4_home_full_car_charge,场景4.CSV,4950.000000,13.375000,-0.352250,-0.935906,2.250000,91.900000,13.600000,7.267622
DATA,681523,0,2500.000000,1,8.388000,0.997000,8.362836,1,8.074000,0.011000,0.088814,91.850000,1,4.943000,0.198000,0.978714,82,1,3.685000,13.600000,0,1,0,1,0,0,0,0,1,0,4,T4_home_full_car_charge,场景4.CSV,5025.000000,13.395833,-0.357349,-0.933971,2.250000,91.900000,13.600000,7.384122
DATA,691543,0,2500.000000,1,8.391000,0.997000,8.365827,1,8.074000,0.011000,0.088814,91.850000,1,4.945000,0.198000,0.979110,82,1,3.684000,13.600000,0,1,0,1,0,0,0,0,1,0,4,T4_home_full_car_charge,场景4.CSV,5100.000000,13.416667,-0.362438,-0.932008,2.250000,91.900000,13.600000,7.386717
DATA,701544,0,2500.000000,1,8.390000,0.996000,8.356440,1,8.074000,0.011000,0.088814,91.850000,1,4.945000,0.198000,0.979110,82,1,3.682000,13.600000,0,1,0,1,0,0,0,0,1,0,4,T4_home_full_car_charge,场景4.CSV,5175.000000,13.437500,-0.367516,-0.930017,2.250000,91.900000,13.600000,7.377330
DATA,711585,0,2500.000000,1,8.392000,0.997000,8.366824,1,8.074000,0.011000,0.088814,91.850000,1,4.946000,0.198000,0.979308,82,1,3.682000,13.600000,0,1,0,1,0,0,0,0,1,0,4,T4_home_full_car_charge,场景4.CSV,5250.000000,13.458333,-0.372583,-0.927999,2.250000,91.900000,13.600000,7.387516
DATA,721627,0,2500.000000,1,8.395000,0.998000,8.378210,1,8.074000,0.011000,0.088814,91.850000,1,4.945000,0.198000,0.979110,82,1,3.684000,13.600000,0,1,0,1,0,0,0,0,1,0,4,T4_home_full_car_charge,场景4.CSV,5325.000000,13.479167,-0.377639,-0.925953,2.250000,91.900000,13.600000,7.399100
DATA,731642,0,2500.000000,1,8.393000,0.996000,8.359428,1,8.074000,0.011000,0.088814,91.850000,1,4.945000,0.198000,0.979110,82,1,3.682000,13.600000,0,1,0,1,0,0,0,0,1,0,4,T4_home_full_car_charge,场景4.CSV,5400.000000,13.500000,-0.382683,-0.923880,2.250000,91.900000,13.600000,7.380318
DATA,741661,0,2500.000000,1,8.395000,0.997000,8.369815,1,8.074000,0.011000,0.088814,91.850000,1,4.946000,0.198000,0.979308,82,1,3.682000,13.400000,0,1,0,1,0,0,0,0,1,0,4,T4_home_full_car_charge,场景4.CSV,5475.000000,13.520833,-0.387717,-0.921779,2.250000,91.900000,13.400000,7.390507
DATA,751677,0,2500.000000,1,8.396000,0.997000,8.370812,1,8.074000,0.011000,0.088814,91.850000,1,4.946000,0.198000,0.979308,82,1,3.682000,13.400000,0,1,0,1,0,0,0,0,1,0,4,T4_home_full_car_charge,场景4.CSV,5550.000000,13.541667,-0.392738,-0.919650,2.250000,91.900000,13.400000,7.391504
DATA,761724,0,2500.000000,1,8.397000,0.997000,8.371809,1,8.074000,0.011000,0.088814,91.850000,1,4.946000,0.198000,0.979308,82,1,3.682000,13.400000,0,1,0,1,0,0,0,0,1,0,4,T4_home_full_car_charge,场景4.CSV,5625.000000,13.562500,-0.397748,-0.917494,2.250000,91.900000,13.400000,7.392501
DATA,771735,0,2500.000000,1,8.396000,0.996000,8.362416,1,8.072000,0.011000,0.088792,91.800000,1,4.946000,0.198000,0.979308,82,1,3.681000,13.400000,0,1,0,1,0,0,0,0,1,0,4,T4_home_full_car_charge,场景4.CSV,5700.000000,13.583333,-0.402747,-0.915311,2.250000,91.900000,13.400000,7.383108
DATA,781757,0,2500.000000,1,8.396000,0.996000,8.362416,1,8.071000,0.011000,0.088781,91.775000,1,4.945000,0.198000,0.979110,82,1,3.681000,13.400000,0,1,0,1,0,0,0,0,1,0,4,T4_home_full_car_charge,场景4.CSV,5775.000000,13.604167,-0.407733,-0.913101,2.250000,91.900000,13.400000,7.383306
DATA,791770,0,2500.000000,1,8.400000,0.997000,8.374800,1,8.072000,0.011000,0.088792,91.800000,1,4.946000,0.198000,0.979308,82,1,3.680000,13.400000,0,1,0,1,0,0,0,0,1,0,4,T4_home_full_car_charge,场景4.CSV,5850.000000,13.625000,-0.412707,-0.910864,2.250000,91.900000,13.400000,7.395492
DATA,801771,0,2500.000000,1,8.400000,0.996000,8.366400,1,8.072000,0.011000,0.088792,91.800000,1,4.946000,0.198000,0.979308,82,1,3.680000,13.400000,0,1,0,1,0,0,0,0,1,0,4,T4_home_full_car_charge,场景4.CSV,5925.000000,13.645833,-0.417669,-0.908599,2.250000,91.900000,13.400000,7.387092
DATA,811805,0,2500.000000,1,8.398000,0.995000,8.356010,1,8.071000,0.011000,0.088781,91.775000,1,4.945000,0.198000,0.979110,83,1,3.680000,13.400000,0,1,0,1,0,0,0,0,1,0,4,T4_home_full_car_charge,场景4.CSV,6000.000000,13.666667,-0.422618,-0.906308,2.250000,91.900000,13.400000,7.376900
DATA,821820,0,2500.000000,1,8.401000,0.996000,8.367396,1,8.071000,0.011000,0.088781,91.775000,1,4.946000,0.198000,0.979308,82,1,3.680000,13.400000,0,1,0,1,0,0,0,0,1,0,4,T4_home_full_car_charge,场景4.CSV,6075.000000,13.687500,-0.427555,-0.903989,2.250000,91.900000,13.400000,7.388088
DATA,831838,0,2500.000000,1,8.401000,0.996000,8.367396,1,8.070000,0.011000,0.088770,91.750000,1,4.946000,0.198000,0.979308,82,1,3.680000,13.400000,0,1,0,1,0,0,0,0,1,0,4,T4_home_full_car_charge,场景4.CSV,6150.000000,13.708333,-0.432479,-0.901644,2.250000,91.900000,13.400000,7.388088
DATA,841864,0,2500.000000,1,8.403000,0.996000,8.369388,1,8.070000,0.011000,0.088770,91.750000,1,4.945000,0.198000,0.979110,83,1,3.679000,13.400000,0,1,0,1,0,0,0,0,1,0,4,T4_home_full_car_charge,场景4.CSV,6225.000000,13.729167,-0.437390,-0.899272,2.250000,91.900000,13.400000,7.390278
DATA,851897,0,2500.000000,1,8.403000,0.995000,8.360985,1,8.070000,0.011000,0.088770,91.750000,1,4.945000,0.198000,0.979110,82,1,3.679000,13.100000,0,1,0,1,0,0,0,0,1,0,4,T4_home_full_car_charge,场景4.CSV,6300.000000,13.750000,-0.442289,-0.896873,2.250000,91.900000,13.100000,7.381875
DATA,861937,0,2500.000000,1,8.403000,0.995000,8.360985,1,8.069000,0.011000,0.088759,91.725000,1,4.945000,0.198000,0.979110,82,1,3.679000,13.100000,0,1,0,1,0,0,0,0,1,0,4,T4_home_full_car_charge,场景4.CSV,6375.000000,13.770833,-0.447174,-0.894447,2.250000,91.900000,13.100000,7.381875
DATA,871962,0,2500.000000,1,8.405000,0.996000,8.371380,1,8.069000,0.011000,0.088759,91.725000,1,4.946000,0.198000,0.979308,83,1,3.679000,13.100000,0,1,0,1,0,0,0,0,1,0,4,T4_home_full_car_charge,场景4.CSV,6450.000000,13.791667,-0.452046,-0.891995,2.250000,91.900000,13.100000,7.392072
DATA,882008,0,2500.000000,1,8.405000,0.995000,8.362975,1,8.069000,0.011000,0.088759,91.725000,1,4.946000,0.198000,0.979308,82,1,3.678000,13.100000,0,1,0,1,0,0,0,0,1,0,4,T4_home_full_car_charge,场景4.CSV,6525.000000,13.812500,-0.456904,-0.889516,2.250000,91.900000,13.100000,7.383667
DATA,892037,0,2500.000000,1,8.409000,0.997000,8.383773,1,8.069000,0.011000,0.088759,91.725000,1,4.946000,0.198000,0.979308,83,1,3.678000,13.100000,0,1,0,1,0,0,0,0,1,0,4,T4_home_full_car_charge,场景4.CSV,6600.000000,13.833333,-0.461749,-0.887011,2.250000,91.900000,13.100000,7.404465
DATA,902049,0,2500.000000,1,8.409000,0.996000,8.375364,1,8.067000,0.011000,0.088737,91.675000,1,4.946000,0.198000,0.979308,82,1,3.678000,13.100000,0,1,0,1,0,0,0,0,1,0,4,T4_home_full_car_charge,场景4.CSV,6675.000000,13.854167,-0.466580,-0.884479,2.250000,91.900000,13.100000,7.396056
DATA,912080,0,2500.000000,1,8.408000,0.995000,8.365960,1,8.068000,0.011000,0.088748,91.700000,1,4.946000,0.198000,0.979308,83,1,3.678000,13.100000,0,1,0,1,0,0,0,0,1,0,4,T4_home_full_car_charge,场景4.CSV,6750.000000,13.875000,-0.471397,-0.881921,2.250000,91.900000,13.100000,7.386652
DATA,922118,0,2500.000000,1,8.407000,0.994000,8.356558,1,8.068000,0.011000,0.088748,91.700000,1,4.947000,0.198000,0.979506,83,1,3.678000,13.100000,0,1,0,1,0,0,0,0,1,0,4,T4_home_full_car_charge,场景4.CSV,6825.000000,13.895833,-0.476200,-0.879337,2.250000,91.900000,13.100000,7.377052
DATA,932145,0,2500.000000,1,8.410000,0.995000,8.367950,1,8.067000,0.011000,0.088737,91.675000,1,4.947000,0.198000,0.979506,83,1,3.678000,13.100000,0,1,0,1,0,0,0,0,1,0,4,T4_home_full_car_charge,场景4.CSV,6900.000000,13.916667,-0.480989,-0.876727,2.250000,91.900000,13.100000,7.388444
DATA,942154,0,2500.000000,1,8.410000,0.995000,8.367950,1,8.067000,0.011000,0.088737,91.675000,1,4.947000,0.198000,0.979506,83,1,3.678000,13.100000,0,1,0,1,0,0,0,0,1,0,4,T4_home_full_car_charge,场景4.CSV,6975.000000,13.937500,-0.485763,-0.874090,2.250000,91.900000,13.100000,7.388444
DATA,952172,0,2500.000000,1,8.412000,0.995000,8.369940,1,8.067000,0.011000,0.088737,91.675000,1,4.946000,0.198000,0.979308,83,1,3.676000,13.100000,0,1,0,1,0,0,0,0,1,0,4,T4_home_full_car_charge,场景4.CSV,7050.000000,13.958333,-0.490524,-0.871428,2.250000,91.900000,13.100000,7.390632
DATA,962214,0,2500.000000,1,8.337000,0.996000,8.303652,1,8.035000,0.011000,0.088385,90.875000,1,4.920000,0.377000,1.854840,81,1,3.676000,12.800000,0,1,0,1,1,1,0,0,1,0,4,T4_home_full_car_charge,场景4.CSV,7125.000000,13.979167,-0.495269,-0.868740,2.250000,91.900000,12.800000,6.448812
DATA,972237,0,2500.000000,1,8.303000,0.998000,8.286394,1,8.034000,0.011000,0.088374,90.850000,1,4.908000,0.463000,2.272404,81,1,3.678000,12.800000,0,1,0,1,1,1,0,0,1,0,4,T4_home_full_car_charge,场景4.CSV,7200.000000,14.000000,-0.500000,-0.866025,2.250000,91.900000,12.800000,6.013990
DATA,982273,0,2500.000000,1,8.305000,1.000000,8.305000,1,8.033000,0.011000,0.088363,90.825000,1,4.909000,0.459000,2.253231,81,1,3.676000,12.800000,0,1,0,1,1,1,0,0,1,0,4,T4_home_full_car_charge,场景4.CSV,7275.000000,14.020833,-0.504716,-0.863285,2.250000,91.900000,12.800000,6.051769
DATA,992311,0,2500.000000,1,8.301000,0.999000,8.292699,1,8.032000,0.011000,0.088352,90.800000,1,4.908000,0.457000,2.242956,81,1,3.676000,12.800000,0,1,0,1,1,1,0,0,1,0,4,T4_home_full_car_charge,场景4.CSV,7350.000000,14.041667,-0.509417,-0.860520,2.250000,91.900000,12.800000,6.049743
DATA,1002331,0,2500.000000,1,8.301000,0.999000,8.292699,1,8.031000,0.011000,0.088341,90.775000,1,4.908000,0.456000,2.238048,81,1,3.675000,12.800000,0,1,0,1,1,1,0,0,1,0,4,T4_home_full_car_charge,场景4.CSV,7425.000000,14.062500,-0.514103,-0.857729,2.250000,91.900000,12.800000,6.054651
DATA,1012354,0,2500.000000,1,8.300000,0.997000,8.275100,1,8.031000,0.011000,0.088341,90.775000,1,4.908000,0.455000,2.233140,81,1,3.675000,12.800000,0,1,0,1,1,1,0,0,1,0,4,T4_home_full_car_charge,场景4.CSV,7500.000000,14.083333,-0.518773,-0.854912,2.250000,91.900000,12.800000,6.041960
DATA,1022378,0,2500.000000,1,8.305000,0.998000,8.288390,1,8.030000,0.011000,0.088330,90.750000,1,4.908000,0.455000,2.233140,82,1,3.675000,12.800000,0,1,0,1,1,1,0,0,1,0,4,T4_home_full_car_charge,场景4.CSV,7575.000000,14.104167,-0.523428,-0.852070,2.250000,91.900000,12.800000,6.055250
DATA,1032409,0,2500.000000,1,8.311000,0.996000,8.277756,1,8.030000,0.011000,0.088330,90.750000,1,4.908000,0.454000,2.228232,81,1,3.672000,12.800000,0,1,0,1,1,1,0,0,1,0,4,T4_home_full_car_charge,场景4.CSV,7650.000000,14.125000,-0.528068,-0.849202,2.250000,91.900000,12.800000,6.049524
DATA,1042432,0,2500.000000,1,8.310000,0.993000,8.251830,1,8.029000,0.011000,0.088319,90.725000,1,4.907000,0.454000,2.227778,82,1,3.672000,12.800000,0,1,0,1,1,1,0,0,1,0,4,T4_home_full_car_charge,场景4.CSV,7725.000000,14.145833,-0.532692,-0.846309,2.250000,91.900000,12.800000,6.024052
DATA,1052453,0,2500.000000,1,8.312000,0.993000,8.253816,1,8.028000,0.011000,0.088308,90.700000,1,4.907000,0.454000,2.227778,82,1,3.672000,12.800000,0,1,0,1,1,1,0,0,1,0,4,T4_home_full_car_charge,场景4.CSV,7800.000000,14.166667,-0.537300,-0.843391,2.250000,91.900000,12.800000,6.026038
DATA,1062463,0,2500.000000,1,8.306000,0.995000,8.264470,1,8.025000,0.011000,0.088275,90.625000,1,4.906000,0.454000,2.227324,81,1,3.672000,12.600000,0,1,0,1,1,1,0,0,1,0,4,T4_home_full_car_charge,场景4.CSV,7875.000000,14.187500,-0.541892,-0.840448,2.250000,91.900000,12.600000,6.037146
DATA,1072468,0,2500.000000,1,8.307000,0.995000,8.265465,1,8.025000,0.011000,0.088275,90.625000,1,4.906000,0.454000,2.227324,81,1,3.672000,12.600000,0,1,0,1,1,1,0,0,1,0,4,T4_home_full_car_charge,场景4.CSV,7950.000000,14.208333,-0.546467,-0.837480,2.250000,91.900000,12.600000,6.038141
DATA,1082489,0,2500.000000,1,8.311000,0.996000,8.277756,1,8.025000,0.011000,0.088275,90.625000,1,4.906000,0.454000,2.227324,81,1,3.672000,12.600000,0,1,0,1,1,1,0,0,1,0,4,T4_home_full_car_charge,场景4.CSV,8025.000000,14.229167,-0.551027,-0.834487,2.250000,91.900000,12.600000,6.050432
DATA,1092532,0,2500.000000,1,8.317000,0.995000,8.275415,1,8.023000,0.011000,0.088253,90.575000,1,4.905000,0.454000,2.226870,81,1,3.672000,12.600000,0,1,0,1,1,1,0,0,1,0,4,T4_home_full_car_charge,场景4.CSV,8100.000000,14.250000,-0.555570,-0.831470,2.250000,91.900000,12.600000,6.048545
DATA,40083,0,2395.800000,1,8.565000,0.981000,8.402265,1,8.027000,0.011000,0.088297,90.675000,1,4.938000,0.198000,0.977724,67,0,-1.000000,-1.000000,0,1,0,1,0,0,0,1,0,0,5,T5_dusk_load_increase,场景5.CSV,264.489796,18.073469,-0.999815,0.019233,6.000000,81.000000,-1.000000,7.424541
DATA,50091,0,2393.300000,1,8.570000,0.981000,8.407170,1,8.033000,0.011000,0.088363,90.825000,1,4.937000,0.198000,0.977526,67,0,-1.000000,-1.000000,0,1,0,1,0,0,0,1,0,0,5,T5_dusk_load_increase,场景5.CSV,352.653061,18.097959,-0.999671,0.025643,6.000000,81.000000,-1.000000,7.429644
DATA,60128,0,2405.800000,1,8.577000,0.981000,8.414037,1,8.038000,0.011000,0.088418,90.950000,1,4.937000,0.198000,0.977526,67,0,-1.000000,-1.000000,0,1,0,1,0,0,0,1,0,0,5,T5_dusk_load_increase,场景5.CSV,440.816327,18.122449,-0.999486,0.032052,6.000000,81.000000,-1.000000,7.436511
DATA,70169,0,2399.200000,1,8.580000,0.981000,8.416980,1,8.043000,0.011000,0.088473,91.075000,1,4.937000,0.198000,0.977526,67,0,-1.000000,-1.000000,0,1,0,1,0,0,0,1,0,0,5,T5_dusk_load_increase,场景5.CSV,528.979592,18.146939,-0.999260,0.038459,6.000000,81.000000,-1.000000,7.439454
DATA,80171,0,2400.800000,1,8.588000,0.983000,8.442004,1,8.047000,0.011000,0.088517,91.175000,1,4.938000,0.198000,0.977724,67,0,-1.000000,-1.000000,0,1,0,1,0,0,0,1,0,0,5,T5_dusk_load_increase,场景5.CSV,617.142857,18.171429,-0.998993,0.044865,6.000000,81.000000,-1.000000,7.464280
DATA,90213,0,2398.300000,1,8.583000,0.981000,8.419923,1,8.047000,0.011000,0.088517,91.175000,1,4.937000,0.198000,0.977526,67,0,-1.000000,-1.000000,0,1,0,1,0,0,0,1,0,0,5,T5_dusk_load_increase,场景5.CSV,705.306122,18.195918,-0.998685,0.051269,6.000000,81.000000,-1.000000,7.442397
DATA,100224,0,2396.700000,1,8.591000,0.984000,8.453544,1,8.051000,0.011000,0.088561,91.275000,1,4.937000,0.198000,0.977526,67,0,-1.000000,-1.000000,0,1,0,1,0,0,0,1,0,0,5,T5_dusk_load_increase,场景5.CSV,793.469388,18.220408,-0.998336,0.057671,6.000000,81.000000,-1.000000,7.476018
DATA,110269,0,2391.700000,1,8.593000,0.983000,8.446919,1,8.053000,0.011000,0.088583,91.325000,1,4.937000,0.198000,0.977526,67,0,-1.000000,-1.000000,0,1,0,1,0,0,0,1,0,0,5,T5_dusk_load_increase,场景5.CSV,881.632653,18.244898,-0.997945,0.064070,6.000000,81.000000,-1.000000,7.469393
DATA,120296,0,2385.000000,1,8.593000,0.983000,8.446919,1,8.056000,0.011000,0.088616,91.400000,1,4.936000,0.198000,0.977328,67,0,-1.000000,-1.000000,0,1,0,1,0,0,0,1,0,0,5,T5_dusk_load_increase,场景5.CSV,969.795918,18.269388,-0.997514,0.070467,6.000000,81.000000,-1.000000,7.469591
DATA,130345,0,1930.800000,1,8.595000,0.983000,8.448885,1,8.057000,0.011000,0.088627,91.425000,1,4.937000,0.198000,0.977526,67,0,-1.000000,-1.000000,0,1,0,1,0,0,0,1,0,0,5,T5_dusk_load_increase,场景5.CSV,1057.959184,18.293878,-0.997042,0.076861,6.000000,81.000000,-1.000000,7.471359
DATA,140385,0,1958.300000,1,8.597000,0.983000,8.450851,1,8.058000,0.011000,0.088638,91.450000,1,4.936000,0.198000,0.977328,67,0,-1.000000,-1.000000,0,1,0,1,0,0,0,1,0,0,5,T5_dusk_load_increase,场景5.CSV,1146.122449,18.318367,-0.996529,0.083252,6.000000,81.000000,-1.000000,7.473523
DATA,150427,0,1952.500000,1,8.598000,0.983000,8.451834,1,8.060000,0.011000,0.088660,91.500000,1,4.936000,0.198000,0.977328,67,0,-1.000000,-1.000000,0,1,0,1,0,0,0,1,0,0,5,T5_dusk_load_increase,场景5.CSV,1234.285714,18.342857,-0.995974,0.089639,6.000000,81.000000,-1.000000,7.474506
DATA,160466,0,1940.000000,1,8.599000,0.982000,8.444218,1,8.061000,0.011000,0.088671,91.525000,1,4.936000,0.198000,0.977328,67,0,-1.000000,-1.000000,0,1,0,1,0,0,0,1,0,0,5,T5_dusk_load_increase,场景5.CSV,1322.448980,18.367347,-0.995379,0.096023,6.000000,81.000000,-1.000000,7.466890
DATA,170471,0,1935.000000,1,8.600000,0.982000,8.445200,1,8.063000,0.011000,0.088693,91.575000,1,4.936000,0.198000,0.977328,67,0,-1.000000,-1.000000,0,1,0,1,0,0,0,1,0,0,5,T5_dusk_load_increase,场景5.CSV,1410.612245,18.391837,-0.994743,0.102403,6.000000,81.000000,-1.000000,7.467872
DATA,180475,0,1764.200000,1,8.601000,0.983000,8.454783,1,8.064000,0.011000,0.088704,91.600000,1,4.937000,0.198000,0.977526,67,0,-1.000000,-1.000000,0,1,0,1,0,0,0,1,0,0,5,T5_dusk_load_increase,场景5.CSV,1498.775510,18.416327,-0.994066,0.108778,6.000000,81.000000,-1.000000,7.477257
DATA,190517,0,1895.800000,1,8.605000,0.984000,8.467320,1,8.066000,0.011000,0.088726,91.650000,1,4.937000,0.198000,0.977526,67,0,-1.000000,-1.000000,0,1,0,1,0,0,0,1,0,0,5,T5_dusk_load_increase,场景5.CSV,1586.938776,18.440816,-0.993348,0.115149,6.000000,81.000000,-1.000000,7.489794
DATA,200562,0,2031.700000,1,8.604000,0.983000,8.457732,1,8.067000,0.011000,0.088737,91.675000,1,4.937000,0.198000,0.977526,67,0,-1.000000,-1.000000,0,1,0,1,0,0,0,1,0,0,5,T5_dusk_load_increase,场景5.CSV,1675.102041,18.465306,-0.992589,0.121516,6.000000,81.000000,-1.000000,7.480206
DATA,210602,0,2034.200000,1,8.608000,0.984000,8.470272,1,8.068000,0.011000,0.088748,91.700000,1,4.937000,0.198000,0.977526,67,0,-1.000000,-1.000000,0,1,0,1,0,0,0,1,0,0,5,T5_dusk_load_increase,场景5.CSV,1763.265306,18.489796,-0.991790,0.127877,6.000000,81.000000,-1.000000,7.492746
DATA,220603,0,2035.800000,1,8.605000,0.983000,8.458715,1,8.069000,0.011000,0.088759,91.725000,1,4.937000,0.198000,0.977526,67,0,-1.000000,-1.000000,0,1,0,1,0,0,0,1,0,0,5,T5_dusk_load_increase,场景5.CSV,1851.428571,18.514286,-0.990950,0.134233,6.000000,81.000000,-1.000000,7.481189
DATA,230641,0,2035.800000,1,8.605000,0.982000,8.450110,1,8.070000,0.011000,0.088770,91.750000,1,4.937000,0.198000,0.977526,67,0,-1.000000,-1.000000,0,1,0,1,0,0,0,1,0,0,5,T5_dusk_load_increase,场景5.CSV,1939.591837,18.538776,-0.990069,0.140584,6.000000,81.000000,-1.000000,7.472584
DATA,240650,0,2037.500000,1,8.610000,0.983000,8.463630,1,8.072000,0.011000,0.088792,91.800000,1,4.937000,0.198000,0.977526,67,0,-1.000000,-1.000000,0,1,0,1,0,0,0,1,0,0,5,T5_dusk_load_increase,场景5.CSV,2027.755102,18.563265,-0.989147,0.146929,6.000000,81.000000,-1.000000,7.486104
DATA,250660,0,2037.500000,1,8.607000,0.981000,8.443467,1,8.073000,0.011000,0.088803,91.825000,1,4.937000,0.198000,0.977526,67,0,-1.000000,-1.000000,0,1,0,1,0,0,0,1,0,0,5,T5_dusk_load_increase,场景5.CSV,2115.918367,18.587755,-0.988185,0.153267,6.000000,81.000000,-1.000000,7.465941
DATA,260672,0,2035.800000,1,8.607000,0.981000,8.443467,1,8.074000,0.011000,0.088814,91.850000,1,4.937000,0.198000,0.977526,67,0,-1.000000,-1.000000,0,1,0,1,0,0,0,1,0,0,5,T5_dusk_load_increase,场景5.CSV,2204.081633,18.612245,-0.987182,0.159600,6.000000,81.000000,-1.000000,7.465941
DATA,270710,0,1485.000000,1,8.600000,0.978000,8.410800,1,8.066000,0.011000,0.088726,91.650000,1,4.934000,0.209000,1.031206,67,0,-1.000000,-1.000000,0,1,0,1,0,1,0,1,0,0,5,T5_dusk_load_increase,场景5.CSV,2292.244898,18.636735,-0.986138,0.165926,6.000000,81.000000,-1.000000,7.379594
DATA,280748,0,1488.300000,1,8.543000,0.979000,8.363597,1,8.014000,0.011000,0.088154,90.350000,1,4.904000,0.331000,1.623224,67,0,-1.000000,-1.000000,0,1,0,1,1,1,0,1,0,0,5,T5_dusk_load_increase,场景5.CSV,2380.408163,18.661224,-0.985054,0.172245,6.000000,81.000000,-1.000000,6.740373
DATA,290758,0,1707.500000,1,8.500000,0.972000,8.262000,1,7.998000,0.011000,0.087978,89.875000,1,4.887000,0.461000,2.252907,67,0,-1.000000,-1.000000,0,1,0,1,1,1,0,1,0,0,5,T5_dusk_load_increase,场景5.CSV,2468.571429,18.685714,-0.983930,0.178557,6.000000,81.000000,-1.000000,6.009093
DATA,300800,0,1715.800000,1,8.501000,0.974000,8.279974,1,7.998000,0.011000,0.087978,89.875000,1,4.887000,0.459000,2.243133,67,0,-1.000000,-1.000000,0,1,0,1,1,1,0,1,0,0,5,T5_dusk_load_increase,场景5.CSV,2556.734694,18.710204,-0.982765,0.184862,6.000000,81.000000,-1.000000,6.036841
DATA,310804,0,1715.000000,1,8.501000,0.975000,8.288475,1,7.997000,0.011000,0.087967,89.812500,1,4.887000,0.458000,2.238246,67,0,-1.000000,-1.000000,0,1,0,1,1,1,0,1,0,0,5,T5_dusk_load_increase,场景5.CSV,2644.897959,18.734694,-0.981559,0.191159,6.000000,81.000000,-1.000000,6.050229
DATA,320839,0,1715.000000,1,8.502000,0.976000,8.297952,1,7.998000,0.011000,0.087978,89.875000,1,4.887000,0.457000,2.233359,67,0,-1.000000,-1.000000,0,1,0,1,1,1,0,1,0,0,5,T5_dusk_load_increase,场景5.CSV,2733.061224,18.759184,-0.980313,0.197448,6.000000,81.000000,-1.000000,6.064593
DATA,330839,0,1714.200000,1,8.500000,0.974000,8.279000,1,7.996000,0.011000,0.087956,89.750000,1,4.887000,0.456000,2.228472,67,0,-1.000000,-1.000000,0,1,0,1,1,1,0,1,0,0,5,T5_dusk_load_increase,场景5.CSV,2821.224490,18.783673,-0.979027,0.203729,6.000000,81.000000,-1.000000,6.050528
DATA,340856,0,1714.200000,1,8.499000,0.974000,8.278026,1,7.997000,0.011000,0.087967,89.812500,1,4.886000,0.456000,2.228016,67,0,-1.000000,-1.000000,0,1,0,1,1,1,0,1,0,0,5,T5_dusk_load_increase,场景5.CSV,2909.387755,18.808163,-0.977701,0.210002,6.000000,81.000000,-1.000000,6.050010
DATA,350888,0,1713.300000,1,8.501000,0.976000,8.296976,1,7.998000,0.011000,0.087978,89.875000,1,4.887000,0.456000,2.228472,67,0,-1.000000,-1.000000,0,1,0,1,1,1,0,1,0,0,5,T5_dusk_load_increase,场景5.CSV,2997.551020,18.832653,-0.976335,0.216266,6.000000,81.000000,-1.000000,6.068504
DATA,360894,0,1712.500000,1,8.501000,0.977000,8.305477,1,7.998000,0.011000,0.087978,89.875000,1,4.886000,0.455000,2.223130,67,0,-1.000000,-1.000000,0,1,0,1,1,1,0,1,0,0,5,T5_dusk_load_increase,场景5.CSV,3085.714286,18.857143,-0.974928,0.222521,6.000000,81.000000,-1.000000,6.082347
DATA,370900,0,1712.500000,1,8.501000,0.977000,8.305477,1,7.998000,0.011000,0.087978,89.875000,1,4.887000,0.455000,2.223585,67,0,-1.000000,-1.000000,0,1,0,1,1,1,0,1,0,0,5,T5_dusk_load_increase,场景5.CSV,3173.877551,18.881633,-0.973481,0.228767,6.000000,80.900000,-1.000000,6.081892
DATA,380928,0,1712.500000,1,8.501000,0.976000,8.296976,1,7.999000,0.011000,0.087989,89.937500,1,4.886000,0.455000,2.223130,67,0,-1.000000,-1.000000,0,1,0,1,1,1,0,1,0,0,5,T5_dusk_load_increase,场景5.CSV,3262.040816,18.906122,-0.971994,0.235004,6.000000,80.900000,-1.000000,6.073846
DATA,390940,0,1711.700000,1,8.500000,0.975000,8.287500,1,8.000000,0.011000,0.088000,90.000000,1,4.886000,0.455000,2.223130,67,0,-1.000000,-1.000000,0,1,0,1,1,1,0,1,0,0,5,T5_dusk_load_increase,场景5.CSV,3350.204082,18.930612,-0.970468,0.241231,6.000000,80.900000,-1.000000,6.064370
DATA,400941,0,1529.200000,1,8.501000,0.976000,8.296976,1,7.999000,0.011000,0.087989,89.937500,1,4.886000,0.455000,2.223130,67,0,-1.000000,-1.000000,0,1,0,1,1,1,0,1,0,0,5,T5_dusk_load_increase,场景5.CSV,3438.367347,18.955102,-0.968901,0.247448,6.000000,80.900000,-1.000000,6.073846
DATA,410978,0,1598.300000,1,8.500000,0.976000,8.296000,1,8.000000,0.011000,0.088000,90.000000,1,4.886000,0.455000,2.223130,67,0,-1.000000,-1.000000,0,1,0,1,1,1,0,1,0,0,5,T5_dusk_load_increase,场景5.CSV,3526.530612,18.979592,-0.967295,0.253655,6.000000,80.900000,-1.000000,6.072870
DATA,420992,0,1535.000000,1,8.501000,0.976000,8.296976,1,8.000000,0.011000,0.088000,90.000000,1,4.886000,0.455000,2.223130,67,0,-1.000000,-1.000000,0,1,0,1,1,1,0,1,0,0,5,T5_dusk_load_increase,场景5.CSV,3614.693878,19.004082,-0.965649,0.259851,6.000000,80.900000,-1.000000,6.073846
DATA,431037,0,1498.300000,1,8.501000,0.975000,8.288475,1,8.000000,0.011000,0.088000,90.000000,1,4.886000,0.455000,2.223130,67,0,-1.000000,-1.000000,0,1,0,1,1,1,0,1,0,0,5,T5_dusk_load_increase,场景5.CSV,3702.857143,19.028571,-0.963963,0.266037,6.000000,80.900000,-1.000000,6.065345
DATA,441060,0,1502.500000,1,8.498000,0.973000,8.268554,1,7.999000,0.011000,0.087989,89.937500,1,4.885000,0.456000,2.227560,67,0,-1.000000,-1.000000,0,1,0,1,1,1,0,1,0,0,5,T5_dusk_load_increase,场景5.CSV,3791.020408,19.053061,-0.962237,0.272212,6.000000,80.900000,-1.000000,6.040994
DATA,451077,0,1502.500000,1,8.497000,0.973000,8.267581,1,8.001000,0.011000,0.088011,90.025000,1,4.885000,0.456000,2.227560,67,0,-1.000000,-1.000000,0,1,0,1,1,1,0,1,0,0,5,T5_dusk_load_increase,场景5.CSV,3879.183673,19.077551,-0.960472,0.278375,6.000000,80.900000,-1.000000,6.040021
DATA,461111,0,1503.300000,1,8.498000,0.975000,8.285550,1,7.999000,0.011000,0.087989,89.937500,1,4.885000,0.456000,2.227560,67,0,-1.000000,-1.000000,0,1,0,1,1,1,0,1,0,0,5,T5_dusk_load_increase,场景5.CSV,3967.346939,19.102041,-0.958668,0.284528,6.000000,80.900000,-1.000000,6.057990
DATA,471117,0,1502.500000,1,8.499000,0.974000,8.278026,1,8.002000,0.011000,0.088022,90.050000,1,4.885000,0.456000,2.227560,67,0,-1.000000,-1.000000,0,1,0,1,1,1,0,1,0,0,5,T5_dusk_load_increase,场景5.CSV,4055.510204,19.126531,-0.956824,0.290668,6.000000,80.900000,-1.000000,6.050466
DATA,481148,0,1502.500000,1,8.499000,0.973000,8.269527,1,8.002000,0.011000,0.088022,90.050000,1,4.886000,0.456000,2.228016,67,0,-1.000000,-1.000000,0,1,0,1,1,1,0,1,0,0,5,T5_dusk_load_increase,场景5.CSV,4143.673469,19.151020,-0.954941,0.296797,6.000000,80.900000,-1.000000,6.041511
DATA,491162,0,1501.700000,1,8.499000,0.974000,8.278026,1,8.003000,0.011000,0.088033,90.075000,1,4.885000,0.456000,2.227560,67,0,-1.000000,-1.000000,0,1,0,1,1,1,0,1,0,0,5,T5_dusk_load_increase,场景5.CSV,4231.836735,19.175510,-0.953018,0.302913,6.000000,80.900000,-1.000000,6.050466
DATA,501169,0,1501.700000,1,8.500000,0.975000,8.287500,1,8.003000,0.011000,0.088033,90.075000,1,4.886000,0.456000,2.228016,67,0,-1.000000,-1.000000,0,1,0,1,1,1,0,1,0,0,5,T5_dusk_load_increase,场景5.CSV,4320.000000,19.200000,-0.951057,0.309017,6.000000,80.900000,-1.000000,6.059484
DATA,511212,0,1501.700000,1,8.499000,0.973000,8.269527,1,8.003000,0.011000,0.088033,90.075000,1,4.885000,0.456000,2.227560,67,0,-1.000000,-1.000000,0,1,0,1,1,1,0,1,0,0,5,T5_dusk_load_increase,场景5.CSV,4408.163265,19.224490,-0.949056,0.315108,6.000000,80.900000,-1.000000,6.041967
DATA,521223,0,1500.800000,1,8.497000,0.972000,8.259084,1,8.003000,0.011000,0.088033,90.075000,1,4.886000,0.456000,2.228016,67,0,-1.000000,-1.000000,0,1,0,1,1,1,0,1,0,0,5,T5_dusk_load_increase,场景5.CSV,4496.326531,19.248980,-0.947016,0.321186,6.000000,80.900000,-1.000000,6.031068
DATA,531271,0,1500.800000,1,8.498000,0.973000,8.268554,1,8.004000,0.011000,0.088044,90.100000,1,4.885000,0.456000,2.227560,67,0,-1.000000,-1.000000,0,1,0,1,1,1,0,1,0,0,5,T5_dusk_load_increase,场景5.CSV,4584.489796,19.273469,-0.944937,0.327252,6.000000,80.900000,-1.000000,6.040994
DATA,541318,0,1500.800000,1,8.497000,0.972000,8.259084,1,8.004000,0.011000,0.088044,90.100000,1,4.885000,0.456000,2.227560,67,0,-1.000000,-1.000000,0,1,0,1,1,1,0,1,0,0,5,T5_dusk_load_increase,场景5.CSV,4672.653061,19.297959,-0.942820,0.333303,6.000000,80.900000,-1.000000,6.031524
DATA,551336,0,1500.000000,1,8.497000,0.972000,8.259084,1,8.005000,0.011000,0.088055,90.125000,1,4.885000,0.456000,2.227560,67,0,-1.000000,-1.000000,0,1,0,1,1,1,0,1,0,0,5,T5_dusk_load_increase,场景5.CSV,4760.816327,19.322449,-0.940663,0.339341,6.000000,80.900000,-1.000000,6.031524
DATA,561364,0,1500.800000,1,8.498000,0.972000,8.260056,1,8.005000,0.011000,0.088055,90.125000,1,4.885000,0.456000,2.227560,67,0,-1.000000,-1.000000,0,1,0,1,1,1,0,1,0,0,5,T5_dusk_load_increase,场景5.CSV,4848.979592,19.346939,-0.938468,0.345365,6.000000,80.900000,-1.000000,6.032496
DATA,571387,0,1500.000000,1,8.497000,0.971000,8.250587,1,8.005000,0.011000,0.088055,90.125000,1,4.885000,0.456000,2.227560,67,0,-1.000000,-1.000000,0,1,0,1,1,1,0,1,0,0,5,T5_dusk_load_increase,场景5.CSV,4937.142857,19.371429,-0.936235,0.351375,6.000000,80.900000,-1.000000,6.023027
DATA,581399,0,1500.000000,1,8.499000,0.972000,8.261028,1,8.007000,0.011000,0.088077,90.175000,1,4.886000,0.456000,2.228016,67,0,-1.000000,-1.000000,0,1,0,1,1,1,0,1,0,0,5,T5_dusk_load_increase,场景5.CSV,5025.306122,19.395918,-0.933963,0.357370,6.000000,80.900000,-1.000000,6.033012
DATA,591408,0,1501.700000,1,8.502000,0.974000,8.280948,1,8.006000,0.011000,0.088066,90.150000,1,4.885000,0.456000,2.227560,67,0,-1.000000,-1.000000,0,1,0,1,1,1,0,1,0,0,5,T5_dusk_load_increase,场景5.CSV,5113.469388,19.420408,-0.931652,0.363351,6.000000,80.900000,-1.000000,6.053388
DATA,601420,0,1499.200000,1,8.499000,0.972000,8.261028,1,8.005000,0.011000,0.088055,90.125000,1,4.886000,0.456000,2.228016,67,0,-1.000000,-1.000000,0,1,0,1,1,1,0,1,0,0,5,T5_dusk_load_increase,场景5.CSV,5201.632653,19.444898,-0.929304,0.369316,6.000000,80.900000,-1.000000,6.033012
DATA,611425,0,1499.200000,1,8.500000,0.973000,8.270500,1,8.006000,0.011000,0.088066,90.150000,1,4.885000,0.456000,2.227560,67,0,-1.000000,-1.000000,0,1,0,1,1,1,0,1,0,0,5,T5_dusk_load_increase,场景5.CSV,5289.795918,19.469388,-0.926917,0.375267,6.000000,80.900000,-1.000000,6.042940
DATA,621444,0,1499.200000,1,8.499000,0.971000,8.252529,1,8.007000,0.011000,0.088077,90.175000,1,4.886000,0.456000,2.228016,67,0,-1.000000,-1.000000,0,1,0,1,1,1,0,1,0,0,5,T5_dusk_load_increase,场景5.CSV,5377.959184,19.493878,-0.924492,0.381202,6.000000,80.900000,-1.000000,6.024513
DATA,631453,0,1499.200000,1,8.498000,0.970000,8.243060,1,8.008000,0.011000,0.088088,90.200000,1,4.885000,0.456000,2.227560,67,0,-1.000000,-1.000000,0,1,0,1,1,1,0,1,0,0,5,T5_dusk_load_increase,场景5.CSV,5466.122449,19.518367,-0.922029,0.387122,6.000000,80.900000,-1.000000,6.015500
DATA,641474,0,1498.300000,1,8.501000,0.971000,8.254471,1,8.008000,0.011000,0.088088,90.200000,1,4.886000,0.456000,2.228016,67,0,-1.000000,-1.000000,0,1,0,1,1,1,0,1,0,0,5,T5_dusk_load_increase,场景5.CSV,5554.285714,19.542857,-0.919528,0.393025,6.000000,80.900000,-1.000000,6.026455
DATA,651506,0,1498.300000,1,8.498000,0.969000,8.234562,1,8.008000,0.011000,0.088088,90.200000,1,4.886000,0.456000,2.228016,67,0,-1.000000,-1.000000,0,1,0,1,1,1,0,1,0,0,5,T5_dusk_load_increase,场景5.CSV,5642.448980,19.567347,-0.916989,0.398912,6.000000,80.900000,-1.000000,6.006546
DATA,661570,0,1120.000000,1,8.497000,0.969000,8.233593,1,8.008000,0.011000,0.088088,90.200000,1,4.886000,0.456000,2.228016,67,0,-1.000000,-1.000000,0,1,0,1,1,1,0,1,0,0,5,T5_dusk_load_increase,场景5.CSV,5730.612245,19.591837,-0.914413,0.404783,6.000000,80.900000,-1.000000,6.005577
DATA,671609,0,1119.200000,1,8.497000,0.969000,8.233593,1,8.008000,0.011000,0.088088,90.200000,1,4.886000,0.456000,2.228016,67,0,-1.000000,-1.000000,0,1,0,1,1,1,0,1,0,0,5,T5_dusk_load_increase,场景5.CSV,5818.775510,19.616327,-0.911799,0.410638,6.000000,80.900000,-1.000000,6.005577
DATA,681638,0,1120.000000,1,8.499000,0.969000,8.235531,1,8.010000,0.011000,0.088110,90.250000,1,4.886000,0.456000,2.228016,67,0,-1.000000,-1.000000,0,1,0,1,1,1,0,1,0,0,5,T5_dusk_load_increase,场景5.CSV,5906.938776,19.640816,-0.909147,0.416475,6.000000,80.900000,-1.000000,6.007515
DATA,691677,0,1137.500000,1,8.500000,0.970000,8.245000,1,8.010000,0.011000,0.088110,90.250000,1,4.886000,0.456000,2.228016,67,0,-1.000000,-1.000000,0,1,0,1,1,1,0,1,0,0,5,T5_dusk_load_increase,场景5.CSV,5995.102041,19.665306,-0.906458,0.422295,6.000000,80.900000,-1.000000,6.016984
DATA,701704,0,1138.300000,1,8.500000,0.969000,8.236500,1,8.011000,0.011000,0.088121,90.275000,1,4.886000,0.456000,2.228016,67,0,-1.000000,-1.000000,0,1,0,1,1,1,0,1,0,0,5,T5_dusk_load_increase,场景5.CSV,6083.265306,19.689796,-0.903732,0.428098,6.000000,80.900000,-1.000000,6.008484
DATA,711706,0,1139.200000,1,8.502000,0.970000,8.246940,1,8.010000,0.011000,0.088110,90.250000,1,4.886000,0.456000,2.228016,67,0,-1.000000,-1.000000,0,1,0,1,1,1,0,1,0,0,5,T5_dusk_load_increase,场景5.CSV,6171.428571,19.714286,-0.900969,0.433884,6.000000,80.900000,-1.000000,6.018924
DATA,721715,0,1139.200000,1,8.499000,0.968000,8.227032,1,8.011000,0.011000,0.088121,90.275000,1,4.886000,0.456000,2.228016,67,0,-1.000000,-1.000000,0,1,0,1,1,1,0,1,0,0,5,T5_dusk_load_increase,场景5.CSV,6259.591837,19.738776,-0.898169,0.439651,6.000000,80.900000,-1.000000,5.999016
DATA,731753,0,1139.200000,1,8.501000,0.970000,8.245970,1,8.012000,0.011000,0.088132,90.300000,1,4.886000,0.456000,2.228016,67,0,-1.000000,-1.000000,0,1,0,1,1,1,0,1,0,0,5,T5_dusk_load_increase,场景5.CSV,6347.755102,19.763265,-0.895331,0.445401,6.000000,80.900000,-1.000000,6.017954
DATA,741794,0,1138.300000,1,8.504000,0.971000,8.257384,1,8.013000,0.011000,0.088143,90.325000,1,4.886000,0.456000,2.228016,67,0,-1.000000,-1.000000,0,1,0,1,1,1,0,1,0,0,5,T5_dusk_load_increase,场景5.CSV,6435.918367,19.787755,-0.892457,0.451132,6.000000,80.900000,-1.000000,6.029368
DATA,751795,0,1138.300000,1,8.502000,0.970000,8.246940,1,8.012000,0.011000,0.088132,90.300000,1,4.886000,0.456000,2.228016,67,0,-1.000000,-1.000000,0,1,0,1,1,1,0,1,0,0,5,T5_dusk_load_increase,场景5.CSV,6524.081633,19.812245,-0.889547,0.456844,6.000000,80.900000,-1.000000,6.018924
DATA,761842,0,1138.300000,1,8.500000,0.969000,8.236500,1,8.012000,0.011000,0.088132,90.300000,1,4.886000,0.456000,2.228016,67,0,-1.000000,-1.000000,0,1,0,1,1,1,0,1,0,0,5,T5_dusk_load_increase,场景5.CSV,6612.244898,19.836735,-0.886599,0.462538,6.000000,80.900000,-1.000000,6.008484
DATA,771845,0,1138.300000,1,8.500000,0.967000,8.219500,1,8.013000,0.011000,0.088143,90.325000,1,4.886000,0.456000,2.228016,67,0,-1.000000,-1.000000,0,1,0,1,1,1,0,1,0,0,5,T5_dusk_load_increase,场景5.CSV,6700.408163,19.861224,-0.883616,0.468213,6.000000,80.900000,-1.000000,5.991484
DATA,781888,0,1138.300000,1,8.505000,0.970000,8.249850,1,8.015000,0.011000,0.088165,90.375000,1,4.886000,0.456000,2.228016,67,0,-1.000000,-1.000000,0,1,0,1,1,1,0,1,0,0,5,T5_dusk_load_increase,场景5.CSV,6788.571429,19.885714,-0.880596,0.473869,6.000000,80.900000,-1.000000,6.021834
DATA,791904,0,1138.300000,1,8.503000,0.969000,8.239407,1,8.015000,0.011000,0.088165,90.375000,1,4.886000,0.456000,2.228016,67,0,-1.000000,-1.000000,0,1,0,1,1,1,0,1,0,0,5,T5_dusk_load_increase,场景5.CSV,6876.734694,19.910204,-0.877539,0.479505,6.000000,80.900000,-1.000000,6.011391
DATA,801936,0,1138.300000,1,8.504000,0.970000,8.248880,1,8.015000,0.011000,0.088165,90.375000,1,4.886000,0.456000,2.228016,67,0,-1.000000,-1.000000,0,1,0,1,1,1,0,1,0,0,5,T5_dusk_load_increase,场景5.CSV,6964.897959,19.934694,-0.874447,0.485121,6.000000,80.900000,-1.000000,6.020864
DATA,811942,0,1138.300000,1,8.505000,0.970000,8.249850,1,8.016000,0.011000,0.088176,90.400000,1,4.886000,0.456000,2.228016,67,0,-1.000000,-1.000000,0,1,0,1,1,1,0,1,0,0,5,T5_dusk_load_increase,场景5.CSV,7053.061224,19.959184,-0.871319,0.490718,6.000000,80.900000,-1.000000,6.021834
DATA,821973,0,1138.300000,1,8.505000,0.970000,8.249850,1,8.016000,0.011000,0.088176,90.400000,1,4.886000,0.456000,2.228016,67,0,-1.000000,-1.000000,0,1,0,1,1,1,0,1,0,0,5,T5_dusk_load_increase,场景5.CSV,7141.224490,19.983673,-0.868155,0.496294,6.000000,80.900000,-1.000000,6.021834
DATA,832012,0,1137.500000,1,8.504000,0.969000,8.240376,1,8.017000,0.011000,0.088187,90.425000,1,4.886000,0.456000,2.228016,67,0,-1.000000,-1.000000,0,1,0,1,1,1,0,1,0,0,5,T5_dusk_load_increase,场景5.CSV,7229.387755,20.008163,-0.864955,0.501850,6.000000,80.900000,-1.000000,6.012360
DATA,842030,0,1137.500000,1,8.505000,0.969000,8.241345,1,8.017000,0.011000,0.088187,90.425000,1,4.886000,0.456000,2.228016,67,0,-1.000000,-1.000000,0,1,0,1,1,1,0,1,0,0,5,T5_dusk_load_increase,场景5.CSV,7317.551020,20.032653,-0.861720,0.507385,6.000000,80.900000,-1.000000,6.013329
DATA,852043,0,1138.300000,1,8.505000,0.969000,8.241345,1,8.017000,0.011000,0.088187,90.425000,1,4.886000,0.456000,2.228016,67,0,-1.000000,-1.000000,0,1,0,1,1,1,0,1,0,0,5,T5_dusk_load_increase,场景5.CSV,7405.714286,20.057143,-0.858449,0.512899,6.000000,80.900000,-1.000000,6.013329
DATA,862052,0,1138.300000,1,8.504000,0.968000,8.231872,1,8.017000,0.011000,0.088187,90.425000,1,4.886000,0.456000,2.228016,67,0,-1.000000,-1.000000,0,1,0,1,1,1,0,1,0,0,5,T5_dusk_load_increase,场景5.CSV,7493.877551,20.081633,-0.855143,0.518393,6.000000,80.900000,-1.000000,6.003856
DATA,872081,0,1138.300000,1,8.507000,0.969000,8.243283,1,8.019000,0.011000,0.088209,90.475000,1,4.886000,0.456000,2.228016,67,0,-1.000000,-1.000000,0,1,0,1,1,1,0,1,0,0,5,T5_dusk_load_increase,场景5.CSV,7582.040816,20.106122,-0.851802,0.523865,6.000000,80.900000,-1.000000,6.015267
DATA,882081,0,1138.300000,1,8.503000,0.968000,8.230904,1,8.018000,0.011000,0.088198,90.450000,1,4.886000,0.456000,2.228016,67,0,-1.000000,-1.000000,0,1,0,1,1,1,0,1,0,0,5,T5_dusk_load_increase,场景5.CSV,7670.204082,20.130612,-0.848425,0.529315,6.000000,80.900000,-1.000000,6.002888
DATA,892091,0,1138.300000,1,8.507000,0.970000,8.251790,1,8.019000,0.011000,0.088209,90.475000,1,4.886000,0.456000,2.228016,67,0,-1.000000,-1.000000,0,1,0,1,1,1,0,1,0,0,5,T5_dusk_load_increase,场景5.CSV,7758.367347,20.155102,-0.845014,0.534744,6.000000,80.900000,-1.000000,6.023774
DATA,902106,0,1140.800000,1,8.506000,0.969000,8.242314,1,8.019000,0.011000,0.088209,90.475000,1,4.886000,0.456000,2.228016,67,0,-1.000000,-1.000000,0,1,0,1,1,1,0,1,0,0,5,T5_dusk_load_increase,场景5.CSV,7846.530612,20.179592,-0.841569,0.540150,6.000000,80.900000,-1.000000,6.014298
DATA,912111,0,1137.500000,1,8.506000,0.968000,8.233808,1,8.020000,0.011000,0.088220,90.500000,1,4.886000,0.456000,2.228016,67,0,-1.000000,-1.000000,0,1,0,1,1,1,0,1,0,0,5,T5_dusk_load_increase,场景5.CSV,7934.693878,20.204082,-0.838088,0.545535,6.000000,80.900000,-1.000000,6.005792
DATA,922121,0,1137.500000,1,8.508000,0.969000,8.244252,1,8.021000,0.011000,0.088231,90.525000,1,4.886000,0.456000,2.228016,67,0,-1.000000,-1.000000,0,1,0,1,1,1,0,1,0,0,5,T5_dusk_load_increase,场景5.CSV,8022.857143,20.228571,-0.834573,0.550897,6.000000,80.900000,-1.000000,6.016236
DATA,932127,0,1137.500000,1,8.508000,0.970000,8.252760,1,8.021000,0.011000,0.088231,90.525000,1,4.886000,0.456000,2.228016,67,0,-1.000000,-1.000000,0,1,0,1,1,1,0,1,0,0,5,T5_dusk_load_increase,场景5.CSV,8111.020408,20.253061,-0.831024,0.556236,6.000000,80.900000,-1.000000,6.024744
DATA,942150,0,1137.500000,1,8.509000,0.969000,8.245221,1,8.021000,0.011000,0.088231,90.525000,1,4.886000,0.456000,2.228016,67,0,-1.000000,-1.000000,0,1,0,1,1,1,0,1,0,0,5,T5_dusk_load_increase,场景5.CSV,8199.183673,20.277551,-0.827441,0.561553,6.000000,80.900000,-1.000000,6.017205
DATA,952164,0,1140.000000,1,8.509000,0.969000,8.245221,1,8.022000,0.011000,0.088242,90.550000,1,4.886000,0.456000,2.228016,67,0,-1.000000,-1.000000,0,1,0,1,1,1,0,1,0,0,5,T5_dusk_load_increase,场景5.CSV,8287.346939,20.302041,-0.823823,0.566846,6.000000,80.900000,-1.000000,6.017205
DATA,962168,0,1136.700000,1,8.509000,0.969000,8.245221,1,8.022000,0.011000,0.088242,90.550000,1,4.886000,0.456000,2.228016,67,0,-1.000000,-1.000000,0,1,0,1,1,1,0,1,0,0,5,T5_dusk_load_increase,场景5.CSV,8375.510204,20.326531,-0.820172,0.572117,6.000000,80.900000,-1.000000,6.017205
DATA,972185,0,1137.500000,1,8.509000,0.969000,8.245221,1,8.022000,0.011000,0.088242,90.550000,1,4.886000,0.456000,2.228016,67,0,-1.000000,-1.000000,0,1,0,1,1,1,0,1,0,0,5,T5_dusk_load_increase,场景5.CSV,8463.673469,20.351020,-0.816487,0.577363,6.000000,80.900000,-1.000000,6.017205
DATA,982197,0,1137.500000,1,8.511000,0.969000,8.247159,1,8.024000,0.011000,0.088264,90.600000,1,4.886000,0.456000,2.228016,67,0,-1.000000,-1.000000,0,1,0,1,1,1,0,1,0,0,5,T5_dusk_load_increase,场景5.CSV,8551.836735,20.375510,-0.812769,0.582586,6.000000,80.900000,-1.000000,6.019143
DATA,992204,0,1137.500000,1,8.512000,0.970000,8.256640,1,8.024000,0.011000,0.088264,90.600000,1,4.886000,0.456000,2.228016,67,0,-1.000000,-1.000000,0,1,0,1,1,1,0,1,0,0,5,T5_dusk_load_increase,场景5.CSV,8640.000000,20.400000,-0.809017,0.587785,6.000000,80.900000,-1.000000,6.028624
DATA,1002213,0,1137.500000,1,8.514000,0.970000,8.258580,1,8.025000,0.011000,0.088275,90.625000,1,4.886000,0.456000,2.228016,67,0,-1.000000,-1.000000,0,1,0,1,1,1,0,1,0,0,5,T5_dusk_load_increase,场景5.CSV,8728.163265,20.424490,-0.805232,0.592960,6.000000,80.900000,-1.000000,6.030564
DATA,1012247,0,1137.500000,1,8.515000,0.972000,8.276580,1,8.026000,0.011000,0.088286,90.650000,1,4.886000,0.456000,2.228016,67,0,-1.000000,-1.000000,0,1,0,1,1,1,0,1,0,0,5,T5_dusk_load_increase,场景5.CSV,8816.326531,20.448980,-0.801414,0.598111,6.000000,80.900000,-1.000000,6.048564
DATA,1022259,0,1136.700000,1,8.516000,0.972000,8.277552,1,8.027000,0.011000,0.088297,90.675000,1,4.886000,0.456000,2.228016,67,0,-1.000000,-1.000000,0,1,0,1,1,1,0,1,0,0,5,T5_dusk_load_increase,场景5.CSV,8904.489796,20.473469,-0.797562,0.603236,6.000000,80.900000,-1.000000,6.049536
DATA,1032307,0,1136.700000,1,8.516000,0.970000,8.260520,1,8.027000,0.011000,0.088297,90.675000,1,4.886000,0.456000,2.228016,67,0,-1.000000,-1.000000,0,1,0,1,1,1,0,1,0,0,5,T5_dusk_load_increase,场景5.CSV,8992.653061,20.497959,-0.793678,0.608337,6.000000,80.900000,-1.000000,6.032504
DATA,1042333,0,1138.300000,1,8.516000,0.972000,8.277552,1,8.020000,0.011000,0.088220,90.500000,1,4.885000,0.456000,2.227560,67,0,-1.000000,-1.000000,0,1,0,1,1,1,0,1,0,0,5,T5_dusk_load_increase,场景5.CSV,9080.816327,20.522449,-0.789762,0.613414,6.000000,80.900000,-1.000000,6.049992
DATA,1052354,0,853.300000,1,8.516000,0.971000,8.269036,1,8.028000,0.011000,0.088308,90.700000,1,4.886000,0.456000,2.228016,67,0,-1.000000,-1.000000,0,1,0,1,1,1,0,1,0,0,5,T5_dusk_load_increase,场景5.CSV,9168.979592,20.546939,-0.785813,0.618464,6.000000,80.900000,-1.000000,6.041020
DATA,1062412,0,932.500000,1,8.519000,0.973000,8.288987,1,8.029000,0.011000,0.088319,90.725000,1,4.886000,0.456000,2.228016,67,0,-1.000000,-1.000000,0,1,0,1,1,1,0,1,0,0,5,T5_dusk_load_increase,场景5.CSV,9257.142857,20.571429,-0.781831,0.623490,6.000000,80.900000,-1.000000,6.060971
DATA,1072431,0,740.000000,1,8.494000,0.952000,8.086288,1,8.027000,0.011000,0.088297,90.675000,1,4.886000,0.456000,2.228016,67,0,-1.000000,-1.000000,0,1,0,1,1,1,0,1,0,0,5,T5_dusk_load_increase,场景5.CSV,9345.306122,20.595918,-0.777818,0.628490,6.000000,80.900000,-1.000000,5.858272
DATA,1082464,0,774.200000,1,7.724000,0.487000,3.761588,1,7.916000,0.011000,0.087076,84.750000,1,4.896000,0.456000,2.232576,67,0,-1.000000,-1.000000,0,1,0,1,1,1,0,0,0,0,5,T5_dusk_load_increase,场景5.CSV,9433.469388,20.620408,-0.773773,0.633464,6.000000,80.900000,-1.000000,1.529012
DATA,1092493,0,760.800000,1,7.703000,0.486000,3.743658,1,7.910000,0.011000,0.087010,84.375000,1,4.901000,0.456000,2.234856,67,0,-1.000000,-1.000000,0,1,0,1,1,1,0,0,0,0,5,T5_dusk_load_increase,场景5.CSV,9521.632653,20.644898,-0.769695,0.638411,6.000000,80.900000,-1.000000,1.508802
DATA,1102540,0,856.700000,1,8.196000,0.589000,4.827444,1,8.010000,0.011000,0.088110,90.250000,1,4.896000,0.456000,2.232576,67,0,-1.000000,-1.000000,0,1,0,1,1,1,0,1,0,0,5,T5_dusk_load_increase,场景5.CSV,9609.795918,20.669388,-0.765586,0.643333,6.000000,80.800000,-1.000000,2.594868
DATA,1112540,0,850.800000,1,8.508000,0.973000,8.278284,1,8.017000,0.011000,0.088187,90.425000,1,4.885000,0.455000,2.222675,67,0,-1.000000,-1.000000,0,1,0,1,1,1,0,1,0,0,5,T5_dusk_load_increase,场景5.CSV,9697.959184,20.693878,-0.761446,0.648228,6.000000,80.800000,-1.000000,6.055609
DATA,1122562,0,876.700000,1,8.513000,0.974000,8.291662,1,8.020000,0.011000,0.088220,90.500000,1,4.885000,0.455000,2.222675,67,0,-1.000000,-1.000000,0,1,0,1,1,1,0,1,0,0,5,T5_dusk_load_increase,场景5.CSV,9786.122449,20.718367,-0.757274,0.653097,6.000000,80.800000,-1.000000,6.068987
DATA,1132574,0,877.500000,1,8.515000,0.974000,8.293610,1,8.023000,0.011000,0.088253,90.575000,1,4.885000,0.456000,2.227560,67,0,-1.000000,-1.000000,0,1,0,1,1,1,0,1,0,0,5,T5_dusk_load_increase,场景5.CSV,9874.285714,20.742857,-0.753071,0.657939,6.000000,80.800000,-1.000000,6.066050
DATA,1142606,0,877.500000,1,8.517000,0.975000,8.304075,1,8.024000,0.011000,0.088264,90.600000,1,4.885000,0.456000,2.227560,67,0,-1.000000,-1.000000,0,1,0,1,1,1,0,1,0,0,5,T5_dusk_load_increase,场景5.CSV,9962.448980,20.767347,-0.748838,0.662753,6.000000,80.800000,-1.000000,6.076515
DATA,1152614,0,876.700000,1,8.519000,0.975000,8.306025,1,8.026000,0.011000,0.088286,90.650000,1,4.885000,0.456000,2.227560,67,0,-1.000000,-1.000000,0,1,0,1,1,1,0,1,0,0,5,T5_dusk_load_increase,场景5.CSV,10050.612245,20.791837,-0.744573,0.667541,6.000000,80.800000,-1.000000,6.078465
DATA,1162623,0,877.500000,1,8.520000,0.975000,8.307000,1,8.027000,0.011000,0.088297,90.675000,1,4.885000,0.456000,2.227560,67,0,-1.000000,-1.000000,0,1,0,1,1,1,0,1,0,0,5,T5_dusk_load_increase,场景5.CSV,10138.775510,20.816327,-0.740278,0.672301,6.000000,80.800000,-1.000000,6.079440
DATA,1172629,0,877.500000,1,8.520000,0.973000,8.289960,1,8.025000,0.011000,0.088275,90.625000,1,4.885000,0.456000,2.227560,67,0,-1.000000,-1.000000,0,1,0,1,1,1,0,1,0,0,5,T5_dusk_load_increase,场景5.CSV,10226.938776,20.840816,-0.735952,0.677033,6.000000,80.800000,-1.000000,6.062400
DATA,1182631,0,877.500000,1,8.521000,0.974000,8.299454,1,8.027000,0.011000,0.088297,90.675000,1,4.885000,0.456000,2.227560,67,0,-1.000000,-1.000000,0,1,0,1,1,1,0,1,0,0,5,T5_dusk_load_increase,场景5.CSV,10315.102041,20.865306,-0.731597,0.681738,6.000000,80.800000,-1.000000,6.071894
DATA,1192659,0,877.500000,1,8.520000,0.974000,8.298480,1,8.028000,0.011000,0.088308,90.700000,1,4.885000,0.456000,2.227560,67,0,-1.000000,-1.000000,0,1,0,1,1,1,0,1,0,0,5,T5_dusk_load_increase,场景5.CSV,10403.265306,20.889796,-0.727211,0.686414,6.000000,80.800000,-1.000000,6.070920
DATA,1202696,0,877.500000,1,8.520000,0.972000,8.281440,1,8.029000,0.011000,0.088319,90.725000,1,4.886000,0.456000,2.228016,67,0,-1.000000,-1.000000,0,1,0,1,1,1,0,1,0,0,5,T5_dusk_load_increase,场景5.CSV,10491.428571,20.914286,-0.722795,0.691063,6.000000,80.800000,-1.000000,6.053424
DATA,1212715,0,877.500000,1,8.523000,0.974000,8.301402,1,8.030000,0.011000,0.088330,90.750000,1,4.885000,0.456000,2.227560,67,0,-1.000000,-1.000000,0,1,0,1,1,1,0,1,0,0,5,T5_dusk_load_increase,场景5.CSV,10579.591837,20.938776,-0.718349,0.695683,6.000000,80.800000,-1.000000,6.073842
DATA,1222736,0,878.300000,1,8.521000,0.973000,8.290933,1,8.030000,0.011000,0.088330,90.750000,1,4.885000,0.456000,2.227560,67,0,-1.000000,-1.000000,0,1,0,1,1,1,0,1,0,0,5,T5_dusk_load_increase,场景5.CSV,10667.755102,20.963265,-0.713874,0.700274,6.000000,80.800000,-1.000000,6.063373
DATA,1232771,0,877.500000,1,8.520000,0.970000,8.264400,1,8.031000,0.011000,0.088341,90.775000,1,4.885000,0.456000,2.227560,67,0,-1.000000,-1.000000,0,1,0,1,1,1,0,1,0,0,5,T5_dusk_load_increase,场景5.CSV,10755.918367,20.987755,-0.709370,0.704836,6.000000,80.800000,-1.000000,6.036840
DATA,1242819,0,877.500000,1,8.522000,0.972000,8.283384,1,8.032000,0.011000,0.088352,90.800000,1,4.886000,0.456000,2.228016,67,0,-1.000000,-1.000000,0,1,0,1,1,1,0,1,0,0,5,T5_dusk_load_increase,场景5.CSV,10844.081633,21.012245,-0.704836,0.709370,6.000000,80.800000,-1.000000,6.055368
DATA,1252858,0,877.500000,1,8.522000,0.972000,8.283384,1,8.032000,0.011000,0.088352,90.800000,1,4.886000,0.456000,2.228016,67,0,-1.000000,-1.000000,0,1,0,1,1,1,0,1,0,0,5,T5_dusk_load_increase,场景5.CSV,10932.244898,21.036735,-0.700274,0.713874,6.000000,80.800000,-1.000000,6.055368
DATA,1262894,0,877.500000,1,8.523000,0.971000,8.275833,1,8.033000,0.011000,0.088363,90.825000,1,4.886000,0.456000,2.228016,67,0,-1.000000,-1.000000,0,1,0,1,1,1,0,1,0,0,5,T5_dusk_load_increase,场景5.CSV,11020.408163,21.061224,-0.695683,0.718349,6.000000,80.800000,-1.000000,6.047817
DATA,1272903,0,877.500000,1,8.523000,0.971000,8.275833,1,8.034000,0.011000,0.088374,90.850000,1,4.885000,0.456000,2.227560,67,0,-1.000000,-1.000000,0,1,0,1,1,1,0,1,0,0,5,T5_dusk_load_increase,场景5.CSV,11108.571429,21.085714,-0.691063,0.722795,6.000000,80.800000,-1.000000,6.048273
DATA,1282945,0,877.500000,1,8.524000,0.972000,8.285328,1,8.034000,0.011000,0.088374,90.850000,1,4.885000,0.456000,2.227560,67,0,-1.000000,-1.000000,0,1,0,1,1,1,0,1,0,0,5,T5_dusk_load_increase,场景5.CSV,11196.734694,21.110204,-0.686414,0.727211,6.000000,80.800000,-1.000000,6.057768
DATA,1292946,0,877.500000,1,8.523000,0.972000,8.284356,1,8.034000,0.011000,0.088374,90.850000,1,4.885000,0.456000,2.227560,67,0,-1.000000,-1.000000,0,1,0,1,1,1,0,1,0,0,5,T5_dusk_load_increase,场景5.CSV,11284.897959,21.134694,-0.681738,0.731597,6.000000,80.800000,-1.000000,6.056796
DATA,1302969,0,879.200000,1,8.524000,0.972000,8.285328,1,8.035000,0.011000,0.088385,90.875000,1,4.886000,0.456000,2.228016,67,0,-1.000000,-1.000000,0,1,0,1,1,1,0,1,0,0,5,T5_dusk_load_increase,场景5.CSV,11373.061224,21.159184,-0.677033,0.735952,6.000000,80.800000,-1.000000,6.057312
DATA,1312998,0,877.500000,1,8.527000,0.973000,8.296771,1,8.036000,0.011000,0.088396,90.900000,1,4.885000,0.456000,2.227560,67,0,-1.000000,-1.000000,0,1,0,1,1,1,0,1,0,0,5,T5_dusk_load_increase,场景5.CSV,11461.224490,21.183673,-0.672301,0.740278,6.000000,80.800000,-1.000000,6.069211
DATA,1323041,0,878.300000,1,8.525000,0.972000,8.286300,1,8.035000,0.011000,0.088385,90.875000,1,4.885000,0.456000,2.227560,67,0,-1.000000,-1.000000,0,1,0,1,1,1,0,1,0,0,5,T5_dusk_load_increase,场景5.CSV,11549.387755,21.208163,-0.667541,0.744573,6.000000,80.800000,-1.000000,6.058740
DATA,1333088,0,877.500000,1,8.527000,0.973000,8.296771,1,8.035000,0.011000,0.088385,90.875000,1,4.886000,0.456000,2.228016,67,0,-1.000000,-1.000000,0,1,0,1,1,1,0,1,0,0,5,T5_dusk_load_increase,场景5.CSV,11637.551020,21.232653,-0.662753,0.748838,6.000000,80.800000,-1.000000,6.068755
DATA,1343100,0,785.000000,1,8.036000,0.671000,5.392156,1,7.911000,0.011000,0.087021,84.437500,1,4.890000,0.456000,2.229840,67,0,-1.000000,-1.000000,0,1,0,1,1,1,0,1,0,0,5,T5_dusk_load_increase,场景5.CSV,11725.714286,21.257143,-0.657939,0.753071,6.000000,80.800000,-1.000000,3.162316
DATA,1353137,0,792.500000,1,7.875000,0.476000,3.748500,1,7.920000,0.011000,0.087120,85.000000,1,4.905000,0.457000,2.241585,67,0,-1.000000,-1.000000,0,1,0,1,1,1,0,0,0,0,5,T5_dusk_load_increase,场景5.CSV,11813.877551,21.281633,-0.653097,0.757274,6.000000,80.800000,-1.000000,1.506915
DATA,1363150,0,665.000000,1,7.845000,0.483000,3.789135,1,7.905000,0.011000,0.086955,84.062500,1,4.894000,0.457000,2.236558,67,0,-1.000000,-1.000000,0,1,0,1,1,1,0,0,0,0,5,T5_dusk_load_increase,场景5.CSV,11902.040816,21.306122,-0.648228,0.761446,6.000000,80.800000,-1.000000,1.552577
DATA,1373190,0,755.800000,1,7.110000,0.065000,0.462150,1,7.838000,0.011000,0.086218,79.875000,1,4.757000,0.430000,2.045510,67,0,-1.000000,-1.000000,0,0,1,1,1,1,0,0,0,0,5,T5_dusk_load_increase,场景5.CSV,11990.204082,21.330612,-0.643333,0.765586,6.000000,80.800000,-1.000000,-1.583360
DATA,1383211,0,814.200000,1,7.712000,0.010000,0.077120,1,7.831000,0.011000,0.086141,79.437500,1,4.738000,0.427000,2.023126,67,0,-1.000000,-1.000000,0,0,1,1,1,1,0,0,0,0,5,T5_dusk_load_increase,场景5.CSV,12078.367347,21.355102,-0.638411,0.769695,6.000000,80.800000,-1.000000,-1.946006
DATA,1393215,0,806.700000,1,7.983000,0.413000,3.296979,1,7.897000,0.011000,0.086867,83.562500,1,4.888000,0.454000,2.219152,67,0,-1.000000,-1.000000,0,1,0,1,1,1,0,0,0,0,5,T5_dusk_load_increase,场景5.CSV,12166.530612,21.379592,-0.633464,0.773773,6.000000,80.800000,-1.000000,1.077827
DATA,1403248,0,807.500000,1,8.036000,0.475000,3.817100,1,7.879000,0.011000,0.086669,82.437500,1,4.896000,0.457000,2.237472,67,0,-1.000000,-1.000000,0,1,0,1,1,1,0,1,0,0,5,T5_dusk_load_increase,场景5.CSV,12254.693878,21.404082,-0.628490,0.777818,6.000000,80.800000,-1.000000,1.579628
DATA,1413298,0,806.700000,1,8.052000,0.474000,3.816648,1,7.877000,0.011000,0.086647,82.312500,1,4.893000,0.457000,2.236101,67,0,-1.000000,-1.000000,0,1,0,1,1,1,0,1,0,0,5,T5_dusk_load_increase,场景5.CSV,12342.857143,21.428571,-0.623490,0.781831,6.000000,80.800000,-1.000000,1.580547
DATA,1423301,0,780.000000,1,7.967000,0.477000,3.800259,1,7.875000,0.011000,0.086625,82.187500,1,4.894000,0.457000,2.236558,67,0,-1.000000,-1.000000,0,1,0,1,1,1,0,1,0,0,5,T5_dusk_load_increase,场景5.CSV,12431.020408,21.453061,-0.618464,0.785813,6.000000,80.800000,-1.000000,1.563701
DATA,1433327,0,785.000000,1,7.657000,0.489000,3.744273,1,7.890000,0.011000,0.086790,83.125000,1,4.901000,0.456000,2.234856,67,0,-1.000000,-1.000000,0,1,0,1,1,1,0,0,0,0,5,T5_dusk_load_increase,场景5.CSV,12519.183673,21.477551,-0.613414,0.789762,6.000000,80.800000,-1.000000,1.509417
DATA,1443349,0,781.700000,1,7.825000,0.479000,3.748175,1,7.888000,0.011000,0.086768,83.000000,1,4.905000,0.457000,2.241585,67,0,-1.000000,-1.000000,0,1,0,1,1,1,0,0,0,0,5,T5_dusk_load_increase,场景5.CSV,12607.346939,21.502041,-0.608337,0.793678,6.000000,80.800000,-1.000000,1.506590
DATA,1453382,0,795.000000,1,7.916000,0.475000,3.760100,1,7.879000,0.011000,0.086669,82.437500,1,4.904000,0.457000,2.241128,67,0,-1.000000,-1.000000,0,1,0,1,1,1,0,1,0,0,5,T5_dusk_load_increase,场景5.CSV,12695.510204,21.526531,-0.603236,0.797562,6.000000,80.800000,-1.000000,1.518972
DATA,1463428,0,785.000000,1,7.922000,0.479000,3.794638,1,7.868000,0.011000,0.086548,81.750000,1,4.894000,0.457000,2.236558,67,0,-1.000000,-1.000000,0,1,0,1,1,1,0,1,0,0,5,T5_dusk_load_increase,场景5.CSV,12783.673469,21.551020,-0.598111,0.801414,6.000000,80.800000,-1.000000,1.558080
DATA,1473453,0,791.700000,1,7.590000,0.494000,3.749460,1,7.884000,0.011000,0.086724,82.750000,1,4.899000,0.456000,2.233944,67,0,-1.000000,-1.000000,0,1,0,1,1,1,0,0,0,0,5,T5_dusk_load_increase,场景5.CSV,12871.836735,21.575510,-0.592960,0.805232,6.000000,80.800000,-1.000000,1.515516
DATA,1483493,0,784.200000,1,7.845000,0.477000,3.742065,1,7.883000,0.011000,0.086713,82.687500,1,4.904000,0.456000,2.236224,67,0,-1.000000,-1.000000,0,1,0,1,1,1,0,0,0,0,5,T5_dusk_load_increase,场景5.CSV,12960.000000,21.600000,-0.587785,0.809017,6.000000,80.800000,-1.000000,1.505841
DATA,1493495,0,780.000000,1,7.820000,0.478000,3.737960,1,7.882000,0.011000,0.086702,82.625000,1,4.903000,0.456000,2.235768,67,0,-1.000000,-1.000000,0,1,0,1,1,1,0,0,0,0,5,T5_dusk_load_increase,场景5.CSV,13048.163265,21.624490,-0.582586,0.812769,6.000000,80.800000,-1.000000,1.502192
DATA,1503516,0,795.800000,1,7.819000,0.478000,3.737482,1,7.881000,0.011000,0.086691,82.562500,1,4.903000,0.456000,2.235768,67,0,-1.000000,-1.000000,0,1,0,1,1,1,0,0,0,0,5,T5_dusk_load_increase,场景5.CSV,13136.326531,21.648980,-0.577363,0.816487,6.000000,80.800000,-1.000000,1.501714
DATA,1513554,0,786.700000,1,7.876000,0.480000,3.780480,1,7.861000,0.011000,0.086471,81.312500,1,4.895000,0.456000,2.232120,67,0,-1.000000,-1.000000,0,1,0,1,1,1,0,1,0,0,5,T5_dusk_load_increase,场景5.CSV,13224.489796,21.673469,-0.572117,0.820172,6.000000,80.800000,-1.000000,1.548360
DATA,1523586,0,749.200000,1,7.410000,0.441000,3.267810,1,7.848000,0.011000,0.086328,80.500000,1,4.877000,0.451000,2.199527,67,0,-1.000000,-1.000000,0,0,1,1,1,1,0,0,0,0,5,T5_dusk_load_increase,场景5.CSV,13312.653061,21.697959,-0.566846,0.823823,6.000000,80.800000,-1.000000,1.068283
DATA,1533611,0,783.300000,1,7.593000,0.014000,0.106302,1,7.826000,0.011000,0.086086,79.125000,1,4.745000,0.428000,2.030860,67,0,-1.000000,-1.000000,0,1,0,1,1,1,0,0,0,0,5,T5_dusk_load_increase,场景5.CSV,13400.816327,21.722449,-0.561553,0.827441,6.000000,80.800000,-1.000000,-1.924558
DATA,1543634,0,791.700000,1,7.860000,0.477000,3.749220,1,7.871000,0.011000,0.086581,81.937500,1,4.906000,0.456000,2.237136,67,0,-1.000000,-1.000000,0,1,0,1,1,1,0,0,0,0,5,T5_dusk_load_increase,场景5.CSV,13488.979592,21.746939,-0.556236,0.831024,6.000000,80.800000,-1.000000,1.512084
DATA,1553664,0,780.000000,1,7.884000,0.479000,3.776436,1,7.851000,0.011000,0.086361,80.687500,1,4.897000,0.456000,2.233032,67,0,-1.000000,-1.000000,0,1,0,1,1,1,0,1,0,0,5,T5_dusk_load_increase,场景5.CSV,13577.142857,21.771429,-0.550897,0.834573,6.000000,80.800000,-1.000000,1.543404
DATA,1563706,0,737.500000,1,7.535000,0.500000,3.767500,1,7.867000,0.011000,0.086537,81.687500,1,4.895000,0.455000,2.227225,67,0,-1.000000,-1.000000,0,1,0,1,1,1,0,0,0,0,5,T5_dusk_load_increase,场景5.CSV,13665.306122,21.795918,-0.545535,0.838088,6.000000,80.800000,-1.000000,1.540275
DATA,1573717,0,752.500000,1,7.267000,0.000000,0.000000,1,7.794000,0.011000,0.085734,77.125000,1,4.735000,0.425000,2.012375,67,0,-1.000000,-1.000000,0,0,1,1,1,1,0,0,0,0,5,T5_dusk_load_increase,场景5.CSV,13753.469388,21.820408,-0.540150,0.841569,6.000000,80.800000,-1.000000,-2.012375
DATA,1583722,0,752.500000,1,7.351000,0.000000,0.000000,1,7.789000,0.011000,0.085679,76.812500,1,4.737000,0.426000,2.017962,67,0,-1.000000,-1.000000,0,0,1,1,1,1,0,0,0,0,5,T5_dusk_load_increase,场景5.CSV,13841.632653,21.844898,-0.534744,0.845014,6.000000,80.800000,-1.000000,-2.017962
DATA,1593737,0,781.700000,1,7.235000,0.000000,0.000000,1,7.784000,0.011000,0.085624,76.500000,1,4.736000,0.426000,2.017536,67,0,-1.000000,-1.000000,0,0,1,1,1,1,0,0,0,0,5,T5_dusk_load_increase,场景5.CSV,13929.795918,21.869388,-0.529315,0.848425,6.000000,80.800000,-1.000000,-2.017536
DATA,1603774,0,783.300000,1,7.691000,0.000000,0.000000,1,7.781000,0.011000,0.085591,76.312500,1,4.737000,0.426000,2.017962,67,0,-1.000000,-1.000000,0,0,1,1,1,1,0,0,0,0,5,T5_dusk_load_increase,场景5.CSV,14017.959184,21.893878,-0.523865,0.851802,6.000000,80.800000,-1.000000,-2.017962
DATA,1613802,0,789.200000,1,7.783000,0.483000,3.759189,1,7.850000,0.011000,0.086350,80.625000,1,4.907000,0.456000,2.237592,67,0,-1.000000,-1.000000,0,1,0,1,1,1,0,0,0,0,5,T5_dusk_load_increase,场景5.CSV,14106.122449,21.918367,-0.518393,0.855143,6.000000,80.800000,-1.000000,1.521597
DATA,1623811,0,786.700000,1,7.821000,0.480000,3.754080,1,7.851000,0.011000,0.086361,80.687500,1,4.907000,0.456000,2.237592,67,0,-1.000000,-1.000000,0,1,0,1,1,1,0,0,0,0,5,T5_dusk_load_increase,场景5.CSV,14194.285714,21.942857,-0.512899,0.858449,6.000000,80.800000,-1.000000,1.516488
DATA,1633819,0,798.300000,1,7.778000,0.482000,3.748996,1,7.851000,0.011000,0.086361,80.687500,1,4.905000,0.456000,2.236680,67,0,-1.000000,-1.000000,0,1,0,1,1,1,0,0,0,0,5,T5_dusk_load_increase,场景5.CSV,14282.448980,21.967347,-0.507385,0.861720,6.000000,80.800000,-1.000000,1.512316
DATA,1643864,0,798.300000,1,7.856000,0.480000,3.770880,1,7.834000,0.011000,0.086174,79.625000,1,4.899000,0.456000,2.233944,67,0,-1.000000,-1.000000,0,1,0,1,1,1,0,1,0,0,5,T5_dusk_load_increase,场景5.CSV,14370.612245,21.991837,-0.501850,0.864955,6.000000,80.800000,-1.000000,1.536936
DATA,1653896,0,781.700000,1,7.770000,0.485000,3.768450,1,7.850000,0.011000,0.086350,80.625000,1,4.897000,0.456000,2.233032,67,0,-1.000000,-1.000000,0,1,0,1,1,1,0,0,0,0,5,T5_dusk_load_increase,场景5.CSV,14458.775510,22.016327,-0.496294,0.868155,6.000000,80.800000,-1.000000,1.535418
DATA,1663914,0,797.500000,1,7.861000,0.476000,3.741836,1,7.845000,0.011000,0.086295,80.312500,1,4.905000,0.456000,2.236680,67,0,-1.000000,-1.000000,0,1,0,1,1,1,0,1,0,0,5,T5_dusk_load_increase,场景5.CSV,14546.938776,22.040816,-0.490718,0.871319,6.000000,80.800000,-1.000000,1.505156
DATA,1673927,0,682.500000,1,7.558000,0.497000,3.756326,1,7.849000,0.011000,0.086339,80.562500,1,4.898000,0.456000,2.233488,67,0,-1.000000,-1.000000,0,1,0,1,1,1,0,0,0,0,5,T5_dusk_load_increase,场景5.CSV,14635.102041,22.065306,-0.485121,0.874447,6.000000,80.800000,-1.000000,1.522838
DATA,1683954,0,746.700000,1,7.193000,0.000000,0.000000,1,7.775000,0.011000,0.085525,75.937500,1,4.735000,0.426000,2.017110,67,0,-1.000000,-1.000000,0,0,1,1,1,1,0,0,0,0,5,T5_dusk_load_increase,场景5.CSV,14723.265306,22.089796,-0.479505,0.877539,6.000000,80.800000,-1.000000,-2.017110
DATA,1693988,0,745.000000,1,7.483000,0.000000,0.000000,1,7.770000,0.011000,0.085470,75.625000,1,4.737000,0.426000,2.017962,67,0,-1.000000,-1.000000,0,0,1,1,1,1,0,0,0,0,5,T5_dusk_load_increase,场景5.CSV,14811.428571,22.114286,-0.473869,0.880596,6.000000,80.800000,-1.000000,-2.017962
DATA,1703990,0,735.000000,1,7.060000,0.000000,0.000000,1,7.766000,0.011000,0.085426,75.375000,1,4.737000,0.426000,2.017962,67,0,-1.000000,-1.000000,0,0,1,1,1,1,0,0,0,0,5,T5_dusk_load_increase,场景5.CSV,14899.591837,22.138776,-0.468213,0.883616,6.000000,80.800000,-1.000000,-2.017962
DATA,1714030,0,762.500000,1,7.421000,0.000000,0.000000,1,7.762000,0.011000,0.085382,75.125000,1,4.738000,0.426000,2.018388,67,0,-1.000000,-1.000000,0,0,1,1,1,1,0,0,0,0,5,T5_dusk_load_increase,场景5.CSV,14987.755102,22.163265,-0.462538,0.886599,6.000000,80.800000,-1.000000,-2.018388
DATA,1724038,0,749.200000,1,7.431000,0.000000,0.000000,1,7.742000,0.011000,0.085162,73.875000,1,4.734000,0.426000,2.016684,66,0,-1.000000,-1.000000,0,0,1,1,1,1,0,0,0,0,5,T5_dusk_load_increase,场景5.CSV,15075.918367,22.187755,-0.456844,0.889547,6.000000,80.800000,-1.000000,-2.016684
DATA,1734069,0,750.000000,1,7.472000,0.000000,0.000000,1,7.741000,0.011000,0.085151,73.812500,1,4.722000,0.426000,2.011572,66,0,-1.000000,-1.000000,0,0,1,1,1,1,0,0,0,0,5,T5_dusk_load_increase,场景5.CSV,15164.081633,22.212245,-0.451132,0.892457,6.000000,80.800000,-1.000000,-2.011572
DATA,1744069,0,766.700000,1,7.656000,0.000000,0.000000,1,7.737000,0.011000,0.085107,73.562500,1,4.723000,0.426000,2.011998,66,0,-1.000000,-1.000000,0,0,1,1,1,1,0,0,0,0,5,T5_dusk_load_increase,场景5.CSV,15252.244898,22.236735,-0.445401,0.895331,6.000000,80.800000,-1.000000,-2.011998
DATA,1754069,0,774.200000,1,7.596000,0.459000,3.486564,1,7.807000,0.011000,0.085877,77.937500,1,4.875000,0.454000,2.213250,67,0,-1.000000,-1.000000,0,1,0,1,1,1,0,0,0,0,5,T5_dusk_load_increase,场景5.CSV,15340.408163,22.261224,-0.439651,0.898169,6.000000,80.800000,-1.000000,1.273314
DATA,1764091,0,756.700000,1,7.692000,0.487000,3.746004,1,7.810000,0.011000,0.085910,78.125000,1,4.893000,0.456000,2.231208,67,0,-1.000000,-1.000000,0,1,0,1,1,1,0,0,0,0,5,T5_dusk_load_increase,场景5.CSV,15428.571429,22.285714,-0.433884,0.900969,6.000000,80.800000,-1.000000,1.514796
DATA,1774130,0,775.800000,1,7.665000,0.488000,3.740520,1,7.811000,0.011000,0.085921,78.187500,1,4.891000,0.456000,2.230296,67,0,-1.000000,-1.000000,0,1,0,1,1,1,0,0,0,0,5,T5_dusk_load_increase,场景5.CSV,15516.734694,22.310204,-0.428098,0.903732,6.000000,80.800000,-1.000000,1.510224
DATA,1784163,0,772.500000,1,7.739000,0.484000,3.745676,1,7.810000,0.011000,0.085910,78.125000,1,4.892000,0.456000,2.230752,67,0,-1.000000,-1.000000,0,1,0,1,1,1,0,0,0,0,5,T5_dusk_load_increase,场景5.CSV,15604.897959,22.334694,-0.422295,0.906458,6.000000,80.800000,-1.000000,1.514924
DATA,1794174,0,779.200000,1,7.757000,0.483000,3.746631,1,7.811000,0.011000,0.085921,78.187500,1,4.893000,0.456000,2.231208,67,0,-1.000000,-1.000000,0,1,0,1,1,1,0,0,0,0,5,T5_dusk_load_increase,场景5.CSV,15693.061224,22.359184,-0.416475,0.909147,6.000000,80.800000,-1.000000,1.515423
DATA,1804221,0,780.800000,1,7.792000,0.480000,3.740160,1,7.810000,0.011000,0.085910,78.125000,1,4.893000,0.456000,2.231208,67,0,-1.000000,-1.000000,0,1,0,1,1,1,0,0,0,0,5,T5_dusk_load_increase,场景5.CSV,15781.224490,22.383673,-0.410638,0.911799,6.000000,80.800000,-1.000000,1.508952
DATA,1814224,0,780.000000,1,7.800000,0.480000,3.744000,1,7.809000,0.011000,0.085899,78.062500,1,4.892000,0.456000,2.230752,67,0,-1.000000,-1.000000,0,1,0,1,1,1,0,0,0,0,5,T5_dusk_load_increase,场景5.CSV,15869.387755,22.408163,-0.404783,0.914413,6.000000,80.800000,-1.000000,1.513248
DATA,1824247,0,780.000000,1,7.785000,0.480000,3.736800,1,7.808000,0.011000,0.085888,78.000000,1,4.892000,0.456000,2.230752,67,0,-1.000000,-1.000000,0,1,0,1,1,1,0,0,0,0,5,T5_dusk_load_increase,场景5.CSV,15957.551020,22.432653,-0.398912,0.916989,6.000000,80.800000,-1.000000,1.506048
DATA,1834277,0,780.000000,1,7.794000,0.480000,3.741120,1,7.809000,0.011000,0.085899,78.062500,1,4.892000,0.456000,2.230752,67,0,-1.000000,-1.000000,0,1,0,1,1,1,0,0,0,0,5,T5_dusk_load_increase,场景5.CSV,16045.714286,22.457143,-0.393025,0.919528,6.000000,80.700000,-1.000000,1.510368
DATA,1844295,0,780.000000,1,7.785000,0.480000,3.736800,1,7.809000,0.011000,0.085899,78.062500,1,4.892000,0.456000,2.230752,67,0,-1.000000,-1.000000,0,1,0,1,1,1,0,0,0,0,5,T5_dusk_load_increase,场景5.CSV,16133.877551,22.481633,-0.387122,0.922029,6.000000,80.700000,-1.000000,1.506048
DATA,1854334,0,780.000000,1,7.791000,0.480000,3.739680,1,7.807000,0.011000,0.085877,77.937500,1,4.892000,0.456000,2.230752,67,0,-1.000000,-1.000000,0,1,0,1,1,1,0,0,0,0,5,T5_dusk_load_increase,场景5.CSV,16222.040816,22.506122,-0.381202,0.924492,6.000000,80.700000,-1.000000,1.508928
DATA,1864340,0,780.000000,1,7.786000,0.480000,3.737280,1,7.807000,0.011000,0.085877,77.937500,1,4.892000,0.456000,2.230752,67,0,-1.000000,-1.000000,0,1,0,1,1,1,0,0,0,0,5,T5_dusk_load_increase,场景5.CSV,16310.204082,22.530612,-0.375267,0.926917,6.000000,80.700000,-1.000000,1.506528
DATA,1874351,0,780.000000,1,7.779000,0.481000,3.741699,1,7.806000,0.011000,0.085866,77.875000,1,4.892000,0.456000,2.230752,67,0,-1.000000,-1.000000,0,1,0,1,1,1,0,0,0,0,5,T5_dusk_load_increase,场景5.CSV,16398.367347,22.555102,-0.369316,0.929304,6.000000,80.700000,-1.000000,1.510947
DATA,1884360,0,780.800000,1,7.783000,0.480000,3.735840,1,7.805000,0.011000,0.085855,77.812500,1,4.892000,0.456000,2.230752,67,0,-1.000000,-1.000000,0,1,0,1,1,1,0,0,0,0,5,T5_dusk_load_increase,场景5.CSV,16486.530612,22.579592,-0.363351,0.931652,6.000000,80.700000,-1.000000,1.505088
DATA,1894403,0,780.000000,1,7.779000,0.481000,3.741699,1,7.804000,0.011000,0.085844,77.750000,1,4.892000,0.456000,2.230752,67,0,-1.000000,-1.000000,0,1,0,1,1,1,0,0,0,0,5,T5_dusk_load_increase,场景5.CSV,16574.693878,22.604082,-0.357370,0.933963,6.000000,80.700000,-1.000000,1.510947
DATA,1904422,0,780.000000,1,7.770000,0.481000,3.737370,1,7.803000,0.011000,0.085833,77.687500,1,4.892000,0.456000,2.230752,67,0,-1.000000,-1.000000,0,1,0,1,1,1,0,0,0,0,5,T5_dusk_load_increase,场景5.CSV,16662.857143,22.628571,-0.351375,0.936235,6.000000,80.700000,-1.000000,1.506618
DATA,1914431,0,780.000000,1,7.771000,0.481000,3.737851,1,7.802000,0.011000,0.085822,77.625000,1,4.892000,0.456000,2.230752,67,0,-1.000000,-1.000000,0,1,0,1,1,1,0,0,0,0,5,T5_dusk_load_increase,场景5.CSV,16751.020408,22.653061,-0.345365,0.938468,6.000000,80.700000,-1.000000,1.507099
DATA,1924479,0,780.000000,1,7.794000,0.480000,3.741120,1,7.800000,0.011000,0.085800,77.500000,1,4.892000,0.456000,2.230752,67,0,-1.000000,-1.000000,0,1,0,1,1,1,0,0,0,0,5,T5_dusk_load_increase,场景5.CSV,16839.183673,22.677551,-0.339341,0.940663,6.000000,80.700000,-1.000000,1.510368
DATA,1934518,0,707.500000,1,7.719000,0.484000,3.735996,1,7.800000,0.011000,0.085800,77.500000,1,4.891000,0.456000,2.230296,67,0,-1.000000,-1.000000,0,1,0,1,1,1,0,0,0,0,5,T5_dusk_load_increase,场景5.CSV,16927.346939,22.702041,-0.333303,0.942820,6.000000,80.700000,-1.000000,1.505700
DATA,1944540,0,728.300000,1,7.156000,0.000000,0.000000,1,7.725000,0.011000,0.084975,72.812500,1,4.719000,0.426000,2.010294,66,0,-1.000000,-1.000000,0,0,1,1,1,1,0,0,0,0,5,T5_dusk_load_increase,场景5.CSV,17015.510204,22.726531,-0.327252,0.944937,6.000000,80.700000,-1.000000,-2.010294
DATA,1954554,0,727.500000,1,7.263000,0.000000,0.000000,1,7.719000,0.011000,0.084909,72.437500,1,4.721000,0.426000,2.011146,66,0,-1.000000,-1.000000,0,0,1,1,1,1,0,0,0,0,5,T5_dusk_load_increase,场景5.CSV,17103.673469,22.751020,-0.321186,0.947016,6.000000,80.700000,-1.000000,-2.011146
DATA,1964554,0,728.300000,1,7.260000,0.000000,0.000000,1,7.715000,0.011000,0.084865,72.187500,1,4.716000,0.426000,2.009016,66,0,-1.000000,-1.000000,0,0,1,1,1,1,0,0,0,0,5,T5_dusk_load_increase,场景5.CSV,17191.836735,22.775510,-0.315108,0.949056,6.000000,80.700000,-1.000000,-2.009016
DATA,1974555,0,728.300000,1,7.265000,0.000000,0.000000,1,7.711000,0.011000,0.084821,71.937500,1,4.723000,0.426000,2.011998,66,0,-1.000000,-1.000000,0,0,1,1,1,1,0,0,0,0,5,T5_dusk_load_increase,场景5.CSV,17280.000000,22.800000,-0.309017,0.951057,6.000000,80.700000,-1.000000,-2.011998
DATA,1984577,0,710.800000,1,7.199000,0.000000,0.000000,1,7.709000,0.011000,0.084799,71.812500,1,4.724000,0.426000,2.012424,66,0,-1.000000,-1.000000,0,0,1,1,1,1,0,0,0,0,5,T5_dusk_load_increase,场景5.CSV,17368.163265,22.824490,-0.302913,0.953018,6.000000,80.700000,-1.000000,-2.012424
DATA,1994581,0,640.800000,1,6.668000,0.000000,0.000000,1,7.706000,0.011000,0.084766,71.625000,1,4.724000,0.426000,2.012424,66,0,-1.000000,-1.000000,0,0,1,1,1,1,0,0,0,0,5,T5_dusk_load_increase,场景5.CSV,17456.326531,22.848980,-0.296797,0.954941,6.000000,80.700000,-1.000000,-2.012424
DATA,2004608,0,642.500000,1,6.457000,0.011000,0.071027,1,7.703000,0.011000,0.084733,71.437500,1,4.720000,0.426000,2.010720,66,0,-1.000000,-1.000000,0,0,1,1,1,1,0,0,0,0,5,T5_dusk_load_increase,场景5.CSV,17544.489796,22.873469,-0.290668,0.956824,6.000000,80.700000,-1.000000,-1.939693
DATA,2014640,0,641.700000,1,6.364000,0.006000,0.038184,1,7.701000,0.011000,0.084711,71.312500,1,4.720000,0.426000,2.010720,66,0,-1.000000,-1.000000,0,0,1,1,1,1,0,0,0,0,5,T5_dusk_load_increase,场景5.CSV,17632.653061,22.897959,-0.284528,0.958668,6.000000,80.700000,-1.000000,-1.972536
DATA,2024676,0,653.300000,1,6.529000,0.000000,0.000000,1,7.699000,0.011000,0.084689,71.187500,1,4.725000,0.426000,2.012850,66,0,-1.000000,-1.000000,0,0,1,1,1,1,0,0,0,0,5,T5_dusk_load_increase,场景5.CSV,17720.816327,22.922449,-0.278375,0.960472,6.000000,80.700000,-1.000000,-2.012850
DATA,2034691,0,600.000000,1,6.284000,0.000000,0.000000,1,7.696000,0.011000,0.084656,71.000000,1,4.725000,0.426000,2.012850,66,0,-1.000000,-1.000000,0,0,1,1,1,1,0,0,0,0,5,T5_dusk_load_increase,场景5.CSV,17808.979592,22.946939,-0.272212,0.962237,6.000000,80.700000,-1.000000,-2.012850
DATA,2044695,0,619.200000,1,6.235000,0.013000,0.081055,1,7.693000,0.011000,0.084623,70.812500,1,4.725000,0.426000,2.012850,66,0,-1.000000,-1.000000,0,0,1,1,1,1,0,0,0,0,5,T5_dusk_load_increase,场景5.CSV,17897.142857,22.971429,-0.266037,0.963963,6.000000,80.700000,-1.000000,-1.931795
DATA,2054713,0,629.200000,1,6.260000,0.013000,0.081380,1,7.690000,0.011000,0.084590,70.625000,1,4.717000,0.426000,2.009442,66,0,-1.000000,-1.000000,0,0,1,1,1,1,0,0,0,0,5,T5_dusk_load_increase,场景5.CSV,17985.306122,22.995918,-0.259851,0.965649,6.000000,80.700000,-1.000000,-1.928062
DATA,2064757,0,629.200000,1,6.305000,0.000000,0.000000,1,7.689000,0.011000,0.084579,70.562500,1,4.726000,0.426000,2.013276,66,0,-1.000000,-1.000000,0,0,1,1,1,1,0,0,0,0,5,T5_dusk_load_increase,场景5.CSV,18073.469388,23.020408,-0.253655,0.967295,6.000000,80.700000,-1.000000,-2.013276
DATA,2074780,0,629.200000,1,6.305000,0.000000,0.000000,1,7.688000,0.011000,0.084568,70.500000,1,4.726000,0.426000,2.013276,66,0,-1.000000,-1.000000,0,0,1,1,1,1,0,0,0,0,5,T5_dusk_load_increase,场景5.CSV,18161.632653,23.044898,-0.247448,0.968901,6.000000,80.700000,-1.000000,-2.013276
DATA,2084804,0,629.200000,1,6.292000,0.000000,0.000000,1,7.685000,0.011000,0.084535,70.312500,1,4.726000,0.426000,2.013276,66,0,-1.000000,-1.000000,0,0,1,1,1,1,0,0,0,0,5,T5_dusk_load_increase,场景5.CSV,18249.795918,23.069388,-0.241231,0.970468,6.000000,80.700000,-1.000000,-2.013276
DATA,2094812,0,629.200000,1,6.299000,0.013000,0.081887,1,7.684000,0.011000,0.084524,70.250000,1,4.727000,0.426000,2.013702,66,0,-1.000000,-1.000000,0,0,1,1,1,1,0,0,0,0,5,T5_dusk_load_increase,场景5.CSV,18337.959184,23.093878,-0.235004,0.971994,6.000000,80.700000,-1.000000,-1.931815
DATA,2104837,0,629.200000,1,6.297000,0.000000,0.000000,1,7.682000,0.011000,0.084502,70.125000,1,4.727000,0.426000,2.013702,66,0,-1.000000,-1.000000,0,0,1,1,1,1,0,0,0,0,5,T5_dusk_load_increase,场景5.CSV,18426.122449,23.118367,-0.228767,0.973481,6.000000,80.700000,-1.000000,-2.013702
DATA,2114878,0,629.200000,1,6.297000,0.000000,0.000000,1,7.680000,0.011000,0.084480,70.000000,1,4.727000,0.426000,2.013702,66,0,-1.000000,-1.000000,0,0,1,1,1,1,0,0,0,0,5,T5_dusk_load_increase,场景5.CSV,18514.285714,23.142857,-0.222521,0.974928,6.000000,80.700000,-1.000000,-2.013702
DATA,2124890,0,628.300000,1,6.298000,0.000000,0.000000,1,7.678000,0.011000,0.084458,69.875000,1,4.727000,0.426000,2.013702,66,0,-1.000000,-1.000000,0,0,1,1,1,1,0,0,0,0,5,T5_dusk_load_increase,场景5.CSV,18602.448980,23.167347,-0.216266,0.976335,6.000000,80.700000,-1.000000,-2.013702
DATA,2134936,0,628.300000,1,6.293000,0.000000,0.000000,1,7.677000,0.011000,0.084447,69.812500,1,4.728000,0.426000,2.014128,66,0,-1.000000,-1.000000,0,0,1,1,1,1,0,0,0,0,5,T5_dusk_load_increase,场景5.CSV,18690.612245,23.191837,-0.210002,0.977701,6.000000,80.700000,-1.000000,-2.014128
DATA,2144966,0,550.000000,1,6.236000,0.013000,0.081068,1,7.675000,0.011000,0.084425,69.687500,1,4.723000,0.426000,2.011998,66,0,-1.000000,-1.000000,0,0,1,1,1,1,0,0,0,0,5,T5_dusk_load_increase,场景5.CSV,18778.775510,23.216327,-0.203729,0.979027,6.000000,80.700000,-1.000000,-1.930930
DATA,2154981,0,499.200000,1,5.158000,0.000000,0.000000,1,7.673000,0.011000,0.084403,69.562500,1,4.728000,0.426000,2.014128,66,0,-1.000000,-1.000000,0,0,1,1,1,1,0,0,0,0,5,T5_dusk_load_increase,场景5.CSV,18866.938776,23.240816,-0.197448,0.980313,6.000000,80.700000,-1.000000,-2.014128
DATA,2165009,0,501.700000,1,5.063000,0.000000,0.000000,1,7.672000,0.011000,0.084392,69.500000,1,4.728000,0.426000,2.014128,66,0,-1.000000,-1.000000,0,0,1,1,1,1,0,0,0,0,5,T5_dusk_load_increase,场景5.CSV,18955.102041,23.265306,-0.191159,0.981559,6.000000,80.700000,-1.000000,-2.014128
DATA,2175058,0,500.800000,1,5.063000,0.000000,0.000000,1,7.669000,0.011000,0.084359,69.312500,1,4.728000,0.426000,2.014128,66,0,-1.000000,-1.000000,0,0,1,1,1,1,0,0,0,0,5,T5_dusk_load_increase,场景5.CSV,19043.265306,23.289796,-0.184862,0.982765,6.000000,80.700000,-1.000000,-2.014128
DATA,2185074,0,500.800000,1,5.064000,0.000000,0.000000,1,7.668000,0.011000,0.084348,69.250000,1,4.728000,0.426000,2.014128,66,0,-1.000000,-1.000000,0,0,1,1,1,1,0,0,0,0,5,T5_dusk_load_increase,场景5.CSV,19131.428571,23.314286,-0.178557,0.983930,6.000000,80.700000,-1.000000,-2.014128
DATA,2195075,0,500.800000,1,5.063000,0.000000,0.000000,1,7.666000,0.011000,0.084326,69.125000,1,4.728000,0.426000,2.014128,66,0,-1.000000,-1.000000,0,0,1,1,1,1,0,0,0,0,5,T5_dusk_load_increase,场景5.CSV,19219.591837,23.338776,-0.172245,0.985054,6.000000,80.700000,-1.000000,-2.014128
DATA,2205111,0,489.200000,1,5.000000,0.000000,0.000000,1,7.664000,0.011000,0.084304,69.000000,1,4.728000,0.426000,2.014128,66,0,-1.000000,-1.000000,0,0,1,1,1,1,0,0,0,0,5,T5_dusk_load_increase,场景5.CSV,19307.755102,23.363265,-0.165926,0.986138,6.000000,80.700000,-1.000000,-2.014128
DATA,2215116,0,500.800000,1,5.061000,0.000000,0.000000,1,7.662000,0.011000,0.084282,68.875000,1,4.728000,0.426000,2.014128,66,0,-1.000000,-1.000000,0,0,1,1,1,1,0,0,0,0,5,T5_dusk_load_increase,场景5.CSV,19395.918367,23.387755,-0.159600,0.987182,6.000000,80.700000,-1.000000,-2.014128
DATA,2225118,0,500.800000,1,5.063000,0.000000,0.000000,1,7.661000,0.011000,0.084271,68.812500,1,4.729000,0.426000,2.014554,66,0,-1.000000,-1.000000,0,0,1,1,1,1,0,0,0,0,5,T5_dusk_load_increase,场景5.CSV,19484.081633,23.412245,-0.153267,0.988185,6.000000,80.700000,-1.000000,-2.014554
DATA,2235128,0,500.800000,1,5.060000,0.000000,0.000000,1,7.659000,0.011000,0.084249,68.687500,1,4.728000,0.426000,2.014128,66,0,-1.000000,-1.000000,0,0,1,1,1,1,0,0,0,0,5,T5_dusk_load_increase,场景5.CSV,19572.244898,23.436735,-0.146929,0.989147,6.000000,80.700000,-1.000000,-2.014128
DATA,2245133,0,500.800000,1,5.058000,0.000000,0.000000,1,7.658000,0.011000,0.084238,68.625000,1,4.728000,0.426000,2.014128,66,0,-1.000000,-1.000000,0,0,1,1,1,1,0,0,0,0,5,T5_dusk_load_increase,场景5.CSV,19660.408163,23.461224,-0.140584,0.990069,6.000000,80.700000,-1.000000,-2.014128
DATA,2255152,0,500.800000,1,5.063000,0.000000,0.000000,1,7.656000,0.011000,0.084216,68.500000,1,4.729000,0.427000,2.019283,66,0,-1.000000,-1.000000,0,0,1,1,1,1,0,0,0,0,5,T5_dusk_load_increase,场景5.CSV,19748.571429,23.485714,-0.134233,0.990950,6.000000,80.700000,-1.000000,-2.019283
DATA,2265201,0,501.700000,1,5.050000,0.000000,0.000000,1,7.652000,0.011000,0.084172,68.250000,1,4.726000,0.426000,2.013276,66,0,-1.000000,-1.000000,0,0,1,1,1,1,0,0,0,0,5,T5_dusk_load_increase,场景5.CSV,19836.734694,23.510204,-0.127877,0.991790,6.000000,80.700000,-1.000000,-2.013276
DATA,2275250,0,500.800000,1,5.063000,0.000000,0.000000,1,7.652000,0.011000,0.084172,68.250000,1,4.728000,0.427000,2.018856,66,0,-1.000000,-1.000000,0,0,1,1,1,1,0,0,0,0,5,T5_dusk_load_increase,场景5.CSV,19924.897959,23.534694,-0.121516,0.992589,6.000000,80.700000,-1.000000,-2.018856
DATA,2285254,0,500.800000,1,5.062000,0.000000,0.000000,1,7.651000,0.011000,0.084161,68.187500,1,4.728000,0.426000,2.014128,66,0,-1.000000,-1.000000,0,0,1,1,1,1,0,0,0,0,5,T5_dusk_load_increase,场景5.CSV,20013.061224,23.559184,-0.115149,0.993348,6.000000,80.700000,-1.000000,-2.014128
DATA,2295305,0,500.800000,1,5.066000,0.000000,0.000000,1,7.649000,0.011000,0.084139,68.062500,1,4.728000,0.426000,2.014128,66,0,-1.000000,-1.000000,0,0,1,1,1,1,0,0,0,0,5,T5_dusk_load_increase,场景5.CSV,20101.224490,23.583673,-0.108778,0.994066,6.000000,80.700000,-1.000000,-2.014128
DATA,2305314,0,358.300000,1,4.691000,0.000000,0.000000,1,7.648000,0.011000,0.084128,68.000000,1,4.728000,0.426000,2.014128,66,0,-1.000000,-1.000000,0,0,1,1,1,1,0,0,0,0,5,T5_dusk_load_increase,场景5.CSV,20189.387755,23.608163,-0.102403,0.994743,6.000000,80.700000,-1.000000,-2.014128
DATA,2315352,0,341.700000,1,3.472000,0.000000,0.000000,1,7.646000,0.011000,0.084106,67.875000,1,4.728000,0.426000,2.014128,66,0,-1.000000,-1.000000,0,0,1,1,1,1,0,0,0,0,5,T5_dusk_load_increase,场景5.CSV,20277.551020,23.632653,-0.096023,0.995379,6.000000,80.700000,-1.000000,-2.014128
DATA,2325356,0,341.700000,1,3.532000,0.000000,0.000000,1,7.645000,0.011000,0.084095,67.812500,1,4.728000,0.426000,2.014128,66,0,-1.000000,-1.000000,0,0,1,1,1,1,0,0,0,0,5,T5_dusk_load_increase,场景5.CSV,20365.714286,23.657143,-0.089639,0.995974,6.000000,80.700000,-1.000000,-2.014128
DATA,2335359,0,341.700000,1,3.535000,0.000000,0.000000,1,7.643000,0.011000,0.084073,67.687500,1,4.727000,0.426000,2.013702,66,0,-1.000000,-1.000000,0,0,1,1,1,1,0,0,0,0,5,T5_dusk_load_increase,场景5.CSV,20453.877551,23.681633,-0.083252,0.996529,6.000000,80.700000,-1.000000,-2.013702
DATA,2345403,0,341.700000,1,3.529000,0.000000,0.000000,1,7.641000,0.011000,0.084051,67.562500,1,4.728000,0.426000,2.014128,66,0,-1.000000,-1.000000,0,0,1,1,1,1,0,0,0,0,5,T5_dusk_load_increase,场景5.CSV,20542.040816,23.706122,-0.076861,0.997042,6.000000,80.700000,-1.000000,-2.014128
DATA,2355443,0,341.700000,1,3.528000,0.000000,0.000000,1,7.639000,0.011000,0.084029,67.437500,1,4.729000,0.426000,2.014554,66,0,-1.000000,-1.000000,0,0,1,1,1,1,0,0,0,0,5,T5_dusk_load_increase,场景5.CSV,20630.204082,23.730612,-0.070467,0.997514,6.000000,80.700000,-1.000000,-2.014554
DATA,2365449,0,341.700000,1,3.532000,0.000000,0.000000,1,7.638000,0.011000,0.084018,67.375000,1,4.729000,0.426000,2.014554,66,0,-1.000000,-1.000000,0,0,1,1,1,1,0,0,0,0,5,T5_dusk_load_increase,场景5.CSV,20718.367347,23.755102,-0.064070,0.997945,6.000000,80.700000,-1.000000,-2.014554
DATA,2375457,0,341.700000,1,3.531000,0.000000,0.000000,1,7.636000,0.011000,0.083996,67.250000,1,4.728000,0.426000,2.014128,66,0,-1.000000,-1.000000,0,0,1,1,1,1,0,0,0,0,5,T5_dusk_load_increase,场景5.CSV,20806.530612,23.779592,-0.057671,0.998336,6.000000,80.700000,-1.000000,-2.014128
DATA,2385502,0,341.700000,1,3.543000,0.000000,0.000000,1,7.633000,0.011000,0.083963,67.062500,1,4.727000,0.426000,2.013702,66,0,-1.000000,-1.000000,0,0,1,1,1,1,0,0,0,0,5,T5_dusk_load_increase,场景5.CSV,20894.693878,23.804082,-0.051269,0.998685,6.000000,80.700000,-1.000000,-2.013702
DATA,2395545,0,213.300000,1,3.116000,0.000000,0.000000,1,7.631000,0.011000,0.083941,66.937500,1,4.727000,0.426000,2.013702,66,0,-1.000000,-1.000000,0,0,1,1,1,1,0,0,0,0,5,T5_dusk_load_increase,场景5.CSV,20982.857143,23.828571,-0.044865,0.998993,6.000000,80.700000,-1.000000,-2.013702
DATA,2405557,0,225.800000,1,2.438000,0.000000,0.000000,1,7.610000,0.011000,0.083710,65.625000,1,4.722000,0.429000,2.025738,66,0,-1.000000,-1.000000,0,0,1,1,1,1,1,0,0,0,5,T5_dusk_load_increase,场景5.CSV,21071.020408,23.853061,-0.038459,0.999260,6.000000,80.700000,-1.000000,-2.025738
DATA,2415572,0,222.500000,1,2.294000,0.000000,0.000000,1,7.750000,0.011000,0.085250,74.375000,1,3.123000,0.321000,1.002483,66,0,-1.000000,-1.000000,0,0,1,1,1,1,1,0,0,0,5,T5_dusk_load_increase,场景5.CSV,21159.183673,23.877551,-0.032052,0.999486,6.000000,71.000000,-1.000000,-1.002483
DATA,2425596,0,34.200000,1,1.389000,0.000000,0.000000,1,7.763000,0.011000,0.085393,75.187500,1,1.771000,0.001000,0.001771,66,0,-1.000000,-1.000000,0,0,1,1,1,1,0,0,0,0,5,T5_dusk_load_increase,场景5.CSV,21247.346939,23.902041,-0.025643,0.999671,6.000000,71.000000,-1.000000,-0.001771
DATA,2435641,0,38.300000,1,0.646000,0.000000,0.000000,1,7.636000,0.011000,0.083996,67.250000,1,3.188000,0.215000,0.685420,66,0,-1.000000,-1.000000,0,0,1,1,1,1,0,0,0,0,5,T5_dusk_load_increase,场景5.CSV,21335.510204,23.926531,-0.019233,0.999815,6.000000,71.000000,-1.000000,-0.685420
DATA,2445659,0,64.200000,1,0.627000,0.000000,0.000000,1,7.632000,0.011000,0.083952,67.000000,1,4.723000,0.426000,2.011998,66,0,-1.000000,-1.000000,0,0,1,1,1,1,0,0,0,0,5,T5_dusk_load_increase,场景5.CSV,21423.673469,23.951020,-0.012822,0.999918,6.000000,71.000000,-1.000000,-2.011998
DATA,2455661,0,65.000000,1,0.627000,0.000000,0.000000,1,7.630000,0.011000,0.083930,66.875000,1,4.725000,0.426000,2.012850,66,0,-1.000000,-1.000000,0,0,1,1,1,1,0,0,0,0,5,T5_dusk_load_increase,场景5.CSV,21511.836735,23.975510,-0.006411,0.999979,6.000000,71.000000,-1.000000,-2.012850
DATA,2465669,0,65.000000,1,0.627000,0.000000,0.000000,1,7.628000,0.011000,0.083908,66.750000,1,4.726000,0.425000,2.008550,66,0,-1.000000,-1.000000,0,0,1,1,1,1,0,0,0,0,5,T5_dusk_load_increase,场景5.CSV,21600.000000,0.000000,0.000000,1.000000,6.000000,71.000000,-1.000000,-2.008550
DATA,40101,0,29.200000,1,0.970000,0.000000,0.000000,1,6.512000,0.011000,0.071632,0.800000,1,4.848000,0.192000,0.930816,64,1,3.658000,6.200000,0,0,0,1,0,0,0,0,0,1,6,T6_low_home_v2h,场景6.CSV,197.560976,0.054878,0.014367,0.999897,1.500000,14.000000,6.200000,-0.930816
DATA,50138,0,49.200000,1,0.959000,0.000000,0.000000,1,6.507000,0.011000,0.071577,0.466667,1,4.851000,0.192000,0.931392,64,1,3.666000,6.200000,5,0,0,1,0,0,0,0,0,1,6,T6_low_home_v2h,场景6.CSV,263.414634,0.073171,0.019155,0.999817,1.500000,14.000000,6.200000,-0.931392
DATA,60159,0,45.800000,1,0.957000,0.000000,0.000000,1,6.502000,0.011000,0.071522,0.133333,1,4.851000,0.192000,0.931392,64,1,3.666000,6.200000,0,0,0,1,0,0,0,0,0,1,6,T6_low_home_v2h,场景6.CSV,329.268293,0.091463,0.023943,0.999713,1.500000,14.000000,6.200000,-0.931392
DATA,70198,0,45.000000,1,0.967000,0.000000,0.000000,1,6.498000,0.011000,0.071478,0.000000,1,4.849000,0.192000,0.931008,64,1,3.665000,6.200000,0,0,0,1,0,0,0,0,0,1,6,T6_low_home_v2h,场景6.CSV,395.121951,0.109756,0.028730,0.999587,1.500000,14.000000,6.200000,-0.931008
DATA,80233,0,53.300000,1,0.965000,0.000000,0.000000,1,6.492000,0.011000,0.071412,0.000000,1,4.849000,0.193000,0.935857,64,1,3.665000,6.200000,0,0,0,1,0,0,0,0,0,1,6,T6_low_home_v2h,场景6.CSV,460.975610,0.128049,0.033517,0.999438,1.500000,14.000000,6.200000,-0.935857
DATA,90273,0,52.500000,1,0.962000,0.000000,0.000000,1,6.488000,0.011000,0.071368,0.000000,1,4.852000,0.193000,0.936436,64,1,3.665000,6.200000,0,0,0,1,0,0,0,0,0,1,6,T6_low_home_v2h,场景6.CSV,526.829268,0.146341,0.038303,0.999266,1.500000,14.000000,6.200000,-0.936436
DATA,100307,0,48.300000,1,0.961000,0.000000,0.000000,1,6.483000,0.011000,0.071313,0.000000,1,4.852000,0.193000,0.936436,64,1,3.665000,6.200000,0,0,0,1,0,0,0,0,0,1,6,T6_low_home_v2h,场景6.CSV,592.682927,0.164634,0.043088,0.999071,1.500000,14.000000,6.200000,-0.936436
DATA,110343,0,60.800000,1,0.965000,0.000000,0.000000,1,6.477000,0.011000,0.071247,0.000000,1,4.851000,0.193000,0.936243,64,1,3.665000,6.200000,0,0,0,1,0,0,0,0,0,1,6,T6_low_home_v2h,场景6.CSV,658.536585,0.182927,0.047872,0.998853,1.500000,14.000000,6.200000,-0.936243
DATA,120365,0,64.200000,1,0.966000,0.000000,0.000000,1,6.473000,0.011000,0.071203,0.000000,1,4.850000,0.193000,0.936050,64,1,3.665000,6.200000,0,0,0,1,0,0,0,0,0,1,6,T6_low_home_v2h,场景6.CSV,724.390244,0.201220,0.052655,0.998613,1.500000,14.000000,6.200000,-0.936050
DATA,130367,0,64.200000,1,0.961000,0.000000,0.000000,1,6.468000,0.011000,0.071148,0.000000,1,4.852000,0.193000,0.936436,64,1,3.665000,6.200000,0,0,0,1,0,0,0,0,0,1,6,T6_low_home_v2h,场景6.CSV,790.243902,0.219512,0.057437,0.998349,1.500000,14.000000,6.200000,-0.936436
DATA,140407,0,64.200000,1,0.965000,0.000000,0.000000,1,6.462000,0.011000,0.071082,0.000000,1,4.851000,0.193000,0.936243,64,1,3.665000,6.200000,0,0,0,1,0,0,0,0,0,1,6,T6_low_home_v2h,场景6.CSV,856.097561,0.237805,0.062217,0.998063,1.500000,14.000000,6.200000,-0.936243
DATA,150435,0,64.200000,1,0.972000,0.000000,0.000000,1,6.458000,0.011000,0.071038,0.000000,1,4.849000,0.193000,0.935857,64,1,3.664000,6.200000,0,0,0,1,0,0,0,0,0,1,6,T6_low_home_v2h,场景6.CSV,921.951220,0.256098,0.066996,0.997753,1.500000,14.000000,6.200000,-0.935857
DATA,160483,0,63.300000,1,0.965000,0.000000,0.000000,1,6.453000,0.011000,0.070983,0.000000,1,4.851000,0.193000,0.936243,64,1,3.662000,6.200000,0,0,0,1,0,0,0,0,0,1,6,T6_low_home_v2h,场景6.CSV,987.804878,0.274390,0.071773,0.997421,1.500000,14.000000,6.200000,-0.936243
DATA,170532,0,63.300000,1,0.961000,0.000000,0.000000,1,6.448000,0.011000,0.070928,0.000000,1,4.853000,0.193000,0.936629,64,1,3.662000,6.200000,0,0,0,1,0,0,0,0,0,1,6,T6_low_home_v2h,场景6.CSV,1053.658537,0.292683,0.076549,0.997066,1.500000,14.000000,6.200000,-0.936629
DATA,180556,0,64.200000,1,0.963000,0.000000,0.000000,1,6.442000,0.011000,0.070862,0.000000,1,4.852000,0.193000,0.936436,63,1,3.664000,6.200000,0,0,0,1,0,0,0,0,0,1,6,T6_low_home_v2h,场景6.CSV,1119.512195,0.310976,0.081323,0.996688,1.500000,14.000000,6.200000,-0.936436
DATA,190593,0,64.200000,1,0.972000,0.000000,0.000000,1,6.435000,0.011000,0.070785,0.000000,1,4.850000,0.194000,0.940900,64,1,3.662000,6.200000,0,0,0,1,0,0,0,0,0,1,6,T6_low_home_v2h,场景6.CSV,1185.365854,0.329268,0.086096,0.996287,1.500000,14.000000,6.200000,-0.940900
DATA,200635,0,64.200000,1,0.980000,0.000000,0.000000,1,6.429000,0.011000,0.070719,0.000000,1,4.848000,0.194000,0.940512,64,1,3.662000,6.200000,0,0,0,1,0,0,0,0,0,1,6,T6_low_home_v2h,场景6.CSV,1251.219512,0.347561,0.090866,0.995863,1.500000,14.000000,6.200000,-0.940512
DATA,210645,0,64.200000,1,0.974000,0.000000,0.000000,1,6.423000,0.011000,0.070653,0.000000,1,4.851000,0.194000,0.941094,64,1,3.662000,6.200000,0,0,0,1,0,0,0,0,0,1,6,T6_low_home_v2h,场景6.CSV,1317.073171,0.365854,0.095634,0.995417,1.500000,14.000000,6.200000,-0.941094
DATA,220654,0,64.200000,1,0.978000,0.000000,0.000000,1,6.417000,0.011000,0.070587,0.000000,1,4.850000,0.194000,0.940900,63,1,3.662000,6.200000,0,0,0,1,0,0,0,0,0,1,6,T6_low_home_v2h,场景6.CSV,1382.926829,0.384146,0.100400,0.994947,1.500000,14.000000,6.200000,-0.940900
DATA,230677,0,64.200000,1,0.975000,0.000000,0.000000,1,6.412000,0.011000,0.070532,0.000000,1,4.851000,0.194000,0.941094,63,1,3.662000,6.200000,0,0,0,1,0,0,0,0,0,1,6,T6_low_home_v2h,场景6.CSV,1448.780488,0.402439,0.105163,0.994455,1.500000,14.000000,6.200000,-0.941094
DATA,240697,0,64.200000,1,0.980000,0.000000,0.000000,1,6.409000,0.011000,0.070499,0.000000,1,4.849000,0.194000,0.940706,63,1,3.662000,6.200000,0,0,0,1,0,0,0,0,0,1,6,T6_low_home_v2h,场景6.CSV,1514.634146,0.420732,0.109925,0.993940,1.500000,14.000000,6.200000,-0.940706
DATA,250704,0,64.200000,1,0.976000,0.000000,0.000000,1,6.403000,0.011000,0.070433,0.000000,1,4.851000,0.194000,0.941094,63,1,3.661000,6.200000,0,0,0,1,0,0,0,0,0,1,6,T6_low_home_v2h,场景6.CSV,1580.487805,0.439024,0.114683,0.993402,1.500000,14.000000,6.200000,-0.941094
DATA,260721,0,64.200000,1,0.977000,0.000000,0.000000,1,6.397000,0.011000,0.070367,0.000000,1,4.851000,0.194000,0.941094,63,1,3.661000,6.200000,0,0,0,1,0,0,0,0,0,1,6,T6_low_home_v2h,场景6.CSV,1646.341463,0.457317,0.119440,0.992841,1.500000,14.000000,6.200000,-0.941094
DATA,270770,0,64.200000,1,0.975000,0.000000,0.000000,1,6.392000,0.011000,0.070312,0.000000,1,4.852000,0.194000,0.941288,63,1,3.661000,6.200000,0,0,0,1,0,0,0,0,0,1,6,T6_low_home_v2h,场景6.CSV,1712.195122,0.475610,0.124193,0.992258,1.500000,14.000000,6.200000,-0.941288
DATA,280806,0,65.000000,1,0.982000,0.000000,0.000000,1,6.384000,0.011000,0.070224,0.000000,1,4.849000,0.194000,0.940706,63,1,3.661000,6.200000,0,0,0,1,0,0,0,0,0,1,6,T6_low_home_v2h,场景6.CSV,1778.048780,0.493902,0.128943,0.991652,1.500000,14.000000,6.200000,-0.940706
DATA,290816,0,64.200000,1,0.980000,0.000000,0.000000,1,6.379000,0.011000,0.070169,0.000000,1,4.851000,0.194000,0.941094,63,1,3.661000,6.200000,0,0,0,1,0,0,0,0,0,1,6,T6_low_home_v2h,场景6.CSV,1843.902439,0.512195,0.133691,0.991023,1.500000,14.000000,6.200000,-0.941094
DATA,300828,0,64.200000,1,0.978000,0.000000,0.000000,1,6.374000,0.011000,0.070114,0.000000,1,4.851000,0.194000,0.941094,63,1,3.661000,6.200000,0,0,0,1,0,0,0,0,0,1,6,T6_low_home_v2h,场景6.CSV,1909.756098,0.530488,0.138435,0.990371,1.500000,14.000000,6.200000,-0.941094
DATA,310877,0,64.200000,1,0.979000,0.000000,0.000000,1,6.367000,0.011000,0.070037,0.000000,1,4.851000,0.194000,0.941094,63,1,3.661000,6.200000,0,0,0,1,0,0,0,0,0,1,6,T6_low_home_v2h,场景6.CSV,1975.609756,0.548780,0.143177,0.989697,1.500000,14.000000,6.200000,-0.941094
DATA,320901,0,64.200000,1,0.987000,0.000000,0.000000,1,6.361000,0.011000,0.069971,0.000000,1,4.847000,0.194000,0.940318,63,1,3.661000,6.200000,0,0,0,1,0,0,0,0,0,1,6,T6_low_home_v2h,场景6.CSV,2041.463415,0.567073,0.147915,0.989000,1.500000,14.000000,6.200000,-0.940318
DATA,330950,0,64.200000,1,0.987000,0.000000,0.000000,1,6.355000,0.011000,0.069905,0.000000,1,4.849000,0.194000,0.940706,63,1,3.660000,6.200000,0,0,0,1,0,0,0,0,0,1,6,T6_low_home_v2h,场景6.CSV,2107.317073,0.585366,0.152649,0.988280,1.500000,14.000000,6.200000,-0.940706
DATA,340961,0,64.200000,1,0.987000,0.000000,0.000000,1,6.349000,0.011000,0.069839,0.000000,1,4.849000,0.194000,0.940706,63,1,3.660000,6.200000,0,0,0,1,0,0,0,0,0,1,6,T6_low_home_v2h,场景6.CSV,2173.170732,0.603659,0.157380,0.987538,1.500000,14.000000,6.200000,-0.940706
DATA,350997,0,64.200000,1,0.983000,0.000000,0.000000,1,6.343000,0.011000,0.069773,0.000000,1,4.851000,0.194000,0.941094,63,1,3.660000,6.200000,0,0,0,1,0,0,0,0,0,1,6,T6_low_home_v2h,场景6.CSV,2239.024390,0.621951,0.162108,0.986773,1.500000,13.900000,6.200000,-0.941094
DATA,361024,0,64.200000,1,0.983000,0.000000,0.000000,1,6.338000,0.011000,0.069718,0.000000,1,4.850000,0.194000,0.940900,63,1,3.660000,6.200000,0,0,0,1,0,0,0,0,0,1,6,T6_low_home_v2h,场景6.CSV,2304.878049,0.640244,0.166832,0.985985,1.500000,13.900000,6.200000,-0.940900
DATA,371067,0,64.200000,1,0.986000,0.000000,0.000000,1,6.331000,0.011000,0.069641,0.000000,1,4.849000,0.194000,0.940706,63,1,3.660000,6.200000,0,0,0,1,0,0,0,0,0,1,6,T6_low_home_v2h,场景6.CSV,2370.731707,0.658537,0.171552,0.985175,1.500000,13.900000,6.200000,-0.940706
DATA,381112,0,64.200000,1,0.985000,0.000000,0.000000,1,6.324000,0.011000,0.069564,0.000000,1,4.850000,0.194000,0.940900,63,1,3.660000,6.200000,0,0,0,1,0,0,0,0,0,1,6,T6_low_home_v2h,场景6.CSV,2436.585366,0.676829,0.176268,0.984342,1.500000,13.900000,6.200000,-0.940900
DATA,391135,0,64.200000,1,0.981000,0.000000,0.000000,1,6.318000,0.011000,0.069498,0.000000,1,4.852000,0.194000,0.941288,63,1,3.659000,6.200000,0,0,0,1,0,0,0,0,0,1,6,T6_low_home_v2h,场景6.CSV,2502.439024,0.695122,0.180980,0.983487,1.500000,13.900000,6.200000,-0.941288
DATA,401136,0,63.300000,1,0.986000,0.000000,0.000000,1,6.309000,0.011000,0.069399,0.000000,1,4.849000,0.194000,0.940706,63,1,3.659000,6.200000,0,0,0,1,0,0,0,0,0,1,6,T6_low_home_v2h,场景6.CSV,2568.292683,0.713415,0.185688,0.982609,1.500000,13.900000,6.200000,-0.940706
DATA,411180,0,64.200000,1,0.986000,0.000000,0.000000,1,6.305000,0.011000,0.069355,0.000000,1,4.849000,0.194000,0.940706,63,1,3.659000,6.200000,0,0,0,1,0,0,0,0,0,1,6,T6_low_home_v2h,场景6.CSV,2634.146341,0.731707,0.190391,0.981708,1.500000,13.900000,6.200000,-0.940706
DATA,421201,0,64.200000,1,0.982000,0.000000,0.000000,1,6.297000,0.011000,0.069267,0.000000,1,4.850000,0.194000,0.940900,63,1,3.659000,6.200000,0,0,0,1,0,0,0,0,0,1,6,T6_low_home_v2h,场景6.CSV,2700.000000,0.750000,0.195090,0.980785,1.500000,13.900000,6.200000,-0.940900
DATA,431245,0,64.200000,1,0.979000,0.000000,0.000000,1,6.289000,0.011000,0.069179,0.000000,1,4.852000,0.194000,0.941288,63,1,3.659000,6.200000,0,0,0,1,0,0,0,0,0,1,6,T6_low_home_v2h,场景6.CSV,2765.853659,0.768293,0.199785,0.979840,1.500000,13.900000,6.200000,-0.941288
DATA,441299,0,64.200000,1,0.977000,0.000000,0.000000,1,6.283000,0.011000,0.069113,0.000000,1,4.851000,0.194000,0.941094,63,1,3.658000,6.200000,0,0,0,1,0,0,0,0,0,1,6,T6_low_home_v2h,场景6.CSV,2831.707317,0.786585,0.204475,0.978872,1.500000,13.900000,6.200000,-0.941094
DATA,451309,0,64.200000,1,0.984000,0.000000,0.000000,1,6.275000,0.011000,0.069025,0.000000,1,4.850000,0.194000,0.940900,63,1,3.658000,6.200000,0,0,0,1,0,0,0,0,0,1,6,T6_low_home_v2h,场景6.CSV,2897.560976,0.804878,0.209161,0.977881,1.500000,13.900000,6.200000,-0.940900
DATA,461341,0,64.200000,1,0.982000,0.000000,0.000000,1,6.267000,0.011000,0.068937,0.000000,1,4.850000,0.194000,0.940900,63,1,3.658000,6.200000,0,0,0,1,0,0,0,0,0,1,6,T6_low_home_v2h,场景6.CSV,2963.414634,0.823171,0.213841,0.976868,1.500000,13.900000,6.200000,-0.940900
DATA,471373,0,64.200000,1,0.982000,0.000000,0.000000,1,6.260000,0.011000,0.068860,0.000000,1,4.850000,0.194000,0.940900,63,1,3.658000,6.200000,0,0,0,1,0,0,0,0,0,1,6,T6_low_home_v2h,场景6.CSV,3029.268293,0.841463,0.218517,0.975833,1.500000,13.900000,6.200000,-0.940900
DATA,481410,0,64.200000,1,0.986000,0.000000,0.000000,1,6.251000,0.011000,0.068761,0.000000,1,4.849000,0.194000,0.940706,63,1,3.658000,6.200000,0,0,0,1,0,0,0,0,0,1,6,T6_low_home_v2h,场景6.CSV,3095.121951,0.859756,0.223188,0.974775,1.500000,13.900000,6.200000,-0.940706
DATA,491444,0,64.200000,1,0.990000,0.000000,0.000000,1,6.244000,0.011000,0.068684,0.000000,1,4.847000,0.194000,0.940318,63,1,3.658000,6.200000,0,0,0,1,0,0,0,0,0,1,6,T6_low_home_v2h,场景6.CSV,3160.975610,0.878049,0.227854,0.973695,1.500000,13.900000,6.200000,-0.940318
DATA,501452,0,64.200000,1,0.989000,0.000000,0.000000,1,6.235000,0.011000,0.068585,0.000000,1,4.850000,0.194000,0.940900,63,1,3.656000,6.200000,0,0,0,1,0,0,0,0,0,1,6,T6_low_home_v2h,场景6.CSV,3226.829268,0.896341,0.232514,0.972593,1.500000,13.900000,6.200000,-0.940900
DATA,511510,0,64.200000,1,0.986000,0.000000,0.000000,1,6.226000,0.011000,0.068486,0.000000,1,4.850000,0.194000,0.940900,63,1,3.658000,6.200000,0,0,0,1,0,0,0,0,0,1,6,T6_low_home_v2h,场景6.CSV,3292.682927,0.914634,0.237169,0.971468,1.500000,13.900000,6.200000,-0.940900
DATA,521547,0,64.200000,1,0.983000,0.000000,0.000000,1,6.220000,0.011000,0.068420,0.000000,1,4.851000,0.194000,0.941094,63,1,3.658000,6.200000,0,0,0,1,0,0,0,0,0,1,6,T6_low_home_v2h,场景6.CSV,3358.536585,0.932927,0.241819,0.970321,1.500000,13.900000,6.200000,-0.941094
DATA,531558,0,64.200000,1,0.983000,0.000000,0.000000,1,6.213000,0.011000,0.068343,0.000000,1,4.852000,0.194000,0.941288,63,1,3.658000,6.200000,0,0,0,1,0,0,0,0,0,1,6,T6_low_home_v2h,场景6.CSV,3424.390244,0.951220,0.246463,0.969152,1.500000,13.900000,6.200000,-0.941288
DATA,541583,0,64.200000,1,0.991000,0.000000,0.000000,1,6.205000,0.011000,0.068255,0.000000,1,4.847000,0.194000,0.940318,63,1,3.658000,6.200000,0,0,0,1,0,0,0,0,0,1,6,T6_low_home_v2h,场景6.CSV,3490.243902,0.969512,0.251101,0.967961,1.500000,13.900000,6.200000,-0.940318
DATA,551628,0,64.200000,1,0.988000,0.000000,0.000000,1,6.194000,0.011000,0.068134,0.000000,1,4.848000,0.194000,0.940512,62,1,3.658000,6.200000,0,0,0,1,0,0,0,0,0,1,6,T6_low_home_v2h,场景6.CSV,3556.097561,0.987805,0.255734,0.966747,1.500000,13.900000,6.200000,-0.940512
DATA,561653,0,64.200000,1,0.980000,0.000000,0.000000,1,6.189000,0.011000,0.068079,0.000000,1,4.851000,0.194000,0.941094,62,1,3.658000,6.200000,0,0,0,1,0,0,0,0,0,1,6,T6_low_home_v2h,场景6.CSV,3621.951220,1.006098,0.260361,0.965511,1.500000,13.900000,6.200000,-0.941094
DATA,571679,0,64.200000,1,0.982000,0.000000,0.000000,1,6.180000,0.011000,0.067980,0.000000,1,4.849000,0.194000,0.940706,62,1,3.656000,6.200000,0,0,0,1,0,0,0,0,0,1,6,T6_low_home_v2h,场景6.CSV,3687.804878,1.024390,0.264982,0.964253,1.500000,13.900000,6.200000,-0.940706
DATA,581689,0,64.200000,1,0.988000,0.000000,0.000000,1,6.172000,0.011000,0.067892,0.000000,1,4.847000,0.194000,0.940318,62,1,3.656000,6.200000,0,0,0,1,0,0,0,0,0,1,6,T6_low_home_v2h,场景6.CSV,3753.658537,1.042683,0.269596,0.962973,1.500000,13.900000,6.200000,-0.940318
DATA,591715,0,64.200000,1,0.983000,0.000000,0.000000,1,6.162000,0.011000,0.067782,0.000000,1,4.850000,0.194000,0.940900,62,1,3.656000,6.200000,0,0,0,1,0,0,0,0,0,1,6,T6_low_home_v2h,场景6.CSV,3819.512195,1.060976,0.274205,0.961671,1.500000,13.900000,6.200000,-0.940900
DATA,601727,0,64.200000,1,0.981000,0.000000,0.000000,1,6.153000,0.011000,0.067683,0.000000,1,4.851000,0.194000,0.941094,62,1,3.656000,6.200000,0,0,0,1,0,0,0,0,0,1,6,T6_low_home_v2h,场景6.CSV,3885.365854,1.079268,0.278807,0.960347,1.500000,13.900000,6.200000,-0.941094
DATA,611727,0,64.200000,1,0.980000,0.000000,0.000000,1,6.143000,0.011000,0.067573,0.000000,1,4.852000,0.194000,0.941288,62,1,3.655000,6.200000,0,0,0,1,0,0,0,0,0,1,6,T6_low_home_v2h,场景6.CSV,3951.219512,1.097561,0.283403,0.959001,1.500000,13.900000,6.200000,-0.941288
DATA,621735,0,64.200000,1,0.990000,0.000000,0.000000,1,6.133000,0.011000,0.067463,0.000000,1,4.849000,0.194000,0.940706,62,1,3.655000,6.100000,0,0,0,1,0,0,0,0,0,1,6,T6_low_home_v2h,场景6.CSV,4017.073171,1.115854,0.287992,0.957633,1.500000,13.900000,6.100000,-0.940706
DATA,631741,0,64.200000,1,0.986000,0.000000,0.000000,1,6.123000,0.011000,0.067353,0.000000,1,4.849000,0.194000,0.940706,62,1,3.655000,6.100000,0,0,0,1,0,0,0,0,0,1,6,T6_low_home_v2h,场景6.CSV,4082.926829,1.134146,0.292575,0.956243,1.500000,13.900000,6.100000,-0.940706
DATA,641800,0,64.200000,1,0.982000,0.000000,0.000000,1,6.114000,0.011000,0.067254,0.000000,1,4.851000,0.194000,0.941094,62,1,3.655000,6.100000,0,0,0,1,0,0,0,0,0,1,6,T6_low_home_v2h,场景6.CSV,4148.780488,1.152439,0.297151,0.954830,1.500000,13.900000,6.100000,-0.941094
DATA,651841,0,64.200000,1,0.983000,0.000000,0.000000,1,6.102000,0.011000,0.067122,0.000000,1,4.852000,0.194000,0.941288,62,1,3.654000,6.100000,0,0,0,1,0,0,0,0,0,1,6,T6_low_home_v2h,场景6.CSV,4214.634146,1.170732,0.301721,0.953396,1.500000,13.900000,6.100000,-0.941288
DATA,661858,0,64.200000,1,0.984000,0.000000,0.000000,1,6.091000,0.011000,0.067001,0.000000,1,4.850000,0.194000,0.940900,62,1,3.654000,6.100000,0,0,0,1,0,0,0,0,0,1,6,T6_low_home_v2h,场景6.CSV,4280.487805,1.189024,0.306283,0.951941,1.500000,13.900000,6.100000,-0.940900
DATA,671901,0,64.200000,1,0.987000,0.000000,0.000000,1,6.081000,0.011000,0.066891,0.000000,1,4.849000,0.194000,0.940706,62,1,3.654000,6.100000,0,0,0,1,0,0,0,0,0,1,6,T6_low_home_v2h,场景6.CSV,4346.341463,1.207317,0.310838,0.950463,1.500000,13.900000,6.100000,-0.940706
DATA,681917,0,64.200000,1,0.983000,0.000000,0.000000,1,6.070000,0.011000,0.066770,0.000000,1,4.851000,0.194000,0.941094,62,1,3.654000,6.100000,0,0,0,1,0,0,0,0,0,1,6,T6_low_home_v2h,场景6.CSV,4412.195122,1.225610,0.315386,0.948963,1.500000,13.900000,6.100000,-0.941094
DATA,691962,0,64.200000,1,0.980000,0.000000,0.000000,1,6.057000,0.011000,0.066627,0.000000,1,4.851000,0.194000,0.941094,62,1,3.654000,6.100000,0,0,0,1,0,0,0,0,0,1,6,T6_low_home_v2h,场景6.CSV,4478.048780,1.243902,0.319927,0.947442,1.500000,13.900000,6.100000,-0.941094
DATA,701979,0,64.200000,1,0.984000,0.000000,0.000000,1,6.044000,0.011000,0.066484,0.000000,1,4.849000,0.194000,0.940706,62,1,3.652000,6.100000,0,0,0,1,0,0,0,0,0,1,6,T6_low_home_v2h,场景6.CSV,4543.902439,1.262195,0.324461,0.945899,1.500000,13.900000,6.100000,-0.940706
DATA,712008,0,64.200000,1,0.983000,0.000000,0.000000,1,6.034000,0.011000,0.066374,0.000000,1,4.848000,0.194000,0.940512,62,1,3.652000,6.100000,0,0,0,1,0,0,0,0,0,1,6,T6_low_home_v2h,场景6.CSV,4609.756098,1.280488,0.328987,0.944334,1.500000,13.900000,6.100000,-0.940512
DATA,722039,0,64.200000,1,0.982000,0.000000,0.000000,1,6.020000,0.011000,0.066220,0.000000,1,4.851000,0.194000,0.941094,62,1,3.652000,6.100000,0,0,0,1,0,0,0,0,0,1,6,T6_low_home_v2h,场景6.CSV,4675.609756,1.298780,0.333506,0.942748,1.500000,13.900000,6.100000,-0.941094
DATA,732050,0,64.200000,1,0.977000,0.000000,0.000000,1,6.009000,0.011000,0.066099,0.000000,1,4.853000,0.194000,0.941482,62,1,3.652000,6.100000,0,0,0,1,0,0,0,0,0,1,6,T6_low_home_v2h,场景6.CSV,4741.463415,1.317073,0.338017,0.941140,1.500000,13.900000,6.100000,-0.941482
DATA,742074,0,64.200000,1,0.976000,0.000000,0.000000,1,5.995000,0.011000,0.065945,0.000000,1,4.852000,0.194000,0.941288,62,1,3.652000,6.100000,0,0,0,1,0,0,0,0,0,1,6,T6_low_home_v2h,场景6.CSV,4807.317073,1.335366,0.342520,0.939510,1.500000,0.000000,6.100000,-0.941288
DATA,752124,0,65.000000,1,0.987000,0.000000,0.000000,1,5.980000,0.011000,0.065780,0.000000,1,4.849000,0.193000,0.935857,62,1,3.652000,6.100000,0,0,0,1,0,0,0,0,0,1,6,T6_low_home_v2h,场景6.CSV,4873.170732,1.353659,0.347016,0.937859,1.500000,0.000000,6.100000,-0.935857
DATA,762164,0,65.000000,1,0.987000,0.000000,0.000000,1,5.965000,0.011000,0.065615,0.000000,1,4.848000,0.193000,0.935664,62,1,3.652000,6.100000,0,0,0,1,0,0,0,0,0,1,6,T6_low_home_v2h,场景6.CSV,4939.024390,1.371951,0.351503,0.936187,1.500000,0.000000,6.100000,-0.935664
DATA,772173,0,65.000000,1,0.980000,0.000000,0.000000,1,5.952000,0.011000,0.065472,0.000000,1,4.852000,0.193000,0.936436,62,1,3.652000,6.100000,0,0,0,1,0,0,0,0,0,1,6,T6_low_home_v2h,场景6.CSV,5004.878049,1.390244,0.355982,0.934493,1.500000,0.000000,6.100000,-0.936436
DATA,782219,0,36.700000,1,0.903000,0.000000,0.000000,1,0.000000,0.000000,0.000000,0.000000,1,4.927000,0.078000,0.384306,64,1,3.652000,6.100000,0,0,0,1,0,0,0,0,0,1,6,T6_low_home_v2h,场景6.CSV,5070.731707,1.408537,0.360453,0.932777,1.500000,0.000000,6.100000,-0.384306
DATA,792236,0,50.000000,1,0.856000,0.000000,0.000000,1,0.000000,0.000000,0.000000,0.000000,1,4.975000,0.000000,0.000000,64,1,3.652000,6.100000,0,0,0,1,0,0,0,0,0,1,6,T6_low_home_v2h,场景6.CSV,5136.585366,1.426829,0.364916,0.931040,1.500000,0.000000,6.100000,0.000000
DATA,802236,0,25.800000,1,0.870000,0.000000,0.000000,1,0.000000,0.000000,0.000000,0.000000,1,4.974000,0.000000,0.000000,64,1,3.651000,6.100000,0,0,0,1,0,0,0,0,0,1,6,T6_low_home_v2h,场景6.CSV,5202.439024,1.445122,0.369371,0.929282,1.500000,0.000000,6.100000,0.000000
DATA,812252,0,26.700000,1,0.871000,0.000000,0.000000,1,0.000000,0.000000,0.000000,0.000000,1,4.976000,0.000000,0.000000,64,1,3.652000,6.100000,0,0,0,1,0,0,0,0,0,1,6,T6_low_home_v2h,场景6.CSV,5268.292683,1.463415,0.373817,0.927502,1.500000,0.000000,6.100000,0.000000
DATA,822284,0,26.700000,1,0.856000,0.000000,0.000000,1,0.000000,0.000000,0.000000,0.000000,1,4.980000,0.000000,0.000000,65,1,3.650000,6.000000,0,0,0,1,0,0,0,0,0,1,6,T6_low_home_v2h,场景6.CSV,5334.146341,1.481707,0.378255,0.925702,1.500000,0.000000,6.000000,0.000000
DATA,832298,0,51.700000,1,0.855000,0.000000,0.000000,1,0.000000,0.000000,0.000000,0.000000,1,4.981000,0.000000,0.000000,65,1,3.650000,6.000000,0,0,0,1,0,0,0,0,0,1,6,T6_low_home_v2h,场景6.CSV,5400.000000,1.500000,0.382683,0.923880,1.500000,0.000000,6.000000,0.000000
