scene_id,scene_label,real_hour,real_elapsed_s
1,T1_night_no_pv,0.18333333333333332,660.0
1,T1_night_no_pv,0.2,720.0
1,T1_night_no_pv,0.21666666666666667,780.0
1,T1_night_no_pv,0.23333333333333334,840.0
1,T1_night_no_pv,0.25,900.0
1,T1_night_no_pv,0.26666666666666666,960.0
1,T1_night_no_pv,0.2833333333333333,1020.0
1,T1_night_no_pv,0.3,1080.0
1,T1_night_no_pv,0.31666666666666665,1140.0
1,T1_night_no_pv,0.3333333333333333,1200.0
1,T1_night_no_pv,0.35,1260.0
1,T1_night_no_pv,0.36666666666666664,1320.0
1,T1_night_no_pv,0.38333333333333336,1380.0
1,T1_night_no_pv,0.4,1440.0
1,T1_night_no_pv,0.4166666666666667,1500.0
1,T1_night_no_pv,0.43333333333333335,1560.0
1,T1_night_no_pv,0.45,1620.0
1,T1_night_no_pv,0.4666666666666667,1680.0
1,T1_night_no_pv,0.48333333333333334,1740.0
1,T1_night_no_pv,0.5,1800.0
1,T1_night_no_pv,0.5166666666666667,1860.0
1,T1_night_no_pv,0.5333333333333333,1920.0
1,T1_night_no_pv,0.55,1980.0
1,T1_night_no_pv,0.5666666666666667,2040.0
1,T1_night_no_pv,0.5833333333333334,2100.0
1,T1_night_no_pv,0.6,2160.0
1,T1_night_no_pv,0.6166666666666667,2220.0
1,T1_night_no_pv,0.6333333333333333,2280.0
1,T1_night_no_pv,0.65,2340.0
1,T1_night_no_pv,0.6666666666666666,2400.0
1,T1_night_no_pv,0.6833333333333333,2460.0
1,T1_night_no_pv,0.7,2520.0
1,T1_night_no_pv,0.7166666666666667,2580.0
1,T1_night_no_pv,0.7333333333333333,2640.0
1,T1_night_no_pv,0.75,2700.0
1,T1_night_no_pv,0.7666666666666667,2760.0
1,T1_night_no_pv,0.7833333333333333,2820.0
1,T1_night_no_pv,0.8,2880.0
1,T1_night_no_pv,0.8166666666666667,2940.0
1,T1_night_no_pv,0.8333333333333334,3000.0
1,T1_night_no_pv,0.85,3060.0
1,T1_night_no_pv,0.8666666666666667,3120.0
1,T1_night_no_pv,0.8833333333333333,3180.0
1,T1_night_no_pv,0.9,3240.0
1,T1_night_no_pv,0.9166666666666666,3300.0
1,T1_night_no_pv,0.9333333333333333,3360.0
1,T1_night_no_pv,0.95,3420.0
1,T1_night_no_pv,0.9666666666666667,3480.0
1,T1_night_no_pv,0.9833333333333333,3540.0
1,T1_night_no_pv,1.0,3600.0
1,T1_night_no_pv,1.0166666666666666,3660.0
1,T1_night_no_pv,1.0333333333333334,3720.0
1,T1_night_no_pv,1.05,3780.0
1,T1_night_no_pv,1.0666666666666667,3840.0
1,T1_night_no_pv,1.0833333333333333,3900.0
1,T1_night_no_pv,1.1,3960.0
1,T1_night_no_pv,1.1166666666666667,4020.0
1,T1_night_no_pv,1.1333333333333333,4080.0
1,T1_night_no_pv,1.15,4140.0
1,T1_night_no_pv,1.1666666666666667,4200.0
1,T1_night_no_pv,1.1833333333333333,4260.0
1,T1_night_no_pv,1.2,4320.0
1,T1_night_no_pv,1.2166666666666666,4380.0
1,T1_night_no_pv,1.2333333333333334,4440.0
1,T1_night_no_pv,1.25,4500.0
1,T1_night_no_pv,1.2666666666666666,4560.0
1,T1_night_no_pv,1.2833333333333334,4620.0
1,T1_night_no_pv,1.3,4680.0
1,T1_night_no_pv,1.3166666666666667,4740.0
1,T1_night_no_pv,1.3333333333333333,4800.0
1,T1_night_no_pv,1.35,4860.0
1,T1_night_no_pv,1.3666666666666667,4920.0
1,T1_night_no_pv,1.3833333333333333,4980.0
1,T1_night_no_pv,1.4,5040.0
1,T1_night_no_pv,1.4166666666666667,5100.0
1,T1_night_no_pv,1.4333333333333333,5160.0
1,T1_night_no_pv,1.45,5220.0
1,T1_night_no_pv,1.4666666666666666,5280.0
1,T1_night_no_pv,1.4833333333333334,5340.0
1,T1_night_no_pv,1.5,5400.0
1,T1_night_no_pv,1.5166666666666666,5460.0
1,T1_night_no_pv,1.5333333333333334,5520.0
1,T1_night_no_pv,1.55,5580.0
1,T1_night_no_pv,1.5666666666666667,5640.0
1,T1_night_no_pv,1.5833333333333333,5700.0
1,T1_night_no_pv,1.6,5760.0
1,T1_night_no_pv,1.6166666666666667,5820.0
1,T1_night_no_pv,1.6333333333333333,5880.0
1,T1_night_no_pv,1.65,5940.0
1,T1_night_no_pv,1.6666666666666667,6000.0
1,T1_night_no_pv,1.6833333333333333,6060.0
1,T1_night_no_pv,1.7,6120.0
1,T1_night_no_pv,1.7166666666666666,6180.0
1,T1_night_no_pv,1.7333333333333334,6240.0
1,T1_night_no_pv,1.75,6300.0
1,T1_night_no_pv,1.7666666666666666,6360.0
1,T1_night_no_pv,1.7833333333333334,6420.0
1,T1_night_no_pv,1.8,6480.0
1,T1_night_no_pv,1.8166666666666667,6540.0
1,T1_night_no_pv,1.8333333333333333,6600.0
1,T1_night_no_pv,1.85,6660.0
1,T1_night_no_pv,1.8666666666666667,6720.0
1,T1_night_no_pv,1.8833333333333333,6780.0
1,T1_night_no_pv,1.9,6840.0
1,T1_night_no_pv,1.9166666666666667,6900.0
1,T1_night_no_pv,1.9333333333333333,6960.0
1,T1_night_no_pv,1.95,7020.0
1,T1_night_no_pv,1.9666666666666666,7080.0
1,T1_night_no_pv,1.9833333333333334,7140.0
1,T1_night_no_pv,2.0,7200.0
1,T1_night_no_pv,2.0166666666666666,7260.0
1,T1_night_no_pv,2.033333333333333,7320.0
1,T1_night_no_pv,2.05,7380.0
1,T1_night_no_pv,2.066666666666667,7440.0
1,T1_night_no_pv,2.0833333333333335,7500.0
1,T1_night_no_pv,2.1,7560.0
1,T1_night_no_pv,2.1166666666666667,7620.0
1,T1_night_no_pv,2.1333333333333333,7680.0
1,T1_night_no_pv,2.15,7740.0
1,T1_night_no_pv,2.1666666666666665,7800.0
1,T1_night_no_pv,2.183333333333333,7860.0
1,T1_night_no_pv,2.2,7920.0
1,T1_night_no_pv,2.216666666666667,7980.0
1,T1_night_no_pv,2.2333333333333334,8040.0
1,T1_night_no_pv,2.25,8100.0
1,T1_night_no_pv,2.2666666666666666,8160.0
1,T1_night_no_pv,2.283333333333333,8220.0
1,T1_night_no_pv,2.3,8280.0
1,T1_night_no_pv,2.316666666666667,8340.0
1,T1_night_no_pv,2.3333333333333335,8400.0
1,T1_night_no_pv,2.35,8460.0
1,T1_night_no_pv,2.3666666666666667,8520.0
1,T1_night_no_pv,2.3833333333333333,8580.0
1,T1_night_no_pv,2.4,8640.0
1,T1_night_no_pv,2.4166666666666665,8700.0
1,T1_night_no_pv,2.433333333333333,8760.0
1,T1_night_no_pv,2.45,8820.0
1,T1_night_no_pv,2.466666666666667,8880.0
1,T1_night_no_pv,2.4833333333333334,8940.0
1,T1_night_no_pv,2.5,9000.0
1,T1_night_no_pv,2.5166666666666666,9060.0
1,T1_night_no_pv,2.533333333333333,9120.0
1,T1_night_no_pv,2.55,9180.0
1,T1_night_no_pv,2.566666666666667,9240.0
1,T1_night_no_pv,2.5833333333333335,9300.0
1,T1_night_no_pv,2.6,9360.0
1,T1_night_no_pv,2.6166666666666667,9420.0
1,T1_night_no_pv,2.6333333333333333,9480.0
1,T1_night_no_pv,2.65,9540.0
1,T1_night_no_pv,2.6666666666666665,9600.0
1,T1_night_no_pv,2.683333333333333,9660.0
1,T1_night_no_pv,2.7,9720.0
1,T1_night_no_pv,2.716666666666667,9780.0
1,T1_night_no_pv,2.7333333333333334,9840.0
1,T1_night_no_pv,2.75,9900.0
1,T1_night_no_pv,2.7666666666666666,9960.0
1,T1_night_no_pv,2.783333333333333,10020.0
1,T1_night_no_pv,2.8,10080.0
1,T1_night_no_pv,2.816666666666667,10140.0
1,T1_night_no_pv,2.8333333333333335,10200.0
1,T1_night_no_pv,2.85,10260.0
1,T1_night_no_pv,2.8666666666666667,10320.0
1,T1_night_no_pv,2.8833333333333333,10380.0
1,T1_night_no_pv,2.9,10440.0
1,T1_night_no_pv,2.9166666666666665,10500.0
1,T1_night_no_pv,2.933333333333333,10560.0
1,T1_night_no_pv,2.95,10620.0
1,T1_night_no_pv,2.966666666666667,10680.0
1,T1_night_no_pv,2.9833333333333334,10740.0
1,T1_night_no_pv,3.0,10800.0
1,T1_night_no_pv,3.0166666666666666,10860.0
1,T1_night_no_pv,3.033333333333333,10920.0
1,T1_night_no_pv,3.05,10980.0
1,T1_night_no_pv,3.066666666666667,11040.0
1,T1_night_no_pv,3.0833333333333335,11100.0
1,T1_night_no_pv,3.1,11160.0
1,T1_night_no_pv,3.1166666666666667,11220.0
1,T1_night_no_pv,3.1333333333333333,11280.0
1,T1_night_no_pv,3.15,11340.0
1,T1_night_no_pv,3.1666666666666665,11400.0
1,T1_night_no_pv,3.183333333333333,11460.0
1,T1_night_no_pv,3.2,11520.0
1,T1_night_no_pv,3.216666666666667,11580.0
1,T1_night_no_pv,3.2333333333333334,11640.0
1,T1_night_no_pv,3.25,11700.0
1,T1_night_no_pv,3.2666666666666666,11760.0
1,T1_night_no_pv,3.283333333333333,11820.0
1,T1_night_no_pv,3.3,11880.0
1,T1_night_no_pv,3.316666666666667,11940.0
1,T1_night_no_pv,3.3333333333333335,12000.0
1,T1_night_no_pv,3.35,12060.0
1,T1_night_no_pv,3.3666666666666667,12120.0
1,T1_night_no_pv,3.3833333333333333,12180.0
1,T1_night_no_pv,3.4,12240.0
1,T1_night_no_pv,3.4166666666666665,12300.0
1,T1_night_no_pv,3.433333333333333,12360.0
1,T1_night_no_pv,3.45,12420.0
1,T1_night_no_pv,3.466666666666667,12480.0
1,T1_night_no_pv,3.4833333333333334,12540.0
1,T1_night_no_pv,3.5,12600.0
1,T1_night_no_pv,3.5166666666666666,12660.0
1,T1_night_no_pv,3.533333333333333,12720.0
1,T1_night_no_pv,3.55,12780.0
1,T1_night_no_pv,3.566666666666667,12840.0
1,T1_night_no_pv,3.5833333333333335,12900.0
1,T1_night_no_pv,3.6,12960.0
1,T1_night_no_pv,3.6166666666666667,13020.0
1,T1_night_no_pv,3.6333333333333333,13080.0
1,T1_night_no_pv,3.65,13140.0
1,T1_night_no_pv,3.6666666666666665,13200.0
1,T1_night_no_pv,3.683333333333333,13260.0
1,T1_night_no_pv,3.7,13320.0
1,T1_night_no_pv,3.716666666666667,13380.0
1,T1_night_no_pv,3.7333333333333334,13440.0
1,T1_night_no_pv,3.75,13500.0
1,T1_night_no_pv,3.7666666666666666,13560.0
1,T1_night_no_pv,3.783333333333333,13620.0
1,T1_night_no_pv,3.8,13680.0
1,T1_night_no_pv,3.816666666666667,13740.0
1,T1_night_no_pv,3.8333333333333335,13800.0
1,T1_night_no_pv,3.85,13860.0
1,T1_night_no_pv,3.8666666666666667,13920.0
1,T1_night_no_pv,3.8833333333333333,13980.0
1,T1_night_no_pv,3.9,14040.0
1,T1_night_no_pv,3.9166666666666665,14100.0
1,T1_night_no_pv,3.933333333333333,14160.0
1,T1_night_no_pv,3.95,14220.0
1,T1_night_no_pv,3.966666666666667,14280.0
1,T1_night_no_pv,3.9833333333333334,14340.0
1,T1_night_no_pv,4.0,14400.0
1,T1_night_no_pv,4.016666666666667,14460.0
1,T1_night_no_pv,4.033333333333333,14520.0
1,T1_night_no_pv,4.05,14580.0
1,T1_night_no_pv,4.066666666666666,14640.0
1,T1_night_no_pv,4.083333333333333,14700.0
1,T1_night_no_pv,4.1,14760.0
1,T1_night_no_pv,4.116666666666666,14820.0
1,T1_night_no_pv,4.133333333333334,14880.0
1,T1_night_no_pv,4.15,14940.0
1,T1_night_no_pv,4.166666666666667,15000.0
1,T1_night_no_pv,4.183333333333334,15060.0
1,T1_night_no_pv,4.2,15120.0
1,T1_night_no_pv,4.216666666666667,15180.0
1,T1_night_no_pv,4.233333333333333,15240.0
1,T1_night_no_pv,4.25,15300.0
1,T1_night_no_pv,4.266666666666667,15360.0
1,T1_night_no_pv,4.283333333333333,15420.0
1,T1_night_no_pv,4.3,15480.0
1,T1_night_no_pv,4.316666666666666,15540.0
1,T1_night_no_pv,4.333333333333333,15600.0
1,T1_night_no_pv,4.35,15660.0
1,T1_night_no_pv,4.366666666666666,15720.0
1,T1_night_no_pv,4.383333333333334,15780.0
1,T1_night_no_pv,4.4,15840.0
1,T1_night_no_pv,4.416666666666667,15900.0
1,T1_night_no_pv,4.433333333333334,15960.0
1,T1_night_no_pv,4.45,16020.0
1,T1_night_no_pv,4.466666666666667,16080.0
1,T1_night_no_pv,4.483333333333333,16140.0
1,T1_night_no_pv,4.5,16200.0
1,T1_night_no_pv,4.516666666666667,16260.0
1,T1_night_no_pv,4.533333333333333,16320.0
1,T1_night_no_pv,4.55,16380.0
1,T1_night_no_pv,4.566666666666666,16440.0
1,T1_night_no_pv,4.583333333333333,16500.0
1,T1_night_no_pv,4.6,16560.0
1,T1_night_no_pv,4.616666666666666,16620.0
1,T1_night_no_pv,4.633333333333334,16680.0
1,T1_night_no_pv,4.65,16740.0
1,T1_night_no_pv,4.666666666666667,16800.0
1,T1_night_no_pv,4.683333333333334,16860.0
1,T1_night_no_pv,4.7,16920.0
1,T1_night_no_pv,4.716666666666667,16980.0
1,T1_night_no_pv,4.733333333333333,17040.0
1,T1_night_no_pv,4.75,17100.0
1,T1_night_no_pv,4.766666666666667,17160.0
1,T1_night_no_pv,4.783333333333333,17220.0
1,T1_night_no_pv,4.8,17280.0
1,T1_night_no_pv,4.816666666666666,17340.0
1,T1_night_no_pv,4.833333333333333,17400.0
1,T1_night_no_pv,4.85,17460.0
1,T1_night_no_pv,4.866666666666666,17520.0
1,T1_night_no_pv,4.883333333333334,17580.0
1,T1_night_no_pv,4.9,17640.0
1,T1_night_no_pv,4.916666666666667,17700.0
1,T1_night_no_pv,4.933333333333334,17760.0
1,T1_night_no_pv,4.95,17820.0
1,T1_night_no_pv,4.966666666666667,17880.0
1,T1_night_no_pv,4.983333333333333,17940.0
1,T1_night_no_pv,5.0,18000.0
1,T1_night_no_pv,5.016666666666667,18060.0
1,T1_night_no_pv,5.033333333333333,18120.0
1,T1_night_no_pv,5.05,18180.0
1,T1_night_no_pv,5.066666666666666,18240.0
1,T1_night_no_pv,5.083333333333333,18300.0
1,T1_night_no_pv,5.1,18360.0
1,T1_night_no_pv,5.116666666666666,18420.0
1,T1_night_no_pv,5.133333333333334,18480.0
1,T1_night_no_pv,5.15,18540.0
1,T1_night_no_pv,5.166666666666667,18600.0
1,T1_night_no_pv,5.183333333333334,18660.0
1,T1_night_no_pv,5.2,18720.0
1,T1_night_no_pv,5.216666666666667,18780.0
1,T1_night_no_pv,5.233333333333333,18840.0
1,T1_night_no_pv,5.25,18900.0
1,T1_night_no_pv,5.266666666666667,18960.0
1,T1_night_no_pv,5.283333333333333,19020.0
1,T1_night_no_pv,5.3,19080.0
1,T1_night_no_pv,5.316666666666666,19140.0
1,T1_night_no_pv,5.333333333333333,19200.0
1,T1_night_no_pv,5.35,19260.0
1,T1_night_no_pv,5.366666666666666,19320.0
1,T1_night_no_pv,5.383333333333334,19380.0
1,T1_night_no_pv,5.4,19440.0
1,T1_night_no_pv,5.416666666666667,19500.0
1,T1_night_no_pv,5.433333333333334,19560.0
1,T1_night_no_pv,5.45,19620.0
1,T1_night_no_pv,5.466666666666667,19680.0
1,T1_night_no_pv,5.483333333333333,19740.0
1,T1_night_no_pv,5.5,19800.0
1,T1_night_no_pv,5.516666666666667,19860.0
1,T1_night_no_pv,5.533333333333333,19920.0
1,T1_night_no_pv,5.55,19980.0
1,T1_night_no_pv,5.566666666666666,20040.0
1,T1_night_no_pv,5.583333333333333,20100.0
1,T1_night_no_pv,5.6,20160.0
1,T1_night_no_pv,5.616666666666666,20220.0
1,T1_night_no_pv,5.633333333333334,20280.0
1,T1_night_no_pv,5.65,20340.0
1,T1_night_no_pv,5.666666666666667,20400.0
1,T1_night_no_pv,5.683333333333334,20460.0
1,T1_night_no_pv,5.7,20520.0
1,T1_night_no_pv,5.716666666666667,20580.0
1,T1_night_no_pv,5.733333333333333,20640.0
1,T1_night_no_pv,5.75,20700.0
1,T1_night_no_pv,5.766666666666667,20760.0
1,T1_night_no_pv,5.783333333333333,20820.0
1,T1_night_no_pv,5.8,20880.0
1,T1_night_no_pv,5.816666666666666,20940.0
1,T1_night_no_pv,5.833333333333333,21000.0
1,T1_night_no_pv,5.85,21060.0
1,T1_night_no_pv,5.866666666666666,21120.0
1,T1_night_no_pv,5.883333333333334,21180.0
1,T1_night_no_pv,5.9,21240.0
2,T2_dawn_weak_light,6.183333333333334,660.0
2,T2_dawn_weak_light,6.2,720.0
2,T2_dawn_weak_light,6.216666666666667,780.0
2,T2_dawn_weak_light,6.233333333333333,840.0
2,T2_dawn_weak_light,6.25,900.0
2,T2_dawn_weak_light,6.266666666666667,960.0
2,T2_dawn_weak_light,6.283333333333333,1020.0
2,T2_dawn_weak_light,6.3,1080.0
2,T2_dawn_weak_light,6.316666666666666,1140.0
2,T2_dawn_weak_light,6.333333333333333,1200.0
2,T2_dawn_weak_light,6.35,1260.0
2,T2_dawn_weak_light,6.366666666666666,1320.0
2,T2_dawn_weak_light,6.383333333333334,1380.0
2,T2_dawn_weak_light,6.4,1440.0
2,T2_dawn_weak_light,6.416666666666667,1500.0
2,T2_dawn_weak_light,6.433333333333334,1560.0
2,T2_dawn_weak_light,6.45,1620.0
2,T2_dawn_weak_light,6.466666666666667,1680.0
2,T2_dawn_weak_light,6.483333333333333,1740.0
2,T2_dawn_weak_light,6.5,1800.0
2,T2_dawn_weak_light,6.516666666666667,1860.0
2,T2_dawn_weak_light,6.533333333333333,1920.0
2,T2_dawn_weak_light,6.55,1980.0
2,T2_dawn_weak_light,6.566666666666666,2040.0
2,T2_dawn_weak_light,6.583333333333333,2100.0
2,T2_dawn_weak_light,6.6,2160.0
2,T2_dawn_weak_light,6.616666666666667,2220.0
2,T2_dawn_weak_light,6.633333333333333,2280.0
2,T2_dawn_weak_light,6.65,2340.0
2,T2_dawn_weak_light,6.666666666666667,2400.0
2,T2_dawn_weak_light,6.683333333333334,2460.0
2,T2_dawn_weak_light,6.7,2520.0
2,T2_dawn_weak_light,6.716666666666667,2580.0
2,T2_dawn_weak_light,6.733333333333333,2640.0
2,T2_dawn_weak_light,6.75,2700.0
2,T2_dawn_weak_light,6.766666666666667,2760.0
2,T2_dawn_weak_light,6.783333333333333,2820.0
2,T2_dawn_weak_light,6.8,2880.0
2,T2_dawn_weak_light,6.816666666666666,2940.0
2,T2_dawn_weak_light,6.833333333333333,3000.0
2,T2_dawn_weak_light,6.85,3060.0
2,T2_dawn_weak_light,6.866666666666667,3120.0
2,T2_dawn_weak_light,6.883333333333333,3180.0
2,T2_dawn_weak_light,6.9,3240.0
2,T2_dawn_weak_light,6.916666666666667,3300.0
2,T2_dawn_weak_light,6.933333333333334,3360.0
2,T2_dawn_weak_light,6.95,3420.0
2,T2_dawn_weak_light,6.966666666666667,3480.0
2,T2_dawn_weak_light,6.983333333333333,3540.0
2,T2_dawn_weak_light,7.0,3600.0
2,T2_dawn_weak_light,7.016666666666667,3660.0
2,T2_dawn_weak_light,7.033333333333333,3720.0
2,T2_dawn_weak_light,7.05,3780.0
2,T2_dawn_weak_light,7.066666666666666,3840.0
2,T2_dawn_weak_light,7.083333333333333,3900.0
2,T2_dawn_weak_light,7.1,3960.0
2,T2_dawn_weak_light,7.116666666666667,4020.0
2,T2_dawn_weak_light,7.133333333333333,4080.0
2,T2_dawn_weak_light,7.15,4140.0
2,T2_dawn_weak_light,7.166666666666667,4200.0
2,T2_dawn_weak_light,7.183333333333334,4260.0
2,T2_dawn_weak_light,7.2,4320.0
2,T2_dawn_weak_light,7.216666666666667,4380.0
2,T2_dawn_weak_light,7.233333333333333,4440.0
2,T2_dawn_weak_light,7.25,4500.0
2,T2_dawn_weak_light,7.266666666666667,4560.0
2,T2_dawn_weak_light,7.283333333333333,4620.0
2,T2_dawn_weak_light,7.3,4680.0
2,T2_dawn_weak_light,7.316666666666666,4740.0
2,T2_dawn_weak_light,7.333333333333333,4800.0
2,T2_dawn_weak_light,7.35,4860.0
2,T2_dawn_weak_light,7.366666666666667,4920.0
2,T2_dawn_weak_light,7.383333333333333,4980.0
2,T2_dawn_weak_light,7.4,5040.0
2,T2_dawn_weak_light,7.416666666666667,5100.0
2,T2_dawn_weak_light,7.433333333333334,5160.0
2,T2_dawn_weak_light,7.45,5220.0
2,T2_dawn_weak_light,7.466666666666667,5280.0
2,T2_dawn_weak_light,7.483333333333333,5340.0
2,T2_dawn_weak_light,7.5,5400.0
2,T2_dawn_weak_light,7.516666666666667,5460.0
2,T2_dawn_weak_light,7.533333333333333,5520.0
2,T2_dawn_weak_light,7.55,5580.0
2,T2_dawn_weak_light,7.566666666666666,5640.0
2,T2_dawn_weak_light,7.583333333333333,5700.0
2,T2_dawn_weak_light,7.6,5760.0
2,T2_dawn_weak_light,7.616666666666667,5820.0
2,T2_dawn_weak_light,7.633333333333333,5880.0
2,T2_dawn_weak_light,7.65,5940.0
2,T2_dawn_weak_light,7.666666666666667,6000.0
2,T2_dawn_weak_light,7.683333333333334,6060.0
2,T2_dawn_weak_light,7.7,6120.0
2,T2_dawn_weak_light,7.716666666666667,6180.0
2,T2_dawn_weak_light,7.733333333333333,6240.0
2,T2_dawn_weak_light,7.75,6300.0
2,T2_dawn_weak_light,7.766666666666667,6360.0
2,T2_dawn_weak_light,7.783333333333333,6420.0
2,T2_dawn_weak_light,7.8,6480.0
2,T2_dawn_weak_light,7.816666666666666,6540.0
2,T2_dawn_weak_light,7.833333333333333,6600.0
2,T2_dawn_weak_light,7.85,6660.0
2,T2_dawn_weak_light,7.866666666666667,6720.0
2,T2_dawn_weak_light,7.883333333333333,6780.0
2,T2_dawn_weak_light,7.9,6840.0
2,T2_dawn_weak_light,7.916666666666667,6900.0
2,T2_dawn_weak_light,7.933333333333334,6960.0
2,T2_dawn_weak_light,7.95,7020.0
2,T2_dawn_weak_light,7.966666666666667,7080.0
2,T2_dawn_weak_light,7.983333333333333,7140.0
2,T2_dawn_weak_light,8.0,7200.0
2,T2_dawn_weak_light,8.016666666666666,7260.0
2,T2_dawn_weak_light,8.033333333333333,7320.0
2,T2_dawn_weak_light,8.05,7380.0
2,T2_dawn_weak_light,8.066666666666666,7440.0
2,T2_dawn_weak_light,8.083333333333334,7500.0
2,T2_dawn_weak_light,8.1,7560.0
2,T2_dawn_weak_light,8.116666666666667,7620.0
2,T2_dawn_weak_light,8.133333333333333,7680.0
2,T2_dawn_weak_light,8.15,7740.0
2,T2_dawn_weak_light,8.166666666666666,7800.0
2,T2_dawn_weak_light,8.183333333333334,7860.0
2,T2_dawn_weak_light,8.2,7920.0
2,T2_dawn_weak_light,8.216666666666667,7980.0
2,T2_dawn_weak_light,8.233333333333334,8040.0
2,T2_dawn_weak_light,8.25,8100.0
2,T2_dawn_weak_light,8.266666666666666,8160.0
2,T2_dawn_weak_light,8.283333333333333,8220.0
2,T2_dawn_weak_light,8.3,8280.0
2,T2_dawn_weak_light,8.316666666666666,8340.0
2,T2_dawn_weak_light,8.333333333333334,8400.0
2,T2_dawn_weak_light,8.35,8460.0
2,T2_dawn_weak_light,8.366666666666667,8520.0
2,T2_dawn_weak_light,8.383333333333333,8580.0
2,T2_dawn_weak_light,8.4,8640.0
2,T2_dawn_weak_light,8.416666666666666,8700.0
2,T2_dawn_weak_light,8.433333333333334,8760.0
2,T2_dawn_weak_light,8.45,8820.0
2,T2_dawn_weak_light,8.466666666666667,8880.0
2,T2_dawn_weak_light,8.483333333333334,8940.0
2,T2_dawn_weak_light,8.5,9000.0
2,T2_dawn_weak_light,8.516666666666666,9060.0
2,T2_dawn_weak_light,8.533333333333333,9120.0
2,T2_dawn_weak_light,8.55,9180.0
2,T2_dawn_weak_light,8.566666666666666,9240.0
2,T2_dawn_weak_light,8.583333333333334,9300.0
2,T2_dawn_weak_light,8.6,9360.0
2,T2_dawn_weak_light,8.616666666666667,9420.0
2,T2_dawn_weak_light,8.633333333333333,9480.0
2,T2_dawn_weak_light,8.65,9540.0
2,T2_dawn_weak_light,8.666666666666666,9600.0
2,T2_dawn_weak_light,8.683333333333334,9660.0
2,T2_dawn_weak_light,8.7,9720.0
2,T2_dawn_weak_light,8.716666666666667,9780.0
2,T2_dawn_weak_light,8.733333333333334,9840.0
2,T2_dawn_weak_light,8.75,9900.0
2,T2_dawn_weak_light,8.766666666666666,9960.0
2,T2_dawn_weak_light,8.783333333333333,10020.0
2,T2_dawn_weak_light,8.8,10080.0
2,T2_dawn_weak_light,8.816666666666666,10140.0
2,T2_dawn_weak_light,8.833333333333334,10200.0
2,T2_dawn_weak_light,8.85,10260.0
2,T2_dawn_weak_light,8.866666666666667,10320.0
2,T2_dawn_weak_light,8.883333333333333,10380.0
2,T2_dawn_weak_light,8.9,10440.0
2,T2_dawn_weak_light,8.916666666666666,10500.0
2,T2_dawn_weak_light,8.933333333333334,10560.0
2,T2_dawn_weak_light,8.95,10620.0
2,T2_dawn_weak_light,8.966666666666667,10680.0
2,T2_dawn_weak_light,8.983333333333334,10740.0
2,T2_dawn_weak_light,9.0,10800.0
2,T2_dawn_weak_light,9.016666666666666,10860.0
2,T2_dawn_weak_light,9.033333333333333,10920.0
2,T2_dawn_weak_light,9.05,10980.0
2,T2_dawn_weak_light,9.066666666666666,11040.0
2,T2_dawn_weak_light,9.083333333333334,11100.0
2,T2_dawn_weak_light,9.1,11160.0
2,T2_dawn_weak_light,9.116666666666667,11220.0
2,T2_dawn_weak_light,9.133333333333333,11280.0
2,T2_dawn_weak_light,9.15,11340.0
2,T2_dawn_weak_light,9.166666666666666,11400.0
2,T2_dawn_weak_light,9.183333333333334,11460.0
2,T2_dawn_weak_light,9.2,11520.0
2,T2_dawn_weak_light,9.216666666666667,11580.0
2,T2_dawn_weak_light,9.233333333333334,11640.0
2,T2_dawn_weak_light,9.25,11700.0
2,T2_dawn_weak_light,9.266666666666666,11760.0
2,T2_dawn_weak_light,9.283333333333333,11820.0
2,T2_dawn_weak_light,9.3,11880.0
2,T2_dawn_weak_light,9.316666666666666,11940.0
2,T2_dawn_weak_light,9.333333333333334,12000.0
2,T2_dawn_weak_light,9.35,12060.0
2,T2_dawn_weak_light,9.366666666666667,12120.0
2,T2_dawn_weak_light,9.383333333333333,12180.0
2,T2_dawn_weak_light,9.4,12240.0
2,T2_dawn_weak_light,9.416666666666666,12300.0
2,T2_dawn_weak_light,9.433333333333334,12360.0
2,T2_dawn_weak_light,9.45,12420.0
2,T2_dawn_weak_light,9.466666666666667,12480.0
2,T2_dawn_weak_light,9.483333333333334,12540.0
2,T2_dawn_weak_light,9.5,12600.0
2,T2_dawn_weak_light,9.516666666666666,12660.0
2,T2_dawn_weak_light,9.533333333333333,12720.0
2,T2_dawn_weak_light,9.55,12780.0
2,T2_dawn_weak_light,9.566666666666666,12840.0
2,T2_dawn_weak_light,9.583333333333334,12900.0
2,T2_dawn_weak_light,9.6,12960.0
2,T2_dawn_weak_light,9.616666666666667,13020.0
2,T2_dawn_weak_light,9.633333333333333,13080.0
2,T2_dawn_weak_light,9.65,13140.0
2,T2_dawn_weak_light,9.666666666666666,13200.0
2,T2_dawn_weak_light,9.683333333333334,13260.0
2,T2_dawn_weak_light,9.7,13320.0
2,T2_dawn_weak_light,9.716666666666667,13380.0
2,T2_dawn_weak_light,9.733333333333334,13440.0
2,T2_dawn_weak_light,9.75,13500.0
2,T2_dawn_weak_light,9.766666666666666,13560.0
2,T2_dawn_weak_light,9.783333333333333,13620.0
2,T2_dawn_weak_light,9.8,13680.0
2,T2_dawn_weak_light,9.816666666666666,13740.0
2,T2_dawn_weak_light,9.833333333333334,13800.0
2,T2_dawn_weak_light,9.85,13860.0
2,T2_dawn_weak_light,9.866666666666667,13920.0
2,T2_dawn_weak_light,9.883333333333333,13980.0
2,T2_dawn_weak_light,9.9,14040.0
2,T2_dawn_weak_light,9.916666666666666,14100.0
2,T2_dawn_weak_light,9.933333333333334,14160.0
2,T2_dawn_weak_light,9.95,14220.0
2,T2_dawn_weak_light,9.966666666666667,14280.0
2,T2_dawn_weak_light,9.983333333333334,14340.0
2,T2_dawn_weak_light,10.0,14400.0
2,T2_dawn_weak_light,10.016666666666666,14460.0
2,T2_dawn_weak_light,10.033333333333333,14520.0
2,T2_dawn_weak_light,10.05,14580.0
2,T2_dawn_weak_light,10.066666666666666,14640.0
2,T2_dawn_weak_light,10.083333333333332,14700.0
2,T2_dawn_weak_light,10.1,14760.0
2,T2_dawn_weak_light,10.116666666666667,14820.0
2,T2_dawn_weak_light,10.133333333333333,14880.0
2,T2_dawn_weak_light,10.15,14940.0
2,T2_dawn_weak_light,10.166666666666668,15000.0
2,T2_dawn_weak_light,10.183333333333334,15060.0
2,T2_dawn_weak_light,10.2,15120.0
2,T2_dawn_weak_light,10.216666666666667,15180.0
2,T2_dawn_weak_light,10.233333333333334,15240.0
2,T2_dawn_weak_light,10.25,15300.0
2,T2_dawn_weak_light,10.266666666666666,15360.0
2,T2_dawn_weak_light,10.283333333333333,15420.0
2,T2_dawn_weak_light,10.3,15480.0
2,T2_dawn_weak_light,10.316666666666666,15540.0
2,T2_dawn_weak_light,10.333333333333332,15600.0
2,T2_dawn_weak_light,10.35,15660.0
2,T2_dawn_weak_light,10.366666666666667,15720.0
2,T2_dawn_weak_light,10.383333333333333,15780.0
2,T2_dawn_weak_light,10.4,15840.0
2,T2_dawn_weak_light,10.416666666666668,15900.0
2,T2_dawn_weak_light,10.433333333333334,15960.0
2,T2_dawn_weak_light,10.45,16020.0
2,T2_dawn_weak_light,10.466666666666667,16080.0
2,T2_dawn_weak_light,10.483333333333334,16140.0
2,T2_dawn_weak_light,10.5,16200.0
2,T2_dawn_weak_light,10.516666666666666,16260.0
2,T2_dawn_weak_light,10.533333333333333,16320.0
2,T2_dawn_weak_light,10.55,16380.0
2,T2_dawn_weak_light,10.566666666666666,16440.0
2,T2_dawn_weak_light,10.583333333333332,16500.0
2,T2_dawn_weak_light,10.6,16560.0
2,T2_dawn_weak_light,10.616666666666667,16620.0
2,T2_dawn_weak_light,10.633333333333333,16680.0
2,T2_dawn_weak_light,10.65,16740.0
2,T2_dawn_weak_light,10.666666666666668,16800.0
2,T2_dawn_weak_light,10.683333333333334,16860.0
2,T2_dawn_weak_light,10.7,16920.0
2,T2_dawn_weak_light,10.716666666666667,16980.0
2,T2_dawn_weak_light,10.733333333333334,17040.0
2,T2_dawn_weak_light,10.75,17100.0
2,T2_dawn_weak_light,10.766666666666666,17160.0
2,T2_dawn_weak_light,10.783333333333333,17220.0
2,T2_dawn_weak_light,10.8,17280.0
2,T2_dawn_weak_light,10.816666666666666,17340.0
2,T2_dawn_weak_light,10.833333333333332,17400.0
2,T2_dawn_weak_light,10.85,17460.0
2,T2_dawn_weak_light,10.866666666666667,17520.0
2,T2_dawn_weak_light,10.883333333333333,17580.0
2,T2_dawn_weak_light,10.9,17640.0
2,T2_dawn_weak_light,10.916666666666668,17700.0
2,T2_dawn_weak_light,10.933333333333334,17760.0
2,T2_dawn_weak_light,10.95,17820.0
2,T2_dawn_weak_light,10.966666666666667,17880.0
2,T2_dawn_weak_light,10.983333333333334,17940.0
2,T2_dawn_weak_light,11.0,18000.0
2,T2_dawn_weak_light,11.016666666666666,18060.0
2,T2_dawn_weak_light,11.033333333333333,18120.0
2,T2_dawn_weak_light,11.05,18180.0
2,T2_dawn_weak_light,11.066666666666666,18240.0
2,T2_dawn_weak_light,11.083333333333332,18300.0
2,T2_dawn_weak_light,11.1,18360.0
2,T2_dawn_weak_light,11.116666666666667,18420.0
2,T2_dawn_weak_light,11.133333333333333,18480.0
2,T2_dawn_weak_light,11.15,18540.0
2,T2_dawn_weak_light,11.166666666666668,18600.0
2,T2_dawn_weak_light,11.183333333333334,18660.0
2,T2_dawn_weak_light,11.2,18720.0
2,T2_dawn_weak_light,11.216666666666667,18780.0
2,T2_dawn_weak_light,11.233333333333334,18840.0
2,T2_dawn_weak_light,11.25,18900.0
2,T2_dawn_weak_light,11.266666666666666,18960.0
2,T2_dawn_weak_light,11.283333333333333,19020.0
2,T2_dawn_weak_light,11.3,19080.0
2,T2_dawn_weak_light,11.316666666666666,19140.0
2,T2_dawn_weak_light,11.333333333333332,19200.0
2,T2_dawn_weak_light,11.35,19260.0
2,T2_dawn_weak_light,11.366666666666667,19320.0
2,T2_dawn_weak_light,11.383333333333333,19380.0
2,T2_dawn_weak_light,11.4,19440.0
2,T2_dawn_weak_light,11.416666666666668,19500.0
2,T2_dawn_weak_light,11.433333333333334,19560.0
2,T2_dawn_weak_light,11.45,19620.0
2,T2_dawn_weak_light,11.466666666666667,19680.0
2,T2_dawn_weak_light,11.483333333333334,19740.0
2,T2_dawn_weak_light,11.5,19800.0
2,T2_dawn_weak_light,11.516666666666666,19860.0
2,T2_dawn_weak_light,11.533333333333333,19920.0
2,T2_dawn_weak_light,11.55,19980.0
2,T2_dawn_weak_light,11.566666666666666,20040.0
2,T2_dawn_weak_light,11.583333333333332,20100.0
2,T2_dawn_weak_light,11.6,20160.0
2,T2_dawn_weak_light,11.616666666666667,20220.0
2,T2_dawn_weak_light,11.633333333333333,20280.0
2,T2_dawn_weak_light,11.65,20340.0
2,T2_dawn_weak_light,11.666666666666668,20400.0
2,T2_dawn_weak_light,11.683333333333334,20460.0
2,T2_dawn_weak_light,11.7,20520.0
2,T2_dawn_weak_light,11.716666666666667,20580.0
2,T2_dawn_weak_light,11.733333333333334,20640.0
2,T2_dawn_weak_light,11.75,20700.0
2,T2_dawn_weak_light,11.766666666666666,20760.0
2,T2_dawn_weak_light,11.783333333333333,20820.0
2,T2_dawn_weak_light,11.8,20880.0
2,T2_dawn_weak_light,11.816666666666666,20940.0
2,T2_dawn_weak_light,11.833333333333332,21000.0
2,T2_dawn_weak_light,11.85,21060.0
2,T2_dawn_weak_light,11.866666666666667,21120.0
2,T2_dawn_weak_light,11.883333333333333,21180.0
2,T2_dawn_weak_light,11.9,21240.0
3,T3_noon_strong_light,12.183333333333334,660.0
3,T3_noon_strong_light,12.2,720.0
3,T3_noon_strong_light,12.216666666666667,780.0
3,T3_noon_strong_light,12.233333333333333,840.0
3,T3_noon_strong_light,12.25,900.0
3,T3_noon_strong_light,12.266666666666667,960.0
3,T3_noon_strong_light,12.283333333333333,1020.0
3,T3_noon_strong_light,12.3,1080.0
3,T3_noon_strong_light,12.316666666666666,1140.0
3,T3_noon_strong_light,12.333333333333334,1200.0
3,T3_noon_strong_light,12.35,1260.0
3,T3_noon_strong_light,12.366666666666667,1320.0
3,T3_noon_strong_light,12.383333333333333,1380.0
3,T3_noon_strong_light,12.4,1440.0
3,T3_noon_strong_light,12.416666666666666,1500.0
3,T3_noon_strong_light,12.433333333333334,1560.0
3,T3_noon_strong_light,12.45,1620.0
3,T3_noon_strong_light,12.466666666666667,1680.0
3,T3_noon_strong_light,12.483333333333333,1740.0
3,T3_noon_strong_light,12.5,1800.0
3,T3_noon_strong_light,12.516666666666667,1860.0
3,T3_noon_strong_light,12.533333333333333,1920.0
3,T3_noon_strong_light,12.55,1980.0
3,T3_noon_strong_light,12.566666666666666,2040.0
3,T3_noon_strong_light,12.583333333333334,2100.0
3,T3_noon_strong_light,12.6,2160.0
3,T3_noon_strong_light,12.616666666666667,2220.0
3,T3_noon_strong_light,12.633333333333333,2280.0
3,T3_noon_strong_light,12.65,2340.0
3,T3_noon_strong_light,12.666666666666666,2400.0
3,T3_noon_strong_light,12.683333333333334,2460.0
3,T3_noon_strong_light,12.7,2520.0
3,T3_noon_strong_light,12.716666666666667,2580.0
3,T3_noon_strong_light,12.733333333333333,2640.0
3,T3_noon_strong_light,12.75,2700.0
3,T3_noon_strong_light,12.766666666666667,2760.0
3,T3_noon_strong_light,12.783333333333333,2820.0
3,T3_noon_strong_light,12.8,2880.0
3,T3_noon_strong_light,12.816666666666666,2940.0
3,T3_noon_strong_light,12.833333333333334,3000.0
3,T3_noon_strong_light,12.85,3060.0
3,T3_noon_strong_light,12.866666666666667,3120.0
3,T3_noon_strong_light,12.883333333333333,3180.0
3,T3_noon_strong_light,12.9,3240.0
3,T3_noon_strong_light,12.916666666666666,3300.0
3,T3_noon_strong_light,12.933333333333334,3360.0
3,T3_noon_strong_light,12.95,3420.0
3,T3_noon_strong_light,12.966666666666667,3480.0
3,T3_noon_strong_light,12.983333333333333,3540.0
3,T3_noon_strong_light,13.0,3600.0
3,T3_noon_strong_light,13.016666666666666,3660.0
3,T3_noon_strong_light,13.033333333333333,3720.0
3,T3_noon_strong_light,13.05,3780.0
3,T3_noon_strong_light,13.066666666666666,3840.0
3,T3_noon_strong_light,13.083333333333334,3900.0
3,T3_noon_strong_light,13.1,3960.0
3,T3_noon_strong_light,13.116666666666667,4020.0
3,T3_noon_strong_light,13.133333333333333,4080.0
3,T3_noon_strong_light,13.15,4140.0
3,T3_noon_strong_light,13.166666666666666,4200.0
3,T3_noon_strong_light,13.183333333333334,4260.0
3,T3_noon_strong_light,13.2,4320.0
3,T3_noon_strong_light,13.216666666666667,4380.0
3,T3_noon_strong_light,13.233333333333334,4440.0
3,T3_noon_strong_light,13.25,4500.0
3,T3_noon_strong_light,13.266666666666666,4560.0
3,T3_noon_strong_light,13.283333333333333,4620.0
3,T3_noon_strong_light,13.3,4680.0
3,T3_noon_strong_light,13.316666666666666,4740.0
3,T3_noon_strong_light,13.333333333333334,4800.0
3,T3_noon_strong_light,13.35,4860.0
3,T3_noon_strong_light,13.366666666666667,4920.0
3,T3_noon_strong_light,13.383333333333333,4980.0
3,T3_noon_strong_light,13.4,5040.0
3,T3_noon_strong_light,13.416666666666666,5100.0
3,T3_noon_strong_light,13.433333333333334,5160.0
3,T3_noon_strong_light,13.45,5220.0
3,T3_noon_strong_light,13.466666666666667,5280.0
3,T3_noon_strong_light,13.483333333333334,5340.0
3,T3_noon_strong_light,13.5,5400.0
3,T3_noon_strong_light,13.516666666666666,5460.0
3,T3_noon_strong_light,13.533333333333333,5520.0
3,T3_noon_strong_light,13.55,5580.0
3,T3_noon_strong_light,13.566666666666666,5640.0
3,T3_noon_strong_light,13.583333333333334,5700.0
3,T3_noon_strong_light,13.6,5760.0
3,T3_noon_strong_light,13.616666666666667,5820.0
3,T3_noon_strong_light,13.633333333333333,5880.0
3,T3_noon_strong_light,13.65,5940.0
3,T3_noon_strong_light,13.666666666666666,6000.0
3,T3_noon_strong_light,13.683333333333334,6060.0
3,T3_noon_strong_light,13.7,6120.0
3,T3_noon_strong_light,13.716666666666667,6180.0
3,T3_noon_strong_light,13.733333333333334,6240.0
3,T3_noon_strong_light,13.75,6300.0
3,T3_noon_strong_light,13.766666666666666,6360.0
3,T3_noon_strong_light,13.783333333333333,6420.0
3,T3_noon_strong_light,13.8,6480.0
3,T3_noon_strong_light,13.816666666666666,6540.0
3,T3_noon_strong_light,13.833333333333334,6600.0
3,T3_noon_strong_light,13.85,6660.0
3,T3_noon_strong_light,13.866666666666667,6720.0
3,T3_noon_strong_light,13.883333333333333,6780.0
3,T3_noon_strong_light,13.9,6840.0
3,T3_noon_strong_light,13.916666666666666,6900.0
3,T3_noon_strong_light,13.933333333333334,6960.0
3,T3_noon_strong_light,13.95,7020.0
3,T3_noon_strong_light,13.966666666666667,7080.0
3,T3_noon_strong_light,13.983333333333334,7140.0
3,T3_noon_strong_light,14.0,7200.0
3,T3_noon_strong_light,14.016666666666666,7260.0
3,T3_noon_strong_light,14.033333333333333,7320.0
3,T3_noon_strong_light,14.05,7380.0
3,T3_noon_strong_light,14.066666666666666,7440.0
3,T3_noon_strong_light,14.083333333333334,7500.0
3,T3_noon_strong_light,14.1,7560.0
3,T3_noon_strong_light,14.116666666666667,7620.0
3,T3_noon_strong_light,14.133333333333333,7680.0
3,T3_noon_strong_light,14.15,7740.0
3,T3_noon_strong_light,14.166666666666666,7800.0
3,T3_noon_strong_light,14.183333333333334,7860.0
3,T3_noon_strong_light,14.2,7920.0
3,T3_noon_strong_light,14.216666666666667,7980.0
3,T3_noon_strong_light,14.233333333333334,8040.0
3,T3_noon_strong_light,14.25,8100.0
3,T3_noon_strong_light,14.266666666666666,8160.0
3,T3_noon_strong_light,14.283333333333333,8220.0
3,T3_noon_strong_light,14.3,8280.0
3,T3_noon_strong_light,14.316666666666666,8340.0
3,T3_noon_strong_light,14.333333333333334,8400.0
3,T3_noon_strong_light,14.35,8460.0
3,T3_noon_strong_light,14.366666666666667,8520.0
3,T3_noon_strong_light,14.383333333333333,8580.0
3,T3_noon_strong_light,14.4,8640.0
3,T3_noon_strong_light,14.416666666666666,8700.0
3,T3_noon_strong_light,14.433333333333334,8760.0
3,T3_noon_strong_light,14.45,8820.0
3,T3_noon_strong_light,14.466666666666667,8880.0
3,T3_noon_strong_light,14.483333333333334,8940.0
3,T3_noon_strong_light,14.5,9000.0
3,T3_noon_strong_light,14.516666666666666,9060.0
3,T3_noon_strong_light,14.533333333333333,9120.0
3,T3_noon_strong_light,14.55,9180.0
3,T3_noon_strong_light,14.566666666666666,9240.0
3,T3_noon_strong_light,14.583333333333334,9300.0
3,T3_noon_strong_light,14.6,9360.0
3,T3_noon_strong_light,14.616666666666667,9420.0
3,T3_noon_strong_light,14.633333333333333,9480.0
3,T3_noon_strong_light,14.65,9540.0
3,T3_noon_strong_light,14.666666666666666,9600.0
3,T3_noon_strong_light,14.683333333333334,9660.0
3,T3_noon_strong_light,14.7,9720.0
3,T3_noon_strong_light,14.716666666666667,9780.0
3,T3_noon_strong_light,14.733333333333334,9840.0
3,T3_noon_strong_light,14.75,9900.0
3,T3_noon_strong_light,14.766666666666666,9960.0
3,T3_noon_strong_light,14.783333333333333,10020.0
3,T3_noon_strong_light,14.8,10080.0
3,T3_noon_strong_light,14.816666666666666,10140.0
3,T3_noon_strong_light,14.833333333333334,10200.0
3,T3_noon_strong_light,14.85,10260.0
3,T3_noon_strong_light,14.866666666666667,10320.0
3,T3_noon_strong_light,14.883333333333333,10380.0
3,T3_noon_strong_light,14.9,10440.0
3,T3_noon_strong_light,14.916666666666666,10500.0
3,T3_noon_strong_light,14.933333333333334,10560.0
3,T3_noon_strong_light,14.95,10620.0
3,T3_noon_strong_light,14.966666666666667,10680.0
3,T3_noon_strong_light,14.983333333333334,10740.0
3,T3_noon_strong_light,15.0,10800.0
3,T3_noon_strong_light,15.016666666666666,10860.0
3,T3_noon_strong_light,15.033333333333333,10920.0
3,T3_noon_strong_light,15.05,10980.0
3,T3_noon_strong_light,15.066666666666666,11040.0
3,T3_noon_strong_light,15.083333333333334,11100.0
3,T3_noon_strong_light,15.1,11160.0
3,T3_noon_strong_light,15.116666666666667,11220.0
3,T3_noon_strong_light,15.133333333333333,11280.0
3,T3_noon_strong_light,15.15,11340.0
3,T3_noon_strong_light,15.166666666666666,11400.0
3,T3_noon_strong_light,15.183333333333334,11460.0
3,T3_noon_strong_light,15.2,11520.0
3,T3_noon_strong_light,15.216666666666667,11580.0
3,T3_noon_strong_light,15.233333333333334,11640.0
3,T3_noon_strong_light,15.25,11700.0
3,T3_noon_strong_light,15.266666666666666,11760.0
3,T3_noon_strong_light,15.283333333333333,11820.0
3,T3_noon_strong_light,15.3,11880.0
3,T3_noon_strong_light,15.316666666666666,11940.0
3,T3_noon_strong_light,15.333333333333334,12000.0
3,T3_noon_strong_light,15.35,12060.0
3,T3_noon_strong_light,15.366666666666667,12120.0
3,T3_noon_strong_light,15.383333333333333,12180.0
3,T3_noon_strong_light,15.4,12240.0
3,T3_noon_strong_light,15.416666666666666,12300.0
3,T3_noon_strong_light,15.433333333333334,12360.0
3,T3_noon_strong_light,15.45,12420.0
3,T3_noon_strong_light,15.466666666666667,12480.0
3,T3_noon_strong_light,15.483333333333334,12540.0
3,T3_noon_strong_light,15.5,12600.0
3,T3_noon_strong_light,15.516666666666666,12660.0
3,T3_noon_strong_light,15.533333333333333,12720.0
3,T3_noon_strong_light,15.55,12780.0
3,T3_noon_strong_light,15.566666666666666,12840.0
3,T3_noon_strong_light,15.583333333333334,12900.0
3,T3_noon_strong_light,15.6,12960.0
3,T3_noon_strong_light,15.616666666666667,13020.0
3,T3_noon_strong_light,15.633333333333333,13080.0
3,T3_noon_strong_light,15.65,13140.0
3,T3_noon_strong_light,15.666666666666666,13200.0
3,T3_noon_strong_light,15.683333333333334,13260.0
3,T3_noon_strong_light,15.7,13320.0
3,T3_noon_strong_light,15.716666666666667,13380.0
3,T3_noon_strong_light,15.733333333333334,13440.0
3,T3_noon_strong_light,15.75,13500.0
3,T3_noon_strong_light,15.766666666666666,13560.0
3,T3_noon_strong_light,15.783333333333333,13620.0
3,T3_noon_strong_light,15.8,13680.0
3,T3_noon_strong_light,15.816666666666666,13740.0
3,T3_noon_strong_light,15.833333333333334,13800.0
3,T3_noon_strong_light,15.85,13860.0
3,T3_noon_strong_light,15.866666666666667,13920.0
3,T3_noon_strong_light,15.883333333333333,13980.0
3,T3_noon_strong_light,15.9,14040.0
3,T3_noon_strong_light,15.916666666666666,14100.0
3,T3_noon_strong_light,15.933333333333334,14160.0
3,T3_noon_strong_light,15.95,14220.0
3,T3_noon_strong_light,15.966666666666667,14280.0
3,T3_noon_strong_light,15.983333333333334,14340.0
3,T3_noon_strong_light,16.0,14400.0
3,T3_noon_strong_light,16.016666666666666,14460.0
3,T3_noon_strong_light,16.03333333333333,14520.0
3,T3_noon_strong_light,16.05,14580.0
3,T3_noon_strong_light,16.066666666666666,14640.0
3,T3_noon_strong_light,16.083333333333332,14700.0
3,T3_noon_strong_light,16.1,14760.0
3,T3_noon_strong_light,16.116666666666667,14820.0
3,T3_noon_strong_light,16.133333333333333,14880.0
3,T3_noon_strong_light,16.15,14940.0
3,T3_noon_strong_light,16.166666666666668,15000.0
3,T3_noon_strong_light,16.183333333333334,15060.0
3,T3_noon_strong_light,16.2,15120.0
3,T3_noon_strong_light,16.21666666666667,15180.0
3,T3_noon_strong_light,16.233333333333334,15240.0
3,T3_noon_strong_light,16.25,15300.0
3,T3_noon_strong_light,16.266666666666666,15360.0
3,T3_noon_strong_light,16.28333333333333,15420.0
3,T3_noon_strong_light,16.3,15480.0
3,T3_noon_strong_light,16.316666666666666,15540.0
3,T3_noon_strong_light,16.333333333333332,15600.0
3,T3_noon_strong_light,16.35,15660.0
3,T3_noon_strong_light,16.366666666666667,15720.0
3,T3_noon_strong_light,16.383333333333333,15780.0
3,T3_noon_strong_light,16.4,15840.0
3,T3_noon_strong_light,16.416666666666668,15900.0
3,T3_noon_strong_light,16.433333333333334,15960.0
3,T3_noon_strong_light,16.45,16020.0
3,T3_noon_strong_light,16.46666666666667,16080.0
3,T3_noon_strong_light,16.483333333333334,16140.0
3,T3_noon_strong_light,16.5,16200.0
3,T3_noon_strong_light,16.516666666666666,16260.0
3,T3_noon_strong_light,16.53333333333333,16320.0
3,T3_noon_strong_light,16.55,16380.0
3,T3_noon_strong_light,16.566666666666666,16440.0
3,T3_noon_strong_light,16.583333333333332,16500.0
3,T3_noon_strong_light,16.6,16560.0
3,T3_noon_strong_light,16.616666666666667,16620.0
3,T3_noon_strong_light,16.633333333333333,16680.0
3,T3_noon_strong_light,16.65,16740.0
3,T3_noon_strong_light,16.666666666666668,16800.0
3,T3_noon_strong_light,16.683333333333334,16860.0
3,T3_noon_strong_light,16.7,16920.0
3,T3_noon_strong_light,16.71666666666667,16980.0
3,T3_noon_strong_light,16.733333333333334,17040.0
3,T3_noon_strong_light,16.75,17100.0
3,T3_noon_strong_light,16.766666666666666,17160.0
3,T3_noon_strong_light,16.78333333333333,17220.0
3,T3_noon_strong_light,16.8,17280.0
3,T3_noon_strong_light,16.816666666666666,17340.0
3,T3_noon_strong_light,16.833333333333332,17400.0
3,T3_noon_strong_light,16.85,17460.0
3,T3_noon_strong_light,16.866666666666667,17520.0
3,T3_noon_strong_light,16.883333333333333,17580.0
3,T3_noon_strong_light,16.9,17640.0
3,T3_noon_strong_light,16.916666666666668,17700.0
3,T3_noon_strong_light,16.933333333333334,17760.0
3,T3_noon_strong_light,16.95,17820.0
3,T3_noon_strong_light,16.96666666666667,17880.0
3,T3_noon_strong_light,16.983333333333334,17940.0
3,T3_noon_strong_light,17.0,18000.0
3,T3_noon_strong_light,17.016666666666666,18060.0
3,T3_noon_strong_light,17.03333333333333,18120.0
3,T3_noon_strong_light,17.05,18180.0
3,T3_noon_strong_light,17.066666666666666,18240.0
3,T3_noon_strong_light,17.083333333333332,18300.0
3,T3_noon_strong_light,17.1,18360.0
3,T3_noon_strong_light,17.116666666666667,18420.0
3,T3_noon_strong_light,17.133333333333333,18480.0
3,T3_noon_strong_light,17.15,18540.0
3,T3_noon_strong_light,17.166666666666668,18600.0
3,T3_noon_strong_light,17.183333333333334,18660.0
3,T3_noon_strong_light,17.2,18720.0
3,T3_noon_strong_light,17.21666666666667,18780.0
3,T3_noon_strong_light,17.233333333333334,18840.0
3,T3_noon_strong_light,17.25,18900.0
3,T3_noon_strong_light,17.266666666666666,18960.0
3,T3_noon_strong_light,17.28333333333333,19020.0
3,T3_noon_strong_light,17.3,19080.0
3,T3_noon_strong_light,17.316666666666666,19140.0
3,T3_noon_strong_light,17.333333333333332,19200.0
3,T3_noon_strong_light,17.35,19260.0
3,T3_noon_strong_light,17.366666666666667,19320.0
3,T3_noon_strong_light,17.383333333333333,19380.0
3,T3_noon_strong_light,17.4,19440.0
3,T3_noon_strong_light,17.416666666666668,19500.0
3,T3_noon_strong_light,17.433333333333334,19560.0
3,T3_noon_strong_light,17.45,19620.0
3,T3_noon_strong_light,17.46666666666667,19680.0
3,T3_noon_strong_light,17.483333333333334,19740.0
3,T3_noon_strong_light,17.5,19800.0
3,T3_noon_strong_light,17.516666666666666,19860.0
3,T3_noon_strong_light,17.53333333333333,19920.0
3,T3_noon_strong_light,17.55,19980.0
3,T3_noon_strong_light,17.566666666666666,20040.0
3,T3_noon_strong_light,17.583333333333332,20100.0
3,T3_noon_strong_light,17.6,20160.0
3,T3_noon_strong_light,17.616666666666667,20220.0
3,T3_noon_strong_light,17.633333333333333,20280.0
3,T3_noon_strong_light,17.65,20340.0
3,T3_noon_strong_light,17.666666666666668,20400.0
3,T3_noon_strong_light,17.683333333333334,20460.0
3,T3_noon_strong_light,17.7,20520.0
3,T3_noon_strong_light,17.71666666666667,20580.0
3,T3_noon_strong_light,17.733333333333334,20640.0
3,T3_noon_strong_light,17.75,20700.0
3,T3_noon_strong_light,17.766666666666666,20760.0
3,T3_noon_strong_light,17.78333333333333,20820.0
3,T3_noon_strong_light,17.8,20880.0
3,T3_noon_strong_light,17.816666666666666,20940.0
3,T3_noon_strong_light,17.833333333333332,21000.0
3,T3_noon_strong_light,17.85,21060.0
3,T3_noon_strong_light,17.866666666666667,21120.0
3,T3_noon_strong_light,17.883333333333333,21180.0
3,T3_noon_strong_light,17.9,21240.0
4,T4_home_full_car_charge,12.183333333333334,660.0
4,T4_home_full_car_charge,12.2,720.0
4,T4_home_full_car_charge,12.216666666666667,780.0
4,T4_home_full_car_charge,12.233333333333333,840.0
4,T4_home_full_car_charge,12.25,900.0
4,T4_home_full_car_charge,12.266666666666667,960.0
4,T4_home_full_car_charge,12.283333333333333,1020.0
4,T4_home_full_car_charge,12.3,1080.0
4,T4_home_full_car_charge,12.316666666666666,1140.0
4,T4_home_full_car_charge,12.333333333333334,1200.0
4,T4_home_full_car_charge,12.35,1260.0
4,T4_home_full_car_charge,12.366666666666667,1320.0
4,T4_home_full_car_charge,12.383333333333333,1380.0
4,T4_home_full_car_charge,12.4,1440.0
4,T4_home_full_car_charge,12.416666666666666,1500.0
4,T4_home_full_car_charge,12.433333333333334,1560.0
4,T4_home_full_car_charge,12.45,1620.0
4,T4_home_full_car_charge,12.466666666666667,1680.0
4,T4_home_full_car_charge,12.483333333333333,1740.0
4,T4_home_full_car_charge,12.5,1800.0
4,T4_home_full_car_charge,12.516666666666667,1860.0
4,T4_home_full_car_charge,12.533333333333333,1920.0
4,T4_home_full_car_charge,12.55,1980.0
4,T4_home_full_car_charge,12.566666666666666,2040.0
4,T4_home_full_car_charge,12.583333333333334,2100.0
4,T4_home_full_car_charge,12.6,2160.0
4,T4_home_full_car_charge,12.616666666666667,2220.0
4,T4_home_full_car_charge,12.633333333333333,2280.0
4,T4_home_full_car_charge,12.65,2340.0
4,T4_home_full_car_charge,12.666666666666666,2400.0
4,T4_home_full_car_charge,12.683333333333334,2460.0
4,T4_home_full_car_charge,12.7,2520.0
4,T4_home_full_car_charge,12.716666666666667,2580.0
4,T4_home_full_car_charge,12.733333333333333,2640.0
4,T4_home_full_car_charge,12.75,2700.0
4,T4_home_full_car_charge,12.766666666666667,2760.0
4,T4_home_full_car_charge,12.783333333333333,2820.0
4,T4_home_full_car_charge,12.8,2880.0
4,T4_home_full_car_charge,12.816666666666666,2940.0
4,T4_home_full_car_charge,12.833333333333334,3000.0
4,T4_home_full_car_charge,12.85,3060.0
4,T4_home_full_car_charge,12.866666666666667,3120.0
4,T4_home_full_car_charge,12.883333333333333,3180.0
4,T4_home_full_car_charge,12.9,3240.0
4,T4_home_full_car_charge,12.916666666666666,3300.0
4,T4_home_full_car_charge,12.933333333333334,3360.0
4,T4_home_full_car_charge,12.95,3420.0
4,T4_home_full_car_charge,12.966666666666667,3480.0
4,T4_home_full_car_charge,12.983333333333333,3540.0
4,T4_home_full_car_charge,13.0,3600.0
4,T4_home_full_car_charge,13.016666666666666,3660.0
4,T4_home_full_car_charge,13.033333333333333,3720.0
4,T4_home_full_car_charge,13.05,3780.0
4,T4_home_full_car_charge,13.066666666666666,3840.0
4,T4_home_full_car_charge,13.083333333333334,3900.0
4,T4_home_full_car_charge,13.1,3960.0
4,T4_home_full_car_charge,13.116666666666667,4020.0
4,T4_home_full_car_charge,13.133333333333333,4080.0
4,T4_home_full_car_charge,13.15,4140.0
4,T4_home_full_car_charge,13.166666666666666,4200.0
4,T4_home_full_car_charge,13.183333333333334,4260.0
4,T4_home_full_car_charge,13.2,4320.0
4,T4_home_full_car_charge,13.216666666666667,4380.0
4,T4_home_full_car_charge,13.233333333333334,4440.0
4,T4_home_full_car_charge,13.25,4500.0
4,T4_home_full_car_charge,13.266666666666666,4560.0
4,T4_home_full_car_charge,13.283333333333333,4620.0
4,T4_home_full_car_charge,13.3,4680.0
4,T4_home_full_car_charge,13.316666666666666,4740.0
4,T4_home_full_car_charge,13.333333333333334,4800.0
4,T4_home_full_car_charge,13.35,4860.0
4,T4_home_full_car_charge,13.366666666666667,4920.0
4,T4_home_full_car_charge,13.383333333333333,4980.0
4,T4_home_full_car_charge,13.4,5040.0
4,T4_home_full_car_charge,13.416666666666666,5100.0
4,T4_home_full_car_charge,13.433333333333334,5160.0
4,T4_home_full_car_charge,13.45,5220.0
4,T4_home_full_car_charge,13.466666666666667,5280.0
4,T4_home_full_car_charge,13.483333333333334,5340.0
4,T4_home_full_car_charge,13.5,5400.0
4,T4_home_full_car_charge,13.516666666666666,5460.0
4,T4_home_full_car_charge,13.533333333333333,5520.0
4,T4_home_full_car_charge,13.55,5580.0
4,T4_home_full_car_charge,13.566666666666666,5640.0
4,T4_home_full_car_charge,13.583333333333334,5700.0
4,T4_home_full_car_charge,13.6,5760.0
4,T4_home_full_car_charge,13.616666666666667,5820.0
4,T4_home_full_car_charge,13.633333333333333,5880.0
4,T4_home_full_car_charge,13.65,5940.0
4,T4_home_full_car_charge,13.666666666666666,6000.0
4,T4_home_full_car_charge,13.683333333333334,6060.0
4,T4_home_full_car_charge,13.7,6120.0
4,T4_home_full_car_charge,13.716666666666667,6180.0
4,T4_home_full_car_charge,13.733333333333334,6240.0
4,T4_home_full_car_charge,13.75,6300.0
4,T4_home_full_car_charge,13.766666666666666,6360.0
4,T4_home_full_car_charge,13.783333333333333,6420.0
4,T4_home_full_car_charge,13.8,6480.0
4,T4_home_full_car_charge,13.816666666666666,6540.0
4,T4_home_full_car_charge,13.833333333333334,6600.0
4,T4_home_full_car_charge,13.85,6660.0
4,T4_home_full_car_charge,13.866666666666667,6720.0
4,T4_home_full_car_charge,13.883333333333333,6780.0
4,T4_home_full_car_charge,13.9,6840.0
4,T4_home_full_car_charge,13.916666666666666,6900.0
4,T4_home_full_car_charge,13.933333333333334,6960.0
4,T4_home_full_car_charge,13.95,7020.0
4,T4_home_full_car_charge,13.966666666666667,7080.0
4,T4_home_full_car_charge,13.983333333333334,7140.0
4,T4_home_full_car_charge,14.0,7200.0
4,T4_home_full_car_charge,14.016666666666666,7260.0
4,T4_home_full_car_charge,14.033333333333333,7320.0
4,T4_home_full_car_charge,14.05,7380.0
4,T4_home_full_car_charge,14.066666666666666,7440.0
4,T4_home_full_car_charge,14.083333333333334,7500.0
4,T4_home_full_car_charge,14.1,7560.0
4,T4_home_full_car_charge,14.116666666666667,7620.0
4,T4_home_full_car_charge,14.133333333333333,7680.0
4,T4_home_full_car_charge,14.15,7740.0
5,T5_dusk_load_increase,18.183333333333334,660.0
5,T5_dusk_load_increase,18.2,720.0
5,T5_dusk_load_increase,18.216666666666665,780.0
5,T5_dusk_load_increase,18.233333333333334,840.0
5,T5_dusk_load_increase,18.25,900.0
5,T5_dusk_load_increase,18.266666666666666,960.0
5,T5_dusk_load_increase,18.283333333333335,1020.0
5,T5_dusk_load_increase,18.3,1080.0
5,T5_dusk_load_increase,18.316666666666666,1140.0
5,T5_dusk_load_increase,18.333333333333332,1200.0
5,T5_dusk_load_increase,18.35,1260.0
5,T5_dusk_load_increase,18.366666666666667,1320.0
5,T5_dusk_load_increase,18.383333333333333,1380.0
5,T5_dusk_load_increase,18.4,1440.0
5,T5_dusk_load_increase,18.416666666666668,1500.0
5,T5_dusk_load_increase,18.433333333333334,1560.0
5,T5_dusk_load_increase,18.45,1620.0
5,T5_dusk_load_increase,18.466666666666665,1680.0
5,T5_dusk_load_increase,18.483333333333334,1740.0
5,T5_dusk_load_increase,18.5,1800.0
5,T5_dusk_load_increase,18.516666666666666,1860.0
5,T5_dusk_load_increase,18.533333333333335,1920.0
5,T5_dusk_load_increase,18.55,1980.0
5,T5_dusk_load_increase,18.566666666666666,2040.0
5,T5_dusk_load_increase,18.583333333333332,2100.0
5,T5_dusk_load_increase,18.6,2160.0
5,T5_dusk_load_increase,18.616666666666667,2220.0
5,T5_dusk_load_increase,18.633333333333333,2280.0
5,T5_dusk_load_increase,18.65,2340.0
5,T5_dusk_load_increase,18.666666666666668,2400.0
5,T5_dusk_load_increase,18.683333333333334,2460.0
5,T5_dusk_load_increase,18.7,2520.0
5,T5_dusk_load_increase,18.716666666666665,2580.0
5,T5_dusk_load_increase,18.733333333333334,2640.0
5,T5_dusk_load_increase,18.75,2700.0
5,T5_dusk_load_increase,18.766666666666666,2760.0
5,T5_dusk_load_increase,18.783333333333335,2820.0
5,T5_dusk_load_increase,18.8,2880.0
5,T5_dusk_load_increase,18.816666666666666,2940.0
5,T5_dusk_load_increase,18.833333333333332,3000.0
5,T5_dusk_load_increase,18.85,3060.0
5,T5_dusk_load_increase,18.866666666666667,3120.0
5,T5_dusk_load_increase,18.883333333333333,3180.0
5,T5_dusk_load_increase,18.9,3240.0
5,T5_dusk_load_increase,18.916666666666668,3300.0
5,T5_dusk_load_increase,18.933333333333334,3360.0
5,T5_dusk_load_increase,18.95,3420.0
5,T5_dusk_load_increase,18.966666666666665,3480.0
5,T5_dusk_load_increase,18.983333333333334,3540.0
5,T5_dusk_load_increase,19.0,3600.0
5,T5_dusk_load_increase,19.016666666666666,3660.0
5,T5_dusk_load_increase,19.033333333333335,3720.0
5,T5_dusk_load_increase,19.05,3780.0
5,T5_dusk_load_increase,19.066666666666666,3840.0
5,T5_dusk_load_increase,19.083333333333332,3900.0
5,T5_dusk_load_increase,19.1,3960.0
5,T5_dusk_load_increase,19.116666666666667,4020.0
5,T5_dusk_load_increase,19.133333333333333,4080.0
5,T5_dusk_load_increase,19.15,4140.0
5,T5_dusk_load_increase,19.166666666666668,4200.0
5,T5_dusk_load_increase,19.183333333333334,4260.0
5,T5_dusk_load_increase,19.2,4320.0
5,T5_dusk_load_increase,19.216666666666665,4380.0
5,T5_dusk_load_increase,19.233333333333334,4440.0
5,T5_dusk_load_increase,19.25,4500.0
5,T5_dusk_load_increase,19.266666666666666,4560.0
5,T5_dusk_load_increase,19.283333333333335,4620.0
5,T5_dusk_load_increase,19.3,4680.0
5,T5_dusk_load_increase,19.316666666666666,4740.0
5,T5_dusk_load_increase,19.333333333333332,4800.0
5,T5_dusk_load_increase,19.35,4860.0
5,T5_dusk_load_increase,19.366666666666667,4920.0
5,T5_dusk_load_increase,19.383333333333333,4980.0
5,T5_dusk_load_increase,19.4,5040.0
5,T5_dusk_load_increase,19.416666666666668,5100.0
5,T5_dusk_load_increase,19.433333333333334,5160.0
5,T5_dusk_load_increase,19.45,5220.0
5,T5_dusk_load_increase,19.466666666666665,5280.0
5,T5_dusk_load_increase,19.483333333333334,5340.0
5,T5_dusk_load_increase,19.5,5400.0
5,T5_dusk_load_increase,19.516666666666666,5460.0
5,T5_dusk_load_increase,19.533333333333335,5520.0
5,T5_dusk_load_increase,19.55,5580.0
5,T5_dusk_load_increase,19.566666666666666,5640.0
5,T5_dusk_load_increase,19.583333333333332,5700.0
5,T5_dusk_load_increase,19.6,5760.0
5,T5_dusk_load_increase,19.616666666666667,5820.0
5,T5_dusk_load_increase,19.633333333333333,5880.0
5,T5_dusk_load_increase,19.65,5940.0
5,T5_dusk_load_increase,19.666666666666668,6000.0
5,T5_dusk_load_increase,19.683333333333334,6060.0
5,T5_dusk_load_increase,19.7,6120.0
5,T5_dusk_load_increase,19.716666666666665,6180.0
5,T5_dusk_load_increase,19.733333333333334,6240.0
5,T5_dusk_load_increase,19.75,6300.0
5,T5_dusk_load_increase,19.766666666666666,6360.0
5,T5_dusk_load_increase,19.783333333333335,6420.0
5,T5_dusk_load_increase,19.8,6480.0
5,T5_dusk_load_increase,19.816666666666666,6540.0
5,T5_dusk_load_increase,19.833333333333332,6600.0
5,T5_dusk_load_increase,19.85,6660.0
5,T5_dusk_load_increase,19.866666666666667,6720.0
5,T5_dusk_load_increase,19.883333333333333,6780.0
5,T5_dusk_load_increase,19.9,6840.0
5,T5_dusk_load_increase,19.916666666666668,6900.0
5,T5_dusk_load_increase,19.933333333333334,6960.0
5,T5_dusk_load_increase,19.95,7020.0
5,T5_dusk_load_increase,19.966666666666665,7080.0
5,T5_dusk_load_increase,19.983333333333334,7140.0
5,T5_dusk_load_increase,20.0,7200.0
5,T5_dusk_load_increase,20.016666666666666,7260.0
5,T5_dusk_load_increase,20.03333333333333,7320.0
5,T5_dusk_load_increase,20.05,7380.0
5,T5_dusk_load_increase,20.066666666666666,7440.0
5,T5_dusk_load_increase,20.083333333333332,7500.0
5,T5_dusk_load_increase,20.1,7560.0
5,T5_dusk_load_increase,20.116666666666667,7620.0
5,T5_dusk_load_increase,20.133333333333333,7680.0
5,T5_dusk_load_increase,20.15,7740.0
5,T5_dusk_load_increase,20.166666666666668,7800.0
5,T5_dusk_load_increase,20.183333333333334,7860.0
5,T5_dusk_load_increase,20.2,7920.0
5,T5_dusk_load_increase,20.21666666666667,7980.0
5,T5_dusk_load_increase,20.233333333333334,8040.0
5,T5_dusk_load_increase,20.25,8100.0
5,T5_dusk_load_increase,20.266666666666666,8160.0
5,T5_dusk_load_increase,20.28333333333333,8220.0
5,T5_dusk_load_increase,20.3,8280.0
5,T5_dusk_load_increase,20.316666666666666,8340.0
5,T5_dusk_load_increase,20.333333333333332,8400.0
5,T5_dusk_load_increase,20.35,8460.0
5,T5_dusk_load_increase,20.366666666666667,8520.0
5,T5_dusk_load_increase,20.383333333333333,8580.0
5,T5_dusk_load_increase,20.4,8640.0
5,T5_dusk_load_increase,20.416666666666668,8700.0
5,T5_dusk_load_increase,20.433333333333334,8760.0
5,T5_dusk_load_increase,20.45,8820.0
5,T5_dusk_load_increase,20.46666666666667,8880.0
5,T5_dusk_load_increase,20.483333333333334,8940.0
5,T5_dusk_load_increase,20.5,9000.0
5,T5_dusk_load_increase,20.516666666666666,9060.0
5,T5_dusk_load_increase,20.53333333333333,9120.0
5,T5_dusk_load_increase,20.55,9180.0
5,T5_dusk_load_increase,20.566666666666666,9240.0
5,T5_dusk_load_increase,20.583333333333332,9300.0
5,T5_dusk_load_increase,20.6,9360.0
5,T5_dusk_load_increase,20.616666666666667,9420.0
5,T5_dusk_load_increase,20.633333333333333,9480.0
5,T5_dusk_load_increase,20.65,9540.0
5,T5_dusk_load_increase,20.666666666666668,9600.0
5,T5_dusk_load_increase,20.683333333333334,9660.0
5,T5_dusk_load_increase,20.7,9720.0
5,T5_dusk_load_increase,20.71666666666667,9780.0
5,T5_dusk_load_increase,20.733333333333334,9840.0
5,T5_dusk_load_increase,20.75,9900.0
5,T5_dusk_load_increase,20.766666666666666,9960.0
5,T5_dusk_load_increase,20.78333333333333,10020.0
5,T5_dusk_load_increase,20.8,10080.0
5,T5_dusk_load_increase,20.816666666666666,10140.0
5,T5_dusk_load_increase,20.833333333333332,10200.0
5,T5_dusk_load_increase,20.85,10260.0
5,T5_dusk_load_increase,20.866666666666667,10320.0
5,T5_dusk_load_increase,20.883333333333333,10380.0
5,T5_dusk_load_increase,20.9,10440.0
5,T5_dusk_load_increase,20.916666666666668,10500.0
5,T5_dusk_load_increase,20.933333333333334,10560.0
5,T5_dusk_load_increase,20.95,10620.0
5,T5_dusk_load_increase,20.96666666666667,10680.0
5,T5_dusk_load_increase,20.983333333333334,10740.0
5,T5_dusk_load_increase,21.0,10800.0
5,T5_dusk_load_increase,21.016666666666666,10860.0
5,T5_dusk_load_increase,21.03333333333333,10920.0
5,T5_dusk_load_increase,21.05,10980.0
5,T5_dusk_load_increase,21.066666666666666,11040.0
5,T5_dusk_load_increase,21.083333333333332,11100.0
5,T5_dusk_load_increase,21.1,11160.0
5,T5_dusk_load_increase,21.116666666666667,11220.0
5,T5_dusk_load_increase,21.133333333333333,11280.0
5,T5_dusk_load_increase,21.15,11340.0
5,T5_dusk_load_increase,21.166666666666668,11400.0
5,T5_dusk_load_increase,21.183333333333334,11460.0
5,T5_dusk_load_increase,21.2,11520.0
5,T5_dusk_load_increase,21.21666666666667,11580.0
5,T5_dusk_load_increase,21.233333333333334,11640.0
5,T5_dusk_load_increase,21.25,11700.0
5,T5_dusk_load_increase,21.266666666666666,11760.0
5,T5_dusk_load_increase,21.28333333333333,11820.0
5,T5_dusk_load_increase,21.3,11880.0
5,T5_dusk_load_increase,21.316666666666666,11940.0
5,T5_dusk_load_increase,21.333333333333332,12000.0
5,T5_dusk_load_increase,21.35,12060.0
5,T5_dusk_load_increase,21.366666666666667,12120.0
5,T5_dusk_load_increase,21.383333333333333,12180.0
5,T5_dusk_load_increase,21.4,12240.0
5,T5_dusk_load_increase,21.416666666666668,12300.0
5,T5_dusk_load_increase,21.433333333333334,12360.0
5,T5_dusk_load_increase,21.45,12420.0
5,T5_dusk_load_increase,21.46666666666667,12480.0
5,T5_dusk_load_increase,21.483333333333334,12540.0
5,T5_dusk_load_increase,21.5,12600.0
5,T5_dusk_load_increase,21.516666666666666,12660.0
5,T5_dusk_load_increase,21.53333333333333,12720.0
5,T5_dusk_load_increase,21.55,12780.0
5,T5_dusk_load_increase,21.566666666666666,12840.0
5,T5_dusk_load_increase,21.583333333333332,12900.0
5,T5_dusk_load_increase,21.6,12960.0
5,T5_dusk_load_increase,21.616666666666667,13020.0
5,T5_dusk_load_increase,21.633333333333333,13080.0
5,T5_dusk_load_increase,21.65,13140.0
5,T5_dusk_load_increase,21.666666666666668,13200.0
5,T5_dusk_load_increase,21.683333333333334,13260.0
5,T5_dusk_load_increase,21.7,13320.0
5,T5_dusk_load_increase,21.71666666666667,13380.0
5,T5_dusk_load_increase,21.733333333333334,13440.0
5,T5_dusk_load_increase,21.75,13500.0
5,T5_dusk_load_increase,21.766666666666666,13560.0
5,T5_dusk_load_increase,21.78333333333333,13620.0
5,T5_dusk_load_increase,21.8,13680.0
5,T5_dusk_load_increase,21.816666666666666,13740.0
5,T5_dusk_load_increase,21.833333333333332,13800.0
5,T5_dusk_load_increase,21.85,13860.0
5,T5_dusk_load_increase,21.866666666666667,13920.0
5,T5_dusk_load_increase,21.883333333333333,13980.0
5,T5_dusk_load_increase,21.9,14040.0
5,T5_dusk_load_increase,21.916666666666668,14100.0
5,T5_dusk_load_increase,21.933333333333334,14160.0
5,T5_dusk_load_increase,21.95,14220.0
5,T5_dusk_load_increase,21.96666666666667,14280.0
5,T5_dusk_load_increase,21.983333333333334,14340.0
5,T5_dusk_load_increase,22.0,14400.0
5,T5_dusk_load_increase,22.016666666666666,14460.0
5,T5_dusk_load_increase,22.03333333333333,14520.0
5,T5_dusk_load_increase,22.05,14580.0
5,T5_dusk_load_increase,22.066666666666666,14640.0
5,T5_dusk_load_increase,22.083333333333332,14700.0
5,T5_dusk_load_increase,22.1,14760.0
5,T5_dusk_load_increase,22.116666666666667,14820.0
5,T5_dusk_load_increase,22.133333333333333,14880.0
5,T5_dusk_load_increase,22.15,14940.0
5,T5_dusk_load_increase,22.166666666666668,15000.0
5,T5_dusk_load_increase,22.183333333333334,15060.0
5,T5_dusk_load_increase,22.2,15120.0
5,T5_dusk_load_increase,22.21666666666667,15180.0
5,T5_dusk_load_increase,22.233333333333334,15240.0
5,T5_dusk_load_increase,22.25,15300.0
5,T5_dusk_load_increase,22.266666666666666,15360.0
5,T5_dusk_load_increase,22.28333333333333,15420.0
5,T5_dusk_load_increase,22.3,15480.0
5,T5_dusk_load_increase,22.316666666666666,15540.0
5,T5_dusk_load_increase,22.333333333333332,15600.0
5,T5_dusk_load_increase,22.35,15660.0
5,T5_dusk_load_increase,22.366666666666667,15720.0
5,T5_dusk_load_increase,22.383333333333333,15780.0
5,T5_dusk_load_increase,22.4,15840.0
5,T5_dusk_load_increase,22.416666666666668,15900.0
5,T5_dusk_load_increase,22.433333333333334,15960.0
5,T5_dusk_load_increase,22.45,16020.0
5,T5_dusk_load_increase,22.46666666666667,16080.0
5,T5_dusk_load_increase,22.483333333333334,16140.0
5,T5_dusk_load_increase,22.5,16200.0
5,T5_dusk_load_increase,22.516666666666666,16260.0
5,T5_dusk_load_increase,22.53333333333333,16320.0
5,T5_dusk_load_increase,22.55,16380.0
5,T5_dusk_load_increase,22.566666666666666,16440.0
5,T5_dusk_load_increase,22.583333333333332,16500.0
5,T5_dusk_load_increase,22.6,16560.0
5,T5_dusk_load_increase,22.616666666666667,16620.0
5,T5_dusk_load_increase,22.633333333333333,16680.0
5,T5_dusk_load_increase,22.65,16740.0
5,T5_dusk_load_increase,22.666666666666668,16800.0
5,T5_dusk_load_increase,22.683333333333334,16860.0
5,T5_dusk_load_increase,22.7,16920.0
5,T5_dusk_load_increase,22.71666666666667,16980.0
5,T5_dusk_load_increase,22.733333333333334,17040.0
5,T5_dusk_load_increase,22.75,17100.0
5,T5_dusk_load_increase,22.766666666666666,17160.0
5,T5_dusk_load_increase,22.78333333333333,17220.0
5,T5_dusk_load_increase,22.8,17280.0
5,T5_dusk_load_increase,22.816666666666666,17340.0
5,T5_dusk_load_increase,22.833333333333332,17400.0
5,T5_dusk_load_increase,22.85,17460.0
5,T5_dusk_load_increase,22.866666666666667,17520.0
5,T5_dusk_load_increase,22.883333333333333,17580.0
5,T5_dusk_load_increase,22.9,17640.0
5,T5_dusk_load_increase,22.916666666666668,17700.0
5,T5_dusk_load_increase,22.933333333333334,17760.0
5,T5_dusk_load_increase,22.95,17820.0
5,T5_dusk_load_increase,22.96666666666667,17880.0
5,T5_dusk_load_increase,22.983333333333334,17940.0
5,T5_dusk_load_increase,23.0,18000.0
5,T5_dusk_load_increase,23.016666666666666,18060.0
5,T5_dusk_load_increase,23.03333333333333,18120.0
5,T5_dusk_load_increase,23.05,18180.0
5,T5_dusk_load_increase,23.066666666666666,18240.0
5,T5_dusk_load_increase,23.083333333333332,18300.0
5,T5_dusk_load_increase,23.1,18360.0
5,T5_dusk_load_increase,23.116666666666667,18420.0
5,T5_dusk_load_increase,23.133333333333333,18480.0
5,T5_dusk_load_increase,23.15,18540.0
5,T5_dusk_load_increase,23.166666666666668,18600.0
5,T5_dusk_load_increase,23.183333333333334,18660.0
5,T5_dusk_load_increase,23.2,18720.0
5,T5_dusk_load_increase,23.21666666666667,18780.0
5,T5_dusk_load_increase,23.233333333333334,18840.0
5,T5_dusk_load_increase,23.25,18900.0
5,T5_dusk_load_increase,23.266666666666666,18960.0
5,T5_dusk_load_increase,23.28333333333333,19020.0
5,T5_dusk_load_increase,23.3,19080.0
5,T5_dusk_load_increase,23.316666666666666,19140.0
5,T5_dusk_load_increase,23.333333333333332,19200.0
5,T5_dusk_load_increase,23.35,19260.0
5,T5_dusk_load_increase,23.366666666666667,19320.0
5,T5_dusk_load_increase,23.383333333333333,19380.0
5,T5_dusk_load_increase,23.4,19440.0
5,T5_dusk_load_increase,23.416666666666668,19500.0
5,T5_dusk_load_increase,23.433333333333334,19560.0
5,T5_dusk_load_increase,23.45,19620.0
5,T5_dusk_load_increase,23.46666666666667,19680.0
5,T5_dusk_load_increase,23.483333333333334,19740.0
5,T5_dusk_load_increase,23.5,19800.0
5,T5_dusk_load_increase,23.516666666666666,19860.0
5,T5_dusk_load_increase,23.53333333333333,19920.0
5,T5_dusk_load_increase,23.55,19980.0
5,T5_dusk_load_increase,23.566666666666666,20040.0
5,T5_dusk_load_increase,23.583333333333332,20100.0
5,T5_dusk_load_increase,23.6,20160.0
5,T5_dusk_load_increase,23.616666666666667,20220.0
5,T5_dusk_load_increase,23.633333333333333,20280.0
5,T5_dusk_load_increase,23.65,20340.0
5,T5_dusk_load_increase,23.666666666666668,20400.0
5,T5_dusk_load_increase,23.683333333333334,20460.0
5,T5_dusk_load_increase,23.7,20520.0
5,T5_dusk_load_increase,23.71666666666667,20580.0
5,T5_dusk_load_increase,23.733333333333334,20640.0
5,T5_dusk_load_increase,23.75,20700.0
5,T5_dusk_load_increase,23.766666666666666,20760.0
5,T5_dusk_load_increase,23.78333333333333,20820.0
5,T5_dusk_load_increase,23.8,20880.0
5,T5_dusk_load_increase,23.816666666666666,20940.0
5,T5_dusk_load_increase,23.833333333333332,21000.0
5,T5_dusk_load_increase,23.85,21060.0
5,T5_dusk_load_increase,23.866666666666667,21120.0
5,T5_dusk_load_increase,23.883333333333333,21180.0
5,T5_dusk_load_increase,23.9,21240.0
6,T6_low_home_v2h,0.18333333333333332,660.0
6,T6_low_home_v2h,0.2,720.0
6,T6_low_home_v2h,0.21666666666666667,780.0
6,T6_low_home_v2h,0.23333333333333334,840.0
6,T6_low_home_v2h,0.25,900.0
6,T6_low_home_v2h,0.26666666666666666,960.0
6,T6_low_home_v2h,0.2833333333333333,1020.0
6,T6_low_home_v2h,0.3,1080.0
6,T6_low_home_v2h,0.31666666666666665,1140.0
6,T6_low_home_v2h,0.3333333333333333,1200.0
6,T6_low_home_v2h,0.35,1260.0
6,T6_low_home_v2h,0.36666666666666664,1320.0
6,T6_low_home_v2h,0.38333333333333336,1380.0
6,T6_low_home_v2h,0.4,1440.0
6,T6_low_home_v2h,0.4166666666666667,1500.0
6,T6_low_home_v2h,0.43333333333333335,1560.0
6,T6_low_home_v2h,0.45,1620.0
6,T6_low_home_v2h,0.4666666666666667,1680.0
6,T6_low_home_v2h,0.48333333333333334,1740.0
6,T6_low_home_v2h,0.5,1800.0
6,T6_low_home_v2h,0.5166666666666667,1860.0
6,T6_low_home_v2h,0.5333333333333333,1920.0
6,T6_low_home_v2h,0.55,1980.0
6,T6_low_home_v2h,0.5666666666666667,2040.0
6,T6_low_home_v2h,0.5833333333333334,2100.0
6,T6_low_home_v2h,0.6,2160.0
6,T6_low_home_v2h,0.6166666666666667,2220.0
6,T6_low_home_v2h,0.6333333333333333,2280.0
6,T6_low_home_v2h,0.65,2340.0
6,T6_low_home_v2h,0.6666666666666666,2400.0
6,T6_low_home_v2h,0.6833333333333333,2460.0
6,T6_low_home_v2h,0.7,2520.0
6,T6_low_home_v2h,0.7166666666666667,2580.0
6,T6_low_home_v2h,0.7333333333333333,2640.0
6,T6_low_home_v2h,0.75,2700.0
6,T6_low_home_v2h,0.7666666666666667,2760.0
6,T6_low_home_v2h,0.7833333333333333,2820.0
6,T6_low_home_v2h,0.8,2880.0
6,T6_low_home_v2h,0.8166666666666667,2940.0
6,T6_low_home_v2h,0.8333333333333334,3000.0
6,T6_low_home_v2h,0.85,3060.0
6,T6_low_home_v2h,0.8666666666666667,3120.0
6,T6_low_home_v2h,0.8833333333333333,3180.0
6,T6_low_home_v2h,0.9,3240.0
6,T6_low_home_v2h,0.9166666666666666,3300.0
6,T6_low_home_v2h,0.9333333333333333,3360.0
6,T6_low_home_v2h,0.95,3420.0
6,T6_low_home_v2h,0.9666666666666667,3480.0
6,T6_low_home_v2h,0.9833333333333333,3540.0
6,T6_low_home_v2h,1.0,3600.0
6,T6_low_home_v2h,1.0166666666666666,3660.0
6,T6_low_home_v2h,1.0333333333333334,3720.0
6,T6_low_home_v2h,1.05,3780.0
6,T6_low_home_v2h,1.0666666666666667,3840.0
6,T6_low_home_v2h,1.0833333333333333,3900.0
6,T6_low_home_v2h,1.1,3960.0
6,T6_low_home_v2h,1.1166666666666667,4020.0
6,T6_low_home_v2h,1.1333333333333333,4080.0
6,T6_low_home_v2h,1.15,4140.0
6,T6_low_home_v2h,1.1666666666666667,4200.0
6,T6_low_home_v2h,1.1833333333333333,4260.0
6,T6_low_home_v2h,1.2,4320.0
6,T6_low_home_v2h,1.2166666666666666,4380.0
6,T6_low_home_v2h,1.2333333333333334,4440.0
6,T6_low_home_v2h,1.25,4500.0
6,T6_low_home_v2h,1.2666666666666666,4560.0
6,T6_low_home_v2h,1.2833333333333334,4620.0
6,T6_low_home_v2h,1.3,4680.0
6,T6_low_home_v2h,1.3166666666666667,4740.0
6,T6_low_home_v2h,1.3333333333333333,4800.0
6,T6_low_home_v2h,1.35,4860.0
6,T6_low_home_v2h,1.3666666666666667,4920.0
6,T6_low_home_v2h,1.3833333333333333,4980.0
6,T6_low_home_v2h,1.4,5040.0
101,T1_aug_night_load_0.9W_soc_60,0.18333333333333332,660.0
101,T1_aug_night_load_0.9W_soc_60,0.2,720.0
101,T1_aug_night_load_0.9W_soc_60,0.21666666666666667,780.0
101,T1_aug_night_load_0.9W_soc_60,0.23333333333333334,840.0
101,T1_aug_night_load_0.9W_soc_60,0.25,900.0
101,T1_aug_night_load_0.9W_soc_60,0.26666666666666666,960.0
101,T1_aug_night_load_0.9W_soc_60,0.2833333333333333,1020.0
101,T1_aug_night_load_0.9W_soc_60,0.3,1080.0
101,T1_aug_night_load_0.9W_soc_60,0.31666666666666665,1140.0
101,T1_aug_night_load_0.9W_soc_60,0.3333333333333333,1200.0
101,T1_aug_night_load_0.9W_soc_60,0.35,1260.0
101,T1_aug_night_load_0.9W_soc_60,0.36666666666666664,1320.0
101,T1_aug_night_load_0.9W_soc_60,0.38333333333333336,1380.0
101,T1_aug_night_load_0.9W_soc_60,0.4,1440.0
101,T1_aug_night_load_0.9W_soc_60,0.4166666666666667,1500.0
101,T1_aug_night_load_0.9W_soc_60,0.43333333333333335,1560.0
101,T1_aug_night_load_0.9W_soc_60,0.45,1620.0
101,T1_aug_night_load_0.9W_soc_60,0.4666666666666667,1680.0
101,T1_aug_night_load_0.9W_soc_60,0.48333333333333334,1740.0
101,T1_aug_night_load_0.9W_soc_60,0.5,1800.0
101,T1_aug_night_load_0.9W_soc_60,0.5166666666666667,1860.0
101,T1_aug_night_load_0.9W_soc_60,0.5333333333333333,1920.0
101,T1_aug_night_load_0.9W_soc_60,0.55,1980.0
101,T1_aug_night_load_0.9W_soc_60,0.5666666666666667,2040.0
101,T1_aug_night_load_0.9W_soc_60,0.5833333333333334,2100.0
101,T1_aug_night_load_0.9W_soc_60,0.6,2160.0
101,T1_aug_night_load_0.9W_soc_60,0.6166666666666667,2220.0
101,T1_aug_night_load_0.9W_soc_60,0.6333333333333333,2280.0
101,T1_aug_night_load_0.9W_soc_60,0.65,2340.0
101,T1_aug_night_load_0.9W_soc_60,0.6666666666666666,2400.0
101,T1_aug_night_load_0.9W_soc_60,0.6833333333333333,2460.0
101,T1_aug_night_load_0.9W_soc_60,0.7,2520.0
101,T1_aug_night_load_0.9W_soc_60,0.7166666666666667,2580.0
101,T1_aug_night_load_0.9W_soc_60,0.7333333333333333,2640.0
101,T1_aug_night_load_0.9W_soc_60,0.75,2700.0
101,T1_aug_night_load_0.9W_soc_60,0.7666666666666667,2760.0
101,T1_aug_night_load_0.9W_soc_60,0.7833333333333333,2820.0
101,T1_aug_night_load_0.9W_soc_60,0.8,2880.0
101,T1_aug_night_load_0.9W_soc_60,0.8166666666666667,2940.0
101,T1_aug_night_load_0.9W_soc_60,0.8333333333333334,3000.0
101,T1_aug_night_load_0.9W_soc_60,0.85,3060.0
101,T1_aug_night_load_0.9W_soc_60,0.8666666666666667,3120.0
101,T1_aug_night_load_0.9W_soc_60,0.8833333333333333,3180.0
101,T1_aug_night_load_0.9W_soc_60,0.9,3240.0
101,T1_aug_night_load_0.9W_soc_60,0.9166666666666666,3300.0
101,T1_aug_night_load_0.9W_soc_60,0.9333333333333333,3360.0
101,T1_aug_night_load_0.9W_soc_60,0.95,3420.0
101,T1_aug_night_load_0.9W_soc_60,0.9666666666666667,3480.0
101,T1_aug_night_load_0.9W_soc_60,0.9833333333333333,3540.0
101,T1_aug_night_load_0.9W_soc_60,1.0,3600.0
101,T1_aug_night_load_0.9W_soc_60,1.0166666666666666,3660.0
101,T1_aug_night_load_0.9W_soc_60,1.0333333333333334,3720.0
101,T1_aug_night_load_0.9W_soc_60,1.05,3780.0
101,T1_aug_night_load_0.9W_soc_60,1.0666666666666667,3840.0
101,T1_aug_night_load_0.9W_soc_60,1.0833333333333333,3900.0
101,T1_aug_night_load_0.9W_soc_60,1.1,3960.0
101,T1_aug_night_load_0.9W_soc_60,1.1166666666666667,4020.0
101,T1_aug_night_load_0.9W_soc_60,1.1333333333333333,4080.0
101,T1_aug_night_load_0.9W_soc_60,1.15,4140.0
101,T1_aug_night_load_0.9W_soc_60,1.1666666666666667,4200.0
101,T1_aug_night_load_0.9W_soc_60,1.1833333333333333,4260.0
101,T1_aug_night_load_0.9W_soc_60,1.2,4320.0
101,T1_aug_night_load_0.9W_soc_60,1.2166666666666666,4380.0
101,T1_aug_night_load_0.9W_soc_60,1.2333333333333334,4440.0
101,T1_aug_night_load_0.9W_soc_60,1.25,4500.0
101,T1_aug_night_load_0.9W_soc_60,1.2666666666666666,4560.0
101,T1_aug_night_load_0.9W_soc_60,1.2833333333333334,4620.0
101,T1_aug_night_load_0.9W_soc_60,1.3,4680.0
101,T1_aug_night_load_0.9W_soc_60,1.3166666666666667,4740.0
101,T1_aug_night_load_0.9W_soc_60,1.3333333333333333,4800.0
101,T1_aug_night_load_0.9W_soc_60,1.35,4860.0
101,T1_aug_night_load_0.9W_soc_60,1.3666666666666667,4920.0
101,T1_aug_night_load_0.9W_soc_60,1.3833333333333333,4980.0
101,T1_aug_night_load_0.9W_soc_60,1.4,5040.0
101,T1_aug_night_load_0.9W_soc_60,1.4166666666666667,5100.0
101,T1_aug_night_load_0.9W_soc_60,1.4333333333333333,5160.0
101,T1_aug_night_load_0.9W_soc_60,1.45,5220.0
101,T1_aug_night_load_0.9W_soc_60,1.4666666666666666,5280.0
101,T1_aug_night_load_0.9W_soc_60,1.4833333333333334,5340.0
101,T1_aug_night_load_0.9W_soc_60,1.5,5400.0
101,T1_aug_night_load_0.9W_soc_60,1.5166666666666666,5460.0
101,T1_aug_night_load_0.9W_soc_60,1.5333333333333334,5520.0
101,T1_aug_night_load_0.9W_soc_60,1.55,5580.0
101,T1_aug_night_load_0.9W_soc_60,1.5666666666666667,5640.0
101,T1_aug_night_load_0.9W_soc_60,1.5833333333333333,5700.0
101,T1_aug_night_load_0.9W_soc_60,1.6,5760.0
101,T1_aug_night_load_0.9W_soc_60,1.6166666666666667,5820.0
101,T1_aug_night_load_0.9W_soc_60,1.6333333333333333,5880.0
101,T1_aug_night_load_0.9W_soc_60,1.65,5940.0
101,T1_aug_night_load_0.9W_soc_60,1.6666666666666667,6000.0
101,T1_aug_night_load_0.9W_soc_60,1.6833333333333333,6060.0
101,T1_aug_night_load_0.9W_soc_60,1.7,6120.0
101,T1_aug_night_load_0.9W_soc_60,1.7166666666666666,6180.0
101,T1_aug_night_load_0.9W_soc_60,1.7333333333333334,6240.0
101,T1_aug_night_load_0.9W_soc_60,1.75,6300.0
101,T1_aug_night_load_0.9W_soc_60,1.7666666666666666,6360.0
101,T1_aug_night_load_0.9W_soc_60,1.7833333333333334,6420.0
101,T1_aug_night_load_0.9W_soc_60,1.8,6480.0
101,T1_aug_night_load_0.9W_soc_60,1.8166666666666667,6540.0
101,T1_aug_night_load_0.9W_soc_60,1.8333333333333333,6600.0
101,T1_aug_night_load_0.9W_soc_60,1.85,6660.0
101,T1_aug_night_load_0.9W_soc_60,1.8666666666666667,6720.0
101,T1_aug_night_load_0.9W_soc_60,1.8833333333333333,6780.0
101,T1_aug_night_load_0.9W_soc_60,1.9,6840.0
102,T1_aug_night_load_0.9W_soc_70,0.18333333333333332,660.0
102,T1_aug_night_load_0.9W_soc_70,0.2,720.0
102,T1_aug_night_load_0.9W_soc_70,0.21666666666666667,780.0
102,T1_aug_night_load_0.9W_soc_70,0.23333333333333334,840.0
102,T1_aug_night_load_0.9W_soc_70,0.25,900.0
102,T1_aug_night_load_0.9W_soc_70,0.26666666666666666,960.0
102,T1_aug_night_load_0.9W_soc_70,0.2833333333333333,1020.0
102,T1_aug_night_load_0.9W_soc_70,0.3,1080.0
102,T1_aug_night_load_0.9W_soc_70,0.31666666666666665,1140.0
102,T1_aug_night_load_0.9W_soc_70,0.3333333333333333,1200.0
102,T1_aug_night_load_0.9W_soc_70,0.35,1260.0
102,T1_aug_night_load_0.9W_soc_70,0.36666666666666664,1320.0
102,T1_aug_night_load_0.9W_soc_70,0.38333333333333336,1380.0
102,T1_aug_night_load_0.9W_soc_70,0.4,1440.0
102,T1_aug_night_load_0.9W_soc_70,0.4166666666666667,1500.0
102,T1_aug_night_load_0.9W_soc_70,0.43333333333333335,1560.0
102,T1_aug_night_load_0.9W_soc_70,0.45,1620.0
102,T1_aug_night_load_0.9W_soc_70,0.4666666666666667,1680.0
102,T1_aug_night_load_0.9W_soc_70,0.48333333333333334,1740.0
102,T1_aug_night_load_0.9W_soc_70,0.5,1800.0
102,T1_aug_night_load_0.9W_soc_70,0.5166666666666667,1860.0
102,T1_aug_night_load_0.9W_soc_70,0.5333333333333333,1920.0
102,T1_aug_night_load_0.9W_soc_70,0.55,1980.0
102,T1_aug_night_load_0.9W_soc_70,0.5666666666666667,2040.0
102,T1_aug_night_load_0.9W_soc_70,0.5833333333333334,2100.0
102,T1_aug_night_load_0.9W_soc_70,0.6,2160.0
102,T1_aug_night_load_0.9W_soc_70,0.6166666666666667,2220.0
102,T1_aug_night_load_0.9W_soc_70,0.6333333333333333,2280.0
102,T1_aug_night_load_0.9W_soc_70,0.65,2340.0
102,T1_aug_night_load_0.9W_soc_70,0.6666666666666666,2400.0
102,T1_aug_night_load_0.9W_soc_70,0.6833333333333333,2460.0
102,T1_aug_night_load_0.9W_soc_70,0.7,2520.0
102,T1_aug_night_load_0.9W_soc_70,0.7166666666666667,2580.0
102,T1_aug_night_load_0.9W_soc_70,0.7333333333333333,2640.0
102,T1_aug_night_load_0.9W_soc_70,0.75,2700.0
102,T1_aug_night_load_0.9W_soc_70,0.7666666666666667,2760.0
102,T1_aug_night_load_0.9W_soc_70,0.7833333333333333,2820.0
102,T1_aug_night_load_0.9W_soc_70,0.8,2880.0
102,T1_aug_night_load_0.9W_soc_70,0.8166666666666667,2940.0
102,T1_aug_night_load_0.9W_soc_70,0.8333333333333334,3000.0
102,T1_aug_night_load_0.9W_soc_70,0.85,3060.0
102,T1_aug_night_load_0.9W_soc_70,0.8666666666666667,3120.0
102,T1_aug_night_load_0.9W_soc_70,0.8833333333333333,3180.0
102,T1_aug_night_load_0.9W_soc_70,0.9,3240.0
102,T1_aug_night_load_0.9W_soc_70,0.9166666666666666,3300.0
102,T1_aug_night_load_0.9W_soc_70,0.9333333333333333,3360.0
102,T1_aug_night_load_0.9W_soc_70,0.95,3420.0
102,T1_aug_night_load_0.9W_soc_70,0.9666666666666667,3480.0
102,T1_aug_night_load_0.9W_soc_70,0.9833333333333333,3540.0
102,T1_aug_night_load_0.9W_soc_70,1.0,3600.0
102,T1_aug_night_load_0.9W_soc_70,1.0166666666666666,3660.0
102,T1_aug_night_load_0.9W_soc_70,1.0333333333333334,3720.0
102,T1_aug_night_load_0.9W_soc_70,1.05,3780.0
102,T1_aug_night_load_0.9W_soc_70,1.0666666666666667,3840.0
102,T1_aug_night_load_0.9W_soc_70,1.0833333333333333,3900.0
102,T1_aug_night_load_0.9W_soc_70,1.1,3960.0
102,T1_aug_night_load_0.9W_soc_70,1.1166666666666667,4020.0
102,T1_aug_night_load_0.9W_soc_70,1.1333333333333333,4080.0
102,T1_aug_night_load_0.9W_soc_70,1.15,4140.0
102,T1_aug_night_load_0.9W_soc_70,1.1666666666666667,4200.0
102,T1_aug_night_load_0.9W_soc_70,1.1833333333333333,4260.0
102,T1_aug_night_load_0.9W_soc_70,1.2,4320.0
102,T1_aug_night_load_0.9W_soc_70,1.2166666666666666,4380.0
102,T1_aug_night_load_0.9W_soc_70,1.2333333333333334,4440.0
102,T1_aug_night_load_0.9W_soc_70,1.25,4500.0
102,T1_aug_night_load_0.9W_soc_70,1.2666666666666666,4560.0
102,T1_aug_night_load_0.9W_soc_70,1.2833333333333334,4620.0
102,T1_aug_night_load_0.9W_soc_70,1.3,4680.0
102,T1_aug_night_load_0.9W_soc_70,1.3166666666666667,4740.0
102,T1_aug_night_load_0.9W_soc_70,1.3333333333333333,4800.0
102,T1_aug_night_load_0.9W_soc_70,1.35,4860.0
102,T1_aug_night_load_0.9W_soc_70,1.3666666666666667,4920.0
102,T1_aug_night_load_0.9W_soc_70,1.3833333333333333,4980.0
102,T1_aug_night_load_0.9W_soc_70,1.4,5040.0
102,T1_aug_night_load_0.9W_soc_70,1.4166666666666667,5100.0
102,T1_aug_night_load_0.9W_soc_70,1.4333333333333333,5160.0
102,T1_aug_night_load_0.9W_soc_70,1.45,5220.0
102,T1_aug_night_load_0.9W_soc_70,1.4666666666666666,5280.0
102,T1_aug_night_load_0.9W_soc_70,1.4833333333333334,5340.0
102,T1_aug_night_load_0.9W_soc_70,1.5,5400.0
102,T1_aug_night_load_0.9W_soc_70,1.5166666666666666,5460.0
102,T1_aug_night_load_0.9W_soc_70,1.5333333333333334,5520.0
102,T1_aug_night_load_0.9W_soc_70,1.55,5580.0
102,T1_aug_night_load_0.9W_soc_70,1.5666666666666667,5640.0
102,T1_aug_night_load_0.9W_soc_70,1.5833333333333333,5700.0
102,T1_aug_night_load_0.9W_soc_70,1.6,5760.0
102,T1_aug_night_load_0.9W_soc_70,1.6166666666666667,5820.0
102,T1_aug_night_load_0.9W_soc_70,1.6333333333333333,5880.0
102,T1_aug_night_load_0.9W_soc_70,1.65,5940.0
102,T1_aug_night_load_0.9W_soc_70,1.6666666666666667,6000.0
102,T1_aug_night_load_0.9W_soc_70,1.6833333333333333,6060.0
102,T1_aug_night_load_0.9W_soc_70,1.7,6120.0
102,T1_aug_night_load_0.9W_soc_70,1.7166666666666666,6180.0
102,T1_aug_night_load_0.9W_soc_70,1.7333333333333334,6240.0
102,T1_aug_night_load_0.9W_soc_70,1.75,6300.0
102,T1_aug_night_load_0.9W_soc_70,1.7666666666666666,6360.0
102,T1_aug_night_load_0.9W_soc_70,1.7833333333333334,6420.0
102,T1_aug_night_load_0.9W_soc_70,1.8,6480.0
102,T1_aug_night_load_0.9W_soc_70,1.8166666666666667,6540.0
102,T1_aug_night_load_0.9W_soc_70,1.8333333333333333,6600.0
102,T1_aug_night_load_0.9W_soc_70,1.85,6660.0
102,T1_aug_night_load_0.9W_soc_70,1.8666666666666667,6720.0
102,T1_aug_night_load_0.9W_soc_70,1.8833333333333333,6780.0
102,T1_aug_night_load_0.9W_soc_70,1.9,6840.0
103,T1_aug_night_load_0.9W_soc_80,0.18333333333333332,660.0
103,T1_aug_night_load_0.9W_soc_80,0.2,720.0
103,T1_aug_night_load_0.9W_soc_80,0.21666666666666667,780.0
103,T1_aug_night_load_0.9W_soc_80,0.23333333333333334,840.0
103,T1_aug_night_load_0.9W_soc_80,0.25,900.0
103,T1_aug_night_load_0.9W_soc_80,0.26666666666666666,960.0
103,T1_aug_night_load_0.9W_soc_80,0.2833333333333333,1020.0
103,T1_aug_night_load_0.9W_soc_80,0.3,1080.0
103,T1_aug_night_load_0.9W_soc_80,0.31666666666666665,1140.0
103,T1_aug_night_load_0.9W_soc_80,0.3333333333333333,1200.0
103,T1_aug_night_load_0.9W_soc_80,0.35,1260.0
103,T1_aug_night_load_0.9W_soc_80,0.36666666666666664,1320.0
103,T1_aug_night_load_0.9W_soc_80,0.38333333333333336,1380.0
103,T1_aug_night_load_0.9W_soc_80,0.4,1440.0
103,T1_aug_night_load_0.9W_soc_80,0.4166666666666667,1500.0
103,T1_aug_night_load_0.9W_soc_80,0.43333333333333335,1560.0
103,T1_aug_night_load_0.9W_soc_80,0.45,1620.0
103,T1_aug_night_load_0.9W_soc_80,0.4666666666666667,1680.0
103,T1_aug_night_load_0.9W_soc_80,0.48333333333333334,1740.0
103,T1_aug_night_load_0.9W_soc_80,0.5,1800.0
103,T1_aug_night_load_0.9W_soc_80,0.5166666666666667,1860.0
103,T1_aug_night_load_0.9W_soc_80,0.5333333333333333,1920.0
103,T1_aug_night_load_0.9W_soc_80,0.55,1980.0
103,T1_aug_night_load_0.9W_soc_80,0.5666666666666667,2040.0
103,T1_aug_night_load_0.9W_soc_80,0.5833333333333334,2100.0
103,T1_aug_night_load_0.9W_soc_80,0.6,2160.0
103,T1_aug_night_load_0.9W_soc_80,0.6166666666666667,2220.0
103,T1_aug_night_load_0.9W_soc_80,0.6333333333333333,2280.0
103,T1_aug_night_load_0.9W_soc_80,0.65,2340.0
103,T1_aug_night_load_0.9W_soc_80,0.6666666666666666,2400.0
103,T1_aug_night_load_0.9W_soc_80,0.6833333333333333,2460.0
103,T1_aug_night_load_0.9W_soc_80,0.7,2520.0
103,T1_aug_night_load_0.9W_soc_80,0.7166666666666667,2580.0
103,T1_aug_night_load_0.9W_soc_80,0.7333333333333333,2640.0
103,T1_aug_night_load_0.9W_soc_80,0.75,2700.0
103,T1_aug_night_load_0.9W_soc_80,0.7666666666666667,2760.0
103,T1_aug_night_load_0.9W_soc_80,0.7833333333333333,2820.0
103,T1_aug_night_load_0.9W_soc_80,0.8,2880.0
103,T1_aug_night_load_0.9W_soc_80,0.8166666666666667,2940.0
103,T1_aug_night_load_0.9W_soc_80,0.8333333333333334,3000.0
103,T1_aug_night_load_0.9W_soc_80,0.85,3060.0
103,T1_aug_night_load_0.9W_soc_80,0.8666666666666667,3120.0
103,T1_aug_night_load_0.9W_soc_80,0.8833333333333333,3180.0
103,T1_aug_night_load_0.9W_soc_80,0.9,3240.0
103,T1_aug_night_load_0.9W_soc_80,0.9166666666666666,3300.0
103,T1_aug_night_load_0.9W_soc_80,0.9333333333333333,3360.0
103,T1_aug_night_load_0.9W_soc_80,0.95,3420.0
103,T1_aug_night_load_0.9W_soc_80,0.9666666666666667,3480.0
103,T1_aug_night_load_0.9W_soc_80,0.9833333333333333,3540.0
103,T1_aug_night_load_0.9W_soc_80,1.0,3600.0
103,T1_aug_night_load_0.9W_soc_80,1.0166666666666666,3660.0
103,T1_aug_night_load_0.9W_soc_80,1.0333333333333334,3720.0
103,T1_aug_night_load_0.9W_soc_80,1.05,3780.0
103,T1_aug_night_load_0.9W_soc_80,1.0666666666666667,3840.0
103,T1_aug_night_load_0.9W_soc_80,1.0833333333333333,3900.0
103,T1_aug_night_load_0.9W_soc_80,1.1,3960.0
103,T1_aug_night_load_0.9W_soc_80,1.1166666666666667,4020.0
103,T1_aug_night_load_0.9W_soc_80,1.1333333333333333,4080.0
103,T1_aug_night_load_0.9W_soc_80,1.15,4140.0
103,T1_aug_night_load_0.9W_soc_80,1.1666666666666667,4200.0
103,T1_aug_night_load_0.9W_soc_80,1.1833333333333333,4260.0
103,T1_aug_night_load_0.9W_soc_80,1.2,4320.0
103,T1_aug_night_load_0.9W_soc_80,1.2166666666666666,4380.0
103,T1_aug_night_load_0.9W_soc_80,1.2333333333333334,4440.0
103,T1_aug_night_load_0.9W_soc_80,1.25,4500.0
103,T1_aug_night_load_0.9W_soc_80,1.2666666666666666,4560.0
103,T1_aug_night_load_0.9W_soc_80,1.2833333333333334,4620.0
103,T1_aug_night_load_0.9W_soc_80,1.3,4680.0
103,T1_aug_night_load_0.9W_soc_80,1.3166666666666667,4740.0
103,T1_aug_night_load_0.9W_soc_80,1.3333333333333333,4800.0
103,T1_aug_night_load_0.9W_soc_80,1.35,4860.0
103,T1_aug_night_load_0.9W_soc_80,1.3666666666666667,4920.0
103,T1_aug_night_load_0.9W_soc_80,1.3833333333333333,4980.0
103,T1_aug_night_load_0.9W_soc_80,1.4,5040.0
103,T1_aug_night_load_0.9W_soc_80,1.4166666666666667,5100.0
103,T1_aug_night_load_0.9W_soc_80,1.4333333333333333,5160.0
103,T1_aug_night_load_0.9W_soc_80,1.45,5220.0
103,T1_aug_night_load_0.9W_soc_80,1.4666666666666666,5280.0
103,T1_aug_night_load_0.9W_soc_80,1.4833333333333334,5340.0
103,T1_aug_night_load_0.9W_soc_80,1.5,5400.0
103,T1_aug_night_load_0.9W_soc_80,1.5166666666666666,5460.0
103,T1_aug_night_load_0.9W_soc_80,1.5333333333333334,5520.0
103,T1_aug_night_load_0.9W_soc_80,1.55,5580.0
103,T1_aug_night_load_0.9W_soc_80,1.5666666666666667,5640.0
103,T1_aug_night_load_0.9W_soc_80,1.5833333333333333,5700.0
103,T1_aug_night_load_0.9W_soc_80,1.6,5760.0
103,T1_aug_night_load_0.9W_soc_80,1.6166666666666667,5820.0
103,T1_aug_night_load_0.9W_soc_80,1.6333333333333333,5880.0
103,T1_aug_night_load_0.9W_soc_80,1.65,5940.0
103,T1_aug_night_load_0.9W_soc_80,1.6666666666666667,6000.0
103,T1_aug_night_load_0.9W_soc_80,1.6833333333333333,6060.0
103,T1_aug_night_load_0.9W_soc_80,1.7,6120.0
103,T1_aug_night_load_0.9W_soc_80,1.7166666666666666,6180.0
103,T1_aug_night_load_0.9W_soc_80,1.7333333333333334,6240.0
103,T1_aug_night_load_0.9W_soc_80,1.75,6300.0
103,T1_aug_night_load_0.9W_soc_80,1.7666666666666666,6360.0
103,T1_aug_night_load_0.9W_soc_80,1.7833333333333334,6420.0
103,T1_aug_night_load_0.9W_soc_80,1.8,6480.0
103,T1_aug_night_load_0.9W_soc_80,1.8166666666666667,6540.0
103,T1_aug_night_load_0.9W_soc_80,1.8333333333333333,6600.0
103,T1_aug_night_load_0.9W_soc_80,1.85,6660.0
103,T1_aug_night_load_0.9W_soc_80,1.8666666666666667,6720.0
103,T1_aug_night_load_0.9W_soc_80,1.8833333333333333,6780.0
103,T1_aug_night_load_0.9W_soc_80,1.9,6840.0
104,T1_aug_night_load_0.9W_soc_90,0.18333333333333332,660.0
104,T1_aug_night_load_0.9W_soc_90,0.2,720.0
104,T1_aug_night_load_0.9W_soc_90,0.21666666666666667,780.0
104,T1_aug_night_load_0.9W_soc_90,0.23333333333333334,840.0
104,T1_aug_night_load_0.9W_soc_90,0.25,900.0
104,T1_aug_night_load_0.9W_soc_90,0.26666666666666666,960.0
104,T1_aug_night_load_0.9W_soc_90,0.2833333333333333,1020.0
104,T1_aug_night_load_0.9W_soc_90,0.3,1080.0
104,T1_aug_night_load_0.9W_soc_90,0.31666666666666665,1140.0
104,T1_aug_night_load_0.9W_soc_90,0.3333333333333333,1200.0
104,T1_aug_night_load_0.9W_soc_90,0.35,1260.0
104,T1_aug_night_load_0.9W_soc_90,0.36666666666666664,1320.0
104,T1_aug_night_load_0.9W_soc_90,0.38333333333333336,1380.0
104,T1_aug_night_load_0.9W_soc_90,0.4,1440.0
104,T1_aug_night_load_0.9W_soc_90,0.4166666666666667,1500.0
104,T1_aug_night_load_0.9W_soc_90,0.43333333333333335,1560.0
104,T1_aug_night_load_0.9W_soc_90,0.45,1620.0
104,T1_aug_night_load_0.9W_soc_90,0.4666666666666667,1680.0
104,T1_aug_night_load_0.9W_soc_90,0.48333333333333334,1740.0
104,T1_aug_night_load_0.9W_soc_90,0.5,1800.0
104,T1_aug_night_load_0.9W_soc_90,0.5166666666666667,1860.0
104,T1_aug_night_load_0.9W_soc_90,0.5333333333333333,1920.0
104,T1_aug_night_load_0.9W_soc_90,0.55,1980.0
104,T1_aug_night_load_0.9W_soc_90,0.5666666666666667,2040.0
104,T1_aug_night_load_0.9W_soc_90,0.5833333333333334,2100.0
104,T1_aug_night_load_0.9W_soc_90,0.6,2160.0
104,T1_aug_night_load_0.9W_soc_90,0.6166666666666667,2220.0
104,T1_aug_night_load_0.9W_soc_90,0.6333333333333333,2280.0
104,T1_aug_night_load_0.9W_soc_90,0.65,2340.0
104,T1_aug_night_load_0.9W_soc_90,0.6666666666666666,2400.0
104,T1_aug_night_load_0.9W_soc_90,0.6833333333333333,2460.0
104,T1_aug_night_load_0.9W_soc_90,0.7,2520.0
104,T1_aug_night_load_0.9W_soc_90,0.7166666666666667,2580.0
104,T1_aug_night_load_0.9W_soc_90,0.7333333333333333,2640.0
104,T1_aug_night_load_0.9W_soc_90,0.75,2700.0
104,T1_aug_night_load_0.9W_soc_90,0.7666666666666667,2760.0
104,T1_aug_night_load_0.9W_soc_90,0.7833333333333333,2820.0
104,T1_aug_night_load_0.9W_soc_90,0.8,2880.0
104,T1_aug_night_load_0.9W_soc_90,0.8166666666666667,2940.0
104,T1_aug_night_load_0.9W_soc_90,0.8333333333333334,3000.0
104,T1_aug_night_load_0.9W_soc_90,0.85,3060.0
104,T1_aug_night_load_0.9W_soc_90,0.8666666666666667,3120.0
104,T1_aug_night_load_0.9W_soc_90,0.8833333333333333,3180.0
104,T1_aug_night_load_0.9W_soc_90,0.9,3240.0
104,T1_aug_night_load_0.9W_soc_90,0.9166666666666666,3300.0
104,T1_aug_night_load_0.9W_soc_90,0.9333333333333333,3360.0
104,T1_aug_night_load_0.9W_soc_90,0.95,3420.0
104,T1_aug_night_load_0.9W_soc_90,0.9666666666666667,3480.0
104,T1_aug_night_load_0.9W_soc_90,0.9833333333333333,3540.0
104,T1_aug_night_load_0.9W_soc_90,1.0,3600.0
104,T1_aug_night_load_0.9W_soc_90,1.0166666666666666,3660.0
104,T1_aug_night_load_0.9W_soc_90,1.0333333333333334,3720.0
104,T1_aug_night_load_0.9W_soc_90,1.05,3780.0
104,T1_aug_night_load_0.9W_soc_90,1.0666666666666667,3840.0
104,T1_aug_night_load_0.9W_soc_90,1.0833333333333333,3900.0
104,T1_aug_night_load_0.9W_soc_90,1.1,3960.0
104,T1_aug_night_load_0.9W_soc_90,1.1166666666666667,4020.0
104,T1_aug_night_load_0.9W_soc_90,1.1333333333333333,4080.0
104,T1_aug_night_load_0.9W_soc_90,1.15,4140.0
104,T1_aug_night_load_0.9W_soc_90,1.1666666666666667,4200.0
104,T1_aug_night_load_0.9W_soc_90,1.1833333333333333,4260.0
104,T1_aug_night_load_0.9W_soc_90,1.2,4320.0
104,T1_aug_night_load_0.9W_soc_90,1.2166666666666666,4380.0
104,T1_aug_night_load_0.9W_soc_90,1.2333333333333334,4440.0
104,T1_aug_night_load_0.9W_soc_90,1.25,4500.0
104,T1_aug_night_load_0.9W_soc_90,1.2666666666666666,4560.0
104,T1_aug_night_load_0.9W_soc_90,1.2833333333333334,4620.0
104,T1_aug_night_load_0.9W_soc_90,1.3,4680.0
104,T1_aug_night_load_0.9W_soc_90,1.3166666666666667,4740.0
104,T1_aug_night_load_0.9W_soc_90,1.3333333333333333,4800.0
104,T1_aug_night_load_0.9W_soc_90,1.35,4860.0
104,T1_aug_night_load_0.9W_soc_90,1.3666666666666667,4920.0
104,T1_aug_night_load_0.9W_soc_90,1.3833333333333333,4980.0
104,T1_aug_night_load_0.9W_soc_90,1.4,5040.0
104,T1_aug_night_load_0.9W_soc_90,1.4166666666666667,5100.0
104,T1_aug_night_load_0.9W_soc_90,1.4333333333333333,5160.0
104,T1_aug_night_load_0.9W_soc_90,1.45,5220.0
104,T1_aug_night_load_0.9W_soc_90,1.4666666666666666,5280.0
104,T1_aug_night_load_0.9W_soc_90,1.4833333333333334,5340.0
104,T1_aug_night_load_0.9W_soc_90,1.5,5400.0
104,T1_aug_night_load_0.9W_soc_90,1.5166666666666666,5460.0
104,T1_aug_night_load_0.9W_soc_90,1.5333333333333334,5520.0
104,T1_aug_night_load_0.9W_soc_90,1.55,5580.0
104,T1_aug_night_load_0.9W_soc_90,1.5666666666666667,5640.0
104,T1_aug_night_load_0.9W_soc_90,1.5833333333333333,5700.0
104,T1_aug_night_load_0.9W_soc_90,1.6,5760.0
104,T1_aug_night_load_0.9W_soc_90,1.6166666666666667,5820.0
104,T1_aug_night_load_0.9W_soc_90,1.6333333333333333,5880.0
104,T1_aug_night_load_0.9W_soc_90,1.65,5940.0
104,T1_aug_night_load_0.9W_soc_90,1.6666666666666667,6000.0
104,T1_aug_night_load_0.9W_soc_90,1.6833333333333333,6060.0
104,T1_aug_night_load_0.9W_soc_90,1.7,6120.0
104,T1_aug_night_load_0.9W_soc_90,1.7166666666666666,6180.0
104,T1_aug_night_load_0.9W_soc_90,1.7333333333333334,6240.0
104,T1_aug_night_load_0.9W_soc_90,1.75,6300.0
104,T1_aug_night_load_0.9W_soc_90,1.7666666666666666,6360.0
104,T1_aug_night_load_0.9W_soc_90,1.7833333333333334,6420.0
104,T1_aug_night_load_0.9W_soc_90,1.8,6480.0
104,T1_aug_night_load_0.9W_soc_90,1.8166666666666667,6540.0
104,T1_aug_night_load_0.9W_soc_90,1.8333333333333333,6600.0
104,T1_aug_night_load_0.9W_soc_90,1.85,6660.0
104,T1_aug_night_load_0.9W_soc_90,1.8666666666666667,6720.0
104,T1_aug_night_load_0.9W_soc_90,1.8833333333333333,6780.0
104,T1_aug_night_load_0.9W_soc_90,1.9,6840.0
105,T1_aug_night_load_1.3W_soc_60,0.18333333333333332,660.0
105,T1_aug_night_load_1.3W_soc_60,0.2,720.0
105,T1_aug_night_load_1.3W_soc_60,0.21666666666666667,780.0
105,T1_aug_night_load_1.3W_soc_60,0.23333333333333334,840.0
105,T1_aug_night_load_1.3W_soc_60,0.25,900.0
105,T1_aug_night_load_1.3W_soc_60,0.26666666666666666,960.0
105,T1_aug_night_load_1.3W_soc_60,0.2833333333333333,1020.0
105,T1_aug_night_load_1.3W_soc_60,0.3,1080.0
105,T1_aug_night_load_1.3W_soc_60,0.31666666666666665,1140.0
105,T1_aug_night_load_1.3W_soc_60,0.3333333333333333,1200.0
105,T1_aug_night_load_1.3W_soc_60,0.35,1260.0
105,T1_aug_night_load_1.3W_soc_60,0.36666666666666664,1320.0
105,T1_aug_night_load_1.3W_soc_60,0.38333333333333336,1380.0
105,T1_aug_night_load_1.3W_soc_60,0.4,1440.0
105,T1_aug_night_load_1.3W_soc_60,0.4166666666666667,1500.0
105,T1_aug_night_load_1.3W_soc_60,0.43333333333333335,1560.0
105,T1_aug_night_load_1.3W_soc_60,0.45,1620.0
105,T1_aug_night_load_1.3W_soc_60,0.4666666666666667,1680.0
105,T1_aug_night_load_1.3W_soc_60,0.48333333333333334,1740.0
105,T1_aug_night_load_1.3W_soc_60,0.5,1800.0
105,T1_aug_night_load_1.3W_soc_60,0.5166666666666667,1860.0
105,T1_aug_night_load_1.3W_soc_60,0.5333333333333333,1920.0
105,T1_aug_night_load_1.3W_soc_60,0.55,1980.0
105,T1_aug_night_load_1.3W_soc_60,0.5666666666666667,2040.0
105,T1_aug_night_load_1.3W_soc_60,0.5833333333333334,2100.0
105,T1_aug_night_load_1.3W_soc_60,0.6,2160.0
105,T1_aug_night_load_1.3W_soc_60,0.6166666666666667,2220.0
105,T1_aug_night_load_1.3W_soc_60,0.6333333333333333,2280.0
105,T1_aug_night_load_1.3W_soc_60,0.65,2340.0
105,T1_aug_night_load_1.3W_soc_60,0.6666666666666666,2400.0
105,T1_aug_night_load_1.3W_soc_60,0.6833333333333333,2460.0
105,T1_aug_night_load_1.3W_soc_60,0.7,2520.0
105,T1_aug_night_load_1.3W_soc_60,0.7166666666666667,2580.0
105,T1_aug_night_load_1.3W_soc_60,0.7333333333333333,2640.0
105,T1_aug_night_load_1.3W_soc_60,0.75,2700.0
105,T1_aug_night_load_1.3W_soc_60,0.7666666666666667,2760.0
105,T1_aug_night_load_1.3W_soc_60,0.7833333333333333,2820.0
105,T1_aug_night_load_1.3W_soc_60,0.8,2880.0
105,T1_aug_night_load_1.3W_soc_60,0.8166666666666667,2940.0
105,T1_aug_night_load_1.3W_soc_60,0.8333333333333334,3000.0
105,T1_aug_night_load_1.3W_soc_60,0.85,3060.0
105,T1_aug_night_load_1.3W_soc_60,0.8666666666666667,3120.0
105,T1_aug_night_load_1.3W_soc_60,0.8833333333333333,3180.0
105,T1_aug_night_load_1.3W_soc_60,0.9,3240.0
105,T1_aug_night_load_1.3W_soc_60,0.9166666666666666,3300.0
105,T1_aug_night_load_1.3W_soc_60,0.9333333333333333,3360.0
105,T1_aug_night_load_1.3W_soc_60,0.95,3420.0
105,T1_aug_night_load_1.3W_soc_60,0.9666666666666667,3480.0
105,T1_aug_night_load_1.3W_soc_60,0.9833333333333333,3540.0
105,T1_aug_night_load_1.3W_soc_60,1.0,3600.0
105,T1_aug_night_load_1.3W_soc_60,1.0166666666666666,3660.0
105,T1_aug_night_load_1.3W_soc_60,1.0333333333333334,3720.0
105,T1_aug_night_load_1.3W_soc_60,1.05,3780.0
105,T1_aug_night_load_1.3W_soc_60,1.0666666666666667,3840.0
105,T1_aug_night_load_1.3W_soc_60,1.0833333333333333,3900.0
105,T1_aug_night_load_1.3W_soc_60,1.1,3960.0
105,T1_aug_night_load_1.3W_soc_60,1.1166666666666667,4020.0
105,T1_aug_night_load_1.3W_soc_60,1.1333333333333333,4080.0
105,T1_aug_night_load_1.3W_soc_60,1.15,4140.0
105,T1_aug_night_load_1.3W_soc_60,1.1666666666666667,4200.0
105,T1_aug_night_load_1.3W_soc_60,1.1833333333333333,4260.0
105,T1_aug_night_load_1.3W_soc_60,1.2,4320.0
105,T1_aug_night_load_1.3W_soc_60,1.2166666666666666,4380.0
105,T1_aug_night_load_1.3W_soc_60,1.2333333333333334,4440.0
105,T1_aug_night_load_1.3W_soc_60,1.25,4500.0
105,T1_aug_night_load_1.3W_soc_60,1.2666666666666666,4560.0
105,T1_aug_night_load_1.3W_soc_60,1.2833333333333334,4620.0
105,T1_aug_night_load_1.3W_soc_60,1.3,4680.0
105,T1_aug_night_load_1.3W_soc_60,1.3166666666666667,4740.0
105,T1_aug_night_load_1.3W_soc_60,1.3333333333333333,4800.0
105,T1_aug_night_load_1.3W_soc_60,1.35,4860.0
105,T1_aug_night_load_1.3W_soc_60,1.3666666666666667,4920.0
105,T1_aug_night_load_1.3W_soc_60,1.3833333333333333,4980.0
105,T1_aug_night_load_1.3W_soc_60,1.4,5040.0
105,T1_aug_night_load_1.3W_soc_60,1.4166666666666667,5100.0
105,T1_aug_night_load_1.3W_soc_60,1.4333333333333333,5160.0
105,T1_aug_night_load_1.3W_soc_60,1.45,5220.0
105,T1_aug_night_load_1.3W_soc_60,1.4666666666666666,5280.0
105,T1_aug_night_load_1.3W_soc_60,1.4833333333333334,5340.0
105,T1_aug_night_load_1.3W_soc_60,1.5,5400.0
105,T1_aug_night_load_1.3W_soc_60,1.5166666666666666,5460.0
105,T1_aug_night_load_1.3W_soc_60,1.5333333333333334,5520.0
105,T1_aug_night_load_1.3W_soc_60,1.55,5580.0
105,T1_aug_night_load_1.3W_soc_60,1.5666666666666667,5640.0
105,T1_aug_night_load_1.3W_soc_60,1.5833333333333333,5700.0
105,T1_aug_night_load_1.3W_soc_60,1.6,5760.0
105,T1_aug_night_load_1.3W_soc_60,1.6166666666666667,5820.0
105,T1_aug_night_load_1.3W_soc_60,1.6333333333333333,5880.0
105,T1_aug_night_load_1.3W_soc_60,1.65,5940.0
105,T1_aug_night_load_1.3W_soc_60,1.6666666666666667,6000.0
105,T1_aug_night_load_1.3W_soc_60,1.6833333333333333,6060.0
105,T1_aug_night_load_1.3W_soc_60,1.7,6120.0
105,T1_aug_night_load_1.3W_soc_60,1.7166666666666666,6180.0
105,T1_aug_night_load_1.3W_soc_60,1.7333333333333334,6240.0
105,T1_aug_night_load_1.3W_soc_60,1.75,6300.0
105,T1_aug_night_load_1.3W_soc_60,1.7666666666666666,6360.0
105,T1_aug_night_load_1.3W_soc_60,1.7833333333333334,6420.0
105,T1_aug_night_load_1.3W_soc_60,1.8,6480.0
105,T1_aug_night_load_1.3W_soc_60,1.8166666666666667,6540.0
105,T1_aug_night_load_1.3W_soc_60,1.8333333333333333,6600.0
105,T1_aug_night_load_1.3W_soc_60,1.85,6660.0
105,T1_aug_night_load_1.3W_soc_60,1.8666666666666667,6720.0
105,T1_aug_night_load_1.3W_soc_60,1.8833333333333333,6780.0
105,T1_aug_night_load_1.3W_soc_60,1.9,6840.0
106,T1_aug_night_load_1.3W_soc_70,0.18333333333333332,660.0
106,T1_aug_night_load_1.3W_soc_70,0.2,720.0
106,T1_aug_night_load_1.3W_soc_70,0.21666666666666667,780.0
106,T1_aug_night_load_1.3W_soc_70,0.23333333333333334,840.0
106,T1_aug_night_load_1.3W_soc_70,0.25,900.0
106,T1_aug_night_load_1.3W_soc_70,0.26666666666666666,960.0
106,T1_aug_night_load_1.3W_soc_70,0.2833333333333333,1020.0
106,T1_aug_night_load_1.3W_soc_70,0.3,1080.0
106,T1_aug_night_load_1.3W_soc_70,0.31666666666666665,1140.0
106,T1_aug_night_load_1.3W_soc_70,0.3333333333333333,1200.0
106,T1_aug_night_load_1.3W_soc_70,0.35,1260.0
106,T1_aug_night_load_1.3W_soc_70,0.36666666666666664,1320.0
106,T1_aug_night_load_1.3W_soc_70,0.38333333333333336,1380.0
106,T1_aug_night_load_1.3W_soc_70,0.4,1440.0
106,T1_aug_night_load_1.3W_soc_70,0.4166666666666667,1500.0
106,T1_aug_night_load_1.3W_soc_70,0.43333333333333335,1560.0
106,T1_aug_night_load_1.3W_soc_70,0.45,1620.0
106,T1_aug_night_load_1.3W_soc_70,0.4666666666666667,1680.0
106,T1_aug_night_load_1.3W_soc_70,0.48333333333333334,1740.0
106,T1_aug_night_load_1.3W_soc_70,0.5,1800.0
106,T1_aug_night_load_1.3W_soc_70,0.5166666666666667,1860.0
106,T1_aug_night_load_1.3W_soc_70,0.5333333333333333,1920.0
106,T1_aug_night_load_1.3W_soc_70,0.55,1980.0
106,T1_aug_night_load_1.3W_soc_70,0.5666666666666667,2040.0
106,T1_aug_night_load_1.3W_soc_70,0.5833333333333334,2100.0
106,T1_aug_night_load_1.3W_soc_70,0.6,2160.0
106,T1_aug_night_load_1.3W_soc_70,0.6166666666666667,2220.0
106,T1_aug_night_load_1.3W_soc_70,0.6333333333333333,2280.0
106,T1_aug_night_load_1.3W_soc_70,0.65,2340.0
106,T1_aug_night_load_1.3W_soc_70,0.6666666666666666,2400.0
106,T1_aug_night_load_1.3W_soc_70,0.6833333333333333,2460.0
106,T1_aug_night_load_1.3W_soc_70,0.7,2520.0
106,T1_aug_night_load_1.3W_soc_70,0.7166666666666667,2580.0
106,T1_aug_night_load_1.3W_soc_70,0.7333333333333333,2640.0
106,T1_aug_night_load_1.3W_soc_70,0.75,2700.0
106,T1_aug_night_load_1.3W_soc_70,0.7666666666666667,2760.0
106,T1_aug_night_load_1.3W_soc_70,0.7833333333333333,2820.0
106,T1_aug_night_load_1.3W_soc_70,0.8,2880.0
106,T1_aug_night_load_1.3W_soc_70,0.8166666666666667,2940.0
106,T1_aug_night_load_1.3W_soc_70,0.8333333333333334,3000.0
106,T1_aug_night_load_1.3W_soc_70,0.85,3060.0
106,T1_aug_night_load_1.3W_soc_70,0.8666666666666667,3120.0
106,T1_aug_night_load_1.3W_soc_70,0.8833333333333333,3180.0
106,T1_aug_night_load_1.3W_soc_70,0.9,3240.0
106,T1_aug_night_load_1.3W_soc_70,0.9166666666666666,3300.0
106,T1_aug_night_load_1.3W_soc_70,0.9333333333333333,3360.0
106,T1_aug_night_load_1.3W_soc_70,0.95,3420.0
106,T1_aug_night_load_1.3W_soc_70,0.9666666666666667,3480.0
106,T1_aug_night_load_1.3W_soc_70,0.9833333333333333,3540.0
106,T1_aug_night_load_1.3W_soc_70,1.0,3600.0
106,T1_aug_night_load_1.3W_soc_70,1.0166666666666666,3660.0
106,T1_aug_night_load_1.3W_soc_70,1.0333333333333334,3720.0
106,T1_aug_night_load_1.3W_soc_70,1.05,3780.0
106,T1_aug_night_load_1.3W_soc_70,1.0666666666666667,3840.0
106,T1_aug_night_load_1.3W_soc_70,1.0833333333333333,3900.0
106,T1_aug_night_load_1.3W_soc_70,1.1,3960.0
106,T1_aug_night_load_1.3W_soc_70,1.1166666666666667,4020.0
106,T1_aug_night_load_1.3W_soc_70,1.1333333333333333,4080.0
106,T1_aug_night_load_1.3W_soc_70,1.15,4140.0
106,T1_aug_night_load_1.3W_soc_70,1.1666666666666667,4200.0
106,T1_aug_night_load_1.3W_soc_70,1.1833333333333333,4260.0
106,T1_aug_night_load_1.3W_soc_70,1.2,4320.0
106,T1_aug_night_load_1.3W_soc_70,1.2166666666666666,4380.0
106,T1_aug_night_load_1.3W_soc_70,1.2333333333333334,4440.0
106,T1_aug_night_load_1.3W_soc_70,1.25,4500.0
106,T1_aug_night_load_1.3W_soc_70,1.2666666666666666,4560.0
106,T1_aug_night_load_1.3W_soc_70,1.2833333333333334,4620.0
106,T1_aug_night_load_1.3W_soc_70,1.3,4680.0
106,T1_aug_night_load_1.3W_soc_70,1.3166666666666667,4740.0
106,T1_aug_night_load_1.3W_soc_70,1.3333333333333333,4800.0
106,T1_aug_night_load_1.3W_soc_70,1.35,4860.0
106,T1_aug_night_load_1.3W_soc_70,1.3666666666666667,4920.0
106,T1_aug_night_load_1.3W_soc_70,1.3833333333333333,4980.0
106,T1_aug_night_load_1.3W_soc_70,1.4,5040.0
106,T1_aug_night_load_1.3W_soc_70,1.4166666666666667,5100.0
106,T1_aug_night_load_1.3W_soc_70,1.4333333333333333,5160.0
106,T1_aug_night_load_1.3W_soc_70,1.45,5220.0
106,T1_aug_night_load_1.3W_soc_70,1.4666666666666666,5280.0
106,T1_aug_night_load_1.3W_soc_70,1.4833333333333334,5340.0
106,T1_aug_night_load_1.3W_soc_70,1.5,5400.0
106,T1_aug_night_load_1.3W_soc_70,1.5166666666666666,5460.0
106,T1_aug_night_load_1.3W_soc_70,1.5333333333333334,5520.0
106,T1_aug_night_load_1.3W_soc_70,1.55,5580.0
106,T1_aug_night_load_1.3W_soc_70,1.5666666666666667,5640.0
106,T1_aug_night_load_1.3W_soc_70,1.5833333333333333,5700.0
106,T1_aug_night_load_1.3W_soc_70,1.6,5760.0
106,T1_aug_night_load_1.3W_soc_70,1.6166666666666667,5820.0
106,T1_aug_night_load_1.3W_soc_70,1.6333333333333333,5880.0
106,T1_aug_night_load_1.3W_soc_70,1.65,5940.0
106,T1_aug_night_load_1.3W_soc_70,1.6666666666666667,6000.0
106,T1_aug_night_load_1.3W_soc_70,1.6833333333333333,6060.0
106,T1_aug_night_load_1.3W_soc_70,1.7,6120.0
106,T1_aug_night_load_1.3W_soc_70,1.7166666666666666,6180.0
106,T1_aug_night_load_1.3W_soc_70,1.7333333333333334,6240.0
106,T1_aug_night_load_1.3W_soc_70,1.75,6300.0
106,T1_aug_night_load_1.3W_soc_70,1.7666666666666666,6360.0
106,T1_aug_night_load_1.3W_soc_70,1.7833333333333334,6420.0
106,T1_aug_night_load_1.3W_soc_70,1.8,6480.0
106,T1_aug_night_load_1.3W_soc_70,1.8166666666666667,6540.0
106,T1_aug_night_load_1.3W_soc_70,1.8333333333333333,6600.0
106,T1_aug_night_load_1.3W_soc_70,1.85,6660.0
106,T1_aug_night_load_1.3W_soc_70,1.8666666666666667,6720.0
106,T1_aug_night_load_1.3W_soc_70,1.8833333333333333,6780.0
106,T1_aug_night_load_1.3W_soc_70,1.9,6840.0
107,T1_aug_night_load_1.3W_soc_80,0.18333333333333332,660.0
107,T1_aug_night_load_1.3W_soc_80,0.2,720.0
107,T1_aug_night_load_1.3W_soc_80,0.21666666666666667,780.0
107,T1_aug_night_load_1.3W_soc_80,0.23333333333333334,840.0
107,T1_aug_night_load_1.3W_soc_80,0.25,900.0
107,T1_aug_night_load_1.3W_soc_80,0.26666666666666666,960.0
107,T1_aug_night_load_1.3W_soc_80,0.2833333333333333,1020.0
107,T1_aug_night_load_1.3W_soc_80,0.3,1080.0
107,T1_aug_night_load_1.3W_soc_80,0.31666666666666665,1140.0
107,T1_aug_night_load_1.3W_soc_80,0.3333333333333333,1200.0
107,T1_aug_night_load_1.3W_soc_80,0.35,1260.0
107,T1_aug_night_load_1.3W_soc_80,0.36666666666666664,1320.0
107,T1_aug_night_load_1.3W_soc_80,0.38333333333333336,1380.0
107,T1_aug_night_load_1.3W_soc_80,0.4,1440.0
107,T1_aug_night_load_1.3W_soc_80,0.4166666666666667,1500.0
107,T1_aug_night_load_1.3W_soc_80,0.43333333333333335,1560.0
107,T1_aug_night_load_1.3W_soc_80,0.45,1620.0
107,T1_aug_night_load_1.3W_soc_80,0.4666666666666667,1680.0
107,T1_aug_night_load_1.3W_soc_80,0.48333333333333334,1740.0
107,T1_aug_night_load_1.3W_soc_80,0.5,1800.0
107,T1_aug_night_load_1.3W_soc_80,0.5166666666666667,1860.0
107,T1_aug_night_load_1.3W_soc_80,0.5333333333333333,1920.0
107,T1_aug_night_load_1.3W_soc_80,0.55,1980.0
107,T1_aug_night_load_1.3W_soc_80,0.5666666666666667,2040.0
107,T1_aug_night_load_1.3W_soc_80,0.5833333333333334,2100.0
107,T1_aug_night_load_1.3W_soc_80,0.6,2160.0
107,T1_aug_night_load_1.3W_soc_80,0.6166666666666667,2220.0
107,T1_aug_night_load_1.3W_soc_80,0.6333333333333333,2280.0
107,T1_aug_night_load_1.3W_soc_80,0.65,2340.0
107,T1_aug_night_load_1.3W_soc_80,0.6666666666666666,2400.0
107,T1_aug_night_load_1.3W_soc_80,0.6833333333333333,2460.0
107,T1_aug_night_load_1.3W_soc_80,0.7,2520.0
107,T1_aug_night_load_1.3W_soc_80,0.7166666666666667,2580.0
107,T1_aug_night_load_1.3W_soc_80,0.7333333333333333,2640.0
107,T1_aug_night_load_1.3W_soc_80,0.75,2700.0
107,T1_aug_night_load_1.3W_soc_80,0.7666666666666667,2760.0
107,T1_aug_night_load_1.3W_soc_80,0.7833333333333333,2820.0
107,T1_aug_night_load_1.3W_soc_80,0.8,2880.0
107,T1_aug_night_load_1.3W_soc_80,0.8166666666666667,2940.0
107,T1_aug_night_load_1.3W_soc_80,0.8333333333333334,3000.0
107,T1_aug_night_load_1.3W_soc_80,0.85,3060.0
107,T1_aug_night_load_1.3W_soc_80,0.8666666666666667,3120.0
107,T1_aug_night_load_1.3W_soc_80,0.8833333333333333,3180.0
107,T1_aug_night_load_1.3W_soc_80,0.9,3240.0
107,T1_aug_night_load_1.3W_soc_80,0.9166666666666666,3300.0
107,T1_aug_night_load_1.3W_soc_80,0.9333333333333333,3360.0
107,T1_aug_night_load_1.3W_soc_80,0.95,3420.0
107,T1_aug_night_load_1.3W_soc_80,0.9666666666666667,3480.0
107,T1_aug_night_load_1.3W_soc_80,0.9833333333333333,3540.0
107,T1_aug_night_load_1.3W_soc_80,1.0,3600.0
107,T1_aug_night_load_1.3W_soc_80,1.0166666666666666,3660.0
107,T1_aug_night_load_1.3W_soc_80,1.0333333333333334,3720.0
107,T1_aug_night_load_1.3W_soc_80,1.05,3780.0
107,T1_aug_night_load_1.3W_soc_80,1.0666666666666667,3840.0
107,T1_aug_night_load_1.3W_soc_80,1.0833333333333333,3900.0
107,T1_aug_night_load_1.3W_soc_80,1.1,3960.0
107,T1_aug_night_load_1.3W_soc_80,1.1166666666666667,4020.0
107,T1_aug_night_load_1.3W_soc_80,1.1333333333333333,4080.0
107,T1_aug_night_load_1.3W_soc_80,1.15,4140.0
107,T1_aug_night_load_1.3W_soc_80,1.1666666666666667,4200.0
107,T1_aug_night_load_1.3W_soc_80,1.1833333333333333,4260.0
107,T1_aug_night_load_1.3W_soc_80,1.2,4320.0
107,T1_aug_night_load_1.3W_soc_80,1.2166666666666666,4380.0
107,T1_aug_night_load_1.3W_soc_80,1.2333333333333334,4440.0
107,T1_aug_night_load_1.3W_soc_80,1.25,4500.0
107,T1_aug_night_load_1.3W_soc_80,1.2666666666666666,4560.0
107,T1_aug_night_load_1.3W_soc_80,1.2833333333333334,4620.0
107,T1_aug_night_load_1.3W_soc_80,1.3,4680.0
107,T1_aug_night_load_1.3W_soc_80,1.3166666666666667,4740.0
107,T1_aug_night_load_1.3W_soc_80,1.3333333333333333,4800.0
107,T1_aug_night_load_1.3W_soc_80,1.35,4860.0
107,T1_aug_night_load_1.3W_soc_80,1.3666666666666667,4920.0
107,T1_aug_night_load_1.3W_soc_80,1.3833333333333333,4980.0
107,T1_aug_night_load_1.3W_soc_80,1.4,5040.0
107,T1_aug_night_load_1.3W_soc_80,1.4166666666666667,5100.0
107,T1_aug_night_load_1.3W_soc_80,1.4333333333333333,5160.0
107,T1_aug_night_load_1.3W_soc_80,1.45,5220.0
107,T1_aug_night_load_1.3W_soc_80,1.4666666666666666,5280.0
107,T1_aug_night_load_1.3W_soc_80,1.4833333333333334,5340.0
107,T1_aug_night_load_1.3W_soc_80,1.5,5400.0
107,T1_aug_night_load_1.3W_soc_80,1.5166666666666666,5460.0
107,T1_aug_night_load_1.3W_soc_80,1.5333333333333334,5520.0
107,T1_aug_night_load_1.3W_soc_80,1.55,5580.0
107,T1_aug_night_load_1.3W_soc_80,1.5666666666666667,5640.0
107,T1_aug_night_load_1.3W_soc_80,1.5833333333333333,5700.0
107,T1_aug_night_load_1.3W_soc_80,1.6,5760.0
107,T1_aug_night_load_1.3W_soc_80,1.6166666666666667,5820.0
107,T1_aug_night_load_1.3W_soc_80,1.6333333333333333,5880.0
107,T1_aug_night_load_1.3W_soc_80,1.65,5940.0
107,T1_aug_night_load_1.3W_soc_80,1.6666666666666667,6000.0
107,T1_aug_night_load_1.3W_soc_80,1.6833333333333333,6060.0
107,T1_aug_night_load_1.3W_soc_80,1.7,6120.0
107,T1_aug_night_load_1.3W_soc_80,1.7166666666666666,6180.0
107,T1_aug_night_load_1.3W_soc_80,1.7333333333333334,6240.0
107,T1_aug_night_load_1.3W_soc_80,1.75,6300.0
107,T1_aug_night_load_1.3W_soc_80,1.7666666666666666,6360.0
107,T1_aug_night_load_1.3W_soc_80,1.7833333333333334,6420.0
107,T1_aug_night_load_1.3W_soc_80,1.8,6480.0
107,T1_aug_night_load_1.3W_soc_80,1.8166666666666667,6540.0
107,T1_aug_night_load_1.3W_soc_80,1.8333333333333333,6600.0
107,T1_aug_night_load_1.3W_soc_80,1.85,6660.0
107,T1_aug_night_load_1.3W_soc_80,1.8666666666666667,6720.0
107,T1_aug_night_load_1.3W_soc_80,1.8833333333333333,6780.0
107,T1_aug_night_load_1.3W_soc_80,1.9,6840.0
108,T1_aug_night_load_1.3W_soc_90,0.18333333333333332,660.0
108,T1_aug_night_load_1.3W_soc_90,0.2,720.0
108,T1_aug_night_load_1.3W_soc_90,0.21666666666666667,780.0
108,T1_aug_night_load_1.3W_soc_90,0.23333333333333334,840.0
108,T1_aug_night_load_1.3W_soc_90,0.25,900.0
108,T1_aug_night_load_1.3W_soc_90,0.26666666666666666,960.0
108,T1_aug_night_load_1.3W_soc_90,0.2833333333333333,1020.0
108,T1_aug_night_load_1.3W_soc_90,0.3,1080.0
108,T1_aug_night_load_1.3W_soc_90,0.31666666666666665,1140.0
108,T1_aug_night_load_1.3W_soc_90,0.3333333333333333,1200.0
108,T1_aug_night_load_1.3W_soc_90,0.35,1260.0
108,T1_aug_night_load_1.3W_soc_90,0.36666666666666664,1320.0
108,T1_aug_night_load_1.3W_soc_90,0.38333333333333336,1380.0
108,T1_aug_night_load_1.3W_soc_90,0.4,1440.0
108,T1_aug_night_load_1.3W_soc_90,0.4166666666666667,1500.0
108,T1_aug_night_load_1.3W_soc_90,0.43333333333333335,1560.0
108,T1_aug_night_load_1.3W_soc_90,0.45,1620.0
108,T1_aug_night_load_1.3W_soc_90,0.4666666666666667,1680.0
108,T1_aug_night_load_1.3W_soc_90,0.48333333333333334,1740.0
108,T1_aug_night_load_1.3W_soc_90,0.5,1800.0
108,T1_aug_night_load_1.3W_soc_90,0.5166666666666667,1860.0
108,T1_aug_night_load_1.3W_soc_90,0.5333333333333333,1920.0
108,T1_aug_night_load_1.3W_soc_90,0.55,1980.0
108,T1_aug_night_load_1.3W_soc_90,0.5666666666666667,2040.0
108,T1_aug_night_load_1.3W_soc_90,0.5833333333333334,2100.0
108,T1_aug_night_load_1.3W_soc_90,0.6,2160.0
108,T1_aug_night_load_1.3W_soc_90,0.6166666666666667,2220.0
108,T1_aug_night_load_1.3W_soc_90,0.6333333333333333,2280.0
108,T1_aug_night_load_1.3W_soc_90,0.65,2340.0
108,T1_aug_night_load_1.3W_soc_90,0.6666666666666666,2400.0
108,T1_aug_night_load_1.3W_soc_90,0.6833333333333333,2460.0
108,T1_aug_night_load_1.3W_soc_90,0.7,2520.0
108,T1_aug_night_load_1.3W_soc_90,0.7166666666666667,2580.0
108,T1_aug_night_load_1.3W_soc_90,0.7333333333333333,2640.0
108,T1_aug_night_load_1.3W_soc_90,0.75,2700.0
108,T1_aug_night_load_1.3W_soc_90,0.7666666666666667,2760.0
108,T1_aug_night_load_1.3W_soc_90,0.7833333333333333,2820.0
108,T1_aug_night_load_1.3W_soc_90,0.8,2880.0
108,T1_aug_night_load_1.3W_soc_90,0.8166666666666667,2940.0
108,T1_aug_night_load_1.3W_soc_90,0.8333333333333334,3000.0
108,T1_aug_night_load_1.3W_soc_90,0.85,3060.0
108,T1_aug_night_load_1.3W_soc_90,0.8666666666666667,3120.0
108,T1_aug_night_load_1.3W_soc_90,0.8833333333333333,3180.0
108,T1_aug_night_load_1.3W_soc_90,0.9,3240.0
108,T1_aug_night_load_1.3W_soc_90,0.9166666666666666,3300.0
108,T1_aug_night_load_1.3W_soc_90,0.9333333333333333,3360.0
108,T1_aug_night_load_1.3W_soc_90,0.95,3420.0
108,T1_aug_night_load_1.3W_soc_90,0.9666666666666667,3480.0
108,T1_aug_night_load_1.3W_soc_90,0.9833333333333333,3540.0
108,T1_aug_night_load_1.3W_soc_90,1.0,3600.0
108,T1_aug_night_load_1.3W_soc_90,1.0166666666666666,3660.0
108,T1_aug_night_load_1.3W_soc_90,1.0333333333333334,3720.0
108,T1_aug_night_load_1.3W_soc_90,1.05,3780.0
108,T1_aug_night_load_1.3W_soc_90,1.0666666666666667,3840.0
108,T1_aug_night_load_1.3W_soc_90,1.0833333333333333,3900.0
108,T1_aug_night_load_1.3W_soc_90,1.1,3960.0
108,T1_aug_night_load_1.3W_soc_90,1.1166666666666667,4020.0
108,T1_aug_night_load_1.3W_soc_90,1.1333333333333333,4080.0
108,T1_aug_night_load_1.3W_soc_90,1.15,4140.0
108,T1_aug_night_load_1.3W_soc_90,1.1666666666666667,4200.0
108,T1_aug_night_load_1.3W_soc_90,1.1833333333333333,4260.0
108,T1_aug_night_load_1.3W_soc_90,1.2,4320.0
108,T1_aug_night_load_1.3W_soc_90,1.2166666666666666,4380.0
108,T1_aug_night_load_1.3W_soc_90,1.2333333333333334,4440.0
108,T1_aug_night_load_1.3W_soc_90,1.25,4500.0
108,T1_aug_night_load_1.3W_soc_90,1.2666666666666666,4560.0
108,T1_aug_night_load_1.3W_soc_90,1.2833333333333334,4620.0
108,T1_aug_night_load_1.3W_soc_90,1.3,4680.0
108,T1_aug_night_load_1.3W_soc_90,1.3166666666666667,4740.0
108,T1_aug_night_load_1.3W_soc_90,1.3333333333333333,4800.0
108,T1_aug_night_load_1.3W_soc_90,1.35,4860.0
108,T1_aug_night_load_1.3W_soc_90,1.3666666666666667,4920.0
108,T1_aug_night_load_1.3W_soc_90,1.3833333333333333,4980.0
108,T1_aug_night_load_1.3W_soc_90,1.4,5040.0
108,T1_aug_night_load_1.3W_soc_90,1.4166666666666667,5100.0
108,T1_aug_night_load_1.3W_soc_90,1.4333333333333333,5160.0
108,T1_aug_night_load_1.3W_soc_90,1.45,5220.0
108,T1_aug_night_load_1.3W_soc_90,1.4666666666666666,5280.0
108,T1_aug_night_load_1.3W_soc_90,1.4833333333333334,5340.0
108,T1_aug_night_load_1.3W_soc_90,1.5,5400.0
108,T1_aug_night_load_1.3W_soc_90,1.5166666666666666,5460.0
108,T1_aug_night_load_1.3W_soc_90,1.5333333333333334,5520.0
108,T1_aug_night_load_1.3W_soc_90,1.55,5580.0
108,T1_aug_night_load_1.3W_soc_90,1.5666666666666667,5640.0
108,T1_aug_night_load_1.3W_soc_90,1.5833333333333333,5700.0
108,T1_aug_night_load_1.3W_soc_90,1.6,5760.0
108,T1_aug_night_load_1.3W_soc_90,1.6166666666666667,5820.0
108,T1_aug_night_load_1.3W_soc_90,1.6333333333333333,5880.0
108,T1_aug_night_load_1.3W_soc_90,1.65,5940.0
108,T1_aug_night_load_1.3W_soc_90,1.6666666666666667,6000.0
108,T1_aug_night_load_1.3W_soc_90,1.6833333333333333,6060.0
108,T1_aug_night_load_1.3W_soc_90,1.7,6120.0
108,T1_aug_night_load_1.3W_soc_90,1.7166666666666666,6180.0
108,T1_aug_night_load_1.3W_soc_90,1.7333333333333334,6240.0
108,T1_aug_night_load_1.3W_soc_90,1.75,6300.0
108,T1_aug_night_load_1.3W_soc_90,1.7666666666666666,6360.0
108,T1_aug_night_load_1.3W_soc_90,1.7833333333333334,6420.0
108,T1_aug_night_load_1.3W_soc_90,1.8,6480.0
108,T1_aug_night_load_1.3W_soc_90,1.8166666666666667,6540.0
108,T1_aug_night_load_1.3W_soc_90,1.8333333333333333,6600.0
108,T1_aug_night_load_1.3W_soc_90,1.85,6660.0
108,T1_aug_night_load_1.3W_soc_90,1.8666666666666667,6720.0
108,T1_aug_night_load_1.3W_soc_90,1.8833333333333333,6780.0
108,T1_aug_night_load_1.3W_soc_90,1.9,6840.0
109,T1_aug_night_load_1.7W_soc_60,0.18333333333333332,660.0
109,T1_aug_night_load_1.7W_soc_60,0.2,720.0
109,T1_aug_night_load_1.7W_soc_60,0.21666666666666667,780.0
109,T1_aug_night_load_1.7W_soc_60,0.23333333333333334,840.0
109,T1_aug_night_load_1.7W_soc_60,0.25,900.0
109,T1_aug_night_load_1.7W_soc_60,0.26666666666666666,960.0
109,T1_aug_night_load_1.7W_soc_60,0.2833333333333333,1020.0
109,T1_aug_night_load_1.7W_soc_60,0.3,1080.0
109,T1_aug_night_load_1.7W_soc_60,0.31666666666666665,1140.0
109,T1_aug_night_load_1.7W_soc_60,0.3333333333333333,1200.0
109,T1_aug_night_load_1.7W_soc_60,0.35,1260.0
109,T1_aug_night_load_1.7W_soc_60,0.36666666666666664,1320.0
109,T1_aug_night_load_1.7W_soc_60,0.38333333333333336,1380.0
109,T1_aug_night_load_1.7W_soc_60,0.4,1440.0
109,T1_aug_night_load_1.7W_soc_60,0.4166666666666667,1500.0
109,T1_aug_night_load_1.7W_soc_60,0.43333333333333335,1560.0
109,T1_aug_night_load_1.7W_soc_60,0.45,1620.0
109,T1_aug_night_load_1.7W_soc_60,0.4666666666666667,1680.0
109,T1_aug_night_load_1.7W_soc_60,0.48333333333333334,1740.0
109,T1_aug_night_load_1.7W_soc_60,0.5,1800.0
109,T1_aug_night_load_1.7W_soc_60,0.5166666666666667,1860.0
109,T1_aug_night_load_1.7W_soc_60,0.5333333333333333,1920.0
109,T1_aug_night_load_1.7W_soc_60,0.55,1980.0
109,T1_aug_night_load_1.7W_soc_60,0.5666666666666667,2040.0
109,T1_aug_night_load_1.7W_soc_60,0.5833333333333334,2100.0
109,T1_aug_night_load_1.7W_soc_60,0.6,2160.0
109,T1_aug_night_load_1.7W_soc_60,0.6166666666666667,2220.0
109,T1_aug_night_load_1.7W_soc_60,0.6333333333333333,2280.0
109,T1_aug_night_load_1.7W_soc_60,0.65,2340.0
109,T1_aug_night_load_1.7W_soc_60,0.6666666666666666,2400.0
109,T1_aug_night_load_1.7W_soc_60,0.6833333333333333,2460.0
109,T1_aug_night_load_1.7W_soc_60,0.7,2520.0
109,T1_aug_night_load_1.7W_soc_60,0.7166666666666667,2580.0
109,T1_aug_night_load_1.7W_soc_60,0.7333333333333333,2640.0
109,T1_aug_night_load_1.7W_soc_60,0.75,2700.0
109,T1_aug_night_load_1.7W_soc_60,0.7666666666666667,2760.0
109,T1_aug_night_load_1.7W_soc_60,0.7833333333333333,2820.0
109,T1_aug_night_load_1.7W_soc_60,0.8,2880.0
109,T1_aug_night_load_1.7W_soc_60,0.8166666666666667,2940.0
109,T1_aug_night_load_1.7W_soc_60,0.8333333333333334,3000.0
109,T1_aug_night_load_1.7W_soc_60,0.85,3060.0
109,T1_aug_night_load_1.7W_soc_60,0.8666666666666667,3120.0
109,T1_aug_night_load_1.7W_soc_60,0.8833333333333333,3180.0
109,T1_aug_night_load_1.7W_soc_60,0.9,3240.0
109,T1_aug_night_load_1.7W_soc_60,0.9166666666666666,3300.0
109,T1_aug_night_load_1.7W_soc_60,0.9333333333333333,3360.0
109,T1_aug_night_load_1.7W_soc_60,0.95,3420.0
109,T1_aug_night_load_1.7W_soc_60,0.9666666666666667,3480.0
109,T1_aug_night_load_1.7W_soc_60,0.9833333333333333,3540.0
109,T1_aug_night_load_1.7W_soc_60,1.0,3600.0
109,T1_aug_night_load_1.7W_soc_60,1.0166666666666666,3660.0
109,T1_aug_night_load_1.7W_soc_60,1.0333333333333334,3720.0
109,T1_aug_night_load_1.7W_soc_60,1.05,3780.0
109,T1_aug_night_load_1.7W_soc_60,1.0666666666666667,3840.0
109,T1_aug_night_load_1.7W_soc_60,1.0833333333333333,3900.0
109,T1_aug_night_load_1.7W_soc_60,1.1,3960.0
109,T1_aug_night_load_1.7W_soc_60,1.1166666666666667,4020.0
109,T1_aug_night_load_1.7W_soc_60,1.1333333333333333,4080.0
109,T1_aug_night_load_1.7W_soc_60,1.15,4140.0
109,T1_aug_night_load_1.7W_soc_60,1.1666666666666667,4200.0
109,T1_aug_night_load_1.7W_soc_60,1.1833333333333333,4260.0
109,T1_aug_night_load_1.7W_soc_60,1.2,4320.0
109,T1_aug_night_load_1.7W_soc_60,1.2166666666666666,4380.0
109,T1_aug_night_load_1.7W_soc_60,1.2333333333333334,4440.0
109,T1_aug_night_load_1.7W_soc_60,1.25,4500.0
109,T1_aug_night_load_1.7W_soc_60,1.2666666666666666,4560.0
109,T1_aug_night_load_1.7W_soc_60,1.2833333333333334,4620.0
109,T1_aug_night_load_1.7W_soc_60,1.3,4680.0
109,T1_aug_night_load_1.7W_soc_60,1.3166666666666667,4740.0
109,T1_aug_night_load_1.7W_soc_60,1.3333333333333333,4800.0
109,T1_aug_night_load_1.7W_soc_60,1.35,4860.0
109,T1_aug_night_load_1.7W_soc_60,1.3666666666666667,4920.0
109,T1_aug_night_load_1.7W_soc_60,1.3833333333333333,4980.0
109,T1_aug_night_load_1.7W_soc_60,1.4,5040.0
109,T1_aug_night_load_1.7W_soc_60,1.4166666666666667,5100.0
109,T1_aug_night_load_1.7W_soc_60,1.4333333333333333,5160.0
109,T1_aug_night_load_1.7W_soc_60,1.45,5220.0
109,T1_aug_night_load_1.7W_soc_60,1.4666666666666666,5280.0
109,T1_aug_night_load_1.7W_soc_60,1.4833333333333334,5340.0
109,T1_aug_night_load_1.7W_soc_60,1.5,5400.0
109,T1_aug_night_load_1.7W_soc_60,1.5166666666666666,5460.0
109,T1_aug_night_load_1.7W_soc_60,1.5333333333333334,5520.0
109,T1_aug_night_load_1.7W_soc_60,1.55,5580.0
109,T1_aug_night_load_1.7W_soc_60,1.5666666666666667,5640.0
109,T1_aug_night_load_1.7W_soc_60,1.5833333333333333,5700.0
109,T1_aug_night_load_1.7W_soc_60,1.6,5760.0
109,T1_aug_night_load_1.7W_soc_60,1.6166666666666667,5820.0
109,T1_aug_night_load_1.7W_soc_60,1.6333333333333333,5880.0
109,T1_aug_night_load_1.7W_soc_60,1.65,5940.0
109,T1_aug_night_load_1.7W_soc_60,1.6666666666666667,6000.0
109,T1_aug_night_load_1.7W_soc_60,1.6833333333333333,6060.0
109,T1_aug_night_load_1.7W_soc_60,1.7,6120.0
109,T1_aug_night_load_1.7W_soc_60,1.7166666666666666,6180.0
109,T1_aug_night_load_1.7W_soc_60,1.7333333333333334,6240.0
109,T1_aug_night_load_1.7W_soc_60,1.75,6300.0
109,T1_aug_night_load_1.7W_soc_60,1.7666666666666666,6360.0
109,T1_aug_night_load_1.7W_soc_60,1.7833333333333334,6420.0
109,T1_aug_night_load_1.7W_soc_60,1.8,6480.0
109,T1_aug_night_load_1.7W_soc_60,1.8166666666666667,6540.0
109,T1_aug_night_load_1.7W_soc_60,1.8333333333333333,6600.0
109,T1_aug_night_load_1.7W_soc_60,1.85,6660.0
109,T1_aug_night_load_1.7W_soc_60,1.8666666666666667,6720.0
109,T1_aug_night_load_1.7W_soc_60,1.8833333333333333,6780.0
109,T1_aug_night_load_1.7W_soc_60,1.9,6840.0
110,T1_aug_night_load_1.7W_soc_70,0.18333333333333332,660.0
110,T1_aug_night_load_1.7W_soc_70,0.2,720.0
110,T1_aug_night_load_1.7W_soc_70,0.21666666666666667,780.0
110,T1_aug_night_load_1.7W_soc_70,0.23333333333333334,840.0
110,T1_aug_night_load_1.7W_soc_70,0.25,900.0
110,T1_aug_night_load_1.7W_soc_70,0.26666666666666666,960.0
110,T1_aug_night_load_1.7W_soc_70,0.2833333333333333,1020.0
110,T1_aug_night_load_1.7W_soc_70,0.3,1080.0
110,T1_aug_night_load_1.7W_soc_70,0.31666666666666665,1140.0
110,T1_aug_night_load_1.7W_soc_70,0.3333333333333333,1200.0
110,T1_aug_night_load_1.7W_soc_70,0.35,1260.0
110,T1_aug_night_load_1.7W_soc_70,0.36666666666666664,1320.0
110,T1_aug_night_load_1.7W_soc_70,0.38333333333333336,1380.0
110,T1_aug_night_load_1.7W_soc_70,0.4,1440.0
110,T1_aug_night_load_1.7W_soc_70,0.4166666666666667,1500.0
110,T1_aug_night_load_1.7W_soc_70,0.43333333333333335,1560.0
110,T1_aug_night_load_1.7W_soc_70,0.45,1620.0
110,T1_aug_night_load_1.7W_soc_70,0.4666666666666667,1680.0
110,T1_aug_night_load_1.7W_soc_70,0.48333333333333334,1740.0
110,T1_aug_night_load_1.7W_soc_70,0.5,1800.0
110,T1_aug_night_load_1.7W_soc_70,0.5166666666666667,1860.0
110,T1_aug_night_load_1.7W_soc_70,0.5333333333333333,1920.0
110,T1_aug_night_load_1.7W_soc_70,0.55,1980.0
110,T1_aug_night_load_1.7W_soc_70,0.5666666666666667,2040.0
110,T1_aug_night_load_1.7W_soc_70,0.5833333333333334,2100.0
110,T1_aug_night_load_1.7W_soc_70,0.6,2160.0
110,T1_aug_night_load_1.7W_soc_70,0.6166666666666667,2220.0
110,T1_aug_night_load_1.7W_soc_70,0.6333333333333333,2280.0
110,T1_aug_night_load_1.7W_soc_70,0.65,2340.0
110,T1_aug_night_load_1.7W_soc_70,0.6666666666666666,2400.0
110,T1_aug_night_load_1.7W_soc_70,0.6833333333333333,2460.0
110,T1_aug_night_load_1.7W_soc_70,0.7,2520.0
110,T1_aug_night_load_1.7W_soc_70,0.7166666666666667,2580.0
110,T1_aug_night_load_1.7W_soc_70,0.7333333333333333,2640.0
110,T1_aug_night_load_1.7W_soc_70,0.75,2700.0
110,T1_aug_night_load_1.7W_soc_70,0.7666666666666667,2760.0
110,T1_aug_night_load_1.7W_soc_70,0.7833333333333333,2820.0
110,T1_aug_night_load_1.7W_soc_70,0.8,2880.0
110,T1_aug_night_load_1.7W_soc_70,0.8166666666666667,2940.0
110,T1_aug_night_load_1.7W_soc_70,0.8333333333333334,3000.0
110,T1_aug_night_load_1.7W_soc_70,0.85,3060.0
110,T1_aug_night_load_1.7W_soc_70,0.8666666666666667,3120.0
110,T1_aug_night_load_1.7W_soc_70,0.8833333333333333,3180.0
110,T1_aug_night_load_1.7W_soc_70,0.9,3240.0
110,T1_aug_night_load_1.7W_soc_70,0.9166666666666666,3300.0
110,T1_aug_night_load_1.7W_soc_70,0.9333333333333333,3360.0
110,T1_aug_night_load_1.7W_soc_70,0.95,3420.0
110,T1_aug_night_load_1.7W_soc_70,0.9666666666666667,3480.0
110,T1_aug_night_load_1.7W_soc_70,0.9833333333333333,3540.0
110,T1_aug_night_load_1.7W_soc_70,1.0,3600.0
110,T1_aug_night_load_1.7W_soc_70,1.0166666666666666,3660.0
110,T1_aug_night_load_1.7W_soc_70,1.0333333333333334,3720.0
110,T1_aug_night_load_1.7W_soc_70,1.05,3780.0
110,T1_aug_night_load_1.7W_soc_70,1.0666666666666667,3840.0
110,T1_aug_night_load_1.7W_soc_70,1.0833333333333333,3900.0
110,T1_aug_night_load_1.7W_soc_70,1.1,3960.0
110,T1_aug_night_load_1.7W_soc_70,1.1166666666666667,4020.0
110,T1_aug_night_load_1.7W_soc_70,1.1333333333333333,4080.0
110,T1_aug_night_load_1.7W_soc_70,1.15,4140.0
110,T1_aug_night_load_1.7W_soc_70,1.1666666666666667,4200.0
110,T1_aug_night_load_1.7W_soc_70,1.1833333333333333,4260.0
110,T1_aug_night_load_1.7W_soc_70,1.2,4320.0
110,T1_aug_night_load_1.7W_soc_70,1.2166666666666666,4380.0
110,T1_aug_night_load_1.7W_soc_70,1.2333333333333334,4440.0
110,T1_aug_night_load_1.7W_soc_70,1.25,4500.0
110,T1_aug_night_load_1.7W_soc_70,1.2666666666666666,4560.0
110,T1_aug_night_load_1.7W_soc_70,1.2833333333333334,4620.0
110,T1_aug_night_load_1.7W_soc_70,1.3,4680.0
110,T1_aug_night_load_1.7W_soc_70,1.3166666666666667,4740.0
110,T1_aug_night_load_1.7W_soc_70,1.3333333333333333,4800.0
110,T1_aug_night_load_1.7W_soc_70,1.35,4860.0
110,T1_aug_night_load_1.7W_soc_70,1.3666666666666667,4920.0
110,T1_aug_night_load_1.7W_soc_70,1.3833333333333333,4980.0
110,T1_aug_night_load_1.7W_soc_70,1.4,5040.0
110,T1_aug_night_load_1.7W_soc_70,1.4166666666666667,5100.0
110,T1_aug_night_load_1.7W_soc_70,1.4333333333333333,5160.0
110,T1_aug_night_load_1.7W_soc_70,1.45,5220.0
110,T1_aug_night_load_1.7W_soc_70,1.4666666666666666,5280.0
110,T1_aug_night_load_1.7W_soc_70,1.4833333333333334,5340.0
110,T1_aug_night_load_1.7W_soc_70,1.5,5400.0
110,T1_aug_night_load_1.7W_soc_70,1.5166666666666666,5460.0
110,T1_aug_night_load_1.7W_soc_70,1.5333333333333334,5520.0
110,T1_aug_night_load_1.7W_soc_70,1.55,5580.0
110,T1_aug_night_load_1.7W_soc_70,1.5666666666666667,5640.0
110,T1_aug_night_load_1.7W_soc_70,1.5833333333333333,5700.0
110,T1_aug_night_load_1.7W_soc_70,1.6,5760.0
110,T1_aug_night_load_1.7W_soc_70,1.6166666666666667,5820.0
110,T1_aug_night_load_1.7W_soc_70,1.6333333333333333,5880.0
110,T1_aug_night_load_1.7W_soc_70,1.65,5940.0
110,T1_aug_night_load_1.7W_soc_70,1.6666666666666667,6000.0
110,T1_aug_night_load_1.7W_soc_70,1.6833333333333333,6060.0
110,T1_aug_night_load_1.7W_soc_70,1.7,6120.0
110,T1_aug_night_load_1.7W_soc_70,1.7166666666666666,6180.0
110,T1_aug_night_load_1.7W_soc_70,1.7333333333333334,6240.0
110,T1_aug_night_load_1.7W_soc_70,1.75,6300.0
110,T1_aug_night_load_1.7W_soc_70,1.7666666666666666,6360.0
110,T1_aug_night_load_1.7W_soc_70,1.7833333333333334,6420.0
110,T1_aug_night_load_1.7W_soc_70,1.8,6480.0
110,T1_aug_night_load_1.7W_soc_70,1.8166666666666667,6540.0
110,T1_aug_night_load_1.7W_soc_70,1.8333333333333333,6600.0
110,T1_aug_night_load_1.7W_soc_70,1.85,6660.0
110,T1_aug_night_load_1.7W_soc_70,1.8666666666666667,6720.0
110,T1_aug_night_load_1.7W_soc_70,1.8833333333333333,6780.0
110,T1_aug_night_load_1.7W_soc_70,1.9,6840.0
111,T1_aug_night_load_1.7W_soc_80,0.18333333333333332,660.0
111,T1_aug_night_load_1.7W_soc_80,0.2,720.0
111,T1_aug_night_load_1.7W_soc_80,0.21666666666666667,780.0
111,T1_aug_night_load_1.7W_soc_80,0.23333333333333334,840.0
111,T1_aug_night_load_1.7W_soc_80,0.25,900.0
111,T1_aug_night_load_1.7W_soc_80,0.26666666666666666,960.0
111,T1_aug_night_load_1.7W_soc_80,0.2833333333333333,1020.0
111,T1_aug_night_load_1.7W_soc_80,0.3,1080.0
111,T1_aug_night_load_1.7W_soc_80,0.31666666666666665,1140.0
111,T1_aug_night_load_1.7W_soc_80,0.3333333333333333,1200.0
111,T1_aug_night_load_1.7W_soc_80,0.35,1260.0
111,T1_aug_night_load_1.7W_soc_80,0.36666666666666664,1320.0
111,T1_aug_night_load_1.7W_soc_80,0.38333333333333336,1380.0
111,T1_aug_night_load_1.7W_soc_80,0.4,1440.0
111,T1_aug_night_load_1.7W_soc_80,0.4166666666666667,1500.0
111,T1_aug_night_load_1.7W_soc_80,0.43333333333333335,1560.0
111,T1_aug_night_load_1.7W_soc_80,0.45,1620.0
111,T1_aug_night_load_1.7W_soc_80,0.4666666666666667,1680.0
111,T1_aug_night_load_1.7W_soc_80,0.48333333333333334,1740.0
111,T1_aug_night_load_1.7W_soc_80,0.5,1800.0
111,T1_aug_night_load_1.7W_soc_80,0.5166666666666667,1860.0
111,T1_aug_night_load_1.7W_soc_80,0.5333333333333333,1920.0
111,T1_aug_night_load_1.7W_soc_80,0.55,1980.0
111,T1_aug_night_load_1.7W_soc_80,0.5666666666666667,2040.0
111,T1_aug_night_load_1.7W_soc_80,0.5833333333333334,2100.0
111,T1_aug_night_load_1.7W_soc_80,0.6,2160.0
111,T1_aug_night_load_1.7W_soc_80,0.6166666666666667,2220.0
111,T1_aug_night_load_1.7W_soc_80,0.6333333333333333,2280.0
111,T1_aug_night_load_1.7W_soc_80,0.65,2340.0
111,T1_aug_night_load_1.7W_soc_80,0.6666666666666666,2400.0
111,T1_aug_night_load_1.7W_soc_80,0.6833333333333333,2460.0
111,T1_aug_night_load_1.7W_soc_80,0.7,2520.0
111,T1_aug_night_load_1.7W_soc_80,0.7166666666666667,2580.0
111,T1_aug_night_load_1.7W_soc_80,0.7333333333333333,2640.0
111,T1_aug_night_load_1.7W_soc_80,0.75,2700.0
111,T1_aug_night_load_1.7W_soc_80,0.7666666666666667,2760.0
111,T1_aug_night_load_1.7W_soc_80,0.7833333333333333,2820.0
111,T1_aug_night_load_1.7W_soc_80,0.8,2880.0
111,T1_aug_night_load_1.7W_soc_80,0.8166666666666667,2940.0
111,T1_aug_night_load_1.7W_soc_80,0.8333333333333334,3000.0
111,T1_aug_night_load_1.7W_soc_80,0.85,3060.0
111,T1_aug_night_load_1.7W_soc_80,0.8666666666666667,3120.0
111,T1_aug_night_load_1.7W_soc_80,0.8833333333333333,3180.0
111,T1_aug_night_load_1.7W_soc_80,0.9,3240.0
111,T1_aug_night_load_1.7W_soc_80,0.9166666666666666,3300.0
111,T1_aug_night_load_1.7W_soc_80,0.9333333333333333,3360.0
111,T1_aug_night_load_1.7W_soc_80,0.95,3420.0
111,T1_aug_night_load_1.7W_soc_80,0.9666666666666667,3480.0
111,T1_aug_night_load_1.7W_soc_80,0.9833333333333333,3540.0
111,T1_aug_night_load_1.7W_soc_80,1.0,3600.0
111,T1_aug_night_load_1.7W_soc_80,1.0166666666666666,3660.0
111,T1_aug_night_load_1.7W_soc_80,1.0333333333333334,3720.0
111,T1_aug_night_load_1.7W_soc_80,1.05,3780.0
111,T1_aug_night_load_1.7W_soc_80,1.0666666666666667,3840.0
111,T1_aug_night_load_1.7W_soc_80,1.0833333333333333,3900.0
111,T1_aug_night_load_1.7W_soc_80,1.1,3960.0
111,T1_aug_night_load_1.7W_soc_80,1.1166666666666667,4020.0
111,T1_aug_night_load_1.7W_soc_80,1.1333333333333333,4080.0
111,T1_aug_night_load_1.7W_soc_80,1.15,4140.0
111,T1_aug_night_load_1.7W_soc_80,1.1666666666666667,4200.0
111,T1_aug_night_load_1.7W_soc_80,1.1833333333333333,4260.0
111,T1_aug_night_load_1.7W_soc_80,1.2,4320.0
111,T1_aug_night_load_1.7W_soc_80,1.2166666666666666,4380.0
111,T1_aug_night_load_1.7W_soc_80,1.2333333333333334,4440.0
111,T1_aug_night_load_1.7W_soc_80,1.25,4500.0
111,T1_aug_night_load_1.7W_soc_80,1.2666666666666666,4560.0
111,T1_aug_night_load_1.7W_soc_80,1.2833333333333334,4620.0
111,T1_aug_night_load_1.7W_soc_80,1.3,4680.0
111,T1_aug_night_load_1.7W_soc_80,1.3166666666666667,4740.0
111,T1_aug_night_load_1.7W_soc_80,1.3333333333333333,4800.0
111,T1_aug_night_load_1.7W_soc_80,1.35,4860.0
111,T1_aug_night_load_1.7W_soc_80,1.3666666666666667,4920.0
111,T1_aug_night_load_1.7W_soc_80,1.3833333333333333,4980.0
111,T1_aug_night_load_1.7W_soc_80,1.4,5040.0
111,T1_aug_night_load_1.7W_soc_80,1.4166666666666667,5100.0
111,T1_aug_night_load_1.7W_soc_80,1.4333333333333333,5160.0
111,T1_aug_night_load_1.7W_soc_80,1.45,5220.0
111,T1_aug_night_load_1.7W_soc_80,1.4666666666666666,5280.0
111,T1_aug_night_load_1.7W_soc_80,1.4833333333333334,5340.0
111,T1_aug_night_load_1.7W_soc_80,1.5,5400.0
111,T1_aug_night_load_1.7W_soc_80,1.5166666666666666,5460.0
111,T1_aug_night_load_1.7W_soc_80,1.5333333333333334,5520.0
111,T1_aug_night_load_1.7W_soc_80,1.55,5580.0
111,T1_aug_night_load_1.7W_soc_80,1.5666666666666667,5640.0
111,T1_aug_night_load_1.7W_soc_80,1.5833333333333333,5700.0
111,T1_aug_night_load_1.7W_soc_80,1.6,5760.0
111,T1_aug_night_load_1.7W_soc_80,1.6166666666666667,5820.0
111,T1_aug_night_load_1.7W_soc_80,1.6333333333333333,5880.0
111,T1_aug_night_load_1.7W_soc_80,1.65,5940.0
111,T1_aug_night_load_1.7W_soc_80,1.6666666666666667,6000.0
111,T1_aug_night_load_1.7W_soc_80,1.6833333333333333,6060.0
111,T1_aug_night_load_1.7W_soc_80,1.7,6120.0
111,T1_aug_night_load_1.7W_soc_80,1.7166666666666666,6180.0
111,T1_aug_night_load_1.7W_soc_80,1.7333333333333334,6240.0
111,T1_aug_night_load_1.7W_soc_80,1.75,6300.0
111,T1_aug_night_load_1.7W_soc_80,1.7666666666666666,6360.0
111,T1_aug_night_load_1.7W_soc_80,1.7833333333333334,6420.0
111,T1_aug_night_load_1.7W_soc_80,1.8,6480.0
111,T1_aug_night_load_1.7W_soc_80,1.8166666666666667,6540.0
111,T1_aug_night_load_1.7W_soc_80,1.8333333333333333,6600.0
111,T1_aug_night_load_1.7W_soc_80,1.85,6660.0
111,T1_aug_night_load_1.7W_soc_80,1.8666666666666667,6720.0
111,T1_aug_night_load_1.7W_soc_80,1.8833333333333333,6780.0
111,T1_aug_night_load_1.7W_soc_80,1.9,6840.0
112,T1_aug_night_load_1.7W_soc_90,0.18333333333333332,660.0
112,T1_aug_night_load_1.7W_soc_90,0.2,720.0
112,T1_aug_night_load_1.7W_soc_90,0.21666666666666667,780.0
112,T1_aug_night_load_1.7W_soc_90,0.23333333333333334,840.0
112,T1_aug_night_load_1.7W_soc_90,0.25,900.0
112,T1_aug_night_load_1.7W_soc_90,0.26666666666666666,960.0
112,T1_aug_night_load_1.7W_soc_90,0.2833333333333333,1020.0
112,T1_aug_night_load_1.7W_soc_90,0.3,1080.0
112,T1_aug_night_load_1.7W_soc_90,0.31666666666666665,1140.0
112,T1_aug_night_load_1.7W_soc_90,0.3333333333333333,1200.0
112,T1_aug_night_load_1.7W_soc_90,0.35,1260.0
112,T1_aug_night_load_1.7W_soc_90,0.36666666666666664,1320.0
112,T1_aug_night_load_1.7W_soc_90,0.38333333333333336,1380.0
112,T1_aug_night_load_1.7W_soc_90,0.4,1440.0
112,T1_aug_night_load_1.7W_soc_90,0.4166666666666667,1500.0
112,T1_aug_night_load_1.7W_soc_90,0.43333333333333335,1560.0
112,T1_aug_night_load_1.7W_soc_90,0.45,1620.0
112,T1_aug_night_load_1.7W_soc_90,0.4666666666666667,1680.0
112,T1_aug_night_load_1.7W_soc_90,0.48333333333333334,1740.0
112,T1_aug_night_load_1.7W_soc_90,0.5,1800.0
112,T1_aug_night_load_1.7W_soc_90,0.5166666666666667,1860.0
112,T1_aug_night_load_1.7W_soc_90,0.5333333333333333,1920.0
112,T1_aug_night_load_1.7W_soc_90,0.55,1980.0
112,T1_aug_night_load_1.7W_soc_90,0.5666666666666667,2040.0
112,T1_aug_night_load_1.7W_soc_90,0.5833333333333334,2100.0
112,T1_aug_night_load_1.7W_soc_90,0.6,2160.0
112,T1_aug_night_load_1.7W_soc_90,0.6166666666666667,2220.0
112,T1_aug_night_load_1.7W_soc_90,0.6333333333333333,2280.0
112,T1_aug_night_load_1.7W_soc_90,0.65,2340.0
112,T1_aug_night_load_1.7W_soc_90,0.6666666666666666,2400.0
112,T1_aug_night_load_1.7W_soc_90,0.6833333333333333,2460.0
112,T1_aug_night_load_1.7W_soc_90,0.7,2520.0
112,T1_aug_night_load_1.7W_soc_90,0.7166666666666667,2580.0
112,T1_aug_night_load_1.7W_soc_90,0.7333333333333333,2640.0
112,T1_aug_night_load_1.7W_soc_90,0.75,2700.0
112,T1_aug_night_load_1.7W_soc_90,0.7666666666666667,2760.0
112,T1_aug_night_load_1.7W_soc_90,0.7833333333333333,2820.0
112,T1_aug_night_load_1.7W_soc_90,0.8,2880.0
112,T1_aug_night_load_1.7W_soc_90,0.8166666666666667,2940.0
112,T1_aug_night_load_1.7W_soc_90,0.8333333333333334,3000.0
112,T1_aug_night_load_1.7W_soc_90,0.85,3060.0
112,T1_aug_night_load_1.7W_soc_90,0.8666666666666667,3120.0
112,T1_aug_night_load_1.7W_soc_90,0.8833333333333333,3180.0
112,T1_aug_night_load_1.7W_soc_90,0.9,3240.0
112,T1_aug_night_load_1.7W_soc_90,0.9166666666666666,3300.0
112,T1_aug_night_load_1.7W_soc_90,0.9333333333333333,3360.0
112,T1_aug_night_load_1.7W_soc_90,0.95,3420.0
112,T1_aug_night_load_1.7W_soc_90,0.9666666666666667,3480.0
112,T1_aug_night_load_1.7W_soc_90,0.9833333333333333,3540.0
112,T1_aug_night_load_1.7W_soc_90,1.0,3600.0
112,T1_aug_night_load_1.7W_soc_90,1.0166666666666666,3660.0
112,T1_aug_night_load_1.7W_soc_90,1.0333333333333334,3720.0
112,T1_aug_night_load_1.7W_soc_90,1.05,3780.0
112,T1_aug_night_load_1.7W_soc_90,1.0666666666666667,3840.0
112,T1_aug_night_load_1.7W_soc_90,1.0833333333333333,3900.0
112,T1_aug_night_load_1.7W_soc_90,1.1,3960.0
112,T1_aug_night_load_1.7W_soc_90,1.1166666666666667,4020.0
112,T1_aug_night_load_1.7W_soc_90,1.1333333333333333,4080.0
112,T1_aug_night_load_1.7W_soc_90,1.15,4140.0
112,T1_aug_night_load_1.7W_soc_90,1.1666666666666667,4200.0
112,T1_aug_night_load_1.7W_soc_90,1.1833333333333333,4260.0
112,T1_aug_night_load_1.7W_soc_90,1.2,4320.0
112,T1_aug_night_load_1.7W_soc_90,1.2166666666666666,4380.0
112,T1_aug_night_load_1.7W_soc_90,1.2333333333333334,4440.0
112,T1_aug_night_load_1.7W_soc_90,1.25,4500.0
112,T1_aug_night_load_1.7W_soc_90,1.2666666666666666,4560.0
112,T1_aug_night_load_1.7W_soc_90,1.2833333333333334,4620.0
112,T1_aug_night_load_1.7W_soc_90,1.3,4680.0
112,T1_aug_night_load_1.7W_soc_90,1.3166666666666667,4740.0
112,T1_aug_night_load_1.7W_soc_90,1.3333333333333333,4800.0
112,T1_aug_night_load_1.7W_soc_90,1.35,4860.0
112,T1_aug_night_load_1.7W_soc_90,1.3666666666666667,4920.0
112,T1_aug_night_load_1.7W_soc_90,1.3833333333333333,4980.0
112,T1_aug_night_load_1.7W_soc_90,1.4,5040.0
112,T1_aug_night_load_1.7W_soc_90,1.4166666666666667,5100.0
112,T1_aug_night_load_1.7W_soc_90,1.4333333333333333,5160.0
112,T1_aug_night_load_1.7W_soc_90,1.45,5220.0
112,T1_aug_night_load_1.7W_soc_90,1.4666666666666666,5280.0
112,T1_aug_night_load_1.7W_soc_90,1.4833333333333334,5340.0
112,T1_aug_night_load_1.7W_soc_90,1.5,5400.0
112,T1_aug_night_load_1.7W_soc_90,1.5166666666666666,5460.0
112,T1_aug_night_load_1.7W_soc_90,1.5333333333333334,5520.0
112,T1_aug_night_load_1.7W_soc_90,1.55,5580.0
112,T1_aug_night_load_1.7W_soc_90,1.5666666666666667,5640.0
112,T1_aug_night_load_1.7W_soc_90,1.5833333333333333,5700.0
112,T1_aug_night_load_1.7W_soc_90,1.6,5760.0
112,T1_aug_night_load_1.7W_soc_90,1.6166666666666667,5820.0
112,T1_aug_night_load_1.7W_soc_90,1.6333333333333333,5880.0
112,T1_aug_night_load_1.7W_soc_90,1.65,5940.0
112,T1_aug_night_load_1.7W_soc_90,1.6666666666666667,6000.0
112,T1_aug_night_load_1.7W_soc_90,1.6833333333333333,6060.0
112,T1_aug_night_load_1.7W_soc_90,1.7,6120.0
112,T1_aug_night_load_1.7W_soc_90,1.7166666666666666,6180.0
112,T1_aug_night_load_1.7W_soc_90,1.7333333333333334,6240.0
112,T1_aug_night_load_1.7W_soc_90,1.75,6300.0
112,T1_aug_night_load_1.7W_soc_90,1.7666666666666666,6360.0
112,T1_aug_night_load_1.7W_soc_90,1.7833333333333334,6420.0
112,T1_aug_night_load_1.7W_soc_90,1.8,6480.0
112,T1_aug_night_load_1.7W_soc_90,1.8166666666666667,6540.0
112,T1_aug_night_load_1.7W_soc_90,1.8333333333333333,6600.0
112,T1_aug_night_load_1.7W_soc_90,1.85,6660.0
112,T1_aug_night_load_1.7W_soc_90,1.8666666666666667,6720.0
112,T1_aug_night_load_1.7W_soc_90,1.8833333333333333,6780.0
112,T1_aug_night_load_1.7W_soc_90,1.9,6840.0
