real_hour_sin,real_hour_cos,lux,pv_v,pv_p,home_v,home_soc,load_p,car_soc,human_soc,pvsrc,hsrc,rigid,led,fan,qi,hchg,cchg,v2h,future_pv_p,future_load_p,future_home_soc,scene_id,scene_label,real_hour,real_elapsed_s,sample_period_s
0.000000,1.000000,62.500000,0.660000,0.000000,7.842000,80.125000,0.905267,68.000000,64.100000,0,1,1,0,0,0,0,0,0,0.000000,0.910484,79.677083,1,T1_night_no_pv,0.000000,0.000000,60
0.004363,0.999990,62.500000,0.660000,0.000000,7.842000,80.125000,0.905267,68.000000,64.100000,0,1,1,0,0,0,0,0,0,0.000000,0.910484,79.626563,1,T1_night_no_pv,0.016667,60.000000,60
0.008727,0.999962,62.500000,0.660000,0.000000,7.842000,80.125000,0.905267,68.000000,64.100000,0,1,1,0,0,0,0,0,0,0.000000,0.910484,79.576042,1,T1_night_no_pv,0.033333,120.000000,60
0.013090,0.999914,62.500000,0.660000,0.000000,7.842000,80.125000,0.905267,68.000000,64.100000,0,1,1,0,0,0,0,0,0,0.000000,0.910484,79.525521,1,T1_night_no_pv,0.050000,180.000000,60
0.017452,0.999848,62.500000,0.660000,0.000000,7.841767,80.110417,0.905267,68.000000,64.100000,0,1,1,0,0,0,0,0,0,0.000000,0.910484,79.475000,1,T1_night_no_pv,0.066667,240.000000,60
0.021815,0.999762,62.500000,0.660042,0.000000,7.840958,80.059896,0.905477,68.000000,64.100000,0,1,1,0,0,0,0,0,0,0.000000,0.910484,79.375521,1,T1_night_no_pv,0.083333,300.000000,60
0.026177,0.999657,62.500000,0.660850,0.000000,7.840150,80.009375,0.909542,68.000000,64.100000,0,1,1,0,0,0,0,0,0,0.000000,0.910484,79.286146,1,T1_night_no_pv,0.100000,360.000000,60
0.030539,0.999534,62.500000,0.661000,0.000000,7.838025,79.876563,0.910296,68.000000,64.100000,0,1,1,0,0,0,0,0,0,0.000000,0.910484,79.197604,1,T1_night_no_pv,0.116667,420.000000,60
0.034899,0.999391,62.500000,0.661467,0.000000,7.836067,79.754167,0.910384,68.000000,64.100000,0,1,1,0,0,0,0,0,0,0.000000,0.910484,79.102187,1,T1_night_no_pv,0.133333,480.000000,60
0.039260,0.999229,62.500000,0.662000,0.000000,7.835000,79.687500,0.910484,68.000000,64.100000,0,1,1,0,0,0,0,0,0,0.000000,0.910484,79.005625,1,T1_night_no_pv,0.150000,540.000000,60
0.043619,0.999048,61.733333,0.662000,0.000000,7.834833,79.677083,0.910484,68.000000,64.100000,0,1,1,0,0,0,0,0,0,0.000000,0.910484,78.915521,1,T1_night_no_pv,0.166667,600.000000,60
0.047978,0.998848,54.296667,0.662000,0.000000,7.833217,79.576042,0.910484,68.000000,64.100000,0,1,1,0,0,0,0,0,0,0.000000,0.910484,78.815312,1,T1_night_no_pv,0.183333,660.000000,60
0.052336,0.998630,58.550000,0.662000,0.000000,7.831600,79.475000,0.910484,68.000000,64.100000,0,1,1,0,0,0,0,0,0,0.000000,0.910513,78.724063,1,T1_night_no_pv,0.200000,720.000000,60
0.056693,0.998392,43.872500,0.661492,0.000000,7.829983,79.373958,0.910484,68.000000,64.100000,0,1,1,0,0,0,0,0,0,0.000000,0.910529,78.664583,1,T1_night_no_pv,0.216667,780.000000,60
0.061049,0.998135,38.583333,0.661317,0.000000,7.828367,79.272917,0.910484,68.000000,64.100000,0,1,1,0,0,0,0,0,0,0.000000,0.910544,78.616563,1,T1_night_no_pv,0.233333,840.000000,60
0.065403,0.997859,62.500000,0.662000,0.000000,7.826875,79.179688,0.910484,68.000000,64.100000,0,1,1,0,0,0,0,0,0,0.000000,0.910783,78.555625,1,T1_night_no_pv,0.250000,900.000000,60
0.069756,0.997564,62.500000,0.662000,0.000000,7.826067,79.129167,0.910484,68.000000,64.100000,0,1,1,0,0,0,0,0,0,0.000000,0.911790,78.504583,1,T1_night_no_pv,0.266667,960.000000,60
0.074108,0.997250,61.906667,0.662000,0.000000,7.824517,79.032292,0.910484,68.000000,64.025833,0,1,1,0,0,0,0,0,0,0.000000,0.912798,78.443750,1,T1_night_no_pv,0.283333,1020.000000,60
0.078459,0.996917,42.450000,0.661450,0.000000,7.822350,78.896875,0.910484,68.000000,64.000000,0,1,1,0,0,0,0,0,0,0.000000,0.913827,78.365938,1,T1_night_no_pv,0.300000,1080.000000,60
0.082808,0.996566,39.528333,0.661358,0.000000,7.820642,78.790104,0.910484,68.000000,64.000000,0,1,1,0,0,0,0,0,0,0.000000,0.914840,78.287917,1,T1_night_no_pv,0.316667,1140.000000,60
0.087156,0.996195,58.883333,0.662000,0.000000,7.819667,78.729167,0.910484,68.000000,64.000000,0,1,1,0,0,0,0,0,0,0.000000,0.915607,78.224896,1,T1_night_no_pv,0.333333,1200.000000,60
0.091502,0.995805,41.342500,0.662000,0.000000,7.818050,78.628125,0.910484,68.000000,64.000000,0,1,1,0,0,0,0,0,0,0.000000,0.915606,78.161354,1,T1_night_no_pv,0.350000,1260.000000,60
0.095846,0.995396,44.716667,0.662000,0.000000,7.817217,78.576042,0.910631,68.000000,64.000000,0,1,1,0,0,0,0,0,0,0.000000,0.915575,78.097813,1,T1_night_no_pv,0.366667,1320.000000,60
0.100188,0.994969,56.154167,0.662000,0.000000,7.817592,78.599479,0.910561,68.000000,64.000000,0,1,1,0,0,0,0,0,0,0.000000,0.915537,78.034792,1,T1_night_no_pv,0.383333,1380.000000,60
0.104528,0.994522,63.300000,0.662000,0.000000,7.816800,78.550000,0.910559,68.000000,64.000000,0,1,1,0,0,0,0,0,0,0.000000,0.915516,77.965729,1,T1_night_no_pv,0.400000,1440.000000,60
0.108867,0.994056,63.300000,0.662000,0.000000,7.814792,78.424479,0.911681,68.000000,64.000000,0,1,1,0,0,0,0,0,0,0.000000,0.915516,77.890208,1,T1_night_no_pv,0.416667,1500.000000,60
0.113203,0.993572,63.300000,0.662017,0.000000,7.813967,78.372917,0.915519,68.000000,64.000000,0,1,1,0,0,0,0,0,0,0.000000,0.915516,77.815417,1,T1_night_no_pv,0.433333,1560.000000,60
0.117537,0.993068,63.300000,0.662825,0.000000,7.812350,78.271875,0.915672,68.000000,64.000000,0,1,1,0,0,0,0,0,0,0.000000,0.915516,77.750729,1,T1_night_no_pv,0.450000,1620.000000,60
0.121869,0.992546,63.300000,0.663000,0.000000,7.811367,78.210417,0.915705,68.000000,64.000000,0,1,1,0,0,0,0,0,0,0.000000,0.915516,77.687708,1,T1_night_no_pv,0.466667,1680.000000,60
0.126199,0.992005,63.300000,0.662558,0.000000,7.810558,78.159896,0.915622,68.000000,64.000000,0,1,1,0,0,0,0,0,0,0.000000,0.915516,77.630729,1,T1_night_no_pv,0.483333,1740.000000,60
0.130526,0.991445,63.300000,0.662000,0.000000,7.809750,78.109375,0.915516,68.000000,63.950000,0,1,1,0,0,0,0,0,0,0.000000,0.915516,77.576042,1,T1_night_no_pv,0.500000,1800.000000,60
0.134851,0.990866,63.300000,0.662117,0.000000,7.808883,78.055208,0.915516,68.000000,63.800000,0,1,1,0,0,0,0,0,0,0.000000,0.915516,77.514792,1,T1_night_no_pv,0.516667,1860.000000,60
0.139173,0.990268,63.300000,0.663733,0.000000,7.807267,77.954167,0.915516,68.000000,63.800000,0,1,1,0,0,0,0,0,0,0.000000,0.915516,77.463646,1,T1_night_no_pv,0.533333,1920.000000,60
0.143493,0.989651,63.300000,0.663325,0.000000,7.806325,77.895313,0.915516,68.000000,63.800000,0,1,1,0,0,0,0,0,0,0.000000,0.915487,77.403646,1,T1_night_no_pv,0.550000,1980.000000,60
0.147809,0.989016,63.300000,0.662517,0.000000,7.805033,77.814583,0.915516,68.000000,63.800000,0,1,1,0,0,0,0,0,0,0.000000,0.915450,77.333542,1,T1_night_no_pv,0.566667,2040.000000,60
0.152123,0.988362,63.300000,0.662292,0.000000,7.803708,77.731771,0.915516,68.000000,63.800000,0,1,1,0,0,0,0,0,0,0.000000,0.915426,77.262188,1,T1_night_no_pv,0.583333,2100.000000,60
0.156434,0.987688,63.300000,0.663000,0.000000,7.802900,77.681250,0.915516,68.000000,63.800000,0,1,1,0,0,0,0,0,0,0.000000,0.915419,77.197396,1,T1_night_no_pv,0.600000,2160.000000,60
0.160743,0.986996,63.300000,0.663000,0.000000,7.802092,77.630729,0.915516,68.000000,63.800000,0,1,1,0,0,0,0,0,0,0.000000,0.915381,77.122500,1,T1_night_no_pv,0.616667,2220.000000,60
0.165048,0.986286,62.726667,0.663000,0.000000,7.801283,77.580208,0.915516,68.000000,63.800000,0,1,1,0,0,0,0,0,0,0.000000,0.915372,77.046458,1,T1_night_no_pv,0.633333,2280.000000,60
0.169350,0.985556,62.500000,0.663525,0.000000,7.800475,77.529687,0.915516,68.000000,63.800000,0,1,1,0,0,0,0,0,0,0.000000,0.915372,76.985625,1,T1_night_no_pv,0.650000,2340.000000,60
0.173648,0.984808,62.766667,0.663667,0.000000,7.799333,77.458333,0.915516,68.000000,63.800000,0,1,1,0,0,0,0,0,0,0.000000,0.915374,76.929896,1,T1_night_no_pv,0.666667,2400.000000,60
0.177944,0.984041,63.300000,0.663000,0.000000,7.798000,77.375000,0.915516,68.000000,63.800000,0,1,1,0,0,0,0,0,0,0.000000,0.915381,76.869687,1,T1_night_no_pv,0.683333,2460.000000,60
0.182236,0.983255,63.300000,0.663000,0.000000,7.798000,77.375000,0.915516,68.000000,63.800000,0,1,1,0,0,0,0,0,0,0.000000,0.915418,76.818750,1,T1_night_no_pv,0.700000,2520.000000,60
0.186524,0.982450,62.086667,0.662242,0.000000,7.796483,77.280208,0.915373,68.000000,63.724167,0,1,1,0,0,0,0,0,0,0.000000,0.915456,76.767708,1,T1_night_no_pv,0.716667,2580.000000,60
0.190809,0.981627,62.153333,0.662000,0.000000,7.794867,77.179167,0.915327,68.000000,63.700000,0,1,1,0,0,0,0,0,0,0.000000,0.915494,76.717708,1,T1_night_no_pv,0.733333,2640.000000,60
0.195090,0.980785,63.137500,0.662375,0.000000,7.793625,77.101562,0.915398,68.000000,63.700000,0,1,1,0,0,0,0,0,0,0.000000,0.915533,76.672396,1,T1_night_no_pv,0.750000,2700.000000,60
0.199368,0.979925,64.200000,0.662817,0.000000,7.792817,77.051042,0.915481,68.000000,63.700000,0,1,1,0,0,0,0,0,0,0.000000,0.915571,76.631563,1,T1_night_no_pv,0.766667,2760.000000,60
0.203642,0.979045,64.200000,0.662008,0.000000,7.792008,77.000521,0.915329,68.000000,63.700000,0,1,1,0,0,0,0,0,0,0.000000,0.915609,76.581458,1,T1_night_no_pv,0.783333,2820.000000,60
0.207912,0.978148,63.480000,0.662000,0.000000,7.790400,76.900000,0.915327,68.000000,63.700000,0,1,1,0,0,0,0,0,0,0.000000,0.915647,76.541458,1,T1_night_no_pv,0.800000,2880.000000,60
0.212178,0.977231,63.300000,0.662608,0.000000,7.790000,76.875000,0.915327,68.000000,63.700000,0,1,1,0,0,0,0,0,0,0.000000,0.915658,76.503958,1,T1_night_no_pv,0.816667,2940.000000,60
0.216440,0.976296,63.300000,0.663000,0.000000,7.789167,76.822917,0.915406,68.000000,63.700000,0,1,1,0,0,0,0,0,0,0.000000,0.915660,76.459688,1,T1_night_no_pv,0.833333,3000.000000,60
0.220697,0.975342,63.300000,0.663225,0.000000,7.788000,76.750000,0.915516,68.000000,63.700000,0,1,1,0,0,0,0,0,0,0.000000,0.915660,76.409167,1,T1_night_no_pv,0.850000,3060.000000,60
0.224951,0.974370,63.300000,0.663967,0.000000,7.787933,76.745833,0.915516,68.000000,63.700000,0,1,1,0,0,0,0,0,0,0.000000,0.915656,76.358646,1,T1_night_no_pv,0.866667,3120.000000,60
0.229200,0.973379,63.300000,0.663158,0.000000,7.786317,76.644792,0.915516,68.000000,63.700000,0,1,1,0,0,0,0,0,0,0.000000,0.915621,76.308125,1,T1_night_no_pv,0.883333,3180.000000,60
0.233445,0.972370,63.300000,0.663000,0.000000,7.786000,76.625000,0.915516,68.000000,63.570000,0,1,1,0,0,0,0,0,0,0.000000,0.915609,76.248958,1,T1_night_no_pv,0.900000,3240.000000,60
0.237686,0.971342,62.933333,0.663000,0.000000,7.785542,76.596354,0.915603,68.000000,63.500000,0,1,1,0,0,0,0,0,0,0.000000,0.915610,76.192188,1,T1_night_no_pv,0.916667,3300.000000,60
0.241922,0.970296,62.713333,0.663000,0.000000,7.784733,76.545833,0.915705,68.000000,63.500000,0,1,1,0,0,0,0,0,0,0.000000,0.915610,76.141667,1,T1_night_no_pv,0.933333,3360.000000,60
0.246153,0.969231,63.300000,0.663000,0.000000,7.783925,76.495312,0.915705,68.000000,63.500000,0,1,1,0,0,0,0,0,0,0.000000,0.915615,76.091146,1,T1_night_no_pv,0.950000,3420.000000,60
0.250380,0.968148,63.300000,0.663000,0.000000,7.783117,76.444792,0.915705,68.000000,63.500000,0,1,1,0,0,0,0,0,0,0.000000,0.915650,76.040625,1,T1_night_no_pv,0.966667,3480.000000,60
0.254602,0.967046,63.300000,0.662308,0.000000,7.783000,76.437500,0.915574,68.000000,63.500000,0,1,1,0,0,0,0,0,0,0.000000,0.915658,75.990104,1,T1_night_no_pv,0.983333,3540.000000,60
0.258819,0.965926,63.300000,0.662500,0.000000,7.782000,76.375000,0.915610,68.000000,63.500000,0,1,1,0,0,0,0,0,0,0.000000,0.915638,75.939583,1,T1_night_no_pv,1.000000,3600.000000,60
0.263031,0.964787,63.300000,0.663000,0.000000,7.780692,76.293229,0.915705,68.000000,63.500000,0,1,1,0,0,0,0,0,0,0.000000,0.915615,75.889062,1,T1_night_no_pv,1.016667,3660.000000,60
0.267238,0.963630,63.300000,0.663000,0.000000,7.779883,76.242708,0.915683,68.000000,63.500000,0,1,1,0,0,0,0,0,0,0.000000,0.915615,75.838542,1,T1_night_no_pv,1.033333,3720.000000,60
0.271440,0.962455,63.300000,0.663000,0.000000,7.779075,76.192188,0.915530,68.000000,63.500000,0,1,1,0,0,0,0,0,0,0.000000,0.915615,75.788021,1,T1_night_no_pv,1.050000,3780.000000,60
0.275637,0.961262,63.300000,0.663000,0.000000,7.778267,76.141667,0.915516,68.000000,63.500000,0,1,1,0,0,0,0,0,0,0.000000,0.915613,75.737500,1,T1_night_no_pv,1.066667,3840.000000,60
0.279829,0.960050,63.300000,0.663000,0.000000,7.777458,76.091146,0.915618,68.000000,63.445833,0,1,1,0,0,0,0,0,0,0.000000,0.915613,75.679167,1,T1_night_no_pv,1.083333,3900.000000,60
0.284015,0.958820,63.020000,0.663000,0.000000,7.776650,76.040625,0.915705,68.000000,63.400000,0,1,1,0,0,0,0,0,0,0.000000,0.915598,75.616146,1,T1_night_no_pv,1.100000,3960.000000,60
0.288196,0.957571,62.626667,0.663158,0.000000,7.775842,75.990104,0.915705,68.000000,63.400000,0,1,1,0,0,0,0,0,0,0.000000,0.915560,75.553125,1,T1_night_no_pv,1.116667,4020.000000,60
0.292372,0.956305,63.273333,0.663967,0.000000,7.775033,75.939583,0.915705,68.000000,63.400000,0,1,1,0,0,0,0,0,0,0.000000,0.915523,75.489479,1,T1_night_no_pv,1.133333,4080.000000,60
0.296542,0.955020,63.300000,0.663225,0.000000,7.774225,75.889062,0.915559,68.000000,63.400000,0,1,1,0,0,0,0,0,0,0.000000,0.915516,75.415729,1,T1_night_no_pv,1.150000,4140.000000,60
0.300706,0.953717,63.300000,0.662417,0.000000,7.773417,75.838542,0.915516,68.000000,63.400000,0,1,1,0,0,0,0,0,0,0.000000,0.915516,75.356354,1,T1_night_no_pv,1.166667,4200.000000,60
0.304864,0.952396,63.300000,0.662783,0.000000,7.772608,75.788021,0.915590,68.000000,63.400000,0,1,1,0,0,0,0,0,0,0.000000,0.915516,75.305833,1,T1_night_no_pv,1.183333,4260.000000,60
0.309017,0.951057,63.300000,0.664000,0.000000,7.771800,75.737500,0.915705,68.000000,63.400000,0,1,1,0,0,0,0,0,0,0.000000,0.915527,75.255313,1,T1_night_no_pv,1.200000,4320.000000,60
0.313164,0.949699,63.300000,0.663992,0.000000,7.770992,75.686979,0.915703,68.000000,63.400000,0,1,1,0,0,0,0,0,0,0.000000,0.915561,75.205417,1,T1_night_no_pv,1.216667,4380.000000,60
0.317305,0.948324,63.300000,0.663183,0.000000,7.770183,75.636458,0.915551,68.000000,63.400000,0,1,1,0,0,0,0,0,0,0.000000,0.915565,75.165625,1,T1_night_no_pv,1.233333,4440.000000,60
0.321439,0.946930,63.300000,0.663000,0.000000,7.768750,75.546875,0.915516,68.000000,63.400000,0,1,1,0,0,0,0,0,0,0.000000,0.915565,75.128125,1,T1_night_no_pv,1.250000,4500.000000,60
0.325568,0.945519,63.300000,0.663000,0.000000,7.767567,75.472917,0.915516,68.000000,63.356667,0,1,1,0,0,0,0,0,0,0.000000,0.915545,75.090104,1,T1_night_no_pv,1.266667,4560.000000,60
0.329691,0.944089,63.300000,0.663000,0.000000,7.766758,75.422396,0.915516,68.000000,63.300000,0,1,1,0,0,0,0,0,0,0.000000,0.915509,75.052083,1,T1_night_no_pv,1.283333,4620.000000,60
0.333807,0.942641,63.300000,0.663000,0.000000,7.765900,75.368750,0.915516,68.000000,63.300000,0,1,1,0,0,0,0,0,0,0.000000,0.915475,75.015729,1,T1_night_no_pv,1.300000,4680.000000,60
0.337917,0.941176,63.300000,0.663000,0.000000,7.764283,75.267708,0.915516,68.000000,63.300000,0,1,1,0,0,0,0,0,0,0.000000,0.915471,74.989479,1,T1_night_no_pv,1.316667,4740.000000,60
0.342020,0.939693,63.300000,0.662333,0.000000,7.764000,75.250000,0.915516,68.000000,63.300000,0,1,1,0,0,0,0,0,0,0.000000,0.915471,74.945729,1,T1_night_no_pv,1.333333,4800.000000,60
0.346117,0.938191,63.300000,0.662475,0.000000,7.763525,75.220313,0.915516,68.000000,63.300000,0,1,1,0,0,0,0,0,0,0.000000,0.915490,74.895208,1,T1_night_no_pv,1.350000,4860.000000,60
0.350207,0.936672,63.555000,0.663283,0.000000,7.762717,75.169792,0.915570,68.000000,63.300000,0,1,1,0,0,0,0,0,0,0.000000,0.915516,74.849271,1,T1_night_no_pv,1.366667,4920.000000,60
0.354291,0.935135,64.200000,0.664000,0.000000,7.761908,75.119271,0.915688,68.000000,63.300000,0,1,1,0,0,0,0,0,0,0.000000,0.915516,74.809583,1,T1_night_no_pv,1.383333,4980.000000,60
0.358368,0.933580,64.200000,0.664000,0.000000,7.761100,75.068750,0.915535,68.000000,63.300000,0,1,1,0,0,0,0,0,0,0.000000,0.915516,74.759792,1,T1_night_no_pv,1.400000,5040.000000,60
0.362438,0.932008,64.766667,0.663292,0.000000,7.761000,75.062500,0.915516,68.000000,63.158333,0,1,1,0,0,0,0,0,0,0.000000,0.915516,74.718646,1,T1_night_no_pv,1.416667,5100.000000,60
0.366501,0.930418,64.586667,0.663000,0.000000,7.760483,75.030208,0.915418,68.000000,63.100000,0,1,1,0,0,0,0,0,0,0.000000,0.915516,74.673125,1,T1_night_no_pv,1.433333,5160.000000,60
0.370557,0.928810,64.200000,0.663325,0.000000,7.759675,74.979687,0.915388,68.000000,63.100000,0,1,1,0,0,0,0,0,0,0.000000,0.915516,74.623125,1,T1_night_no_pv,1.450000,5220.000000,60
0.374607,0.927184,64.306667,0.664000,0.000000,7.759000,74.937500,0.915516,68.000000,63.100000,0,1,1,0,0,0,0,0,0,0.000000,0.915516,74.575312,1,T1_night_no_pv,1.466667,5280.000000,60
0.378649,0.925541,64.953333,0.664000,0.000000,7.759000,74.937500,0.915516,68.000000,63.100000,0,1,1,0,0,0,0,0,0,0.000000,0.915516,74.536979,1,T1_night_no_pv,1.483333,5340.000000,60
0.382683,0.923880,65.000000,0.664000,0.000000,7.757500,74.843750,0.915516,68.000000,63.100000,0,1,1,0,0,0,0,0,0,0.000000,0.915516,74.488542,1,T1_night_no_pv,1.500000,5400.000000,60
0.386711,0.922201,65.000000,0.663442,0.000000,7.756442,74.777604,0.915516,68.000000,63.100000,0,1,1,0,0,0,0,0,0,0.000000,0.915516,74.445521,1,T1_night_no_pv,1.516667,5460.000000,60
0.390731,0.920505,65.000000,0.663000,0.000000,7.756000,74.750000,0.915516,68.000000,63.100000,0,1,1,0,0,0,0,0,0,0.000000,0.915516,74.408021,1,T1_night_no_pv,1.533333,5520.000000,60
0.394744,0.918791,65.000000,0.663175,0.000000,7.755825,74.739063,0.915516,68.000000,63.082500,0,1,1,0,0,0,0,0,0,0.000000,0.915516,74.367292,1,T1_night_no_pv,1.550000,5580.000000,60
0.398749,0.917060,65.000000,0.663983,0.000000,7.755017,74.688542,0.915516,68.000000,63.001667,0,1,1,0,0,0,0,0,0,0.000000,0.915516,74.316250,1,T1_night_no_pv,1.566667,5640.000000,60
0.402747,0.915311,64.366667,0.663208,0.000000,7.754208,74.638021,0.915516,68.000000,63.000000,0,1,1,0,0,0,0,0,0,0.000000,0.915516,74.265208,1,T1_night_no_pv,1.583333,5700.000000,60
0.406737,0.913545,64.680000,0.663600,0.000000,7.752800,74.550000,0.915516,68.000000,63.000000,0,1,1,0,0,0,0,0,0,0.000000,0.915490,74.223229,1,T1_night_no_pv,1.600000,5760.000000,60
0.410719,0.911762,65.000000,0.663592,0.000000,7.752000,74.500000,0.915516,68.000000,63.000000,0,1,1,0,0,0,0,0,0,0.000000,0.915452,74.161146,1,T1_night_no_pv,1.616667,5820.000000,60
0.414693,0.909961,65.000000,0.663000,0.000000,7.752000,74.500000,0.915516,68.000000,63.000000,0,1,1,0,0,0,0,0,0,0.000000,0.915426,74.080625,1,T1_night_no_pv,1.633333,5880.000000,60
0.418660,0.908143,65.000000,0.663000,0.000000,7.751950,74.496875,0.915516,68.000000,63.000000,0,1,1,0,0,0,0,0,0,0.000000,0.915426,74.019792,1,T1_night_no_pv,1.650000,5940.000000,60
0.422618,0.906308,65.000000,0.663000,0.000000,7.750333,74.395833,0.915516,68.000000,63.000000,0,1,1,0,0,0,0,0,0,0.000000,0.915426,73.979167,1,T1_night_no_pv,1.666667,6000.000000,60
0.426569,0.904455,65.000000,0.663642,0.000000,7.749358,74.334896,0.915516,68.000000,63.000000,0,1,1,0,0,0,0,0,0,0.000000,0.915452,73.932604,1,T1_night_no_pv,1.683333,6060.000000,60
0.430511,0.902585,65.000000,0.664000,0.000000,7.749000,74.312500,0.915516,68.000000,63.000000,0,1,1,0,0,0,0,0,0,0.000000,0.915490,73.900521,1,T1_night_no_pv,1.700000,6120.000000,60
0.434445,0.900698,65.000000,0.663742,0.000000,7.748742,74.296354,0.915516,68.000000,62.948333,0,1,1,0,0,0,0,0,0,0.000000,0.915516,73.884271,1,T1_night_no_pv,1.716667,6180.000000,60
0.438371,0.898794,65.000000,0.662933,0.000000,7.747867,74.241667,0.915516,68.000000,62.800000,0,1,1,0,0,0,0,0,0,0.000000,0.915516,73.857396,1,T1_night_no_pv,1.733333,6240.000000,60
0.442289,0.896873,65.000000,0.662125,0.000000,7.746250,74.140625,0.915516,68.000000,62.800000,0,1,1,0,0,0,0,0,0,0.000000,0.915516,73.820417,1,T1_night_no_pv,1.750000,6300.000000,60
0.446198,0.894934,65.000000,0.662683,0.000000,7.746000,74.125000,0.915387,68.000000,62.800000,0,1,1,0,0,0,0,0,0,0.000000,0.915516,73.782396,1,T1_night_no_pv,1.766667,6360.000000,60
0.450098,0.892979,65.000000,0.662508,0.000000,7.744033,74.002083,0.915327,68.000000,62.800000,0,1,1,0,0,0,0,0,0,0.000000,0.915516,73.744375,1,T1_night_no_pv,1.783333,6420.000000,60
0.453990,0.891007,65.000000,0.662600,0.000000,7.742300,73.893750,0.915384,68.000000,62.800000,0,1,1,0,0,0,0,0,0,0.000000,0.915516,73.702083,1,T1_night_no_pv,1.800000,6480.000000,60
0.457874,0.889017,65.000000,0.663892,0.000000,7.743000,73.937500,0.915516,68.000000,62.800000,0,1,1,0,0,0,0,0,0,0.000000,0.915516,73.651562,1,T1_night_no_pv,1.816667,6540.000000,60
0.461749,0.887011,65.000000,0.663083,0.000000,7.743000,73.937500,0.915516,68.000000,62.800000,0,1,1,0,0,0,0,0,0,0.000000,0.915516,73.601042,1,T1_night_no_pv,1.833333,6600.000000,60
0.465615,0.884988,65.000000,0.663000,0.000000,7.742275,73.892188,0.915516,68.000000,62.800000,0,1,1,0,0,0,0,0,0,0.000000,0.915516,73.550521,1,T1_night_no_pv,1.850000,6660.000000,60
0.469472,0.882948,65.000000,0.663533,0.000000,7.741467,73.841667,0.915516,68.000000,62.746667,0,1,1,0,0,0,0,0,0,0.000000,0.915493,73.507708,1,T1_night_no_pv,1.866667,6720.000000,60
0.473320,0.880891,65.000000,0.663658,0.000000,7.741000,73.812500,0.915516,68.000000,62.700000,0,1,1,0,0,0,0,0,0,0.000000,0.915471,73.469687,1,T1_night_no_pv,1.883333,6780.000000,60
0.477159,0.878817,65.000000,0.663150,0.000000,7.740850,73.803125,0.915516,68.000000,62.700000,0,1,1,0,0,0,0,0,0,0.000000,0.915471,73.431667,1,T1_night_no_pv,1.900000,6840.000000,60
0.480989,0.876727,65.000000,0.663958,0.000000,7.740042,73.752604,0.915516,68.000000,62.700000,0,1,1,0,0,0,0,0,0,0.000000,0.915471,73.393646,1,T1_night_no_pv,1.916667,6900.000000,60
0.484810,0.874620,65.000000,0.663233,0.000000,7.739233,73.702083,0.915516,68.000000,62.700000,0,1,1,0,0,0,0,0,0,0.000000,0.915471,73.355625,1,T1_night_no_pv,1.933333,6960.000000,60
0.488621,0.872496,65.000000,0.663000,0.000000,7.738425,73.651562,0.915516,68.000000,62.700000,0,1,1,0,0,0,0,0,0,0.000000,0.915494,73.309896,1,T1_night_no_pv,1.950000,7020.000000,60
0.492424,0.870356,65.000000,0.663383,0.000000,7.737617,73.601042,0.915516,68.000000,62.700000,0,1,1,0,0,0,0,0,0,0.000000,0.915516,73.265208,1,T1_night_no_pv,1.966667,7080.000000,60
0.496217,0.868199,65.000000,0.664000,0.000000,7.736808,73.550521,0.915516,68.000000,62.700000,0,1,1,0,0,0,0,0,0,0.000000,0.915506,73.227187,1,T1_night_no_pv,1.983333,7140.000000,60
0.500000,0.866025,65.000000,0.664000,0.000000,7.736000,73.500000,0.915516,68.000000,62.700000,0,1,1,0,0,0,0,0,0,0.000000,0.915468,73.189167,1,T1_night_no_pv,2.000000,7200.000000,60
0.503774,0.863836,65.000000,0.664000,0.000000,7.735192,73.449479,0.915516,68.000000,62.538333,0,1,1,0,0,0,0,0,0,0.000000,0.915430,73.151146,1,T1_night_no_pv,2.016667,7260.000000,60
0.507538,0.861629,65.000000,0.663383,0.000000,7.735000,73.437500,0.915399,68.000000,62.500000,0,1,1,0,0,0,0,0,0,0.000000,0.915366,73.086875,1,T1_night_no_pv,2.033333,7320.000000,60
0.511293,0.859406,65.000000,0.663000,0.000000,7.734575,73.410938,0.915407,68.000000,62.500000,0,1,1,0,0,0,0,0,0,0.000000,0.915309,73.024583,1,T1_night_no_pv,2.050000,7380.000000,60
0.515038,0.857167,65.000000,0.663000,0.000000,7.733767,73.360417,0.915516,68.000000,62.500000,0,1,1,0,0,0,0,0,0,0.000000,0.915282,72.974063,1,T1_night_no_pv,2.066667,7440.000000,60
0.518773,0.854912,65.000000,0.663042,0.000000,7.732958,73.309896,0.915516,68.000000,62.500000,0,1,1,0,0,0,0,0,0,0.000000,0.915282,72.925104,1,T1_night_no_pv,2.083333,7500.000000,60
0.522499,0.852640,65.000000,0.663850,0.000000,7.732150,73.259375,0.915516,68.000000,62.500000,0,1,1,0,0,0,0,0,0,0.000000,0.915282,72.886250,1,T1_night_no_pv,2.100000,7560.000000,60
0.526214,0.850352,65.000000,0.663342,0.000000,7.731342,73.208854,0.915516,68.000000,62.500000,0,1,1,0,0,0,0,0,0,0.000000,0.915336,72.874479,1,T1_night_no_pv,2.116667,7620.000000,60
0.529919,0.848048,65.000000,0.663467,0.000000,7.731000,73.187500,0.915516,68.000000,62.500000,0,1,1,0,0,0,0,0,0,0.000000,0.915372,72.861771,1,T1_night_no_pv,2.133333,7680.000000,60
0.533615,0.845728,65.000000,0.663450,0.000000,7.730725,73.170312,0.915464,68.000000,62.472500,0,1,1,0,0,0,0,0,0,0.000000,0.915372,72.831771,1,T1_night_no_pv,2.150000,7740.000000,60
0.537300,0.843391,65.000000,0.662083,0.000000,7.729917,73.119792,0.915327,68.000000,62.400000,0,1,1,0,0,0,0,0,0,0.000000,0.915366,72.792187,1,T1_night_no_pv,2.166667,7800.000000,60
0.540974,0.841039,65.000000,0.662892,0.000000,7.729108,73.069271,0.915327,68.000000,62.400000,0,1,1,0,0,0,0,0,0,0.000000,0.915329,72.742500,1,T1_night_no_pv,2.183333,7860.000000,60
0.544639,0.838671,65.000000,0.662300,0.000000,7.726200,72.887500,0.915195,68.000000,62.400000,0,1,1,0,0,0,0,0,0,0.000000,0.915293,72.701771,1,T1_night_no_pv,2.200000,7920.000000,60
0.548293,0.836286,65.000000,0.662508,0.000000,7.726017,72.876042,0.915234,68.000000,62.400000,0,1,1,0,0,0,0,0,0,0.000000,0.915298,72.664271,1,T1_night_no_pv,2.216667,7980.000000,60
0.551937,0.833886,65.000000,0.663000,0.000000,7.726683,72.917708,0.915327,68.000000,62.400000,0,1,1,0,0,0,0,0,0,0.000000,0.915321,72.625729,1,T1_night_no_pv,2.233333,8040.000000,60
0.555570,0.831470,65.000000,0.662875,0.000000,7.726000,72.875000,0.915327,68.000000,62.400000,0,1,1,0,0,0,0,0,0,0.000000,0.915327,72.590313,1,T1_night_no_pv,2.250000,8100.000000,60
0.559193,0.829038,65.000000,0.662067,0.000000,7.726000,72.875000,0.915327,68.000000,62.400000,0,1,1,0,0,0,0,0,0,0.000000,0.915364,72.564583,1,T1_night_no_pv,2.266667,8160.000000,60
0.562805,0.826590,65.000000,0.662742,0.000000,7.725258,72.828646,0.915467,68.000000,62.400000,0,1,1,0,0,0,0,0,0,0.000000,0.915372,72.518958,1,T1_night_no_pv,2.283333,8220.000000,60
0.566406,0.824126,65.000000,0.663000,0.000000,7.725000,72.812500,0.915412,68.000000,62.290000,0,1,1,0,0,0,0,0,0,0.000000,0.915350,72.476875,1,T1_night_no_pv,2.300000,8280.000000,60
0.569997,0.821647,65.000000,0.663000,0.000000,7.724283,72.767708,0.915327,68.000000,62.200000,0,1,1,0,0,0,0,0,0,0.000000,0.915327,72.438333,1,T1_night_no_pv,2.316667,8340.000000,60
0.573576,0.819152,65.000000,0.663000,0.000000,7.722833,72.677083,0.915295,68.000000,62.200000,0,1,1,0,0,0,0,0,0,0.000000,0.915327,72.397708,1,T1_night_no_pv,2.333333,8400.000000,60
0.577145,0.816642,65.000000,0.663000,0.000000,7.722025,72.626563,0.915143,68.000000,62.200000,0,1,1,0,0,0,0,0,0,0.000000,0.915325,72.348125,1,T1_night_no_pv,2.350000,8460.000000,60
0.580703,0.814116,65.000000,0.663000,0.000000,7.722000,72.625000,0.915286,68.000000,62.200000,0,1,1,0,0,0,0,0,0,0.000000,0.915292,72.318750,1,T1_night_no_pv,2.366667,8520.000000,60
0.584250,0.811574,65.000000,0.663000,0.000000,7.722000,72.625000,0.915439,68.000000,62.200000,0,1,1,0,0,0,0,0,0,0.000000,0.915254,72.277396,1,T1_night_no_pv,2.383333,8580.000000,60
0.587785,0.809017,65.000000,0.663400,0.000000,7.721200,72.575000,0.915440,68.000000,62.200000,0,1,1,0,0,0,0,0,0,0.000000,0.915216,72.226354,1,T1_night_no_pv,2.400000,8640.000000,60
0.591310,0.806445,65.000000,0.663792,0.000000,7.720000,72.500000,0.915327,68.000000,62.200000,0,1,1,0,0,0,0,0,0,0.000000,0.915179,72.179479,1,T1_night_no_pv,2.416667,8700.000000,60
0.594823,0.803857,65.000000,0.663000,0.000000,7.719967,72.497917,0.915327,68.000000,62.198333,0,1,1,0,0,0,0,0,0,0.000000,0.915143,72.140729,1,T1_night_no_pv,2.433333,8760.000000,60
0.598325,0.801254,65.000000,0.663000,0.000000,7.718350,72.396875,0.915327,68.000000,62.117500,0,1,1,0,0,0,0,0,0,0.000000,0.915138,72.091875,1,T1_night_no_pv,2.450000,8820.000000,60
0.601815,0.798636,65.000000,0.663000,0.000000,7.718633,72.414583,0.915327,68.000000,62.100000,0,1,1,0,0,0,0,0,0,0.000000,0.915165,72.041354,1,T1_night_no_pv,2.466667,8880.000000,60
0.605294,0.796002,65.000000,0.663000,0.000000,7.718117,72.382292,0.915327,68.000000,62.100000,0,1,1,0,0,0,0,0,0,0.000000,0.914694,71.996875,1,T1_night_no_pv,2.483333,8940.000000,60
0.608761,0.793353,65.825000,0.663000,0.000000,7.716750,72.296875,0.915327,68.000000,62.100000,0,1,1,0,0,0,0,0,0,0.000000,0.913751,71.955208,1,T1_night_no_pv,2.500000,9000.000000,60
0.612217,0.790690,68.253333,0.662942,0.000000,7.716000,72.250000,0.915316,68.000000,62.100000,0,1,1,0,0,0,0,0,0,0.000000,0.912788,71.906458,1,T1_night_no_pv,2.516667,9060.000000,60
0.615661,0.788011,67.606667,0.662133,0.000000,7.716000,72.250000,0.915163,68.000000,62.100000,0,1,1,0,0,0,0,0,0,0.000000,0.911855,71.867812,1,T1_night_no_pv,2.533333,9120.000000,60
0.619094,0.785317,66.960000,0.662675,0.000000,7.715325,72.207813,0.915138,68.000000,62.100000,0,1,1,0,0,0,0,0,0,0.000000,0.910897,71.839271,1,T1_night_no_pv,2.550000,9180.000000,60
0.622515,0.782608,66.700000,0.663000,0.000000,7.714033,72.127083,0.915138,68.000000,62.100000,0,1,1,0,0,0,0,0,0,0.000000,0.910437,71.813750,1,T1_night_no_pv,2.566667,9240.000000,60
0.625923,0.779884,66.933333,0.663000,0.000000,7.713000,72.062500,0.915138,68.000000,62.070833,0,1,1,0,0,0,0,0,0,0.000000,0.910450,71.792917,1,T1_night_no_pv,2.583333,9300.000000,60
0.629320,0.777146,67.500000,0.663000,0.000000,7.712900,72.056250,0.915138,68.000000,62.000000,0,1,1,0,0,0,0,0,0,0.000000,0.910482,71.780417,1,T1_night_no_pv,2.600000,9360.000000,60
0.632705,0.774393,67.500000,0.663000,0.000000,7.712092,72.005729,0.915138,68.000000,62.000000,0,1,1,0,0,0,0,0,0,0.000000,0.910484,71.767917,1,T1_night_no_pv,2.616667,9420.000000,60
0.636078,0.771625,66.926667,0.663717,0.000000,7.711283,71.955208,0.915273,68.000000,62.000000,0,1,1,0,0,0,0,0,0,0.000000,0.910484,71.735417,1,T1_night_no_pv,2.633333,9480.000000,60
0.639439,0.768842,66.227500,0.663475,0.000000,7.710475,71.904687,0.912784,68.000000,62.000000,0,1,1,0,0,0,0,0,0,0.000000,0.910484,71.705000,1,T1_night_no_pv,2.650000,9540.000000,60
0.642788,0.766044,65.800000,0.663000,0.000000,7.709667,71.854167,0.910421,68.000000,62.000000,0,1,1,0,0,0,0,0,0,0.000000,0.910484,71.680000,1,T1_night_no_pv,2.666667,9600.000000,60
0.646124,0.763232,65.686667,0.663142,0.000000,7.709000,71.812500,0.910323,68.000000,62.000000,0,1,1,0,0,0,0,0,0,0.000000,0.910484,71.655000,1,T1_night_no_pv,2.683333,9660.000000,60
0.649448,0.760406,65.040000,0.663950,0.000000,7.709000,71.812500,0.910475,68.000000,62.000000,0,1,1,0,0,0,0,0,0,0.000000,0.910485,71.629583,1,T1_night_no_pv,2.700000,9720.000000,60
0.652760,0.757565,66.289167,0.664000,0.000000,7.709000,71.812500,0.910484,68.000000,62.000000,0,1,1,0,0,0,0,0,0,0.000000,0.910517,71.614063,1,T1_night_no_pv,2.716667,9780.000000,60
0.656059,0.754710,66.700000,0.664000,0.000000,7.708433,71.777083,0.910484,68.000000,61.886667,0,1,1,0,0,0,0,0,0,0.000000,0.910554,71.601562,1,T1_night_no_pv,2.733333,9840.000000,60
0.659346,0.751840,66.700000,0.663625,0.000000,7.708000,71.750000,0.910484,68.000000,61.800000,0,1,1,0,0,0,0,0,0,0.000000,0.910575,71.583333,1,T1_night_no_pv,2.750000,9900.000000,60
0.662620,0.748956,66.700000,0.663000,0.000000,7.708000,71.750000,0.910484,68.000000,61.800000,0,1,1,0,0,0,0,0,0,0.000000,0.910575,71.551667,1,T1_night_no_pv,2.766667,9960.000000,60
0.665882,0.746057,66.700000,0.663000,0.000000,7.708000,71.750000,0.910484,68.000000,61.800000,0,1,1,0,0,0,0,0,0,0.000000,0.910576,71.502083,1,T1_night_no_pv,2.783333,10020.000000,60
0.669131,0.743145,65.980000,0.663000,0.000000,7.706400,71.650000,0.910484,68.000000,61.800000,0,1,1,0,0,0,0,0,0,0.000000,0.910578,71.462604,1,T1_night_no_pv,2.800000,10080.000000,60
0.672367,0.740218,65.313333,0.663608,0.000000,7.706000,71.625000,0.910484,68.000000,61.800000,0,1,1,0,0,0,0,0,0,0.000000,0.910552,71.416458,1,T1_night_no_pv,2.816667,10140.000000,60
0.675590,0.737277,65.000000,0.664000,0.000000,7.706000,71.625000,0.910484,68.000000,61.800000,0,1,1,0,0,0,0,0,0,0.000000,0.910550,71.372187,1,T1_night_no_pv,2.833333,10200.000000,60
0.678801,0.734323,65.000000,0.664000,0.000000,7.706000,71.625000,0.910484,68.000000,61.800000,0,1,1,0,0,0,0,0,0,0.000000,0.910576,71.337500,1,T1_night_no_pv,2.850000,10260.000000,60
0.681998,0.731354,65.026667,0.664033,0.000000,7.705967,71.622917,0.910490,68.000000,61.796667,0,1,1,0,0,0,0,0,0,0.000000,0.910578,71.312500,1,T1_night_no_pv,2.866667,10320.000000,60
0.685183,0.728371,65.673333,0.664842,0.000000,7.705158,71.572396,0.910642,68.000000,61.715833,0,1,1,0,0,0,0,0,0,0.000000,0.910580,71.287500,1,T1_night_no_pv,2.883333,10380.000000,60
0.688355,0.725374,65.800000,0.665000,0.000000,7.705000,71.562500,0.910672,68.000000,61.700000,0,1,1,0,0,0,0,0,0,0.000000,0.910606,71.243646,1,T1_night_no_pv,2.900000,10440.000000,60
0.691513,0.722364,65.800000,0.664542,0.000000,7.704542,71.533854,0.910586,68.000000,61.700000,0,1,1,0,0,0,0,0,0,0.000000,0.910624,71.200417,1,T1_night_no_pv,2.916667,10500.000000,60
0.694658,0.719340,65.586667,0.663733,0.000000,7.703467,71.466667,0.910484,68.000000,61.700000,0,1,1,0,0,0,0,0,0,0.000000,0.910636,71.162396,1,T1_night_no_pv,2.933333,10560.000000,60
0.697790,0.716302,65.060000,0.663075,0.000000,7.702000,71.375000,0.910498,68.000000,61.700000,0,1,1,0,0,0,0,0,0,0.000000,0.910663,71.122917,1,T1_night_no_pv,2.950000,10620.000000,60
0.700909,0.713250,65.706667,0.663883,0.000000,7.702000,71.375000,0.910650,68.000000,61.700000,0,1,1,0,0,0,0,0,0,0.000000,0.910630,71.073333,1,T1_night_no_pv,2.966667,10680.000000,60
0.704015,0.710185,65.800000,0.664000,0.000000,7.701308,71.331771,0.910542,68.000000,61.700000,0,1,1,0,0,0,0,0,0,0.000000,0.910621,71.041146,1,T1_night_no_pv,2.983333,10740.000000,60
0.707107,0.707107,65.400000,0.664500,0.000000,7.701000,71.312500,0.910578,68.000000,61.600000,0,1,1,0,0,0,0,0,0,0.000000,0.910621,71.002083,1,T1_night_no_pv,3.000000,10800.000000,60
0.710185,0.704015,65.246667,0.664383,0.000000,7.700692,71.293229,0.910614,68.000000,61.500000,0,1,1,0,0,0,0,0,0,0.000000,0.910621,70.946667,1,T1_night_no_pv,3.016667,10860.000000,60
0.713250,0.700909,65.800000,0.663117,0.000000,7.700000,71.250000,0.910506,68.000000,61.500000,0,1,1,0,0,0,0,0,0,0.000000,0.910620,70.888646,1,T1_night_no_pv,3.033333,10920.000000,60
0.716302,0.697790,65.800000,0.663925,0.000000,7.700000,71.250000,0.910658,68.000000,61.500000,0,1,1,0,0,0,0,0,0,0.000000,0.910619,70.850729,1,T1_night_no_pv,3.050000,10980.000000,60
0.719340,0.694658,65.800000,0.664733,0.000000,7.697800,71.112500,0.910672,68.000000,61.500000,0,1,1,0,0,0,0,0,0,0.000000,0.910620,70.822917,1,T1_night_no_pv,3.066667,11040.000000,60
0.722364,0.691513,65.800000,0.665000,0.000000,7.697542,71.096354,0.910672,68.000000,61.500000,0,1,1,0,0,0,0,0,0,0.000000,0.911249,70.805208,1,T1_night_no_pv,3.083333,11100.000000,60
0.725374,0.688355,65.800000,0.664650,0.000000,7.697650,71.103125,0.910672,68.000000,61.500000,0,1,1,0,0,0,0,0,0,0.000000,0.912256,70.797083,1,T1_night_no_pv,3.100000,11160.000000,60
0.728371,0.685183,65.800000,0.663842,0.000000,7.696842,71.052604,0.910642,68.000000,61.500000,0,1,1,0,0,0,0,0,0,0.000000,0.913036,70.794583,1,T1_night_no_pv,3.116667,11220.000000,60
0.731354,0.681998,65.800000,0.663033,0.000000,7.696033,71.002083,0.910490,68.000000,61.500000,0,1,1,0,0,0,0,0,0,0.000000,0.913109,70.780833,1,T1_night_no_pv,3.133333,11280.000000,60
0.734323,0.678801,65.800000,0.663775,0.000000,7.695225,70.951562,0.910630,68.000000,61.422500,0,1,1,0,0,0,0,0,0,0.000000,0.913121,70.746875,1,T1_night_no_pv,3.150000,11340.000000,60
0.737277,0.675590,65.800000,0.664000,0.000000,7.694417,70.901042,0.910672,68.000000,61.400000,0,1,1,0,0,0,0,0,0,0.000000,0.912467,70.709375,1,T1_night_no_pv,3.166667,11400.000000,60
0.740218,0.672367,65.800000,0.664000,0.000000,7.693217,70.826042,0.910672,68.000000,61.400000,0,1,1,0,0,0,0,0,0,0.000000,0.911459,70.677292,1,T1_night_no_pv,3.183333,11460.000000,60
0.743145,0.669131,65.800000,0.664000,0.000000,7.692200,70.762500,0.910634,68.000000,61.400000,0,1,1,0,0,0,0,0,0,0.000000,0.910713,70.652292,1,T1_night_no_pv,3.200000,11520.000000,60
0.746057,0.665882,65.800000,0.664000,0.000000,7.693000,70.812500,0.910486,68.000000,61.400000,0,1,1,0,0,0,0,0,0,0.000000,0.910677,70.627396,1,T1_night_no_pv,3.216667,11580.000000,60
0.748956,0.662620,65.800000,0.664000,0.000000,7.693000,70.812500,0.910638,68.000000,61.400000,0,1,1,0,0,0,0,0,0,0.000000,0.910672,70.612604,1,T1_night_no_pv,3.233333,11640.000000,60
0.751840,0.659346,65.800000,0.664625,0.000000,7.693000,70.812500,0.913817,68.000000,61.400000,0,1,1,0,0,0,0,0,0,0.000000,0.910670,70.591250,1,T1_night_no_pv,3.250000,11700.000000,60
0.754710,0.656059,65.800000,0.665000,0.000000,7.692567,70.785417,0.915705,68.000000,61.400000,0,1,1,0,0,0,0,0,0,0.000000,0.910635,70.559792,1,T1_night_no_pv,3.266667,11760.000000,60
0.757565,0.652760,65.800000,0.665000,0.000000,7.692000,70.750000,0.914534,68.000000,61.400000,0,1,1,0,0,0,0,0,0,0.000000,0.910570,70.526354,1,T1_night_no_pv,3.283333,11820.000000,60
0.760406,0.649448,65.800000,0.664950,0.000000,7.691900,70.743750,0.910851,68.000000,61.400000,0,1,1,0,0,0,0,0,0,0.000000,0.910533,70.500833,1,T1_night_no_pv,3.300000,11880.000000,60
0.763232,0.646124,65.800000,0.664142,0.000000,7.690283,70.642708,0.910699,68.000000,61.400000,0,1,1,0,0,0,0,0,0,0.000000,0.910495,70.475313,1,T1_night_no_pv,3.316667,11940.000000,60
0.766044,0.642788,65.266667,0.664000,0.000000,7.690000,70.625000,0.910547,68.000000,61.400000,0,1,1,0,0,0,0,0,0,0.000000,0.910512,70.449792,1,T1_night_no_pv,3.333333,12000.000000,60
0.768842,0.639439,65.380000,0.664475,0.000000,7.690000,70.625000,0.910663,68.000000,61.400000,0,1,1,0,0,0,0,0,0,0.000000,0.910550,70.424271,1,T1_night_no_pv,3.350000,12060.000000,60
0.771625,0.636078,66.281667,0.665000,0.000000,7.690000,70.625000,0.910807,68.000000,61.400000,0,1,1,0,0,0,0,0,0,0.000000,0.910574,70.390625,1,T1_night_no_pv,3.366667,12120.000000,60
0.774393,0.632705,67.270833,0.665000,0.000000,7.689908,70.619271,0.910672,68.000000,61.400000,0,1,1,0,0,0,0,0,0,0.000000,0.910574,70.340104,1,T1_night_no_pv,3.383333,12180.000000,60
0.777146,0.629320,65.250000,0.665000,0.000000,7.689100,70.568750,0.910672,68.000000,61.400000,0,1,1,0,0,0,0,0,0,0.000000,0.910574,70.289583,1,T1_night_no_pv,3.400000,12240.000000,60
0.779884,0.625923,53.170833,0.664292,0.000000,7.688292,70.518229,0.910539,68.000000,61.400000,0,1,1,0,0,0,0,0,0,0.000000,0.910545,70.248958,1,T1_night_no_pv,3.416667,12300.000000,60
0.782608,0.622515,58.220000,0.663483,0.000000,7.687483,70.467708,0.910484,68.000000,61.245000,0,1,1,0,0,0,0,0,0,0.000000,0.910508,70.218438,1,T1_night_no_pv,3.433333,12360.000000,60
0.785317,0.619094,67.500000,0.663325,0.000000,7.687325,70.457813,0.910484,68.000000,61.100000,0,1,1,0,0,0,0,0,0,0.000000,0.910484,70.198021,1,T1_night_no_pv,3.450000,12420.000000,60
0.788011,0.615661,67.273333,0.664133,0.000000,7.687867,70.491667,0.910484,68.000000,61.100000,0,1,1,0,0,0,0,0,0,0.000000,0.910476,70.185000,1,T1_night_no_pv,3.466667,12480.000000,60
0.790690,0.612217,65.899167,0.664942,0.000000,7.687058,70.441146,0.910484,68.000000,61.100000,0,1,1,0,0,0,0,0,0,0.000000,0.910439,70.171979,1,T1_night_no_pv,3.483333,12540.000000,60
0.793353,0.608761,65.800000,0.665000,0.000000,7.686250,70.390625,0.910625,68.000000,61.100000,0,1,1,0,0,0,0,0,0,0.000000,0.910433,70.149062,1,T1_night_no_pv,3.500000,12600.000000,60
0.796002,0.605294,58.820833,0.664442,0.000000,7.685442,70.340104,0.910672,68.000000,61.100000,0,1,1,0,0,0,0,0,0,0.000000,0.910433,70.108021,1,T1_night_no_pv,3.516667,12660.000000,60
0.798636,0.601815,58.213333,0.664000,0.000000,7.684633,70.289583,0.910603,68.000000,61.100000,0,1,1,0,0,0,0,0,0,0.000000,0.910433,70.063646,1,T1_night_no_pv,3.533333,12720.000000,60
0.801254,0.598325,66.840000,0.664000,0.000000,7.683825,70.239063,0.910484,68.000000,61.100000,0,1,1,0,0,0,0,0,0,0.000000,0.910441,70.025625,1,T1_night_no_pv,3.550000,12780.000000,60
0.803857,0.594823,67.486667,0.664000,0.000000,7.683017,70.188542,0.910484,68.000000,61.100000,0,1,1,0,0,0,0,0,0,0.000000,0.910478,69.986771,1,T1_night_no_pv,3.566667,12840.000000,60
0.806445,0.591310,67.500000,0.664792,0.000000,7.683000,70.187500,0.910484,68.000000,61.100000,0,1,1,0,0,0,0,0,0,0.000000,0.910484,69.937812,1,T1_night_no_pv,3.583333,12900.000000,60
0.809017,0.587785,67.500000,0.665000,0.000000,7.683000,70.187500,0.910484,68.000000,61.100000,0,1,1,0,0,0,0,0,0,0.000000,0.910484,69.912396,1,T1_night_no_pv,3.600000,12960.000000,60
0.811574,0.584250,66.805833,0.664183,0.000000,7.683000,70.187500,0.910484,68.000000,61.100000,0,1,1,0,0,0,0,0,0,0.000000,0.910484,69.888125,1,T1_night_no_pv,3.616667,13020.000000,60
0.814116,0.580703,66.168333,0.663000,0.000000,7.682783,70.173958,0.910443,68.000000,61.100000,0,1,1,0,0,0,0,0,0,0.000000,0.910461,69.846354,1,T1_night_no_pv,3.633333,13080.000000,60
0.816642,0.577145,67.500000,0.663025,0.000000,7.681975,70.123437,0.910301,68.000000,61.100000,0,1,1,0,0,0,0,0,0,0.000000,0.910398,69.800729,1,T1_night_no_pv,3.650000,13140.000000,60
0.819152,0.573576,67.500000,0.663833,0.000000,7.681167,70.072917,0.910453,68.000000,61.100000,0,1,1,0,0,0,0,0,0,0.000000,0.910427,69.795521,1,T1_night_no_pv,3.666667,13200.000000,60
0.821647,0.569997,67.500000,0.664000,0.000000,7.679717,69.982292,0.910484,68.000000,61.100000,0,1,1,0,0,0,0,0,0,0.000000,0.910437,69.768854,1,T1_night_no_pv,3.683333,13260.000000,60
0.824126,0.566406,67.500000,0.664000,0.000000,7.679450,69.965625,0.910484,68.000000,60.920000,0,1,1,0,0,0,0,0,0,0.000000,0.910457,69.744167,1,T1_night_no_pv,3.700000,13320.000000,60
0.826590,0.562805,67.500000,0.664000,0.000000,7.679742,69.983854,0.910484,68.000000,60.700000,0,1,1,0,0,0,0,0,0,0.000000,0.910492,69.734896,1,T1_night_no_pv,3.716667,13380.000000,60
0.829038,0.559193,67.500000,0.664000,0.000000,7.678867,69.929167,0.910484,68.000000,60.700000,0,1,1,0,0,0,0,0,0,0.000000,0.910523,69.730312,1,T1_night_no_pv,3.733333,13440.000000,60
0.831470,0.555570,67.500000,0.664000,0.000000,7.677250,69.828125,0.910484,68.000000,60.700000,0,1,1,0,0,0,0,0,0,0.000000,0.910493,69.695417,1,T1_night_no_pv,3.750000,13500.000000,60
0.833886,0.551937,67.500000,0.664000,0.000000,7.677683,69.855208,0.910484,68.000000,60.700000,0,1,1,0,0,0,0,0,0,0.000000,0.910482,69.676042,1,T1_night_no_pv,3.766667,13560.000000,60
0.836286,0.548293,67.500000,0.663508,0.000000,7.677508,69.844271,0.910484,68.000000,60.700000,0,1,1,0,0,0,0,0,0,0.000000,0.910462,69.656875,1,T1_night_no_pv,3.783333,13620.000000,60
0.838671,0.544639,67.500000,0.663300,0.000000,7.676400,69.775000,0.910371,68.000000,60.700000,0,1,1,0,0,0,0,0,0,0.000000,0.910436,69.631354,1,T1_night_no_pv,3.800000,13680.000000,60
0.841039,0.540974,67.500000,0.664108,0.000000,7.675217,69.701042,0.910169,68.000000,60.700000,0,1,1,0,0,0,0,0,0,0.000000,0.910430,69.605833,1,T1_night_no_pv,3.816667,13740.000000,60
0.843391,0.537300,67.500000,0.664917,0.000000,7.676833,69.802083,0.910625,68.000000,60.700000,0,1,1,0,0,0,0,0,0,0.000000,0.910394,69.580313,1,T1_night_no_pv,3.833333,13800.000000,60
0.845728,0.533615,67.500000,0.665000,0.000000,7.675550,69.721875,0.910536,68.000000,60.700000,0,1,1,0,0,0,0,0,0,0.000000,0.910387,69.555312,1,T1_night_no_pv,3.850000,13860.000000,60
0.848048,0.529919,67.500000,0.665000,0.000000,7.675533,69.720833,0.910584,68.000000,60.700000,0,1,1,0,0,0,0,0,0,0.000000,0.910410,69.514896,1,T1_night_no_pv,3.866667,13920.000000,60
0.850352,0.526214,67.500000,0.664658,0.000000,7.675658,69.728646,0.910544,68.000000,60.700000,0,1,1,0,0,0,0,0,0,0.000000,0.910446,69.469687,1,T1_night_no_pv,3.883333,13980.000000,60
0.852640,0.522499,67.500000,0.664000,0.000000,7.674850,69.678125,0.910324,68.000000,60.700000,0,1,1,0,0,0,0,0,0,0.000000,0.910484,69.434583,1,T1_night_no_pv,3.900000,14040.000000,60
0.854912,0.518773,67.500000,0.664000,0.000000,7.674042,69.627604,0.910476,68.000000,60.700000,0,1,1,0,0,0,0,0,0,0.000000,0.910520,69.409062,1,T1_night_no_pv,3.916667,14100.000000,60
0.857167,0.515038,67.500000,0.664000,0.000000,7.674000,69.625000,0.910484,68.000000,60.700000,0,1,1,0,0,0,0,0,0,0.000000,0.910495,69.373437,1,T1_night_no_pv,3.933333,14160.000000,60
0.859406,0.511293,67.500000,0.664575,0.000000,7.674000,69.625000,0.910484,68.000000,60.700000,0,1,1,0,0,0,0,0,0,0.000000,0.910434,69.351354,1,T1_night_no_pv,3.950000,14220.000000,60
0.861629,0.507538,67.500000,0.664617,0.000000,7.673617,69.601042,0.910412,68.000000,60.585000,0,1,1,0,0,0,0,0,0,0.000000,0.910393,69.338854,1,T1_night_no_pv,3.966667,14280.000000,60
0.863836,0.503774,67.500000,0.664000,0.000000,7.672808,69.550521,0.910296,68.000000,60.400000,0,1,1,0,0,0,0,0,0,0.000000,0.910393,69.322917,1,T1_night_no_pv,3.983333,14340.000000,60
0.866025,0.500000,67.500000,0.664000,0.000000,7.672000,69.500000,0.910296,68.000000,60.400000,0,1,1,0,0,0,0,0,0,0.000000,0.910394,69.297396,1,T1_night_no_pv,4.000000,14400.000000,60
0.868199,0.496217,66.853333,0.664808,0.000000,7.672000,69.500000,0.910448,68.000000,60.400000,0,1,1,0,0,0,0,0,0,0.000000,0.910426,69.271875,1,T1_night_no_pv,4.016667,14460.000000,60
0.870356,0.492424,67.193333,0.665000,0.000000,7.670767,69.422917,0.910600,68.000000,60.400000,0,1,1,0,0,0,0,0,0,0.000000,0.910464,69.255625,1,T1_night_no_pv,4.033333,14520.000000,60
0.872496,0.488621,67.500000,0.665000,0.000000,7.670000,69.375000,0.910592,68.000000,60.400000,0,1,1,0,0,0,0,0,0,0.000000,0.910465,69.243125,1,T1_night_no_pv,4.050000,14580.000000,60
0.874620,0.484810,67.500000,0.664767,0.000000,7.670000,69.375000,0.910484,68.000000,60.400000,0,1,1,0,0,0,0,0,0,0.000000,0.910427,69.226146,1,T1_night_no_pv,4.066667,14640.000000,60
0.876727,0.480989,67.500000,0.664000,0.000000,7.669958,69.372396,0.910476,68.000000,60.400000,0,1,1,0,0,0,0,0,0,0.000000,0.910394,69.202188,1,T1_night_no_pv,4.083333,14700.000000,60
0.878817,0.477159,67.500000,0.664000,0.000000,7.669150,69.321875,0.910324,68.000000,60.400000,0,1,1,0,0,0,0,0,0,0.000000,0.910392,69.188333,1,T1_night_no_pv,4.100000,14760.000000,60
0.880891,0.473320,67.500000,0.664658,0.000000,7.669000,69.312500,0.910296,68.000000,60.400000,0,1,1,0,0,0,0,0,0,0.000000,0.910392,69.157813,1,T1_night_no_pv,4.116667,14820.000000,60
0.882948,0.469472,67.500000,0.664533,0.000000,7.669000,69.312500,0.910384,68.000000,60.400000,0,1,1,0,0,0,0,0,0,0.000000,0.910411,69.113438,1,T1_night_no_pv,4.133333,14880.000000,60
0.884988,0.465615,67.500000,0.664000,0.000000,7.668725,69.295312,0.910484,68.000000,60.400000,0,1,1,0,0,0,0,0,0,0.000000,0.910449,69.071354,1,T1_night_no_pv,4.150000,14940.000000,60
0.887011,0.461749,67.500000,0.664083,0.000000,7.667917,69.244792,0.910484,68.000000,60.400000,0,1,1,0,0,0,0,0,0,0.000000,0.910481,69.044271,1,T1_night_no_pv,4.166667,15000.000000,60
0.889017,0.457874,67.500000,0.664892,0.000000,7.667108,69.194271,0.910484,68.000000,60.400000,0,1,1,0,0,0,0,0,0,0.000000,0.910484,69.007083,1,T1_night_no_pv,4.183333,15060.000000,60
0.891007,0.453990,67.500000,0.665000,0.000000,7.667700,69.231250,0.910484,68.000000,60.400000,0,1,1,0,0,0,0,0,0,0.000000,0.910455,68.978854,1,T1_night_no_pv,4.200000,15120.000000,60
0.892979,0.450098,67.500000,0.664492,0.000000,7.668000,69.250000,0.910388,68.000000,60.247500,0,1,1,0,0,0,0,0,0,0.000000,0.910395,68.945937,1,T1_night_no_pv,4.216667,15180.000000,60
0.894934,0.446198,67.500000,0.663683,0.000000,7.667367,69.210417,0.910296,68.000000,60.100000,0,1,1,0,0,0,0,0,0,0.000000,0.910350,68.913438,1,T1_night_no_pv,4.233333,15240.000000,60
0.896873,0.442289,67.500000,0.663125,0.000000,7.666000,69.125000,0.910319,68.000000,60.100000,0,1,1,0,0,0,0,0,0,0.000000,0.910350,68.885312,1,T1_night_no_pv,4.250000,15300.000000,60
0.898794,0.438371,67.500000,0.663933,0.000000,7.666000,69.125000,0.910471,68.000000,60.100000,0,1,1,0,0,0,0,0,0,0.000000,0.910350,68.847500,1,T1_night_no_pv,4.266667,15360.000000,60
0.900698,0.434445,67.500000,0.664742,0.000000,7.665258,69.078646,0.910484,68.000000,60.100000,0,1,1,0,0,0,0,0,0,0.000000,0.910379,68.810000,1,T1_night_no_pv,4.283333,15420.000000,60
0.902585,0.430511,67.500000,0.664450,0.000000,7.664450,69.028125,0.910484,68.000000,60.100000,0,1,1,0,0,0,0,0,0,0.000000,0.910415,68.787292,1,T1_night_no_pv,4.300000,15480.000000,60
0.904455,0.426569,67.500000,0.664000,0.000000,7.664000,69.000000,0.910484,68.000000,60.100000,0,1,1,0,0,0,0,0,0,0.000000,0.910439,68.764271,1,T1_night_no_pv,4.316667,15540.000000,60
0.906308,0.422618,67.500000,0.664000,0.000000,7.663833,68.989583,0.910484,68.000000,60.100000,0,1,1,0,0,0,0,0,0,0.000000,0.910439,68.728854,1,T1_night_no_pv,4.333333,15600.000000,60
0.908143,0.418660,67.500000,0.664000,0.000000,7.663025,68.939063,0.910484,68.000000,60.100000,0,1,1,0,0,0,0,0,0,0.000000,0.910439,68.704583,1,T1_night_no_pv,4.350000,15660.000000,60
0.909961,0.414693,67.500000,0.664000,0.000000,7.663000,68.937500,0.910337,68.000000,60.100000,0,1,1,0,0,0,0,0,0,0.000000,0.910439,68.690417,1,T1_night_no_pv,4.366667,15720.000000,60
0.911762,0.410719,67.500000,0.663408,0.000000,7.661817,68.863542,0.910185,68.000000,60.100000,0,1,1,0,0,0,0,0,0,0.000000,0.910438,68.661042,1,T1_night_no_pv,4.383333,15780.000000,60
0.913545,0.406737,67.500000,0.663800,0.000000,7.661400,68.837500,0.910258,68.000000,60.100000,0,1,1,0,0,0,0,0,0,0.000000,0.910439,68.641146,1,T1_night_no_pv,4.400000,15840.000000,60
0.915311,0.402747,67.500000,0.664792,0.000000,7.661583,68.848958,0.910484,68.000000,60.100000,0,1,1,0,0,0,0,0,0,0.000000,0.910428,68.644271,1,T1_night_no_pv,4.416667,15900.000000,60
0.917060,0.398749,67.500000,0.664000,0.000000,7.660000,68.750000,0.910484,68.000000,60.100000,0,1,1,0,0,0,0,0,0,0.000000,0.910391,68.654792,1,T1_night_no_pv,4.433333,15960.000000,60
0.918791,0.394744,67.500000,0.664000,0.000000,7.660000,68.750000,0.910484,68.000000,60.100000,0,1,1,0,0,0,0,0,0,0.000000,0.910353,68.645104,1,T1_night_no_pv,4.450000,16020.000000,60
0.920505,0.390731,67.500000,0.664000,0.000000,7.660000,68.750000,0.910365,68.000000,59.910000,0,1,1,0,0,0,0,0,0,0.000000,0.910341,68.640521,1,T1_night_no_pv,4.466667,16080.000000,60
0.922201,0.386711,67.500000,0.664442,0.000000,7.659558,68.722396,0.910379,68.000000,59.800000,0,1,1,0,0,0,0,0,0,0.000000,0.910323,68.628437,1,T1_night_no_pv,4.483333,16140.000000,60
0.923880,0.382683,67.500000,0.664750,0.000000,7.658750,68.671875,0.910484,68.000000,59.800000,0,1,1,0,0,0,0,0,0,0.000000,0.910309,68.595104,1,T1_night_no_pv,4.500000,16200.000000,60
0.925541,0.378649,67.500000,0.664000,0.000000,7.658058,68.628646,0.910484,68.000000,59.800000,0,1,1,0,0,0,0,0,0,0.000000,0.910346,68.548125,1,T1_night_no_pv,4.516667,16260.000000,60
0.927184,0.374607,67.500000,0.664000,0.000000,7.658867,68.679167,0.910484,68.000000,59.800000,0,1,1,0,0,0,0,0,0,0.000000,0.910384,68.521354,1,T1_night_no_pv,4.533333,16320.000000,60
0.928810,0.370557,67.500000,0.663325,0.000000,7.657650,68.603125,0.910357,68.000000,59.800000,0,1,1,0,0,0,0,0,0,0.000000,0.910393,68.495833,1,T1_night_no_pv,4.550000,16380.000000,60
0.930418,0.366501,67.500000,0.663483,0.000000,7.657967,68.622917,0.910387,68.000000,59.800000,0,1,1,0,0,0,0,0,0,0.000000,0.910393,68.470833,1,T1_night_no_pv,4.566667,16440.000000,60
0.932008,0.362438,67.500000,0.664000,0.000000,7.659000,68.687500,0.910429,68.000000,59.800000,0,1,1,0,0,0,0,0,0,0.000000,0.910394,68.454167,1,T1_night_no_pv,4.583333,16500.000000,60
0.933580,0.358368,67.500000,0.664100,0.000000,7.658900,68.681250,0.910296,68.000000,59.800000,0,1,1,0,0,0,0,0,0,0.000000,0.910387,68.450104,1,T1_night_no_pv,4.600000,16560.000000,60
0.935135,0.354291,67.500000,0.664908,0.000000,7.658092,68.630729,0.910296,68.000000,59.800000,0,1,1,0,0,0,0,0,0,0.000000,0.910350,68.425833,1,T1_night_no_pv,4.616667,16620.000000,60
0.936672,0.350207,67.500000,0.664283,0.000000,7.657283,68.580208,0.910296,68.000000,59.800000,0,1,1,0,0,0,0,0,0,0.000000,0.910341,68.400312,1,T1_night_no_pv,4.633333,16680.000000,60
0.938191,0.346117,67.080000,0.664000,0.000000,7.657000,68.562500,0.910296,68.000000,59.800000,0,1,1,0,0,0,0,0,0,0.000000,0.910341,68.375312,1,T1_night_no_pv,4.650000,16740.000000,60
0.939693,0.342020,66.400000,0.664000,0.000000,7.656333,68.520833,0.910359,68.000000,59.800000,0,1,1,0,0,0,0,0,0,0.000000,0.910327,68.350313,1,T1_night_no_pv,4.666667,16800.000000,60
0.941176,0.337917,65.445833,0.664000,0.000000,7.655142,68.446354,0.910484,68.000000,59.757500,0,1,1,0,0,0,0,0,0,0.000000,0.910296,68.324792,1,T1_night_no_pv,4.683333,16860.000000,60
0.942641,0.333807,63.425000,0.664000,0.000000,7.655950,68.496875,0.910484,68.000000,59.515000,0,1,1,0,0,0,0,0,0,0.000000,0.910297,68.299271,1,T1_night_no_pv,4.700000,16920.000000,60
0.944089,0.329691,65.195833,0.664000,0.000000,7.655242,68.452604,0.910341,68.000000,59.500000,0,1,1,0,0,0,0,0,0,0.000000,0.910329,68.273750,1,T1_night_no_pv,4.716667,16980.000000,60
0.945519,0.325568,65.800000,0.664000,0.000000,7.655000,68.437500,0.910296,68.000000,59.500000,0,1,1,0,0,0,0,0,0,0.000000,0.910342,68.240625,1,T1_night_no_pv,4.733333,17040.000000,60
0.946930,0.321439,65.800000,0.664375,0.000000,7.655000,68.437500,0.910366,68.000000,59.500000,0,1,1,0,0,0,0,0,0,0.000000,0.910342,68.191667,1,T1_night_no_pv,4.750000,17100.000000,60
0.948324,0.317305,66.111667,0.665000,0.000000,7.654817,68.426042,0.910450,68.000000,59.500000,0,1,1,0,0,0,0,0,0,0.000000,0.910342,68.135312,1,T1_night_no_pv,4.766667,17160.000000,60
0.949699,0.313164,67.485833,0.665000,0.000000,7.654008,68.375521,0.910298,68.000000,59.500000,0,1,1,0,0,0,0,0,0,0.000000,0.910341,68.098229,1,T1_night_no_pv,4.783333,17220.000000,60
0.951057,0.309017,65.500000,0.665000,0.000000,7.653200,68.325000,0.910296,68.000000,59.500000,0,1,1,0,0,0,0,0,0,0.000000,0.910309,68.071250,1,T1_night_no_pv,4.800000,17280.000000,60
0.952396,0.304864,52.346667,0.664392,0.000000,7.653000,68.312500,0.910296,68.000000,59.500000,0,1,1,0,0,0,0,0,0,0.000000,0.910296,68.045729,1,T1_night_no_pv,4.816667,17340.000000,60
0.953717,0.300706,52.866667,0.664000,0.000000,7.653000,68.312500,0.910296,68.000000,59.500000,0,1,1,0,0,0,0,0,0,0.000000,0.910296,68.025938,1,T1_night_no_pv,4.833333,17400.000000,60
0.955020,0.296542,65.382500,0.664000,0.000000,7.652775,68.298438,0.910296,68.000000,59.500000,0,1,1,0,0,0,0,0,0,0.000000,0.910284,68.002396,1,T1_night_no_pv,4.850000,17460.000000,60
0.956305,0.292372,66.726667,0.664033,0.000000,7.651967,68.247917,0.910302,68.000000,59.500000,0,1,1,0,0,0,0,0,0,0.000000,0.910251,67.953854,1,T1_night_no_pv,4.866667,17520.000000,60
0.957571,0.288196,67.373333,0.664842,0.000000,7.651158,68.197396,0.910454,68.000000,59.500000,0,1,1,0,0,0,0,0,0,0.000000,0.910248,67.915417,1,T1_night_no_pv,4.883333,17580.000000,60
0.958820,0.284015,53.395000,0.664350,0.000000,7.650350,68.146875,0.910362,68.000000,59.500000,0,1,1,0,0,0,0,0,0,0.000000,0.910248,67.895729,1,T1_night_no_pv,4.900000,17640.000000,60
0.960050,0.279829,48.504167,0.663542,0.000000,7.649083,68.067708,0.910296,68.000000,59.362500,0,1,1,0,0,0,0,0,0,0.000000,0.910248,67.882708,1,T1_night_no_pv,4.916667,17700.000000,60
0.961262,0.275637,51.246667,0.663267,0.000000,7.648267,68.016667,0.910296,68.000000,59.200000,0,1,1,0,0,0,0,0,0,0.000000,0.910260,67.877917,1,T1_night_no_pv,4.933333,17760.000000,60
0.962455,0.271440,50.937500,0.664000,0.000000,7.649000,68.062500,0.910296,68.000000,59.200000,0,1,1,0,0,0,0,0,0,0.000000,0.910293,67.886979,1,T1_night_no_pv,4.950000,17820.000000,60
0.963630,0.267238,61.041667,0.664000,0.000000,7.649000,68.062500,0.910296,68.000000,59.200000,0,1,1,0,0,0,0,0,0,0.000000,0.910296,67.875833,1,T1_night_no_pv,4.966667,17880.000000,60
0.964787,0.263031,72.321667,0.664000,0.000000,7.648308,68.019271,0.910296,68.000000,59.200000,0,1,1,0,0,0,0,0,0,0.000000,0.910296,67.854167,1,T1_night_no_pv,4.983333,17940.000000,60
0.965926,0.258819,85.450000,0.664000,0.000000,7.647500,67.968750,0.910296,68.000000,59.200000,0,1,1,0,0,0,0,0,0,0.000000,0.910296,67.828646,1,T1_night_no_pv,5.000000,18000.000000,60
0.967046,0.254602,96.512500,0.663692,0.000000,7.646383,67.898958,0.910238,68.000000,59.200000,0,1,1,0,0,0,0,0,0,0.000000,0.910296,67.803646,1,T1_night_no_pv,5.016667,18060.000000,60
0.968148,0.250380,101.700000,0.663233,0.000000,7.645117,67.819792,0.910130,68.000000,59.200000,0,1,1,0,0,0,0,0,0,0.000000,0.910296,67.780625,1,T1_night_no_pv,5.033333,18120.000000,60
0.969231,0.246153,101.700000,0.664850,0.000000,7.645925,67.870312,0.910282,68.000000,59.200000,0,1,1,0,0,0,0,0,0,0.000000,0.910296,67.767604,1,T1_night_no_pv,5.050000,18180.000000,60
0.970296,0.241922,103.533333,0.664267,0.000000,7.646733,67.920833,0.910296,68.000000,59.200000,0,1,1,0,0,0,0,0,0,0.000000,0.910296,67.744896,1,T1_night_no_pv,5.066667,18240.000000,60
0.971342,0.237686,104.200000,0.663458,0.000000,7.646458,67.903646,0.910296,68.000000,59.200000,0,1,1,0,0,0,0,0,0,0.000000,0.910296,67.727187,1,T1_night_no_pv,5.083333,18300.000000,60
0.972370,0.233445,104.200000,0.663350,0.000000,7.646000,67.875000,0.910296,68.000000,59.200000,0,1,1,0,0,0,0,0,0,0.000000,0.910280,67.709271,1,T1_night_no_pv,5.100000,18360.000000,60
0.973379,0.229200,104.200000,0.664158,0.000000,7.645842,67.865104,0.910296,68.000000,59.200000,0,1,1,0,0,0,0,0,0,0.000000,0.910242,67.681250,1,T1_night_no_pv,5.116667,18420.000000,60
0.974370,0.224951,104.200000,0.664967,0.000000,7.645033,67.814583,0.910296,68.000000,59.200000,0,1,1,0,0,0,0,0,0,0.000000,0.910206,67.644479,1,T1_night_no_pv,5.133333,18480.000000,60
0.975342,0.220697,104.200000,0.664225,0.000000,7.645000,67.812500,0.910296,68.000000,58.890000,0,1,1,0,0,0,0,0,0,0.000000,0.910201,67.627917,1,T1_night_no_pv,5.150000,18540.000000,60
0.976296,0.216440,104.200000,0.664000,0.000000,7.644417,67.776042,0.910296,68.000000,58.800000,0,1,1,0,0,0,0,0,0,0.000000,0.910176,67.607083,1,T1_night_no_pv,5.166667,18600.000000,60
0.977231,0.212178,104.200000,0.664000,0.000000,7.644000,67.750000,0.910296,68.000000,58.800000,0,1,1,0,0,0,0,0,0,0.000000,0.910155,67.587500,1,T1_night_no_pv,5.183333,18660.000000,60
0.978148,0.207912,104.200000,0.664000,0.000000,7.644000,67.750000,0.910296,68.000000,58.800000,0,1,1,0,0,0,0,0,0,0.000000,0.910155,67.578021,1,T1_night_no_pv,5.200000,18720.000000,60
0.979045,0.203642,104.200000,0.664008,0.000000,7.643992,67.749479,0.910296,68.000000,58.800000,0,1,1,0,0,0,0,0,0,0.000000,0.910156,67.577396,1,T1_night_no_pv,5.216667,18780.000000,60
0.979925,0.199368,104.200000,0.664817,0.000000,7.643183,67.698958,0.910296,68.000000,58.800000,0,1,1,0,0,0,0,0,0,0.000000,0.910158,67.566667,1,T1_night_no_pv,5.233333,18840.000000,60
0.980785,0.195090,104.200000,0.664375,0.000000,7.643000,67.687500,0.910296,68.000000,58.800000,0,1,1,0,0,0,0,0,0,0.000000,0.910183,67.553646,1,T1_night_no_pv,5.250000,18900.000000,60
0.981627,0.190809,103.463333,0.663567,0.000000,7.642567,67.660417,0.910215,68.000000,58.800000,0,1,1,0,0,0,0,0,0,0.000000,0.910220,67.541146,1,T1_night_no_pv,5.266667,18960.000000,60
0.982450,0.186524,95.660833,0.663242,0.000000,7.641758,67.609896,0.910108,68.000000,58.800000,0,1,1,0,0,0,0,0,0,0.000000,0.910246,67.528646,1,T1_night_no_pv,5.283333,19020.000000,60
0.983255,0.182236,75.740000,0.664050,0.000000,7.641050,67.565625,0.910117,68.000000,58.800000,0,1,1,0,0,0,0,0,0,0.000000,0.910247,67.514479,1,T1_night_no_pv,5.300000,19080.000000,60
0.984041,0.177944,100.636667,0.664858,0.000000,7.641858,67.616146,0.910269,68.000000,58.800000,0,1,1,0,0,0,0,0,0,0.000000,0.910249,67.490208,1,T1_night_no_pv,5.316667,19140.000000,60
0.984808,0.173648,116.133333,0.664333,0.000000,7.641333,67.583333,0.910171,68.000000,58.800000,0,1,1,0,0,0,0,0,0,0.000000,0.910249,67.474062,1,T1_night_no_pv,5.333333,19200.000000,60
0.985556,0.169350,125.262500,0.664000,0.000000,7.641000,67.562500,0.910108,68.000000,58.800000,0,1,1,0,0,0,0,0,0,0.000000,0.910228,67.454583,1,T1_night_no_pv,5.350000,19260.000000,60
0.986286,0.165048,129.200000,0.664000,0.000000,7.641000,67.562500,0.910108,68.000000,58.715000,0,1,1,0,0,0,0,0,0,0.000000,0.910203,67.425000,1,T1_night_no_pv,5.366667,19320.000000,60
0.986996,0.160743,129.200000,0.664000,0.000000,7.641000,67.562500,0.910125,68.000000,58.500000,0,1,1,0,0,0,0,0,0,0.000000,0.910198,67.389167,1,T1_night_no_pv,5.383333,19380.000000,60
0.987688,0.156434,129.200000,0.664000,0.000000,7.641000,67.562500,0.910277,68.000000,58.500000,0,1,1,0,0,0,0,0,0,0.000000,0.910162,67.363438,1,T1_night_no_pv,5.400000,19440.000000,60
0.988362,0.152123,129.200000,0.664708,0.000000,7.640292,67.518229,0.910296,68.000000,58.500000,0,1,1,0,0,0,0,0,0,0.000000,0.910154,67.338438,1,T1_night_no_pv,5.416667,19500.000000,60
0.989016,0.147809,129.200000,0.664483,0.000000,7.640000,67.500000,0.910296,68.000000,58.500000,0,1,1,0,0,0,0,0,0,0.000000,0.910175,67.312917,1,T1_night_no_pv,5.433333,19560.000000,60
0.989651,0.143493,129.200000,0.664000,0.000000,7.640000,67.500000,0.910235,68.000000,58.500000,0,1,1,0,0,0,0,0,0,0.000000,0.910198,67.287396,1,T1_night_no_pv,5.450000,19620.000000,60
0.990268,0.139173,129.200000,0.664133,0.000000,7.639867,67.491667,0.910133,68.000000,58.500000,0,1,1,0,0,0,0,0,0,0.000000,0.910206,67.262396,1,T1_night_no_pv,5.466667,19680.000000,60
0.990866,0.134851,129.200000,0.664942,0.000000,7.639058,67.441146,0.910285,68.000000,58.500000,0,1,1,0,0,0,0,0,0,0.000000,0.910243,67.237083,1,T1_night_no_pv,5.483333,19740.000000,60
0.991445,0.130526,129.200000,0.665000,0.000000,7.639000,67.437500,0.910296,68.000000,58.500000,0,1,1,0,0,0,0,0,0,0.000000,0.910251,67.201667,1,T1_night_no_pv,5.500000,19800.000000,60
0.992005,0.126199,129.200000,0.664442,0.000000,7.638442,67.402604,0.910191,68.000000,58.500000,0,1,1,0,0,0,0,0,0,0.000000,0.910251,67.171667,1,T1_night_no_pv,5.516667,19860.000000,60
0.992546,0.121869,129.200000,0.664000,0.000000,7.637633,67.352083,0.910108,68.000000,58.500000,0,1,1,0,0,0,0,0,0,0.000000,0.910250,67.151771,1,T1_night_no_pv,5.533333,19920.000000,60
0.993068,0.117537,129.200000,0.664000,0.000000,7.637000,67.312500,0.910108,68.000000,58.500000,0,1,1,0,0,0,0,0,0,0.000000,0.910251,67.136042,1,T1_night_no_pv,5.550000,19980.000000,60
0.993572,0.113203,129.200000,0.664000,0.000000,7.637000,67.312500,0.910108,68.000000,58.500000,0,1,1,0,0,0,0,0,0,0.000000,0.910251,67.110521,1,T1_night_no_pv,5.566667,20040.000000,60
0.994056,0.108867,128.487500,0.664000,0.000000,7.637000,67.312500,0.910257,68.000000,58.262500,0,1,1,0,0,0,0,0,0,0.000000,0.910251,67.085000,1,T1_night_no_pv,5.583333,20100.000000,60
0.994522,0.104528,176.300000,0.664600,0.000000,7.636400,67.275000,0.910296,68.000000,58.200000,0,1,1,0,0,0,0,0,0,0.000000,0.910251,67.060000,1,T1_night_no_pv,5.600000,20160.000000,60
0.994969,0.100188,206.258333,0.664592,0.000000,7.635592,67.224479,0.910219,68.000000,58.200000,0,1,1,0,0,0,0,0,0,0.000000,0.910268,67.041146,1,T1_night_no_pv,5.616667,20220.000000,60
0.995396,0.095846,208.370000,0.664000,0.000000,7.635000,67.187500,0.910149,68.000000,58.200000,0,1,1,0,0,0,0,0,0,0.000000,0.910296,67.031875,1,T1_night_no_pv,5.633333,20280.000000,60
0.995805,0.091502,226.825000,0.664025,0.000000,7.634975,67.185937,0.910296,68.000000,58.200000,0,1,1,0,0,0,0,0,0,0.000000,0.910296,67.031354,1,T1_night_no_pv,5.650000,20340.000000,60
0.996195,0.087156,230.866667,0.664833,0.000000,7.634167,67.135417,0.910296,68.000000,58.200000,0,1,1,0,0,0,0,0,0,0.000000,0.910296,67.030833,1,T1_night_no_pv,5.666667,20400.000000,60
0.996566,0.082808,231.700000,0.665000,0.000000,7.634000,67.125000,0.910296,68.000000,58.200000,0,1,1,0,0,0,0,0,0,0.000000,0.910296,67.021771,1,T1_night_no_pv,5.683333,20460.000000,60
0.996917,0.078459,231.295000,0.664550,0.000000,7.634000,67.125000,0.910211,68.000000,58.200000,0,1,1,0,0,0,0,0,0,0.000000,0.910276,67.003125,1,T1_night_no_pv,5.700000,20520.000000,60
0.997250,0.074108,230.386667,0.664000,0.000000,7.633742,67.108854,0.910157,68.000000,58.200000,0,1,1,0,0,0,0,0,0,0.000000,0.910238,66.978125,1,T1_night_no_pv,5.716667,20580.000000,60
0.997564,0.069756,229.140000,0.664000,0.000000,7.632933,67.058333,0.910296,68.000000,58.200000,0,1,1,0,0,0,0,0,0,0.000000,0.910206,66.952604,1,T1_night_no_pv,5.733333,20640.000000,60
0.997859,0.065403,228.412500,0.664000,0.000000,7.632125,67.007812,0.910296,68.000000,58.200000,0,1,1,0,0,0,0,0,0,0.000000,0.910205,66.927083,1,T1_night_no_pv,5.750000,20700.000000,60
0.998135,0.061049,230.008333,0.664683,0.000000,7.632000,67.000000,0.910296,68.000000,58.200000,0,1,1,0,0,0,0,0,0,0.000000,0.910205,66.911146,1,T1_night_no_pv,5.766667,20760.000000,60
0.998392,0.056693,231.242500,0.664508,0.000000,7.632492,67.030729,0.910296,68.000000,58.052500,0,1,1,0,0,0,0,0,0,0.000000,0.910225,66.898646,1,T1_night_no_pv,5.783333,20820.000000,60
0.998630,0.052336,231.700000,0.664300,0.000000,7.633000,67.062500,0.910296,68.000000,57.900000,0,1,1,0,0,0,0,0,0,0.000000,0.910248,66.881354,1,T1_night_no_pv,5.800000,20880.000000,60
0.998848,0.047978,231.700000,0.665000,0.000000,7.632892,67.055729,0.910296,68.000000,57.900000,0,1,1,0,0,0,0,0,0,0.000000,0.910242,66.858229,1,T1_night_no_pv,5.816667,20940.000000,60
0.999048,0.043619,231.700000,0.665000,0.000000,7.632083,67.005208,0.910296,68.000000,57.900000,0,1,1,0,0,0,0,0,0,0.000000,0.910206,66.845208,1,T1_night_no_pv,5.833333,21000.000000,60
0.999229,0.039260,231.700000,0.665000,0.000000,7.631275,66.954687,0.910296,68.000000,57.900000,0,1,1,0,0,0,0,0,0,0.000000,0.910184,66.837760,1,T1_night_no_pv,5.850000,21060.000000,60
0.999391,0.034899,240.126667,0.664467,0.000000,7.631000,66.937500,0.910196,68.000000,57.900000,0,1,1,0,0,0,0,0,0,0.000000,0.910147,66.825347,1,T1_night_no_pv,5.866667,21120.000000,60
0.999534,0.030539,247.773333,0.664000,0.000000,7.631000,66.937500,0.910108,68.000000,57.900000,0,1,1,0,0,0,0,0,0,0.000000,0.910108,66.812500,1,T1_night_no_pv,5.883333,21180.000000,60
0.999657,0.026177,247.925000,0.664150,0.000000,7.630850,66.928125,0.910136,68.000000,57.900000,0,1,1,0,0,0,0,0,0,0.000000,0.910108,66.812500,1,T1_night_no_pv,5.900000,21240.000000,60
1.000000,0.000000,336.700000,3.312000,0.000000,7.626000,66.625000,0.910108,68.000000,57.600000,0,1,1,0,0,0,0,0,0,0.000000,0.910296,66.548611,2,T2_dawn_weak_light,6.000000,0.000000,60
0.999990,-0.004363,336.700000,3.312000,0.000000,7.626000,66.625000,0.910108,68.000000,57.600000,0,1,1,0,0,0,0,0,0,0.000000,0.910296,66.532292,2,T2_dawn_weak_light,6.016667,60.000000,60
0.999962,-0.008727,336.700000,3.312000,0.000000,7.626000,66.625000,0.910108,68.000000,57.600000,0,1,1,0,0,0,0,0,0,0.000000,0.910279,66.521528,2,T2_dawn_weak_light,6.033333,120.000000,60
0.999914,-0.013090,336.700000,3.312000,0.000000,7.626000,66.625000,0.910108,68.000000,57.600000,0,1,1,0,0,0,0,0,0,0.000000,0.910246,66.516146,2,T2_dawn_weak_light,6.050000,180.000000,60
0.999848,-0.017452,336.700000,3.312000,0.000000,7.626000,66.625000,0.910108,68.000000,57.600000,0,1,1,0,0,0,0,0,0,0.000000,0.910219,66.509028,2,T2_dawn_weak_light,6.066667,240.000000,60
0.999762,-0.021815,336.700000,3.312000,0.000000,7.626000,66.625000,0.910108,68.000000,57.600000,0,1,1,0,0,0,0,0,0,0.000000,0.910181,66.488889,2,T2_dawn_weak_light,6.083333,300.000000,60
0.999657,-0.026177,336.806667,3.313600,0.000000,7.626000,66.625000,0.910133,68.000000,57.600000,0,1,1,0,0,0,0,0,0,0.000000,0.910157,66.473194,2,T2_dawn_weak_light,6.100000,360.000000,60
0.999534,-0.030539,337.224444,3.319867,0.000000,7.626000,66.625000,0.910231,68.000000,57.600000,0,1,1,0,0,0,0,0,0,0.000000,0.910162,66.460694,2,T2_dawn_weak_light,6.116667,420.000000,60
0.999391,-0.034899,337.500000,3.324711,0.000000,7.625822,66.613889,0.910296,68.000000,57.600000,0,1,1,0,0,0,0,0,0,0.000000,0.910177,66.438194,2,T2_dawn_weak_light,6.133333,480.000000,60
0.999229,-0.039260,337.500000,3.326800,0.000000,7.625300,66.581250,0.910296,68.000000,57.600000,0,1,1,0,0,0,0,0,0,0.000000,0.910180,66.406528,2,T2_dawn_weak_light,6.150000,540.000000,60
0.999048,-0.043619,337.677778,3.332889,0.000000,7.624778,66.548611,0.910296,68.000000,57.600000,0,1,1,0,0,0,0,0,0,0.000000,0.910180,66.385000,2,T2_dawn_weak_light,6.166667,600.000000,60
0.998848,-0.047978,338.095556,3.344378,0.000000,7.624256,66.515972,0.910296,68.000000,57.600000,0,1,1,0,0,0,0,0,0,0.000000,0.910166,66.372083,2,T2_dawn_weak_light,6.183333,660.000000,60
0.998630,-0.052336,338.753333,3.346800,0.000000,7.624000,66.500000,0.910246,68.000000,57.600000,0,1,1,0,0,0,0,0,0,0.000000,0.910115,66.359583,2,T2_dawn_weak_light,6.200000,720.000000,60
0.998392,-0.056693,339.641111,3.340533,0.000000,7.624000,66.500000,0.910148,68.000000,57.600000,0,1,1,0,0,0,0,0,0,0.000000,0.910055,66.356944,2,T2_dawn_weak_light,6.216667,780.000000,60
0.998135,-0.061049,339.751111,3.335822,0.000000,7.623689,66.480556,0.910108,68.000000,57.600000,0,1,1,0,0,0,0,0,0,0.000000,0.910014,66.360833,2,T2_dawn_weak_light,6.233333,840.000000,60
0.997859,-0.065403,339.333333,3.332167,0.000000,7.623167,66.447917,0.910108,68.000000,57.600000,0,1,1,0,0,0,0,0,0,0.000000,0.909979,66.355972,2,T2_dawn_weak_light,6.250000,900.000000,60
0.997564,-0.069756,339.200000,3.340600,0.000000,7.623000,66.437500,0.910175,68.000000,57.493333,0,1,1,0,0,0,0,0,0,0.000000,0.909963,66.351111,2,T2_dawn_weak_light,6.266667,960.000000,60
0.997250,-0.074108,339.200000,3.354700,0.000000,7.623000,66.437500,0.910273,68.000000,57.336667,0,1,1,0,0,0,0,0,0,0.000000,0.909981,66.349861,2,T2_dawn_weak_light,6.283333,1020.000000,60
0.996917,-0.078459,339.200000,3.357200,0.000000,7.622200,66.387500,0.910221,68.000000,57.300000,0,1,1,0,0,0,0,0,0,0.000000,0.910019,66.342222,2,T2_dawn_weak_light,6.300000,1080.000000,60
0.996566,-0.082808,339.200000,3.356156,0.000000,7.621156,66.322222,0.910123,68.000000,57.300000,0,1,1,0,0,0,0,0,0,0.000000,0.910057,66.336389,2,T2_dawn_weak_light,6.316667,1140.000000,60
0.996195,-0.087156,339.200000,3.351556,0.000000,7.621444,66.340278,0.910108,68.000000,57.300000,0,1,1,0,0,0,0,0,0,0.000000,0.910092,66.335694,2,T2_dawn_weak_light,6.333333,1200.000000,60
0.995805,-0.091502,339.200000,3.346333,0.000000,7.621967,66.372917,0.910108,68.000000,57.300000,0,1,1,0,0,0,0,0,0,0.000000,0.910108,66.326111,2,T2_dawn_weak_light,6.350000,1260.000000,60
0.995396,-0.095846,327.368889,3.321067,0.000000,7.622000,66.375000,0.910016,68.000000,57.300000,0,1,1,0,0,0,0,0,0,0.000000,0.910108,66.305972,2,T2_dawn_weak_light,6.366667,1320.000000,60
0.994969,-0.100188,315.008889,3.292022,0.000000,7.621989,66.374306,0.909920,68.000000,57.300000,0,1,1,0,0,0,0,0,0,0.000000,0.910108,66.288750,2,T2_dawn_weak_light,6.383333,1380.000000,60
0.994522,-0.104528,315.426667,3.152067,0.000000,7.621467,66.341667,0.909920,68.000000,57.300000,0,1,1,0,0,0,0,0,0,0.000000,0.910108,66.276250,2,T2_dawn_weak_light,6.400000,1440.000000,60
0.994056,-0.108867,311.127778,2.959056,0.000000,7.621056,66.315972,0.909930,68.000000,57.300000,0,1,1,0,0,0,0,0,0,0.000000,0.910098,66.263750,2,T2_dawn_weak_light,6.416667,1500.000000,60
0.993572,-0.113203,267.208889,2.320378,0.000000,7.621578,66.348611,0.910029,68.000000,57.300000,0,1,1,0,0,0,0,0,0,0.000000,0.910067,66.253611,2,T2_dawn_weak_light,6.433333,1560.000000,60
0.993068,-0.117537,261.450000,1.964900,0.000000,7.621900,66.368750,0.910108,68.000000,57.300000,0,1,1,0,0,0,0,0,0,0.000000,0.910018,66.245972,2,T2_dawn_weak_light,6.450000,1620.000000,60
0.992546,-0.121869,416.811111,2.805156,0.000000,7.621378,66.336111,0.910108,68.000000,57.300000,0,1,1,0,0,0,0,0,0,0.000000,0.909948,66.235417,2,T2_dawn_weak_light,6.466667,1680.000000,60
0.992005,-0.126199,523.292222,3.611611,0.000000,7.621000,66.312500,0.910108,68.000000,57.300000,0,1,1,0,0,0,0,0,0,0.000000,0.909901,66.218333,2,T2_dawn_weak_light,6.483333,1740.000000,60
0.991445,-0.130526,501.933333,4.329667,0.000000,7.621000,66.312500,0.910108,68.000000,57.300000,0,1,1,0,0,0,0,0,0,0.000000,0.909903,66.194722,2,T2_dawn_weak_light,6.500000,1800.000000,60
0.990866,-0.134851,487.827778,4.785922,0.000000,7.620811,66.300694,0.910108,68.000000,57.300000,0,1,1,0,0,0,0,0,0,0.000000,0.909933,66.174861,2,T2_dawn_weak_light,6.516667,1860.000000,60
0.990268,-0.139173,486.522222,4.780178,0.000000,7.620289,66.268056,0.910108,68.000000,57.300000,0,1,1,0,0,0,0,0,0,0.000000,0.909983,66.165556,2,T2_dawn_weak_light,6.533333,1920.000000,60
0.989651,-0.143493,490.093333,4.813633,0.000000,7.620000,66.250000,0.910108,68.000000,57.300000,0,1,1,0,0,0,0,0,0,0.000000,0.910052,66.157917,2,T2_dawn_weak_light,6.550000,1980.000000,60
0.989016,-0.147809,499.702222,4.895622,0.000000,7.620000,66.250000,0.910108,68.000000,57.300000,0,1,1,0,0,0,0,0,0,0.000000,0.910100,66.150278,2,T2_dawn_weak_light,6.566667,2040.000000,60
0.988362,-0.152123,502.811111,4.926222,0.000000,7.620000,66.250000,0.910056,68.000000,57.188889,0,1,1,0,0,0,0,0,0,0.000000,0.910108,66.142639,2,T2_dawn_weak_light,6.583333,2100.000000,60
0.987688,-0.156434,500.200000,4.911600,0.000000,7.620000,66.250000,0.909958,68.000000,56.980000,0,1,1,0,0,0,0,0,0,0.000000,0.910108,66.125000,2,T2_dawn_weak_light,6.600000,2160.000000,60
0.986996,-0.160743,501.068889,4.915344,0.000000,7.619678,66.229861,0.909859,68.000000,56.900000,0,1,1,0,0,0,0,0,0,0.000000,0.910108,66.100833,2,T2_dawn_weak_light,6.616667,2220.000000,60
0.986286,-0.165048,504.097778,4.930489,0.000000,7.619156,66.197222,0.909761,68.000000,56.900000,0,1,1,0,0,0,0,0,0,0.000000,0.910108,66.080694,2,T2_dawn_weak_light,6.633333,2280.000000,60
0.985556,-0.169350,504.706667,4.938300,0.000000,7.618633,66.164583,0.909870,68.000000,56.900000,0,1,1,0,0,0,0,0,0,0.000000,0.910108,66.060556,2,T2_dawn_weak_light,6.650000,2340.000000,60
0.984808,-0.173648,504.288889,4.943000,0.000000,7.618111,66.131944,0.910066,68.000000,56.900000,0,1,1,0,0,0,0,0,0,0.000000,0.910108,66.041806,2,T2_dawn_weak_light,6.666667,2400.000000,60
0.984041,-0.177944,503.501111,4.945644,0.000000,7.618411,66.150694,0.910108,68.000000,56.900000,0,1,1,0,0,0,0,0,0,0.000000,0.910108,66.029306,2,T2_dawn_weak_light,6.683333,2460.000000,60
0.983255,-0.182236,502.613333,4.947733,0.000000,7.618933,66.183333,0.910108,68.000000,56.900000,0,1,1,0,0,0,0,0,0,0.000000,0.910108,66.014861,2,T2_dawn_weak_light,6.700000,2520.000000,60
0.982450,-0.186524,501.361111,4.936611,0.000000,7.618544,66.159028,0.910108,68.000000,56.900000,0,1,1,0,0,0,0,0,0,0.000000,0.910108,65.994722,2,T2_dawn_weak_light,6.716667,2580.000000,60
0.981627,-0.190809,500.055556,4.923556,0.000000,7.618022,66.126389,0.910108,68.000000,56.900000,0,1,1,0,0,0,0,0,0,0.000000,0.910100,65.977083,2,T2_dawn_weak_light,6.733333,2640.000000,60
0.980785,-0.195090,498.350000,4.892500,0.000000,7.617500,66.093750,0.910108,68.000000,56.900000,0,1,1,0,0,0,0,0,0,0.000000,0.910073,65.964583,2,T2_dawn_weak_light,6.750000,2700.000000,60
0.979925,-0.199368,496.457778,4.860489,0.000000,7.617000,66.062500,0.910108,68.000000,56.900000,0,1,1,0,0,0,0,0,0,0.000000,0.910045,65.949028,2,T2_dawn_weak_light,6.766667,2760.000000,60
0.979045,-0.203642,490.765556,4.824978,0.000000,7.617000,66.062500,0.910108,68.000000,56.900000,0,1,1,0,0,0,0,0,0,0.000000,0.910036,65.928889,2,T2_dawn_weak_light,6.783333,2820.000000,60
0.978148,-0.207912,485.966667,4.793800,0.000000,7.616933,66.058333,0.910108,68.000000,56.900000,0,1,1,0,0,0,0,0,0,0.000000,0.910036,65.912361,2,T2_dawn_weak_light,6.800000,2880.000000,60
0.977231,-0.212178,487.272222,4.792233,0.000000,7.616411,66.025694,0.910108,68.000000,56.900000,0,1,1,0,0,0,0,0,0,0.000000,0.910044,65.899861,2,T2_dawn_weak_light,6.816667,2940.000000,60
0.976296,-0.216440,488.300000,4.789333,0.000000,7.616000,66.000000,0.910108,68.000000,56.900000,0,1,1,0,0,0,0,0,0,0.000000,0.910071,65.883194,2,T2_dawn_weak_light,6.833333,3000.000000,60
0.975342,-0.220697,488.300000,4.781500,0.000000,7.616000,66.000000,0.910108,68.000000,56.900000,0,1,1,0,0,0,0,0,0,0.000000,0.910099,65.863056,2,T2_dawn_weak_light,6.850000,3060.000000,60
0.974370,-0.224951,488.300000,4.773978,0.000000,7.615844,65.990278,0.910108,68.000000,56.900000,0,1,1,0,0,0,0,0,0,0.000000,0.910108,65.842917,2,T2_dawn_weak_light,6.866667,3120.000000,60
0.973379,-0.229200,488.300000,4.767189,0.000000,7.615322,65.957639,0.910108,68.000000,56.900000,0,1,1,0,0,0,0,0,0,0.000000,0.910108,65.819167,2,T2_dawn_weak_light,6.883333,3180.000000,60
0.972370,-0.233445,488.480000,4.770200,0.000000,7.615000,65.937500,0.910070,68.000000,56.840000,0,1,1,0,0,0,0,0,0,0.000000,0.910108,65.794167,2,T2_dawn_weak_light,6.900000,3240.000000,60
0.971342,-0.237686,488.950000,4.789000,0.000000,7.615000,65.937500,0.909972,68.000000,56.683333,0,1,1,0,0,0,0,0,0,0.000000,0.910108,65.773333,2,T2_dawn_weak_light,6.916667,3300.000000,60
0.970296,-0.241922,489.395556,4.802911,0.000000,7.614756,65.922222,0.909966,68.000000,56.600000,0,1,1,0,0,0,0,0,0,0.000000,0.910108,65.759028,2,T2_dawn_weak_light,6.933333,3360.000000,60
0.969231,-0.246153,489.813333,4.811267,0.000000,7.614233,65.889583,0.910064,68.000000,56.600000,0,1,1,0,0,0,0,0,0,0.000000,0.910108,65.751250,2,T2_dawn_weak_light,6.950000,3420.000000,60
0.968148,-0.250380,490.000000,4.812111,0.000000,7.614000,65.875000,0.910108,68.000000,56.600000,0,1,1,0,0,0,0,0,0,0.000000,0.910108,65.750000,2,T2_dawn_weak_light,6.966667,3480.000000,60
0.967046,-0.254602,490.000000,4.806889,0.000000,7.614000,65.875000,0.910108,68.000000,56.600000,0,1,1,0,0,0,0,0,0,0.000000,0.910108,65.749583,2,T2_dawn_weak_light,6.983333,3540.000000,60
0.965926,-0.258819,490.266667,4.797667,0.000000,7.613667,65.854167,0.910108,68.000000,56.600000,0,1,1,0,0,0,0,0,0,0.000000,0.910108,65.742639,2,T2_dawn_weak_light,7.000000,3600.000000,60
0.964787,-0.263031,490.684444,4.786178,0.000000,7.613144,65.821528,0.910108,68.000000,56.600000,0,1,1,0,0,0,0,0,0,0.000000,0.910105,65.729167,2,T2_dawn_weak_light,7.016667,3660.000000,60
0.963630,-0.267238,490.800000,4.791689,0.000000,7.612622,65.788889,0.910108,68.000000,56.600000,0,1,1,0,0,0,0,0,0,0.000000,0.910083,65.709167,2,T2_dawn_weak_light,7.033333,3720.000000,60
0.962455,-0.271440,490.800000,4.803700,0.000000,7.612100,65.756250,0.910108,68.000000,56.600000,0,1,1,0,0,0,0,0,0,0.000000,0.910050,65.684167,2,T2_dawn_weak_light,7.050000,3780.000000,60
0.961262,-0.275637,490.462222,4.804733,0.000000,7.612000,65.750000,0.910108,68.000000,56.600000,0,1,1,0,0,0,0,0,0,0.000000,0.910036,65.659583,2,T2_dawn_weak_light,7.066667,3840.000000,60
0.960050,-0.279829,490.044444,4.803167,0.000000,7.612000,65.750000,0.910108,68.000000,56.600000,0,1,1,0,0,0,0,0,0,0.000000,0.910030,65.641528,2,T2_dawn_weak_light,7.083333,3900.000000,60
0.958820,-0.284015,490.373333,4.803000,0.000000,7.612000,65.750000,0.910108,68.000000,56.600000,0,1,1,0,0,0,0,0,0,0.000000,0.910007,65.630000,2,T2_dawn_weak_light,7.100000,3960.000000,60
0.957571,-0.288196,490.791111,4.803000,0.000000,7.612000,65.750000,0.910108,68.000000,56.600000,0,1,1,0,0,0,0,0,0,0.000000,0.910000,65.625000,2,T2_dawn_weak_light,7.116667,4020.000000,60
0.956305,-0.292372,491.260000,4.807600,0.000000,7.612000,65.750000,0.910108,68.000000,56.600000,0,1,1,0,0,0,0,0,0,0.000000,0.910023,65.625000,2,T2_dawn_weak_light,7.133333,4080.000000,60
0.955020,-0.296542,491.700000,4.812267,0.000000,7.611967,65.747917,0.910108,68.000000,56.600000,0,1,1,0,0,0,0,0,0,0.000000,0.910036,65.625000,2,T2_dawn_weak_light,7.150000,4140.000000,60
0.953717,-0.300706,491.700000,4.816444,0.000000,7.611444,65.715278,0.910108,68.000000,56.600000,0,1,1,0,0,0,0,0,0,0.000000,0.910042,65.625000,2,T2_dawn_weak_light,7.166667,4200.000000,60
0.952396,-0.304864,491.762222,4.819222,0.000000,7.610922,65.682639,0.910093,68.000000,56.576667,0,1,1,0,0,0,0,0,0,0.000000,0.910068,65.621250,2,T2_dawn_weak_light,7.183333,4260.000000,60
0.951057,-0.309017,492.180000,4.814000,0.000000,7.610400,65.650000,0.909995,68.000000,56.420000,0,1,1,0,0,0,0,0,0,0.000000,0.910098,65.610972,2,T2_dawn_weak_light,7.200000,4320.000000,60
0.949699,-0.313164,492.500000,4.810000,0.000000,7.610000,65.625000,0.909943,68.000000,56.300000,0,1,1,0,0,0,0,0,0,0.000000,0.910095,65.598472,2,T2_dawn_weak_light,7.216667,4380.000000,60
0.948324,-0.317305,492.500000,4.810000,0.000000,7.610000,65.625000,0.910041,68.000000,56.300000,0,1,1,0,0,0,0,0,0,0.000000,0.910062,65.585972,2,T2_dawn_weak_light,7.233333,4440.000000,60
0.946930,-0.321439,492.500000,4.810167,0.000000,7.610000,65.625000,0.910077,68.000000,56.300000,0,1,1,0,0,0,0,0,0,0.000000,0.910039,65.573472,2,T2_dawn_weak_light,7.250000,4500.000000,60
0.945519,-0.325568,492.500000,4.810689,0.000000,7.610000,65.625000,0.909978,68.000000,56.300000,0,1,1,0,0,0,0,0,0,0.000000,0.910036,65.564722,2,T2_dawn_weak_light,7.266667,4560.000000,60
0.944089,-0.329691,492.331111,4.814589,0.000000,7.610000,65.625000,0.909960,68.000000,56.300000,0,1,1,0,0,0,0,0,0,0.000000,0.910036,65.557083,2,T2_dawn_weak_light,7.283333,4620.000000,60
0.942641,-0.333807,491.913333,4.823467,0.000000,7.610000,65.625000,0.910058,68.000000,56.300000,0,1,1,0,0,0,0,0,0,0.000000,0.910049,65.545139,2,T2_dawn_weak_light,7.300000,4680.000000,60
0.941176,-0.337917,491.904444,4.829278,0.000000,7.610000,65.625000,0.910108,68.000000,56.300000,0,1,1,0,0,0,0,0,0,0.000000,0.910064,65.526667,2,T2_dawn_weak_light,7.316667,4740.000000,60
0.939693,-0.342020,492.322222,4.831889,0.000000,7.610000,65.625000,0.910108,68.000000,56.300000,0,1,1,0,0,0,0,0,0,0.000000,0.910049,65.501667,2,T2_dawn_weak_light,7.333333,4800.000000,60
0.938191,-0.346117,498.260000,4.833000,0.000000,7.609700,65.606250,0.910108,68.000000,56.300000,0,1,1,0,0,0,0,0,0,0.000000,0.910034,65.476667,2,T2_dawn_weak_light,7.350000,4860.000000,60
0.936672,-0.350207,508.286667,4.833000,0.000000,7.609178,65.573611,0.910108,68.000000,56.300000,0,1,1,0,0,0,0,0,0,0.000000,0.910034,65.456528,2,T2_dawn_weak_light,7.366667,4920.000000,60
0.935135,-0.354291,512.561111,4.892244,0.000000,7.609000,65.562500,0.910043,68.000000,56.300000,0,1,1,0,0,0,0,0,0,0.000000,0.910034,65.436389,2,T2_dawn_weak_light,7.383333,4980.000000,60
0.933580,-0.358368,513.866667,4.982067,0.000000,7.609000,65.562500,0.909945,68.000000,56.300000,0,1,1,0,0,0,0,0,0,0.000000,0.910052,65.416250,2,T2_dawn_weak_light,7.400000,5040.000000,60
0.932008,-0.362438,514.200000,5.017444,0.000000,7.609000,65.562500,0.909993,68.000000,56.300000,0,1,1,0,0,0,0,0,0,0.000000,0.910090,65.396111,2,T2_dawn_weak_light,7.416667,5100.000000,60
0.930418,-0.366501,514.200000,5.034156,0.000000,7.609000,65.562500,0.910091,68.000000,56.300000,0,1,1,0,0,0,0,0,0,0.000000,0.910108,65.371111,2,T2_dawn_weak_light,7.433333,5160.000000,60
0.928810,-0.370557,514.200000,5.044800,0.000000,7.608567,65.535417,0.910108,68.000000,56.300000,0,1,1,0,0,0,0,0,0,0.000000,0.910108,65.346667,2,T2_dawn_weak_light,7.450000,5220.000000,60
0.927184,-0.374607,514.200000,5.054200,0.000000,7.608044,65.502778,0.910108,68.000000,56.300000,0,1,1,0,0,0,0,0,0,0.000000,0.910101,65.328750,2,T2_dawn_weak_light,7.466667,5280.000000,60
0.925541,-0.378649,514.200000,5.049267,0.000000,7.607522,65.470139,0.910018,68.000000,56.300000,0,1,1,0,0,0,0,0,0,0.000000,0.910075,65.317361,2,T2_dawn_weak_light,7.483333,5340.000000,60
0.923880,-0.382683,514.200000,5.043000,0.000000,7.607000,65.437500,0.909920,68.000000,56.300000,0,1,1,0,0,0,0,0,0,0.000000,0.910037,65.309722,2,T2_dawn_weak_light,7.500000,5400.000000,60
0.922201,-0.386711,514.200000,5.029944,0.000000,7.607000,65.437500,0.910018,68.000000,56.143333,0,1,1,0,0,0,0,0,0,0.000000,0.910000,65.300417,2,T2_dawn_weak_light,7.516667,5460.000000,60
0.920505,-0.390731,514.200000,5.018756,0.000000,7.606956,65.434722,0.910108,68.000000,56.000000,0,1,1,0,0,0,0,0,0,0.000000,0.909962,65.287917,2,T2_dawn_weak_light,7.533333,5520.000000,60
0.918791,-0.394744,514.200000,5.027633,0.000000,7.606433,65.402083,0.910108,68.000000,56.000000,0,1,1,0,0,0,0,0,0,0.000000,0.909931,65.275417,2,T2_dawn_weak_light,7.550000,5580.000000,60
0.917060,-0.398749,514.271111,5.035800,0.000000,7.605911,65.369444,0.910108,68.000000,56.000000,0,1,1,0,0,0,0,0,0,0.000000,0.909920,65.262917,2,T2_dawn_weak_light,7.566667,5640.000000,60
0.915311,-0.402747,514.688889,5.040500,0.000000,7.605389,65.336806,0.910108,68.000000,56.000000,0,1,1,0,0,0,0,0,0,0.000000,0.909920,65.253194,2,T2_dawn_weak_light,7.583333,5700.000000,60
0.913545,-0.406737,514.893333,5.044133,0.000000,7.605000,65.312500,0.910108,68.000000,56.000000,0,1,1,0,0,0,0,0,0,0.000778,0.907880,65.250000,2,T2_dawn_weak_light,7.600000,5760.000000,60
0.911762,-0.410719,514.475556,5.044656,0.000000,7.605000,65.312500,0.910108,68.000000,56.000000,0,1,1,0,0,0,0,0,0,0.002379,0.902862,65.250000,2,T2_dawn_weak_light,7.616667,5820.000000,60
0.909961,-0.414693,514.342222,5.041444,0.000000,7.605000,65.312500,0.910075,68.000000,56.000000,0,1,1,0,0,0,0,0,0,0.003461,0.899410,65.245000,2,T2_dawn_weak_light,7.633333,5880.000000,60
0.908143,-0.418660,514.760000,5.031000,0.000000,7.605000,65.312500,0.909976,68.000000,56.000000,0,1,1,0,0,0,0,0,0,0.003608,0.898928,65.233472,2,T2_dawn_weak_light,7.650000,5940.000000,60
0.906308,-0.422618,515.000000,5.028556,0.000000,7.604778,65.298611,0.909920,68.000000,56.000000,0,1,1,0,0,0,0,0,0,0.003608,0.898907,65.220972,2,T2_dawn_weak_light,7.666667,6000.000000,60
0.904455,-0.426569,515.000000,5.036911,0.000000,7.604256,65.265972,0.909920,68.000000,56.000000,0,1,1,0,0,0,0,0,0,0.002830,0.900946,65.208472,2,T2_dawn_weak_light,7.683333,6060.000000,60
0.902585,-0.430511,508.786667,5.027400,0.000000,7.604000,65.250000,0.909920,68.000000,56.000000,0,1,1,0,0,0,0,0,0,0.001229,0.905964,65.189861,2,T2_dawn_weak_light,7.700000,6120.000000,60
0.900698,-0.434445,496.618889,5.000767,0.000000,7.604000,65.250000,0.909920,68.000000,56.000000,0,1,1,0,0,0,0,0,0,0.000147,0.909416,65.169722,2,T2_dawn_weak_light,7.716667,6180.000000,60
0.898794,-0.438371,590.975556,5.332222,0.000000,7.604000,65.250000,0.909920,68.000000,56.000000,0,1,1,0,0,0,0,0,0,0.000000,0.909898,65.149583,2,T2_dawn_weak_light,7.733333,6240.000000,60
0.896873,-0.442289,757.616667,5.906667,0.000000,7.604000,65.250000,0.909920,68.000000,56.000000,0,1,1,0,0,0,0,0,0,0.000000,0.909919,65.124583,2,T2_dawn_weak_light,7.750000,6300.000000,60
0.894934,-0.446198,658.515556,5.469911,0.003890,7.604000,65.250000,0.899720,68.000000,56.000000,0,1,1,0,0,0,0,0,0,0.000000,0.909920,65.099583,2,T2_dawn_weak_light,7.766667,6360.000000,60
0.892979,-0.450098,434.847778,4.559156,0.008004,7.604000,65.250000,0.884829,68.000000,56.000000,0,1,1,0,0,0,0,0,0,0.000000,0.909920,65.079444,2,T2_dawn_weak_light,7.783333,6420.000000,60
0.891007,-0.453990,428.180000,4.509200,0.005411,7.603600,65.225000,0.892662,68.000000,55.880000,0,1,1,0,0,0,0,0,0,0.000000,0.909920,65.059306,2,T2_dawn_weak_light,7.800000,6480.000000,60
0.889017,-0.457874,487.817778,4.722267,0.000735,7.603078,65.192361,0.907511,68.000000,55.723333,0,1,1,0,0,0,0,0,0,0.000000,0.909915,65.040972,2,T2_dawn_weak_light,7.816667,6540.000000,60
0.887011,-0.461749,495.188889,4.787333,0.000000,7.603000,65.187500,0.909816,68.000000,55.700000,0,1,1,0,0,0,0,0,0,0.000000,0.909890,65.028472,2,T2_dawn_weak_light,7.833333,6600.000000,60
0.884988,-0.465615,493.413333,4.826500,0.000000,7.603000,65.187500,0.909914,68.000000,55.700000,0,1,1,0,0,0,0,0,0,0.000000,0.909859,65.013611,2,T2_dawn_weak_light,7.850000,6660.000000,60
0.882948,-0.469472,510.411111,4.986911,0.000000,7.602511,65.156944,0.909920,68.000000,55.700000,0,1,1,0,0,0,0,0,0,0.000000,0.909848,64.993472,2,T2_dawn_weak_light,7.866667,6720.000000,60
0.880891,-0.473320,528.532222,5.152533,0.000000,7.601989,65.124306,0.909920,68.000000,55.700000,0,1,1,0,0,0,0,0,0,0.000000,0.909839,64.973333,2,T2_dawn_weak_light,7.883333,6780.000000,60
0.878817,-0.477159,539.446667,5.177600,0.000000,7.601467,65.091667,0.909920,68.000000,55.700000,0,1,1,0,0,0,0,0,0,0.000000,0.909816,64.951389,2,T2_dawn_weak_light,7.900000,6840.000000,60
0.876727,-0.480989,549.938889,5.216333,0.000000,7.601000,65.062500,0.909920,68.000000,55.700000,0,1,1,0,0,0,0,0,0,0.000000,0.909814,64.926389,2,T2_dawn_weak_light,7.916667,6900.000000,60
0.874620,-0.484810,556.884444,5.369867,0.000000,7.601000,65.062500,0.909920,68.000000,55.700000,0,1,1,0,0,0,0,0,0,0.000000,0.909837,64.903750,2,T2_dawn_weak_light,7.933333,6960.000000,60
0.872496,-0.488621,562.250000,5.492100,0.000000,7.600900,65.056250,0.909920,68.000000,55.700000,0,1,1,0,0,0,0,0,0,0.000000,0.909836,64.887639,2,T2_dawn_weak_light,7.950000,7020.000000,60
0.870356,-0.492424,560.944444,5.482178,0.000000,7.600378,65.023611,0.909920,68.000000,55.700000,0,1,1,0,0,0,0,0,0,0.000000,0.909813,64.878056,2,T2_dawn_weak_light,7.966667,7080.000000,60
0.868199,-0.496217,562.166667,5.488722,0.000000,7.600000,65.000000,0.909893,68.000000,55.700000,0,1,1,0,0,0,0,0,0,0.000000,0.909818,64.875000,2,T2_dawn_weak_light,7.983333,7140.000000,60
0.866025,-0.500000,570.000000,5.538333,0.000000,7.600000,65.000000,0.909795,68.000000,55.700000,0,1,1,0,0,0,0,0,0,0.000000,0.909841,64.875000,2,T2_dawn_weak_light,8.000000,7200.000000,60
0.863836,-0.503774,573.734444,5.569811,0.000000,7.599811,64.988194,0.909768,68.000000,55.700000,0,1,1,0,0,0,0,0,0,0.000000,0.909848,64.869861,2,T2_dawn_weak_light,8.016667,7260.000000,60
0.861629,-0.507538,570.235556,5.569289,0.000000,7.599289,64.955556,0.909866,68.000000,55.700000,0,1,1,0,0,0,0,0,0,0.000000,0.909860,64.858194,2,T2_dawn_weak_light,8.033333,7320.000000,60
0.859406,-0.511293,565.196667,5.550800,0.000000,7.598767,64.922917,0.909876,68.000000,55.700000,0,1,1,0,0,0,0,0,0,0.000000,0.909875,64.845694,2,T2_dawn_weak_light,8.050000,7380.000000,60
0.857167,-0.515038,558.251111,5.510067,0.000000,7.598244,64.890278,0.909778,68.000000,55.700000,0,1,1,0,0,0,0,0,0,0.000000,0.909862,64.833194,2,T2_dawn_weak_light,8.066667,7440.000000,60
0.854912,-0.518773,551.055556,5.465444,0.000000,7.598000,64.875000,0.909784,68.000000,55.616667,0,1,1,0,0,0,0,0,0,0.000000,0.909847,64.814444,2,T2_dawn_weak_light,8.083333,7500.000000,60
0.852640,-0.522499,543.640000,5.417400,0.000000,7.598000,64.875000,0.909882,68.000000,55.460000,0,1,1,0,0,0,0,0,0,0.000000,0.909847,64.794583,2,T2_dawn_weak_light,8.100000,7560.000000,60
0.850352,-0.526214,539.478889,5.392556,0.000000,7.598000,64.875000,0.909859,68.000000,55.400000,0,1,1,0,0,0,0,0,0,0.000000,0.909847,64.781250,2,T2_dawn_weak_light,8.116667,7620.000000,60
0.848048,-0.529919,537.337778,5.382111,0.000000,7.598000,64.875000,0.909761,68.000000,55.400000,0,1,1,0,0,0,0,0,0,0.000000,0.909864,64.768750,2,T2_dawn_weak_light,8.133333,7680.000000,60
0.845728,-0.533615,529.036667,5.323633,0.000000,7.598000,64.875000,0.909801,67.633333,55.400000,0,1,1,0,0,0,0,0,0,0.000000,0.909901,64.756250,2,T2_dawn_weak_light,8.150000,7740.000000,60
0.843391,-0.537300,518.122222,5.244778,0.000000,7.598000,64.875000,0.909899,67.111111,55.400000,0,1,1,0,0,0,0,0,0,0.000000,0.909920,64.748611,2,T2_dawn_weak_light,8.166667,7800.000000,60
0.841039,-0.540974,613.110000,6.005822,0.000000,7.597589,64.849306,0.909920,67.411111,55.400000,0,1,1,0,0,0,0,0,0,0.000000,0.909920,64.740694,2,T2_dawn_weak_light,8.183333,7860.000000,60
0.838671,-0.544639,736.720000,6.993867,0.000000,7.597067,64.816667,0.909920,67.933333,55.400000,0,1,1,0,0,0,0,0,0,0.000000,0.909914,64.728194,2,T2_dawn_weak_light,8.200000,7920.000000,60
0.836286,-0.548293,687.947778,6.621622,0.000000,7.597000,64.812500,0.909834,67.544444,55.400000,0,1,1,0,0,0,0,0,0,0.000000,0.909889,64.715694,2,T2_dawn_weak_light,8.216667,7980.000000,60
0.833886,-0.551937,613.948889,6.050311,0.000000,7.597000,64.812500,0.909736,67.022222,55.400000,0,1,1,0,0,0,0,0,0,0.000000,0.909851,64.700694,2,T2_dawn_weak_light,8.233333,8040.000000,60
0.831470,-0.555570,623.300000,6.101500,0.000000,7.596500,64.781250,0.909826,67.000000,55.400000,0,1,1,0,0,0,0,0,0,0.000000,0.909813,64.680556,2,T2_dawn_weak_light,8.250000,8100.000000,60
0.829038,-0.559193,636.022222,6.179133,0.000000,7.596000,64.750000,0.909920,67.000000,55.400000,0,1,1,0,0,0,0,0,0,0.000000,0.909776,64.663472,2,T2_dawn_weak_light,8.266667,8160.000000,60
0.826590,-0.562805,641.244444,6.229267,0.000000,7.596000,64.750000,0.909920,67.000000,55.400000,0,1,1,0,0,0,0,0,0,0.000000,0.909744,64.650972,2,T2_dawn_weak_light,8.283333,8220.000000,60
0.824126,-0.566406,647.246667,6.280200,0.000000,7.596000,64.750000,0.909920,67.066667,55.400000,0,1,1,0,0,0,0,0,0,0.000000,0.909743,64.638472,2,T2_dawn_weak_light,8.300000,8280.000000,60
0.821647,-0.569997,658.578889,6.336600,0.000000,7.596000,64.750000,0.909920,67.588889,55.400000,0,1,1,0,0,0,0,0,0,0.000000,0.909773,64.628472,2,T2_dawn_weak_light,8.316667,8340.000000,60
0.819152,-0.573576,667.777778,6.400556,0.000000,7.595889,64.743056,0.909920,67.888889,55.400000,0,1,1,0,0,0,0,0,0,0.000000,0.909798,64.620833,2,T2_dawn_weak_light,8.333333,8400.000000,60
0.816642,-0.577145,669.083333,6.492467,0.000000,7.595367,64.710417,0.909920,67.366667,55.400000,0,1,1,0,0,0,0,0,0,0.000000,0.909804,64.610139,2,T2_dawn_weak_light,8.350000,8460.000000,60
0.814116,-0.580703,670.000000,6.551867,0.000000,7.595000,64.687500,0.909891,67.000000,55.400000,0,1,1,0,0,0,0,0,0,0.000000,0.909818,64.592917,2,T2_dawn_weak_light,8.366667,8520.000000,60
0.811574,-0.584250,670.000000,6.534633,0.000000,7.595000,64.687500,0.909793,67.000000,55.400000,0,1,1,0,0,0,0,0,0,0.000000,0.909841,64.569167,2,T2_dawn_weak_light,8.383333,8580.000000,60
0.809017,-0.587785,669.500000,6.518800,0.000000,7.594800,64.675000,0.909732,67.200000,55.320000,0,1,1,0,0,0,0,0,0,0.000000,0.909848,64.544167,2,T2_dawn_weak_light,8.400000,8640.000000,60
0.806445,-0.591310,668.194444,6.505222,0.000000,7.594278,64.642361,0.909732,67.722222,55.111111,0,1,1,0,0,0,0,0,0,0.000000,0.909861,64.523333,2,T2_dawn_weak_light,8.416667,8700.000000,60
0.803857,-0.594823,667.500000,6.504600,0.000000,7.594000,64.625000,0.909732,67.755556,55.000000,0,1,1,0,0,0,0,0,0,0.000000,0.909893,64.503194,2,T2_dawn_weak_light,8.433333,8760.000000,60
0.801254,-0.598325,667.500000,6.518700,0.000000,7.594000,64.625000,0.909732,67.233333,55.000000,0,1,1,0,0,0,0,0,0,0.000000,0.909916,64.483056,2,T2_dawn_weak_light,8.450000,8820.000000,60
0.798636,-0.601815,667.731111,6.523556,0.000000,7.594000,64.625000,0.909786,67.000000,55.000000,0,1,1,0,0,0,0,0,0,0.000000,0.909901,64.469306,2,T2_dawn_weak_light,8.466667,8880.000000,60
0.796002,-0.605294,668.148889,6.520944,0.000000,7.594000,64.625000,0.909884,67.000000,55.000000,0,1,1,0,0,0,0,0,0,0.000000,0.909862,64.456389,2,T2_dawn_weak_light,8.483333,8940.000000,60
0.793353,-0.608761,668.033333,6.524000,0.000000,7.593667,64.604167,0.909857,67.000000,55.000000,0,1,1,0,0,0,0,0,0,0.000000,0.909803,64.436944,2,T2_dawn_weak_light,8.500000,9000.000000,60
0.790690,-0.612217,667.615556,6.530267,0.000000,7.593144,64.571528,0.909759,67.000000,55.000000,0,1,1,0,0,0,0,0,0,0.000000,0.909731,64.415833,2,T2_dawn_weak_light,8.516667,9060.000000,60
0.788011,-0.615661,667.802222,6.511600,0.000000,7.592622,64.538889,0.909803,67.377778,55.000000,0,1,1,0,0,0,0,0,0,0.000000,0.909679,64.388194,2,T2_dawn_weak_light,8.533333,9120.000000,60
0.785317,-0.619094,668.220000,6.483400,0.000000,7.592100,64.506250,0.909901,67.900000,55.000000,0,1,1,0,0,0,0,0,0,0.000997,0.909665,64.350694,2,T2_dawn_weak_light,8.550000,9180.000000,60
0.782608,-0.622515,666.568889,6.486444,0.000000,7.592000,64.500000,0.909920,67.577778,55.000000,0,1,1,0,0,0,0,0,0,0.007328,0.909690,64.313611,2,T2_dawn_weak_light,8.566667,9240.000000,60
0.779884,-0.625923,664.427778,6.496889,0.000000,7.592000,64.500000,0.909920,67.055556,55.000000,0,1,1,0,0,0,0,0,0,0.069200,0.912546,64.341389,2,T2_dawn_weak_light,8.583333,9300.000000,60
0.777146,-0.629320,664.573333,6.491467,0.000000,7.591533,64.470833,0.909920,67.000000,55.000000,0,1,1,0,0,0,0,0,0,0.307871,0.924298,64.559444,2,T2_dawn_weak_light,8.600000,9360.000000,60
0.774393,-0.632705,664.991111,6.484156,0.000000,7.591011,64.438194,0.909920,67.000000,55.000000,0,1,1,0,0,0,0,0,0,0.916915,0.940994,65.305833,2,T2_dawn_weak_light,8.616667,9420.000000,60
0.771625,-0.636078,665.000000,6.479911,0.000000,7.591000,64.437500,0.909824,67.000000,55.000000,0,1,1,0,0,0,0,0,0,1.500000,0.956652,67.067500,2,T2_dawn_weak_light,8.633333,9480.000000,60
0.768842,-0.639439,664.973333,6.475267,0.000000,7.590967,64.435417,0.909726,67.000000,55.000000,0,1,1,0,0,0,0,0,0,1.500000,0.971426,67.435417,2,T2_dawn_weak_light,8.650000,9540.000000,60
0.766044,-0.642788,664.555556,6.463778,0.000000,7.590444,64.402778,0.909628,67.000000,55.000000,0,1,1,0,0,0,0,0,0,1.500000,0.982687,67.402778,2,T2_dawn_weak_light,8.666667,9600.000000,60
0.763232,-0.646124,663.935556,6.455789,0.000000,7.589844,64.365278,0.909559,67.000000,54.976667,0,1,1,0,0,0,0,0,0,1.500000,0.984778,67.365278,2,T2_dawn_weak_light,8.683333,9660.000000,60
0.760406,-0.649448,662.160000,6.467800,0.000000,7.588800,64.300000,0.909657,67.000000,54.820000,0,1,1,0,0,0,0,0,0,1.500000,0.981926,67.300000,2,T2_dawn_weak_light,8.700000,9720.000000,60
0.757565,-0.652760,735.465556,6.801011,0.004987,7.588000,64.250000,0.909755,67.000000,54.700000,0,1,1,0,0,0,0,0,0,1.510428,0.980072,67.250000,2,T2_dawn_weak_light,8.716667,9780.000000,60
0.754710,-0.656059,1054.491111,8.185422,0.031650,7.588000,64.250000,0.909853,67.000000,54.700000,0,1,1,0,0,0,0,0,0,1.566178,0.979041,67.250000,2,T2_dawn_weak_light,8.733333,9840.000000,60
0.751840,-0.659346,1236.700000,9.374667,0.309364,7.592667,64.541667,0.923907,67.166667,54.700000,0,1,1,0,0,0,0,0,0,2.146852,0.978702,67.541667,2,T2_dawn_weak_light,8.750000,9900.000000,60
0.748956,-0.662620,1127.033333,10.147556,1.193353,7.607289,65.455556,0.968319,67.688889,54.700000,1,0,1,0,0,0,0,0,0,3.995192,0.978651,68.455556,2,T2_dawn_weak_light,8.766667,9960.000000,60
0.746057,-0.665882,1077.702222,10.246367,3.045220,7.648511,68.031944,0.993137,68.000000,54.700000,1,0,1,0,0,0,0,0,0,7.867279,0.978578,71.031944,2,T2_dawn_weak_light,8.783333,10020.000000,60
0.743145,-0.669131,1117.286667,9.351800,5.768190,7.728933,73.058333,0.988044,68.000000,54.700000,1,0,1,0,0,0,1,0,0,8.244454,0.978527,76.058333,2,T2_dawn_weak_light,8.800000,10080.000000,60
0.740218,-0.672367,1159.861111,8.751889,7.284975,7.772811,75.800694,0.983725,68.000000,54.700000,1,0,1,0,0,0,1,0,0,8.245315,0.978516,77.387778,2,T2_dawn_weak_light,8.816667,10140.000000,60
0.737277,-0.675590,1205.555556,8.459444,7.947178,7.778556,76.159722,0.980209,68.000000,54.700000,1,0,1,0,0,0,1,0,0,8.244070,0.978516,77.473194,2,T2_dawn_weak_light,8.833333,10200.000000,60
0.734323,-0.678801,1223.740000,8.336800,8.214249,7.782800,76.425000,0.978773,68.000000,54.700000,1,0,1,0,0,0,1,0,0,8.240667,0.978516,77.558611,2,T2_dawn_weak_light,8.850000,10260.000000,60
0.731354,-0.681998,1221.546667,8.339933,8.221692,7.785933,76.620833,0.978877,68.000000,54.700000,1,0,1,0,0,0,1,0,0,8.236901,0.978514,77.643472,2,T2_dawn_weak_light,8.866667,10320.000000,60
0.728371,-0.685183,1221.661111,8.343067,8.229137,7.789411,76.838194,0.978776,68.000000,54.700000,1,0,1,0,0,0,1,0,0,8.234982,0.978492,77.721806,2,T2_dawn_weak_light,8.883333,10380.000000,60
0.725374,-0.688355,1222.966667,8.346200,8.236587,7.793067,77.066667,0.978569,68.000000,54.700000,1,0,1,0,0,0,1,0,0,8.235023,0.978456,77.799583,2,T2_dawn_weak_light,8.900000,10440.000000,60
0.722364,-0.691513,1174.377778,8.348556,8.243271,7.795167,77.197917,0.978516,68.000000,54.700000,1,0,1,0,0,0,1,0,0,8.237118,0.978440,77.877361,2,T2_dawn_weak_light,8.916667,10500.000000,60
0.719340,-0.694658,1108.682222,8.350644,8.249694,7.796733,77.295833,0.978516,68.000000,54.700000,1,0,1,0,0,0,1,0,0,8.241371,0.978440,77.948611,2,T2_dawn_weak_light,8.933333,10560.000000,60
0.716302,-0.697790,1101.096667,8.351867,8.248025,7.798300,77.393750,0.978516,68.000000,54.700000,1,0,1,0,0,0,1,0,0,8.247608,0.978442,78.013889,2,T2_dawn_weak_light,8.950000,10620.000000,60
0.713250,-0.700909,1105.431111,8.352911,8.244695,7.799867,77.491667,0.978516,68.000000,54.700000,1,0,1,0,0,0,1,0,0,8.253180,0.978465,78.076944,2,T2_dawn_weak_light,8.966667,10680.000000,60
0.710185,-0.704015,1625.001111,8.353478,8.240891,7.800956,77.559722,0.978516,68.000000,54.556667,1,0,1,0,0,0,1,0,0,8.256576,0.978501,78.133472,2,T2_dawn_weak_light,8.983333,10740.000000,60
0.707107,-0.707107,2192.500000,8.354000,8.237044,7.802000,77.625000,0.978516,68.000000,54.400000,1,0,1,0,0,0,1,0,0,8.258584,0.978507,78.186250,2,T2_dawn_weak_light,9.000000,10800.000000,60
0.704015,-0.710185,1625.888889,8.354000,8.232681,7.803567,77.722917,0.978516,68.000000,54.400000,1,0,1,0,0,0,1,0,0,8.260388,0.978478,78.239028,2,T2_dawn_weak_light,9.016667,10860.000000,60
0.700909,-0.713250,1106.833333,8.354133,8.229193,7.805089,77.818056,0.978507,68.000000,54.400000,1,0,1,0,0,0,1,0,0,8.261487,0.978438,78.288472,2,T2_dawn_weak_light,9.033333,10920.000000,60
0.697790,-0.716302,1099.000000,8.355700,8.235099,7.806133,77.883333,0.978404,68.000000,54.400000,1,0,1,0,0,0,1,0,0,8.262173,0.978399,78.333611,2,T2_dawn_weak_light,9.050000,10980.000000,60
0.694658,-0.719340,1097.682222,8.357356,8.241095,7.807178,77.948611,0.978336,68.000000,54.400000,1,0,1,0,0,0,1,0,0,8.032431,0.978371,77.756528,2,T2_dawn_weak_light,9.066667,11040.000000,60
0.691513,-0.722364,1128.127778,8.359444,8.247521,7.808222,78.013889,0.978439,68.000000,54.400000,1,0,1,0,0,0,1,0,0,7.438247,0.978373,76.132222,2,T2_dawn_weak_light,9.083333,11100.000000,60
0.688355,-0.725374,1148.466667,8.361533,8.253948,7.809267,78.079167,0.978516,68.000000,54.400000,1,0,1,0,0,0,1,0,0,6.403723,0.973451,75.079167,2,T2_dawn_weak_light,9.100000,11160.000000,60
0.685183,-0.728371,1139.327778,8.363622,8.260378,7.810311,78.144444,0.978516,68.000000,54.400000,1,0,1,0,0,0,1,0,0,4.869880,0.961359,75.144444,2,T2_dawn_weak_light,9.116667,11220.000000,60
0.681998,-0.731354,1135.522222,8.364822,8.262957,7.811178,78.198611,0.978516,68.000000,54.400000,1,0,1,0,0,0,1,0,0,3.343193,0.953848,75.198611,2,T2_dawn_weak_light,9.133333,11280.000000,60
0.678801,-0.734323,1142.050000,8.364300,8.258073,7.811700,78.231250,0.978516,68.000000,54.400000,1,0,1,0,0,0,1,0,0,2.241236,0.954611,75.231250,2,T2_dawn_weak_light,9.150000,11340.000000,60
0.675590,-0.737277,1145.444444,8.364444,8.257565,7.812444,78.277778,0.978472,68.000000,54.400000,1,0,1,0,0,0,1,0,0,2.082142,0.955771,75.277778,2,T2_dawn_weak_light,9.166667,11400.000000,60
0.672367,-0.740218,1144.608889,8.365489,8.262965,7.813489,78.343056,0.978369,68.000000,54.400000,1,0,1,0,0,0,1,0,0,2.939223,0.960904,75.343056,2,T2_dawn_weak_light,9.183333,11460.000000,60
0.669131,-0.743145,1143.746667,8.366267,8.265871,7.814267,78.391667,0.978318,68.000000,54.400000,1,0,1,0,0,0,1,0,0,4.397854,0.973096,75.391667,2,T2_dawn_weak_light,9.200000,11520.000000,60
0.665882,-0.746057,1142.858889,8.366789,8.266387,7.814789,78.424306,0.978318,68.000000,54.400000,1,0,1,0,0,0,1,0,0,5.919078,0.980647,75.424306,2,T2_dawn_weak_light,9.216667,11580.000000,60
0.662620,-0.748956,1015.193333,8.133044,7.109365,7.765533,75.345833,0.978380,68.000000,54.306667,1,0,1,0,0,0,1,0,0,7.247491,0.979911,76.694306,2,T2_dawn_weak_light,9.233333,11640.000000,60
0.659346,-0.751840,801.500000,7.740333,5.286648,7.682500,70.156250,0.978483,68.000000,54.150000,1,0,1,0,0,0,0,0,0,7.665639,0.978753,73.156250,2,T2_dawn_weak_light,9.250000,11700.000000,60
0.656059,-0.754710,797.015556,7.709578,3.090341,7.646756,67.922222,0.953754,67.644444,54.100000,1,0,1,0,0,0,0,0,0,4.590341,0.978527,70.922222,2,T2_dawn_weak_light,9.266667,11760.000000,60
0.652760,-0.757565,890.597778,7.848489,0.596660,7.633178,67.073611,0.917862,67.122222,54.100000,0,1,1,0,0,0,0,0,0,2.096660,0.978391,70.073611,2,T2_dawn_weak_light,9.283333,11820.000000,60
0.649448,-0.760406,946.180000,8.507400,0.632951,7.639600,67.475000,0.940759,67.400000,54.100000,0,1,1,0,0,0,0,0,0,2.132951,0.978336,70.475000,2,T2_dawn_weak_light,9.300000,11880.000000,60
0.646124,-0.763232,990.151111,9.325200,1.599583,7.652133,68.258333,0.982195,67.922222,54.100000,1,0,1,0,0,0,0,0,0,3.099583,0.978296,71.258333,2,T2_dawn_weak_light,9.316667,11940.000000,60
0.642788,-0.766044,981.500000,9.034556,4.491178,7.719333,72.458333,0.984284,68.000000,54.100000,1,0,1,0,0,0,0,0,0,6.512208,0.978261,75.458333,2,T2_dawn_weak_light,9.333333,12000.000000,60
0.639439,-0.768842,963.640000,8.549933,7.375742,7.796100,77.256250,0.979420,68.000000,54.100000,1,0,1,0,0,0,1,0,0,8.254465,0.978267,78.426250,2,T2_dawn_weak_light,9.350000,12060.000000,60
0.636078,-0.771625,967.780000,8.439311,7.889818,7.803933,77.745833,0.978820,68.000000,54.100000,1,0,1,0,0,0,1,0,0,8.253988,0.978303,78.455278,2,T2_dawn_weak_light,9.366667,12120.000000,60
0.632705,-0.774393,973.438889,8.356056,8.239071,7.807044,77.940278,0.978516,68.000000,54.100000,1,0,1,0,0,0,1,0,0,8.253901,0.978318,78.490833,2,T2_dawn_weak_light,9.383333,12180.000000,60
0.629320,-0.777146,979.966667,8.358667,8.241645,7.809133,78.070833,0.978516,68.000000,54.100000,1,0,1,0,0,0,1,0,0,8.255739,0.978318,78.534722,2,T2_dawn_weak_light,9.400000,12240.000000,60
0.625923,-0.779884,986.544444,8.361056,8.244465,7.811167,78.197917,0.978494,68.000000,54.100000,1,0,1,0,0,0,1,0,0,8.257978,0.978318,78.591667,2,T2_dawn_weak_light,9.416667,12300.000000,60
0.622515,-0.782608,993.542222,8.361578,8.249347,7.812733,78.295833,0.978287,68.000000,54.100000,1,0,1,0,0,0,1,0,0,8.259697,0.978318,78.656944,2,T2_dawn_weak_light,9.433333,12360.000000,60
0.619094,-0.785317,996.530000,8.362100,8.253393,7.814100,78.381250,0.978140,68.000000,54.100000,1,0,1,0,0,0,1,0,0,8.262534,0.978318,78.722222,2,T2_dawn_weak_light,9.450000,12420.000000,60
0.615661,-0.788011,982.586667,8.362622,8.253908,7.814622,78.413889,0.978243,68.000000,54.100000,1,0,1,0,0,0,1,0,0,8.265856,0.978318,78.787500,2,T2_dawn_weak_light,9.466667,12480.000000,60
0.612217,-0.790690,975.995556,8.363289,8.254566,7.815000,78.437500,0.978318,68.000000,54.100000,1,0,1,0,0,0,1,0,0,8.268244,0.978303,78.852778,2,T2_dawn_weak_light,9.483333,12540.000000,60
0.608761,-0.793353,988.633333,8.364333,8.255597,7.815000,78.437500,0.978318,68.000000,54.100000,1,0,1,0,0,0,1,0,0,8.271207,0.978268,78.918056,2,T2_dawn_weak_light,9.500000,12600.000000,60
0.605294,-0.796002,997.172222,8.365189,8.254861,7.815378,78.461111,0.978318,68.000000,54.043333,1,0,1,0,0,0,1,0,0,8.271768,0.978229,78.967917,2,T2_dawn_weak_light,9.516667,12660.000000,60
0.601815,-0.798636,998.477778,8.365711,8.251008,7.816422,78.526389,0.978318,68.000000,53.886667,1,0,1,0,0,0,1,0,0,8.267764,0.978189,78.998194,2,T2_dawn_weak_light,9.533333,12720.000000,60
0.598325,-0.801254,998.990000,8.366700,8.253471,7.817467,78.591667,0.978318,68.000000,53.800000,1,0,1,0,0,0,1,0,0,8.263366,0.978168,79.020278,2,T2_dawn_weak_light,9.550000,12780.000000,60
0.594823,-0.803857,998.520000,8.368267,8.263756,7.818511,78.656944,0.978318,68.000000,53.800000,1,0,1,0,0,0,1,0,0,8.259131,0.978181,79.035833,2,T2_dawn_weak_light,9.566667,12840.000000,60
0.591310,-0.806445,990.438889,8.369556,8.266796,7.819556,78.722222,0.978318,68.000000,53.800000,1,0,1,0,0,0,1,0,0,8.255638,0.978197,79.044861,2,T2_dawn_weak_light,9.583333,12900.000000,60
0.587785,-0.809017,975.660000,8.370600,8.263456,7.820600,78.787500,0.978318,68.000000,53.800000,1,0,1,0,0,0,1,0,0,8.257055,0.978197,79.062778,2,T2_dawn_weak_light,9.600000,12960.000000,60
0.584250,-0.811574,979.118889,8.371322,8.265192,7.821644,78.852778,0.978318,68.000000,53.800000,1,0,1,0,0,0,1,0,0,8.261919,0.978219,79.093750,2,T2_dawn_weak_light,9.616667,13020.000000,60
0.580703,-0.814116,993.897778,8.371844,8.270080,7.822689,78.918056,0.978318,68.000000,53.800000,1,0,1,0,0,0,1,0,0,8.265264,0.978241,79.126389,2,T2_dawn_weak_light,9.633333,13080.000000,60
0.577145,-0.816642,998.923333,8.373100,8.275693,7.823733,78.983333,0.978245,68.000000,53.800000,1,0,1,0,0,0,1,0,0,8.265264,0.978241,79.159028,2,T2_dawn_weak_light,9.650000,13140.000000,60
0.573576,-0.819152,999.811111,8.374667,8.281615,7.824778,79.048611,0.978142,68.000000,53.800000,1,0,1,0,0,0,1,0,0,8.262112,0.978257,79.191667,2,T2_dawn_weak_light,9.666667,13200.000000,60
0.569997,-0.821647,1001.027778,8.372122,8.266261,7.824589,79.036806,0.978120,68.000000,53.800000,1,0,1,0,0,0,1,0,0,8.258972,0.978270,79.224306,2,T2_dawn_weak_light,9.683333,13260.000000,60
0.566406,-0.824126,1002.333333,8.368467,8.245171,7.824067,79.004167,0.978120,68.000000,53.800000,1,0,1,0,0,0,1,0,0,8.257674,0.978255,79.255000,2,T2_dawn_weak_light,9.700000,13320.000000,60
0.562805,-0.826590,1002.135556,8.369822,8.248088,7.824456,79.028472,0.978210,68.000000,53.800000,1,0,1,0,0,0,1,0,0,8.256541,0.978242,79.279167,2,T2_dawn_weak_light,9.716667,13380.000000,60
0.559193,-0.829038,1001.717778,8.371911,8.254518,7.824978,79.061111,0.978314,68.000000,53.800000,1,0,1,0,0,0,1,0,0,8.256950,0.978242,79.299306,2,T2_dawn_weak_light,9.733333,13440.000000,60
0.555570,-0.831470,1002.950000,8.373000,8.264151,7.825500,79.093750,0.978219,68.000000,53.800000,1,0,1,0,0,0,1,0,0,8.258483,0.978247,79.319444,2,T2_dawn_weak_light,9.750000,13500.000000,60
0.551937,-0.833886,1004.217778,8.374022,8.273348,7.826022,79.126389,0.978124,68.000000,53.800000,1,0,1,0,0,0,1,0,0,8.258205,0.978272,79.339583,2,T2_dawn_weak_light,9.766667,13560.000000,60
0.548293,-0.836286,1004.635556,8.374544,8.269490,7.826544,79.159028,0.978228,68.000000,53.800000,1,0,1,0,0,0,1,0,0,8.257063,0.978305,79.361667,2,T2_dawn_weak_light,9.783333,13620.000000,60
0.544639,-0.838671,1004.720000,8.374800,8.264811,7.827067,79.191667,0.978318,68.000000,53.780000,1,0,1,0,0,0,1,0,0,8.257980,0.978307,79.390278,2,T2_dawn_weak_light,9.800000,13680.000000,60
0.540974,-0.841039,1002.526667,8.373233,8.254519,7.827589,79.224306,0.978318,68.000000,53.623333,1,0,1,0,0,0,1,0,0,8.261574,0.978274,79.422917,2,T2_dawn_weak_light,9.816667,13740.000000,60
0.537300,-0.843391,1000.800000,8.372111,8.248390,7.828111,79.256944,0.978296,68.000000,53.500000,1,0,1,0,0,0,1,0,0,8.265364,0.978235,79.451389,2,T2_dawn_weak_light,9.833333,13800.000000,60
0.533615,-0.845728,1000.800000,8.372633,8.257649,7.828633,79.289583,0.978193,68.000000,53.500000,1,0,1,0,0,0,1,0,0,8.268031,0.978195,79.473333,2,T2_dawn_weak_light,9.850000,13860.000000,60
0.529919,-0.848048,1000.800000,8.373156,8.263002,7.829000,79.312500,0.978151,68.000000,53.500000,1,0,1,0,0,0,1,0,0,8.269560,0.978171,79.488750,2,T2_dawn_weak_light,9.866667,13920.000000,60
0.526214,-0.850352,1000.800000,8.373678,8.259144,7.829000,79.312500,0.978254,68.000000,53.500000,1,0,1,0,0,0,1,0,0,8.268926,0.978178,79.497639,2,T2_dawn_weak_light,9.883333,13980.000000,60
0.522499,-0.852640,1000.800000,8.373800,8.256567,7.829200,79.325000,0.978318,68.000000,53.500000,1,0,1,0,0,0,1,0,0,8.266670,0.978193,79.500000,2,T2_dawn_weak_light,9.900000,14040.000000,60
0.518773,-0.854912,1000.800000,8.373278,8.256052,7.829722,79.357639,0.978318,68.000000,53.500000,1,0,1,0,0,0,1,0,0,8.265196,0.978196,79.500000,2,T2_dawn_weak_light,9.916667,14100.000000,60
0.515038,-0.857167,1000.800000,8.373489,8.256260,7.830244,79.390278,0.978318,68.000000,53.500000,1,0,1,0,0,0,1,0,0,8.263241,0.978214,79.505833,2,T2_dawn_weak_light,9.933333,14160.000000,60
0.511293,-0.859406,1000.800000,8.374533,8.257290,7.830767,79.422917,0.978318,68.000000,53.500000,1,0,1,0,0,0,1,0,0,8.260366,0.978238,79.518194,2,T2_dawn_weak_light,9.950000,14220.000000,60
0.507538,-0.861629,1001.060000,8.376156,8.263729,7.831289,79.455556,0.978261,68.000000,53.500000,1,0,1,0,0,0,1,0,0,8.258326,0.978222,79.537083,2,T2_dawn_weak_light,9.966667,14280.000000,60
0.503774,-0.863836,1001.530000,8.378244,8.274540,7.831811,79.488194,0.978157,68.000000,53.500000,1,0,1,0,0,0,1,0,0,8.255884,0.978199,79.562083,2,T2_dawn_weak_light,9.983333,14340.000000,60
0.500000,-0.866025,1002.233333,8.378333,8.275001,7.832000,79.500000,0.978120,68.000000,53.500000,1,0,1,0,0,0,1,0,0,8.254729,0.978197,79.587083,2,T2_dawn_weak_light,10.000000,14400.000000,60
0.496217,-0.868199,1003.068889,8.377289,8.269594,7.832000,79.500000,0.978120,68.000000,53.500000,1,0,1,0,0,0,1,0,0,8.256831,0.978182,79.607222,2,T2_dawn_weak_light,10.016667,14460.000000,60
0.492424,-0.870356,1003.300000,8.377000,8.264934,7.832000,79.500000,0.978195,68.000000,53.500000,1,0,1,0,0,0,1,0,0,8.259808,0.978166,79.627361,2,T2_dawn_weak_light,10.033333,14520.000000,60
0.488621,-0.872496,1003.300000,8.377000,8.260560,7.832000,79.500000,0.978298,68.000000,53.500000,1,0,1,0,0,0,1,0,0,8.262328,0.978186,79.649028,2,T2_dawn_weak_light,10.050000,14580.000000,60
0.484810,-0.874620,1004.355556,8.377000,8.263259,7.832000,79.500000,0.978234,68.000000,53.500000,1,0,1,0,0,0,1,0,0,8.265791,0.978226,79.677639,2,T2_dawn_weak_light,10.066667,14640.000000,60
0.480989,-0.876727,1005.661111,8.377000,8.267634,7.832000,79.500000,0.978131,68.000000,53.500000,1,0,1,0,0,0,1,0,0,8.268486,0.978259,79.715139,2,T2_dawn_weak_light,10.083333,14700.000000,60
0.477159,-0.878817,1004.633333,8.376533,8.259820,7.832467,79.529167,0.978212,68.000000,53.500000,1,0,1,0,0,0,1,0,0,8.271547,0.978268,79.751667,2,T2_dawn_weak_light,10.100000,14760.000000,60
0.473320,-0.880891,1003.327778,8.376011,8.250557,7.832989,79.561806,0.978316,68.000000,53.500000,1,0,1,0,0,0,1,0,0,8.272061,1.016184,79.665556,2,T2_dawn_weak_light,10.116667,14820.000000,60
0.469472,-0.882948,1004.168889,8.376000,8.250360,7.833511,79.594444,0.978217,68.000000,53.295556,1,0,1,0,0,0,1,0,0,8.261336,1.147614,79.284167,2,T2_dawn_weak_light,10.133333,14880.000000,60
0.465615,-0.884988,1004.890000,8.376133,8.251050,7.834000,79.625000,0.978120,68.000000,53.100000,1,0,1,0,0,0,1,0,0,8.243651,1.326606,78.736667,2,T2_dawn_weak_light,10.150000,14940.000000,60
0.461749,-0.887011,1003.166667,8.378222,8.261858,7.834000,79.625000,0.978120,68.000000,53.100000,1,0,1,0,0,0,1,0,0,8.224779,1.505565,78.167222,2,T2_dawn_weak_light,10.166667,15000.000000,60
0.457874,-0.889017,1001.046667,8.379922,8.270331,7.834078,79.629861,0.978135,68.000000,53.100000,1,0,1,0,0,0,1,0,0,8.203199,1.684777,77.592222,2,T2_dawn_weak_light,10.183333,15060.000000,60
0.453990,-0.891007,996.660000,8.379400,8.265440,7.834600,79.662500,0.978239,68.000000,53.100000,1,0,1,0,0,0,1,0,0,8.183866,1.826495,77.133333,2,T2_dawn_weak_light,10.200000,15120.000000,60
0.450098,-0.892979,1059.507778,8.379244,8.262959,7.835244,79.702778,0.978318,68.000000,53.100000,1,0,1,0,0,0,1,0,0,8.176608,1.874494,76.965972,2,T2_dawn_weak_light,10.216667,15180.000000,60
0.446198,-0.894934,1342.395556,8.380289,8.268365,7.836289,79.768056,0.978318,68.000000,53.100000,1,0,1,0,0,0,1,0,0,8.176404,1.874415,76.958194,2,T2_dawn_weak_light,10.233333,15240.000000,60
0.442289,-0.896873,1535.966667,8.381500,8.275334,7.837000,79.812500,0.978285,68.000000,53.100000,1,0,1,0,0,0,1,0,0,8.176371,1.874246,76.965139,2,T2_dawn_weak_light,10.250000,15300.000000,60
0.438371,-0.898794,1538.995556,8.383067,8.285637,7.837000,79.812500,0.978182,68.000000,53.100000,1,0,1,0,0,0,1,0,0,8.177089,1.873845,76.977639,2,T2_dawn_weak_light,10.266667,15360.000000,60
0.434445,-0.900698,1543.628889,8.367111,8.268007,7.827711,79.231944,1.167820,68.000000,53.100000,1,0,1,0,0,0,1,0,0,8.183142,1.825368,77.033472,2,T2_dawn_weak_light,10.283333,15420.000000,60
0.430511,-0.902585,1550.626667,8.325333,8.209334,7.804733,77.795833,1.635465,68.000000,53.100000,1,0,1,1,0,0,1,0,0,8.193730,1.719647,77.137222,2,T2_dawn_weak_light,10.300000,15480.000000,60
0.426569,-0.904455,1556.960000,8.304511,8.179943,7.792489,77.030556,1.873280,68.000000,53.100000,1,0,1,1,0,0,1,0,0,8.202102,1.615499,77.191111,2,T2_dawn_weak_light,10.316667,15540.000000,60
0.422618,-0.906308,1562.600000,8.305556,8.180972,7.791444,76.965278,1.873081,68.000000,53.100000,1,0,1,1,0,0,1,0,0,8.208506,1.517977,77.191111,2,T2_dawn_weak_light,10.333333,15600.000000,60
0.418660,-0.908143,1563.500000,8.304800,8.177737,7.791000,76.937500,1.874242,68.000000,53.100000,1,0,1,1,0,0,1,0,0,8.213275,1.418490,77.256389,2,T2_dawn_weak_light,10.350000,15660.000000,60
0.414693,-0.909961,1560.888889,8.302711,8.171344,7.791000,76.937500,1.876410,68.000000,53.100000,1,0,1,1,0,0,1,0,0,8.212675,1.364803,77.338056,2,T2_dawn_weak_light,10.366667,15720.000000,60
0.410719,-0.911762,1552.835556,8.303033,8.173045,7.791344,76.959028,1.875455,68.000000,53.100000,1,0,1,1,0,0,1,0,0,8.208275,1.368039,77.367500,2,T2_dawn_weak_light,10.383333,15780.000000,60
0.406737,-0.913545,1541.973333,8.304600,8.178924,7.791867,76.991667,1.872889,68.000000,53.100000,1,0,1,1,0,0,1,0,0,8.206009,1.369707,77.442500,2,T2_dawn_weak_light,10.400000,15840.000000,60
0.402747,-0.915311,1539.511111,8.305389,8.180808,7.792000,77.000000,1.872234,68.000000,53.100000,1,0,1,1,0,0,1,0,0,8.206513,1.364397,77.582778,2,T2_dawn_weak_light,10.416667,15900.000000,60
0.398749,-0.917060,1539.928889,8.305911,8.181322,7.792000,77.000000,1.872234,68.000000,53.100000,1,0,1,1,0,0,1,0,0,8.209950,1.360558,77.670833,2,T2_dawn_weak_light,10.433333,15960.000000,60
0.394744,-0.918791,1546.153333,8.315533,8.201611,7.795467,77.216667,1.634029,68.000000,53.100000,1,0,1,1,0,0,1,0,0,8.216748,1.358048,77.712222,2,T2_dawn_weak_light,10.450000,16020.000000,60
0.390731,-0.920505,1553.568889,8.327022,8.225988,7.799644,77.477778,1.346850,68.000000,53.100000,1,0,1,0,1,0,1,0,0,8.224188,1.355527,77.762222,2,T2_dawn_weak_light,10.466667,16080.000000,60
0.386711,-0.922201,1559.742222,8.324656,8.220782,7.796178,77.261111,1.352149,68.000000,52.908889,1,0,1,0,1,0,1,0,0,8.231613,1.352973,77.810000,2,T2_dawn_weak_light,10.483333,16140.000000,60
0.382683,-0.923880,1565.800000,8.321000,8.212827,7.792000,77.000000,1.384620,68.000000,52.700000,1,0,1,0,1,0,1,0,0,8.238151,1.350616,77.844722,2,T2_dawn_weak_light,10.500000,16200.000000,60
0.378649,-0.925541,1564.494444,8.322044,8.205166,7.797222,77.326389,1.374802,68.000000,52.700000,1,0,1,0,1,0,1,0,0,8.242522,1.348808,77.866389,2,T2_dawn_weak_light,10.516667,16260.000000,60
0.374607,-0.927184,1563.300000,8.323089,8.198612,7.802000,77.625000,1.365596,68.000000,52.700000,1,0,1,0,1,0,1,0,0,8.244362,1.347527,77.878333,2,T2_dawn_weak_light,10.533333,16320.000000,60
0.370557,-0.928810,1563.300000,8.324133,8.203988,7.802000,77.625000,1.363030,68.000000,52.700000,1,0,1,0,1,0,1,0,0,8.244276,1.346741,77.888194,2,T2_dawn_weak_light,10.550000,16380.000000,60
0.366501,-0.930418,1563.300000,8.325267,8.209453,7.802178,77.636111,1.360489,68.000000,52.700000,1,0,1,0,1,0,1,0,0,8.243215,1.346195,77.900694,2,T2_dawn_weak_light,10.566667,16440.000000,60
0.362438,-0.932008,1563.300000,8.326833,8.215346,7.803222,77.701389,1.358068,68.000000,52.700000,1,0,1,0,1,0,1,0,0,8.242172,1.345452,77.913194,2,T2_dawn_weak_light,10.583333,16500.000000,60
0.358368,-0.933580,1561.300000,8.328400,8.222352,7.804267,77.766667,1.355609,68.000000,52.700000,1,0,1,0,1,0,1,0,0,8.241261,1.344478,77.930139,2,T2_dawn_weak_light,10.600000,16560.000000,60
0.354291,-0.935135,1553.466667,8.329967,8.232599,7.805311,77.831944,1.353043,68.000000,52.700000,1,0,1,0,1,0,1,0,0,8.239754,1.343462,77.950278,2,T2_dawn_weak_light,10.616667,16620.000000,60
0.350207,-0.936672,1550.966667,8.331356,8.241192,7.806000,77.875000,1.350428,68.000000,52.700000,1,0,1,0,1,0,1,0,0,8.240755,1.342467,77.975417,2,T2_dawn_weak_light,10.633333,16680.000000,60
0.346117,-0.938191,1558.800000,8.332400,8.246576,7.806000,77.875000,1.347718,68.000000,52.700000,1,0,1,0,1,0,1,0,0,8.244992,1.341773,78.010972,2,T2_dawn_weak_light,10.650000,16740.000000,60
0.342020,-0.939693,1562.944444,8.333222,8.248038,7.806000,77.875000,1.346284,68.000000,52.700000,1,0,1,0,1,0,1,0,0,8.247669,1.341588,78.048472,2,T2_dawn_weak_light,10.666667,16800.000000,60
0.337917,-0.941176,1562.108889,8.333744,8.244203,7.806000,77.875000,1.346570,68.000000,52.700000,1,0,1,0,1,0,1,0,0,8.248929,1.341606,78.081528,2,T2_dawn_weak_light,10.683333,16860.000000,60
0.333807,-0.942641,1558.580000,8.333467,8.241799,7.806267,77.891667,1.346637,68.000000,52.700000,1,0,1,0,1,0,1,0,0,8.251135,1.341680,78.108056,2,T2_dawn_weak_light,10.700000,16920.000000,60
0.329691,-0.944089,1552.470000,8.332422,8.240766,7.806789,77.924306,1.346494,68.000000,52.700000,1,0,1,0,1,0,1,0,0,8.251002,1.341790,78.123056,2,T2_dawn_weak_light,10.716667,16980.000000,60
0.325568,-0.945519,1553.888889,8.332933,8.241271,7.807000,77.937500,1.344992,68.000000,52.700000,1,0,1,0,1,0,1,0,0,8.245791,1.341899,78.125000,2,T2_dawn_weak_light,10.733333,17040.000000,60
0.321439,-0.946930,1560.416667,8.334500,8.242821,7.807000,77.937500,1.342569,68.000000,52.700000,1,0,1,0,1,0,1,0,0,8.240274,1.341981,78.126389,2,T2_dawn_weak_light,10.750000,17100.000000,60
0.317305,-0.948324,1555.993333,8.334289,8.239648,7.807356,77.959722,1.341698,68.000000,52.700000,1,0,1,0,1,0,1,0,0,8.236808,1.342006,78.140833,2,T2_dawn_weak_light,10.766667,17160.000000,60
0.313164,-0.949699,1546.436667,8.333244,8.234264,7.807878,77.992361,1.341555,68.000000,52.700000,1,0,1,0,1,0,1,0,0,8.233846,1.341984,78.165833,2,T2_dawn_weak_light,10.783333,17220.000000,60
0.309017,-0.951057,1548.840000,8.335800,8.245773,7.808800,78.050000,1.341522,68.000000,52.540000,1,0,1,0,1,0,1,0,0,8.232869,1.341964,78.190833,2,T2_dawn_weak_light,10.800000,17280.000000,60
0.304864,-0.952396,1554.897778,8.339456,8.262455,7.809844,78.115278,1.341522,68.000000,52.331111,1,0,1,0,1,0,1,0,0,8.234802,1.341814,78.217639,2,T2_dawn_weak_light,10.816667,17340.000000,60
0.300706,-0.953717,1558.422222,8.338667,8.256207,7.810000,78.125000,1.341643,68.000000,52.300000,1,0,1,0,1,0,1,0,0,8.237421,1.341125,78.249583,2,T2_dawn_weak_light,10.833333,17400.000000,60
0.296542,-0.955020,1561.503333,8.337100,8.245948,7.810000,78.125000,1.341786,68.000000,52.300000,1,0,1,0,1,0,1,0,0,8.239446,1.340119,78.270278,2,T2_dawn_weak_light,10.850000,17460.000000,60
0.292372,-0.956305,1561.260000,8.337000,8.245293,7.810000,78.125000,1.341928,68.000000,52.300000,1,0,1,0,1,0,1,0,0,8.240995,1.339130,78.273889,2,T2_dawn_weak_light,10.866667,17520.000000,60
0.288196,-0.957571,1560.782222,8.337000,8.245108,7.810000,78.125000,1.342068,68.000000,52.300000,1,0,1,0,1,0,1,0,0,8.240975,1.338114,78.279722,2,T2_dawn_weak_light,10.883333,17580.000000,60
0.284015,-0.958820,1559.946667,8.337000,8.236400,7.810000,78.125000,1.342068,68.000000,52.300000,1,0,1,0,1,0,1,0,0,8.240759,1.337226,78.296806,2,T2_dawn_weak_light,10.900000,17640.000000,60
0.279829,-0.960050,1558.966667,8.337000,8.228619,7.810111,78.131944,1.342053,68.000000,52.300000,1,0,1,0,1,0,1,0,0,8.241463,1.336880,78.310000,2,T2_dawn_weak_light,10.916667,17700.000000,60
0.275637,-0.961262,1556.773333,8.337000,8.228619,7.811156,78.197222,1.341910,68.000000,52.300000,1,0,1,0,1,0,1,0,0,8.241992,1.336880,78.314861,2,T2_dawn_weak_light,10.933333,17760.000000,60
0.271440,-0.962455,1553.330000,8.337200,8.230484,7.812000,78.250000,1.341822,68.000000,52.300000,1,0,1,0,1,0,1,0,0,8.242330,1.336898,78.327778,2,T2_dawn_weak_light,10.950000,17820.000000,60
0.267238,-0.963630,1544.608889,8.338244,8.240224,7.812000,78.250000,1.341965,68.000000,52.300000,1,0,1,0,1,0,1,0,0,8.242290,1.336943,78.345000,2,T2_dawn_weak_light,10.966667,17880.000000,60
0.263031,-0.964787,1540.957778,8.339000,8.246066,7.812144,78.259028,1.341318,68.000000,52.300000,1,0,1,0,1,0,1,0,0,8.241815,1.336978,78.355694,2,T2_dawn_weak_light,10.983333,17940.000000,60
0.258819,-0.965926,1550.566667,8.339000,8.241712,7.812667,78.291667,1.338609,68.000000,52.300000,1,0,1,0,1,0,1,0,0,8.242060,1.336984,78.370278,2,T2_dawn_weak_light,11.000000,18000.000000,60
0.254602,-0.967046,1556.700000,8.338811,8.238745,7.812811,78.300694,1.336880,68.000000,52.300000,1,0,1,0,1,0,1,0,0,8.242551,1.336984,78.392778,2,T2_dawn_weak_light,11.016667,18060.000000,60
0.250380,-0.968148,1556.700000,8.338289,8.238229,7.812289,78.268056,1.336880,68.000000,52.300000,1,0,1,0,1,0,1,0,0,8.242464,1.336966,78.413750,2,T2_dawn_weak_light,11.033333,18120.000000,60
0.246153,-0.969231,1639.533333,8.338233,8.240120,7.812467,78.279167,1.336880,68.000000,52.300000,1,0,1,0,1,0,1,0,0,8.243206,1.336945,78.428194,2,T2_dawn_weak_light,11.050000,18180.000000,60
0.241922,-0.970296,1824.922222,8.338756,8.244991,7.813511,78.344444,1.336880,68.000000,52.300000,1,0,1,0,1,0,1,0,0,8.244487,1.336964,78.436111,2,T2_dawn_weak_light,11.066667,18240.000000,60
0.237686,-0.971342,2048.950000,8.339278,8.245229,7.813722,78.357639,1.336880,68.000000,52.300000,1,0,1,0,1,0,1,0,0,8.244014,1.337477,78.425000,2,T2_dawn_weak_light,11.083333,18300.000000,60
0.233445,-0.972370,2306.980000,8.339800,8.241390,7.813200,78.325000,1.336880,68.000000,52.300000,1,0,1,0,1,0,1,0,0,8.243037,1.338459,78.400278,2,T2_dawn_weak_light,11.100000,18360.000000,60
0.229200,-0.973379,2411.438889,8.340000,8.239920,7.813322,78.332639,1.336968,68.000000,52.171111,1,0,1,0,1,0,1,0,0,8.243033,1.339412,78.382083,2,T2_dawn_weak_light,11.116667,18420.000000,60
0.224951,-0.974370,2420.577778,8.340000,8.239920,7.813844,78.365278,1.337110,68.000000,51.962222,1,0,1,0,1,0,1,0,0,8.242291,1.340315,78.370417,2,T2_dawn_weak_light,11.133333,18480.000000,60
0.220697,-0.975342,2425.756667,8.339633,8.242616,7.814367,78.397917,1.337052,68.000000,51.900000,1,0,1,0,1,0,1,0,0,8.240471,1.341191,78.365278,2,T2_dawn_weak_light,11.150000,18540.000000,60
0.216440,-0.976296,2429.255556,8.339111,8.246454,7.814889,78.430556,1.336910,68.000000,51.900000,1,0,1,0,1,0,1,0,0,8.239451,1.341606,78.376389,2,T2_dawn_weak_light,11.166667,18600.000000,60
0.212178,-0.977231,2427.245556,8.339000,8.243843,7.815000,78.437500,1.336880,68.000000,51.900000,1,0,1,0,1,0,1,0,0,8.238588,1.341588,78.393194,2,T2_dawn_weak_light,11.183333,18660.000000,60
0.207912,-0.978148,2423.746667,8.339000,8.239488,7.815000,78.437500,1.336880,68.000000,51.900000,1,0,1,0,1,0,1,0,0,8.236980,1.341617,78.395000,2,T2_dawn_weak_light,11.200000,18720.000000,60
0.203642,-0.979045,2424.848889,8.339911,8.243631,7.815000,78.437500,1.337004,68.000000,51.900000,1,0,1,0,1,0,1,0,0,8.235178,1.341672,78.377222,2,T2_dawn_weak_light,11.216667,18780.000000,60
0.199368,-0.979925,2426.624444,8.340956,8.249020,7.815000,78.437500,1.337146,68.000000,51.900000,1,0,1,0,1,0,1,0,0,8.233725,1.341726,78.354861,2,T2_dawn_weak_light,11.233333,18840.000000,60
0.195090,-0.980785,2427.950000,8.340000,8.244090,7.814000,78.375000,1.339474,68.000000,51.900000,1,0,1,0,1,0,1,0,0,8.233535,1.341775,78.354861,2,T2_dawn_weak_light,11.250000,18900.000000,60
0.190809,-0.981627,2428.940000,8.339022,8.238954,7.813022,78.313889,1.341789,68.000000,51.900000,1,0,1,0,1,0,1,0,0,8.235798,1.341768,78.375278,2,T2_dawn_weak_light,11.266667,18960.000000,60
0.186524,-0.982450,2422.830000,8.339544,8.239470,7.813544,78.346528,1.341646,68.000000,51.900000,1,0,1,0,1,0,1,0,0,8.240859,1.341685,78.404167,2,T2_dawn_weak_light,11.283333,19020.000000,60
0.182236,-0.983255,2417.886667,8.340000,8.239920,7.814067,78.379167,1.341522,68.000000,51.900000,1,0,1,0,1,0,1,0,0,8.245908,1.341591,78.442500,2,T2_dawn_weak_light,11.300000,19080.000000,60
0.177944,-0.984041,2420.915556,8.340000,8.239920,7.814589,78.411806,1.341522,68.000000,51.900000,1,0,1,0,1,0,1,0,0,8.248659,1.341526,78.472361,2,T2_dawn_weak_light,11.316667,19140.000000,60
0.173648,-0.984808,2423.211111,8.340000,8.238993,7.814889,78.430556,1.341552,68.000000,51.900000,1,0,1,0,1,0,1,0,0,8.249005,1.341472,78.469583,2,T2_dawn_weak_light,11.333333,19200.000000,60
0.169350,-0.985556,2422.793333,8.340000,8.234638,7.814367,78.397917,1.341695,68.000000,51.900000,1,0,1,0,1,0,1,0,0,8.246795,1.341444,78.446389,2,T2_dawn_weak_light,11.350000,19260.000000,60
0.165048,-0.986286,2420.944444,8.339844,8.231426,7.813689,78.355556,1.341795,68.000000,51.900000,1,0,1,0,1,0,1,0,0,8.242939,1.341473,78.435556,2,T2_dawn_weak_light,11.366667,19320.000000,60
0.160743,-0.986996,2415.722222,8.339322,8.230911,7.812644,78.290278,1.341795,68.000000,51.900000,1,0,1,0,1,0,1,0,0,8.240275,1.341512,78.447917,2,T2_dawn_weak_light,11.383333,19380.000000,60
0.156434,-0.987688,2415.500000,8.339400,8.232656,7.812800,78.300000,1.341795,68.000000,51.900000,1,0,1,0,1,0,1,0,0,8.238980,1.341522,78.475833,2,T2_dawn_weak_light,11.400000,19440.000000,60
0.152123,-0.988362,2423.333333,8.340444,8.238042,7.814889,78.430556,1.341795,68.000000,51.900000,1,0,1,0,1,0,1,0,0,8.238037,1.341522,78.516806,2,T2_dawn_weak_light,11.416667,19500.000000,60
0.147809,-0.989016,2426.082222,8.341978,8.245952,7.816000,78.500000,1.341662,68.000000,51.802222,1,0,1,0,1,0,1,0,0,8.238928,1.341547,78.565000,2,T2_dawn_weak_light,11.433333,19560.000000,60
0.143493,-0.989651,2423.053333,8.344067,8.256732,7.816000,78.500000,1.341376,68.000000,51.593333,1,0,1,0,1,0,1,0,0,8.240387,1.341601,78.600833,2,T2_dawn_weak_light,11.450000,19620.000000,60
0.139173,-0.990268,2420.717778,8.344422,8.256157,7.815711,78.481944,1.341328,68.000000,51.500000,1,0,1,0,1,0,1,0,0,8.239837,1.341656,78.629861,2,T2_dawn_weak_light,11.466667,19680.000000,60
0.134851,-0.990866,2418.942222,8.343378,8.246409,7.815189,78.449306,1.341470,68.000000,51.500000,1,0,1,0,1,0,1,0,0,8.238962,1.341711,78.662500,2,T2_dawn_weak_light,11.483333,19740.000000,60
0.130526,-0.991445,2411.366667,8.342667,8.239774,7.814667,78.416667,1.341522,68.000000,51.500000,1,0,1,0,1,0,1,0,0,8.239166,1.341765,78.695139,2,T2_dawn_weak_light,11.500000,19800.000000,60
0.126199,-0.992005,2400.504444,8.342144,8.234902,7.814144,78.384028,1.341522,68.000000,51.500000,1,0,1,0,1,0,1,0,0,8.238437,1.341790,78.731667,2,T2_dawn_weak_light,11.516667,19860.000000,60
0.121869,-0.992546,2401.580000,8.342756,8.237451,7.815133,78.445833,1.341522,68.000000,51.500000,1,0,1,0,1,0,1,0,0,8.235553,1.341758,78.761667,2,T2_dawn_weak_light,11.533333,19920.000000,60
0.117537,-0.993068,2407.220000,8.343800,8.242840,7.816700,78.543750,1.341522,68.000000,51.500000,1,0,1,0,1,0,1,0,0,8.232798,1.341710,78.776944,2,T2_dawn_weak_light,11.550000,19980.000000,60
0.113203,-0.993572,2410.073333,8.343578,8.239932,7.817422,78.588889,1.341522,68.000000,51.500000,1,0,1,0,1,0,1,0,0,8.231053,1.341691,78.792639,2,T2_dawn_weak_light,11.566667,20040.000000,60
0.108867,-0.994056,2412.266667,8.343056,8.235059,7.817944,78.621528,1.341522,68.000000,51.500000,1,0,1,0,1,0,1,0,0,8.229586,1.341691,78.810694,2,T2_dawn_weak_light,11.583333,20100.000000,60
0.104528,-0.994522,2410.166667,8.343933,8.239356,7.818000,78.625000,1.341649,68.000000,51.500000,1,0,1,0,1,0,1,0,0,8.229165,1.341695,78.824167,2,T2_dawn_weak_light,11.600000,20160.000000,60
0.100188,-0.994969,2407.555556,8.344978,8.244745,7.818000,78.625000,1.341792,68.000000,51.500000,1,0,1,0,1,0,1,0,0,8.230010,1.341728,78.841528,2,T2_dawn_weak_light,11.616667,20220.000000,60
0.095846,-0.995396,2405.813333,8.344489,8.240090,7.819022,78.688889,1.341795,68.000000,51.500000,1,0,1,0,1,0,1,0,0,8.230680,1.341776,78.854306,2,T2_dawn_weak_light,11.633333,20280.000000,60
0.091502,-0.995805,2404.033333,8.344033,8.235561,7.820033,78.752083,1.341795,68.000000,51.500000,1,0,1,0,1,0,1,0,0,8.231227,1.341544,78.853889,2,T2_dawn_weak_light,11.650000,20340.000000,60
0.087156,-0.996195,2401.422222,8.344556,8.236076,7.820556,78.784722,1.341795,68.000000,51.500000,1,0,1,0,1,0,1,0,0,8.232368,1.340779,78.851111,2,T2_dawn_weak_light,11.666667,20400.000000,60
0.082808,-0.996566,2399.005556,8.344844,8.235712,7.820922,78.807639,1.341774,68.000000,51.500000,1,0,1,0,1,0,1,0,0,8.233568,1.339780,78.854861,2,T2_dawn_weak_light,11.683333,20460.000000,60
0.078459,-0.996917,2397.700000,8.343800,8.230324,7.820400,78.775000,1.341631,68.000000,51.500000,1,0,1,0,1,0,1,0,0,8.235659,1.338752,78.867778,2,T2_dawn_weak_light,11.700000,20520.000000,60
0.074108,-0.997250,2396.284444,8.343122,8.226319,7.820244,78.765278,1.341555,68.000000,51.463333,1,0,1,0,1,0,1,0,0,8.238585,1.337715,78.893750,2,T2_dawn_weak_light,11.716667,20580.000000,60
0.069756,-0.997564,2394.508889,8.343644,8.226833,7.821289,78.830556,1.341698,68.000000,51.306667,1,0,1,0,1,0,1,0,0,8.240762,1.336929,78.926389,2,T2_dawn_weak_light,11.733333,20640.000000,60
0.065403,-0.997859,2392.750000,8.344167,8.228739,7.822000,78.875000,1.341795,68.000000,51.200000,1,0,1,0,1,0,1,0,0,8.240966,1.337059,78.949306,2,T2_dawn_weak_light,11.750000,20700.000000,60
0.061049,-0.998135,2391.026667,8.344689,8.233612,7.822000,78.875000,1.341795,68.000000,51.200000,1,0,1,0,1,0,1,0,0,8.239059,1.337966,78.959167,2,T2_dawn_weak_light,11.766667,20760.000000,60
0.056693,-0.998392,2389.303333,8.344789,8.234545,7.821789,78.861806,1.341795,68.000000,51.200000,1,0,1,0,1,0,1,0,0,8.234273,1.338994,78.961389,2,T2_dawn_weak_light,11.783333,20820.000000,60
0.052336,-0.998630,2387.580000,8.344267,8.229672,7.821267,78.829167,1.341795,68.000000,51.200000,1,0,1,0,1,0,1,0,0,8.227677,1.340031,78.957083,2,T2_dawn_weak_light,11.800000,20880.000000,60
0.047978,-0.998848,2386.904444,8.344256,8.229568,7.821256,78.828472,1.340539,68.000000,51.200000,1,0,1,0,1,0,1,0,0,8.223468,1.341043,78.958194,2,T2_dawn_weak_light,11.816667,20940.000000,60
0.043619,-0.999048,2387.322222,8.344778,8.234441,7.821778,78.861111,1.337972,68.000000,51.200000,1,0,1,0,1,0,1,0,0,8.222207,1.341622,78.975556,2,T2_dawn_weak_light,11.833333,21000.000000,60
0.039260,-0.999229,2389.240000,8.345600,8.239611,7.822300,78.893750,1.336798,68.000000,51.200000,1,0,1,0,1,0,1,0,0,8.220240,1.341694,78.983681,2,T2_dawn_weak_light,11.850000,21060.000000,60
0.034899,-0.999391,2392.268889,8.346644,8.245001,7.822822,78.926389,1.336656,68.000000,51.200000,1,0,1,0,1,0,1,0,0,8.219964,1.341661,78.999074,2,T2_dawn_weak_light,11.866667,21120.000000,60
0.030539,-0.999534,2393.024444,8.347344,8.244301,7.823344,78.959028,1.336608,68.000000,51.200000,1,0,1,0,1,0,1,0,0,8.224283,1.341593,79.029861,2,T2_dawn_weak_light,11.883333,21180.000000,60
0.026177,-0.999657,2392.606667,8.347867,8.240457,7.823867,78.991667,1.336608,68.000000,51.200000,1,0,1,0,1,0,1,0,0,8.229156,1.341522,79.062500,2,T2_dawn_weak_light,11.900000,21240.000000,60
0.000000,-1.000000,2377.500000,8.396000,8.253268,7.843000,80.187500,0.967260,68.000000,37.600000,1,0,1,0,0,0,1,0,0,8.290617,0.970222,80.770833,3,T3_noon_strong_light,12.000000,0.000000,60
-0.004363,-0.999990,2377.500000,8.396000,8.253268,7.843000,80.187500,0.967260,68.000000,37.600000,1,0,1,0,0,0,1,0,0,8.293004,0.971012,80.822917,3,T3_noon_strong_light,12.016667,60.000000,60
-0.008727,-0.999962,2377.500000,8.396000,8.253268,7.843000,80.187500,0.967260,68.000000,37.600000,1,0,1,0,0,0,1,0,0,8.296547,0.971275,80.923611,3,T3_noon_strong_light,12.033333,120.000000,60
-0.013090,-0.999914,2377.500000,8.396000,8.253268,7.843000,80.187500,0.967260,68.000000,37.600000,1,0,1,0,0,0,1,0,0,8.300049,0.971439,80.973958,3,T3_noon_strong_light,12.050000,180.000000,60
-0.017452,-0.999848,2377.500000,8.396000,8.253268,7.843000,80.187500,0.967260,68.000000,37.600000,1,0,1,0,0,0,1,0,0,8.302216,0.971538,81.020833,3,T3_noon_strong_light,12.066667,240.000000,60
-0.021815,-0.999762,2376.400000,8.398000,8.260833,7.844333,80.270833,0.967260,68.000000,37.600000,1,0,1,0,0,0,1,0,0,8.305017,0.971854,81.141667,3,T3_noon_strong_light,12.083333,300.000000,60
-0.026177,-0.999657,2374.200000,8.402000,8.275970,7.847000,80.437500,0.967260,68.000000,37.600000,1,0,1,0,0,0,1,0,0,8.308642,0.971880,81.258333,3,T3_noon_strong_light,12.100000,360.000000,60
-0.030539,-0.999534,2374.200000,8.404667,8.284200,7.850333,80.645833,0.967129,68.000000,37.600000,1,0,1,0,0,0,1,0,0,8.312897,0.971919,81.337500,3,T3_noon_strong_light,12.116667,420.000000,60
-0.034899,-0.999391,2374.466667,8.406333,8.288645,7.852333,80.770833,0.967064,68.000000,37.600000,1,0,1,0,0,0,1,0,0,8.318539,0.971932,81.425000,3,T3_noon_strong_light,12.133333,480.000000,60
-0.039260,-0.999229,2375.000000,8.407000,8.289302,7.853000,80.812500,0.967064,68.000000,37.600000,1,0,1,0,0,0,1,0,0,8.325635,0.971945,81.512500,3,T3_noon_strong_light,12.150000,540.000000,60
-0.043619,-0.999048,2375.533333,8.408333,8.290617,7.852333,80.770833,0.970222,68.000000,37.600000,1,0,1,0,0,0,1,0,0,8.333291,0.971985,81.570833,3,T3_noon_strong_light,12.166667,600.000000,60
-0.047978,-0.998848,2375.800000,8.410333,8.295392,7.854000,80.875000,0.971801,68.000000,37.600000,1,0,1,0,0,0,1,0,0,8.336261,0.971998,81.604167,3,T3_noon_strong_light,12.183333,660.000000,60
-0.052336,-0.998630,2375.800000,8.413000,8.303631,7.858000,81.125000,0.971801,68.000000,37.600000,1,0,1,0,0,0,1,0,0,8.335832,0.971972,81.641667,3,T3_noon_strong_light,12.200000,720.000000,60
-0.056693,-0.998392,2375.266667,8.414333,8.310557,7.858000,81.125000,0.971932,68.000000,37.600000,1,0,1,0,0,0,1,0,0,8.333388,0.971932,81.683333,3,T3_noon_strong_light,12.216667,780.000000,60
-0.061049,-0.998135,2375.266667,8.414667,8.310886,7.859333,81.208333,0.971932,68.000000,37.600000,1,0,1,0,0,0,1,0,0,8.332067,0.971893,81.716667,3,T3_noon_strong_light,12.233333,840.000000,60
-0.065403,-0.997859,2375.800000,8.414000,8.304618,7.862000,81.375000,0.971801,68.000000,37.600000,1,0,1,0,0,0,1,0,0,8.331571,0.971880,81.754167,3,T3_noon_strong_light,12.250000,900.000000,60
-0.069756,-0.997564,2373.600000,8.417333,8.313520,7.863333,81.458333,0.971932,68.000000,37.600000,1,0,1,0,0,0,1,0,0,8.333981,0.972209,81.808333,3,T3_noon_strong_light,12.266667,960.000000,60
-0.074108,-0.997250,2372.766667,8.420333,8.324903,7.864333,81.520833,0.971998,68.000000,37.600000,1,0,1,0,0,0,1,0,0,8.337382,0.973222,81.854167,3,T3_noon_strong_light,12.283333,1020.000000,60
-0.078459,-0.996917,2373.300000,8.423000,8.338770,7.865000,81.562500,0.971998,68.000000,37.600000,1,0,1,0,0,0,1,0,0,8.339760,0.974169,81.870833,3,T3_noon_strong_light,12.300000,1080.000000,60
-0.082808,-0.996566,2372.233333,8.425000,8.346367,7.866333,81.645833,0.971998,68.000000,37.600000,1,0,1,0,0,0,1,0,0,8.339364,0.975089,81.879167,3,T3_noon_strong_light,12.316667,1140.000000,60
-0.087156,-0.996195,2373.366667,8.424333,8.342898,7.866667,81.666667,0.971998,68.000000,37.600000,1,0,1,0,0,0,1,0,0,8.338836,0.976010,81.895833,3,T3_noon_strong_light,12.333333,1200.000000,60
-0.091502,-0.995805,2376.700000,8.421000,8.328369,7.866000,81.625000,0.971998,68.000000,37.600000,1,0,1,0,0,0,1,0,0,8.338308,0.976615,81.904167,3,T3_noon_strong_light,12.350000,1260.000000,60
-0.095846,-0.995396,2375.033333,8.421000,8.322755,7.867333,81.708333,0.971867,68.000000,37.600000,1,0,1,0,0,0,1,0,0,8.336591,0.976562,81.904167,3,T3_noon_strong_light,12.366667,1320.000000,60
-0.100188,-0.994969,2373.366667,8.422000,8.326551,7.868333,81.770833,0.971801,68.000000,37.600000,1,0,1,0,0,0,1,0,0,8.332498,0.976562,81.920833,3,T3_noon_strong_light,12.383333,1380.000000,60
-0.104528,-0.994522,2371.700000,8.424000,8.339760,7.869000,81.812500,0.971801,68.000000,37.600000,1,0,1,0,0,0,1,0,0,8.328668,0.976615,81.945833,3,T3_noon_strong_light,12.400000,1440.000000,60
-0.108867,-0.994056,2350.566667,8.424667,8.340420,7.869667,81.854167,0.971932,68.000000,37.600000,1,0,1,0,0,0,1,0,0,8.324838,0.976642,81.958333,3,T3_noon_strong_light,12.416667,1500.000000,60
-0.113203,-0.993572,2349.433333,8.424667,8.340420,7.870333,81.895833,0.973643,68.000000,37.600000,1,0,1,0,0,0,1,0,0,8.320876,0.976615,81.970833,3,T3_noon_strong_light,12.433333,1560.000000,60
-0.117537,-0.993068,2368.300000,8.424000,8.339760,7.871000,81.937500,0.976932,68.000000,37.600000,1,0,1,0,0,0,1,0,0,8.318367,0.976615,81.991667,3,T3_noon_strong_light,12.450000,1620.000000,60
-0.121869,-0.992546,2367.766667,8.422667,8.338440,7.869667,81.854167,0.976536,68.000000,37.600000,1,0,1,0,0,0,1,0,0,8.318631,0.976668,82.020833,3,T3_noon_strong_light,12.466667,1680.000000,60
-0.126199,-0.992005,2368.600000,8.422000,8.337780,7.869667,81.854167,0.976404,68.000000,37.600000,1,0,1,0,0,0,1,0,0,8.318894,0.976721,82.050000,3,T3_noon_strong_light,12.483333,1740.000000,60
-0.130526,-0.991445,2370.800000,8.422000,8.337780,7.871000,81.937500,0.976536,68.000000,37.600000,1,0,1,0,0,0,1,0,0,8.319553,0.976747,82.083333,3,T3_noon_strong_light,12.500000,1800.000000,60
-0.134851,-0.990866,2369.733333,8.422000,8.337780,7.871000,81.937500,0.976668,68.000000,37.600000,1,0,1,0,0,0,1,0,0,8.320277,0.976760,82.112500,3,T3_noon_strong_light,12.516667,1860.000000,60
-0.139173,-0.990268,2361.133333,8.421000,8.331176,7.871000,81.937500,0.976668,68.000000,37.600000,1,0,1,0,0,0,1,0,0,8.320343,0.976694,82.116667,3,T3_noon_strong_light,12.533333,1920.000000,60
-0.143493,-0.989651,2345.000000,8.419000,8.317972,7.871000,81.937500,0.976536,68.000000,37.600000,1,0,1,0,0,0,1,0,0,8.320673,0.976628,82.120833,3,T3_noon_strong_light,12.550000,1980.000000,60
-0.147809,-0.989016,2358.866667,8.419667,8.318631,7.871667,81.979167,0.976668,68.000000,37.600000,1,0,1,0,0,0,1,0,0,8.321761,0.976562,82.129167,3,T3_noon_strong_light,12.566667,2040.000000,60
-0.152123,-0.988362,2359.133333,8.419667,8.318631,7.872000,82.000000,0.976668,68.000000,37.600000,1,0,1,0,0,0,1,0,0,8.323841,0.976549,82.145833,3,T3_noon_strong_light,12.583333,2100.000000,60
-0.156434,-0.987688,2345.800000,8.419000,8.317972,7.872000,82.000000,0.976536,68.000000,37.600000,1,0,1,0,0,0,1,0,0,8.327375,0.976576,82.175000,3,T3_noon_strong_light,12.600000,2160.000000,60
-0.160743,-0.986996,2345.800000,8.419667,8.318631,7.872667,82.041667,0.976668,68.000000,37.600000,1,0,1,0,0,0,1,0,0,8.331501,0.976655,82.225000,3,T3_noon_strong_light,12.616667,2220.000000,60
-0.165048,-0.986286,2346.933333,8.420333,8.319289,7.873333,82.083333,0.976800,68.000000,37.600000,1,0,1,0,0,0,1,0,0,8.333976,0.976708,82.266667,3,T3_noon_strong_light,12.633333,2280.000000,60
-0.169350,-0.985556,2349.200000,8.421000,8.319948,7.874000,82.125000,0.976932,68.000000,37.600000,1,0,1,0,0,0,1,0,0,8.335297,0.976734,82.304167,3,T3_noon_strong_light,12.650000,2340.000000,60
-0.173648,-0.984808,2348.066667,8.423000,8.321924,7.874667,82.166667,0.976800,68.000000,37.600000,1,0,1,0,0,0,1,0,0,8.334670,0.976734,82.333333,3,T3_noon_strong_light,12.666667,2400.000000,60
-0.177944,-0.984041,2354.733333,8.422667,8.321595,7.874333,82.145833,0.976602,68.000000,37.600000,1,0,1,0,0,0,1,0,0,8.331795,0.976734,82.362500,3,T3_noon_strong_light,12.683333,2460.000000,60
-0.182236,-0.983255,2369.200000,8.420000,8.318960,7.873000,82.062500,0.976338,68.000000,37.600000,1,0,1,0,0,0,1,0,0,8.328723,0.976734,82.387500,3,T3_noon_strong_light,12.700000,2520.000000,60
-0.186524,-0.982450,2369.733333,8.422000,8.320936,7.873667,82.104167,0.976470,68.000000,37.600000,1,0,1,0,0,0,1,0,0,8.326708,0.976721,82.408333,3,T3_noon_strong_light,12.716667,2580.000000,60
-0.190809,-0.981627,2370.266667,8.423667,8.325391,7.874667,82.166667,0.976602,68.000000,37.600000,1,0,1,0,0,0,1,0,0,8.324694,0.976681,82.412500,3,T3_noon_strong_light,12.733333,2640.000000,60
-0.195090,-0.980785,2370.800000,8.425000,8.332325,7.876000,82.250000,0.976734,68.000000,37.600000,1,0,1,0,0,0,1,0,0,8.321987,0.976642,82.408333,3,T3_noon_strong_light,12.750000,2700.000000,60
-0.199368,-0.979925,2369.133333,8.426333,8.339261,7.876667,82.291667,0.976734,68.000000,37.600000,1,0,1,0,0,0,1,0,0,8.320271,0.976602,82.395833,3,T3_noon_strong_light,12.766667,2760.000000,60
-0.203642,-0.979045,2368.033333,8.426667,8.339591,7.877000,82.312500,0.976734,68.000000,37.600000,1,0,1,0,0,0,1,0,0,8.320205,0.976562,82.383333,3,T3_noon_strong_light,12.783333,2820.000000,60
-0.207912,-0.978148,2367.500000,8.426000,8.333314,7.877000,82.312500,0.976734,68.000000,37.600000,1,0,1,0,0,0,1,0,0,8.321724,0.976562,82.400000,3,T3_noon_strong_light,12.800000,2880.000000,60
-0.212178,-0.977231,2368.033333,8.424667,8.331995,7.877667,82.354167,0.976734,68.000000,37.600000,1,0,1,0,0,0,1,0,0,8.324959,0.976602,82.437500,3,T3_noon_strong_light,12.816667,2940.000000,60
-0.216440,-0.976296,2368.866667,8.424667,8.329187,7.878333,82.395833,0.976734,68.000000,37.600000,1,0,1,0,0,0,1,0,0,8.330969,0.976642,82.475000,3,T3_noon_strong_light,12.833333,3000.000000,60
-0.220697,-0.975342,2370.000000,8.426000,8.324888,7.879000,82.437500,0.976734,68.000000,37.600000,1,0,1,0,0,0,1,0,0,8.334204,0.976681,82.512500,3,T3_noon_strong_light,12.850000,3060.000000,60
-0.224951,-0.974370,2368.866667,8.425333,8.324229,7.879000,82.437500,0.976734,68.000000,37.600000,1,0,1,0,0,0,1,0,0,8.334037,0.976721,82.554167,3,T3_noon_strong_light,12.866667,3120.000000,60
-0.229200,-0.973379,2368.300000,8.424333,8.323241,7.878667,82.416667,0.976668,68.000000,37.600000,1,0,1,0,0,0,1,0,0,8.331360,0.976734,82.579167,3,T3_noon_strong_light,12.883333,3180.000000,60
-0.233445,-0.972370,2368.300000,8.423000,8.321924,7.878000,82.375000,0.976536,68.000000,37.600000,1,0,1,0,0,0,1,0,0,8.329872,0.976734,82.591667,3,T3_noon_strong_light,12.900000,3240.000000,60
-0.237686,-0.971342,2368.300000,8.422333,8.315650,7.878000,82.375000,0.976536,68.000000,37.600000,1,0,1,0,0,0,1,0,0,8.327624,0.976721,82.612500,3,T3_noon_strong_light,12.916667,3300.000000,60
-0.241922,-0.970296,2368.300000,8.423000,8.316309,7.878000,82.375000,0.976536,68.000000,37.600000,1,0,1,0,0,0,1,0,0,8.326896,0.976681,82.650000,3,T3_noon_strong_light,12.933333,3360.000000,60
-0.246153,-0.969231,2368.300000,8.425000,8.323900,7.878000,82.375000,0.976536,68.000000,37.600000,1,0,1,0,0,0,1,0,0,8.327918,0.976642,82.683333,3,T3_noon_strong_light,12.950000,3420.000000,60
-0.250380,-0.968148,2367.766667,8.426333,8.330835,7.880000,82.500000,0.976668,68.000000,37.600000,1,0,1,0,0,0,1,0,0,8.328518,0.995470,82.570833,3,T3_noon_strong_light,12.966667,3480.000000,60
-0.254602,-0.967046,2367.500000,8.428000,8.338101,7.881000,82.562500,0.976734,68.000000,37.600000,1,0,1,0,0,0,1,0,0,8.323510,1.051924,82.183333,3,T3_noon_strong_light,12.983333,3540.000000,60
-0.258819,-0.965926,2367.500000,8.430000,8.345700,7.881000,82.562500,0.976734,68.000000,37.600000,1,0,1,0,0,0,1,0,0,8.315501,1.126497,81.795833,3,T3_noon_strong_light,13.000000,3600.000000,60
-0.263031,-0.964787,2369.166667,8.428000,8.332483,7.881000,82.562500,0.976734,68.000000,37.600000,1,0,1,0,0,0,1,0,0,8.307561,1.209152,81.395833,3,T3_noon_strong_light,13.016667,3660.000000,60
-0.267238,-0.963630,2369.433333,8.427000,8.323067,7.881333,82.583333,0.976734,68.000000,37.600000,1,0,1,0,0,0,1,0,0,8.299884,1.289843,80.995833,3,T3_noon_strong_light,13.033333,3720.000000,60
-0.271440,-0.962455,2368.300000,8.427000,8.317449,7.882000,82.625000,0.976734,68.000000,37.600000,1,0,1,0,0,0,1,0,0,8.293622,1.349665,80.741667,3,T3_noon_strong_light,13.050000,3780.000000,60
-0.275637,-0.961262,2368.300000,8.429000,8.330662,7.882000,82.625000,0.976734,68.000000,37.600000,1,0,1,0,0,0,1,0,0,8.290950,1.370550,80.762500,3,T3_noon_strong_light,13.066667,3840.000000,60
-0.279829,-0.960050,2367.466667,8.430000,8.334460,7.882667,82.666667,0.976668,68.000000,37.600000,1,0,1,0,0,0,1,0,0,8.291902,1.372714,80.766667,3,T3_noon_strong_light,13.083333,3900.000000,60
-0.284015,-0.958820,2365.800000,8.430000,8.328840,7.884000,82.750000,0.976536,68.000000,37.600000,1,0,1,0,0,0,1,0,0,8.292790,1.366166,80.775000,3,T3_noon_strong_light,13.100000,3960.000000,60
-0.288196,-0.957571,2358.066667,8.429333,8.328181,7.884000,82.750000,0.976536,68.000000,37.333333,1,0,1,0,0,0,1,0,0,8.291738,1.360928,80.787500,3,T3_noon_strong_light,13.116667,4020.000000,60
-0.292372,-0.956305,2346.700000,8.418667,8.320449,7.873000,82.062500,1.070874,68.000000,37.200000,1,0,1,0,0,0,1,0,0,8.288320,1.357036,80.791667,3,T3_noon_strong_light,13.133333,4080.000000,60
-0.296542,-0.955020,2331.700000,8.398000,8.305622,7.851000,80.687500,1.259008,68.000000,37.200000,1,0,1,0,1,0,1,0,0,8.285789,1.353836,80.812500,3,T3_noon_strong_light,13.150000,4140.000000,60
-0.300706,-0.953717,2331.700000,8.386667,8.294413,7.851667,80.729167,1.349529,68.000000,37.200000,1,0,1,0,1,0,1,0,0,8.282568,1.350944,80.850000,3,T3_noon_strong_light,13.166667,4200.000000,60
-0.304864,-0.952396,2341.966667,8.381333,8.289139,7.852000,80.750000,1.389813,68.000000,37.200000,1,0,1,0,1,0,1,0,0,8.280333,1.348707,80.879167,3,T3_noon_strong_light,13.183333,4260.000000,60
-0.309017,-0.951057,2362.500000,8.382000,8.289798,7.852000,80.750000,1.379991,68.000000,37.200000,1,0,1,0,1,0,1,0,0,8.281287,1.346397,80.920833,3,T3_noon_strong_light,13.200000,4320.000000,60
-0.313164,-0.949699,2361.366667,8.381333,8.289139,7.852667,80.791667,1.369983,68.000000,37.200000,1,0,1,0,1,0,1,0,0,8.286055,1.344396,80.966667,3,T3_noon_strong_light,13.216667,4380.000000,60
-0.317305,-0.948324,2361.100000,8.381667,8.292262,7.852667,80.791667,1.363436,68.000000,37.200000,1,0,1,0,1,0,1,0,0,8.290561,1.343050,80.987500,3,T3_noon_strong_light,13.233333,4440.000000,60
-0.321439,-0.946930,2361.700000,8.383000,8.299170,7.852000,80.750000,1.360347,68.000000,37.200000,1,0,1,0,1,0,1,0,0,8.293259,1.342049,81.008333,3,T3_noon_strong_light,13.250000,4500.000000,60
-0.325568,-0.945519,2361.100000,8.383000,8.293581,7.852667,80.791667,1.357073,68.000000,37.200000,1,0,1,0,1,0,1,0,0,8.294970,1.341067,81.033333,3,T3_noon_strong_light,13.266667,4560.000000,60
-0.329691,-0.944089,2361.100000,8.382333,8.284539,7.853000,80.812500,1.353799,68.000000,37.200000,1,0,1,0,1,0,1,0,0,8.294181,1.340812,81.041667,3,T3_noon_strong_light,13.283333,4620.000000,60
-0.333807,-0.942641,2361.700000,8.381000,8.272047,7.853000,80.812500,1.350525,68.000000,37.200000,1,0,1,0,1,0,1,0,0,8.291945,1.340867,81.045833,3,T3_noon_strong_light,13.300000,4680.000000,60
-0.337917,-0.941176,2349.433333,8.383000,8.279610,7.854333,80.895833,1.347434,68.000000,37.200000,1,0,1,0,1,0,1,0,0,8.287768,1.340885,81.058333,3,T3_noon_strong_light,13.316667,4740.000000,60
-0.342020,-0.939693,2350.266667,8.383667,8.283063,7.855000,80.937500,1.345888,68.000000,37.200000,1,0,1,0,1,0,1,0,0,8.283460,1.340903,81.062500,3,T3_noon_strong_light,13.333333,4800.000000,60
-0.346117,-0.938191,2364.200000,8.383000,8.282404,7.855000,80.937500,1.345888,68.000000,37.200000,1,0,1,0,1,0,1,0,0,8.281651,1.340903,81.070833,3,T3_noon_strong_light,13.350000,4860.000000,60
-0.350207,-0.936672,2365.266667,8.384333,8.289311,7.856333,81.020833,1.342249,68.000000,37.200000,1,0,1,0,1,0,1,0,0,8.281092,1.340903,81.083333,3,T3_noon_strong_light,13.366667,4920.000000,60
-0.354291,-0.935135,2366.933333,8.385333,8.295890,7.856667,81.041667,1.340521,68.000000,37.200000,1,0,1,0,1,0,1,0,0,8.279547,1.340940,81.095833,3,T3_noon_strong_light,13.383333,4980.000000,60
-0.358368,-0.933580,2369.200000,8.386000,8.302140,7.856000,81.000000,1.340703,68.000000,37.200000,1,0,1,0,1,0,1,0,0,8.278692,1.340976,81.125000,3,T3_noon_strong_light,13.400000,5040.000000,60
-0.362438,-0.932008,2368.066667,8.386000,8.296549,7.856667,81.041667,1.340885,68.000000,37.200000,1,0,1,0,1,0,1,0,0,8.280336,1.340976,81.166667,3,T3_noon_strong_light,13.416667,5100.000000,60
-0.366501,-0.930418,2366.933333,8.386000,8.290959,7.857000,81.062500,1.340976,68.000000,37.200000,1,0,1,0,1,0,1,0,0,8.283100,1.340976,81.208333,3,T3_noon_strong_light,13.433333,5160.000000,60
-0.370557,-0.928810,2365.800000,8.386000,8.285368,7.857000,81.062500,1.340976,68.000000,37.200000,1,0,1,0,1,0,1,0,0,8.283100,1.340976,81.237500,3,T3_noon_strong_light,13.450000,5220.000000,60
-0.374607,-0.927184,2365.800000,8.385333,8.284709,7.857000,81.062500,1.340794,68.000000,37.200000,1,0,1,0,1,0,1,0,0,8.283659,1.340976,81.266667,3,T3_noon_strong_light,13.466667,5280.000000,60
-0.378649,-0.925541,2366.100000,8.384667,8.281256,7.857000,81.062500,1.340794,68.000000,37.200000,1,0,1,0,1,0,1,0,0,8.285731,1.340976,81.287500,3,T3_noon_strong_light,13.483333,5340.000000,60
-0.382683,-0.923880,2366.700000,8.384000,8.275008,7.857000,81.062500,1.340976,68.000000,37.200000,1,0,1,0,1,0,1,0,0,8.286686,1.340321,81.304167,3,T3_noon_strong_light,13.500000,5400.000000,60
-0.386711,-0.922201,2366.700000,8.385333,8.281914,7.857667,81.104167,1.340976,68.000000,37.200000,1,0,1,0,1,0,1,0,0,8.285140,1.339666,81.316667,3,T3_noon_strong_light,13.516667,5460.000000,60
-0.390731,-0.920505,2366.700000,8.386000,8.282573,7.858000,81.125000,1.340976,68.000000,37.200000,1,0,1,0,1,0,1,0,0,8.286094,1.339666,81.337500,3,T3_noon_strong_light,13.533333,5520.000000,60
-0.394744,-0.918791,2366.700000,8.386000,8.276982,7.858000,81.125000,1.340976,68.000000,37.200000,1,0,1,0,1,0,1,0,0,8.286226,1.339666,81.366667,3,T3_noon_strong_light,13.550000,5580.000000,60
-0.398749,-0.917060,2366.700000,8.386000,8.276982,7.859333,81.208333,1.340976,68.000000,37.200000,1,0,1,0,1,0,1,0,0,8.285732,1.339666,81.400000,3,T3_noon_strong_light,13.566667,5640.000000,60
-0.402747,-0.915311,2366.700000,8.386667,8.283231,7.860333,81.270833,1.340976,68.000000,37.200000,1,0,1,0,1,0,1,0,0,8.288267,1.340321,81.441667,3,T3_noon_strong_light,13.583333,5700.000000,60
-0.406737,-0.913545,2366.700000,8.388000,8.295732,7.861000,81.312500,1.340976,68.000000,37.200000,1,0,1,0,1,0,1,0,0,8.292053,1.340976,81.479167,3,T3_noon_strong_light,13.600000,5760.000000,60
-0.410719,-0.911762,2366.700000,8.386000,8.282573,7.860333,81.270833,1.340976,68.000000,37.200000,1,0,1,0,1,0,1,0,0,8.296103,1.340976,81.520833,3,T3_noon_strong_light,13.616667,5820.000000,60
-0.414693,-0.909961,2366.400000,8.386000,8.279777,7.860333,81.270833,1.340976,68.000000,37.200000,1,0,1,0,1,0,1,0,0,8.300547,1.340976,81.562500,3,T3_noon_strong_light,13.633333,5880.000000,60
-0.418660,-0.908143,2365.800000,8.388000,8.287344,7.861000,81.312500,1.340976,68.000000,37.200000,1,0,1,0,1,0,1,0,0,8.304102,1.340940,81.583333,3,T3_noon_strong_light,13.650000,5940.000000,60
-0.422618,-0.906308,2365.800000,8.388667,8.288003,7.861667,81.354167,1.337701,68.000000,37.200000,1,0,1,0,1,0,1,0,0,8.304992,1.340903,81.583333,3,T3_noon_strong_light,13.666667,6000.000000,60
-0.426569,-0.904455,2366.933333,8.388667,8.288003,7.862000,81.375000,1.337701,68.000000,37.200000,1,0,1,0,1,0,1,0,0,8.305617,1.340903,81.583333,3,T3_noon_strong_light,13.683333,6060.000000,60
-0.430511,-0.902585,2369.200000,8.388000,8.287344,7.862000,81.375000,1.340976,68.000000,37.200000,1,0,1,0,1,0,1,0,0,8.306375,1.340867,81.587500,3,T3_noon_strong_light,13.700000,6120.000000,60
-0.434445,-0.900698,2370.266667,8.386667,8.280436,7.862667,81.416667,1.340976,68.000000,37.200000,1,0,1,0,1,0,1,0,0,8.308384,1.340830,81.595833,3,T3_noon_strong_light,13.716667,6180.000000,60
-0.438371,-0.898794,2368.866667,8.388333,8.284877,7.863667,81.479167,1.340976,68.000000,37.100000,1,0,1,0,1,0,1,0,0,8.310657,1.340867,81.629167,3,T3_noon_strong_light,13.733333,6240.000000,60
-0.442289,-0.896873,2365.000000,8.393000,8.300677,7.865000,81.562500,1.340976,68.000000,36.900000,1,0,1,0,1,0,1,0,0,8.313292,1.340903,81.658333,3,T3_noon_strong_light,13.750000,6300.000000,60
-0.446198,-0.894934,2365.533333,8.393667,8.306932,7.865000,81.562500,1.340976,68.000000,36.900000,1,0,1,0,1,0,1,0,0,8.316817,1.340885,81.695833,3,T3_noon_strong_light,13.766667,6360.000000,60
-0.450098,-0.892979,2358.033333,8.394333,8.307592,7.865333,81.583333,1.340976,68.000000,36.900000,1,0,1,0,1,0,1,0,0,8.322979,1.340867,81.750000,3,T3_noon_strong_light,13.783333,6420.000000,60
-0.453990,-0.891007,2342.500000,8.395000,8.302655,7.866000,81.625000,1.340976,68.000000,36.900000,1,0,1,0,1,0,1,0,0,8.323473,1.340849,81.758333,3,T3_noon_strong_light,13.800000,6480.000000,60
-0.457874,-0.889017,2356.366667,8.395000,8.302655,7.865333,81.583333,1.340794,68.000000,36.900000,1,0,1,0,1,0,1,0,0,8.321826,1.340812,81.750000,3,T3_noon_strong_light,13.816667,6540.000000,60
-0.461749,-0.887011,2363.600000,8.394667,8.305124,7.865000,81.562500,1.340794,68.000000,36.900000,1,0,1,0,1,0,1,0,0,8.320970,1.340812,81.783333,3,T3_noon_strong_light,13.833333,6600.000000,60
-0.465615,-0.884988,2364.200000,8.394000,8.310060,7.865000,81.562500,1.340976,68.000000,36.900000,1,0,1,0,1,0,1,0,0,8.318237,1.340830,81.808333,3,T3_noon_strong_light,13.850000,6660.000000,60
-0.469472,-0.882948,2364.733333,8.395333,8.311380,7.865667,81.604167,1.340794,68.000000,36.900000,1,0,1,0,1,0,1,0,0,8.312734,1.340885,81.812500,3,T3_noon_strong_light,13.866667,6720.000000,60
-0.473320,-0.880891,2365.000000,8.396667,8.312700,7.866667,81.666667,1.340794,68.000000,36.900000,1,0,1,0,1,0,1,0,0,8.312901,1.340940,81.858333,3,T3_noon_strong_light,13.883333,6780.000000,60
-0.477159,-0.878817,2365.000000,8.398000,8.314020,7.868000,81.750000,1.340976,68.000000,36.900000,1,0,1,0,1,0,1,0,0,8.311189,1.340976,81.895833,3,T3_noon_strong_light,13.900000,6840.000000,60
-0.480989,-0.876727,2365.000000,8.396667,8.318298,7.867333,81.708333,1.340976,68.000000,36.900000,1,0,1,0,1,0,1,0,0,8.307204,1.340976,81.904167,3,T3_noon_strong_light,13.916667,6900.000000,60
-0.484810,-0.874620,2366.400000,8.397667,8.327686,7.868000,81.750000,1.340885,68.000000,36.900000,1,0,1,0,1,0,1,0,0,8.305722,1.340976,81.929167,3,T3_noon_strong_light,13.933333,6960.000000,60
-0.488621,-0.872496,2369.200000,8.401000,8.342193,7.870000,81.875000,1.340703,68.000000,36.900000,1,0,1,0,1,0,1,0,0,8.305492,1.340940,81.941667,3,T3_noon_strong_light,13.950000,7020.000000,60
-0.492424,-0.870356,2366.933333,8.396333,8.315169,7.867333,81.708333,1.340703,68.000000,36.900000,1,0,1,0,1,0,1,0,0,8.305064,1.340903,81.945833,3,T3_noon_strong_light,13.966667,7080.000000,60
-0.496217,-0.868199,2366.933333,8.395333,8.305783,7.867333,81.708333,1.340794,68.000000,36.900000,1,0,1,0,1,0,1,0,0,8.307139,1.340903,81.966667,3,T3_noon_strong_light,13.983333,7140.000000,60
-0.500000,-0.866025,2369.200000,8.398000,8.314020,7.870000,81.875000,1.340976,68.000000,36.900000,1,0,1,0,1,0,1,0,0,8.308720,1.340903,81.991667,3,T3_noon_strong_light,14.000000,7200.000000,60
-0.503774,-0.863836,2365.866667,8.398000,8.314020,7.870000,81.875000,1.340976,68.000000,36.900000,1,0,1,0,1,0,1,0,0,8.307864,1.340903,82.004167,3,T3_noon_strong_light,14.016667,7260.000000,60
-0.507538,-0.861629,2364.466667,8.398667,8.314680,7.870333,81.895833,1.340976,68.000000,36.900000,1,0,1,0,1,0,1,0,0,8.306876,1.340940,82.025000,3,T3_noon_strong_light,14.033333,7320.000000,60
-0.511293,-0.859406,2365.000000,8.400000,8.316000,7.871000,81.937500,1.340976,68.000000,36.900000,1,0,1,0,1,0,1,0,0,8.305426,1.340940,82.054167,3,T3_noon_strong_light,14.050000,7380.000000,60
-0.515038,-0.857167,2364.466667,8.398000,8.297224,7.870333,81.895833,1.340976,68.000000,36.900000,1,0,1,0,1,0,1,0,0,8.304536,1.340885,82.079167,3,T3_noon_strong_light,14.066667,7440.000000,60
-0.518773,-0.854912,2364.200000,8.397667,8.294095,7.870667,81.916667,1.340976,68.000000,36.900000,1,0,1,0,1,0,1,0,0,8.303779,1.340830,82.095833,3,T3_noon_strong_light,14.083333,7500.000000,60
-0.522499,-0.852640,2364.200000,8.399000,8.306611,7.872000,82.000000,1.340976,68.000000,36.900000,1,0,1,0,1,0,1,0,0,8.301704,1.340776,82.108333,3,T3_noon_strong_light,14.100000,7560.000000,60
-0.526214,-0.850352,2366.400000,8.400333,8.313530,7.871333,81.958333,1.340794,68.000000,36.900000,1,0,1,0,1,0,1,0,0,8.298443,1.340739,82.125000,3,T3_noon_strong_light,14.116667,7620.000000,60
-0.529919,-0.848048,2366.400000,8.400667,8.313860,7.871333,81.958333,1.340794,68.000000,36.900000,1,0,1,0,1,0,1,0,0,8.296960,1.340776,82.141667,3,T3_noon_strong_light,14.133333,7680.000000,60
-0.533615,-0.845728,2364.200000,8.400000,8.307600,7.872000,82.000000,1.340976,68.000000,36.900000,1,0,1,0,1,0,1,0,0,8.299070,1.340794,82.170833,3,T3_noon_strong_light,14.150000,7740.000000,60
-0.537300,-0.843391,2365.266667,8.400000,8.302000,7.872667,82.041667,1.340976,68.000000,36.900000,1,0,1,0,1,0,1,0,0,8.301606,1.340794,82.200000,3,T3_noon_strong_light,14.166667,7800.000000,60
-0.540974,-0.841039,2364.966667,8.400333,8.302329,7.873000,82.062500,1.340976,68.000000,36.900000,1,0,1,0,1,0,1,0,0,8.301376,1.340794,82.212500,3,T3_noon_strong_light,14.183333,7860.000000,60
-0.544639,-0.838671,2363.300000,8.401000,8.308589,7.873000,82.062500,1.340976,68.000000,36.900000,1,0,1,0,1,0,1,0,0,8.302594,1.340812,82.237500,3,T3_noon_strong_light,14.200000,7920.000000,60
-0.548293,-0.836286,2363.300000,8.399000,8.306611,7.873667,82.104167,1.340794,68.000000,36.900000,1,0,1,0,1,0,1,0,0,8.303813,1.340812,82.262500,3,T3_noon_strong_light,14.216667,7980.000000,60
-0.551937,-0.833886,2363.300000,8.398333,8.303152,7.874000,82.125000,1.340703,68.000000,36.900000,1,0,1,0,1,0,1,0,0,8.303384,1.340849,82.270833,3,T3_noon_strong_light,14.233333,8040.000000,60
-0.555570,-0.831470,2363.300000,8.399000,8.298212,7.874000,82.125000,1.340703,68.000000,36.900000,1,0,1,0,1,0,1,0,0,8.303912,1.340903,82.287500,3,T3_noon_strong_light,14.250000,8100.000000,60
-0.559193,-0.829038,2367.233333,8.398333,8.291954,7.874000,82.125000,1.340703,68.000000,36.900000,1,0,1,0,1,0,1,0,0,8.308525,1.340940,82.325000,3,T3_noon_strong_light,14.266667,8160.000000,60
-0.562805,-0.826590,2367.533333,8.398667,8.292284,7.874333,82.145833,1.340794,68.000000,36.766667,1,0,1,0,1,0,1,0,0,8.311359,1.340903,82.345833,3,T3_noon_strong_light,14.283333,8220.000000,60
-0.566406,-0.824126,2364.200000,8.400000,8.299200,7.875000,82.187500,1.340976,68.000000,36.500000,1,0,1,0,1,0,1,0,0,8.313204,1.340885,82.375000,3,T3_noon_strong_light,14.300000,8280.000000,60
-0.569997,-0.821647,2363.600000,8.403333,8.313698,7.876333,82.270833,1.340794,68.000000,36.500000,1,0,1,0,1,0,1,0,0,8.313864,1.340885,82.412500,3,T3_noon_strong_light,14.316667,8340.000000,60
-0.573576,-0.819152,2363.300000,8.403333,8.310897,7.876333,82.270833,1.340703,68.000000,36.500000,1,0,1,0,1,0,1,0,0,8.313864,1.340885,82.441667,3,T3_noon_strong_light,14.333333,8400.000000,60
-0.577145,-0.816642,2363.300000,8.400000,8.290800,7.875000,82.187500,1.340703,68.000000,36.500000,1,0,1,0,1,0,1,0,0,8.311293,1.340903,82.483333,3,T3_noon_strong_light,14.350000,8460.000000,60
-0.580703,-0.814116,2363.900000,8.402000,8.298375,7.876333,82.270833,1.340885,68.000000,36.500000,1,0,1,0,1,0,1,0,0,8.309117,1.340940,82.533333,3,T3_noon_strong_light,14.366667,8520.000000,60
-0.584250,-0.811574,2363.900000,8.403333,8.305294,7.877000,82.312500,1.340976,68.000000,36.500000,1,0,1,0,1,0,1,0,0,8.309315,1.340903,82.566667,3,T3_noon_strong_light,14.383333,8580.000000,60
-0.587785,-0.809017,2363.300000,8.404000,8.311556,7.877000,82.312500,1.340976,68.000000,36.500000,1,0,1,0,1,0,1,0,0,8.308062,1.340849,82.591667,3,T3_noon_strong_light,14.400000,8640.000000,60
-0.591310,-0.806445,2363.300000,8.406000,8.313534,7.877667,82.354167,1.340976,68.000000,36.500000,1,0,1,0,1,0,1,0,0,8.306513,1.340812,82.620833,3,T3_noon_strong_light,14.416667,8700.000000,60
-0.594823,-0.803857,2364.433333,8.406333,8.313864,7.878000,82.375000,1.340885,68.000000,36.500000,1,0,1,0,1,0,1,0,0,8.307732,1.340812,82.641667,3,T3_noon_strong_light,14.433333,8760.000000,60
-0.598325,-0.801254,2366.700000,8.405000,8.312545,7.878000,82.375000,1.340703,68.000000,36.500000,1,0,1,0,1,0,1,0,0,8.308819,1.340830,82.654167,3,T3_noon_strong_light,14.450000,8820.000000,60
-0.601815,-0.798636,2364.433333,8.407000,8.314523,7.879333,82.458333,1.340885,68.000000,36.500000,1,0,1,0,1,0,1,0,0,8.306445,1.340885,82.666667,3,T3_noon_strong_light,14.466667,8880.000000,60
-0.605294,-0.796002,2363.300000,8.407333,8.314853,7.880000,82.500000,1.340976,68.000000,36.500000,1,0,1,0,1,0,1,0,0,8.304072,1.340940,82.679167,3,T3_noon_strong_light,14.483333,8940.000000,60
-0.608761,-0.793353,2363.300000,8.406000,8.313534,7.880000,82.500000,1.340976,68.000000,36.500000,1,0,1,0,1,0,1,0,0,8.303775,1.340976,82.704167,3,T3_noon_strong_light,14.500000,9000.000000,60
-0.612217,-0.790690,2362.766667,8.404667,8.301009,7.881333,82.583333,1.340976,68.000000,36.500000,1,0,1,0,1,0,1,0,0,8.304797,1.340976,82.733333,3,T3_noon_strong_light,14.516667,9060.000000,60
-0.615661,-0.788011,2362.766667,8.405333,8.301668,7.882000,82.625000,1.340885,68.000000,36.500000,1,0,1,0,1,0,1,0,0,8.307467,1.340976,82.770833,3,T3_noon_strong_light,14.533333,9120.000000,60
-0.619094,-0.785317,2363.300000,8.408000,8.315512,7.882000,82.625000,1.340703,68.000000,36.500000,1,0,1,0,1,0,1,0,0,8.309445,1.340976,82.808333,3,T3_noon_strong_light,14.550000,9180.000000,60
-0.622515,-0.782608,2362.766667,8.406667,8.308589,7.882000,82.625000,1.340703,68.000000,36.500000,1,0,1,0,1,0,1,0,0,8.312048,1.340976,82.850000,3,T3_noon_strong_light,14.566667,9240.000000,60
-0.625923,-0.779884,2362.233333,8.406667,8.305787,7.882333,82.645833,1.340794,68.000000,36.500000,1,0,1,0,1,0,1,0,0,8.313004,1.340976,82.883333,3,T3_noon_strong_light,14.583333,9300.000000,60
-0.629320,-0.777146,2361.700000,8.408000,8.307104,7.883000,82.687500,1.340976,68.000000,36.500000,1,0,1,0,1,0,1,0,0,8.313762,1.340976,82.912500,3,T3_noon_strong_light,14.600000,9360.000000,60
-0.632705,-0.774393,2361.700000,8.408000,8.307104,7.883000,82.687500,1.340976,68.000000,36.500000,1,0,1,0,1,0,1,0,0,8.313498,1.340976,82.937500,3,T3_noon_strong_light,14.616667,9420.000000,60
-0.636078,-0.771625,2363.066667,8.407333,8.303643,7.883000,82.687500,1.340976,68.000000,36.500000,1,0,1,0,1,0,1,0,0,8.314488,1.340976,82.962500,3,T3_noon_strong_light,14.633333,9480.000000,60
-0.639439,-0.768842,2365.800000,8.406000,8.296722,7.883000,82.687500,1.340976,68.000000,36.500000,1,0,1,0,1,0,1,0,0,8.316500,1.340976,82.983333,3,T3_noon_strong_light,14.650000,9540.000000,60
-0.642788,-0.766044,2362.466667,8.408000,8.304301,7.884333,82.770833,1.340976,68.000000,36.500000,1,0,1,0,1,0,1,0,0,8.318907,1.340976,83.004167,3,T3_noon_strong_light,14.666667,9600.000000,60
-0.646124,-0.763232,2362.200000,8.410333,8.312213,7.885333,82.833333,1.340976,68.000000,36.500000,1,0,1,0,1,0,1,0,0,8.320193,1.340976,83.033333,3,T3_noon_strong_light,14.683333,9660.000000,60
-0.649448,-0.760406,2365.000000,8.413000,8.320457,7.886000,82.875000,1.340976,68.000000,36.500000,1,0,1,0,1,0,1,0,0,8.320853,1.340940,83.058333,3,T3_noon_strong_light,14.700000,9720.000000,60
-0.652760,-0.757565,2364.466667,8.411667,8.313531,7.886000,82.875000,1.340976,68.000000,36.500000,1,0,1,0,1,0,1,0,0,8.321017,1.340903,83.087500,3,T3_noon_strong_light,14.716667,9780.000000,60
-0.656059,-0.754710,2363.900000,8.410667,8.309739,7.886333,82.895833,1.340976,68.000000,36.366667,1,0,1,0,1,0,1,0,0,8.319664,1.340903,83.125000,3,T3_noon_strong_light,14.733333,9840.000000,60
-0.659346,-0.751840,2363.300000,8.410000,8.309080,7.887000,82.937500,1.340976,68.000000,36.100000,1,0,1,0,1,0,1,0,0,8.318047,1.340867,83.154167,3,T3_noon_strong_light,14.750000,9900.000000,60
-0.662620,-0.748956,2361.633333,8.411333,8.316005,7.887667,82.979167,1.340976,68.000000,36.100000,1,0,1,0,1,0,1,0,0,8.315540,1.340830,83.170833,3,T3_noon_strong_light,14.766667,9960.000000,60
-0.665882,-0.746057,2360.533333,8.411667,8.319138,7.888000,83.000000,1.340976,68.000000,36.100000,1,0,1,0,1,0,1,0,0,8.311779,1.340867,83.195833,3,T3_noon_strong_light,14.783333,10020.000000,60
-0.669131,-0.743145,2360.000000,8.411000,8.318479,7.888000,83.000000,1.340976,68.000000,36.100000,1,0,1,0,1,0,1,0,0,8.312669,1.340867,83.225000,3,T3_noon_strong_light,14.800000,10080.000000,60
-0.672367,-0.740218,2348.866667,8.412333,8.319798,7.888000,83.000000,1.340976,68.000000,36.100000,1,0,1,0,1,0,1,0,0,8.314946,1.340830,83.245833,3,T3_noon_strong_light,14.816667,10140.000000,60
-0.675590,-0.737277,2338.866667,8.413667,8.321116,7.888667,83.041667,1.340976,68.000000,36.100000,1,0,1,0,1,0,1,0,0,8.313460,1.340867,83.258333,3,T3_noon_strong_light,14.833333,10200.000000,60
-0.678801,-0.734323,2330.000000,8.415000,8.322435,7.890000,83.125000,1.340976,68.000000,36.100000,1,0,1,0,1,0,1,0,0,8.313855,1.340903,83.275000,3,T3_noon_strong_light,14.850000,10260.000000,60
-0.681998,-0.731354,2348.866667,8.415000,8.322435,7.890000,83.125000,1.340794,68.000000,36.100000,1,0,1,0,1,0,1,0,0,8.315008,1.340903,83.287500,3,T3_noon_strong_light,14.866667,10320.000000,60
-0.685183,-0.728371,2358.300000,8.414667,8.319300,7.890333,83.145833,1.340794,68.000000,36.100000,1,0,1,0,1,0,1,0,0,8.309893,1.340940,83.291667,3,T3_noon_strong_light,14.883333,10380.000000,60
-0.688355,-0.725374,2358.300000,8.414000,8.313032,7.891000,83.187500,1.340976,68.000000,36.100000,1,0,1,0,1,0,1,0,0,8.304514,1.340940,83.287500,3,T3_noon_strong_light,14.900000,10440.000000,60
-0.691513,-0.722364,2358.900000,8.414000,8.313032,7.891000,83.187500,1.340794,68.000000,36.100000,1,0,1,0,1,0,1,0,0,8.303524,1.340885,83.295833,3,T3_noon_strong_light,14.916667,10500.000000,60
-0.694658,-0.719340,2358.900000,8.413667,8.309898,7.891333,83.208333,1.340794,68.000000,36.100000,1,0,1,0,1,0,1,0,0,8.302665,1.340830,83.312500,3,T3_noon_strong_light,14.933333,10560.000000,60
-0.697790,-0.716302,2358.300000,8.413000,8.303631,7.892000,83.250000,1.340976,68.000000,36.100000,1,0,1,0,1,0,1,0,0,8.303687,1.340776,83.316667,3,T3_noon_strong_light,14.950000,10620.000000,60
-0.700909,-0.713250,2358.900000,8.416333,8.323754,7.892667,83.291667,1.340794,68.000000,36.100000,1,0,1,0,1,0,1,0,0,8.307085,1.340739,83.325000,3,T3_noon_strong_light,14.966667,10680.000000,60
-0.704015,-0.710185,2350.300000,8.417000,8.324413,7.892667,83.291667,1.340794,68.000000,36.100000,1,0,1,0,1,0,1,0,0,8.309491,1.340776,83.358333,3,T3_noon_strong_light,14.983333,10740.000000,60
-0.707107,-0.707107,2332.500000,8.415000,8.305605,7.892000,83.250000,1.340976,68.000000,36.100000,1,0,1,0,1,0,1,0,0,8.308632,1.340794,83.387500,3,T3_noon_strong_light,15.000000,10800.000000,60
-0.710185,-0.704015,2349.700000,8.415667,8.311873,7.892667,83.291667,1.340976,68.000000,36.100000,1,0,1,0,1,0,1,0,0,8.306388,1.340794,83.408333,3,T3_noon_strong_light,15.016667,10860.000000,60
-0.713250,-0.700909,2352.200000,8.416000,8.309397,7.893000,83.312500,1.340976,68.000000,36.100000,1,0,1,0,1,0,1,0,0,8.305397,1.340794,83.454167,3,T3_noon_strong_light,15.033333,10920.000000,60
-0.716302,-0.697790,2340.000000,8.416000,8.298176,7.893000,83.312500,1.340976,68.000000,36.100000,1,0,1,0,1,0,1,0,0,8.305792,1.340812,83.512500,3,T3_noon_strong_light,15.050000,10980.000000,60
-0.719340,-0.694658,2350.000000,8.415333,8.297519,7.892333,83.270833,1.340794,68.000000,36.100000,1,0,1,0,1,0,1,0,0,8.306748,1.340794,83.562500,3,T3_noon_strong_light,15.066667,11040.000000,60
-0.722364,-0.691513,2348.900000,8.415667,8.300653,7.892667,83.291667,1.340703,68.000000,36.100000,1,0,1,0,1,0,1,0,0,8.307704,1.340776,83.612500,3,T3_noon_strong_light,15.083333,11100.000000,60
-0.725374,-0.688355,2336.700000,8.417000,8.307579,7.894000,83.375000,1.340703,68.000000,36.100000,1,0,1,0,1,0,1,0,0,8.307274,1.340776,83.645833,3,T3_noon_strong_light,15.100000,11160.000000,60
-0.728371,-0.685183,2350.566667,8.418333,8.314507,7.893333,83.333333,1.340703,68.000000,36.100000,1,0,1,0,1,0,1,0,0,8.304963,1.340794,83.670833,3,T3_noon_strong_light,15.116667,11220.000000,60
-0.731354,-0.681998,2357.500000,8.419000,8.315166,7.893667,83.354167,1.340794,68.000000,36.100000,1,0,1,0,1,0,1,0,0,8.304038,1.340812,83.704167,3,T3_noon_strong_light,15.133333,11280.000000,60
-0.734323,-0.678801,2357.500000,8.419000,8.309553,7.895000,83.437500,1.340976,68.000000,36.100000,1,0,1,0,1,0,1,0,0,8.303937,1.340830,83.729167,3,T3_noon_strong_light,15.150000,11340.000000,60
-0.737277,-0.675590,2357.500000,8.417000,8.296356,7.895000,83.437500,1.340794,68.000000,35.900000,1,0,1,0,1,0,1,0,0,8.305915,1.340885,83.758333,3,T3_noon_strong_light,15.166667,11400.000000,60
-0.740218,-0.672367,2358.066667,8.417000,8.296356,7.895667,83.479167,1.340703,68.000000,35.800000,1,0,1,0,1,0,1,0,0,8.307891,1.340940,83.804167,3,T3_noon_strong_light,15.183333,11460.000000,60
-0.743145,-0.669131,2359.200000,8.419000,8.309553,7.897000,83.562500,1.340703,68.000000,35.800000,1,0,1,0,1,0,1,0,0,8.310628,1.340976,83.850000,3,T3_noon_strong_light,15.200000,11520.000000,60
-0.746057,-0.665882,2359.200000,8.421000,8.317141,7.898333,83.645833,1.340885,68.000000,35.800000,1,0,1,0,1,0,1,0,0,8.309833,1.340958,83.875000,3,T3_noon_strong_light,15.216667,11580.000000,60
-0.748956,-0.662620,2359.200000,8.421000,8.314334,7.899000,83.687500,1.340885,67.666667,35.800000,1,0,1,0,1,0,1,0,0,8.306004,1.340903,83.900000,3,T3_noon_strong_light,15.233333,11640.000000,60
-0.751840,-0.659346,2359.200000,8.419000,8.301134,7.899000,83.687500,1.340703,67.000000,35.800000,1,0,1,0,1,0,1,0,0,8.303000,1.340885,83.929167,3,T3_noon_strong_light,15.250000,11700.000000,60
-0.754710,-0.656059,2358.600000,8.417667,8.294208,7.898333,83.645833,1.340703,67.666667,35.800000,1,0,1,0,1,0,1,0,0,8.302898,1.340885,83.958333,3,T3_noon_strong_light,15.266667,11760.000000,60
-0.757565,-0.652760,2358.600000,8.418667,8.297999,7.899000,83.687500,1.340794,67.666667,35.800000,1,0,1,0,1,0,1,0,0,8.304052,1.340885,83.987500,3,T3_noon_strong_light,15.283333,11820.000000,60
-0.760406,-0.649448,2359.200000,8.422000,8.312514,7.901000,83.812500,1.340976,67.000000,35.800000,1,0,1,0,1,0,1,0,0,8.305833,1.340903,84.012500,3,T3_noon_strong_light,15.300000,11880.000000,60
-0.763232,-0.646124,2361.933333,8.423333,8.313830,7.901000,83.812500,1.340976,67.666667,35.800000,1,0,1,0,1,0,1,0,0,8.309693,1.340940,84.037500,3,T3_noon_strong_light,15.316667,11940.000000,60
-0.766044,-0.642788,2363.300000,8.423333,8.311022,7.901333,83.833333,1.340976,68.000000,35.800000,1,0,1,0,1,0,1,0,0,8.311903,1.340903,84.054167,3,T3_noon_strong_light,15.333333,12000.000000,60
-0.768842,-0.639439,2363.300000,8.422000,8.304092,7.902000,83.875000,1.340976,68.000000,35.800000,1,0,1,0,1,0,1,0,0,8.312728,1.340885,84.070833,3,T3_noon_strong_light,15.350000,12060.000000,60
-0.771625,-0.636078,2363.300000,8.424000,8.311680,7.902667,83.916667,1.340976,68.000000,35.800000,1,0,1,0,1,0,1,0,0,8.310086,1.340849,84.075000,3,T3_noon_strong_light,15.366667,12120.000000,60
-0.774393,-0.632705,2361.933333,8.423667,8.308543,7.903000,83.937500,1.340885,67.666667,35.800000,1,0,1,0,1,0,1,0,0,8.305927,1.340739,84.062500,3,T3_noon_strong_light,15.383333,12180.000000,60
-0.777146,-0.629320,2359.200000,8.421000,8.294685,7.903000,83.937500,1.340703,67.000000,35.800000,1,0,1,0,1,0,1,0,0,8.302724,1.340685,84.075000,3,T3_noon_strong_light,15.400000,12240.000000,60
-0.779884,-0.625923,2359.200000,8.422333,8.295998,7.903667,83.979167,1.340885,67.000000,35.800000,1,0,1,0,1,0,1,0,0,8.301105,1.340685,84.100000,3,T3_noon_strong_light,15.416667,12300.000000,60
-0.782608,-0.622515,2351.966667,8.424333,8.303585,7.904333,84.020833,1.340976,67.333333,35.800000,1,0,1,0,1,0,1,0,0,8.299486,1.340648,84.116667,3,T3_noon_strong_light,15.433333,12360.000000,60
-0.785317,-0.619094,2337.500000,8.427000,8.317449,7.905000,84.062500,1.340976,68.000000,35.800000,1,0,1,0,1,0,1,0,0,8.295919,1.340667,84.129167,3,T3_noon_strong_light,15.450000,12420.000000,60
-0.788011,-0.615661,2337.500000,8.427000,8.317449,7.905000,84.062500,1.340976,68.000000,35.800000,1,0,1,0,1,0,1,0,0,8.293804,1.340758,84.162500,3,T3_noon_strong_light,15.466667,12480.000000,60
-0.790690,-0.612217,2336.666667,8.426333,8.313982,7.905000,84.062500,1.340885,68.000000,35.800000,1,0,1,0,1,0,1,0,0,8.293935,1.340776,84.187500,3,T3_noon_strong_light,15.483333,12540.000000,60
-0.793353,-0.608761,2335.000000,8.425000,8.307050,7.905000,84.062500,1.340703,68.000000,35.800000,1,0,1,0,1,0,1,0,0,8.295387,1.340812,84.200000,3,T3_noon_strong_light,15.500000,12600.000000,60
-0.796002,-0.605294,2350.533333,8.425667,8.307707,7.905667,84.104167,1.340885,68.000000,35.800000,1,0,1,0,1,0,1,0,0,8.296277,1.340867,84.216667,3,T3_noon_strong_light,15.516667,12660.000000,60
-0.798636,-0.601815,2358.300000,8.425000,8.304242,7.905333,84.083333,1.340794,67.666667,35.800000,1,0,1,0,1,0,1,0,0,8.297429,1.340885,84.250000,3,T3_noon_strong_light,15.533333,12720.000000,60
-0.801254,-0.598325,2358.300000,8.423000,8.296655,7.904000,84.000000,1.340430,67.000000,35.800000,1,0,1,0,1,0,1,0,0,8.298516,1.340903,84.279167,3,T3_noon_strong_light,15.550000,12780.000000,60
-0.803857,-0.594823,2358.900000,8.424333,8.297968,7.906000,84.125000,1.340612,67.000000,35.533333,1,0,1,0,1,0,1,0,0,8.297224,1.340958,84.295833,3,T3_noon_strong_light,15.566667,12840.000000,60
-0.806445,-0.591310,2360.033333,8.425333,8.298953,7.907000,84.187500,1.340703,67.000000,35.400000,1,0,1,0,1,0,1,0,0,8.294809,1.340976,84.320833,3,T3_noon_strong_light,15.583333,12900.000000,60
-0.809017,-0.587785,2361.700000,8.426000,8.299610,7.907000,84.187500,1.340703,67.000000,35.400000,1,0,1,0,1,0,1,0,0,8.292562,1.340940,84.341667,3,T3_noon_strong_light,15.600000,12960.000000,60
-0.811574,-0.584250,2361.100000,8.424000,8.286408,7.906333,84.145833,1.340885,67.000000,35.400000,1,0,1,0,1,0,1,0,0,8.292562,1.340867,84.362500,3,T3_noon_strong_light,15.616667,13020.000000,60
-0.814116,-0.580703,2359.966667,8.423667,8.286080,7.906667,84.166667,1.340885,67.333333,35.400000,1,0,1,0,1,0,1,0,0,8.292693,1.340758,84.400000,3,T3_noon_strong_light,15.633333,13080.000000,60
-0.816642,-0.577145,2358.300000,8.425000,8.298625,7.908000,84.250000,1.340703,68.000000,35.400000,1,0,1,0,1,0,1,0,0,8.293086,1.340721,84.441667,3,T3_noon_strong_light,15.650000,13140.000000,60
-0.819152,-0.573576,2359.433333,8.427000,8.306213,7.908000,84.250000,1.340885,67.333333,35.400000,1,0,1,0,1,0,1,0,0,8.292721,1.340721,84.475000,3,T3_noon_strong_light,15.666667,13200.000000,60
-0.821647,-0.569997,2359.433333,8.427667,8.304061,7.908333,84.270833,1.340976,67.000000,35.400000,1,0,1,0,1,0,1,0,0,8.291494,1.340758,84.500000,3,T3_noon_strong_light,15.683333,13260.000000,60
-0.824126,-0.566406,2358.300000,8.427000,8.292168,7.909000,84.312500,1.340976,67.000000,35.400000,1,0,1,0,1,0,1,0,0,8.289406,1.340830,84.525000,3,T3_noon_strong_light,15.700000,13320.000000,60
-0.826590,-0.562805,2358.300000,8.426333,8.291512,7.909000,84.312500,1.340976,67.000000,35.400000,1,0,1,0,1,0,1,0,0,8.287514,1.340940,84.550000,3,T3_noon_strong_light,15.716667,13380.000000,60
-0.829038,-0.559193,2358.300000,8.427000,8.292168,7.909333,84.333333,1.340976,67.000000,35.400000,1,0,1,0,1,0,1,0,0,8.286614,1.340976,84.591667,3,T3_noon_strong_light,15.733333,13440.000000,60
-0.831470,-0.555570,2358.300000,8.429000,8.294136,7.910000,84.375000,1.340976,67.000000,35.400000,1,0,1,0,1,0,1,0,0,8.283177,1.340976,84.616667,3,T3_noon_strong_light,15.750000,13500.000000,60
-0.833886,-0.551937,2359.433333,8.427667,8.292824,7.910000,84.375000,1.340794,67.000000,35.400000,1,0,1,0,1,0,1,0,0,8.280171,1.340976,84.650000,3,T3_noon_strong_light,15.766667,13560.000000,60
-0.836286,-0.548293,2360.000000,8.427000,8.292168,7.910667,84.416667,1.340612,67.000000,35.400000,1,0,1,0,1,0,1,0,0,8.279674,1.340976,84.691667,3,T3_noon_strong_light,15.783333,13620.000000,60
-0.838671,-0.544639,2360.000000,8.427000,8.292168,7.912000,84.500000,1.340430,67.000000,35.400000,1,0,1,0,1,0,1,0,0,8.278981,1.340976,84.725000,3,T3_noon_strong_light,15.800000,13680.000000,60
-0.841039,-0.540974,2359.466667,8.429000,8.294136,7.912667,84.541667,1.340794,67.000000,35.400000,1,0,1,0,1,0,1,0,0,8.276405,1.340976,84.733333,3,T3_noon_strong_light,15.816667,13740.000000,60
-0.843391,-0.537300,2358.633333,8.430000,8.292310,7.912667,84.541667,1.340976,67.000000,35.400000,1,0,1,0,1,0,1,0,0,8.275739,1.340976,84.750000,3,T3_noon_strong_light,15.833333,13800.000000,60
-0.845728,-0.533615,2357.500000,8.430000,8.286690,7.912000,84.500000,1.340976,67.000000,35.400000,1,0,1,0,1,0,1,0,0,8.275504,1.340940,84.783333,3,T3_noon_strong_light,15.850000,13860.000000,60
-0.848048,-0.529919,2357.500000,8.430667,8.281725,7.912667,84.541667,1.340976,67.000000,35.400000,1,0,1,0,1,0,1,0,0,8.274942,1.340903,84.816667,3,T3_noon_strong_light,15.866667,13920.000000,60
-0.850352,-0.526214,2357.500000,8.431667,8.282707,7.914000,84.625000,1.340976,67.000000,35.400000,1,0,1,0,1,0,1,0,0,8.277021,1.340903,84.858333,3,T3_noon_strong_light,15.883333,13980.000000,60
-0.852640,-0.522499,2357.500000,8.433000,8.289639,7.916000,84.750000,1.340976,67.000000,35.400000,1,0,1,0,1,0,1,0,0,8.278604,1.340903,84.891667,3,T3_noon_strong_light,15.900000,14040.000000,60
-0.854912,-0.518773,2358.033333,8.429667,8.275123,7.914667,84.666667,1.340976,67.000000,35.200000,1,0,1,0,1,0,1,0,0,8.280055,1.340903,84.937500,3,T3_noon_strong_light,15.916667,14100.000000,60
-0.857167,-0.515038,2358.033333,8.429000,8.271659,7.914667,84.666667,1.340976,67.000000,35.100000,1,0,1,0,1,0,1,0,0,8.280513,1.340940,84.983333,3,T3_noon_strong_light,15.933333,14160.000000,60
-0.859406,-0.511293,2357.500000,8.431000,8.279242,7.916000,84.750000,1.340976,67.000000,35.100000,1,0,1,0,1,0,1,0,0,8.279912,1.340976,85.012500,3,T3_noon_strong_light,15.950000,14220.000000,60
-0.861629,-0.507538,2357.500000,8.431000,8.279242,7.916667,84.791667,1.340976,67.000000,35.100000,1,0,1,0,1,0,1,0,0,8.276735,1.340976,85.025000,3,T3_noon_strong_light,15.966667,14280.000000,60
-0.863836,-0.503774,2358.900000,8.431333,8.276759,7.916667,84.791667,1.340976,67.000000,35.100000,1,0,1,0,1,0,1,0,0,8.274551,1.340976,85.045833,3,T3_noon_strong_light,15.983333,14340.000000,60
-0.866025,-0.500000,2361.700000,8.432000,8.271792,7.916000,84.750000,1.340976,67.000000,35.100000,1,0,1,0,1,0,1,0,0,8.273885,1.340976,85.079167,3,T3_noon_strong_light,16.000000,14400.000000,60
-0.868199,-0.496217,2358.366667,8.430667,8.270484,7.917333,84.833333,1.340794,67.000000,35.100000,1,0,1,0,1,0,1,0,0,8.274735,1.340994,85.104167,3,T3_noon_strong_light,16.016667,14460.000000,60
-0.870356,-0.492424,2357.233333,8.431000,8.276432,7.918667,84.916667,1.340794,67.000000,35.100000,1,0,1,0,1,0,1,0,0,8.275585,1.341049,85.129167,3,T3_noon_strong_light,16.033333,14520.000000,60
-0.872496,-0.488621,2358.300000,8.433000,8.289639,7.920000,85.000000,1.340976,67.000000,35.100000,1,0,1,0,1,0,1,0,0,8.276370,1.341103,85.162500,3,T3_noon_strong_light,16.050000,14580.000000,60
-0.874620,-0.484810,2357.233333,8.433667,8.284672,7.919333,84.958333,1.340976,67.000000,35.100000,1,0,1,0,1,0,1,0,0,8.277024,1.341140,85.204167,3,T3_noon_strong_light,16.066667,14640.000000,60
-0.876727,-0.480989,2357.233333,8.433667,8.279049,7.919667,84.979167,1.340976,67.000000,35.100000,1,0,1,0,1,0,1,0,0,8.277024,1.341140,85.237500,3,T3_noon_strong_light,16.083333,14700.000000,60
-0.878817,-0.477159,2358.300000,8.433000,8.272773,7.921000,85.062500,1.340976,67.000000,35.100000,1,0,1,0,1,0,1,0,0,8.277024,1.341122,85.270833,3,T3_noon_strong_light,16.100000,14760.000000,60
-0.880891,-0.473320,2358.300000,8.433667,8.273427,7.921000,85.062500,1.340976,67.000000,35.100000,1,0,1,0,1,0,1,0,0,8.277220,1.341067,85.312500,3,T3_noon_strong_light,16.116667,14820.000000,60
-0.882948,-0.469472,2357.466667,8.434000,8.273754,7.921000,85.062500,1.340976,67.000000,35.100000,1,0,1,0,1,0,1,0,0,8.277809,1.341012,85.354167,3,T3_noon_strong_light,16.133333,14880.000000,60
-0.884988,-0.465615,2355.800000,8.434000,8.273754,7.921000,85.062500,1.340976,67.000000,35.100000,1,0,1,0,1,0,1,0,0,8.278397,1.341012,85.387500,3,T3_noon_strong_light,16.150000,14940.000000,60
-0.887011,-0.461749,2356.933333,8.436000,8.275716,7.922333,85.145833,1.340976,67.000000,35.100000,1,0,1,0,1,0,1,0,0,8.277861,1.341049,85.412500,3,T3_noon_strong_light,16.166667,15000.000000,60
-0.889017,-0.457874,2356.933333,8.437333,8.277024,7.923000,85.187500,1.341067,67.000000,35.100000,1,0,1,0,1,0,1,0,0,8.274421,1.341049,85.429167,3,T3_noon_strong_light,16.183333,15060.000000,60
-0.891007,-0.453990,2355.800000,8.438000,8.277678,7.923000,85.187500,1.341249,67.000000,35.100000,1,0,1,0,1,0,1,0,0,8.269268,1.341049,85.445833,3,T3_noon_strong_light,16.200000,15120.000000,60
-0.892979,-0.450098,2355.800000,8.438000,8.277678,7.923667,85.229167,1.341249,67.000000,35.100000,1,0,1,0,1,0,1,0,0,8.264415,1.341049,85.466667,3,T3_noon_strong_light,16.216667,15180.000000,60
-0.894934,-0.446198,2355.800000,8.437333,8.277024,7.924333,85.270833,1.341158,67.000000,35.100000,1,0,1,0,1,0,1,0,0,8.262466,1.341012,85.504167,3,T3_noon_strong_light,16.233333,15240.000000,60
-0.896873,-0.442289,2355.800000,8.436000,8.275716,7.925000,85.312500,1.340976,67.000000,35.100000,1,0,1,0,1,0,1,0,0,8.260778,1.340940,85.541667,3,T3_noon_strong_light,16.250000,15300.000000,60
-0.898794,-0.438371,2355.266667,8.437333,8.277024,7.925667,85.354167,1.340976,67.000000,34.833333,1,0,1,0,1,0,1,0,0,8.261104,1.340885,85.583333,3,T3_noon_strong_light,16.266667,15360.000000,60
-0.900698,-0.434445,2355.000000,8.439000,8.278659,7.926333,85.395833,1.340976,67.000000,34.700000,1,0,1,0,1,0,1,0,0,8.262686,1.340830,85.625000,3,T3_noon_strong_light,16.283333,15420.000000,60
-0.902585,-0.430511,2355.000000,8.441000,8.280621,7.927000,85.437500,1.340976,67.000000,34.700000,1,0,1,0,1,0,1,0,0,8.262449,1.340776,85.645833,3,T3_noon_strong_light,16.300000,15480.000000,60
-0.904455,-0.426569,2357.800000,8.440333,8.279967,7.927000,85.437500,1.341158,67.000000,34.700000,1,0,1,0,1,0,1,0,0,8.258878,1.340721,85.654167,3,T3_noon_strong_light,16.316667,15540.000000,60
-0.906308,-0.422618,2358.633333,8.439000,8.273033,7.927000,85.437500,1.341158,67.000000,34.700000,1,0,1,0,1,0,1,0,0,8.256432,1.340703,85.679167,3,T3_noon_strong_light,16.333333,15600.000000,60
-0.908143,-0.418660,2357.500000,8.437000,8.259823,7.927000,85.437500,1.340976,67.000000,34.700000,1,0,1,0,1,0,1,0,0,8.254745,1.340703,85.700000,3,T3_noon_strong_light,16.350000,15660.000000,60
-0.909961,-0.414693,2357.500000,8.435667,8.252894,7.927667,85.479167,1.340976,67.000000,34.700000,1,0,1,0,1,0,1,0,0,8.253383,1.340703,85.716667,3,T3_noon_strong_light,16.366667,15720.000000,60
-0.911762,-0.410719,2356.400000,8.436333,8.256358,7.928667,85.541667,1.340976,67.000000,34.700000,1,0,1,0,1,0,1,0,0,8.253407,1.340703,85.750000,3,T3_noon_strong_light,16.383333,15780.000000,60
-0.913545,-0.406737,2354.200000,8.439000,8.270220,7.930000,85.625000,1.340976,67.000000,34.700000,1,0,1,0,1,0,1,0,0,8.253994,1.340703,85.779167,3,T3_noon_strong_light,16.400000,15840.000000,60
-0.915311,-0.402747,2357.533333,8.439000,8.264594,7.930000,85.625000,1.340794,67.000000,34.700000,1,0,1,0,1,0,1,0,0,8.253888,1.340703,85.795833,3,T3_noon_strong_light,16.416667,15900.000000,60
-0.917060,-0.398749,2359.200000,8.438667,8.261455,7.930333,85.645833,1.340703,67.000000,34.700000,1,0,1,0,1,0,1,0,0,8.252265,1.340703,85.820833,3,T3_noon_strong_light,16.433333,15960.000000,60
-0.918791,-0.394744,2359.200000,8.438000,8.260802,7.931000,85.687500,1.340703,67.000000,34.700000,1,0,1,0,1,0,1,0,0,8.248066,1.340703,85.841667,3,T3_noon_strong_light,16.450000,16020.000000,60
-0.920505,-0.390731,2359.200000,8.438000,8.255177,7.930333,85.645833,1.340703,67.000000,34.700000,1,0,1,0,1,0,1,0,0,8.245123,1.340703,85.870833,3,T3_noon_strong_light,16.466667,16080.000000,60
-0.922201,-0.386711,2358.900000,8.438000,8.252364,7.930667,85.666667,1.340703,67.000000,34.700000,1,0,1,0,1,0,1,0,0,8.247594,1.340703,85.933333,3,T3_noon_strong_light,16.483333,16140.000000,60
-0.923880,-0.382683,2358.300000,8.438000,8.252364,7.932000,85.750000,1.340703,67.000000,34.700000,1,0,1,0,1,0,1,0,0,8.248115,1.340667,85.991667,3,T3_noon_strong_light,16.500000,16200.000000,60
-0.925541,-0.378649,2358.300000,8.438667,8.253016,7.932000,85.750000,1.340703,67.000000,34.700000,1,0,1,0,1,0,1,0,0,8.248832,1.340648,86.033333,3,T3_noon_strong_light,16.516667,16260.000000,60
-0.927184,-0.374607,2358.600000,8.439667,8.253994,7.932333,85.770833,1.340703,67.000000,34.700000,1,0,1,0,1,0,1,0,0,8.252189,1.340703,86.058333,3,T3_noon_strong_light,16.533333,16320.000000,60
-0.928810,-0.370557,2359.200000,8.441000,8.255298,7.933000,85.812500,1.340703,67.000000,34.700000,1,0,1,0,1,0,1,0,0,8.254161,1.340758,86.066667,3,T3_noon_strong_light,16.550000,16380.000000,60
-0.930418,-0.366501,2359.200000,8.441000,8.255298,7.933000,85.812500,1.340703,67.000000,34.700000,1,0,1,0,1,0,1,0,0,8.250914,1.340812,86.050000,3,T3_noon_strong_light,16.566667,16440.000000,60
-0.932008,-0.362438,2358.900000,8.440333,8.251833,7.933333,85.833333,1.340703,67.000000,34.700000,1,0,1,0,1,0,1,0,0,8.250570,1.340903,86.050000,3,T3_noon_strong_light,16.583333,16500.000000,60
-0.933580,-0.358368,2358.300000,8.439000,8.244903,7.934000,85.875000,1.340703,67.000000,34.700000,1,0,1,0,1,0,1,0,0,8.251416,1.340976,86.066667,3,T3_noon_strong_light,16.600000,16560.000000,60
-0.935135,-0.354291,2358.900000,8.438333,8.233001,7.934000,85.875000,1.340703,67.000000,34.700000,1,0,1,0,1,0,1,0,0,8.253324,1.340976,86.112500,3,T3_noon_strong_light,16.616667,16620.000000,60
-0.936672,-0.350207,2359.200000,8.440333,8.240579,7.935333,85.958333,1.340703,67.000000,34.566667,1,0,1,0,1,0,1,0,0,8.257746,1.340976,86.175000,3,T3_noon_strong_light,16.633333,16680.000000,60
-0.938191,-0.346117,2359.200000,8.445000,8.267655,7.938000,86.125000,1.340703,67.000000,34.300000,1,0,1,0,1,0,1,0,0,8.259459,1.341012,86.220833,3,T3_noon_strong_light,16.650000,16740.000000,60
-0.939693,-0.342020,2358.600000,8.443000,8.254440,7.938000,86.125000,1.340521,67.000000,34.300000,1,0,1,0,1,0,1,0,0,8.259589,1.341067,86.250000,3,T3_noon_strong_light,16.666667,16800.000000,60
-0.941176,-0.337917,2356.366667,8.442667,8.248485,7.937333,86.083333,1.340612,67.000000,34.300000,1,0,1,0,1,0,1,0,0,8.259589,1.341122,86.279167,3,T3_noon_strong_light,16.683333,16860.000000,60
-0.942641,-0.333807,2352.500000,8.444000,8.249788,7.936000,86.000000,1.340976,67.000000,34.300000,1,0,1,0,1,0,1,0,0,8.259785,1.341176,86.304167,3,T3_noon_strong_light,16.700000,16920.000000,60
-0.944089,-0.329691,2331.366667,8.444667,8.250439,7.936000,86.000000,1.340976,67.000000,34.300000,1,0,1,0,1,0,1,0,0,8.256903,1.341213,86.320833,3,T3_noon_strong_light,16.716667,16980.000000,60
-0.945519,-0.325568,2331.100000,8.445667,8.251416,7.936667,86.041667,1.340976,67.000000,34.300000,1,0,1,0,1,0,1,0,0,8.254152,1.341176,86.354167,3,T3_noon_strong_light,16.733333,17040.000000,60
-0.946930,-0.321439,2351.700000,8.447000,8.252719,7.938000,86.125000,1.340976,67.000000,34.300000,1,0,1,0,1,0,1,0,0,8.251466,1.341158,86.387500,3,T3_noon_strong_light,16.750000,17100.000000,60
-0.948324,-0.317305,2352.233333,8.447000,8.252719,7.938667,86.166667,1.340976,67.000000,34.300000,1,0,1,0,1,0,1,0,0,8.248911,1.341158,86.412500,3,T3_noon_strong_light,16.766667,17160.000000,60
-0.949699,-0.313164,2352.233333,8.448000,8.259328,7.939667,86.229167,1.340976,67.000000,34.300000,1,0,1,0,1,0,1,0,0,8.246094,1.341158,86.429167,3,T3_noon_strong_light,16.783333,17220.000000,60
-0.951057,-0.309017,2351.700000,8.450000,8.272550,7.941000,86.312500,1.340976,67.000000,34.300000,1,0,1,0,1,0,1,0,0,8.243971,1.341140,86.454167,3,T3_noon_strong_light,16.800000,17280.000000,60
-0.952396,-0.304864,2351.700000,8.448667,8.259980,7.940333,86.270833,1.341158,67.000000,34.300000,1,0,1,0,1,0,1,0,0,8.244296,1.341140,86.483333,3,T3_noon_strong_light,16.816667,17340.000000,60
-0.953717,-0.300706,2351.400000,8.447667,8.253370,7.940333,86.270833,1.341249,67.000000,34.300000,1,0,1,0,1,0,1,0,0,8.245748,1.341103,86.520833,3,T3_noon_strong_light,16.833333,17400.000000,60
-0.955020,-0.296542,2350.800000,8.447000,8.252719,7.941000,86.312500,1.341249,67.000000,34.300000,1,0,1,0,1,0,1,0,0,8.247460,1.341049,86.558333,3,T3_noon_strong_light,16.850000,17460.000000,60
-0.956305,-0.292372,2350.800000,8.449000,8.260306,7.941667,86.354167,1.341249,67.000000,34.300000,1,0,1,0,1,0,1,0,0,8.247482,1.340994,86.595833,3,T3_noon_strong_light,16.866667,17520.000000,60
-0.957571,-0.288196,2351.933333,8.449667,8.258141,7.942333,86.395833,1.341158,67.000000,34.300000,1,0,1,0,1,0,1,0,0,8.246117,1.340976,86.616667,3,T3_noon_strong_light,16.883333,17580.000000,60
-0.958820,-0.284015,2354.200000,8.449000,8.246224,7.943000,86.437500,1.340976,67.000000,34.300000,1,0,1,0,1,0,1,0,0,8.244817,1.341012,86.641667,3,T3_noon_strong_light,16.900000,17640.000000,60
-0.960050,-0.279829,2351.933333,8.448333,8.239941,7.943000,86.437500,1.341158,67.000000,34.300000,1,0,1,0,1,0,1,0,0,8.243712,1.341049,86.662500,3,T3_noon_strong_light,16.916667,17700.000000,60
-0.961262,-0.275637,2350.800000,8.448333,8.239941,7.943000,86.437500,1.341249,67.000000,34.300000,1,0,1,0,1,0,1,0,0,8.242347,1.341049,86.675000,3,T3_noon_strong_light,16.933333,17760.000000,60
-0.962455,-0.271440,2350.800000,8.449000,8.246224,7.943000,86.437500,1.341249,67.000000,34.300000,1,0,1,0,1,0,1,0,0,8.239898,1.341012,86.704167,3,T3_noon_strong_light,16.950000,17820.000000,60
-0.963630,-0.267238,2351.400000,8.450333,8.247525,7.944333,86.520833,1.341067,67.000000,34.300000,1,0,1,0,1,0,1,0,0,8.239335,1.340994,86.741667,3,T3_noon_strong_light,16.966667,17880.000000,60
-0.964787,-0.263031,2353.066667,8.450667,8.247851,7.945333,86.583333,1.340976,67.000000,34.133333,1,0,1,0,1,0,1,0,0,8.241676,1.341012,86.762500,3,T3_noon_strong_light,16.983333,17940.000000,60
-0.965926,-0.258819,2355.800000,8.450000,8.247200,7.946000,86.625000,1.340976,67.000000,33.800000,1,0,1,0,1,0,1,0,0,8.242825,1.341031,86.779167,3,T3_noon_strong_light,17.000000,18000.000000,60
-0.967046,-0.254602,2355.800000,8.451333,8.248501,7.946000,86.625000,1.340976,67.000000,33.800000,1,0,1,0,1,0,1,0,0,8.243410,1.341085,86.804167,3,T3_noon_strong_light,17.016667,18060.000000,60
-0.968148,-0.250380,2354.700000,8.452000,8.246335,7.946000,86.625000,1.340976,67.000000,33.800000,1,0,1,0,1,0,1,0,0,8.245511,1.341176,86.812500,3,T3_noon_strong_light,17.033333,18120.000000,60
-0.969231,-0.246153,2352.500000,8.452000,8.240700,7.946000,86.625000,1.340976,67.000000,33.800000,1,0,1,0,1,0,1,0,0,8.246725,1.341213,86.829167,3,T3_noon_strong_light,17.050000,18180.000000,60
-0.970296,-0.241922,2351.366667,8.452667,8.241350,7.947333,86.708333,1.341158,67.000000,33.800000,1,0,1,0,1,0,1,0,0,8.245034,1.341176,86.858333,3,T3_noon_strong_light,17.066667,18240.000000,60
-0.971342,-0.237686,2351.933333,8.453000,8.241675,7.947667,86.729167,1.341158,67.000000,33.800000,1,0,1,0,1,0,1,0,0,8.244860,1.341176,86.895833,3,T3_noon_strong_light,17.083333,18300.000000,60
-0.972370,-0.233445,2354.200000,8.453000,8.241675,7.947000,86.687500,1.340976,67.000000,33.800000,1,0,1,0,1,0,1,0,0,8.244382,1.341213,86.933333,3,T3_noon_strong_light,17.100000,18360.000000,60
-0.973379,-0.229200,2352.533333,8.451000,8.234091,7.948333,86.770833,1.340794,67.000000,33.800000,1,0,1,0,1,0,1,0,0,8.244034,1.341249,86.979167,3,T3_noon_strong_light,17.116667,18420.000000,60
-0.974370,-0.224951,2350.566667,8.452000,8.237883,7.949000,86.812500,1.340885,67.000000,33.800000,1,0,1,0,1,0,1,0,0,8.244944,1.341285,87.025000,3,T3_noon_strong_light,17.133333,18480.000000,60
-0.975342,-0.220697,2348.300000,8.456000,8.253056,7.949000,86.812500,1.341249,67.000000,33.800000,1,0,1,0,1,0,1,0,0,8.245724,1.341322,87.058333,3,T3_noon_strong_light,17.150000,18540.000000,60
-0.976296,-0.216440,2350.566667,8.456000,8.247419,7.949000,86.812500,1.341249,67.000000,33.800000,1,0,1,0,1,0,1,0,0,8.246114,1.341304,87.091667,3,T3_noon_strong_light,17.166667,18600.000000,60
-0.977231,-0.212178,2351.400000,8.456000,8.244600,7.949000,86.812500,1.341249,67.000000,33.800000,1,0,1,0,1,0,1,0,0,8.247372,1.341213,87.141667,3,T3_noon_strong_light,17.183333,18660.000000,60
-0.978148,-0.207912,2350.800000,8.456000,8.244600,7.949000,86.812500,1.341249,67.000000,33.800000,1,0,1,0,1,0,1,0,0,8.248760,1.341158,87.183333,3,T3_noon_strong_light,17.200000,18720.000000,60
-0.979045,-0.203642,2350.800000,8.455333,8.243950,7.950333,86.895833,1.341067,67.000000,33.800000,1,0,1,0,1,0,1,0,0,8.249909,1.341158,87.216667,3,T3_noon_strong_light,17.216667,18780.000000,60
-0.979925,-0.199368,2350.800000,8.456000,8.244600,7.951333,86.958333,1.341067,67.000000,33.800000,1,0,1,0,1,0,1,0,0,8.252577,1.341158,87.266667,3,T3_noon_strong_light,17.233333,18840.000000,60
-0.980785,-0.195090,2350.800000,8.458000,8.246550,7.952000,87.000000,1.341249,67.000000,33.800000,1,0,1,0,1,0,1,0,0,8.252988,1.341176,87.316667,3,T3_noon_strong_light,17.250000,18900.000000,60
-0.981627,-0.190809,2350.266667,8.459333,8.242210,7.952000,87.000000,1.341431,67.000000,33.800000,1,0,1,0,1,0,1,0,0,8.252205,1.341213,87.358333,3,T3_noon_strong_light,17.266667,18960.000000,60
-0.982450,-0.186524,2350.266667,8.460000,8.242860,7.952667,87.041667,1.341431,67.000000,33.800000,1,0,1,0,1,0,1,0,0,8.251032,1.341176,87.408333,3,T3_noon_strong_light,17.283333,19020.000000,60
-0.983255,-0.182236,2350.800000,8.460000,8.248500,7.954000,87.125000,1.341249,67.000000,33.800000,1,0,1,0,1,0,1,0,0,8.251617,1.341122,87.466667,3,T3_noon_strong_light,17.300000,19080.000000,60
-0.984041,-0.177944,2351.400000,8.460000,8.248500,7.954000,87.125000,1.341249,67.000000,33.533333,1,0,1,0,1,0,1,0,0,8.251508,1.341085,87.516667,3,T3_noon_strong_light,17.316667,19140.000000,60
-0.984808,-0.173648,2350.866667,8.460000,8.248500,7.954667,87.166667,1.341158,67.000000,33.400000,1,0,1,0,1,0,1,0,0,8.252658,1.341085,87.558333,3,T3_noon_strong_light,17.333333,19200.000000,60
-0.985556,-0.169350,2349.200000,8.460000,8.248500,7.956000,87.250000,1.340976,67.000000,33.400000,1,0,1,0,1,0,1,0,0,8.256260,1.341103,87.591667,3,T3_noon_strong_light,17.350000,19260.000000,60
-0.986286,-0.165048,2349.200000,8.461333,8.249800,7.956000,87.250000,1.341158,67.000000,33.400000,1,0,1,0,1,0,1,0,0,8.260686,1.341158,87.625000,3,T3_noon_strong_light,17.366667,19320.000000,60
-0.986996,-0.160743,2349.200000,8.463000,8.254246,7.956667,87.291667,1.341249,67.000000,33.400000,1,0,1,0,1,0,1,0,0,8.262596,1.341213,87.658333,3,T3_noon_strong_light,17.383333,19380.000000,60
-0.987688,-0.156434,2349.200000,8.465000,8.261840,7.958000,87.375000,1.341249,67.000000,33.400000,1,0,1,0,1,0,1,0,0,8.266331,1.341213,87.683333,3,T3_noon_strong_light,17.400000,19440.000000,60
-0.988362,-0.152123,2348.600000,8.465000,8.250553,7.958667,87.416667,1.341249,67.000000,33.400000,1,0,1,0,1,0,1,0,0,8.273215,1.341176,87.720833,3,T3_noon_strong_light,17.416667,19500.000000,60
-0.989016,-0.147809,2348.033333,8.464667,8.244585,7.959333,87.458333,1.341158,67.000000,33.400000,1,0,1,0,1,0,1,0,0,8.280493,1.341176,87.783333,3,T3_noon_strong_light,17.433333,19560.000000,60
-0.989651,-0.143493,2347.500000,8.464000,8.243936,7.960000,87.500000,1.340976,67.000000,33.400000,1,0,1,0,1,0,1,0,0,8.287206,1.341176,87.829167,3,T3_noon_strong_light,17.450000,19620.000000,60
-0.990268,-0.139173,2347.500000,8.466000,8.257172,7.961333,87.583333,1.340976,67.000000,33.400000,1,0,1,0,1,0,1,0,0,8.293224,1.341176,87.858333,3,T3_noon_strong_light,17.466667,19680.000000,60
-0.990866,-0.134851,2348.066667,8.467333,8.261295,7.962000,87.625000,1.341067,67.000000,33.400000,1,0,1,0,1,0,1,0,0,8.295331,1.341213,87.895833,3,T3_noon_strong_light,17.483333,19740.000000,60
-0.991445,-0.130526,2349.200000,8.468000,8.256300,7.962000,87.625000,1.341249,67.000000,33.400000,1,0,1,0,1,0,1,0,0,8.294028,1.341213,87.937500,3,T3_noon_strong_light,17.500000,19800.000000,60
-0.992005,-0.126199,2347.533333,8.468667,8.262596,7.962000,87.625000,1.341249,67.000000,33.400000,1,0,1,0,1,0,1,0,0,8.291202,1.341158,87.966667,3,T3_noon_strong_light,17.516667,19860.000000,60
-0.992546,-0.121869,2346.400000,8.469333,8.266069,7.962667,87.666667,1.341249,67.000000,33.400000,1,0,1,0,1,0,1,0,0,8.289767,1.341103,88.012500,3,T3_noon_strong_light,17.533333,19920.000000,60
-0.993068,-0.117537,2345.800000,8.470000,8.266720,7.964000,87.750000,1.341249,67.000000,33.400000,1,0,1,0,1,0,1,0,0,8.289028,1.341049,88.066667,3,T3_noon_strong_light,17.550000,19980.000000,60
-0.993572,-0.113203,2346.933333,8.472000,8.279968,7.964000,87.750000,1.341067,67.000000,33.400000,1,0,1,0,1,0,1,0,0,8.289049,1.341012,88.116667,3,T3_noon_strong_light,17.566667,20040.000000,60
-0.994056,-0.108867,2345.833333,8.474333,8.290723,7.965000,87.812500,1.341067,67.000000,33.400000,1,0,1,0,1,0,1,0,0,8.289201,1.341049,88.150000,3,T3_noon_strong_light,17.583333,20100.000000,60
-0.994522,-0.104528,2342.500000,8.477000,8.298983,7.967000,87.937500,1.341249,67.000000,33.400000,1,0,1,0,1,0,1,0,0,8.289222,1.341103,88.179167,3,T3_noon_strong_light,17.600000,20160.000000,60
-0.994969,-0.100188,2341.966667,8.477667,8.299636,7.966333,87.895833,1.341249,67.000000,33.400000,1,0,1,0,1,0,1,0,0,8.287026,1.341140,88.204167,3,T3_noon_strong_light,17.616667,20220.000000,60
-0.995396,-0.095846,2341.700000,8.477667,8.296810,7.966333,87.895833,1.341249,67.000000,33.266667,1,0,1,0,1,0,1,0,0,8.283309,1.341140,88.220833,3,T3_noon_strong_light,17.633333,20280.000000,60
-0.995805,-0.091502,2341.700000,8.477000,8.290506,7.967000,87.937500,1.341249,67.000000,33.000000,1,0,1,0,1,0,1,0,0,8.279091,1.341158,88.241667,3,T3_noon_strong_light,17.650000,20340.000000,60
-0.996195,-0.087156,2340.033333,8.476333,8.284203,7.968333,88.020833,1.341067,67.000000,33.000000,1,0,1,0,1,0,1,0,0,8.277525,1.341140,88.266667,3,T3_noon_strong_light,17.666667,20400.000000,60
-0.996566,-0.082808,2338.066667,8.477000,8.284855,7.969333,88.083333,1.340976,67.000000,33.000000,1,0,1,0,1,0,1,0,0,8.280004,1.341085,88.283333,3,T3_noon_strong_light,17.683333,20460.000000,60
-0.996917,-0.078459,2335.800000,8.479000,8.292462,7.970000,88.125000,1.340976,67.000000,33.000000,1,0,1,0,1,0,1,0,0,8.283569,1.341049,88.304167,3,T3_noon_strong_light,17.700000,20520.000000,60
-0.997250,-0.074108,2320.266667,8.479667,8.293114,7.970667,88.166667,1.340976,67.000000,33.000000,1,0,1,0,1,0,1,0,0,8.287959,1.341067,88.337500,3,T3_noon_strong_light,17.716667,20580.000000,60
-0.997564,-0.069756,2320.000000,8.480000,8.290613,7.971000,88.187500,1.341067,67.000000,33.000000,1,0,1,0,1,0,1,0,0,8.291828,1.341085,88.379167,3,T3_noon_strong_light,17.733333,20640.000000,60
-0.997859,-0.065403,2335.000000,8.480000,8.284960,7.971000,88.187500,1.341249,67.000000,33.000000,1,0,1,0,1,0,1,0,0,8.293174,1.340412,88.416667,3,T3_noon_strong_light,17.750000,20700.000000,60
-0.998135,-0.061049,2333.333333,8.480000,8.284960,7.971667,88.229167,1.341249,67.000000,33.000000,1,0,1,0,1,0,1,0,0,8.290606,1.339411,88.454167,3,T3_noon_strong_light,17.766667,20760.000000,60
-0.998392,-0.056693,2328.900000,8.479333,8.281482,7.972000,88.250000,1.341158,67.000000,33.000000,1,0,1,0,1,0,1,0,0,8.288909,1.338375,88.483333,3,T3_noon_strong_light,17.783333,20820.000000,60
-0.998630,-0.052336,2321.700000,8.478000,8.274528,7.972000,88.250000,1.340976,67.000000,33.000000,1,0,1,0,1,0,1,0,0,8.286776,1.337320,88.516667,3,T3_noon_strong_light,17.800000,20880.000000,60
-0.998848,-0.047978,2326.700000,8.478667,8.269526,7.972667,88.291667,1.341158,67.000000,33.000000,1,0,1,0,1,0,1,0,0,8.285665,1.336210,88.545833,3,T3_noon_strong_light,17.816667,20940.000000,60
-0.999048,-0.043619,2324.200000,8.480667,8.277131,7.973000,88.312500,1.341158,67.000000,33.000000,1,0,1,0,1,0,1,0,0,8.285555,1.335756,88.583333,3,T3_noon_strong_light,17.833333,21000.000000,60
-0.999229,-0.039260,2314.200000,8.484000,8.297352,7.973000,88.312500,1.340976,67.000000,33.000000,1,0,1,0,1,0,1,0,0,8.285815,1.335701,88.604167,3,T3_noon_strong_light,17.850000,21060.000000,60
-0.999391,-0.034899,2320.266667,8.486000,8.299308,7.973667,88.354167,1.340976,67.000000,33.000000,1,0,1,0,1,0,1,0,0,8.284147,1.335671,88.638889,3,T3_noon_strong_light,17.866667,21120.000000,60
-0.999534,-0.030539,2323.033333,8.486000,8.296479,7.974667,88.416667,1.341067,67.000000,33.000000,1,0,1,0,1,0,1,0,0,8.283312,1.335611,88.666667,3,T3_noon_strong_light,17.883333,21180.000000,60
-0.999657,-0.026177,2322.500000,8.484000,8.288868,7.976000,88.500000,1.341249,67.000000,33.000000,1,0,1,0,1,0,1,0,0,8.283312,1.335520,88.687500,3,T3_noon_strong_light,17.900000,21240.000000,60
0.000000,-1.000000,2500.000000,8.308000,8.258152,8.124000,93.100000,1.068336,78.000000,14.400000,1,0,1,0,0,1,0,1,0,8.276044,1.087900,92.900000,4,T4_home_full_car_charge,12.000000,0.000000,60
-0.004363,-0.999990,2500.000000,8.308000,8.258152,8.124000,93.100000,1.068336,78.000000,14.400000,1,0,1,0,0,1,0,1,0,8.283501,1.093834,92.880000,4,T4_home_full_car_charge,12.016667,60.000000,60
-0.008727,-0.999962,2500.000000,8.308000,8.258152,8.124000,93.100000,1.068336,78.000000,14.400000,1,0,1,0,0,1,0,1,0,8.287629,1.096801,92.865000,4,T4_home_full_car_charge,12.033333,120.000000,60
-0.013090,-0.999914,2500.000000,8.308000,8.258152,8.124000,93.100000,1.068336,78.000000,14.400000,1,0,1,0,0,1,0,1,0,8.290091,1.095812,92.852500,4,T4_home_full_car_charge,12.050000,180.000000,60
-0.017452,-0.999848,2500.000000,8.308800,8.260609,8.123600,93.090000,1.075217,78.000000,14.400000,1,0,1,0,0,1,0,1,0,8.291687,1.092647,92.841000,4,T4_home_full_car_charge,12.066667,240.000000,60
-0.021815,-0.999762,2500.000000,8.312000,8.270440,8.122000,93.050000,1.102735,78.000000,14.400000,1,0,1,0,0,1,0,1,0,8.295615,1.092647,92.816000,4,T4_home_full_car_charge,12.083333,300.000000,60
-0.026177,-0.999657,2500.000000,8.320000,8.285056,8.121200,93.030000,1.114603,78.800000,14.400000,1,0,1,0,0,1,0,1,0,8.299169,1.091065,92.795000,4,T4_home_full_car_charge,12.100000,360.000000,60
-0.030539,-0.999534,2500.000000,8.325600,8.292298,8.119800,92.995000,1.105702,78.400000,14.400000,1,0,1,0,0,1,0,1,0,8.302151,1.087900,92.772000,4,T4_home_full_car_charge,12.116667,420.000000,60
-0.034899,-0.999391,2500.000000,8.324800,8.284841,8.118600,92.965000,1.097790,78.400000,14.400000,1,0,1,0,0,1,0,1,0,8.304415,1.085509,92.747000,4,T4_home_full_car_charge,12.133333,480.000000,60
-0.039260,-0.999229,2500.000000,8.321200,8.271273,8.117600,92.940000,1.095812,79.000000,14.400000,1,0,1,0,0,1,0,1,0,8.306267,1.084881,92.722000,4,T4_home_full_car_charge,12.150000,540.000000,60
-0.043619,-0.999048,2500.000000,8.326000,8.276044,8.116000,92.900000,1.087900,79.000000,14.400000,1,0,1,0,0,1,0,1,0,8.308856,1.081914,92.697000,4,T4_home_full_car_charge,12.166667,600.000000,60
-0.047978,-0.998848,2500.000000,8.327600,8.290959,8.114400,92.860000,1.099768,79.000000,14.400000,1,0,1,0,0,1,0,1,0,8.307403,1.078155,92.668000,4,T4_home_full_car_charge,12.183333,660.000000,60
-0.052336,-0.998630,2500.000000,8.329200,8.295883,8.113400,92.835000,1.102735,79.000000,14.400000,1,0,1,0,0,1,0,1,0,8.307135,1.081294,92.644000,4,T4_home_full_car_charge,12.200000,720.000000,60
-0.056693,-0.998392,2500.000000,8.330800,8.297477,8.112600,92.815000,1.092845,78.600000,14.400000,1,0,1,0,0,1,0,1,0,8.308491,1.087200,92.622000,4,T4_home_full_car_charge,12.216667,780.000000,60
-0.061049,-0.998135,2500.000000,8.331400,8.298074,8.111800,92.795000,1.079988,78.200000,14.400000,1,0,1,0,0,1,0,1,0,8.309781,1.089951,92.597000,4,T4_home_full_car_charge,12.233333,840.000000,60
-0.065403,-0.997859,2500.000000,8.329000,8.295684,8.111000,92.775000,1.087900,79.000000,14.400000,1,0,1,0,0,1,0,1,0,8.309854,1.091842,92.572000,4,T4_home_full_car_charge,12.250000,900.000000,60
-0.069756,-0.997564,2500.000000,8.335400,8.308727,8.110200,92.755000,1.091856,79.000000,14.400000,1,0,1,0,0,1,0,1,0,8.311840,1.091429,92.551000,4,T4_home_full_car_charge,12.266667,960.000000,60
-0.074108,-0.997250,2500.000000,8.335800,8.310793,8.108800,92.720000,1.086911,79.000000,14.400000,1,0,1,0,0,1,0,1,0,8.312184,1.087473,92.528000,4,T4_home_full_car_charge,12.283333,1020.000000,60
-0.078459,-0.996917,2500.000000,8.333800,8.308799,8.107600,92.690000,1.080890,78.600000,14.400000,1,0,1,0,0,1,0,1,0,8.311463,1.084704,92.505000,4,T4_home_full_car_charge,12.300000,1080.000000,60
-0.082808,-0.996566,2500.000000,8.334000,8.307331,8.106800,92.670000,1.076847,78.200000,14.400000,1,0,1,0,0,1,0,1,0,8.311169,1.087078,92.485000,4,T4_home_full_car_charge,12.316667,1140.000000,60
-0.087156,-0.996195,2500.000000,8.342000,8.308632,8.106000,92.650000,1.073065,79.000000,14.400000,1,0,1,0,0,1,0,1,0,8.310498,1.091032,92.465000,4,T4_home_full_car_charge,12.333333,1200.000000,60
-0.091502,-0.995805,2500.000000,8.334800,8.301461,8.104400,92.610000,1.073065,79.000000,14.400000,1,0,1,0,0,1,0,1,0,8.309129,1.096534,92.445000,4,T4_home_full_car_charge,12.350000,1260.000000,60
-0.095846,-0.995396,2500.000000,8.337800,8.309451,8.104000,92.600000,1.102601,79.000000,14.400000,1,0,1,0,0,1,0,1,0,8.309632,1.102450,92.425000,4,T4_home_full_car_charge,12.366667,1320.000000,60
-0.100188,-0.994969,2500.000000,8.340600,8.315578,8.103200,92.580000,1.110422,79.000000,14.400000,1,0,1,0,0,1,0,1,0,8.310992,1.106405,92.405000,4,T4_home_full_car_charge,12.383333,1380.000000,60
-0.104528,-0.994522,2500.000000,8.338800,8.313784,8.101800,92.545000,1.090602,79.000000,14.400000,1,0,1,0,0,1,0,1,0,8.312657,1.107403,92.385000,4,T4_home_full_car_charge,12.400000,1440.000000,60
-0.108867,-0.994056,2500.000000,8.334000,8.308998,8.101000,92.525000,1.082517,79.000000,14.400000,1,0,1,0,0,1,0,1,0,8.318587,1.108436,92.365000,4,T4_home_full_car_charge,12.416667,1500.000000,60
-0.113203,-0.993572,2500.000000,8.336400,8.311391,8.100200,92.505000,1.071000,79.000000,14.400000,1,0,1,0,0,1,0,1,0,8.324418,1.107096,92.349000,4,T4_home_full_car_charge,12.433333,1560.000000,60
-0.117537,-0.993068,2500.000000,8.341200,8.311172,8.099400,92.485000,1.082824,79.000000,14.400000,1,0,1,0,0,1,0,1,0,8.328101,1.105729,92.334000,4,T4_home_full_car_charge,12.450000,1620.000000,60
-0.121869,-0.992546,2500.000000,8.342000,8.311969,8.098600,92.465000,1.096579,79.400000,14.400000,1,0,1,0,0,1,0,1,0,8.330927,1.105136,92.317000,4,T4_home_full_car_charge,12.466667,1680.000000,60
-0.126199,-0.992005,2500.000000,8.339000,8.312315,8.097800,92.445000,1.102467,79.800000,14.400000,1,0,1,0,0,1,0,1,0,8.333365,1.104354,92.298000,4,T4_home_full_car_charge,12.483333,1740.000000,60
-0.130526,-0.991445,2500.000000,8.339000,8.305644,8.097000,92.425000,1.102289,79.000000,14.400000,1,0,1,0,0,1,0,1,0,8.330897,1.100443,92.283000,4,T4_home_full_car_charge,12.500000,1800.000000,60
-0.134851,-0.990866,2500.000000,8.344600,8.304546,8.096200,92.405000,1.098512,79.800000,14.400000,1,0,1,0,0,1,0,1,0,8.329865,1.099625,92.260000,4,T4_home_full_car_charge,12.516667,1860.000000,60
-0.139173,-0.990268,2500.000000,8.345400,8.313687,8.095400,92.385000,1.112400,80.000000,14.400000,1,0,1,0,0,1,0,1,0,8.329955,1.099607,92.238000,4,T4_home_full_car_charge,12.533333,1920.000000,60
-0.143493,-0.989651,2500.000000,8.343800,8.318769,8.094600,92.365000,1.116355,79.600000,14.400000,1,0,1,0,0,1,0,1,0,8.330395,1.098043,92.220000,4,T4_home_full_car_charge,12.550000,1980.000000,60
-0.147809,-0.989016,2500.000000,8.344000,8.320637,8.093800,92.345000,1.107456,79.200000,14.400000,1,0,1,0,0,1,0,1,0,8.331287,1.094914,92.204000,4,T4_home_full_car_charge,12.566667,2040.000000,60
-0.152123,-0.988362,2500.000000,8.352000,8.335296,8.093000,92.325000,1.107456,80.000000,14.400000,1,0,1,0,0,1,0,1,0,8.334953,1.094914,92.184000,4,T4_home_full_car_charge,12.583333,2100.000000,60
-0.156434,-0.987688,2500.000000,8.350400,8.333699,8.093000,92.325000,1.091812,79.200000,14.400000,1,0,1,0,0,1,0,1,0,8.336544,1.100488,92.168000,4,T4_home_full_car_charge,12.600000,2160.000000,60
-0.160743,-0.986996,2500.000000,8.348800,8.332102,8.092400,92.310000,1.105568,79.000000,14.220000,1,0,1,0,0,1,0,1,0,8.336808,1.103274,92.150000,4,T4_home_full_car_charge,12.616667,2220.000000,60
-0.165048,-0.986286,2500.000000,8.349600,8.332901,8.091200,92.280000,1.113389,79.400000,14.100000,1,0,1,0,0,1,0,1,0,8.335736,1.102861,92.130000,4,T4_home_full_car_charge,12.633333,2280.000000,60
-0.169350,-0.985556,2500.000000,8.351200,8.332827,8.090000,92.250000,1.103545,80.000000,14.100000,1,0,1,0,0,1,0,1,0,8.333093,1.101244,92.111000,4,T4_home_full_car_charge,12.650000,2340.000000,60
-0.173648,-0.984808,2500.000000,8.348000,8.322956,8.090000,92.250000,1.087900,80.000000,14.100000,1,0,1,0,0,1,0,1,0,8.328953,1.097288,92.096000,4,T4_home_full_car_charge,12.666667,2400.000000,60
-0.177944,-0.984041,2500.000000,8.353600,8.328539,8.088400,92.210000,1.087724,80.000000,14.100000,1,0,1,0,0,1,0,1,0,8.324435,1.093296,92.077000,4,T4_home_full_car_charge,12.683333,2460.000000,60
-0.182236,-0.983255,2500.000000,8.352600,8.332554,8.088000,92.200000,1.105478,80.000000,14.100000,1,0,1,0,0,1,0,1,0,8.322993,1.091669,92.060000,4,T4_home_full_car_charge,12.700000,2520.000000,60
-0.186524,-0.982450,2500.000000,8.351800,8.335096,8.087600,92.190000,1.105568,80.000000,14.100000,1,0,1,0,0,1,0,1,0,8.323956,1.091660,92.047000,4,T4_home_full_car_charge,12.716667,2580.000000,60
-0.190809,-0.981627,2500.000000,8.354000,8.337292,8.086800,92.170000,1.087900,80.000000,14.100000,1,0,1,0,0,1,0,1,0,8.326180,1.092684,92.036000,4,T4_home_full_car_charge,12.733333,2640.000000,60
-0.195090,-0.980785,2500.000000,8.358000,8.341284,8.086000,92.150000,1.087900,80.000000,14.100000,1,0,1,0,0,1,0,1,0,8.331717,1.097629,92.021000,4,T4_home_full_car_charge,12.750000,2700.000000,60
-0.199368,-0.979925,2500.000000,8.353200,8.336494,8.085200,92.130000,1.115592,80.000000,14.100000,1,0,1,0,0,1,0,1,0,8.339610,1.097071,92.010000,4,T4_home_full_car_charge,12.766667,2760.000000,60
-0.203642,-0.979045,2500.000000,8.355600,8.333875,8.084400,92.110000,1.119412,80.000000,14.100000,1,0,1,0,0,1,0,1,0,8.344200,1.093978,91.997000,4,T4_home_full_car_charge,12.783333,2820.000000,60
-0.207912,-0.978148,2500.000000,8.354800,8.329736,8.083600,92.090000,1.103501,80.000000,14.100000,1,0,1,0,0,1,0,1,0,8.347693,1.094427,91.980000,4,T4_home_full_car_charge,12.800000,2880.000000,60
-0.212178,-0.977231,2500.000000,8.350800,8.324077,8.083000,92.075000,1.079813,80.200000,14.100000,1,0,1,0,0,1,0,1,0,8.353369,1.100352,91.961000,4,T4_home_full_car_charge,12.816667,2940.000000,60
-0.216440,-0.976296,2500.000000,8.354000,8.320584,8.083000,92.075000,1.068120,81.000000,14.100000,1,0,1,0,0,1,0,1,0,8.358789,1.102286,91.946000,4,T4_home_full_car_charge,12.833333,3000.000000,60
-0.220697,-0.975342,2500.000000,8.354000,8.313901,8.081400,92.035000,1.095635,80.200000,14.100000,1,0,1,0,0,1,0,1,0,8.362491,1.102673,91.927000,4,T4_home_full_car_charge,12.850000,3060.000000,60
-0.224951,-0.974370,2500.000000,8.353400,8.326669,8.081000,92.025000,1.111276,80.600000,14.100000,1,0,1,0,0,1,0,1,0,8.365763,1.103239,91.910000,4,T4_home_full_car_charge,12.866667,3120.000000,60
-0.229200,-0.973379,2500.000000,8.354600,8.334549,8.081000,92.025000,1.103456,80.600000,14.100000,1,0,1,0,0,1,0,1,0,8.367725,1.102619,91.895000,4,T4_home_full_car_charge,12.883333,3180.000000,60
-0.233445,-0.972370,2500.000000,8.358600,8.335196,8.080800,92.020000,1.084933,80.000000,14.100000,1,0,1,0,0,1,0,1,0,8.367176,1.100048,91.878000,4,T4_home_full_car_charge,12.900000,3240.000000,60
-0.237686,-0.971342,2500.000000,8.365000,8.348270,8.080000,92.000000,1.092845,80.000000,14.100000,1,0,1,0,0,1,0,1,0,8.364428,1.099059,91.853000,4,T4_home_full_car_charge,12.916667,3300.000000,60
-0.241922,-0.970296,2500.000000,8.363400,8.353364,8.079200,91.980000,1.092845,80.800000,14.100000,1,0,1,0,0,1,0,1,0,8.363179,1.102781,91.832000,4,T4_home_full_car_charge,12.933333,3360.000000,60
-0.246153,-0.969231,2500.000000,8.363000,8.349619,8.078400,91.960000,1.095812,81.000000,14.100000,1,0,1,0,0,1,0,1,0,8.362949,1.102988,91.812000,4,T4_home_full_car_charge,12.950000,3420.000000,60
-0.250380,-0.968148,2500.000000,8.365400,8.352015,8.077600,91.940000,1.105702,80.600000,14.020000,1,0,1,0,0,1,0,1,0,8.363148,1.100047,91.796000,4,T4_home_full_car_charge,12.966667,3480.000000,60
-0.254602,-0.967046,2500.000000,8.368600,8.363579,8.077000,91.925000,1.114558,80.200000,13.900000,1,0,1,0,0,1,0,1,0,8.363588,1.097287,91.787000,4,T4_home_full_car_charge,12.983333,3540.000000,60
-0.258819,-0.965926,2500.000000,8.367000,8.375367,8.077000,91.925000,1.102512,81.000000,13.900000,1,0,1,0,0,1,0,1,0,8.364987,1.095354,91.782000,4,T4_home_full_car_charge,13.000000,3600.000000,60
-0.263031,-0.964787,2500.000000,8.370200,8.371874,8.075400,91.885000,1.094779,81.000000,13.900000,1,0,1,0,0,1,0,1,0,8.365266,1.089465,91.777000,4,T4_home_full_car_charge,13.016667,3660.000000,60
-0.267238,-0.963630,2500.000000,8.371000,8.365977,8.075000,91.875000,1.098646,81.000000,13.900000,1,0,1,0,0,1,0,1,0,8.365386,1.085526,91.772000,4,T4_home_full_car_charge,13.033333,3720.000000,60
-0.271440,-0.962455,2500.000000,8.370200,8.361830,8.074600,91.865000,1.102601,81.000000,13.900000,1,0,1,0,0,1,0,1,0,8.364646,1.085922,91.763000,4,T4_home_full_car_charge,13.050000,3780.000000,60
-0.275637,-0.961262,2500.000000,8.369200,8.360831,8.073600,91.840000,1.101701,81.000000,13.900000,1,0,1,0,0,1,0,1,0,8.363124,1.089285,91.750000,4,T4_home_full_car_charge,13.066667,3840.000000,60
-0.279829,-0.960050,2500.000000,8.370000,8.361630,8.072000,91.800000,1.097568,81.000000,13.900000,1,0,1,0,0,1,0,1,0,8.364123,1.090274,91.745000,4,T4_home_full_car_charge,13.083333,3900.000000,60
-0.284015,-0.958820,2500.000000,8.374000,8.365626,8.071200,91.780000,1.113389,81.000000,13.900000,1,0,1,0,0,1,0,1,0,8.362982,1.092054,91.740000,4,T4_home_full_car_charge,13.100000,3960.000000,60
-0.288196,-0.957571,2500.000000,8.373200,8.364827,8.071000,91.775000,1.099679,81.000000,13.900000,1,0,1,0,0,1,0,1,0,8.362266,1.095812,91.732000,4,T4_home_full_car_charge,13.116667,4020.000000,60
-0.292372,-0.956305,2500.000000,8.371200,8.362829,8.071400,91.785000,1.087900,81.000000,13.900000,1,0,1,0,0,1,0,1,0,8.363639,1.097592,91.724000,4,T4_home_full_car_charge,13.133333,4080.000000,60
-0.296542,-0.955020,2500.000000,8.371400,8.363029,8.071800,91.795000,1.087900,81.000000,13.900000,1,0,1,0,0,1,0,1,0,8.365905,1.095416,91.717000,4,T4_home_full_car_charge,13.150000,4140.000000,60
-0.300706,-0.953717,2500.000000,8.377000,8.368623,8.071000,91.775000,1.087900,81.000000,13.900000,1,0,1,0,0,1,0,1,0,8.363031,1.096405,91.702000,4,T4_home_full_car_charge,13.166667,4200.000000,60
-0.304864,-0.952396,2500.000000,8.375400,8.367025,8.070200,91.755000,1.083944,81.000000,13.900000,1,0,1,0,0,1,0,1,0,8.362074,1.098977,91.691000,4,T4_home_full_car_charge,13.183333,4260.000000,60
-0.309017,-0.951057,2500.000000,8.373800,8.365426,8.070000,91.750000,1.079988,81.000000,13.900000,1,0,1,0,0,1,0,1,0,8.361403,1.098950,91.666000,4,T4_home_full_car_charge,13.200000,4320.000000,60
-0.313164,-0.949699,2500.000000,8.374200,8.359126,8.069600,91.740000,1.089878,81.000000,13.900000,1,0,1,0,0,1,0,1,0,8.360462,1.088605,91.657000,4,T4_home_full_car_charge,13.216667,4380.000000,60
-0.317305,-0.948324,2500.000000,8.377200,8.355419,8.069200,91.730000,1.104713,81.000000,13.900000,1,0,1,0,0,1,0,1,0,8.359799,1.065597,91.688000,4,T4_home_full_car_charge,13.233333,4440.000000,60
-0.321439,-0.946930,2500.000000,8.382000,8.373618,8.070000,91.750000,1.092845,81.000000,13.900000,1,0,1,0,0,1,0,1,0,8.361115,1.041861,91.723000,4,T4_home_full_car_charge,13.250000,4500.000000,60
-0.325568,-0.945519,2500.000000,8.376400,8.361322,8.069200,91.730000,1.092845,81.800000,13.660000,1,0,1,0,0,1,0,1,0,8.361471,1.016543,91.758000,4,T4_home_full_car_charge,13.266667,4560.000000,60
-0.329691,-0.944089,2500.000000,8.378600,8.361843,8.068400,91.710000,1.098779,82.000000,13.600000,1,0,1,0,0,1,0,1,0,8.362307,0.992659,91.811000,4,T4_home_full_car_charge,13.283333,4620.000000,60
-0.333807,-0.942641,2500.000000,8.379400,8.365993,8.068000,91.700000,1.098779,81.600000,13.600000,1,0,1,0,0,1,0,1,0,8.364325,0.979094,91.850000,4,T4_home_full_car_charge,13.300000,4680.000000,60
-0.337917,-0.941176,2500.000000,8.376800,8.366748,8.067800,91.695000,1.093834,81.000000,13.600000,1,0,1,0,0,1,0,1,0,8.366529,0.979158,91.850000,4,T4_home_full_car_charge,13.316667,4740.000000,60
-0.342020,-0.939693,2500.000000,8.376000,8.359248,8.067000,91.675000,1.097790,81.000000,13.600000,1,0,1,0,0,1,0,1,0,8.365249,0.979158,91.850000,4,T4_home_full_car_charge,13.333333,4800.000000,60
-0.346117,-0.938191,2500.000000,8.380000,8.356536,8.067000,91.675000,1.105702,81.000000,13.600000,1,0,1,0,0,1,0,1,0,8.367133,0.979189,91.850000,4,T4_home_full_car_charge,13.350000,4860.000000,60
-0.350207,-0.936672,2500.000000,8.378600,8.358491,8.063400,91.585000,1.098646,81.000000,13.600000,1,0,1,0,0,1,0,1,0,8.368682,0.979205,91.850000,4,T4_home_full_car_charge,13.366667,4920.000000,60
-0.354291,-0.935135,2500.000000,8.381400,8.361285,8.066200,91.655000,1.047054,81.400000,13.600000,1,0,1,0,0,1,0,1,0,8.368648,0.979221,91.850000,4,T4_home_full_car_charge,13.383333,4980.000000,60
-0.358368,-0.933580,2500.000000,8.388600,8.363434,8.074000,91.850000,0.978793,82.000000,13.600000,1,0,1,0,0,0,0,1,0,8.367744,0.979260,91.848000,4,T4_home_full_car_charge,13.400000,5040.000000,60
-0.362438,-0.932008,2500.000000,8.391000,8.365827,8.074000,91.850000,0.979110,82.000000,13.600000,1,0,1,0,0,0,0,1,0,8.368342,0.979300,91.838000,4,T4_home_full_car_charge,13.416667,5100.000000,60
-0.366501,-0.930418,2500.000000,8.390200,8.358317,8.074000,91.850000,0.979110,82.000000,13.600000,1,0,1,0,0,0,0,1,0,8.367277,0.979276,91.824000,4,T4_home_full_car_charge,13.433333,5160.000000,60
-0.370557,-0.928810,2500.000000,8.391200,8.362670,8.074000,91.850000,0.979229,82.000000,13.600000,1,0,1,0,0,0,0,1,0,8.367164,0.979260,91.812000,4,T4_home_full_car_charge,13.450000,5220.000000,60
-0.374607,-0.927184,2500.000000,8.393200,8.371378,8.074000,91.850000,0.979229,82.000000,13.600000,1,0,1,0,0,0,0,1,0,8.367210,0.979260,91.802000,4,T4_home_full_car_charge,13.466667,5280.000000,60
-0.378649,-0.925541,2500.000000,8.394600,8.374453,8.074000,91.850000,0.979110,82.000000,13.600000,1,0,1,0,0,0,0,1,0,8.366088,0.979253,91.793000,4,T4_home_full_car_charge,13.483333,5340.000000,60
-0.382683,-0.923880,2500.000000,8.393000,8.359428,8.074000,91.850000,0.979110,82.000000,13.600000,1,0,1,0,0,0,0,1,0,8.364807,0.979213,91.788000,4,T4_home_full_car_charge,13.500000,5400.000000,60
-0.386711,-0.922201,2500.000000,8.394600,8.367737,8.074000,91.850000,0.979268,82.000000,13.440000,1,0,1,0,0,0,0,1,0,8.365347,0.979237,91.787000,4,T4_home_full_car_charge,13.516667,5460.000000,60
-0.390731,-0.920505,2500.000000,8.395600,8.370413,8.074000,91.850000,0.979308,82.000000,13.400000,1,0,1,0,0,0,0,1,0,8.364857,0.979253,91.781000,4,T4_home_full_car_charge,13.533333,5520.000000,60
-0.394744,-0.918791,2500.000000,8.396400,8.371211,8.074000,91.850000,0.979308,82.000000,13.400000,1,0,1,0,0,0,0,1,0,8.364208,0.979237,91.771000,4,T4_home_full_car_charge,13.550000,5580.000000,60
-0.398749,-0.917060,2500.000000,8.396800,8.369930,8.073600,91.840000,0.979308,82.000000,13.400000,1,0,1,0,0,0,0,1,0,8.364885,0.979205,91.762000,4,T4_home_full_car_charge,13.566667,5640.000000,60
-0.402747,-0.915311,2500.000000,8.396000,8.362416,8.072000,91.800000,0.979308,82.000000,13.400000,1,0,1,0,0,0,0,1,0,8.365880,0.979205,91.757000,4,T4_home_full_car_charge,13.583333,5700.000000,60
-0.406737,-0.913545,2500.000000,8.396000,8.362416,8.071200,91.780000,0.979150,82.000000,13.400000,1,0,1,0,0,0,0,1,0,8.365053,0.979173,91.748000,4,T4_home_full_car_charge,13.600000,5760.000000,60
-0.410719,-0.911762,2500.000000,8.398400,8.369845,8.071600,91.790000,0.979229,82.000000,13.400000,1,0,1,0,0,0,0,1,0,8.365018,0.979158,91.741000,4,T4_home_full_car_charge,13.616667,5820.000000,60
-0.414693,-0.909961,2500.000000,8.400000,8.371440,8.072000,91.800000,0.979308,82.000000,13.400000,1,0,1,0,0,0,0,1,0,8.364983,0.979173,91.736000,4,T4_home_full_car_charge,13.633333,5880.000000,60
-0.418660,-0.908143,2500.000000,8.399600,8.364322,8.071800,91.795000,0.979268,82.200000,13.400000,1,0,1,0,0,0,0,1,0,8.364869,0.979213,91.731000,4,T4_home_full_car_charge,13.650000,5940.000000,60
-0.422618,-0.906308,2500.000000,8.398000,8.356010,8.071000,91.775000,0.979110,83.000000,13.400000,1,0,1,0,0,0,0,1,0,8.369426,0.979253,91.726000,4,T4_home_full_car_charge,13.666667,6000.000000,60
-0.426569,-0.904455,2500.000000,8.400400,8.365118,8.071000,91.775000,0.979268,82.200000,13.400000,1,0,1,0,0,0,0,1,0,8.372638,0.979292,91.717000,4,T4_home_full_car_charge,13.683333,6060.000000,60
-0.430511,-0.902585,2500.000000,8.401000,8.367396,8.070400,91.760000,0.979308,82.000000,13.400000,1,0,1,0,0,0,0,1,0,8.373138,0.979308,91.710000,4,T4_home_full_car_charge,13.700000,6120.000000,60
-0.434445,-0.900698,2500.000000,8.401800,8.368193,8.070000,91.750000,0.979229,82.400000,13.400000,1,0,1,0,0,0,0,1,0,8.371974,0.979324,91.705000,4,T4_home_full_car_charge,13.716667,6180.000000,60
-0.438371,-0.898794,2500.000000,8.403000,8.367707,8.070000,91.750000,0.979110,82.800000,13.340000,1,0,1,0,0,0,0,1,0,8.370315,0.979363,91.699000,4,T4_home_full_car_charge,13.733333,6240.000000,60
-0.442289,-0.896873,2500.000000,8.403000,8.360985,8.070000,91.750000,0.979110,82.000000,13.100000,1,0,1,0,0,0,0,1,0,8.367150,0.979403,91.689000,4,T4_home_full_car_charge,13.750000,6300.000000,60
-0.446198,-0.894934,2500.000000,8.403000,8.360985,8.069200,91.730000,0.979110,82.000000,13.100000,1,0,1,0,0,0,0,1,0,8.365331,0.979443,91.687000,4,T4_home_full_car_charge,13.766667,6360.000000,60
-0.450098,-0.892979,2500.000000,8.404200,8.367222,8.069000,91.725000,0.979229,82.600000,13.100000,1,0,1,0,0,0,0,1,0,8.365216,0.979458,91.684000,4,T4_home_full_car_charge,13.783333,6420.000000,60
-0.453990,-0.891007,2500.000000,8.405000,8.368018,8.069000,91.725000,0.979308,82.600000,13.100000,1,0,1,0,0,0,0,1,0,8.361465,1.049709,91.615000,4,T4_home_full_car_charge,13.800000,6480.000000,60
-0.457874,-0.889017,2500.000000,8.405800,8.367133,8.069000,91.725000,0.979308,82.200000,13.100000,1,0,1,0,0,0,0,1,0,8.349740,1.241511,91.450000,4,T4_home_full_car_charge,13.816667,6540.000000,60
-0.461749,-0.887011,2500.000000,8.409000,8.383773,8.069000,91.725000,0.979308,83.000000,13.100000,1,0,1,0,0,0,0,1,0,8.333428,1.500091,91.285000,4,T4_home_full_car_charge,13.833333,6600.000000,60
-0.465615,-0.884988,2500.000000,8.409000,8.377046,8.067400,91.685000,0.979308,82.200000,13.100000,1,0,1,0,0,0,0,1,0,8.320094,1.755603,91.116000,4,T4_home_full_car_charge,13.850000,6660.000000,60
-0.469472,-0.882948,2500.000000,8.408400,8.369721,8.067600,91.690000,0.979308,82.600000,13.100000,1,0,1,0,0,0,0,1,0,8.305789,2.009138,90.943000,4,T4_home_full_car_charge,13.866667,6720.000000,60
-0.473320,-0.880891,2500.000000,8.407600,8.362199,8.068000,91.700000,0.979387,83.000000,13.100000,1,0,1,0,0,0,0,1,0,8.295640,2.191209,90.830000,4,T4_home_full_car_charge,13.883333,6780.000000,60
-0.477159,-0.878817,2500.000000,8.407600,8.358836,8.067800,91.695000,0.979506,83.000000,13.100000,1,0,1,0,0,0,0,1,0,8.293434,2.250919,90.811000,4,T4_home_full_car_charge,13.900000,6840.000000,60
-0.480989,-0.876727,2500.000000,8.410000,8.367950,8.067000,91.675000,0.979506,83.000000,13.100000,1,0,1,0,0,0,0,1,0,8.291175,2.243066,90.796000,4,T4_home_full_car_charge,13.916667,6900.000000,60
-0.484810,-0.874620,2500.000000,8.410000,8.367950,8.067000,91.675000,0.979506,83.000000,13.100000,1,0,1,0,0,0,0,1,0,8.288066,2.238281,90.781000,4,T4_home_full_car_charge,13.933333,6960.000000,60
-0.488621,-0.872496,2500.000000,8.411200,8.369144,8.067000,91.675000,0.979387,83.000000,13.100000,1,0,1,0,0,0,0,1,0,8.284944,2.234907,90.769000,4,T4_home_full_car_charge,13.950000,7020.000000,60
-0.492424,-0.870356,2500.000000,8.382000,8.343443,8.054200,91.355000,1.330638,82.200000,12.980000,1,0,1,0,0,0,0,1,0,8.279881,2.232318,90.759000,4,T4_home_full_car_charge,13.966667,7080.000000,60
-0.496217,-0.868199,2500.000000,8.330200,8.300211,8.034800,90.870000,1.938518,81.000000,12.800000,1,0,1,1,1,0,0,1,0,8.272491,2.230461,90.748000,4,T4_home_full_car_charge,13.983333,7140.000000,60
-0.500000,-0.866025,2500.000000,8.303000,8.286394,8.034000,90.850000,2.272404,81.000000,12.800000,1,0,1,1,1,0,0,1,0,8.268234,2.229388,90.733000,4,T4_home_full_car_charge,14.000000,7200.000000,60
-0.503774,-0.863836,2500.000000,8.304600,8.301278,8.033200,90.830000,2.257066,81.000000,12.800000,1,0,1,1,1,0,0,1,0,8.263556,2.228243,90.710000,4,T4_home_full_car_charge,14.016667,7260.000000,60
-0.507538,-0.861629,2500.000000,8.302600,8.297618,8.032400,90.810000,2.247066,81.000000,12.800000,1,0,1,1,1,0,0,1,0,8.260167,2.227669,90.685000,4,T4_home_full_car_charge,14.033333,7320.000000,60
-0.511293,-0.859406,2500.000000,8.301000,8.292699,8.031600,90.790000,2.240993,81.000000,12.800000,1,0,1,1,1,0,0,1,0,8.260766,2.227524,90.662000,4,T4_home_full_car_charge,14.050000,7380.000000,60
-0.515038,-0.857167,2500.000000,8.300800,8.289179,8.031000,90.775000,2.237066,81.000000,12.800000,1,0,1,1,1,0,0,1,0,8.265779,2.227415,90.641000,4,T4_home_full_car_charge,14.066667,7440.000000,60
-0.518773,-0.854912,2500.000000,8.300000,8.275100,8.031000,90.775000,2.233140,81.000000,12.800000,1,0,1,1,1,0,0,1,0,8.270098,2.227233,90.616000,4,T4_home_full_car_charge,14.083333,7500.000000,60
-0.522499,-0.852640,2500.000000,8.304000,8.285731,8.030200,90.755000,2.233140,81.800000,12.800000,1,0,1,1,1,0,0,1,0,8.272038,2.227188,90.610000,4,T4_home_full_car_charge,14.100000,7560.000000,60
-0.526214,-0.850352,2500.000000,8.308600,8.282012,8.030000,90.750000,2.230195,81.400000,12.800000,1,0,1,1,1,0,0,1,0,8.274361,2.227142,90.605000,4,T4_home_full_car_charge,14.116667,7620.000000,60
-0.529919,-0.848048,2500.000000,8.310600,8.267385,8.029600,90.740000,2.228050,81.400000,12.800000,1,0,1,1,1,0,0,1,0,8.276352,2.227052,90.595000,4,T4_home_full_car_charge,14.133333,7680.000000,60
-0.533615,-0.845728,2500.000000,8.310400,8.252227,8.028800,90.720000,2.227778,82.000000,12.800000,1,0,1,1,1,0,0,1,0,8.275415,2.226870,90.575000,4,T4_home_full_car_charge,14.150000,7740.000000,60
-1.000000,-0.000000,2395.800000,8.565000,8.402265,8.027000,90.675000,0.977724,67.000000,-1.000000,1,0,1,0,0,0,1,0,0,8.437136,0.977685,91.155556,5,T5_dusk_load_increase,18.000000,0.000000,60
-0.999990,0.004363,2395.800000,8.565000,8.402265,8.027000,90.675000,0.977724,67.000000,-1.000000,1,0,1,0,0,0,1,0,0,8.434202,0.977657,91.165278,5,T5_dusk_load_increase,18.016667,60.000000,60
-0.999962,0.008727,2395.800000,8.565000,8.402265,8.027000,90.675000,0.977724,67.000000,-1.000000,1,0,1,0,0,0,1,0,0,8.431309,0.977613,91.174074,5,T5_dusk_load_increase,18.033333,120.000000,60
-0.999914,0.013090,2395.800000,8.565000,8.402265,8.027000,90.675000,0.977724,67.000000,-1.000000,1,0,1,0,0,0,1,0,0,8.435583,0.977591,91.195486,5,T5_dusk_load_increase,18.050000,180.000000,60
-0.999848,0.017452,2395.800000,8.565000,8.402265,8.027000,90.675000,0.977724,67.000000,-1.000000,1,0,1,0,0,0,1,0,0,8.438476,0.977578,91.216667,5,T5_dusk_load_increase,18.066667,240.000000,60
-0.999762,0.021815,2394.793056,8.567014,8.404241,8.029417,90.735417,0.977644,67.000000,-1.000000,1,0,1,0,0,0,1,0,0,8.440432,0.977538,91.253681,5,T5_dusk_load_increase,18.083333,300.000000,60
-0.999657,0.026177,2394.341667,8.570583,8.407742,8.033417,90.835417,0.977526,67.000000,-1.000000,1,0,1,0,0,0,1,0,0,8.443563,0.977483,91.297014,5,T5_dusk_load_increase,18.100000,360.000000,60
-0.999534,0.030539,2402.848611,8.575347,8.412416,8.036819,90.920486,0.977526,67.000000,-1.000000,1,0,1,0,0,0,1,0,0,8.448066,0.977466,91.341528,5,T5_dusk_load_increase,18.116667,420.000000,60
-0.999391,0.034899,2402.866667,8.578333,8.415345,8.040222,91.005556,0.977526,67.000000,-1.000000,1,0,1,0,0,0,1,0,0,8.448260,0.977456,91.375833,5,T5_dusk_load_increase,18.133333,480.000000,60
-0.999229,0.039260,2399.400000,8.581000,8.420106,8.043500,91.087500,0.977551,67.000000,-1.000000,1,0,1,0,0,0,1,0,0,8.448393,0.977419,91.405208,5,T5_dusk_load_increase,18.150000,540.000000,60
-0.999048,0.043619,2400.488889,8.586444,8.437136,8.046222,91.155556,0.977685,67.000000,-1.000000,1,0,1,0,0,0,1,0,0,8.449300,0.977387,91.433194,5,T5_dusk_load_increase,18.166667,600.000000,60
-0.998848,0.047978,2399.584722,8.585569,8.431268,8.047000,91.175000,0.977628,67.000000,-1.000000,1,0,1,0,0,0,1,0,0,8.449839,0.977383,91.456319,5,T5_dusk_load_increase,18.183333,660.000000,60
-0.998630,0.052336,2398.033333,8.584333,8.425523,8.047667,91.191667,0.977526,67.000000,-1.000000,1,0,1,0,0,0,1,0,0,8.449117,0.977360,91.478333,5,T5_dusk_load_increase,18.200000,720.000000,60
-0.998392,0.056693,2396.944444,8.589778,8.448404,8.050389,91.259722,0.977526,67.000000,-1.000000,1,0,1,0,0,0,1,0,0,8.448214,0.977331,91.503611,5,T5_dusk_load_increase,18.216667,780.000000,60
-0.998135,0.061049,2394.061111,8.592056,8.450048,8.052056,91.301389,0.977526,67.000000,-1.000000,1,0,1,0,0,0,1,0,0,8.447749,0.977341,91.530625,5,T5_dusk_load_increase,18.233333,840.000000,60
-0.997859,0.065403,2390.304167,8.593000,8.446919,8.053625,91.340625,0.977485,67.000000,-1.000000,1,0,1,0,0,0,1,0,0,8.448451,0.977381,91.554653,5,T5_dusk_load_increase,18.250000,900.000000,60
-0.997564,0.069756,2385.744444,8.593000,8.446919,8.055667,91.391667,0.977350,67.000000,-1.000000,1,0,1,0,0,0,1,0,0,8.451226,0.977420,91.580139,5,T5_dusk_load_increase,18.266667,960.000000,60
-0.997250,0.074108,2126.358333,8.594139,8.448039,8.056569,91.414236,0.977441,67.000000,-1.000000,1,0,1,0,0,0,1,0,0,8.455085,0.977460,91.607153,5,T5_dusk_load_increase,18.283333,1020.000000,60
-0.996917,0.078459,1937.675000,8.595500,8.449376,8.057250,91.431250,0.977477,67.000000,-1.000000,1,0,1,0,0,0,1,0,0,8.457798,0.977500,91.630903,5,T5_dusk_load_increase,18.300000,1080.000000,60
-0.996566,0.082808,1956.390278,8.596861,8.450714,8.057931,91.448264,0.977342,67.000000,-1.000000,1,0,1,0,0,0,1,0,0,8.461512,0.977526,91.652917,5,T5_dusk_load_increase,18.316667,1140.000000,60
-0.996195,0.087156,1954.755556,8.597611,8.451452,8.059222,91.480556,0.977328,67.000000,-1.000000,1,0,1,0,0,0,1,0,0,8.463612,0.977526,91.674861,5,T5_dusk_load_increase,18.333333,1200.000000,60
-0.995805,0.091502,1948.854167,8.598292,8.449613,8.060292,91.507292,0.977328,67.000000,-1.000000,1,0,1,0,0,0,1,0,0,8.462490,0.977526,91.693403,5,T5_dusk_load_increase,18.350000,1260.000000,60
-0.995396,0.095846,1940.347222,8.598972,8.444430,8.060972,91.524306,0.977328,67.000000,-1.000000,1,0,1,0,0,0,1,0,0,8.460149,0.977526,91.710417,5,T5_dusk_load_increase,18.366667,1320.000000,60
-0.994969,0.100188,1936.736111,8.599653,8.444859,8.062306,91.557639,0.977328,67.000000,-1.000000,1,0,1,0,0,0,1,0,0,8.459725,0.977526,91.729722,5,T5_dusk_load_increase,18.383333,1380.000000,60
-0.994522,0.104528,1878.066667,8.600333,8.448394,8.063333,91.583333,0.977394,67.000000,-1.000000,1,0,1,0,0,0,1,0,0,8.458498,0.977526,91.751736,5,T5_dusk_load_increase,18.400000,1440.000000,60
-0.994056,0.108867,1766.027778,8.601056,8.454957,8.064028,91.600694,0.977526,67.000000,-1.000000,1,0,1,0,0,0,1,0,0,8.454828,0.977526,91.773750,5,T5_dusk_load_increase,18.416667,1500.000000,60
-0.993572,0.113203,1855.588889,8.603778,8.463488,8.065389,91.634722,0.977526,67.000000,-1.000000,1,0,1,0,0,0,1,0,0,8.451946,0.977526,91.795764,5,T5_dusk_load_increase,18.433333,1560.000000,60
-0.993068,0.117537,1946.762500,8.604625,8.463724,8.066375,91.659375,0.977526,67.000000,-1.000000,1,0,1,0,0,0,1,0,0,8.449055,0.979465,91.809653,5,T5_dusk_load_increase,18.450000,1620.000000,60
-0.992546,0.121869,2031.838889,8.604222,8.458428,8.067056,91.676389,0.977526,67.000000,-1.000000,1,0,1,0,0,0,1,0,0,8.440861,0.988711,91.790625,5,T5_dusk_load_increase,18.466667,1680.000000,60
-0.992005,0.126199,2033.540278,8.606944,8.466962,8.067736,91.693403,0.977526,67.000000,-1.000000,1,0,1,0,0,0,1,0,0,8.425744,1.063764,91.619097,5,T5_dusk_load_increase,18.483333,1740.000000,60
-0.991445,0.130526,2034.866667,8.606750,8.465456,8.068417,91.710417,0.977526,67.000000,-1.000000,1,0,1,0,0,0,1,0,0,8.404516,1.220966,91.303889,5,T5_dusk_load_increase,18.500000,1800.000000,60
-0.990866,0.134851,2035.800000,8.605000,8.457878,8.069097,91.727431,0.977526,67.000000,-1.000000,1,0,1,0,0,0,1,0,0,8.370193,1.463837,90.920625,5,T5_dusk_load_increase,18.516667,1860.000000,60
-0.990268,0.139173,2035.800000,8.605000,8.452022,8.069778,91.744444,0.977526,67.000000,-1.000000,1,0,1,0,0,0,1,0,0,8.337177,1.715834,90.532847,5,T5_dusk_load_increase,18.533333,1920.000000,60
-0.989651,0.143493,2036.579167,8.607292,8.456305,8.070917,91.772917,0.977526,67.000000,-1.000000,1,0,1,0,0,0,1,0,0,8.310553,1.959451,90.168993,5,T5_dusk_load_increase,18.550000,1980.000000,60
-0.989016,0.147809,2037.500000,8.609583,8.460829,8.072139,91.803472,0.977526,67.000000,-1.000000,1,0,1,0,0,0,1,0,0,8.291105,2.136597,89.943021,5,T5_dusk_load_increase,18.566667,2040.000000,60
-0.988362,0.152123,2037.500000,8.607542,8.447107,8.072819,91.820486,0.977526,67.000000,-1.000000,1,0,1,0,0,0,1,0,0,8.281791,2.230928,89.864444,5,T5_dusk_load_increase,18.583333,2100.000000,60
-0.987688,0.156434,2036.650000,8.607000,8.443467,8.073500,91.837500,0.977526,67.000000,-1.000000,1,0,1,0,0,0,1,0,0,8.285853,2.238925,89.847569,5,T5_dusk_load_increase,18.600000,2160.000000,60
-0.986996,0.160743,1936.350000,8.605736,8.437566,8.072556,91.813889,0.987223,67.000000,-1.000000,1,0,1,0,0,0,1,0,0,8.287208,2.235192,89.822917,5,T5_dusk_load_increase,18.616667,2220.000000,60
-0.986286,0.165048,1561.500000,8.600972,8.415335,8.067111,91.677778,1.023754,67.000000,-1.000000,1,0,1,0,1,0,1,0,0,8.286435,2.232457,89.809549,5,T5_dusk_load_increase,18.633333,2280.000000,60
-0.985556,0.169350,1486.787500,8.569125,8.385246,8.037833,90.945833,1.352791,67.000000,-1.000000,1,0,1,1,1,0,1,0,0,8.285755,2.230388,89.813194,5,T5_dusk_load_increase,18.650000,2340.000000,60
-0.984808,0.173648,1537.011111,8.533444,8.340968,8.010444,90.244444,1.763536,67.000000,-1.000000,1,0,1,1,1,0,1,0,0,8.286318,2.229014,89.817882,5,T5_dusk_load_increase,18.666667,2400.000000,60
-0.984041,0.177944,1686.188889,8.504181,8.271851,7.999556,89.921181,2.191882,67.000000,-1.000000,1,0,1,1,1,0,1,0,0,8.288486,2.227579,89.825521,5,T5_dusk_load_increase,18.683333,2460.000000,60
-0.983255,0.182236,1712.341667,8.500583,8.272484,7.998000,89.875000,2.247206,67.000000,-1.000000,1,0,1,1,1,0,1,0,0,8.293728,2.226532,89.850174,5,T5_dusk_load_increase,18.700000,2520.000000,60
-0.982450,0.186524,1715.588889,8.501000,8.282217,7.997736,89.858507,2.241843,67.000000,-1.000000,1,0,1,1,1,0,1,0,0,8.299036,2.225609,89.867708,5,T5_dusk_load_increase,18.716667,2580.000000,60
-0.981627,0.190809,1715.044444,8.501000,8.288003,7.997056,89.815972,2.238517,67.000000,-1.000000,1,0,1,1,1,0,1,0,0,8.301935,2.224623,89.885243,5,T5_dusk_load_increase,18.733333,2640.000000,60
-0.980785,0.195090,1715.000000,8.501625,8.294398,7.997625,89.851562,2.235192,67.000000,-1.000000,1,0,1,1,1,0,1,0,0,8.301072,2.223584,89.903125,5,T5_dusk_load_increase,18.750000,2700.000000,60
-0.979925,0.199368,1714.755556,8.501389,8.292160,7.997389,89.836806,2.231866,67.000000,-1.000000,1,0,1,1,1,0,1,0,0,8.298183,2.223273,89.926736,5,T5_dusk_load_increase,18.766667,2760.000000,60
-0.979045,0.203642,1714.211111,8.500028,8.279263,7.996028,89.751736,2.228540,67.000000,-1.000000,1,0,1,1,1,0,1,0,0,8.296088,2.223237,89.941840,5,T5_dusk_load_increase,18.783333,2820.000000,60
-0.978148,0.207912,1714.200000,8.499333,8.278351,7.996667,89.791667,2.228168,67.000000,-1.000000,1,0,1,1,1,0,1,0,0,8.294413,2.223153,89.959375,5,T5_dusk_load_increase,18.800000,2880.000000,60
-0.977231,0.212178,1713.887500,8.499694,8.284605,7.997347,89.834201,2.228174,67.000000,-1.000000,1,0,1,1,1,0,1,0,0,8.293823,2.223130,89.975000,5,T5_dusk_load_increase,18.816667,2940.000000,60
-0.976296,0.216440,1713.277778,8.501000,8.297212,7.998000,89.875000,2.228324,67.000000,-1.000000,1,0,1,1,1,0,1,0,0,8.294606,2.223130,89.982118,5,T5_dusk_load_increase,18.833333,3000.000000,60
-0.975342,0.220697,1712.733333,8.501000,8.302998,7.998000,89.875000,2.224688,67.000000,-1.000000,1,0,1,1,1,0,1,0,0,8.295417,2.223130,89.983507,5,T5_dusk_load_increase,18.850000,3060.000000,60
-0.974370,0.224951,1712.500000,8.501000,8.305477,7.998000,89.875000,2.223307,67.000000,-1.000000,1,0,1,1,1,0,1,0,0,8.293337,2.223302,89.990972,5,T5_dusk_load_increase,18.866667,3120.000000,60
-0.973379,0.229200,1712.500000,8.501000,8.304887,7.998069,89.879340,2.223553,67.000000,-1.000000,1,0,1,1,1,0,1,0,0,8.288243,2.224078,89.986632,5,T5_dusk_load_increase,18.883333,3180.000000,60
-0.972370,0.233445,1712.500000,8.501000,8.299101,7.998750,89.921875,2.223244,67.000000,-1.000000,1,0,1,1,1,0,1,0,0,8.282616,2.224964,89.983854,5,T5_dusk_load_increase,18.900000,3240.000000,60
-0.971342,0.237686,1712.155556,8.500569,8.292896,7.999431,89.964410,2.223130,67.000000,-1.000000,1,0,1,1,1,0,1,0,0,8.277618,2.225850,89.984722,5,T5_dusk_load_increase,18.916667,3300.000000,60
-0.970296,0.241922,1691.422222,8.500111,8.288553,7.999889,89.993056,2.223130,67.000000,-1.000000,1,0,1,1,1,0,1,0,0,8.275907,2.226736,89.973681,5,T5_dusk_load_increase,18.933333,3360.000000,60
-0.969231,0.246153,1567.220833,8.500792,8.295002,7.999208,89.950521,2.223130,67.000000,-1.000000,1,0,1,1,1,0,1,0,0,8.275198,2.227449,89.977049,5,T5_dusk_load_increase,18.950000,3420.000000,60
-0.968148,0.250380,1561.830556,8.500528,8.296515,7.999472,89.967014,2.223130,67.000000,-1.000000,1,0,1,1,1,0,1,0,0,8.276122,2.227585,89.997986,5,T5_dusk_load_increase,18.966667,3480.000000,60
-0.967046,0.254602,1588.629167,8.500153,8.296149,8.000000,90.000000,2.223130,67.000000,-1.000000,1,0,1,1,1,0,1,0,0,8.276496,2.227673,90.010764,5,T5_dusk_load_increase,18.983333,3540.000000,60
-0.965926,0.258819,1545.550000,8.500833,8.296813,8.000000,90.000000,2.223130,67.000000,-1.000000,1,0,1,1,1,0,1,0,0,8.277122,2.227706,90.023090,5,T5_dusk_load_increase,19.000000,3600.000000,60
-0.964787,0.263031,1516.140278,8.501000,8.292607,8.000000,90.000000,2.223130,67.000000,-1.000000,1,0,1,1,1,0,1,0,0,8.276522,2.227735,90.049132,5,T5_dusk_load_increase,19.016667,3660.000000,60
-0.963630,0.267238,1499.116667,8.500417,8.284601,7.999806,89.987847,2.223992,67.000000,-1.000000,1,0,1,1,1,0,1,0,0,8.277811,2.227826,90.063194,5,T5_dusk_load_increase,19.033333,3720.000000,60
-0.962455,0.271440,1501.975000,8.498375,8.271043,7.999125,89.945312,2.227006,67.000000,-1.000000,1,0,1,1,1,0,1,0,0,8.277732,2.227830,90.068194,5,T5_dusk_load_increase,19.050000,3780.000000,60
-0.961262,0.275637,1502.500000,8.497444,8.268013,8.000111,89.986111,2.227560,67.000000,-1.000000,1,0,1,1,1,0,1,0,0,8.276907,2.227775,90.073194,5,T5_dusk_load_increase,19.066667,3840.000000,60
-0.960050,0.279829,1502.688889,8.497236,8.271823,8.000528,90.004340,2.227560,67.000000,-1.000000,1,0,1,1,1,0,1,0,0,8.273811,2.227830,90.075208,5,T5_dusk_load_increase,19.083333,3900.000000,60
-0.958820,0.284015,1503.233333,8.497917,8.284052,7.999167,89.944792,2.227560,67.000000,-1.000000,1,0,1,1,1,0,1,0,0,8.270785,2.227826,90.078819,5,T5_dusk_load_increase,19.100000,3960.000000,60
-0.957571,0.288196,1502.822222,8.498597,8.281057,8.000792,90.004688,2.227560,67.000000,-1.000000,1,0,1,1,1,0,1,0,0,8.266233,2.227735,90.083819,5,T5_dusk_load_increase,19.116667,4020.000000,60
-0.956305,0.292372,1502.500000,8.499000,8.275665,8.002000,90.050000,2.227687,67.000000,-1.000000,1,0,1,1,1,0,1,0,0,8.262996,2.227706,90.089236,5,T5_dusk_load_increase,19.133333,4080.000000,60
-0.955020,0.296542,1502.500000,8.499000,8.269881,8.002000,90.050000,2.227997,67.000000,-1.000000,1,0,1,1,1,0,1,0,0,8.261662,2.227673,90.098056,5,T5_dusk_load_increase,19.150000,4140.000000,60
-0.953717,0.300706,1501.988889,8.499000,8.274957,8.002639,90.065972,2.227725,67.000000,-1.000000,1,0,1,1,1,0,1,0,0,8.261669,2.227585,90.107847,5,T5_dusk_load_increase,19.166667,4200.000000,60
-0.952396,0.304864,1501.700000,8.499319,8.281052,8.003000,90.075000,2.227706,67.000000,-1.000000,1,0,1,1,1,0,1,0,0,8.260259,2.227560,90.114236,5,T5_dusk_load_increase,19.183333,4260.000000,60
-0.951057,0.309017,1501.700000,8.500000,8.287500,8.003000,90.075000,2.228016,67.000000,-1.000000,1,0,1,1,1,0,1,0,0,8.257797,2.227560,90.119236,5,T5_dusk_load_increase,19.200000,4320.000000,60
-0.949699,0.313164,1501.700000,8.499319,8.275268,8.003000,90.075000,2.227706,67.000000,-1.000000,1,0,1,1,1,0,1,0,0,8.257112,2.227604,90.128681,5,T5_dusk_load_increase,19.216667,4380.000000,60
-0.948324,0.317305,1501.375000,8.498278,8.265755,8.003000,90.075000,2.227725,67.000000,-1.000000,1,0,1,1,1,0,1,0,0,8.258165,2.227680,90.139028,5,T5_dusk_load_increase,19.233333,4440.000000,60
-0.946930,0.321439,1500.800000,8.497042,8.259479,8.003042,90.076042,2.227997,67.000000,-1.000000,1,0,1,1,1,0,1,0,0,8.261843,2.227694,90.144792,5,T5_dusk_load_increase,19.250000,4500.000000,60
-0.945519,0.325568,1500.800000,8.497722,8.265923,8.003722,90.093056,2.227687,67.000000,-1.000000,1,0,1,1,1,0,1,0,0,8.264155,2.227742,90.147153,5,T5_dusk_load_increase,19.266667,4560.000000,60
-0.944089,0.329691,1500.800000,8.497597,8.264739,8.004000,90.100000,2.227560,67.000000,-1.000000,1,0,1,1,1,0,1,0,0,8.266269,2.227815,90.148194,5,T5_dusk_load_increase,19.283333,4620.000000,60
-0.942641,0.333807,1500.733333,8.497000,8.259084,8.004083,90.102083,2.227560,67.000000,-1.000000,1,0,1,1,1,0,1,0,0,8.269027,2.227780,90.147778,5,T5_dusk_load_increase,19.300000,4680.000000,60
-0.941176,0.337917,1500.188889,8.497000,8.259084,8.004764,90.119097,2.227560,67.000000,-1.000000,1,0,1,1,1,0,1,0,0,8.268210,2.227756,90.146458,5,T5_dusk_load_increase,19.316667,4740.000000,60
-0.939693,0.342020,1500.355556,8.497444,8.259516,8.005000,90.125000,2.227560,67.000000,-1.000000,1,0,1,1,1,0,1,0,0,8.262662,2.227811,90.151944,5,T5_dusk_load_increase,19.333333,4800.000000,60
-0.938191,0.346117,1500.700000,8.497875,8.258872,8.005000,90.125000,2.227560,67.000000,-1.000000,1,0,1,1,1,0,1,0,0,8.257319,2.227769,90.164236,5,T5_dusk_load_increase,19.350000,4860.000000,60
-0.936672,0.350207,1500.155556,8.497194,8.252428,8.005000,90.125000,2.227560,67.000000,-1.000000,1,0,1,1,1,0,1,0,0,8.254725,2.227753,90.178194,5,T5_dusk_load_increase,19.366667,4920.000000,60
-0.935135,0.354291,1500.000000,8.497972,8.255662,8.005972,90.149306,2.227782,67.000000,-1.000000,1,0,1,1,1,0,1,0,0,8.250568,2.227834,90.188750,5,T5_dusk_load_increase,19.383333,4980.000000,60
-0.933580,0.358368,1500.283333,8.499500,8.264347,8.006833,90.170833,2.227940,67.000000,-1.000000,1,0,1,1,1,0,1,0,0,8.245538,2.227873,90.195903,5,T5_dusk_load_increase,19.400000,5040.000000,60
-0.932008,0.362438,1501.440278,8.501542,8.277904,8.006153,90.153819,2.227630,67.000000,-1.000000,1,0,1,1,1,0,1,0,0,8.242291,2.227896,90.199653,5,T5_dusk_load_increase,19.416667,5100.000000,60
-0.930418,0.366501,1500.380556,8.500417,8.270433,8.005472,90.136806,2.227801,67.000000,-1.000000,1,0,1,1,1,0,1,0,0,8.240267,2.227981,90.200000,5,T5_dusk_load_increase,19.433333,5160.000000,60
-0.928810,0.370557,1499.200000,8.499208,8.263001,8.005208,90.130208,2.227921,67.000000,-1.000000,1,0,1,1,1,0,1,0,0,8.236984,2.228016,90.200139,5,T5_dusk_load_increase,19.450000,5220.000000,60
-0.927184,0.374607,1499.200000,8.499889,8.269447,8.005889,90.147222,2.227611,67.000000,-1.000000,1,0,1,1,1,0,1,0,0,8.234239,2.228016,90.207083,5,T5_dusk_load_increase,19.466667,5280.000000,60
-0.925541,0.378649,1499.200000,8.499431,8.260266,8.006569,90.164236,2.227820,67.000000,-1.000000,1,0,1,1,1,0,1,0,0,8.235033,2.228016,90.217083,5,T5_dusk_load_increase,19.483333,5340.000000,60
-0.923880,0.382683,1499.200000,8.498750,8.250162,8.007250,90.181250,2.227902,67.000000,-1.000000,1,0,1,1,1,0,1,0,0,8.237152,2.228016,90.227361,5,T5_dusk_load_increase,19.500000,5400.000000,60
-0.922201,0.386711,1499.200000,8.498069,8.243718,8.007931,90.198264,2.227592,67.000000,-1.000000,1,0,1,1,1,0,1,0,0,8.238182,2.228016,90.241042,5,T5_dusk_load_increase,19.516667,5460.000000,60
-0.920505,0.390731,1498.650000,8.499833,8.250033,8.008000,90.200000,2.227839,67.000000,-1.000000,1,0,1,1,1,0,1,0,0,8.239628,2.228016,90.253819,5,T5_dusk_load_increase,19.533333,5520.000000,60
-0.918791,0.394744,1498.300000,8.500125,8.248663,8.008000,90.200000,2.228016,67.000000,-1.000000,1,0,1,1,1,0,1,0,0,8.241641,2.228016,90.257361,5,T5_dusk_load_increase,19.550000,5580.000000,60
-0.917060,0.398749,1498.300000,8.498083,8.235115,8.008000,90.200000,2.228016,67.000000,-1.000000,1,0,1,1,1,0,1,0,0,8.240116,2.228016,90.261250,5,T5_dusk_load_increase,19.566667,5640.000000,60
-0.915311,0.402747,1251.354167,8.497347,8.233929,8.008000,90.200000,2.228016,67.000000,-1.000000,1,0,1,1,1,0,1,0,0,8.238352,2.228016,90.268264,5,T5_dusk_load_increase,19.583333,5700.000000,60
-0.913545,0.406737,1119.733333,8.497000,8.233593,8.008000,90.200000,2.228016,67.000000,-1.000000,1,0,1,1,1,0,1,0,0,8.240115,2.228016,90.275278,5,T5_dusk_load_increase,19.600000,5760.000000,60
-0.911762,0.410719,1119.211111,8.497028,8.233620,8.008028,90.200694,2.228016,67.000000,-1.000000,1,0,1,1,1,0,1,0,0,8.243009,2.228016,90.286458,5,T5_dusk_load_increase,19.616667,5820.000000,60
-0.909961,0.414693,1119.755556,8.498389,8.234939,8.009389,90.234722,2.228016,67.000000,-1.000000,1,0,1,1,1,0,1,0,0,8.244441,2.228016,90.298472,5,T5_dusk_load_increase,19.633333,5880.000000,60
-0.908143,0.418660,1126.562500,8.499375,8.239082,8.010000,90.250000,2.228016,67.000000,-1.000000,1,0,1,1,1,0,1,0,0,8.247161,2.228016,90.304583,5,T5_dusk_load_increase,19.650000,5940.000000,60
-0.906308,0.422618,1137.544444,8.500000,8.244528,8.010056,90.251389,2.228016,67.000000,-1.000000,1,0,1,1,1,0,1,0,0,8.247609,2.228016,90.307292,5,T5_dusk_load_increase,19.666667,6000.000000,60
-0.904455,0.426569,1138.088889,8.500000,8.238743,8.010736,90.268403,2.228016,67.000000,-1.000000,1,0,1,1,1,0,1,0,0,8.243556,2.228016,90.309306,5,T5_dusk_load_increase,19.683333,6060.000000,60
-0.902585,0.430511,1138.675000,8.500833,8.240850,8.010583,90.264583,2.228016,67.000000,-1.000000,1,0,1,1,1,0,1,0,0,8.237740,2.228016,90.312431,5,T5_dusk_load_increase,19.700000,6120.000000,60
-0.900698,0.434445,1139.200000,8.501708,8.245004,8.010097,90.252431,2.228016,67.000000,-1.000000,1,0,1,1,1,0,1,0,0,8.236687,2.228016,90.323958,5,T5_dusk_load_increase,19.716667,6180.000000,60
-0.898794,0.438371,1139.200000,8.499667,8.231455,8.010778,90.269444,2.228016,67.000000,-1.000000,1,0,1,1,1,0,1,0,0,8.236428,2.228016,90.338958,5,T5_dusk_load_increase,19.733333,6240.000000,60
-0.896873,0.442289,1139.200000,8.499917,8.235711,8.011458,90.286458,2.228016,67.000000,-1.000000,1,0,1,1,1,0,1,0,0,8.237219,2.228016,90.353958,5,T5_dusk_load_increase,19.750000,6300.000000,60
-0.894934,0.446198,1139.075000,8.501417,8.247555,8.012139,90.303472,2.228016,67.000000,-1.000000,1,0,1,1,1,0,1,0,0,8.241432,2.228016,90.366250,5,T5_dusk_load_increase,19.766667,6360.000000,60
-0.892979,0.450098,1138.462500,8.503458,8.255323,8.012819,90.320486,2.228016,67.000000,-1.000000,1,0,1,1,1,0,1,0,0,8.246080,2.228016,90.377153,5,T5_dusk_load_increase,19.783333,6420.000000,60
-0.891007,0.453990,1138.300000,8.503000,8.252161,8.012500,90.312500,2.228016,67.000000,-1.000000,1,0,1,1,1,0,1,0,0,8.246671,2.228016,90.383125,5,T5_dusk_load_increase,19.800000,6480.000000,60
-0.889017,0.457874,1138.300000,8.501639,8.245055,8.012000,90.300000,2.228016,67.000000,-1.000000,1,0,1,1,1,0,1,0,0,8.247889,2.228016,90.388125,5,T5_dusk_load_increase,19.816667,6540.000000,60
-0.887011,0.461749,1138.300000,8.500278,8.237950,8.012000,90.300000,2.228016,67.000000,-1.000000,1,0,1,1,1,0,1,0,0,8.248215,2.228016,90.396458,5,T5_dusk_load_increase,19.833333,6600.000000,60
-0.884988,0.465615,1138.300000,8.500000,8.227292,8.012542,90.313542,2.228016,67.000000,-1.000000,1,0,1,1,1,0,1,0,0,8.246686,2.228016,90.406458,5,T5_dusk_load_increase,19.850000,6660.000000,60
-0.882948,0.469472,1138.300000,8.501111,8.226242,8.013444,90.336111,2.228016,67.000000,-1.000000,1,0,1,1,1,0,1,0,0,8.245058,2.228016,90.413333,5,T5_dusk_load_increase,19.866667,6720.000000,60
-0.880891,0.473320,1138.300000,8.504514,8.246898,8.014806,90.370139,2.228016,67.000000,-1.000000,1,0,1,1,1,0,1,0,0,8.243357,2.228016,90.418333,5,T5_dusk_load_increase,19.883333,6780.000000,60
-0.878817,0.477159,1138.300000,8.503833,8.243758,8.015000,90.375000,2.228016,67.000000,-1.000000,1,0,1,1,1,0,1,0,0,8.240919,2.228016,90.423333,5,T5_dusk_load_increase,19.900000,6840.000000,60
-0.876727,0.480989,1138.300000,8.503264,8.241907,8.015000,90.375000,2.228016,67.000000,-1.000000,1,0,1,1,1,0,1,0,0,8.238746,2.228016,90.425694,5,T5_dusk_load_increase,19.916667,6900.000000,60
-0.874620,0.484810,1138.300000,8.503944,8.248354,8.015000,90.375000,2.228016,67.000000,-1.000000,1,0,1,1,1,0,1,0,0,8.238689,2.228016,90.433194,5,T5_dusk_load_increase,19.933333,6960.000000,60
-0.872496,0.488621,1138.300000,8.504625,8.249486,8.015625,90.390625,2.228016,67.000000,-1.000000,1,0,1,1,1,0,1,0,0,8.238010,2.228016,90.441042,5,T5_dusk_load_increase,19.950000,7020.000000,60
-0.870356,0.492424,1138.300000,8.505000,8.249850,8.016000,90.400000,2.228016,67.000000,-1.000000,1,0,1,1,1,0,1,0,0,8.236386,2.228016,90.446597,5,T5_dusk_load_increase,19.966667,7080.000000,60
-0.868199,0.496217,1138.300000,8.505000,8.249850,8.016000,90.400000,2.228016,67.000000,-1.000000,1,0,1,1,1,0,1,0,0,8.238341,2.228016,90.455556,5,T5_dusk_load_increase,19.983333,7140.000000,60
-0.866025,0.500000,1137.766667,8.504333,8.243534,8.016667,90.416667,2.228016,67.000000,-1.000000,1,0,1,1,1,0,1,0,0,8.241272,2.228016,90.464861,5,T5_dusk_load_increase,20.000000,7200.000000,60
-0.863836,0.503774,1137.500000,8.504347,8.240712,8.017000,90.425000,2.228016,67.000000,-1.000000,1,0,1,1,1,0,1,0,0,8.241389,2.228016,90.468125,5,T5_dusk_load_increase,20.016667,7260.000000,60
-0.861629,0.507538,1137.522222,8.505000,8.241345,8.017000,90.425000,2.228016,67.000000,-1.000000,1,0,1,1,1,0,1,0,0,8.240843,2.228016,90.474444,5,T5_dusk_load_increase,20.033333,7320.000000,60
-0.859406,0.511293,1138.066667,8.505000,8.241345,8.017000,90.425000,2.228016,67.000000,-1.000000,1,0,1,1,1,0,1,0,0,8.242033,2.228016,90.486458,5,T5_dusk_load_increase,20.050000,7380.000000,60
-0.857167,0.515038,1138.300000,8.504611,8.237661,8.017000,90.425000,2.228016,67.000000,-1.000000,1,0,1,1,1,0,1,0,0,8.241727,2.228016,90.497500,5,T5_dusk_load_increase,20.066667,7440.000000,60
-0.854912,0.518773,1138.300000,8.504208,8.232664,8.017139,90.428472,2.228016,67.000000,-1.000000,1,0,1,1,1,0,1,0,0,8.242604,2.228016,90.507500,5,T5_dusk_load_increase,20.083333,7500.000000,60
-0.852640,0.522499,1138.300000,8.506250,8.240430,8.018500,90.462500,2.228016,67.000000,-1.000000,1,0,1,1,1,0,1,0,0,8.244115,2.228016,90.516736,5,T5_dusk_load_increase,20.100000,7560.000000,60
-0.850352,0.526214,1138.300000,8.505278,8.237952,8.018569,90.464236,2.228016,67.000000,-1.000000,1,0,1,1,1,0,1,0,0,8.246114,2.228016,90.523750,5,T5_dusk_load_increase,20.116667,7620.000000,60
-0.848048,0.529919,1138.300000,8.503444,8.233224,8.018111,90.452778,2.228016,67.000000,-1.000000,1,0,1,1,1,0,1,0,0,8.247323,2.228016,90.530764,5,T5_dusk_load_increase,20.133333,7680.000000,60
-0.845728,0.533615,1138.300000,8.506167,8.247437,8.018792,90.469792,2.228016,67.000000,-1.000000,1,0,1,1,1,0,1,0,0,8.247186,2.228016,90.535764,5,T5_dusk_load_increase,20.150000,7740.000000,60
-0.843391,0.537300,1139.480556,8.506528,8.247315,8.019000,90.475000,2.228016,67.000000,-1.000000,1,0,1,1,1,0,1,0,0,8.245891,2.228016,90.540764,5,T5_dusk_load_increase,20.166667,7800.000000,60
-0.841039,0.540974,1140.295833,8.506000,8.241014,8.019153,90.478819,2.228016,67.000000,-1.000000,1,0,1,1,1,0,1,0,0,8.245221,2.228016,90.545764,5,T5_dusk_load_increase,20.183333,7860.000000,60
-0.838671,0.544639,1138.050000,8.506000,8.235226,8.019833,90.495833,2.228016,67.000000,-1.000000,1,0,1,1,1,0,1,0,0,8.245469,2.228016,90.555972,5,T5_dusk_load_increase,20.200000,7920.000000,60
-0.836286,0.548293,1137.500000,8.507028,8.239175,8.020514,90.512847,2.228016,67.000000,-1.000000,1,0,1,1,1,0,1,0,0,8.246462,2.228016,90.566389,5,T5_dusk_load_increase,20.216667,7980.000000,60
-0.833886,0.551937,1137.500000,8.508000,8.245906,8.021000,90.525000,2.228016,67.000000,-1.000000,1,0,1,1,1,0,1,0,0,8.248746,2.228016,90.576389,5,T5_dusk_load_increase,20.233333,8040.000000,60
-0.831470,0.555570,1137.500000,8.508000,8.251696,8.021000,90.525000,2.228016,67.000000,-1.000000,1,0,1,1,1,0,1,0,0,8.251294,2.228016,90.589792,5,T5_dusk_load_increase,20.250000,8100.000000,60
-0.829038,0.559193,1137.500000,8.508556,8.248572,8.021000,90.525000,2.228016,67.000000,-1.000000,1,0,1,1,1,0,1,0,0,8.255265,2.228016,90.606597,5,T5_dusk_load_increase,20.266667,8160.000000,60
-0.826590,0.562805,1138.090278,8.509000,8.245221,8.021236,90.530903,2.228016,67.000000,-1.000000,1,0,1,1,1,0,1,0,0,8.261298,2.228016,90.620417,5,T5_dusk_load_increase,20.283333,8220.000000,60
-0.824126,0.566406,1139.791667,8.509000,8.245221,8.021917,90.547917,2.228016,67.000000,-1.000000,1,0,1,1,1,0,1,0,0,8.266716,2.228016,90.634028,5,T5_dusk_load_increase,20.300000,8280.000000,60
-0.821647,0.569997,1138.029167,8.509000,8.245221,8.022000,90.550000,2.228016,67.000000,-1.000000,1,0,1,1,1,0,1,0,0,8.269527,2.228016,90.649028,5,T5_dusk_load_increase,20.316667,8340.000000,60
-0.819152,0.573576,1136.922222,8.509000,8.245221,8.022000,90.550000,2.228016,67.000000,-1.000000,1,0,1,1,1,0,1,0,0,8.270323,2.228008,90.657708,5,T5_dusk_load_increase,20.333333,8400.000000,60
-0.816642,0.577145,1137.466667,8.509000,8.245221,8.022000,90.550000,2.228016,67.000000,-1.000000,1,0,1,1,1,0,1,0,0,8.272013,2.227939,90.639167,5,T5_dusk_load_increase,20.350000,8460.000000,60
-0.814116,0.580703,1137.500000,8.510278,8.246459,8.023278,90.581944,2.228016,67.000000,-1.000000,1,0,1,1,1,0,1,0,0,8.271442,2.227888,90.626736,5,T5_dusk_load_increase,20.366667,8520.000000,60
-0.811574,0.584250,1137.500000,8.511319,8.250187,8.024000,90.600000,2.228016,67.000000,-1.000000,1,0,1,1,1,0,1,0,0,8.270292,2.227888,90.633750,5,T5_dusk_load_increase,20.383333,8580.000000,60
-0.809017,0.587785,1137.500000,8.512000,8.256640,8.024000,90.600000,2.228016,67.000000,-1.000000,1,0,1,1,1,0,1,0,0,8.273175,2.227888,90.642778,5,T5_dusk_load_increase,20.400000,8640.000000,60
-0.806445,0.591310,1137.500000,8.513361,8.257960,8.024681,90.617014,2.228016,67.000000,-1.000000,1,0,1,1,1,0,1,0,0,8.258851,2.227896,90.650833,5,T5_dusk_load_increase,20.416667,8700.000000,60
-0.803857,0.594823,1137.500000,8.514361,8.265080,8.025361,90.634028,2.228016,67.000000,-1.000000,1,0,1,1,1,0,1,0,0,8.067300,2.228117,90.480069,5,T5_dusk_load_increase,20.433333,8760.000000,60
-0.801254,0.598325,1137.466667,8.515042,8.276620,8.026042,90.651042,2.228016,67.000000,-1.000000,1,0,1,1,1,0,1,0,0,7.287739,2.228941,89.493333,5,T5_dusk_load_increase,20.450000,8820.000000,60
-0.798636,0.601815,1136.922222,8.515722,8.277282,8.026722,90.668056,2.228016,67.000000,-1.000000,1,0,1,1,1,0,1,0,0,6.383857,2.230093,88.263125,5,T5_dusk_load_increase,20.466667,8880.000000,60
-0.796002,0.605294,1136.700000,8.516000,8.270692,8.027000,90.675000,2.228016,67.000000,-1.000000,1,0,1,1,1,0,1,0,0,5.519050,2.231366,87.675000,5,T5_dusk_load_increase,20.483333,8940.000000,60
-0.793353,0.608761,1136.833333,8.516000,8.261939,8.026417,90.660417,2.227978,67.000000,-1.000000,1,0,1,1,1,0,1,0,0,4.821387,2.232329,87.660417,5,T5_dusk_load_increase,20.500000,9000.000000,60
-0.790690,0.612217,1137.922222,8.516000,8.273531,8.021653,90.541319,2.227668,67.000000,-1.000000,1,0,1,1,1,0,1,0,0,4.710858,2.231961,87.541319,5,T5_dusk_load_increase,20.516667,9060.000000,60
-0.788011,0.615661,1011.633333,8.516000,8.273767,8.023556,90.588889,2.227763,67.000000,-1.000000,1,0,1,1,1,0,1,0,0,5.491992,2.230120,88.108333,5,T5_dusk_load_increase,20.533333,9120.000000,60
-0.785317,0.619094,863.200000,8.516375,8.271529,8.028125,90.703125,2.228016,67.000000,-1.000000,1,0,1,1,1,0,1,0,0,6.399714,2.227899,89.296875,5,T5_dusk_load_increase,20.550000,9180.000000,60
-0.782608,0.622515,917.100000,8.518417,8.285107,8.028806,90.720139,2.228016,67.000000,-1.000000,1,0,1,1,1,0,1,0,0,7.266070,2.226155,90.286250,5,T5_dusk_load_increase,20.566667,9240.000000,60
-0.779884,0.625923,838.923611,8.506847,8.190322,8.028028,90.700694,2.228016,67.000000,-1.000000,1,0,1,1,1,0,1,0,0,7.985001,2.225101,90.483264,5,T5_dusk_load_increase,20.583333,9300.000000,60
-0.777146,0.629320,745.700000,8.365667,7.315775,8.008500,89.687500,2.228776,67.000000,-1.000000,1,0,1,1,1,0,1,0,0,8.293132,2.225226,90.533194,5,T5_dusk_load_increase,20.600000,9360.000000,60
-0.774393,0.632705,768.975000,7.841639,4.375961,7.932958,85.655208,2.231879,67.000000,-1.000000,1,0,1,1,1,0,0,0,0,6.345144,2.226203,88.655208,5,T5_dusk_load_increase,20.616667,9420.000000,60
-0.771625,0.636078,767.127778,7.712917,3.752120,7.912833,84.552083,2.233779,67.000000,-1.000000,1,0,1,1,1,0,0,0,0,5.440574,2.227180,87.552083,5,T5_dusk_load_increase,20.633333,9480.000000,60
-0.768842,0.639439,780.779167,7.805708,3.961072,7.930833,85.598958,2.234381,67.000000,-1.000000,1,0,1,1,1,0,0,0,0,5.743554,2.227560,88.598958,5,T5_dusk_load_increase,20.650000,9540.000000,60
-0.766044,0.642788,846.044444,8.141222,4.702008,7.998889,89.597222,2.232829,67.000000,-1.000000,1,0,1,1,1,0,1,0,0,6.817912,2.227560,90.640972,5,T5_dusk_load_increase,20.666667,9600.000000,60
-0.763232,0.646124,853.340278,8.373667,6.763131,8.013986,90.349653,2.226935,67.000000,-1.000000,1,0,1,1,1,0,1,0,0,8.301430,2.227560,90.649861,5,T5_dusk_load_increase,20.683333,9660.000000,60
-0.760406,0.649448,857.275000,8.509250,8.281628,8.017750,90.443750,2.222675,67.000000,-1.000000,1,0,1,1,1,0,1,0,0,8.300240,2.227560,90.658611,5,T5_dusk_load_increase,20.700000,9720.000000,60
-0.757565,0.652760,874.901389,8.512653,8.290733,8.019792,90.494792,2.222675,67.000000,-1.000000,1,0,1,1,1,0,1,0,0,8.298717,2.227560,90.665625,5,T5_dusk_load_increase,20.716667,9780.000000,60
-0.754710,0.656059,877.188889,8.514222,8.292852,8.021833,90.545833,2.225660,67.000000,-1.000000,1,0,1,1,1,0,1,0,0,8.295641,2.227598,90.672847,5,T5_dusk_load_increase,20.733333,9840.000000,60
-0.751840,0.659346,877.500000,8.515583,8.296662,8.023292,90.582292,2.227560,67.000000,-1.000000,1,0,1,1,1,0,1,0,0,8.293283,2.227680,90.690278,5,T5_dusk_load_increase,20.750000,9900.000000,60
-0.748956,0.662620,877.500000,8.516944,8.303784,8.023972,90.599306,2.227560,67.000000,-1.000000,1,0,1,1,1,0,1,0,0,8.293972,2.227701,90.710417,5,T5_dusk_load_increase,20.766667,9960.000000,60
-0.746057,0.665882,876.977778,8.518306,8.305348,8.025306,90.632639,2.227560,67.000000,-1.000000,1,0,1,1,1,0,1,0,0,8.293413,2.227701,90.725139,5,T5_dusk_load_increase,20.783333,10020.000000,60
-0.743145,0.669131,876.966667,8.519333,8.306350,8.026333,90.658333,2.227560,67.000000,-1.000000,1,0,1,1,1,0,1,0,0,8.291115,2.227701,90.737153,5,T5_dusk_load_increase,20.800000,10080.000000,60
-0.740218,0.672367,877.500000,8.520000,8.306763,8.026972,90.674306,2.227560,67.000000,-1.000000,1,0,1,1,1,0,1,0,0,8.286677,2.227663,90.749167,5,T5_dusk_load_increase,20.816667,10140.000000,60
-0.737277,0.675590,877.500000,8.520000,8.295167,8.025611,90.640278,2.227560,67.000000,-1.000000,1,0,1,1,1,0,1,0,0,8.284779,2.227626,90.761181,5,T5_dusk_load_increase,20.833333,10200.000000,60
-0.734323,0.678801,877.500000,8.520375,8.293520,8.025750,90.643750,2.227560,67.000000,-1.000000,1,0,1,1,1,0,1,0,0,8.282063,2.227697,90.772292,5,T5_dusk_load_increase,20.850000,10260.000000,60
-0.731354,0.681998,877.500000,8.520944,8.299400,8.027056,90.676389,2.227560,67.000000,-1.000000,1,0,1,1,1,0,1,0,0,8.279419,2.227788,90.782292,5,T5_dusk_load_increase,20.866667,10320.000000,60
-0.728371,0.685183,877.500000,8.520264,8.298737,8.027736,90.693403,2.227560,67.000000,-1.000000,1,0,1,1,1,0,1,0,0,8.277829,2.227879,90.794306,5,T5_dusk_load_increase,20.883333,10380.000000,60
-0.725374,0.688355,877.500000,8.520000,8.291380,8.028417,90.710417,2.227750,67.000000,-1.000000,1,0,1,1,1,0,1,0,0,8.279157,2.227950,90.806319,5,T5_dusk_load_increase,20.900000,10440.000000,60
-0.722364,0.691513,877.500000,8.520292,8.283380,8.029097,90.727431,2.227972,67.000000,-1.000000,1,0,1,1,1,0,1,0,0,8.279546,2.227913,90.818333,5,T5_dusk_load_increase,20.916667,10500.000000,60
-0.719340,0.694658,877.500000,8.522333,8.296965,8.029778,90.744444,2.227661,67.000000,-1.000000,1,0,1,1,1,0,1,0,0,8.279143,2.227822,90.828333,5,T5_dusk_load_increase,20.933333,10560.000000,60
-0.716302,0.697790,877.866667,8.522083,8.296603,8.030000,90.750000,2.227560,67.000000,-1.000000,1,0,1,1,1,0,1,0,0,8.279481,2.227731,90.838333,5,T5_dusk_load_increase,20.950000,10620.000000,60
-0.713250,0.700909,878.188889,8.520861,8.287248,8.030139,90.753472,2.227560,67.000000,-1.000000,1,0,1,1,1,0,1,0,0,8.280504,2.227640,90.845625,5,T5_dusk_load_increase,20.966667,10680.000000,60
-0.710185,0.704015,877.644444,8.520181,8.269190,8.030819,90.770486,2.227560,67.000000,-1.000000,1,0,1,1,1,0,1,0,0,8.282330,2.227626,90.852639,5,T5_dusk_load_increase,20.983333,10740.000000,60
-0.707107,0.707107,877.500000,8.521000,8.273891,8.031500,90.787500,2.227788,67.000000,-1.000000,1,0,1,1,1,0,1,0,0,8.284928,2.227680,90.859653,5,T5_dusk_load_increase,21.000000,10800.000000,60
-0.704015,0.710185,877.500000,8.522000,8.283384,8.032000,90.800000,2.228016,67.000000,-1.000000,1,0,1,1,1,0,1,0,0,8.287976,2.227682,90.869583,5,T5_dusk_load_increase,21.016667,10860.000000,60
-0.700909,0.713250,877.500000,8.522000,8.283384,8.032000,90.800000,2.228016,67.000000,-1.000000,1,0,1,1,1,0,1,0,0,8.288920,2.227682,90.876250,5,T5_dusk_load_increase,21.033333,10920.000000,60
-0.697790,0.716302,877.500000,8.522542,8.279294,8.032542,90.813542,2.228016,67.000000,-1.000000,1,0,1,1,1,0,1,0,0,8.290025,2.227713,90.881250,5,T5_dusk_load_increase,21.050000,10980.000000,60
-0.694658,0.719340,877.500000,8.523000,8.275833,8.033222,90.830556,2.227915,67.000000,-1.000000,1,0,1,1,1,0,1,0,0,8.275449,2.227758,90.847361,5,T5_dusk_load_increase,21.066667,11040.000000,60
-0.691513,0.722364,877.500000,8.523000,8.275833,8.033903,90.847569,2.227604,67.000000,-1.000000,1,0,1,1,1,0,1,0,0,7.859424,2.228044,89.933854,5,T5_dusk_load_increase,21.083333,11100.000000,60
-0.688355,0.725374,877.500000,8.523583,8.281372,8.034000,90.850000,2.227560,67.000000,-1.000000,1,0,1,1,1,0,1,0,0,7.149201,2.229411,88.685174,5,T5_dusk_load_increase,21.100000,11160.000000,60
-0.685183,0.728371,877.500000,8.523736,8.285071,8.034000,90.850000,2.227560,67.000000,-1.000000,1,0,1,1,1,0,1,0,0,6.241510,2.232147,87.850000,5,T5_dusk_load_increase,21.116667,11220.000000,60
-0.681998,0.731354,877.500000,8.523056,8.284410,8.034000,90.850000,2.227560,67.000000,-1.000000,1,0,1,1,1,0,1,0,0,5.339326,2.234166,87.850000,5,T5_dusk_load_increase,21.133333,11280.000000,60
-0.678801,0.734323,878.562500,8.523625,8.284963,8.034625,90.865625,2.227845,67.000000,-1.000000,1,0,1,1,1,0,1,0,0,4.153181,2.219231,87.865625,5,T5_dusk_load_increase,21.150000,11340.000000,60
-0.675590,0.737277,878.680556,8.524917,8.288824,8.035306,90.882639,2.227877,67.000000,-1.000000,1,0,1,1,1,0,1,0,0,2.995969,2.181973,87.882639,5,T5_dusk_load_increase,21.166667,11400.000000,60
-0.672367,0.740218,877.523611,8.526958,8.296612,8.035986,90.899653,2.227566,67.000000,-1.000000,1,0,1,1,1,0,1,0,0,2.079429,2.140648,87.899653,5,T5_dusk_load_increase,21.183333,11460.000000,60
-0.669131,0.743145,878.033333,8.525667,8.289790,8.035333,90.883333,2.227560,67.000000,-1.000000,1,0,1,1,1,0,1,0,0,1.643239,2.115338,87.883333,5,T5_dusk_load_increase,21.200000,11520.000000,60
-0.665882,0.746057,878.022222,8.525694,8.289935,8.035000,90.875000,2.227718,67.000000,-1.000000,1,0,1,1,1,0,1,0,0,1.562640,2.112165,87.875000,5,T5_dusk_load_increase,21.216667,11580.000000,60
-0.662620,0.748956,874.930556,8.513361,8.212083,8.031556,90.696181,2.228067,67.000000,-1.000000,1,0,1,1,1,0,1,0,0,1.852360,2.128369,87.696181,5,T5_dusk_load_increase,21.233333,11640.000000,60
-0.659346,0.751840,811.979167,8.179208,6.208701,7.947167,86.315104,2.229308,67.000000,-1.000000,1,0,1,1,1,0,1,0,0,2.531206,2.167119,83.315104,5,T5_dusk_load_increase,21.250000,11700.000000,60
-0.656059,0.754710,787.916667,7.973389,4.745495,7.914500,84.656250,2.234404,67.000000,-1.000000,1,0,1,1,1,0,1,0,0,3.261347,2.208801,82.412500,5,T5_dusk_load_increase,21.266667,11760.000000,60
-0.652760,0.757565,783.645833,7.872917,3.751335,7.918958,84.934896,2.241236,67.000000,-1.000000,1,0,1,1,1,0,0,0,0,3.707736,2.233164,82.576042,5,T5_dusk_load_increase,21.283333,11820.000000,60
-0.649448,0.760406,696.875000,7.852500,3.779016,7.908750,84.296875,2.237815,67.000000,-1.000000,1,0,1,1,1,0,0,0,0,3.786548,2.235898,82.439583,5,T5_dusk_load_increase,21.300000,11880.000000,60
-0.646124,0.763232,704.094444,7.528542,2.281357,7.876153,82.259549,2.153394,67.000000,-1.000000,1,0,1,1,1,0,0,0,0,3.781357,2.236303,82.533681,5,T5_dusk_load_increase,21.316667,11940.000000,60
-0.642788,0.766044,762.288889,7.176889,0.422639,7.837222,79.826389,2.043017,67.000000,-1.000000,0,1,1,1,1,0,0,0,0,1.922639,2.237155,82.661111,5,T5_dusk_load_increase,21.333333,12000.000000,60
-0.639439,0.768842,802.033333,7.586583,0.162795,7.832458,79.528646,2.027780,67.000000,-1.000000,0,1,1,1,1,0,0,0,0,1.662795,2.238179,82.528646,5,T5_dusk_load_increase,21.350000,12060.000000,60
-0.636078,0.771625,810.658333,7.839972,1.570390,7.862167,81.385417,2.114684,67.000000,-1.000000,0,1,1,1,1,0,0,0,0,3.070390,2.238851,82.744965,5,T5_dusk_load_increase,21.366667,12120.000000,60
-0.632705,0.774393,806.822222,7.991097,3.376017,7.894250,83.390625,2.221948,67.000000,-1.000000,1,0,1,1,1,0,0,0,0,3.762349,2.239077,82.559028,5,T5_dusk_load_increase,21.383333,12180.000000,60
-0.629320,0.777146,807.366667,8.027167,3.729957,7.882000,82.625000,2.234415,67.000000,-1.000000,1,0,1,1,1,0,1,0,0,3.766635,2.238766,82.417708,5,T5_dusk_load_increase,21.400000,12240.000000,60
-0.625923,0.779884,807.088889,8.044222,3.816872,7.877972,82.373264,2.236767,67.000000,-1.000000,1,0,1,1,1,0,1,0,0,3.766647,2.237496,82.361632,5,T5_dusk_load_increase,21.416667,12300.000000,60
-0.622515,0.782608,801.508333,8.035472,3.813501,7.876611,82.288194,2.236190,67.000000,-1.000000,1,0,1,1,1,0,1,0,0,3.763983,2.236478,82.366319,5,T5_dusk_load_increase,21.433333,12360.000000,60
-0.619094,0.785317,783.337500,7.977625,3.802336,7.875250,82.203125,2.236501,67.000000,-1.000000,1,0,1,1,1,0,1,0,0,3.757901,2.235690,82.446007,5,T5_dusk_load_increase,21.450000,12420.000000,60
-0.615661,0.788011,782.777778,7.794778,3.770074,7.883333,82.708333,2.235614,67.000000,-1.000000,1,0,1,1,1,0,0,0,0,3.746818,2.235493,82.610764,5,T5_dusk_load_increase,21.466667,12480.000000,60
-0.612217,0.790690,784.220833,7.696667,3.745497,7.889528,83.095486,2.236444,67.000000,-1.000000,1,0,1,1,1,0,0,0,0,3.741288,2.235639,82.635069,5,T5_dusk_load_increase,21.483333,12540.000000,60
-0.608761,0.793353,781.975000,7.811000,3.747978,7.888167,83.010417,2.241024,67.000000,-1.000000,1,0,1,1,1,0,0,0,0,3.745382,2.235331,82.421007,5,T5_dusk_load_increase,21.500000,12600.000000,60
-0.605294,0.796002,789.643056,7.879347,3.755384,7.882625,82.664063,2.241312,67.000000,-1.000000,1,0,1,1,1,0,0,0,0,3.710893,2.231880,82.080556,5,T5_dusk_load_increase,21.516667,12660.000000,60
-0.601815,0.798636,792.222222,7.917667,3.769689,7.875944,82.246528,2.239859,67.000000,-1.000000,1,0,1,1,1,0,1,0,0,3.565101,2.221745,81.628646,5,T5_dusk_load_increase,21.533333,12720.000000,60
-0.598325,0.801254,785.416667,7.921750,3.793198,7.868458,81.778646,2.236748,67.000000,-1.000000,1,0,1,1,1,0,1,0,0,2.990916,2.188619,80.998090,5,T5_dusk_load_increase,21.550000,12780.000000,60
-0.594823,0.803857,789.280556,7.709889,3.766923,7.878222,82.388889,2.234889,67.000000,-1.000000,1,0,1,1,1,0,0,0,0,2.582033,2.165781,80.571007,5,T5_dusk_load_increase,21.566667,12840.000000,60
-0.591310,0.806445,789.304167,7.671458,3.748040,7.883681,82.730035,2.234672,67.000000,-1.000000,1,0,1,1,1,0,0,0,0,2.578854,2.166479,80.595313,5,T5_dusk_load_increase,21.583333,12900.000000,60
-0.587785,0.809017,784.200000,7.845000,3.742065,7.883000,82.687500,2.236224,67.000000,-1.000000,1,0,1,1,1,0,0,0,0,2.619158,2.169451,80.584375,5,T5_dusk_load_increase,21.600000,12960.000000,60
-0.584250,0.811574,781.341667,7.827986,3.739277,7.882319,82.644965,2.235914,67.000000,-1.000000,1,0,1,1,1,0,0,0,0,2.771878,2.178445,80.742014,5,T5_dusk_load_increase,21.616667,13020.000000,60
-0.580703,0.814116,785.705556,7.819639,3.737787,7.881639,82.602431,2.235768,67.000000,-1.000000,1,0,1,1,1,0,0,0,0,3.222700,2.202567,81.037500,5,T5_dusk_load_increase,21.633333,13080.000000,60
-0.577145,0.816642,795.420833,7.821375,3.739269,7.880167,82.510417,2.235616,67.000000,-1.000000,1,0,1,1,1,0,0,0,0,2.995379,2.187198,80.526910,5,T5_dusk_load_increase,21.650000,13140.000000,60
-0.573576,0.819152,789.227778,7.860167,3.768513,7.866556,81.659722,2.233133,67.000000,-1.000000,1,0,1,1,1,0,0,0,0,2.244855,2.142938,79.562674,5,T5_dusk_load_increase,21.666667,13200.000000,60
-0.569997,0.821647,771.595833,7.688306,3.569616,7.855764,80.985243,2.218971,67.000000,-1.000000,1,0,1,1,1,0,0,0,0,1.490628,2.099747,78.726042,5,T5_dusk_load_increase,21.683333,13260.000000,60
-0.566406,0.824126,752.041667,7.425250,3.010320,7.846167,80.385417,2.185240,67.000000,-1.000000,0,1,1,1,1,0,0,0,0,0.735844,2.057222,77.798264,5,T5_dusk_load_increase,21.700000,13320.000000,60
-0.562805,0.826590,775.248611,7.549792,0.866863,7.831194,79.449653,2.070137,67.000000,-1.000000,1,0,1,1,1,0,0,0,0,0.111649,2.022627,76.891493,5,T5_dusk_load_increase,21.716667,13380.000000,60
-0.559193,0.829038,787.033333,7.711667,1.694853,7.846000,80.375000,2.121425,67.000000,-1.000000,1,0,1,1,1,0,0,0,0,0.186293,2.028094,77.375000,5,T5_dusk_load_increase,21.733333,13440.000000,60
-0.555570,0.831470,790.237500,7.863000,3.752617,7.868500,81.781250,2.236623,67.000000,-1.000000,1,0,1,1,1,0,0,0,0,0.885346,2.069432,78.781250,5,T5_dusk_load_increase,21.750000,13500.000000,60
-0.551937,0.833886,782.275000,7.879333,3.771136,7.854889,80.930556,2.233830,67.000000,-1.000000,1,0,1,1,1,0,1,0,0,1.636564,2.113376,78.261458,5,T5_dusk_load_increase,21.766667,13560.000000,60
-0.548293,0.836286,759.340278,7.714347,3.773923,7.858778,81.173611,2.230209,67.000000,-1.000000,1,0,1,1,1,0,0,0,0,2.387087,2.157324,79.092014,5,T5_dusk_load_increase,21.783333,13620.000000,60
-0.544639,0.838671,740.000000,7.490333,3.120972,7.854833,80.927083,2.190750,67.000000,-1.000000,1,0,1,1,1,0,0,0,0,3.136915,2.201109,79.950868,5,T5_dusk_load_increase,21.800000,13680.000000,60
-0.540974,0.841039,750.208333,7.307944,0.558246,7.805153,77.822049,2.044578,67.000000,-1.000000,0,1,1,1,1,0,0,0,0,2.058246,2.233706,80.471528,5,T5_dusk_load_increase,21.816667,13740.000000,60
-0.537300,0.843391,752.500000,7.311333,0.000000,7.791361,76.960069,2.015323,67.000000,-1.000000,0,1,1,1,1,0,0,0,0,1.500000,2.236031,79.960069,5,T5_dusk_load_increase,21.833333,13800.000000,60
-0.533615,0.845728,758.583333,7.326833,0.000000,7.787958,76.747396,2.017873,67.000000,-1.000000,0,1,1,1,1,0,0,0,0,1.500000,2.235130,79.747396,5,T5_dusk_load_increase,21.850000,13860.000000,60
-0.529919,0.848048,778.455556,7.247889,0.000000,7.784556,76.534722,2.017583,67.000000,-1.000000,0,1,1,1,1,0,0,0,0,1.500000,2.234777,79.534722,5,T5_dusk_load_increase,21.866667,13920.000000,60
-0.526214,0.850352,782.611111,7.494667,0.000000,7.782292,76.393229,2.017779,67.000000,-1.000000,0,1,1,1,1,0,0,0,0,1.500000,2.234533,79.393229,5,T5_dusk_load_increase,21.883333,13980.000000,60
-0.522499,0.852640,784.775000,7.714000,0.931466,7.798250,77.390625,2.071913,67.000000,-1.000000,0,1,1,1,1,0,0,0,0,2.501941,2.231796,80.339757,5,T5_dusk_load_increase,21.900000,14040.000000,60
-0.518773,0.854912,788.790278,7.776611,3.495263,7.845208,80.325521,2.222010,67.000000,-1.000000,1,0,1,1,1,0,0,0,0,3.152226,2.199720,79.779687,5,T5_dusk_load_increase,21.916667,14100.000000,60
-0.515038,0.857167,787.672222,7.806222,3.756094,7.850611,80.663194,2.237592,67.000000,-1.000000,1,0,1,1,1,0,0,0,0,2.398608,2.156597,78.817014,5,T5_dusk_load_increase,21.933333,14160.000000,60
-0.511293,0.859406,790.083333,7.808458,3.752615,7.851000,80.687500,2.237326,67.000000,-1.000000,1,0,1,1,1,0,0,0,0,1.648580,2.113076,77.855556,5,T5_dusk_load_increase,21.950000,14220.000000,60
-0.507538,0.861629,797.977778,7.779194,3.749140,7.851000,80.687500,2.236705,67.000000,-1.000000,1,0,1,1,1,0,0,0,0,0.898828,2.069572,77.687500,5,T5_dusk_load_increase,21.966667,14280.000000,60
-0.503774,0.863836,798.300000,7.828917,3.763317,7.839903,79.993924,2.234894,67.000000,-1.000000,1,0,1,1,1,0,0,0,0,0.191203,2.028961,76.993924,5,T5_dusk_load_increase,21.983333,14340.000000,60
-0.500000,0.866025,792.766667,7.827333,3.770166,7.839333,79.958333,2.233640,67.000000,-1.000000,1,0,1,1,1,0,0,0,0,0.000000,2.017940,76.958333,5,T5_dusk_load_increase,22.000000,14400.000000,60
-0.496217,0.868199,781.919444,7.771264,3.768092,7.849931,80.620660,2.233083,67.000000,-1.000000,1,0,1,1,1,0,0,0,0,0.000000,2.017845,77.620660,5,T5_dusk_load_increase,22.016667,14460.000000,60
-0.492424,0.870356,792.672222,7.833194,3.750142,7.846528,80.407986,2.235565,67.000000,-1.000000,1,0,1,1,1,0,0,0,0,0.000000,2.017078,77.407986,5,T5_dusk_load_increase,22.033333,14520.000000,60
-0.488621,0.872496,754.375000,7.747375,3.748761,7.846500,80.406250,2.235483,67.000000,-1.000000,1,0,1,1,1,0,0,0,0,0.000000,2.015815,77.406250,5,T5_dusk_load_increase,22.050000,14580.000000,60
-0.484810,0.874620,686.066667,7.537722,3.538123,7.844889,80.305556,2.221210,67.000000,-1.000000,1,0,1,1,1,0,0,0,0,0.000000,2.014572,77.305556,5,T5_dusk_load_increase,22.066667,14640.000000,60
-0.480989,0.876727,729.758333,7.289319,0.956014,7.794528,77.157986,2.073260,67.000000,-1.000000,0,1,1,1,1,0,0,0,0,0.379079,2.034932,74.248264,5,T5_dusk_load_increase,22.083333,14700.000000,60
-0.477159,0.878817,745.991667,7.313833,0.000000,7.772917,75.807292,2.017465,67.000000,-1.000000,0,1,1,1,1,0,0,0,0,1.087829,2.074981,75.023958,5,T5_dusk_load_increase,22.100000,14760.000000,60
-0.473320,0.880891,744.027778,7.441875,0.000000,7.769611,75.600694,2.017962,67.000000,-1.000000,0,1,1,1,1,0,0,0,0,1.500000,2.118047,75.876563,5,T5_dusk_load_increase,22.116667,14820.000000,60
-0.469472,0.882948,737.222222,7.154000,0.000000,7.766889,75.430556,2.017962,67.000000,-1.000000,0,1,1,1,1,0,0,0,0,1.500000,2.161852,76.755382,5,T5_dusk_load_increase,22.133333,14880.000000,60
-0.465615,0.884988,747.604167,7.225458,0.000000,7.764167,75.260417,2.018157,67.000000,-1.000000,0,1,1,1,1,0,0,0,0,1.500000,2.205548,77.670139,5,T5_dusk_load_increase,22.150000,14940.000000,60
-0.461749,0.887011,760.652778,7.422389,0.000000,7.759222,74.951389,2.018151,66.861111,-1.000000,0,1,1,1,1,0,0,0,0,1.500000,2.227702,77.951389,5,T5_dusk_load_increase,22.166667,15000.000000,60
-0.457874,0.889017,751.601389,7.429194,0.000000,7.745611,74.100694,2.016992,66.180556,-1.000000,0,1,1,1,1,0,0,0,0,1.500000,2.230463,77.100694,5,T5_dusk_load_increase,22.183333,15060.000000,60
-0.453990,0.891007,749.600000,7.451500,0.000000,7.741500,73.843750,2.014128,66.000000,-1.000000,0,1,1,1,1,0,0,0,0,1.500000,2.230813,76.843750,5,T5_dusk_load_increase,22.200000,15120.000000,60
-0.450098,0.892979,753.015278,7.505222,0.000000,7.740278,73.767361,2.011649,66.000000,-1.000000,0,1,1,1,1,0,0,0,0,1.500000,2.230919,76.767361,5,T5_dusk_load_increase,22.216667,15180.000000,60
-0.446198,0.894934,764.380556,7.630444,0.000000,7.737556,73.597222,2.011939,66.000000,-1.000000,0,1,1,1,1,0,0,0,0,1.500000,2.231017,76.597222,5,T5_dusk_load_increase,22.233333,15240.000000,60
-0.442289,0.896873,770.762500,7.623500,1.895393,7.774917,75.932292,2.119953,66.541667,-1.000000,1,0,1,1,1,0,0,0,0,3.395393,2.231022,78.116493,5,T5_dusk_load_increase,22.250000,15300.000000,60
-0.438371,0.898794,770.311111,7.617333,3.543753,7.807667,77.979167,2.217234,67.000000,-1.000000,1,0,1,1,1,0,0,0,0,3.741213,2.230965,78.084028,5,T5_dusk_load_increase,22.266667,15360.000000,60
-0.434445,0.900698,758.401389,7.682667,3.720545,7.809708,78.106771,2.229459,67.000000,-1.000000,1,0,1,1,1,0,0,0,0,3.740250,2.230874,78.059201,5,T5_dusk_load_increase,22.283333,15420.000000,60
-0.430511,0.902585,767.841667,7.676250,3.742812,7.810583,78.161458,2.230676,67.000000,-1.000000,1,0,1,1,1,0,0,0,0,3.740088,2.230782,78.046528,5,T5_dusk_load_increase,22.300000,15480.000000,60
-0.426569,0.904455,774.929167,7.684528,3.741938,7.810736,78.171007,2.230416,67.000000,-1.000000,1,0,1,1,1,0,0,0,0,3.738944,2.230752,78.040625,5,T5_dusk_load_increase,22.316667,15540.000000,60
-0.422618,0.906308,772.683333,7.734889,3.745405,7.810056,78.128472,2.230727,67.000000,-1.000000,1,0,1,1,1,0,0,0,0,3.738436,2.230752,78.026215,5,T5_dusk_load_increase,22.333333,15600.000000,60
-0.418660,0.908143,776.687500,7.750250,3.746277,7.810625,78.164062,2.231037,67.000000,-1.000000,1,0,1,1,1,0,0,0,0,3.738781,2.230752,78.013368,5,T5_dusk_load_increase,22.350000,15660.000000,60
-0.414693,0.909961,779.688889,7.767694,3.744676,7.810694,78.168403,2.231208,67.000000,-1.000000,1,0,1,1,1,0,0,0,0,3.738364,2.230752,77.990625,5,T5_dusk_load_increase,22.366667,15720.000000,60
-0.410719,0.911762,780.777778,7.791514,3.740251,7.810014,78.125868,2.231208,67.000000,-1.000000,1,0,1,1,1,0,0,0,0,3.738632,2.230752,77.955729,5,T5_dusk_load_increase,22.383333,15780.000000,60
-0.406737,0.913545,780.266667,7.797333,3.742720,7.809333,78.083333,2.230904,67.000000,-1.000000,1,0,1,1,1,0,0,0,0,3.739018,2.230752,77.914062,5,T5_dusk_load_increase,22.400000,15840.000000,60
-0.402747,0.915311,780.000000,7.794792,3.741500,7.808653,78.040799,2.230752,67.000000,-1.000000,1,0,1,1,1,0,0,0,0,3.738573,2.230752,77.880903,5,T5_dusk_load_increase,22.416667,15900.000000,60
-0.398749,0.917060,780.000000,7.785250,3.736920,7.808028,78.001736,2.230752,67.000000,-1.000000,1,0,1,1,1,0,0,0,0,3.738989,2.230752,77.845486,5,T5_dusk_load_increase,22.433333,15960.000000,60
-0.394744,0.918791,780.000000,7.791375,3.739860,7.808708,78.044271,2.230752,67.000000,-1.000000,1,0,1,1,1,0,0,0,0,3.739329,2.230752,77.802951,5,T5_dusk_load_increase,22.450000,16020.000000,60
-0.390731,0.920505,780.000000,7.790500,3.739440,7.809000,78.062500,2.230752,67.000000,-1.000000,1,0,1,1,1,0,0,0,0,3.738666,2.230752,77.760417,5,T5_dusk_load_increase,22.466667,16080.000000,60
-0.386711,0.922201,780.000000,7.785417,3.737000,7.808861,78.053819,2.230752,67.000000,-1.000000,1,0,1,1,1,0,0,0,0,3.738437,2.230752,77.717882,5,T5_dusk_load_increase,22.483333,16140.000000,60
-0.382683,0.923880,780.000000,7.789500,3.738960,7.807500,77.968750,2.230752,67.000000,-1.000000,1,0,1,1,1,0,0,0,0,3.739025,2.230752,77.668403,5,T5_dusk_load_increase,22.500000,16200.000000,60
-0.378649,0.925541,780.000000,7.788847,3.738647,7.807000,77.937500,2.230752,67.000000,-1.000000,1,0,1,1,1,0,0,0,0,3.738873,2.230730,77.616319,5,T5_dusk_load_increase,22.516667,16260.000000,60
-0.374607,0.927184,780.000000,7.785222,3.737772,7.806889,77.930556,2.230752,67.000000,-1.000000,1,0,1,1,1,0,0,0,0,3.738267,2.230647,77.572743,5,T5_dusk_load_increase,22.533333,16320.000000,60
-0.370557,0.928810,780.000000,7.780458,3.740780,7.806208,77.888021,2.230752,67.000000,-1.000000,1,0,1,1,1,0,0,0,0,3.278621,2.204029,76.977778,5,T5_dusk_load_increase,22.550000,16380.000000,60
-0.366501,0.930418,780.377778,7.780889,3.738933,7.805528,77.845486,2.230752,67.000000,-1.000000,1,0,1,1,1,0,0,0,0,2.531062,2.159985,75.992882,5,T5_dusk_load_increase,22.566667,16440.000000,60
-0.362438,0.932008,780.677778,7.782389,3.736736,7.804847,77.802951,2.230752,67.000000,-1.000000,1,0,1,1,1,0,0,0,0,1.783128,2.116057,74.972396,5,T5_dusk_load_increase,22.583333,16500.000000,60
-0.358368,0.933580,780.133333,7.779667,3.740723,7.804167,77.760417,2.230752,67.000000,-1.000000,1,0,1,1,1,0,0,0,0,1.035135,2.071885,74.760417,5,T5_dusk_load_increase,22.600000,16560.000000,60
-0.354291,0.935135,780.000000,7.774375,3.739474,7.803486,77.717882,2.230752,67.000000,-1.000000,1,0,1,1,1,0,0,0,0,0.287846,2.027812,74.717882,5,T5_dusk_load_increase,22.616667,16620.000000,60
-0.350207,0.936672,780.000000,7.770194,3.737464,7.802806,77.675347,2.230752,67.000000,-1.000000,1,0,1,1,1,0,0,0,0,0.000000,2.010679,74.675347,5,T5_dusk_load_increase,22.633333,16680.000000,60
-0.346117,0.938191,780.000000,7.770875,3.737791,7.802125,77.632812,2.230752,67.000000,-1.000000,1,0,1,1,1,0,0,0,0,0.000000,2.011030,74.632812,5,T5_dusk_load_increase,22.650000,16740.000000,60
-0.342020,0.939693,780.000000,7.783778,3.739673,7.800889,77.555556,2.230752,67.000000,-1.000000,1,0,1,1,1,0,0,0,0,0.000000,2.011293,74.555556,5,T5_dusk_load_increase,22.666667,16800.000000,60
-0.337917,0.941176,762.881944,7.776292,3.739964,7.800000,77.500000,2.230644,67.000000,-1.000000,1,0,1,1,1,0,0,0,0,0.000610,2.011806,74.500000,5,T5_dusk_load_increase,22.683333,16860.000000,60
-0.333807,0.942641,713.541667,7.725250,3.736446,7.800000,77.500000,2.230334,67.000000,-1.000000,1,0,1,1,1,0,0,0,0,0.010963,2.012051,74.500000,5,T5_dusk_load_increase,22.700000,16920.000000,60
-0.329691,0.944089,719.922222,7.382764,1.439229,7.755208,74.700521,2.097665,66.402778,-1.000000,0,1,1,1,1,0,0,0,0,0.022500,2.011796,71.700521,5,T5_dusk_load_increase,22.716667,16980.000000,60
-0.325568,0.945519,728.077778,7.185722,0.000000,7.723333,72.708333,2.010531,66.000000,-1.000000,0,1,1,1,1,0,0,0,0,0.029516,2.011518,71.508160,5,T5_dusk_load_increase,22.733333,17040.000000,60
-0.321439,0.946930,727.533333,7.258542,0.000000,7.719250,72.453125,2.011111,66.000000,-1.000000,0,1,1,1,1,0,0,0,0,0.031355,2.011502,71.402604,5,T5_dusk_load_increase,22.750000,17100.000000,60
-0.317305,0.948324,728.011111,7.261083,0.000000,7.716444,72.277778,2.009785,66.000000,-1.000000,0,1,1,1,1,0,0,0,0,0.030744,2.011602,71.300000,5,T5_dusk_load_increase,22.766667,17160.000000,60
-0.313164,0.949699,728.300000,7.261597,0.000000,7.713722,72.107639,2.009969,66.000000,-1.000000,0,1,1,1,1,0,0,0,0,0.022432,2.011933,71.197396,5,T5_dusk_load_increase,22.783333,17220.000000,60
-0.309017,0.951057,728.300000,7.265000,0.000000,7.711000,71.937500,2.011998,66.000000,-1.000000,0,1,1,1,1,0,0,0,0,0.023973,2.012359,71.089757,5,T5_dusk_load_increase,22.800000,17280.000000,60
-0.304864,0.952396,716.390278,7.220083,0.000000,7.709639,71.852431,2.012288,66.000000,-1.000000,0,1,1,1,1,0,0,0,0,0.033201,2.012418,70.973611,5,T5_dusk_load_increase,22.816667,17340.000000,60
-0.300706,0.953717,685.522222,7.007250,0.000000,7.707917,71.744792,2.012424,66.000000,-1.000000,0,1,1,1,1,0,0,0,0,0.044941,2.011965,70.853125,5,T5_dusk_load_increase,22.833333,17400.000000,60
-0.296542,0.955020,640.870833,6.659208,0.003052,7.705875,71.617188,2.012353,66.000000,-1.000000,0,1,1,1,1,0,0,0,0,0.047443,2.011933,70.746701,5,T5_dusk_load_increase,22.850000,17460.000000,60
-0.292372,0.956305,642.027778,6.515611,0.051763,7.703833,71.489583,2.011193,66.000000,-1.000000,0,1,1,1,1,0,0,0,0,0.045403,2.012018,70.657292,5,T5_dusk_load_increase,22.866667,17520.000000,60
-0.288196,0.957571,642.177778,6.419542,0.057687,7.702194,71.387153,2.010720,66.000000,-1.000000,0,1,1,1,1,0,0,0,0,0.032324,2.012103,70.579688,5,T5_dusk_load_increase,22.883333,17580.000000,60
-0.284015,0.958820,642.666667,6.377750,0.035078,7.700833,71.302083,2.010897,66.000000,-1.000000,0,1,1,1,1,0,0,0,0,0.016081,2.012520,70.502083,5,T5_dusk_load_increase,22.900000,17640.000000,60
-0.279829,0.960050,650.561111,6.490042,0.009194,7.699472,71.217014,2.012347,66.000000,-1.000000,0,1,1,1,1,0,0,0,0,0.011823,2.013207,70.434549,5,T5_dusk_load_increase,22.916667,17700.000000,60
-0.275637,0.961262,629.611111,6.420111,0.000000,7.697667,71.104167,2.012850,66.000000,-1.000000,0,1,1,1,1,0,0,0,0,0.021604,2.013410,70.363889,5,T5_dusk_load_increase,22.933333,17760.000000,60
-0.271440,0.962455,602.400000,6.277875,0.010202,7.695625,70.976562,2.012850,66.000000,-1.000000,0,1,1,1,1,0,0,0,0,0.022741,2.013495,70.284722,5,T5_dusk_load_increase,22.950000,17820.000000,60
-0.267238,0.963630,615.466667,6.244528,0.065394,7.693583,70.848958,2.012850,66.000000,-1.000000,0,1,1,1,1,0,0,0,0,0.022741,2.013580,70.202257,5,T5_dusk_load_increase,22.966667,17880.000000,60
-0.263031,0.964787,624.061111,6.247153,0.081213,7.691542,70.721354,2.011193,66.000000,-1.000000,0,1,1,1,1,0,0,0,0,0.022741,2.013665,70.128299,5,T5_dusk_load_increase,22.983333,17940.000000,60
-0.258819,0.965926,629.200000,6.267500,0.067898,7.689833,70.614583,2.010081,66.000000,-1.000000,0,1,1,1,1,0,0,0,0,0.013419,2.013702,70.048611,5,T5_dusk_load_increase,23.000000,18000.000000,60
-0.254602,0.967046,629.200000,6.298125,0.012509,7.689153,70.572049,2.012690,66.000000,-1.000000,0,1,1,1,1,0,0,0,0,0.001137,2.013758,69.971701,5,T5_dusk_load_increase,23.016667,18060.000000,60
-0.250380,0.968148,629.200000,6.305000,0.000000,7.688472,70.529514,2.013276,66.000000,-1.000000,0,1,1,1,1,0,0,0,0,0.005437,2.013701,69.899132,5,T5_dusk_load_increase,23.033333,18120.000000,60
-0.246153,0.969231,629.200000,6.302292,0.000000,7.687375,70.460938,2.013276,66.000000,-1.000000,0,1,1,1,1,0,0,0,0,0.021387,2.013366,69.826562,5,T5_dusk_load_increase,23.050000,18180.000000,60
-0.241922,0.970296,629.200000,6.293444,0.000000,7.685333,70.333333,2.013276,66.000000,-1.000000,0,1,1,1,1,0,0,0,0,0.025747,2.013321,69.753993,5,T5_dusk_load_increase,23.066667,18240.000000,60
-0.237686,0.971342,629.200000,6.295986,0.046608,7.684431,70.276910,2.013519,66.000000,-1.000000,0,1,1,1,1,0,0,0,0,0.025747,2.013406,69.686111,5,T5_dusk_load_increase,23.083333,18300.000000,60
-0.233445,0.972370,629.200000,6.298500,0.061410,7.683500,70.218750,2.013702,66.000000,-1.000000,0,1,1,1,1,0,0,0,0,0.025747,2.013436,69.617188,5,T5_dusk_load_increase,23.100000,18360.000000,60
-0.229200,0.973379,629.200000,6.297139,0.005685,7.682139,70.133681,2.013702,66.000000,-1.000000,0,1,1,1,1,0,0,0,0,0.020309,2.013578,69.535417,5,T5_dusk_load_increase,23.116667,18420.000000,60
-0.224951,0.974370,629.200000,6.297000,0.000000,7.680778,70.048611,2.013702,66.000000,-1.000000,0,1,1,1,1,0,0,0,0,0.004359,2.013998,69.455556,5,T5_dusk_load_increase,23.133333,18480.000000,60
-0.220697,0.975342,628.937500,6.297292,0.000000,7.679417,69.963542,2.013702,66.000000,-1.000000,0,1,1,1,1,0,0,0,0,0.000000,2.014128,69.382986,5,T5_dusk_load_increase,23.150000,18540.000000,60
-0.216440,0.976296,628.325000,6.297972,0.000000,7.678056,69.878472,2.013702,66.000000,-1.000000,0,1,1,1,1,0,0,0,0,0.000000,2.014128,69.305729,5,T5_dusk_load_increase,23.166667,18600.000000,60
-0.212178,0.977231,628.300000,6.294736,0.000000,7.677347,69.834201,2.013980,66.000000,-1.000000,0,1,1,1,1,0,0,0,0,0.000000,2.014128,69.221354,5,T5_dusk_load_increase,23.183333,18660.000000,60
-0.207912,0.978148,602.200000,6.274000,0.027187,7.676333,69.770833,2.013418,66.000000,-1.000000,0,1,1,1,1,0,0,0,0,0.000000,2.014128,69.145486,5,T5_dusk_load_increase,23.200000,18720.000000,60
-0.203642,0.979045,549.294444,6.221028,0.079750,7.674972,69.685764,2.012028,66.000000,-1.000000,0,1,1,1,1,0,0,0,0,0.000000,2.014128,69.067708,5,T5_dusk_load_increase,23.216667,18780.000000,60
-0.199368,0.979925,514.722222,5.487389,0.021797,7.673611,69.600694,2.013477,66.000000,-1.000000,0,1,1,1,1,0,0,0,0,0.000000,2.014171,68.988889,5,T5_dusk_load_increase,23.233333,18840.000000,60
-0.195090,0.980785,500.137500,5.122375,0.000000,7.672625,69.539062,2.014128,66.000000,-1.000000,0,1,1,1,1,0,0,0,0,0.000000,2.014240,68.916319,5,T5_dusk_load_increase,23.250000,18900.000000,60
-0.190809,0.981627,501.650000,5.063000,0.000000,7.671833,69.489583,2.014128,66.000000,-1.000000,0,1,1,1,1,0,0,0,0,0.000000,2.014252,68.843750,5,T5_dusk_load_increase,23.266667,18960.000000,60
-0.186524,0.982450,501.037500,5.063000,0.000000,7.669792,69.361979,2.014128,66.000000,-1.000000,0,1,1,1,1,0,0,0,0,0.000000,2.014252,68.777951,5,T5_dusk_load_increase,23.283333,19020.000000,60
-0.182236,0.983255,500.800000,5.063417,0.000000,7.668583,69.286458,2.014128,66.000000,-1.000000,0,1,1,1,1,0,0,0,0,0.000000,2.014481,68.717882,5,T5_dusk_load_increase,23.300000,19080.000000,60
-0.177944,0.984041,500.800000,5.063903,0.000000,7.667806,69.237847,2.014128,66.000000,-1.000000,0,1,1,1,1,0,0,0,0,0.000000,2.015369,68.651562,5,T5_dusk_load_increase,23.316667,19140.000000,60
-0.173648,0.984808,500.800000,5.063222,0.000000,7.666444,69.152778,2.014128,66.000000,-1.000000,0,1,1,1,1,0,0,0,0,0.000000,2.015630,68.564410,5,T5_dusk_load_increase,23.333333,19200.000000,60
-0.169350,0.985556,495.483333,5.034125,0.000000,7.665083,69.067708,2.014128,66.000000,-1.000000,0,1,1,1,1,0,0,0,0,0.000000,2.015742,68.473438,5,T5_dusk_load_increase,23.350000,19260.000000,60
-0.165048,0.986286,490.811111,5.008472,0.000000,7.663722,68.982639,2.014128,66.000000,-1.000000,0,1,1,1,1,0,0,0,0,0.000000,2.016625,68.392708,5,T5_dusk_load_increase,23.366667,19320.000000,60
-0.160743,0.986996,498.705556,5.049986,0.000000,7.662361,68.897569,2.014128,66.000000,-1.000000,0,1,1,1,1,0,0,0,0,0.000000,2.016751,68.315451,5,T5_dusk_load_increase,23.383333,19380.000000,60
-0.156434,0.987688,500.800000,5.062000,0.000000,7.661500,68.843750,2.014341,66.000000,-1.000000,0,1,1,1,1,0,0,0,0,0.000000,2.015820,68.242882,5,T5_dusk_load_increase,23.400000,19440.000000,60
-0.152123,0.988362,500.800000,5.062458,0.000000,7.660639,68.789931,2.014477,66.000000,-1.000000,0,1,1,1,1,0,0,0,0,0.000000,2.015490,68.184896,5,T5_dusk_load_increase,23.416667,19500.000000,60
-0.147809,0.989016,500.800000,5.060417,0.000000,7.659278,68.704861,2.014187,66.000000,-1.000000,0,1,1,1,1,0,0,0,0,0.000000,2.015366,68.139062,5,T5_dusk_load_increase,23.433333,19560.000000,60
-0.143493,0.989651,500.800000,5.058917,0.000000,7.658458,68.653646,2.014128,66.000000,-1.000000,0,1,1,1,1,0,0,0,0,0.000000,2.014483,68.080382,5,T5_dusk_load_increase,23.450000,19620.000000,60
-0.139173,0.990268,500.800000,5.059111,0.000000,7.657556,68.597222,2.015273,66.000000,-1.000000,0,1,1,1,1,0,0,0,0,0.000000,2.014128,68.012847,5,T5_dusk_load_increase,23.466667,19680.000000,60
-0.134851,0.990866,500.800000,5.062514,0.000000,7.656194,68.512153,2.018782,66.000000,-1.000000,0,1,1,1,1,0,0,0,0,0.000000,2.014128,67.949132,5,T5_dusk_load_increase,23.483333,19740.000000,60
-0.130526,0.991445,501.325000,5.055417,0.000000,7.653667,68.354167,2.015778,66.000000,-1.000000,0,1,1,1,1,0,0,0,0,0.000000,2.014095,67.889062,5,T5_dusk_load_increase,23.500000,19800.000000,60
-0.126199,0.992005,501.462500,5.053431,0.000000,7.652000,68.250000,2.014748,66.000000,-1.000000,0,1,1,1,1,0,0,0,0,0.000000,2.014016,67.820660,5,T5_dusk_load_increase,23.516667,19860.000000,60
-0.121869,0.992546,500.850000,5.062278,0.000000,7.652000,68.250000,2.018546,66.000000,-1.000000,0,1,1,1,1,0,0,0,0,0.000000,2.013994,67.748090,5,T5_dusk_load_increase,23.533333,19920.000000,60
-0.117537,0.993068,500.800000,5.062375,0.000000,7.651375,68.210938,2.015901,66.000000,-1.000000,0,1,1,1,1,0,0,0,0,0.000000,2.014031,67.675174,5,T5_dusk_load_increase,23.550000,19980.000000,60
-0.113203,0.993572,500.800000,5.063222,0.000000,7.650389,68.149306,2.014128,66.000000,-1.000000,0,1,1,1,1,0,0,0,0,0.000000,2.014116,67.595139,5,T5_dusk_load_increase,23.566667,20040.000000,60
-0.108867,0.994056,500.800000,5.065944,0.000000,7.649028,68.064236,2.014128,66.000000,-1.000000,0,1,1,1,1,0,0,0,0,0.000000,2.014234,67.519965,5,T5_dusk_load_increase,23.583333,20100.000000,60
-0.104528,0.994522,405.800000,4.816000,0.000000,7.648333,68.020833,2.014128,66.000000,-1.000000,0,1,1,1,1,0,0,0,0,0.000000,2.014359,67.447396,5,T5_dusk_load_increase,23.600000,20160.000000,60
-0.100188,0.994969,352.536111,4.267736,0.000000,7.647306,67.956597,2.014128,66.000000,-1.000000,0,1,1,1,1,0,0,0,0,0.000000,2.014367,67.372917,5,T5_dusk_load_increase,23.616667,20220.000000,60
-0.095846,0.995396,341.700000,3.473667,0.000000,7.645972,67.873264,2.014128,66.000000,-1.000000,0,1,1,1,1,0,0,0,0,0.000000,2.014259,67.289931,5,T5_dusk_load_increase,23.633333,20280.000000,60
-0.091502,0.995805,341.700000,3.514500,0.000000,7.645292,67.830729,2.014128,66.000000,-1.000000,0,1,1,1,1,0,0,0,0,0.000000,2.014089,67.203472,5,T5_dusk_load_increase,23.650000,20340.000000,60
-0.087156,0.996195,341.700000,3.533167,0.000000,7.644222,67.763889,2.013962,66.000000,-1.000000,0,1,1,1,1,0,0,0,0,0.000000,2.014387,67.062326,5,T5_dusk_load_increase,23.666667,20400.000000,60
-0.082808,0.996566,341.700000,3.534583,0.000000,7.642861,67.678819,2.013732,66.000000,-1.000000,0,1,1,1,1,0,0,0,0,0.000000,2.016364,66.756944,5,T5_dusk_load_increase,23.683333,20460.000000,60
-0.078459,0.996917,341.700000,3.530500,0.000000,7.641500,67.593750,2.014021,66.000000,-1.000000,0,1,1,1,1,0,0,0,0,0.000000,1.896476,67.409896,5,T5_dusk_load_increase,23.700000,20520.000000,60
-0.074108,0.997250,341.700000,3.528569,0.000000,7.640139,67.508681,2.014311,66.000000,-1.000000,0,1,1,1,1,0,0,0,0,0.000000,1.631355,68.904514,5,T5_dusk_load_increase,23.716667,20580.000000,60
-0.069756,0.997564,341.700000,3.528444,0.000000,7.638889,67.430556,2.014554,66.000000,-1.000000,0,1,1,1,1,0,0,0,0,0.000000,1.239038,70.430556,5,T5_dusk_load_increase,23.733333,20640.000000,60
-0.065403,0.997859,341.700000,3.531167,0.000000,7.638208,67.388021,2.014554,66.000000,-1.000000,0,1,1,1,1,0,0,0,0,0.000000,0.903253,70.388021,5,T5_dusk_load_increase,23.750000,20700.000000,60
-0.061049,0.998135,341.700000,3.531528,0.000000,7.637056,67.315972,2.014353,66.000000,-1.000000,0,1,1,1,1,0,0,0,0,0.000000,0.696193,70.315972,5,T5_dusk_load_increase,23.766667,20760.000000,60
-0.056693,0.998392,341.700000,3.532833,0.000000,7.635542,67.221354,2.014063,66.000000,-1.000000,0,1,1,1,1,0,0,0,0,0.000000,0.802027,70.221354,5,T5_dusk_load_increase,23.783333,20820.000000,60
-0.052336,0.998630,341.700000,3.541000,0.000000,7.633500,67.093750,2.013773,66.000000,-1.000000,0,1,1,1,1,0,0,0,0,0.000000,1.066901,69.335590,5,T5_dusk_load_increase,23.800000,20880.000000,60
-0.047978,0.998848,275.716667,3.323569,0.000000,7.631972,66.998264,2.013702,66.000000,-1.000000,0,1,1,1,1,0,0,0,0,0.000000,1.458773,67.678646,5,T5_dusk_load_increase,23.816667,20940.000000,60
-0.043619,0.999048,215.730556,2.984167,0.000000,7.626917,66.682292,2.016045,66.000000,-1.000000,0,1,1,1,1,0,0,0,0,0.000000,1.793059,66.939236,5,T5_dusk_load_increase,23.833333,21000.000000,60
-0.039260,0.999229,224.237500,2.522750,0.000000,7.612625,65.789062,2.024235,66.000000,-1.000000,0,1,1,1,1,1,0,0,0,0.000000,1.994090,66.878906,5,T5_dusk_load_increase,23.850000,21060.000000,60
-0.034899,0.999391,223.966667,2.358000,0.000000,7.687778,70.486111,1.414623,66.000000,-1.000000,0,1,1,1,1,1,0,0,0,0.000000,2.010856,67.486111,5,T5_dusk_load_increase,23.866667,21120.000000,60
-0.030539,0.999534,178.040278,2.080319,0.000000,7.753069,74.566840,0.688172,66.000000,-1.000000,0,1,1,1,1,1,0,0,0,0.000000,2.010013,71.566840,5,T5_dusk_load_increase,23.883333,21180.000000,60
-0.026177,0.999657,49.891667,1.464417,0.000000,7.761917,75.119792,0.052115,66.000000,-1.000000,0,1,1,1,1,0,0,0,0,0.000000,2.008550,72.119792,5,T5_dusk_load_increase,23.900000,21240.000000,60
0.000000,1.000000,29.200000,0.970000,0.000000,6.512000,0.800000,0.930816,64.000000,6.200000,0,0,1,0,0,0,0,0,1,0.000000,0.936415,0.000000,6,T6_low_home_v2h,0.000000,0.000000,60
0.004363,0.999990,29.200000,0.970000,0.000000,6.512000,0.800000,0.930816,64.000000,6.200000,0,0,1,0,0,0,0,0,1,0.000000,0.936327,0.000000,6,T6_low_home_v2h,0.016667,60.000000,60
0.008727,0.999962,29.200000,0.970000,0.000000,6.512000,0.800000,0.930816,64.000000,6.200000,0,0,1,0,0,0,0,0,1,0.000000,0.936239,0.000000,6,T6_low_home_v2h,0.033333,120.000000,60
0.013090,0.999914,29.200000,0.970000,0.000000,6.512000,0.800000,0.930816,64.000000,6.200000,0,0,1,0,0,0,0,0,1,0.000000,0.936273,0.000000,6,T6_low_home_v2h,0.050000,180.000000,60
0.017452,0.999848,42.088889,0.962911,0.000000,6.508778,0.585185,0.931187,64.000000,6.200000,0,0,1,0,0,0,0,0,1,0.000000,0.936276,0.000000,6,T6_low_home_v2h,0.066667,240.000000,60
0.021815,0.999762,47.311111,0.957889,0.000000,6.504222,0.281481,0.931392,64.000000,6.200000,0,0,1,0,0,0,0,0,1,0.000000,0.936191,0.000000,6,T6_low_home_v2h,0.083333,300.000000,60
0.026177,0.999657,45.426667,0.961667,0.000000,6.500133,0.071111,0.931213,64.000000,6.200000,0,0,1,0,0,0,0,0,1,0.000000,0.936159,0.000000,6,T6_low_home_v2h,0.100000,360.000000,60
0.030539,0.999534,48.135556,0.966244,0.000000,6.495733,0.000000,0.932840,64.000000,6.200000,0,0,1,0,0,0,0,0,1,0.000000,0.936233,0.000000,6,T6_low_home_v2h,0.116667,420.000000,60
0.034899,0.999391,53.068889,0.964133,0.000000,6.490844,0.000000,0.936024,64.000000,6.200000,0,0,1,0,0,0,0,0,1,0.000000,0.936268,0.000000,6,T6_low_home_v2h,0.133333,480.000000,60
0.039260,0.999229,51.660000,0.961800,0.000000,6.487000,0.000000,0.936436,64.000000,6.200000,0,0,1,0,0,0,0,0,1,0.000000,0.936575,0.000000,6,T6_low_home_v2h,0.150000,540.000000,60
0.043619,0.999048,49.688889,0.961444,0.000000,6.482333,0.000000,0.936415,64.000000,6.200000,0,0,1,0,0,0,0,0,1,0.000000,0.937541,0.000000,6,T6_low_home_v2h,0.166667,600.000000,60
0.047978,0.998848,60.875556,0.965022,0.000000,6.476911,0.000000,0.936239,64.000000,6.200000,0,0,1,0,0,0,0,0,1,0.000000,0.938442,0.000000,6,T6_low_home_v2h,0.183333,660.000000,60
0.052336,0.998630,63.973333,0.965933,0.000000,6.473267,0.000000,0.936063,64.000000,6.200000,0,0,1,0,0,0,0,0,1,0.000000,0.939373,0.000000,6,T6_low_home_v2h,0.200000,720.000000,60
0.056693,0.998392,64.200000,0.961778,0.000000,6.468778,0.000000,0.936376,64.000000,6.200000,0,0,1,0,0,0,0,0,1,0.000000,0.940245,0.000000,6,T6_low_home_v2h,0.216667,780.000000,60
0.061049,0.998135,64.200000,0.964022,0.000000,6.463467,0.000000,0.936290,64.000000,6.200000,0,0,1,0,0,0,0,0,1,0.000000,0.940893,0.000000,6,T6_low_home_v2h,0.233333,840.000000,60
0.065403,0.997859,64.200000,0.969667,0.000000,6.459333,0.000000,0.935986,64.000000,6.200000,0,0,1,0,0,0,0,0,1,0.000000,0.940889,0.000000,6,T6_low_home_v2h,0.250000,900.000000,60
0.069756,0.997564,63.680000,0.967956,0.000000,6.455111,0.000000,0.936080,64.000000,6.200000,0,0,1,0,0,0,0,0,1,0.000000,0.940966,0.000000,6,T6_low_home_v2h,0.266667,960.000000,60
0.074108,0.997250,63.300000,0.963044,0.000000,6.450556,0.000000,0.936432,64.000000,6.200000,0,0,1,0,0,0,0,0,1,0.000000,0.940967,0.000000,6,T6_low_home_v2h,0.283333,1020.000000,60
0.078459,0.996917,63.660000,0.961800,0.000000,6.445600,0.000000,0.936552,63.600000,6.200000,0,0,1,0,0,0,0,0,1,0.000000,0.941024,0.000000,6,T6_low_home_v2h,0.300000,1080.000000,60
0.082808,0.996566,64.200000,0.965800,0.000000,6.439822,0.000000,0.937825,63.311111,6.200000,0,0,1,0,0,0,0,0,1,0.000000,0.941019,0.000000,6,T6_low_home_v2h,0.316667,1140.000000,60
0.087156,0.996195,64.200000,0.973778,0.000000,6.433667,0.000000,0.940814,64.000000,6.200000,0,0,1,0,0,0,0,0,1,0.000000,0.941028,0.000000,6,T6_low_home_v2h,0.333333,1200.000000,60
0.091502,0.995805,64.200000,0.979200,0.000000,6.428200,0.000000,0.940590,64.000000,6.200000,0,0,1,0,0,0,0,0,1,0.000000,0.941052,0.000000,6,T6_low_home_v2h,0.350000,1260.000000,60
0.095846,0.995396,64.200000,0.974178,0.000000,6.422733,0.000000,0.941085,63.955556,6.200000,0,0,1,0,0,0,0,0,1,0.000000,0.941052,0.000000,6,T6_low_home_v2h,0.366667,1320.000000,60
0.100188,0.994969,64.200000,0.977822,0.000000,6.417267,0.000000,0.940909,63.044444,6.200000,0,0,1,0,0,0,0,0,1,0.000000,0.941022,0.000000,6,T6_low_home_v2h,0.383333,1380.000000,60
0.104528,0.994522,64.200000,0.975400,0.000000,6.412667,0.000000,0.941068,63.000000,6.200000,0,0,1,0,0,0,0,0,1,0.000000,0.940880,0.000000,6,T6_low_home_v2h,0.400000,1440.000000,60
0.108867,0.994056,64.200000,0.978889,0.000000,6.409667,0.000000,0.940792,63.000000,6.200000,0,0,1,0,0,0,0,0,1,0.000000,0.940846,0.000000,6,T6_low_home_v2h,0.416667,1500.000000,60
0.113203,0.993572,64.200000,0.977244,0.000000,6.404867,0.000000,0.940973,63.000000,6.200000,0,0,1,0,0,0,0,0,1,0.000000,0.940768,0.000000,6,T6_low_home_v2h,0.433333,1560.000000,60
0.117537,0.993068,64.200000,0.976600,0.000000,6.399400,0.000000,0.941094,63.000000,6.200000,0,0,1,0,0,0,0,0,1,0.000000,0.940746,0.000000,6,T6_low_home_v2h,0.450000,1620.000000,60
0.121869,0.992546,64.200000,0.975978,0.000000,6.394444,0.000000,0.941193,63.000000,6.200000,0,0,1,0,0,0,0,0,1,0.000000,0.940732,0.000000,6,T6_low_home_v2h,0.466667,1680.000000,60
0.126199,0.992005,64.537778,0.977956,0.000000,6.388622,0.000000,0.941042,63.000000,6.200000,0,0,1,0,0,0,0,0,1,0.000000,0.940824,0.000000,6,T6_low_home_v2h,0.483333,1740.000000,60
0.130526,0.991445,64.733333,0.981333,0.000000,6.382333,0.000000,0.940835,63.000000,6.200000,0,0,1,0,0,0,0,0,1,0.000000,0.940850,0.000000,6,T6_low_home_v2h,0.500000,1800.000000,60
0.134851,0.990866,64.200000,0.979511,0.000000,6.377778,0.000000,0.941094,63.000000,6.200000,0,0,1,0,0,0,0,0,1,0.000000,0.940916,0.000000,6,T6_low_home_v2h,0.516667,1860.000000,60
0.139173,0.990268,64.200000,0.978156,0.000000,6.372911,0.000000,0.941094,63.000000,6.200000,0,0,1,0,0,0,0,0,1,0.000000,0.940947,0.000000,6,T6_low_home_v2h,0.533333,1920.000000,60
0.143493,0.989651,64.200000,0.979533,0.000000,6.366600,0.000000,0.941042,63.000000,6.200000,0,0,1,0,0,0,0,0,1,0.000000,0.940893,0.000000,6,T6_low_home_v2h,0.550000,1980.000000,60
0.147809,0.989016,64.200000,0.986822,0.000000,6.361133,0.000000,0.940335,63.000000,6.200000,0,0,1,0,0,0,0,0,1,0.000000,0.940878,0.000000,6,T6_low_home_v2h,0.566667,2040.000000,60
0.152123,0.988362,64.200000,0.987000,0.000000,6.355667,0.000000,0.940663,63.000000,6.200000,0,0,1,0,0,0,0,0,1,0.000000,0.940900,0.000000,6,T6_low_home_v2h,0.583333,2100.000000,60
0.156434,0.987688,64.200000,0.987000,0.000000,6.350200,0.000000,0.940706,63.000000,6.200000,0,0,1,0,0,0,0,0,1,0.000000,0.940943,0.000000,6,T6_low_home_v2h,0.600000,2160.000000,60
0.160743,0.986996,64.200000,0.984156,0.000000,6.344733,0.000000,0.940982,63.000000,6.200000,0,0,1,0,0,0,0,0,1,0.000000,0.940942,0.000000,6,T6_low_home_v2h,0.616667,2220.000000,60
0.165048,0.986286,64.200000,0.983000,0.000000,6.339889,0.000000,0.940973,63.000000,6.200000,0,0,1,0,0,0,0,0,1,0.000000,0.940991,0.000000,6,T6_low_home_v2h,0.633333,2280.000000,60
0.169350,0.985556,64.200000,0.984600,0.000000,6.334267,0.000000,0.940797,63.000000,6.200000,0,0,1,0,0,0,0,0,1,0.000000,0.941027,0.000000,6,T6_low_home_v2h,0.650000,2340.000000,60
0.173648,0.984808,64.200000,0.985556,0.000000,6.327889,0.000000,0.940792,63.000000,6.200000,0,0,1,0,0,0,0,0,1,0.000000,0.941027,0.000000,6,T6_low_home_v2h,0.666667,2400.000000,60
0.177944,0.984041,64.200000,0.983578,0.000000,6.321867,0.000000,0.941038,63.000000,6.200000,0,0,1,0,0,0,0,0,1,0.000000,0.940938,0.000000,6,T6_low_home_v2h,0.683333,2460.000000,60
0.182236,0.983255,63.960000,0.982333,0.000000,6.315600,0.000000,0.941133,63.000000,6.200000,0,0,1,0,0,0,0,0,1,0.000000,0.940824,0.000000,6,T6_low_home_v2h,0.700000,2520.000000,60
0.186524,0.982450,63.460000,0.986000,0.000000,6.308289,0.000000,0.940706,63.000000,6.200000,0,0,1,0,0,0,0,0,1,0.000000,0.940731,0.000000,6,T6_low_home_v2h,0.716667,2580.000000,60
0.190809,0.981627,64.200000,0.985644,0.000000,6.304289,0.000000,0.940723,63.000000,6.200000,0,0,1,0,0,0,0,0,1,0.000000,0.940731,0.000000,6,T6_low_home_v2h,0.733333,2640.000000,60
0.195090,0.980785,64.200000,0.982000,0.000000,6.297000,0.000000,0.940900,63.000000,6.200000,0,0,1,0,0,0,0,0,1,0.000000,0.940735,0.000000,6,T6_low_home_v2h,0.750000,2700.000000,60
0.199368,0.979925,64.200000,0.979267,0.000000,6.289711,0.000000,0.941254,63.000000,6.200000,0,0,1,0,0,0,0,0,1,0.000000,0.940793,0.000000,6,T6_low_home_v2h,0.766667,2760.000000,60
0.203642,0.979045,64.200000,0.977356,0.000000,6.284067,0.000000,0.941128,63.000000,6.200000,0,0,1,0,0,0,0,0,1,0.000000,0.940936,0.000000,6,T6_low_home_v2h,0.783333,2820.000000,60
0.207912,0.978148,64.200000,0.982133,0.000000,6.277133,0.000000,0.940952,63.000000,6.200000,0,0,1,0,0,0,0,0,1,0.000000,0.940933,0.000000,6,T6_low_home_v2h,0.800000,2880.000000,60
0.212178,0.977231,64.200000,0.982711,0.000000,6.269844,0.000000,0.940900,63.000000,6.200000,0,0,1,0,0,0,0,0,1,0.000000,0.940846,0.000000,6,T6_low_home_v2h,0.816667,2940.000000,60
0.216440,0.976296,64.200000,0.982000,0.000000,6.263111,0.000000,0.940900,63.000000,6.200000,0,0,1,0,0,0,0,0,1,0.000000,0.940841,0.000000,6,T6_low_home_v2h,0.833333,3000.000000,60
0.220697,0.975342,64.200000,0.983867,0.000000,6.255800,0.000000,0.940809,63.000000,6.200000,0,0,1,0,0,0,0,0,1,0.000000,0.940796,0.000000,6,T6_low_home_v2h,0.850000,3060.000000,60
0.224951,0.974370,64.200000,0.987511,0.000000,6.248356,0.000000,0.940559,63.000000,6.200000,0,0,1,0,0,0,0,0,1,0.000000,0.940644,0.000000,6,T6_low_home_v2h,0.866667,3120.000000,60
0.229200,0.973379,64.200000,0.989711,0.000000,6.241400,0.000000,0.940486,63.000000,6.200000,0,0,1,0,0,0,0,0,1,0.000000,0.940660,0.000000,6,T6_low_home_v2h,0.883333,3180.000000,60
0.233445,0.972370,64.200000,0.988400,0.000000,6.233200,0.000000,0.940900,63.000000,6.200000,0,0,1,0,0,0,0,0,1,0.000000,0.940759,0.000000,6,T6_low_home_v2h,0.900000,3240.000000,60
0.237686,0.971342,64.200000,0.985667,0.000000,6.225333,0.000000,0.940922,63.000000,6.200000,0,0,1,0,0,0,0,0,1,0.000000,0.940807,0.000000,6,T6_low_home_v2h,0.916667,3300.000000,60
0.241922,0.970296,64.200000,0.983000,0.000000,6.219844,0.000000,0.941098,63.000000,6.200000,0,0,1,0,0,0,0,0,1,0.000000,0.940875,0.000000,6,T6_low_home_v2h,0.933333,3360.000000,60
0.246153,0.969231,64.200000,0.983000,0.000000,6.213467,0.000000,0.941275,63.000000,6.200000,0,0,1,0,0,0,0,0,1,0.000000,0.940913,0.000000,6,T6_low_home_v2h,0.950000,3420.000000,60
0.250380,0.968148,64.200000,0.989756,0.000000,6.206244,0.000000,0.940469,63.000000,6.200000,0,0,1,0,0,0,0,0,1,0.000000,0.940944,0.000000,6,T6_low_home_v2h,0.966667,3480.000000,60
0.254602,0.967046,64.200000,0.988733,0.000000,6.196689,0.000000,0.940465,62.244444,6.200000,0,0,1,0,0,0,0,0,1,0.000000,0.940960,0.000000,6,T6_low_home_v2h,0.983333,3540.000000,60
0.258819,0.965926,64.200000,0.982667,0.000000,6.190667,0.000000,0.940900,62.000000,6.200000,0,0,1,0,0,0,0,0,1,0.000000,0.940982,0.000000,6,T6_low_home_v2h,1.000000,3600.000000,60
0.263031,0.964787,64.200000,0.981156,0.000000,6.183800,0.000000,0.940870,62.000000,6.200000,0,0,1,0,0,0,0,0,1,0.000000,0.940944,0.000000,6,T6_low_home_v2h,1.016667,3660.000000,60
0.267238,0.963630,64.200000,0.984933,0.000000,6.176089,0.000000,0.940516,62.000000,6.200000,0,0,1,0,0,0,0,0,1,0.000000,0.940959,0.000000,6,T6_low_home_v2h,1.033333,3720.000000,60
0.271440,0.962455,64.200000,0.986000,0.000000,6.168000,0.000000,0.940551,62.000000,6.200000,0,0,1,0,0,0,0,0,1,0.000000,0.940999,0.000000,6,T6_low_home_v2h,1.050000,3780.000000,60
0.275637,0.961262,64.200000,0.982378,0.000000,6.159200,0.000000,0.940960,62.000000,6.200000,0,0,1,0,0,0,0,0,1,0.000000,0.941010,0.000000,6,T6_low_home_v2h,1.066667,3840.000000,60
0.279829,0.960050,64.200000,0.980778,0.000000,6.150778,0.000000,0.941137,62.000000,6.200000,0,0,1,0,0,0,0,0,1,0.000000,0.940953,0.000000,6,T6_low_home_v2h,1.083333,3900.000000,60
0.284015,0.958820,64.200000,0.981333,0.000000,6.141667,0.000000,0.941210,62.000000,6.186667,0,0,1,0,0,0,0,0,1,0.000000,0.940881,0.000000,6,T6_low_home_v2h,1.100000,3960.000000,60
0.288196,0.957571,64.200000,0.989822,0.000000,6.132556,0.000000,0.940706,62.000000,6.100000,0,0,1,0,0,0,0,0,1,0.000000,0.940845,0.000000,6,T6_low_home_v2h,1.116667,4020.000000,60
0.292372,0.956305,64.200000,0.986178,0.000000,6.123444,0.000000,0.940706,62.000000,6.100000,0,0,1,0,0,0,0,0,1,0.000000,0.940888,0.000000,6,T6_low_home_v2h,1.133333,4080.000000,60
0.296542,0.955020,64.200000,0.982533,0.000000,6.115200,0.000000,0.941042,62.000000,6.100000,0,0,1,0,0,0,0,0,1,0.000000,0.940964,0.000000,6,T6_low_home_v2h,1.150000,4140.000000,60
0.300706,0.953717,64.200000,0.982778,0.000000,6.104667,0.000000,0.941245,62.000000,6.100000,0,0,1,0,0,0,0,0,1,0.000000,0.941033,0.000000,6,T6_low_home_v2h,1.166667,4200.000000,60
0.304864,0.952396,64.200000,0.983689,0.000000,6.094422,0.000000,0.941021,62.000000,6.100000,0,0,1,0,0,0,0,0,1,0.000000,0.940290,0.000000,6,T6_low_home_v2h,1.183333,4260.000000,60
0.309017,0.951057,64.200000,0.985800,0.000000,6.085000,0.000000,0.940784,62.000000,6.100000,0,0,1,0,0,0,0,0,1,0.000000,0.939313,0.000000,6,T6_low_home_v2h,1.200000,4320.000000,60
0.313164,0.949699,64.200000,0.984956,0.000000,6.075378,0.000000,0.940904,62.000000,6.100000,0,0,1,0,0,0,0,0,1,0.000000,0.938318,0.000000,6,T6_low_home_v2h,1.216667,4380.000000,60
0.317305,0.948324,64.200000,0.981733,0.000000,6.064511,0.000000,0.941094,62.000000,6.100000,0,0,1,0,0,0,0,0,1,0.000000,0.878846,0.000000,6,T6_low_home_v2h,1.233333,4440.000000,60
0.321439,0.946930,64.200000,0.981333,0.000000,6.052667,0.000000,0.940965,62.000000,6.100000,0,0,1,0,0,0,0,0,1,0.000000,0.733470,0.000000,6,T6_low_home_v2h,1.250000,4500.000000,60
0.325568,0.945519,64.200000,0.983756,0.000000,6.041556,0.000000,0.940659,62.000000,6.100000,0,0,1,0,0,0,0,0,1,0.000000,0.546081,0.000000,6,T6_low_home_v2h,1.266667,4560.000000,60
0.329691,0.944089,64.200000,0.982844,0.000000,6.031822,0.000000,0.940603,62.000000,6.100000,0,0,1,0,0,0,0,0,1,0.000000,0.358937,0.000000,6,T6_low_home_v2h,1.283333,4620.000000,60
0.333807,0.942641,64.200000,0.981667,0.000000,6.019267,0.000000,0.941120,62.000000,6.100000,0,0,1,0,0,0,0,0,1,0.000000,0.171708,0.000000,6,T6_low_home_v2h,1.300000,4680.000000,60
0.337917,0.941176,64.200000,0.977111,0.000000,6.009244,0.000000,0.941473,62.000000,6.100000,0,0,1,0,0,0,0,0,1,0.000000,0.042886,0.000000,6,T6_low_home_v2h,1.316667,4740.000000,60
0.342020,0.939693,64.200000,0.976111,0.000000,5.996556,0.000000,0.941310,62.000000,6.100000,0,0,1,0,0,0,0,0,1,0.000000,0.000000,0.000000,6,T6_low_home_v2h,1.333333,4800.000000,60
0.346117,0.938191,64.840000,0.984800,0.000000,5.983000,0.000000,0.936943,62.000000,6.100000,0,0,1,0,0,0,0,0,1,0.000000,0.000000,0.000000,6,T6_low_home_v2h,1.350000,4860.000000,60
0.350207,0.936672,65.000000,0.987000,0.000000,5.969333,0.000000,0.935720,62.000000,6.100000,0,0,1,0,0,0,0,0,1,0.000000,0.000000,0.000000,6,T6_low_home_v2h,1.366667,4920.000000,60
0.354291,0.935135,65.000000,0.982644,0.000000,5.956911,0.000000,0.936144,62.000000,6.100000,0,0,1,0,0,0,0,0,1,0.000000,0.000000,0.000000,6,T6_low_home_v2h,1.383333,4980.000000,60
0.358368,0.933580,49.906667,0.938933,0.000000,2.777600,0.000000,0.644113,63.066667,6.100000,0,0,1,0,0,0,0,0,1,0.000000,0.000000,0.000000,6,T6_low_home_v2h,1.400000,5040.000000,60
0.000000,1.000000,55.000000,0.660000,0.000000,7.520000,60.000000,0.900000,64.000000,75.000000,0,1,1,0,0,0,0,0,0,0.000000,0.900000,59.079755,101,T1_aug_night_load_0.9W_soc_60,0.000000,0.000000,60
0.004363,0.999990,55.000000,0.660000,0.000000,7.518528,59.907975,0.900000,64.000000,75.000000,0,1,1,0,0,0,0,0,0,0.000000,0.900000,59.033742,101,T1_aug_night_load_0.9W_soc_60,0.016667,60.000000,60
0.008727,0.999962,55.000000,0.660000,0.000000,7.517055,59.815951,0.900000,64.000000,75.000000,0,1,1,0,0,0,0,0,0,0.000000,0.900000,58.987730,101,T1_aug_night_load_0.9W_soc_60,0.033333,120.000000,60
0.013090,0.999914,55.000000,0.660000,0.000000,7.515583,59.723926,0.900000,64.000000,75.000000,0,1,1,0,0,0,0,0,0,0.000000,0.900000,58.941718,101,T1_aug_night_load_0.9W_soc_60,0.050000,180.000000,60
0.017452,0.999848,55.000000,0.660000,0.000000,7.514110,59.631902,0.900000,64.000000,75.000000,0,1,1,0,0,0,0,0,0,0.000000,0.900000,58.895706,101,T1_aug_night_load_0.9W_soc_60,0.066667,240.000000,60
0.021815,0.999762,55.000000,0.660000,0.000000,7.512638,59.539877,0.900000,64.000000,75.000000,0,1,1,0,0,0,0,0,0,0.000000,0.900000,58.803681,101,T1_aug_night_load_0.9W_soc_60,0.083333,300.000000,60
0.026177,0.999657,55.000000,0.660000,0.000000,7.511166,59.447853,0.900000,64.000000,75.000000,0,1,1,0,0,0,0,0,0,0.000000,0.900000,58.711656,101,T1_aug_night_load_0.9W_soc_60,0.100000,360.000000,60
0.030539,0.999534,55.000000,0.660000,0.000000,7.509693,59.355828,0.900000,64.000000,75.000000,0,1,1,0,0,0,0,0,0,0.000000,0.900000,58.619632,101,T1_aug_night_load_0.9W_soc_60,0.116667,420.000000,60
0.034899,0.999391,55.000000,0.660000,0.000000,7.508221,59.263804,0.900000,64.000000,75.000000,0,1,1,0,0,0,0,0,0,0.000000,0.900000,58.527607,101,T1_aug_night_load_0.9W_soc_60,0.133333,480.000000,60
0.039260,0.999229,55.000000,0.660000,0.000000,7.506748,59.171779,0.900000,64.000000,75.000000,0,1,1,0,0,0,0,0,0,0.000000,0.900000,58.435583,101,T1_aug_night_load_0.9W_soc_60,0.150000,540.000000,60
0.043619,0.999048,55.000000,0.660000,0.000000,7.505276,59.079755,0.900000,64.000000,75.000000,0,1,1,0,0,0,0,0,0,0.000000,0.900000,58.343558,101,T1_aug_night_load_0.9W_soc_60,0.166667,600.000000,60
0.047978,0.998848,55.000000,0.660000,0.000000,7.503804,58.987730,0.900000,64.000000,75.000000,0,1,1,0,0,0,0,0,0,0.000000,0.900000,58.251534,101,T1_aug_night_load_0.9W_soc_60,0.183333,660.000000,60
0.052336,0.998630,55.000000,0.660000,0.000000,7.502331,58.895706,0.900000,64.000000,75.000000,0,1,1,0,0,0,0,0,0,0.000000,0.900000,58.159509,101,T1_aug_night_load_0.9W_soc_60,0.200000,720.000000,60
0.056693,0.998392,55.000000,0.660000,0.000000,7.500859,58.803681,0.900000,64.000000,75.000000,0,1,1,0,0,0,0,0,0,0.000000,0.900000,58.067485,101,T1_aug_night_load_0.9W_soc_60,0.216667,780.000000,60
0.061049,0.998135,55.000000,0.660000,0.000000,7.499387,58.711656,0.900000,64.000000,75.000000,0,1,1,0,0,0,0,0,0,0.000000,0.900000,57.975460,101,T1_aug_night_load_0.9W_soc_60,0.233333,840.000000,60
0.065403,0.997859,55.000000,0.660000,0.000000,7.497914,58.619632,0.900000,64.000000,75.000000,0,1,1,0,0,0,0,0,0,0.000000,0.900000,57.883436,101,T1_aug_night_load_0.9W_soc_60,0.250000,900.000000,60
0.069756,0.997564,55.000000,0.660000,0.000000,7.496442,58.527607,0.900000,64.000000,75.000000,0,1,1,0,0,0,0,0,0,0.000000,0.900000,57.791411,101,T1_aug_night_load_0.9W_soc_60,0.266667,960.000000,60
0.074108,0.997250,55.000000,0.660000,0.000000,7.494969,58.435583,0.900000,64.000000,75.000000,0,1,1,0,0,0,0,0,0,0.000000,0.900000,57.699387,101,T1_aug_night_load_0.9W_soc_60,0.283333,1020.000000,60
0.078459,0.996917,55.000000,0.660000,0.000000,7.493497,58.343558,0.900000,64.000000,75.000000,0,1,1,0,0,0,0,0,0,0.000000,0.900000,57.607362,101,T1_aug_night_load_0.9W_soc_60,0.300000,1080.000000,60
0.082808,0.996566,55.000000,0.660000,0.000000,7.492025,58.251534,0.900000,64.000000,75.000000,0,1,1,0,0,0,0,0,0,0.000000,0.900000,57.515337,101,T1_aug_night_load_0.9W_soc_60,0.316667,1140.000000,60
0.087156,0.996195,55.000000,0.660000,0.000000,7.490552,58.159509,0.900000,64.000000,75.000000,0,1,1,0,0,0,0,0,0,0.000000,0.900000,57.423313,101,T1_aug_night_load_0.9W_soc_60,0.333333,1200.000000,60
0.091502,0.995805,55.000000,0.660000,0.000000,7.489080,58.067485,0.900000,64.000000,75.000000,0,1,1,0,0,0,0,0,0,0.000000,0.900000,57.331288,101,T1_aug_night_load_0.9W_soc_60,0.350000,1260.000000,60
0.095846,0.995396,55.000000,0.660000,0.000000,7.487607,57.975460,0.900000,64.000000,75.000000,0,1,1,0,0,0,0,0,0,0.000000,0.900000,57.239264,101,T1_aug_night_load_0.9W_soc_60,0.366667,1320.000000,60
0.100188,0.994969,55.000000,0.660000,0.000000,7.486135,57.883436,0.900000,64.000000,75.000000,0,1,1,0,0,0,0,0,0,0.000000,0.900000,57.147239,101,T1_aug_night_load_0.9W_soc_60,0.383333,1380.000000,60
0.104528,0.994522,55.000000,0.660000,0.000000,7.484663,57.791411,0.900000,64.000000,75.000000,0,1,1,0,0,0,0,0,0,0.000000,0.900000,57.055215,101,T1_aug_night_load_0.9W_soc_60,0.400000,1440.000000,60
0.108867,0.994056,55.000000,0.660000,0.000000,7.483190,57.699387,0.900000,64.000000,75.000000,0,1,1,0,0,0,0,0,0,0.000000,0.900000,56.963190,101,T1_aug_night_load_0.9W_soc_60,0.416667,1500.000000,60
0.113203,0.993572,55.000000,0.660000,0.000000,7.481718,57.607362,0.900000,64.000000,75.000000,0,1,1,0,0,0,0,0,0,0.000000,0.900000,56.871166,101,T1_aug_night_load_0.9W_soc_60,0.433333,1560.000000,60
0.117537,0.993068,55.000000,0.660000,0.000000,7.480245,57.515337,0.900000,64.000000,75.000000,0,1,1,0,0,0,0,0,0,0.000000,0.900000,56.779141,101,T1_aug_night_load_0.9W_soc_60,0.450000,1620.000000,60
0.121869,0.992546,55.000000,0.660000,0.000000,7.478773,57.423313,0.900000,64.000000,75.000000,0,1,1,0,0,0,0,0,0,0.000000,0.900000,56.687117,101,T1_aug_night_load_0.9W_soc_60,0.466667,1680.000000,60
0.126199,0.992005,55.000000,0.660000,0.000000,7.477301,57.331288,0.900000,64.000000,75.000000,0,1,1,0,0,0,0,0,0,0.000000,0.900000,56.595092,101,T1_aug_night_load_0.9W_soc_60,0.483333,1740.000000,60
0.130526,0.991445,55.000000,0.660000,0.000000,7.475828,57.239264,0.900000,64.000000,75.000000,0,1,1,0,0,0,0,0,0,0.000000,0.900000,56.503067,101,T1_aug_night_load_0.9W_soc_60,0.500000,1800.000000,60
0.134851,0.990866,55.000000,0.660000,0.000000,7.474356,57.147239,0.900000,64.000000,75.000000,0,1,1,0,0,0,0,0,0,0.000000,0.900000,56.411043,101,T1_aug_night_load_0.9W_soc_60,0.516667,1860.000000,60
0.139173,0.990268,55.000000,0.660000,0.000000,7.472883,57.055215,0.900000,64.000000,75.000000,0,1,1,0,0,0,0,0,0,0.000000,0.900000,56.319018,101,T1_aug_night_load_0.9W_soc_60,0.533333,1920.000000,60
0.143493,0.989651,55.000000,0.660000,0.000000,7.471411,56.963190,0.900000,64.000000,75.000000,0,1,1,0,0,0,0,0,0,0.000000,0.900000,56.226994,101,T1_aug_night_load_0.9W_soc_60,0.550000,1980.000000,60
0.147809,0.989016,55.000000,0.660000,0.000000,7.469939,56.871166,0.900000,64.000000,75.000000,0,1,1,0,0,0,0,0,0,0.000000,0.900000,56.134969,101,T1_aug_night_load_0.9W_soc_60,0.566667,2040.000000,60
0.152123,0.988362,55.000000,0.660000,0.000000,7.468466,56.779141,0.900000,64.000000,75.000000,0,1,1,0,0,0,0,0,0,0.000000,0.900000,56.042945,101,T1_aug_night_load_0.9W_soc_60,0.583333,2100.000000,60
0.156434,0.987688,55.000000,0.660000,0.000000,7.466994,56.687117,0.900000,64.000000,75.000000,0,1,1,0,0,0,0,0,0,0.000000,0.900000,55.950920,101,T1_aug_night_load_0.9W_soc_60,0.600000,2160.000000,60
0.160743,0.986996,55.000000,0.660000,0.000000,7.465521,56.595092,0.900000,64.000000,75.000000,0,1,1,0,0,0,0,0,0,0.000000,0.900000,55.858896,101,T1_aug_night_load_0.9W_soc_60,0.616667,2220.000000,60
0.165048,0.986286,55.000000,0.660000,0.000000,7.464049,56.503067,0.900000,64.000000,75.000000,0,1,1,0,0,0,0,0,0,0.000000,0.900000,55.766871,101,T1_aug_night_load_0.9W_soc_60,0.633333,2280.000000,60
0.169350,0.985556,55.000000,0.660000,0.000000,7.462577,56.411043,0.900000,64.000000,75.000000,0,1,1,0,0,0,0,0,0,0.000000,0.900000,55.674847,101,T1_aug_night_load_0.9W_soc_60,0.650000,2340.000000,60
0.173648,0.984808,55.000000,0.660000,0.000000,7.461104,56.319018,0.900000,64.000000,75.000000,0,1,1,0,0,0,0,0,0,0.000000,0.900000,55.582822,101,T1_aug_night_load_0.9W_soc_60,0.666667,2400.000000,60
0.177944,0.984041,55.000000,0.660000,0.000000,7.459632,56.226994,0.900000,64.000000,75.000000,0,1,1,0,0,0,0,0,0,0.000000,0.900000,55.490798,101,T1_aug_night_load_0.9W_soc_60,0.683333,2460.000000,60
0.182236,0.983255,55.000000,0.660000,0.000000,7.458160,56.134969,0.900000,64.000000,75.000000,0,1,1,0,0,0,0,0,0,0.000000,0.900000,55.398773,101,T1_aug_night_load_0.9W_soc_60,0.700000,2520.000000,60
0.186524,0.982450,55.000000,0.660000,0.000000,7.456687,56.042945,0.900000,64.000000,75.000000,0,1,1,0,0,0,0,0,0,0.000000,0.900000,55.306748,101,T1_aug_night_load_0.9W_soc_60,0.716667,2580.000000,60
0.190809,0.981627,55.000000,0.660000,0.000000,7.455215,55.950920,0.900000,64.000000,75.000000,0,1,1,0,0,0,0,0,0,0.000000,0.900000,55.214724,101,T1_aug_night_load_0.9W_soc_60,0.733333,2640.000000,60
0.195090,0.980785,55.000000,0.660000,0.000000,7.453742,55.858896,0.900000,64.000000,75.000000,0,1,1,0,0,0,0,0,0,0.000000,0.900000,55.122699,101,T1_aug_night_load_0.9W_soc_60,0.750000,2700.000000,60
0.199368,0.979925,55.000000,0.660000,0.000000,7.452270,55.766871,0.900000,64.000000,75.000000,0,1,1,0,0,0,0,0,0,0.000000,0.900000,55.030675,101,T1_aug_night_load_0.9W_soc_60,0.766667,2760.000000,60
0.203642,0.979045,55.000000,0.660000,0.000000,7.450798,55.674847,0.900000,64.000000,75.000000,0,1,1,0,0,0,0,0,0,0.000000,0.900000,54.938650,101,T1_aug_night_load_0.9W_soc_60,0.783333,2820.000000,60
0.207912,0.978148,55.000000,0.660000,0.000000,7.449325,55.582822,0.900000,64.000000,75.000000,0,1,1,0,0,0,0,0,0,0.000000,0.900000,54.846626,101,T1_aug_night_load_0.9W_soc_60,0.800000,2880.000000,60
0.212178,0.977231,55.000000,0.660000,0.000000,7.447853,55.490798,0.900000,64.000000,75.000000,0,1,1,0,0,0,0,0,0,0.000000,0.900000,54.754601,101,T1_aug_night_load_0.9W_soc_60,0.816667,2940.000000,60
0.216440,0.976296,55.000000,0.660000,0.000000,7.446380,55.398773,0.900000,64.000000,75.000000,0,1,1,0,0,0,0,0,0,0.000000,0.900000,54.662577,101,T1_aug_night_load_0.9W_soc_60,0.833333,3000.000000,60
0.220697,0.975342,55.000000,0.660000,0.000000,7.444908,55.306748,0.900000,64.000000,75.000000,0,1,1,0,0,0,0,0,0,0.000000,0.900000,54.570552,101,T1_aug_night_load_0.9W_soc_60,0.850000,3060.000000,60
0.224951,0.974370,55.000000,0.660000,0.000000,7.443436,55.214724,0.900000,64.000000,75.000000,0,1,1,0,0,0,0,0,0,0.000000,0.900000,54.478528,101,T1_aug_night_load_0.9W_soc_60,0.866667,3120.000000,60
0.229200,0.973379,55.000000,0.660000,0.000000,7.441963,55.122699,0.900000,64.000000,75.000000,0,1,1,0,0,0,0,0,0,0.000000,0.900000,54.386503,101,T1_aug_night_load_0.9W_soc_60,0.883333,3180.000000,60
0.233445,0.972370,55.000000,0.660000,0.000000,7.440491,55.030675,0.900000,64.000000,75.000000,0,1,1,0,0,0,0,0,0,0.000000,0.900000,54.294479,101,T1_aug_night_load_0.9W_soc_60,0.900000,3240.000000,60
0.237686,0.971342,55.000000,0.660000,0.000000,7.439018,54.938650,0.900000,64.000000,75.000000,0,1,1,0,0,0,0,0,0,0.000000,0.900000,54.202454,101,T1_aug_night_load_0.9W_soc_60,0.916667,3300.000000,60
0.241922,0.970296,55.000000,0.660000,0.000000,7.437546,54.846626,0.900000,64.000000,75.000000,0,1,1,0,0,0,0,0,0,0.000000,0.900000,54.110429,101,T1_aug_night_load_0.9W_soc_60,0.933333,3360.000000,60
0.246153,0.969231,55.000000,0.660000,0.000000,7.436074,54.754601,0.900000,64.000000,75.000000,0,1,1,0,0,0,0,0,0,0.000000,0.900000,54.018405,101,T1_aug_night_load_0.9W_soc_60,0.950000,3420.000000,60
0.250380,0.968148,55.000000,0.660000,0.000000,7.434601,54.662577,0.900000,64.000000,75.000000,0,1,1,0,0,0,0,0,0,0.000000,0.900000,53.926380,101,T1_aug_night_load_0.9W_soc_60,0.966667,3480.000000,60
0.254602,0.967046,55.000000,0.660000,0.000000,7.433129,54.570552,0.900000,64.000000,75.000000,0,1,1,0,0,0,0,0,0,0.000000,0.900000,53.834356,101,T1_aug_night_load_0.9W_soc_60,0.983333,3540.000000,60
0.258819,0.965926,55.000000,0.660000,0.000000,7.431656,54.478528,0.900000,64.000000,75.000000,0,1,1,0,0,0,0,0,0,0.000000,0.900000,53.742331,101,T1_aug_night_load_0.9W_soc_60,1.000000,3600.000000,60
0.263031,0.964787,55.000000,0.660000,0.000000,7.430184,54.386503,0.900000,64.000000,75.000000,0,1,1,0,0,0,0,0,0,0.000000,0.900000,53.650307,101,T1_aug_night_load_0.9W_soc_60,1.016667,3660.000000,60
0.267238,0.963630,55.000000,0.660000,0.000000,7.428712,54.294479,0.900000,64.000000,75.000000,0,1,1,0,0,0,0,0,0,0.000000,0.900000,53.558282,101,T1_aug_night_load_0.9W_soc_60,1.033333,3720.000000,60
0.271440,0.962455,55.000000,0.660000,0.000000,7.427239,54.202454,0.900000,64.000000,75.000000,0,1,1,0,0,0,0,0,0,0.000000,0.900000,53.466258,101,T1_aug_night_load_0.9W_soc_60,1.050000,3780.000000,60
0.275637,0.961262,55.000000,0.660000,0.000000,7.425767,54.110429,0.900000,64.000000,75.000000,0,1,1,0,0,0,0,0,0,0.000000,0.900000,53.374233,101,T1_aug_night_load_0.9W_soc_60,1.066667,3840.000000,60
0.279829,0.960050,55.000000,0.660000,0.000000,7.424294,54.018405,0.900000,64.000000,75.000000,0,1,1,0,0,0,0,0,0,0.000000,0.900000,53.282209,101,T1_aug_night_load_0.9W_soc_60,1.083333,3900.000000,60
0.284015,0.958820,55.000000,0.660000,0.000000,7.422822,53.926380,0.900000,64.000000,75.000000,0,1,1,0,0,0,0,0,0,0.000000,0.900000,53.190184,101,T1_aug_night_load_0.9W_soc_60,1.100000,3960.000000,60
0.288196,0.957571,55.000000,0.660000,0.000000,7.421350,53.834356,0.900000,64.000000,75.000000,0,1,1,0,0,0,0,0,0,0.000000,0.900000,53.098160,101,T1_aug_night_load_0.9W_soc_60,1.116667,4020.000000,60
0.292372,0.956305,55.000000,0.660000,0.000000,7.419877,53.742331,0.900000,64.000000,75.000000,0,1,1,0,0,0,0,0,0,0.000000,0.900000,53.006135,101,T1_aug_night_load_0.9W_soc_60,1.133333,4080.000000,60
0.296542,0.955020,55.000000,0.660000,0.000000,7.418405,53.650307,0.900000,64.000000,75.000000,0,1,1,0,0,0,0,0,0,0.000000,0.900000,52.914110,101,T1_aug_night_load_0.9W_soc_60,1.150000,4140.000000,60
0.300706,0.953717,55.000000,0.660000,0.000000,7.416933,53.558282,0.900000,64.000000,75.000000,0,1,1,0,0,0,0,0,0,0.000000,0.900000,52.822086,101,T1_aug_night_load_0.9W_soc_60,1.166667,4200.000000,60
0.304864,0.952396,55.000000,0.660000,0.000000,7.415460,53.466258,0.900000,64.000000,75.000000,0,1,1,0,0,0,0,0,0,0.000000,0.900000,52.730061,101,T1_aug_night_load_0.9W_soc_60,1.183333,4260.000000,60
0.309017,0.951057,55.000000,0.660000,0.000000,7.413988,53.374233,0.900000,64.000000,75.000000,0,1,1,0,0,0,0,0,0,0.000000,0.900000,52.638037,101,T1_aug_night_load_0.9W_soc_60,1.200000,4320.000000,60
0.313164,0.949699,55.000000,0.660000,0.000000,7.412515,53.282209,0.900000,64.000000,75.000000,0,1,1,0,0,0,0,0,0,0.000000,0.900000,52.546012,101,T1_aug_night_load_0.9W_soc_60,1.216667,4380.000000,60
0.317305,0.948324,55.000000,0.660000,0.000000,7.411043,53.190184,0.900000,64.000000,75.000000,0,1,1,0,0,0,0,0,0,0.000000,0.900000,52.453988,101,T1_aug_night_load_0.9W_soc_60,1.233333,4440.000000,60
0.321439,0.946930,55.000000,0.660000,0.000000,7.409571,53.098160,0.900000,64.000000,75.000000,0,1,1,0,0,0,0,0,0,0.000000,0.900000,52.361963,101,T1_aug_night_load_0.9W_soc_60,1.250000,4500.000000,60
0.325568,0.945519,55.000000,0.660000,0.000000,7.408098,53.006135,0.900000,64.000000,75.000000,0,1,1,0,0,0,0,0,0,0.000000,0.900000,52.269939,101,T1_aug_night_load_0.9W_soc_60,1.266667,4560.000000,60
0.329691,0.944089,55.000000,0.660000,0.000000,7.406626,52.914110,0.900000,64.000000,75.000000,0,1,1,0,0,0,0,0,0,0.000000,0.900000,52.177914,101,T1_aug_night_load_0.9W_soc_60,1.283333,4620.000000,60
0.333807,0.942641,55.000000,0.660000,0.000000,7.405153,52.822086,0.900000,64.000000,75.000000,0,1,1,0,0,0,0,0,0,0.000000,0.900000,52.085890,101,T1_aug_night_load_0.9W_soc_60,1.300000,4680.000000,60
0.337917,0.941176,55.000000,0.660000,0.000000,7.403681,52.730061,0.900000,64.000000,75.000000,0,1,1,0,0,0,0,0,0,0.000000,0.900000,51.993865,101,T1_aug_night_load_0.9W_soc_60,1.316667,4740.000000,60
0.342020,0.939693,55.000000,0.660000,0.000000,7.402209,52.638037,0.900000,64.000000,75.000000,0,1,1,0,0,0,0,0,0,0.000000,0.900000,51.901840,101,T1_aug_night_load_0.9W_soc_60,1.333333,4800.000000,60
0.346117,0.938191,55.000000,0.660000,0.000000,7.400736,52.546012,0.900000,64.000000,75.000000,0,1,1,0,0,0,0,0,0,0.000000,0.900000,51.809816,101,T1_aug_night_load_0.9W_soc_60,1.350000,4860.000000,60
0.350207,0.936672,55.000000,0.660000,0.000000,7.399264,52.453988,0.900000,64.000000,75.000000,0,1,1,0,0,0,0,0,0,0.000000,0.900000,51.717791,101,T1_aug_night_load_0.9W_soc_60,1.366667,4920.000000,60
0.354291,0.935135,55.000000,0.660000,0.000000,7.397791,52.361963,0.900000,64.000000,75.000000,0,1,1,0,0,0,0,0,0,0.000000,0.900000,51.625767,101,T1_aug_night_load_0.9W_soc_60,1.383333,4980.000000,60
0.358368,0.933580,55.000000,0.660000,0.000000,7.396319,52.269939,0.900000,64.000000,75.000000,0,1,1,0,0,0,0,0,0,0.000000,0.900000,51.533742,101,T1_aug_night_load_0.9W_soc_60,1.400000,5040.000000,60
0.362438,0.932008,55.000000,0.660000,0.000000,7.394847,52.177914,0.900000,64.000000,75.000000,0,1,1,0,0,0,0,0,0,0.000000,0.900000,51.441718,101,T1_aug_night_load_0.9W_soc_60,1.416667,5100.000000,60
0.366501,0.930418,55.000000,0.660000,0.000000,7.393374,52.085890,0.900000,64.000000,75.000000,0,1,1,0,0,0,0,0,0,0.000000,0.900000,51.349693,101,T1_aug_night_load_0.9W_soc_60,1.433333,5160.000000,60
0.370557,0.928810,55.000000,0.660000,0.000000,7.391902,51.993865,0.900000,64.000000,75.000000,0,1,1,0,0,0,0,0,0,0.000000,0.900000,51.257669,101,T1_aug_night_load_0.9W_soc_60,1.450000,5220.000000,60
0.374607,0.927184,55.000000,0.660000,0.000000,7.390429,51.901840,0.900000,64.000000,75.000000,0,1,1,0,0,0,0,0,0,0.000000,0.900000,51.165644,101,T1_aug_night_load_0.9W_soc_60,1.466667,5280.000000,60
0.378649,0.925541,55.000000,0.660000,0.000000,7.388957,51.809816,0.900000,64.000000,75.000000,0,1,1,0,0,0,0,0,0,0.000000,0.900000,51.073620,101,T1_aug_night_load_0.9W_soc_60,1.483333,5340.000000,60
0.382683,0.923880,55.000000,0.660000,0.000000,7.387485,51.717791,0.900000,64.000000,75.000000,0,1,1,0,0,0,0,0,0,0.000000,0.900000,50.981595,101,T1_aug_night_load_0.9W_soc_60,1.500000,5400.000000,60
0.386711,0.922201,55.000000,0.660000,0.000000,7.386012,51.625767,0.900000,64.000000,75.000000,0,1,1,0,0,0,0,0,0,0.000000,0.900000,50.889571,101,T1_aug_night_load_0.9W_soc_60,1.516667,5460.000000,60
0.390731,0.920505,55.000000,0.660000,0.000000,7.384540,51.533742,0.900000,64.000000,75.000000,0,1,1,0,0,0,0,0,0,0.000000,0.900000,50.797546,101,T1_aug_night_load_0.9W_soc_60,1.533333,5520.000000,60
0.394744,0.918791,55.000000,0.660000,0.000000,7.383067,51.441718,0.900000,64.000000,75.000000,0,1,1,0,0,0,0,0,0,0.000000,0.900000,50.705521,101,T1_aug_night_load_0.9W_soc_60,1.550000,5580.000000,60
0.398749,0.917060,55.000000,0.660000,0.000000,7.381595,51.349693,0.900000,64.000000,75.000000,0,1,1,0,0,0,0,0,0,0.000000,0.900000,50.613497,101,T1_aug_night_load_0.9W_soc_60,1.566667,5640.000000,60
0.402747,0.915311,55.000000,0.660000,0.000000,7.380123,51.257669,0.900000,64.000000,75.000000,0,1,1,0,0,0,0,0,0,0.000000,0.900000,50.521472,101,T1_aug_night_load_0.9W_soc_60,1.583333,5700.000000,60
0.406737,0.913545,55.000000,0.660000,0.000000,7.378650,51.165644,0.900000,64.000000,75.000000,0,1,1,0,0,0,0,0,0,0.000000,0.900000,50.429448,101,T1_aug_night_load_0.9W_soc_60,1.600000,5760.000000,60
0.410719,0.911762,55.000000,0.660000,0.000000,7.377178,51.073620,0.900000,64.000000,75.000000,0,1,1,0,0,0,0,0,0,0.000000,0.900000,50.337423,101,T1_aug_night_load_0.9W_soc_60,1.616667,5820.000000,60
0.414693,0.909961,55.000000,0.660000,0.000000,7.375706,50.981595,0.900000,64.000000,75.000000,0,1,1,0,0,0,0,0,0,0.000000,0.900000,50.245399,101,T1_aug_night_load_0.9W_soc_60,1.633333,5880.000000,60
0.418660,0.908143,55.000000,0.660000,0.000000,7.374233,50.889571,0.900000,64.000000,75.000000,0,1,1,0,0,0,0,0,0,0.000000,0.900000,50.153374,101,T1_aug_night_load_0.9W_soc_60,1.650000,5940.000000,60
0.422618,0.906308,55.000000,0.660000,0.000000,7.372761,50.797546,0.900000,64.000000,75.000000,0,1,1,0,0,0,0,0,0,0.000000,0.900000,50.061350,101,T1_aug_night_load_0.9W_soc_60,1.666667,6000.000000,60
0.426569,0.904455,55.000000,0.660000,0.000000,7.371288,50.705521,0.900000,64.000000,75.000000,0,1,1,0,0,0,0,0,0,0.000000,0.900000,49.969325,101,T1_aug_night_load_0.9W_soc_60,1.683333,6060.000000,60
0.430511,0.902585,55.000000,0.660000,0.000000,7.369816,50.613497,0.900000,64.000000,75.000000,0,1,1,0,0,0,0,0,0,0.000000,0.900000,49.877301,101,T1_aug_night_load_0.9W_soc_60,1.700000,6120.000000,60
0.434445,0.900698,55.000000,0.660000,0.000000,7.368344,50.521472,0.900000,64.000000,75.000000,0,1,1,0,0,0,0,0,0,0.000000,0.900000,49.785276,101,T1_aug_night_load_0.9W_soc_60,1.716667,6180.000000,60
0.438371,0.898794,55.000000,0.660000,0.000000,7.366871,50.429448,0.900000,64.000000,75.000000,0,1,1,0,0,0,0,0,0,0.000000,0.900000,49.693252,101,T1_aug_night_load_0.9W_soc_60,1.733333,6240.000000,60
0.442289,0.896873,55.000000,0.660000,0.000000,7.365399,50.337423,0.900000,64.000000,75.000000,0,1,1,0,0,0,0,0,0,0.000000,0.900000,49.601227,101,T1_aug_night_load_0.9W_soc_60,1.750000,6300.000000,60
0.446198,0.894934,55.000000,0.660000,0.000000,7.363926,50.245399,0.900000,64.000000,75.000000,0,1,1,0,0,0,0,0,0,0.000000,0.900000,49.509202,101,T1_aug_night_load_0.9W_soc_60,1.766667,6360.000000,60
0.450098,0.892979,55.000000,0.660000,0.000000,7.362454,50.153374,0.900000,64.000000,75.000000,0,1,1,0,0,0,0,0,0,0.000000,0.900000,49.417178,101,T1_aug_night_load_0.9W_soc_60,1.783333,6420.000000,60
0.453990,0.891007,55.000000,0.660000,0.000000,7.360982,50.061350,0.900000,64.000000,75.000000,0,1,1,0,0,0,0,0,0,0.000000,0.900000,49.325153,101,T1_aug_night_load_0.9W_soc_60,1.800000,6480.000000,60
0.457874,0.889017,55.000000,0.660000,0.000000,7.359509,49.969325,0.900000,64.000000,75.000000,0,1,1,0,0,0,0,0,0,0.000000,0.900000,49.233129,101,T1_aug_night_load_0.9W_soc_60,1.816667,6540.000000,60
0.461749,0.887011,55.000000,0.660000,0.000000,7.358037,49.877301,0.900000,64.000000,75.000000,0,1,1,0,0,0,0,0,0,0.000000,0.900000,49.141104,101,T1_aug_night_load_0.9W_soc_60,1.833333,6600.000000,60
0.465615,0.884988,55.000000,0.660000,0.000000,7.356564,49.785276,0.900000,64.000000,75.000000,0,1,1,0,0,0,0,0,0,0.000000,0.900000,49.095092,101,T1_aug_night_load_0.9W_soc_60,1.850000,6660.000000,60
0.469472,0.882948,55.000000,0.660000,0.000000,7.355092,49.693252,0.900000,64.000000,75.000000,0,1,1,0,0,0,0,0,0,0.000000,0.900000,49.049080,101,T1_aug_night_load_0.9W_soc_60,1.866667,6720.000000,60
0.473320,0.880891,55.000000,0.660000,0.000000,7.353620,49.601227,0.900000,64.000000,75.000000,0,1,1,0,0,0,0,0,0,0.000000,0.900000,49.003067,101,T1_aug_night_load_0.9W_soc_60,1.883333,6780.000000,60
0.477159,0.878817,55.000000,0.660000,0.000000,7.352147,49.509202,0.900000,64.000000,75.000000,0,1,1,0,0,0,0,0,0,0.000000,0.900000,48.957055,101,T1_aug_night_load_0.9W_soc_60,1.900000,6840.000000,60
0.000000,1.000000,55.000000,0.660000,0.000000,7.680000,70.000000,0.900000,64.000000,75.000000,0,1,1,0,0,0,0,0,0,0.000000,0.900000,69.079755,102,T1_aug_night_load_0.9W_soc_70,0.000000,0.000000,60
0.004363,0.999990,55.000000,0.660000,0.000000,7.678528,69.907975,0.900000,64.000000,75.000000,0,1,1,0,0,0,0,0,0,0.000000,0.900000,69.033742,102,T1_aug_night_load_0.9W_soc_70,0.016667,60.000000,60
0.008727,0.999962,55.000000,0.660000,0.000000,7.677055,69.815951,0.900000,64.000000,75.000000,0,1,1,0,0,0,0,0,0,0.000000,0.900000,68.987730,102,T1_aug_night_load_0.9W_soc_70,0.033333,120.000000,60
0.013090,0.999914,55.000000,0.660000,0.000000,7.675583,69.723926,0.900000,64.000000,75.000000,0,1,1,0,0,0,0,0,0,0.000000,0.900000,68.941718,102,T1_aug_night_load_0.9W_soc_70,0.050000,180.000000,60
0.017452,0.999848,55.000000,0.660000,0.000000,7.674110,69.631902,0.900000,64.000000,75.000000,0,1,1,0,0,0,0,0,0,0.000000,0.900000,68.895706,102,T1_aug_night_load_0.9W_soc_70,0.066667,240.000000,60
0.021815,0.999762,55.000000,0.660000,0.000000,7.672638,69.539877,0.900000,64.000000,75.000000,0,1,1,0,0,0,0,0,0,0.000000,0.900000,68.803681,102,T1_aug_night_load_0.9W_soc_70,0.083333,300.000000,60
0.026177,0.999657,55.000000,0.660000,0.000000,7.671166,69.447853,0.900000,64.000000,75.000000,0,1,1,0,0,0,0,0,0,0.000000,0.900000,68.711656,102,T1_aug_night_load_0.9W_soc_70,0.100000,360.000000,60
0.030539,0.999534,55.000000,0.660000,0.000000,7.669693,69.355828,0.900000,64.000000,75.000000,0,1,1,0,0,0,0,0,0,0.000000,0.900000,68.619632,102,T1_aug_night_load_0.9W_soc_70,0.116667,420.000000,60
0.034899,0.999391,55.000000,0.660000,0.000000,7.668221,69.263804,0.900000,64.000000,75.000000,0,1,1,0,0,0,0,0,0,0.000000,0.900000,68.527607,102,T1_aug_night_load_0.9W_soc_70,0.133333,480.000000,60
0.039260,0.999229,55.000000,0.660000,0.000000,7.666748,69.171779,0.900000,64.000000,75.000000,0,1,1,0,0,0,0,0,0,0.000000,0.900000,68.435583,102,T1_aug_night_load_0.9W_soc_70,0.150000,540.000000,60
0.043619,0.999048,55.000000,0.660000,0.000000,7.665276,69.079755,0.900000,64.000000,75.000000,0,1,1,0,0,0,0,0,0,0.000000,0.900000,68.343558,102,T1_aug_night_load_0.9W_soc_70,0.166667,600.000000,60
0.047978,0.998848,55.000000,0.660000,0.000000,7.663804,68.987730,0.900000,64.000000,75.000000,0,1,1,0,0,0,0,0,0,0.000000,0.900000,68.251534,102,T1_aug_night_load_0.9W_soc_70,0.183333,660.000000,60
0.052336,0.998630,55.000000,0.660000,0.000000,7.662331,68.895706,0.900000,64.000000,75.000000,0,1,1,0,0,0,0,0,0,0.000000,0.900000,68.159509,102,T1_aug_night_load_0.9W_soc_70,0.200000,720.000000,60
0.056693,0.998392,55.000000,0.660000,0.000000,7.660859,68.803681,0.900000,64.000000,75.000000,0,1,1,0,0,0,0,0,0,0.000000,0.900000,68.067485,102,T1_aug_night_load_0.9W_soc_70,0.216667,780.000000,60
0.061049,0.998135,55.000000,0.660000,0.000000,7.659387,68.711656,0.900000,64.000000,75.000000,0,1,1,0,0,0,0,0,0,0.000000,0.900000,67.975460,102,T1_aug_night_load_0.9W_soc_70,0.233333,840.000000,60
0.065403,0.997859,55.000000,0.660000,0.000000,7.657914,68.619632,0.900000,64.000000,75.000000,0,1,1,0,0,0,0,0,0,0.000000,0.900000,67.883436,102,T1_aug_night_load_0.9W_soc_70,0.250000,900.000000,60
0.069756,0.997564,55.000000,0.660000,0.000000,7.656442,68.527607,0.900000,64.000000,75.000000,0,1,1,0,0,0,0,0,0,0.000000,0.900000,67.791411,102,T1_aug_night_load_0.9W_soc_70,0.266667,960.000000,60
0.074108,0.997250,55.000000,0.660000,0.000000,7.654969,68.435583,0.900000,64.000000,75.000000,0,1,1,0,0,0,0,0,0,0.000000,0.900000,67.699387,102,T1_aug_night_load_0.9W_soc_70,0.283333,1020.000000,60
0.078459,0.996917,55.000000,0.660000,0.000000,7.653497,68.343558,0.900000,64.000000,75.000000,0,1,1,0,0,0,0,0,0,0.000000,0.900000,67.607362,102,T1_aug_night_load_0.9W_soc_70,0.300000,1080.000000,60
0.082808,0.996566,55.000000,0.660000,0.000000,7.652025,68.251534,0.900000,64.000000,75.000000,0,1,1,0,0,0,0,0,0,0.000000,0.900000,67.515337,102,T1_aug_night_load_0.9W_soc_70,0.316667,1140.000000,60
0.087156,0.996195,55.000000,0.660000,0.000000,7.650552,68.159509,0.900000,64.000000,75.000000,0,1,1,0,0,0,0,0,0,0.000000,0.900000,67.423313,102,T1_aug_night_load_0.9W_soc_70,0.333333,1200.000000,60
0.091502,0.995805,55.000000,0.660000,0.000000,7.649080,68.067485,0.900000,64.000000,75.000000,0,1,1,0,0,0,0,0,0,0.000000,0.900000,67.331288,102,T1_aug_night_load_0.9W_soc_70,0.350000,1260.000000,60
0.095846,0.995396,55.000000,0.660000,0.000000,7.647607,67.975460,0.900000,64.000000,75.000000,0,1,1,0,0,0,0,0,0,0.000000,0.900000,67.239264,102,T1_aug_night_load_0.9W_soc_70,0.366667,1320.000000,60
0.100188,0.994969,55.000000,0.660000,0.000000,7.646135,67.883436,0.900000,64.000000,75.000000,0,1,1,0,0,0,0,0,0,0.000000,0.900000,67.147239,102,T1_aug_night_load_0.9W_soc_70,0.383333,1380.000000,60
0.104528,0.994522,55.000000,0.660000,0.000000,7.644663,67.791411,0.900000,64.000000,75.000000,0,1,1,0,0,0,0,0,0,0.000000,0.900000,67.055215,102,T1_aug_night_load_0.9W_soc_70,0.400000,1440.000000,60
0.108867,0.994056,55.000000,0.660000,0.000000,7.643190,67.699387,0.900000,64.000000,75.000000,0,1,1,0,0,0,0,0,0,0.000000,0.900000,66.963190,102,T1_aug_night_load_0.9W_soc_70,0.416667,1500.000000,60
0.113203,0.993572,55.000000,0.660000,0.000000,7.641718,67.607362,0.900000,64.000000,75.000000,0,1,1,0,0,0,0,0,0,0.000000,0.900000,66.871166,102,T1_aug_night_load_0.9W_soc_70,0.433333,1560.000000,60
0.117537,0.993068,55.000000,0.660000,0.000000,7.640245,67.515337,0.900000,64.000000,75.000000,0,1,1,0,0,0,0,0,0,0.000000,0.900000,66.779141,102,T1_aug_night_load_0.9W_soc_70,0.450000,1620.000000,60
0.121869,0.992546,55.000000,0.660000,0.000000,7.638773,67.423313,0.900000,64.000000,75.000000,0,1,1,0,0,0,0,0,0,0.000000,0.900000,66.687117,102,T1_aug_night_load_0.9W_soc_70,0.466667,1680.000000,60
0.126199,0.992005,55.000000,0.660000,0.000000,7.637301,67.331288,0.900000,64.000000,75.000000,0,1,1,0,0,0,0,0,0,0.000000,0.900000,66.595092,102,T1_aug_night_load_0.9W_soc_70,0.483333,1740.000000,60
0.130526,0.991445,55.000000,0.660000,0.000000,7.635828,67.239264,0.900000,64.000000,75.000000,0,1,1,0,0,0,0,0,0,0.000000,0.900000,66.503067,102,T1_aug_night_load_0.9W_soc_70,0.500000,1800.000000,60
0.134851,0.990866,55.000000,0.660000,0.000000,7.634356,67.147239,0.900000,64.000000,75.000000,0,1,1,0,0,0,0,0,0,0.000000,0.900000,66.411043,102,T1_aug_night_load_0.9W_soc_70,0.516667,1860.000000,60
0.139173,0.990268,55.000000,0.660000,0.000000,7.632883,67.055215,0.900000,64.000000,75.000000,0,1,1,0,0,0,0,0,0,0.000000,0.900000,66.319018,102,T1_aug_night_load_0.9W_soc_70,0.533333,1920.000000,60
0.143493,0.989651,55.000000,0.660000,0.000000,7.631411,66.963190,0.900000,64.000000,75.000000,0,1,1,0,0,0,0,0,0,0.000000,0.900000,66.226994,102,T1_aug_night_load_0.9W_soc_70,0.550000,1980.000000,60
0.147809,0.989016,55.000000,0.660000,0.000000,7.629939,66.871166,0.900000,64.000000,75.000000,0,1,1,0,0,0,0,0,0,0.000000,0.900000,66.134969,102,T1_aug_night_load_0.9W_soc_70,0.566667,2040.000000,60
0.152123,0.988362,55.000000,0.660000,0.000000,7.628466,66.779141,0.900000,64.000000,75.000000,0,1,1,0,0,0,0,0,0,0.000000,0.900000,66.042945,102,T1_aug_night_load_0.9W_soc_70,0.583333,2100.000000,60
0.156434,0.987688,55.000000,0.660000,0.000000,7.626994,66.687117,0.900000,64.000000,75.000000,0,1,1,0,0,0,0,0,0,0.000000,0.900000,65.950920,102,T1_aug_night_load_0.9W_soc_70,0.600000,2160.000000,60
0.160743,0.986996,55.000000,0.660000,0.000000,7.625521,66.595092,0.900000,64.000000,75.000000,0,1,1,0,0,0,0,0,0,0.000000,0.900000,65.858896,102,T1_aug_night_load_0.9W_soc_70,0.616667,2220.000000,60
0.165048,0.986286,55.000000,0.660000,0.000000,7.624049,66.503067,0.900000,64.000000,75.000000,0,1,1,0,0,0,0,0,0,0.000000,0.900000,65.766871,102,T1_aug_night_load_0.9W_soc_70,0.633333,2280.000000,60
0.169350,0.985556,55.000000,0.660000,0.000000,7.622577,66.411043,0.900000,64.000000,75.000000,0,1,1,0,0,0,0,0,0,0.000000,0.900000,65.674847,102,T1_aug_night_load_0.9W_soc_70,0.650000,2340.000000,60
0.173648,0.984808,55.000000,0.660000,0.000000,7.621104,66.319018,0.900000,64.000000,75.000000,0,1,1,0,0,0,0,0,0,0.000000,0.900000,65.582822,102,T1_aug_night_load_0.9W_soc_70,0.666667,2400.000000,60
0.177944,0.984041,55.000000,0.660000,0.000000,7.619632,66.226994,0.900000,64.000000,75.000000,0,1,1,0,0,0,0,0,0,0.000000,0.900000,65.490798,102,T1_aug_night_load_0.9W_soc_70,0.683333,2460.000000,60
0.182236,0.983255,55.000000,0.660000,0.000000,7.618160,66.134969,0.900000,64.000000,75.000000,0,1,1,0,0,0,0,0,0,0.000000,0.900000,65.398773,102,T1_aug_night_load_0.9W_soc_70,0.700000,2520.000000,60
0.186524,0.982450,55.000000,0.660000,0.000000,7.616687,66.042945,0.900000,64.000000,75.000000,0,1,1,0,0,0,0,0,0,0.000000,0.900000,65.306748,102,T1_aug_night_load_0.9W_soc_70,0.716667,2580.000000,60
0.190809,0.981627,55.000000,0.660000,0.000000,7.615215,65.950920,0.900000,64.000000,75.000000,0,1,1,0,0,0,0,0,0,0.000000,0.900000,65.214724,102,T1_aug_night_load_0.9W_soc_70,0.733333,2640.000000,60
0.195090,0.980785,55.000000,0.660000,0.000000,7.613742,65.858896,0.900000,64.000000,75.000000,0,1,1,0,0,0,0,0,0,0.000000,0.900000,65.122699,102,T1_aug_night_load_0.9W_soc_70,0.750000,2700.000000,60
0.199368,0.979925,55.000000,0.660000,0.000000,7.612270,65.766871,0.900000,64.000000,75.000000,0,1,1,0,0,0,0,0,0,0.000000,0.900000,65.030675,102,T1_aug_night_load_0.9W_soc_70,0.766667,2760.000000,60
0.203642,0.979045,55.000000,0.660000,0.000000,7.610798,65.674847,0.900000,64.000000,75.000000,0,1,1,0,0,0,0,0,0,0.000000,0.900000,64.938650,102,T1_aug_night_load_0.9W_soc_70,0.783333,2820.000000,60
0.207912,0.978148,55.000000,0.660000,0.000000,7.609325,65.582822,0.900000,64.000000,75.000000,0,1,1,0,0,0,0,0,0,0.000000,0.900000,64.846626,102,T1_aug_night_load_0.9W_soc_70,0.800000,2880.000000,60
0.212178,0.977231,55.000000,0.660000,0.000000,7.607853,65.490798,0.900000,64.000000,75.000000,0,1,1,0,0,0,0,0,0,0.000000,0.900000,64.754601,102,T1_aug_night_load_0.9W_soc_70,0.816667,2940.000000,60
0.216440,0.976296,55.000000,0.660000,0.000000,7.606380,65.398773,0.900000,64.000000,75.000000,0,1,1,0,0,0,0,0,0,0.000000,0.900000,64.662577,102,T1_aug_night_load_0.9W_soc_70,0.833333,3000.000000,60
0.220697,0.975342,55.000000,0.660000,0.000000,7.604908,65.306748,0.900000,64.000000,75.000000,0,1,1,0,0,0,0,0,0,0.000000,0.900000,64.570552,102,T1_aug_night_load_0.9W_soc_70,0.850000,3060.000000,60
0.224951,0.974370,55.000000,0.660000,0.000000,7.603436,65.214724,0.900000,64.000000,75.000000,0,1,1,0,0,0,0,0,0,0.000000,0.900000,64.478528,102,T1_aug_night_load_0.9W_soc_70,0.866667,3120.000000,60
0.229200,0.973379,55.000000,0.660000,0.000000,7.601963,65.122699,0.900000,64.000000,75.000000,0,1,1,0,0,0,0,0,0,0.000000,0.900000,64.386503,102,T1_aug_night_load_0.9W_soc_70,0.883333,3180.000000,60
0.233445,0.972370,55.000000,0.660000,0.000000,7.600491,65.030675,0.900000,64.000000,75.000000,0,1,1,0,0,0,0,0,0,0.000000,0.900000,64.294479,102,T1_aug_night_load_0.9W_soc_70,0.900000,3240.000000,60
0.237686,0.971342,55.000000,0.660000,0.000000,7.599018,64.938650,0.900000,64.000000,75.000000,0,1,1,0,0,0,0,0,0,0.000000,0.900000,64.202454,102,T1_aug_night_load_0.9W_soc_70,0.916667,3300.000000,60
0.241922,0.970296,55.000000,0.660000,0.000000,7.597546,64.846626,0.900000,64.000000,75.000000,0,1,1,0,0,0,0,0,0,0.000000,0.900000,64.110429,102,T1_aug_night_load_0.9W_soc_70,0.933333,3360.000000,60
0.246153,0.969231,55.000000,0.660000,0.000000,7.596074,64.754601,0.900000,64.000000,75.000000,0,1,1,0,0,0,0,0,0,0.000000,0.900000,64.018405,102,T1_aug_night_load_0.9W_soc_70,0.950000,3420.000000,60
0.250380,0.968148,55.000000,0.660000,0.000000,7.594601,64.662577,0.900000,64.000000,75.000000,0,1,1,0,0,0,0,0,0,0.000000,0.900000,63.926380,102,T1_aug_night_load_0.9W_soc_70,0.966667,3480.000000,60
0.254602,0.967046,55.000000,0.660000,0.000000,7.593129,64.570552,0.900000,64.000000,75.000000,0,1,1,0,0,0,0,0,0,0.000000,0.900000,63.834356,102,T1_aug_night_load_0.9W_soc_70,0.983333,3540.000000,60
0.258819,0.965926,55.000000,0.660000,0.000000,7.591656,64.478528,0.900000,64.000000,75.000000,0,1,1,0,0,0,0,0,0,0.000000,0.900000,63.742331,102,T1_aug_night_load_0.9W_soc_70,1.000000,3600.000000,60
0.263031,0.964787,55.000000,0.660000,0.000000,7.590184,64.386503,0.900000,64.000000,75.000000,0,1,1,0,0,0,0,0,0,0.000000,0.900000,63.650307,102,T1_aug_night_load_0.9W_soc_70,1.016667,3660.000000,60
0.267238,0.963630,55.000000,0.660000,0.000000,7.588712,64.294479,0.900000,64.000000,75.000000,0,1,1,0,0,0,0,0,0,0.000000,0.900000,63.558282,102,T1_aug_night_load_0.9W_soc_70,1.033333,3720.000000,60
0.271440,0.962455,55.000000,0.660000,0.000000,7.587239,64.202454,0.900000,64.000000,75.000000,0,1,1,0,0,0,0,0,0,0.000000,0.900000,63.466258,102,T1_aug_night_load_0.9W_soc_70,1.050000,3780.000000,60
0.275637,0.961262,55.000000,0.660000,0.000000,7.585767,64.110429,0.900000,64.000000,75.000000,0,1,1,0,0,0,0,0,0,0.000000,0.900000,63.374233,102,T1_aug_night_load_0.9W_soc_70,1.066667,3840.000000,60
0.279829,0.960050,55.000000,0.660000,0.000000,7.584294,64.018405,0.900000,64.000000,75.000000,0,1,1,0,0,0,0,0,0,0.000000,0.900000,63.282209,102,T1_aug_night_load_0.9W_soc_70,1.083333,3900.000000,60
0.284015,0.958820,55.000000,0.660000,0.000000,7.582822,63.926380,0.900000,64.000000,75.000000,0,1,1,0,0,0,0,0,0,0.000000,0.900000,63.190184,102,T1_aug_night_load_0.9W_soc_70,1.100000,3960.000000,60
0.288196,0.957571,55.000000,0.660000,0.000000,7.581350,63.834356,0.900000,64.000000,75.000000,0,1,1,0,0,0,0,0,0,0.000000,0.900000,63.098160,102,T1_aug_night_load_0.9W_soc_70,1.116667,4020.000000,60
0.292372,0.956305,55.000000,0.660000,0.000000,7.579877,63.742331,0.900000,64.000000,75.000000,0,1,1,0,0,0,0,0,0,0.000000,0.900000,63.006135,102,T1_aug_night_load_0.9W_soc_70,1.133333,4080.000000,60
0.296542,0.955020,55.000000,0.660000,0.000000,7.578405,63.650307,0.900000,64.000000,75.000000,0,1,1,0,0,0,0,0,0,0.000000,0.900000,62.914110,102,T1_aug_night_load_0.9W_soc_70,1.150000,4140.000000,60
0.300706,0.953717,55.000000,0.660000,0.000000,7.576933,63.558282,0.900000,64.000000,75.000000,0,1,1,0,0,0,0,0,0,0.000000,0.900000,62.822086,102,T1_aug_night_load_0.9W_soc_70,1.166667,4200.000000,60
0.304864,0.952396,55.000000,0.660000,0.000000,7.575460,63.466258,0.900000,64.000000,75.000000,0,1,1,0,0,0,0,0,0,0.000000,0.900000,62.730061,102,T1_aug_night_load_0.9W_soc_70,1.183333,4260.000000,60
0.309017,0.951057,55.000000,0.660000,0.000000,7.573988,63.374233,0.900000,64.000000,75.000000,0,1,1,0,0,0,0,0,0,0.000000,0.900000,62.638037,102,T1_aug_night_load_0.9W_soc_70,1.200000,4320.000000,60
0.313164,0.949699,55.000000,0.660000,0.000000,7.572515,63.282209,0.900000,64.000000,75.000000,0,1,1,0,0,0,0,0,0,0.000000,0.900000,62.546012,102,T1_aug_night_load_0.9W_soc_70,1.216667,4380.000000,60
0.317305,0.948324,55.000000,0.660000,0.000000,7.571043,63.190184,0.900000,64.000000,75.000000,0,1,1,0,0,0,0,0,0,0.000000,0.900000,62.453988,102,T1_aug_night_load_0.9W_soc_70,1.233333,4440.000000,60
0.321439,0.946930,55.000000,0.660000,0.000000,7.569571,63.098160,0.900000,64.000000,75.000000,0,1,1,0,0,0,0,0,0,0.000000,0.900000,62.361963,102,T1_aug_night_load_0.9W_soc_70,1.250000,4500.000000,60
0.325568,0.945519,55.000000,0.660000,0.000000,7.568098,63.006135,0.900000,64.000000,75.000000,0,1,1,0,0,0,0,0,0,0.000000,0.900000,62.269939,102,T1_aug_night_load_0.9W_soc_70,1.266667,4560.000000,60
0.329691,0.944089,55.000000,0.660000,0.000000,7.566626,62.914110,0.900000,64.000000,75.000000,0,1,1,0,0,0,0,0,0,0.000000,0.900000,62.177914,102,T1_aug_night_load_0.9W_soc_70,1.283333,4620.000000,60
0.333807,0.942641,55.000000,0.660000,0.000000,7.565153,62.822086,0.900000,64.000000,75.000000,0,1,1,0,0,0,0,0,0,0.000000,0.900000,62.085890,102,T1_aug_night_load_0.9W_soc_70,1.300000,4680.000000,60
0.337917,0.941176,55.000000,0.660000,0.000000,7.563681,62.730061,0.900000,64.000000,75.000000,0,1,1,0,0,0,0,0,0,0.000000,0.900000,61.993865,102,T1_aug_night_load_0.9W_soc_70,1.316667,4740.000000,60
0.342020,0.939693,55.000000,0.660000,0.000000,7.562209,62.638037,0.900000,64.000000,75.000000,0,1,1,0,0,0,0,0,0,0.000000,0.900000,61.901840,102,T1_aug_night_load_0.9W_soc_70,1.333333,4800.000000,60
0.346117,0.938191,55.000000,0.660000,0.000000,7.560736,62.546012,0.900000,64.000000,75.000000,0,1,1,0,0,0,0,0,0,0.000000,0.900000,61.809816,102,T1_aug_night_load_0.9W_soc_70,1.350000,4860.000000,60
0.350207,0.936672,55.000000,0.660000,0.000000,7.559264,62.453988,0.900000,64.000000,75.000000,0,1,1,0,0,0,0,0,0,0.000000,0.900000,61.717791,102,T1_aug_night_load_0.9W_soc_70,1.366667,4920.000000,60
0.354291,0.935135,55.000000,0.660000,0.000000,7.557791,62.361963,0.900000,64.000000,75.000000,0,1,1,0,0,0,0,0,0,0.000000,0.900000,61.625767,102,T1_aug_night_load_0.9W_soc_70,1.383333,4980.000000,60
0.358368,0.933580,55.000000,0.660000,0.000000,7.556319,62.269939,0.900000,64.000000,75.000000,0,1,1,0,0,0,0,0,0,0.000000,0.900000,61.533742,102,T1_aug_night_load_0.9W_soc_70,1.400000,5040.000000,60
0.362438,0.932008,55.000000,0.660000,0.000000,7.554847,62.177914,0.900000,64.000000,75.000000,0,1,1,0,0,0,0,0,0,0.000000,0.900000,61.441718,102,T1_aug_night_load_0.9W_soc_70,1.416667,5100.000000,60
0.366501,0.930418,55.000000,0.660000,0.000000,7.553374,62.085890,0.900000,64.000000,75.000000,0,1,1,0,0,0,0,0,0,0.000000,0.900000,61.349693,102,T1_aug_night_load_0.9W_soc_70,1.433333,5160.000000,60
0.370557,0.928810,55.000000,0.660000,0.000000,7.551902,61.993865,0.900000,64.000000,75.000000,0,1,1,0,0,0,0,0,0,0.000000,0.900000,61.257669,102,T1_aug_night_load_0.9W_soc_70,1.450000,5220.000000,60
0.374607,0.927184,55.000000,0.660000,0.000000,7.550429,61.901840,0.900000,64.000000,75.000000,0,1,1,0,0,0,0,0,0,0.000000,0.900000,61.165644,102,T1_aug_night_load_0.9W_soc_70,1.466667,5280.000000,60
0.378649,0.925541,55.000000,0.660000,0.000000,7.548957,61.809816,0.900000,64.000000,75.000000,0,1,1,0,0,0,0,0,0,0.000000,0.900000,61.073620,102,T1_aug_night_load_0.9W_soc_70,1.483333,5340.000000,60
0.382683,0.923880,55.000000,0.660000,0.000000,7.547485,61.717791,0.900000,64.000000,75.000000,0,1,1,0,0,0,0,0,0,0.000000,0.900000,60.981595,102,T1_aug_night_load_0.9W_soc_70,1.500000,5400.000000,60
0.386711,0.922201,55.000000,0.660000,0.000000,7.546012,61.625767,0.900000,64.000000,75.000000,0,1,1,0,0,0,0,0,0,0.000000,0.900000,60.889571,102,T1_aug_night_load_0.9W_soc_70,1.516667,5460.000000,60
0.390731,0.920505,55.000000,0.660000,0.000000,7.544540,61.533742,0.900000,64.000000,75.000000,0,1,1,0,0,0,0,0,0,0.000000,0.900000,60.797546,102,T1_aug_night_load_0.9W_soc_70,1.533333,5520.000000,60
0.394744,0.918791,55.000000,0.660000,0.000000,7.543067,61.441718,0.900000,64.000000,75.000000,0,1,1,0,0,0,0,0,0,0.000000,0.900000,60.705521,102,T1_aug_night_load_0.9W_soc_70,1.550000,5580.000000,60
0.398749,0.917060,55.000000,0.660000,0.000000,7.541595,61.349693,0.900000,64.000000,75.000000,0,1,1,0,0,0,0,0,0,0.000000,0.900000,60.613497,102,T1_aug_night_load_0.9W_soc_70,1.566667,5640.000000,60
0.402747,0.915311,55.000000,0.660000,0.000000,7.540123,61.257669,0.900000,64.000000,75.000000,0,1,1,0,0,0,0,0,0,0.000000,0.900000,60.521472,102,T1_aug_night_load_0.9W_soc_70,1.583333,5700.000000,60
0.406737,0.913545,55.000000,0.660000,0.000000,7.538650,61.165644,0.900000,64.000000,75.000000,0,1,1,0,0,0,0,0,0,0.000000,0.900000,60.429448,102,T1_aug_night_load_0.9W_soc_70,1.600000,5760.000000,60
0.410719,0.911762,55.000000,0.660000,0.000000,7.537178,61.073620,0.900000,64.000000,75.000000,0,1,1,0,0,0,0,0,0,0.000000,0.900000,60.337423,102,T1_aug_night_load_0.9W_soc_70,1.616667,5820.000000,60
0.414693,0.909961,55.000000,0.660000,0.000000,7.535706,60.981595,0.900000,64.000000,75.000000,0,1,1,0,0,0,0,0,0,0.000000,0.900000,60.245399,102,T1_aug_night_load_0.9W_soc_70,1.633333,5880.000000,60
0.418660,0.908143,55.000000,0.660000,0.000000,7.534233,60.889571,0.900000,64.000000,75.000000,0,1,1,0,0,0,0,0,0,0.000000,0.900000,60.153374,102,T1_aug_night_load_0.9W_soc_70,1.650000,5940.000000,60
0.422618,0.906308,55.000000,0.660000,0.000000,7.532761,60.797546,0.900000,64.000000,75.000000,0,1,1,0,0,0,0,0,0,0.000000,0.900000,60.061350,102,T1_aug_night_load_0.9W_soc_70,1.666667,6000.000000,60
0.426569,0.904455,55.000000,0.660000,0.000000,7.531288,60.705521,0.900000,64.000000,75.000000,0,1,1,0,0,0,0,0,0,0.000000,0.900000,59.969325,102,T1_aug_night_load_0.9W_soc_70,1.683333,6060.000000,60
0.430511,0.902585,55.000000,0.660000,0.000000,7.529816,60.613497,0.900000,64.000000,75.000000,0,1,1,0,0,0,0,0,0,0.000000,0.900000,59.877301,102,T1_aug_night_load_0.9W_soc_70,1.700000,6120.000000,60
0.434445,0.900698,55.000000,0.660000,0.000000,7.528344,60.521472,0.900000,64.000000,75.000000,0,1,1,0,0,0,0,0,0,0.000000,0.900000,59.785276,102,T1_aug_night_load_0.9W_soc_70,1.716667,6180.000000,60
0.438371,0.898794,55.000000,0.660000,0.000000,7.526871,60.429448,0.900000,64.000000,75.000000,0,1,1,0,0,0,0,0,0,0.000000,0.900000,59.693252,102,T1_aug_night_load_0.9W_soc_70,1.733333,6240.000000,60
0.442289,0.896873,55.000000,0.660000,0.000000,7.525399,60.337423,0.900000,64.000000,75.000000,0,1,1,0,0,0,0,0,0,0.000000,0.900000,59.601227,102,T1_aug_night_load_0.9W_soc_70,1.750000,6300.000000,60
0.446198,0.894934,55.000000,0.660000,0.000000,7.523926,60.245399,0.900000,64.000000,75.000000,0,1,1,0,0,0,0,0,0,0.000000,0.900000,59.509202,102,T1_aug_night_load_0.9W_soc_70,1.766667,6360.000000,60
0.450098,0.892979,55.000000,0.660000,0.000000,7.522454,60.153374,0.900000,64.000000,75.000000,0,1,1,0,0,0,0,0,0,0.000000,0.900000,59.417178,102,T1_aug_night_load_0.9W_soc_70,1.783333,6420.000000,60
0.453990,0.891007,55.000000,0.660000,0.000000,7.520982,60.061350,0.900000,64.000000,75.000000,0,1,1,0,0,0,0,0,0,0.000000,0.900000,59.325153,102,T1_aug_night_load_0.9W_soc_70,1.800000,6480.000000,60
0.457874,0.889017,55.000000,0.660000,0.000000,7.519509,59.969325,0.900000,64.000000,75.000000,0,1,1,0,0,0,0,0,0,0.000000,0.900000,59.233129,102,T1_aug_night_load_0.9W_soc_70,1.816667,6540.000000,60
0.461749,0.887011,55.000000,0.660000,0.000000,7.518037,59.877301,0.900000,64.000000,75.000000,0,1,1,0,0,0,0,0,0,0.000000,0.900000,59.141104,102,T1_aug_night_load_0.9W_soc_70,1.833333,6600.000000,60
0.465615,0.884988,55.000000,0.660000,0.000000,7.516564,59.785276,0.900000,64.000000,75.000000,0,1,1,0,0,0,0,0,0,0.000000,0.900000,59.095092,102,T1_aug_night_load_0.9W_soc_70,1.850000,6660.000000,60
0.469472,0.882948,55.000000,0.660000,0.000000,7.515092,59.693252,0.900000,64.000000,75.000000,0,1,1,0,0,0,0,0,0,0.000000,0.900000,59.049080,102,T1_aug_night_load_0.9W_soc_70,1.866667,6720.000000,60
0.473320,0.880891,55.000000,0.660000,0.000000,7.513620,59.601227,0.900000,64.000000,75.000000,0,1,1,0,0,0,0,0,0,0.000000,0.900000,59.003067,102,T1_aug_night_load_0.9W_soc_70,1.883333,6780.000000,60
0.477159,0.878817,55.000000,0.660000,0.000000,7.512147,59.509202,0.900000,64.000000,75.000000,0,1,1,0,0,0,0,0,0,0.000000,0.900000,58.957055,102,T1_aug_night_load_0.9W_soc_70,1.900000,6840.000000,60
0.000000,1.000000,55.000000,0.660000,0.000000,7.840000,80.000000,0.900000,64.000000,75.000000,0,1,1,0,0,0,0,0,0,0.000000,0.900000,79.079755,103,T1_aug_night_load_0.9W_soc_80,0.000000,0.000000,60
0.004363,0.999990,55.000000,0.660000,0.000000,7.838528,79.907975,0.900000,64.000000,75.000000,0,1,1,0,0,0,0,0,0,0.000000,0.900000,79.033742,103,T1_aug_night_load_0.9W_soc_80,0.016667,60.000000,60
0.008727,0.999962,55.000000,0.660000,0.000000,7.837055,79.815951,0.900000,64.000000,75.000000,0,1,1,0,0,0,0,0,0,0.000000,0.900000,78.987730,103,T1_aug_night_load_0.9W_soc_80,0.033333,120.000000,60
0.013090,0.999914,55.000000,0.660000,0.000000,7.835583,79.723926,0.900000,64.000000,75.000000,0,1,1,0,0,0,0,0,0,0.000000,0.900000,78.941718,103,T1_aug_night_load_0.9W_soc_80,0.050000,180.000000,60
0.017452,0.999848,55.000000,0.660000,0.000000,7.834110,79.631902,0.900000,64.000000,75.000000,0,1,1,0,0,0,0,0,0,0.000000,0.900000,78.895706,103,T1_aug_night_load_0.9W_soc_80,0.066667,240.000000,60
0.021815,0.999762,55.000000,0.660000,0.000000,7.832638,79.539877,0.900000,64.000000,75.000000,0,1,1,0,0,0,0,0,0,0.000000,0.900000,78.803681,103,T1_aug_night_load_0.9W_soc_80,0.083333,300.000000,60
0.026177,0.999657,55.000000,0.660000,0.000000,7.831166,79.447853,0.900000,64.000000,75.000000,0,1,1,0,0,0,0,0,0,0.000000,0.900000,78.711656,103,T1_aug_night_load_0.9W_soc_80,0.100000,360.000000,60
0.030539,0.999534,55.000000,0.660000,0.000000,7.829693,79.355828,0.900000,64.000000,75.000000,0,1,1,0,0,0,0,0,0,0.000000,0.900000,78.619632,103,T1_aug_night_load_0.9W_soc_80,0.116667,420.000000,60
0.034899,0.999391,55.000000,0.660000,0.000000,7.828221,79.263804,0.900000,64.000000,75.000000,0,1,1,0,0,0,0,0,0,0.000000,0.900000,78.527607,103,T1_aug_night_load_0.9W_soc_80,0.133333,480.000000,60
0.039260,0.999229,55.000000,0.660000,0.000000,7.826748,79.171779,0.900000,64.000000,75.000000,0,1,1,0,0,0,0,0,0,0.000000,0.900000,78.435583,103,T1_aug_night_load_0.9W_soc_80,0.150000,540.000000,60
0.043619,0.999048,55.000000,0.660000,0.000000,7.825276,79.079755,0.900000,64.000000,75.000000,0,1,1,0,0,0,0,0,0,0.000000,0.900000,78.343558,103,T1_aug_night_load_0.9W_soc_80,0.166667,600.000000,60
0.047978,0.998848,55.000000,0.660000,0.000000,7.823804,78.987730,0.900000,64.000000,75.000000,0,1,1,0,0,0,0,0,0,0.000000,0.900000,78.251534,103,T1_aug_night_load_0.9W_soc_80,0.183333,660.000000,60
0.052336,0.998630,55.000000,0.660000,0.000000,7.822331,78.895706,0.900000,64.000000,75.000000,0,1,1,0,0,0,0,0,0,0.000000,0.900000,78.159509,103,T1_aug_night_load_0.9W_soc_80,0.200000,720.000000,60
0.056693,0.998392,55.000000,0.660000,0.000000,7.820859,78.803681,0.900000,64.000000,75.000000,0,1,1,0,0,0,0,0,0,0.000000,0.900000,78.067485,103,T1_aug_night_load_0.9W_soc_80,0.216667,780.000000,60
0.061049,0.998135,55.000000,0.660000,0.000000,7.819387,78.711656,0.900000,64.000000,75.000000,0,1,1,0,0,0,0,0,0,0.000000,0.900000,77.975460,103,T1_aug_night_load_0.9W_soc_80,0.233333,840.000000,60
0.065403,0.997859,55.000000,0.660000,0.000000,7.817914,78.619632,0.900000,64.000000,75.000000,0,1,1,0,0,0,0,0,0,0.000000,0.900000,77.883436,103,T1_aug_night_load_0.9W_soc_80,0.250000,900.000000,60
0.069756,0.997564,55.000000,0.660000,0.000000,7.816442,78.527607,0.900000,64.000000,75.000000,0,1,1,0,0,0,0,0,0,0.000000,0.900000,77.791411,103,T1_aug_night_load_0.9W_soc_80,0.266667,960.000000,60
0.074108,0.997250,55.000000,0.660000,0.000000,7.814969,78.435583,0.900000,64.000000,75.000000,0,1,1,0,0,0,0,0,0,0.000000,0.900000,77.699387,103,T1_aug_night_load_0.9W_soc_80,0.283333,1020.000000,60
0.078459,0.996917,55.000000,0.660000,0.000000,7.813497,78.343558,0.900000,64.000000,75.000000,0,1,1,0,0,0,0,0,0,0.000000,0.900000,77.607362,103,T1_aug_night_load_0.9W_soc_80,0.300000,1080.000000,60
0.082808,0.996566,55.000000,0.660000,0.000000,7.812025,78.251534,0.900000,64.000000,75.000000,0,1,1,0,0,0,0,0,0,0.000000,0.900000,77.515337,103,T1_aug_night_load_0.9W_soc_80,0.316667,1140.000000,60
0.087156,0.996195,55.000000,0.660000,0.000000,7.810552,78.159509,0.900000,64.000000,75.000000,0,1,1,0,0,0,0,0,0,0.000000,0.900000,77.423313,103,T1_aug_night_load_0.9W_soc_80,0.333333,1200.000000,60
0.091502,0.995805,55.000000,0.660000,0.000000,7.809080,78.067485,0.900000,64.000000,75.000000,0,1,1,0,0,0,0,0,0,0.000000,0.900000,77.331288,103,T1_aug_night_load_0.9W_soc_80,0.350000,1260.000000,60
0.095846,0.995396,55.000000,0.660000,0.000000,7.807607,77.975460,0.900000,64.000000,75.000000,0,1,1,0,0,0,0,0,0,0.000000,0.900000,77.239264,103,T1_aug_night_load_0.9W_soc_80,0.366667,1320.000000,60
0.100188,0.994969,55.000000,0.660000,0.000000,7.806135,77.883436,0.900000,64.000000,75.000000,0,1,1,0,0,0,0,0,0,0.000000,0.900000,77.147239,103,T1_aug_night_load_0.9W_soc_80,0.383333,1380.000000,60
0.104528,0.994522,55.000000,0.660000,0.000000,7.804663,77.791411,0.900000,64.000000,75.000000,0,1,1,0,0,0,0,0,0,0.000000,0.900000,77.055215,103,T1_aug_night_load_0.9W_soc_80,0.400000,1440.000000,60
0.108867,0.994056,55.000000,0.660000,0.000000,7.803190,77.699387,0.900000,64.000000,75.000000,0,1,1,0,0,0,0,0,0,0.000000,0.900000,76.963190,103,T1_aug_night_load_0.9W_soc_80,0.416667,1500.000000,60
0.113203,0.993572,55.000000,0.660000,0.000000,7.801718,77.607362,0.900000,64.000000,75.000000,0,1,1,0,0,0,0,0,0,0.000000,0.900000,76.871166,103,T1_aug_night_load_0.9W_soc_80,0.433333,1560.000000,60
0.117537,0.993068,55.000000,0.660000,0.000000,7.800245,77.515337,0.900000,64.000000,75.000000,0,1,1,0,0,0,0,0,0,0.000000,0.900000,76.779141,103,T1_aug_night_load_0.9W_soc_80,0.450000,1620.000000,60
0.121869,0.992546,55.000000,0.660000,0.000000,7.798773,77.423313,0.900000,64.000000,75.000000,0,1,1,0,0,0,0,0,0,0.000000,0.900000,76.687117,103,T1_aug_night_load_0.9W_soc_80,0.466667,1680.000000,60
0.126199,0.992005,55.000000,0.660000,0.000000,7.797301,77.331288,0.900000,64.000000,75.000000,0,1,1,0,0,0,0,0,0,0.000000,0.900000,76.595092,103,T1_aug_night_load_0.9W_soc_80,0.483333,1740.000000,60
0.130526,0.991445,55.000000,0.660000,0.000000,7.795828,77.239264,0.900000,64.000000,75.000000,0,1,1,0,0,0,0,0,0,0.000000,0.900000,76.503067,103,T1_aug_night_load_0.9W_soc_80,0.500000,1800.000000,60
0.134851,0.990866,55.000000,0.660000,0.000000,7.794356,77.147239,0.900000,64.000000,75.000000,0,1,1,0,0,0,0,0,0,0.000000,0.900000,76.411043,103,T1_aug_night_load_0.9W_soc_80,0.516667,1860.000000,60
0.139173,0.990268,55.000000,0.660000,0.000000,7.792883,77.055215,0.900000,64.000000,75.000000,0,1,1,0,0,0,0,0,0,0.000000,0.900000,76.319018,103,T1_aug_night_load_0.9W_soc_80,0.533333,1920.000000,60
0.143493,0.989651,55.000000,0.660000,0.000000,7.791411,76.963190,0.900000,64.000000,75.000000,0,1,1,0,0,0,0,0,0,0.000000,0.900000,76.226994,103,T1_aug_night_load_0.9W_soc_80,0.550000,1980.000000,60
0.147809,0.989016,55.000000,0.660000,0.000000,7.789939,76.871166,0.900000,64.000000,75.000000,0,1,1,0,0,0,0,0,0,0.000000,0.900000,76.134969,103,T1_aug_night_load_0.9W_soc_80,0.566667,2040.000000,60
0.152123,0.988362,55.000000,0.660000,0.000000,7.788466,76.779141,0.900000,64.000000,75.000000,0,1,1,0,0,0,0,0,0,0.000000,0.900000,76.042945,103,T1_aug_night_load_0.9W_soc_80,0.583333,2100.000000,60
0.156434,0.987688,55.000000,0.660000,0.000000,7.786994,76.687117,0.900000,64.000000,75.000000,0,1,1,0,0,0,0,0,0,0.000000,0.900000,75.950920,103,T1_aug_night_load_0.9W_soc_80,0.600000,2160.000000,60
0.160743,0.986996,55.000000,0.660000,0.000000,7.785521,76.595092,0.900000,64.000000,75.000000,0,1,1,0,0,0,0,0,0,0.000000,0.900000,75.858896,103,T1_aug_night_load_0.9W_soc_80,0.616667,2220.000000,60
0.165048,0.986286,55.000000,0.660000,0.000000,7.784049,76.503067,0.900000,64.000000,75.000000,0,1,1,0,0,0,0,0,0,0.000000,0.900000,75.766871,103,T1_aug_night_load_0.9W_soc_80,0.633333,2280.000000,60
0.169350,0.985556,55.000000,0.660000,0.000000,7.782577,76.411043,0.900000,64.000000,75.000000,0,1,1,0,0,0,0,0,0,0.000000,0.900000,75.674847,103,T1_aug_night_load_0.9W_soc_80,0.650000,2340.000000,60
0.173648,0.984808,55.000000,0.660000,0.000000,7.781104,76.319018,0.900000,64.000000,75.000000,0,1,1,0,0,0,0,0,0,0.000000,0.900000,75.582822,103,T1_aug_night_load_0.9W_soc_80,0.666667,2400.000000,60
0.177944,0.984041,55.000000,0.660000,0.000000,7.779632,76.226994,0.900000,64.000000,75.000000,0,1,1,0,0,0,0,0,0,0.000000,0.900000,75.490798,103,T1_aug_night_load_0.9W_soc_80,0.683333,2460.000000,60
0.182236,0.983255,55.000000,0.660000,0.000000,7.778160,76.134969,0.900000,64.000000,75.000000,0,1,1,0,0,0,0,0,0,0.000000,0.900000,75.398773,103,T1_aug_night_load_0.9W_soc_80,0.700000,2520.000000,60
0.186524,0.982450,55.000000,0.660000,0.000000,7.776687,76.042945,0.900000,64.000000,75.000000,0,1,1,0,0,0,0,0,0,0.000000,0.900000,75.306748,103,T1_aug_night_load_0.9W_soc_80,0.716667,2580.000000,60
0.190809,0.981627,55.000000,0.660000,0.000000,7.775215,75.950920,0.900000,64.000000,75.000000,0,1,1,0,0,0,0,0,0,0.000000,0.900000,75.214724,103,T1_aug_night_load_0.9W_soc_80,0.733333,2640.000000,60
0.195090,0.980785,55.000000,0.660000,0.000000,7.773742,75.858896,0.900000,64.000000,75.000000,0,1,1,0,0,0,0,0,0,0.000000,0.900000,75.122699,103,T1_aug_night_load_0.9W_soc_80,0.750000,2700.000000,60
0.199368,0.979925,55.000000,0.660000,0.000000,7.772270,75.766871,0.900000,64.000000,75.000000,0,1,1,0,0,0,0,0,0,0.000000,0.900000,75.030675,103,T1_aug_night_load_0.9W_soc_80,0.766667,2760.000000,60
0.203642,0.979045,55.000000,0.660000,0.000000,7.770798,75.674847,0.900000,64.000000,75.000000,0,1,1,0,0,0,0,0,0,0.000000,0.900000,74.938650,103,T1_aug_night_load_0.9W_soc_80,0.783333,2820.000000,60
0.207912,0.978148,55.000000,0.660000,0.000000,7.769325,75.582822,0.900000,64.000000,75.000000,0,1,1,0,0,0,0,0,0,0.000000,0.900000,74.846626,103,T1_aug_night_load_0.9W_soc_80,0.800000,2880.000000,60
0.212178,0.977231,55.000000,0.660000,0.000000,7.767853,75.490798,0.900000,64.000000,75.000000,0,1,1,0,0,0,0,0,0,0.000000,0.900000,74.754601,103,T1_aug_night_load_0.9W_soc_80,0.816667,2940.000000,60
0.216440,0.976296,55.000000,0.660000,0.000000,7.766380,75.398773,0.900000,64.000000,75.000000,0,1,1,0,0,0,0,0,0,0.000000,0.900000,74.662577,103,T1_aug_night_load_0.9W_soc_80,0.833333,3000.000000,60
0.220697,0.975342,55.000000,0.660000,0.000000,7.764908,75.306748,0.900000,64.000000,75.000000,0,1,1,0,0,0,0,0,0,0.000000,0.900000,74.570552,103,T1_aug_night_load_0.9W_soc_80,0.850000,3060.000000,60
0.224951,0.974370,55.000000,0.660000,0.000000,7.763436,75.214724,0.900000,64.000000,75.000000,0,1,1,0,0,0,0,0,0,0.000000,0.900000,74.478528,103,T1_aug_night_load_0.9W_soc_80,0.866667,3120.000000,60
0.229200,0.973379,55.000000,0.660000,0.000000,7.761963,75.122699,0.900000,64.000000,75.000000,0,1,1,0,0,0,0,0,0,0.000000,0.900000,74.386503,103,T1_aug_night_load_0.9W_soc_80,0.883333,3180.000000,60
0.233445,0.972370,55.000000,0.660000,0.000000,7.760491,75.030675,0.900000,64.000000,75.000000,0,1,1,0,0,0,0,0,0,0.000000,0.900000,74.294479,103,T1_aug_night_load_0.9W_soc_80,0.900000,3240.000000,60
0.237686,0.971342,55.000000,0.660000,0.000000,7.759018,74.938650,0.900000,64.000000,75.000000,0,1,1,0,0,0,0,0,0,0.000000,0.900000,74.202454,103,T1_aug_night_load_0.9W_soc_80,0.916667,3300.000000,60
0.241922,0.970296,55.000000,0.660000,0.000000,7.757546,74.846626,0.900000,64.000000,75.000000,0,1,1,0,0,0,0,0,0,0.000000,0.900000,74.110429,103,T1_aug_night_load_0.9W_soc_80,0.933333,3360.000000,60
0.246153,0.969231,55.000000,0.660000,0.000000,7.756074,74.754601,0.900000,64.000000,75.000000,0,1,1,0,0,0,0,0,0,0.000000,0.900000,74.018405,103,T1_aug_night_load_0.9W_soc_80,0.950000,3420.000000,60
0.250380,0.968148,55.000000,0.660000,0.000000,7.754601,74.662577,0.900000,64.000000,75.000000,0,1,1,0,0,0,0,0,0,0.000000,0.900000,73.926380,103,T1_aug_night_load_0.9W_soc_80,0.966667,3480.000000,60
0.254602,0.967046,55.000000,0.660000,0.000000,7.753129,74.570552,0.900000,64.000000,75.000000,0,1,1,0,0,0,0,0,0,0.000000,0.900000,73.834356,103,T1_aug_night_load_0.9W_soc_80,0.983333,3540.000000,60
0.258819,0.965926,55.000000,0.660000,0.000000,7.751656,74.478528,0.900000,64.000000,75.000000,0,1,1,0,0,0,0,0,0,0.000000,0.900000,73.742331,103,T1_aug_night_load_0.9W_soc_80,1.000000,3600.000000,60
0.263031,0.964787,55.000000,0.660000,0.000000,7.750184,74.386503,0.900000,64.000000,75.000000,0,1,1,0,0,0,0,0,0,0.000000,0.900000,73.650307,103,T1_aug_night_load_0.9W_soc_80,1.016667,3660.000000,60
0.267238,0.963630,55.000000,0.660000,0.000000,7.748712,74.294479,0.900000,64.000000,75.000000,0,1,1,0,0,0,0,0,0,0.000000,0.900000,73.558282,103,T1_aug_night_load_0.9W_soc_80,1.033333,3720.000000,60
0.271440,0.962455,55.000000,0.660000,0.000000,7.747239,74.202454,0.900000,64.000000,75.000000,0,1,1,0,0,0,0,0,0,0.000000,0.900000,73.466258,103,T1_aug_night_load_0.9W_soc_80,1.050000,3780.000000,60
0.275637,0.961262,55.000000,0.660000,0.000000,7.745767,74.110429,0.900000,64.000000,75.000000,0,1,1,0,0,0,0,0,0,0.000000,0.900000,73.374233,103,T1_aug_night_load_0.9W_soc_80,1.066667,3840.000000,60
0.279829,0.960050,55.000000,0.660000,0.000000,7.744294,74.018405,0.900000,64.000000,75.000000,0,1,1,0,0,0,0,0,0,0.000000,0.900000,73.282209,103,T1_aug_night_load_0.9W_soc_80,1.083333,3900.000000,60
0.284015,0.958820,55.000000,0.660000,0.000000,7.742822,73.926380,0.900000,64.000000,75.000000,0,1,1,0,0,0,0,0,0,0.000000,0.900000,73.190184,103,T1_aug_night_load_0.9W_soc_80,1.100000,3960.000000,60
0.288196,0.957571,55.000000,0.660000,0.000000,7.741350,73.834356,0.900000,64.000000,75.000000,0,1,1,0,0,0,0,0,0,0.000000,0.900000,73.098160,103,T1_aug_night_load_0.9W_soc_80,1.116667,4020.000000,60
0.292372,0.956305,55.000000,0.660000,0.000000,7.739877,73.742331,0.900000,64.000000,75.000000,0,1,1,0,0,0,0,0,0,0.000000,0.900000,73.006135,103,T1_aug_night_load_0.9W_soc_80,1.133333,4080.000000,60
0.296542,0.955020,55.000000,0.660000,0.000000,7.738405,73.650307,0.900000,64.000000,75.000000,0,1,1,0,0,0,0,0,0,0.000000,0.900000,72.914110,103,T1_aug_night_load_0.9W_soc_80,1.150000,4140.000000,60
0.300706,0.953717,55.000000,0.660000,0.000000,7.736933,73.558282,0.900000,64.000000,75.000000,0,1,1,0,0,0,0,0,0,0.000000,0.900000,72.822086,103,T1_aug_night_load_0.9W_soc_80,1.166667,4200.000000,60
0.304864,0.952396,55.000000,0.660000,0.000000,7.735460,73.466258,0.900000,64.000000,75.000000,0,1,1,0,0,0,0,0,0,0.000000,0.900000,72.730061,103,T1_aug_night_load_0.9W_soc_80,1.183333,4260.000000,60
0.309017,0.951057,55.000000,0.660000,0.000000,7.733988,73.374233,0.900000,64.000000,75.000000,0,1,1,0,0,0,0,0,0,0.000000,0.900000,72.638037,103,T1_aug_night_load_0.9W_soc_80,1.200000,4320.000000,60
0.313164,0.949699,55.000000,0.660000,0.000000,7.732515,73.282209,0.900000,64.000000,75.000000,0,1,1,0,0,0,0,0,0,0.000000,0.900000,72.546012,103,T1_aug_night_load_0.9W_soc_80,1.216667,4380.000000,60
0.317305,0.948324,55.000000,0.660000,0.000000,7.731043,73.190184,0.900000,64.000000,75.000000,0,1,1,0,0,0,0,0,0,0.000000,0.900000,72.453988,103,T1_aug_night_load_0.9W_soc_80,1.233333,4440.000000,60
0.321439,0.946930,55.000000,0.660000,0.000000,7.729571,73.098160,0.900000,64.000000,75.000000,0,1,1,0,0,0,0,0,0,0.000000,0.900000,72.361963,103,T1_aug_night_load_0.9W_soc_80,1.250000,4500.000000,60
0.325568,0.945519,55.000000,0.660000,0.000000,7.728098,73.006135,0.900000,64.000000,75.000000,0,1,1,0,0,0,0,0,0,0.000000,0.900000,72.269939,103,T1_aug_night_load_0.9W_soc_80,1.266667,4560.000000,60
0.329691,0.944089,55.000000,0.660000,0.000000,7.726626,72.914110,0.900000,64.000000,75.000000,0,1,1,0,0,0,0,0,0,0.000000,0.900000,72.177914,103,T1_aug_night_load_0.9W_soc_80,1.283333,4620.000000,60
0.333807,0.942641,55.000000,0.660000,0.000000,7.725153,72.822086,0.900000,64.000000,75.000000,0,1,1,0,0,0,0,0,0,0.000000,0.900000,72.085890,103,T1_aug_night_load_0.9W_soc_80,1.300000,4680.000000,60
0.337917,0.941176,55.000000,0.660000,0.000000,7.723681,72.730061,0.900000,64.000000,75.000000,0,1,1,0,0,0,0,0,0,0.000000,0.900000,71.993865,103,T1_aug_night_load_0.9W_soc_80,1.316667,4740.000000,60
0.342020,0.939693,55.000000,0.660000,0.000000,7.722209,72.638037,0.900000,64.000000,75.000000,0,1,1,0,0,0,0,0,0,0.000000,0.900000,71.901840,103,T1_aug_night_load_0.9W_soc_80,1.333333,4800.000000,60
0.346117,0.938191,55.000000,0.660000,0.000000,7.720736,72.546012,0.900000,64.000000,75.000000,0,1,1,0,0,0,0,0,0,0.000000,0.900000,71.809816,103,T1_aug_night_load_0.9W_soc_80,1.350000,4860.000000,60
0.350207,0.936672,55.000000,0.660000,0.000000,7.719264,72.453988,0.900000,64.000000,75.000000,0,1,1,0,0,0,0,0,0,0.000000,0.900000,71.717791,103,T1_aug_night_load_0.9W_soc_80,1.366667,4920.000000,60
0.354291,0.935135,55.000000,0.660000,0.000000,7.717791,72.361963,0.900000,64.000000,75.000000,0,1,1,0,0,0,0,0,0,0.000000,0.900000,71.625767,103,T1_aug_night_load_0.9W_soc_80,1.383333,4980.000000,60
0.358368,0.933580,55.000000,0.660000,0.000000,7.716319,72.269939,0.900000,64.000000,75.000000,0,1,1,0,0,0,0,0,0,0.000000,0.900000,71.533742,103,T1_aug_night_load_0.9W_soc_80,1.400000,5040.000000,60
0.362438,0.932008,55.000000,0.660000,0.000000,7.714847,72.177914,0.900000,64.000000,75.000000,0,1,1,0,0,0,0,0,0,0.000000,0.900000,71.441718,103,T1_aug_night_load_0.9W_soc_80,1.416667,5100.000000,60
0.366501,0.930418,55.000000,0.660000,0.000000,7.713374,72.085890,0.900000,64.000000,75.000000,0,1,1,0,0,0,0,0,0,0.000000,0.900000,71.349693,103,T1_aug_night_load_0.9W_soc_80,1.433333,5160.000000,60
0.370557,0.928810,55.000000,0.660000,0.000000,7.711902,71.993865,0.900000,64.000000,75.000000,0,1,1,0,0,0,0,0,0,0.000000,0.900000,71.257669,103,T1_aug_night_load_0.9W_soc_80,1.450000,5220.000000,60
0.374607,0.927184,55.000000,0.660000,0.000000,7.710429,71.901840,0.900000,64.000000,75.000000,0,1,1,0,0,0,0,0,0,0.000000,0.900000,71.165644,103,T1_aug_night_load_0.9W_soc_80,1.466667,5280.000000,60
0.378649,0.925541,55.000000,0.660000,0.000000,7.708957,71.809816,0.900000,64.000000,75.000000,0,1,1,0,0,0,0,0,0,0.000000,0.900000,71.073620,103,T1_aug_night_load_0.9W_soc_80,1.483333,5340.000000,60
0.382683,0.923880,55.000000,0.660000,0.000000,7.707485,71.717791,0.900000,64.000000,75.000000,0,1,1,0,0,0,0,0,0,0.000000,0.900000,70.981595,103,T1_aug_night_load_0.9W_soc_80,1.500000,5400.000000,60
0.386711,0.922201,55.000000,0.660000,0.000000,7.706012,71.625767,0.900000,64.000000,75.000000,0,1,1,0,0,0,0,0,0,0.000000,0.900000,70.889571,103,T1_aug_night_load_0.9W_soc_80,1.516667,5460.000000,60
0.390731,0.920505,55.000000,0.660000,0.000000,7.704540,71.533742,0.900000,64.000000,75.000000,0,1,1,0,0,0,0,0,0,0.000000,0.900000,70.797546,103,T1_aug_night_load_0.9W_soc_80,1.533333,5520.000000,60
0.394744,0.918791,55.000000,0.660000,0.000000,7.703067,71.441718,0.900000,64.000000,75.000000,0,1,1,0,0,0,0,0,0,0.000000,0.900000,70.705521,103,T1_aug_night_load_0.9W_soc_80,1.550000,5580.000000,60
0.398749,0.917060,55.000000,0.660000,0.000000,7.701595,71.349693,0.900000,64.000000,75.000000,0,1,1,0,0,0,0,0,0,0.000000,0.900000,70.613497,103,T1_aug_night_load_0.9W_soc_80,1.566667,5640.000000,60
0.402747,0.915311,55.000000,0.660000,0.000000,7.700123,71.257669,0.900000,64.000000,75.000000,0,1,1,0,0,0,0,0,0,0.000000,0.900000,70.521472,103,T1_aug_night_load_0.9W_soc_80,1.583333,5700.000000,60
0.406737,0.913545,55.000000,0.660000,0.000000,7.698650,71.165644,0.900000,64.000000,75.000000,0,1,1,0,0,0,0,0,0,0.000000,0.900000,70.429448,103,T1_aug_night_load_0.9W_soc_80,1.600000,5760.000000,60
0.410719,0.911762,55.000000,0.660000,0.000000,7.697178,71.073620,0.900000,64.000000,75.000000,0,1,1,0,0,0,0,0,0,0.000000,0.900000,70.337423,103,T1_aug_night_load_0.9W_soc_80,1.616667,5820.000000,60
0.414693,0.909961,55.000000,0.660000,0.000000,7.695706,70.981595,0.900000,64.000000,75.000000,0,1,1,0,0,0,0,0,0,0.000000,0.900000,70.245399,103,T1_aug_night_load_0.9W_soc_80,1.633333,5880.000000,60
0.418660,0.908143,55.000000,0.660000,0.000000,7.694233,70.889571,0.900000,64.000000,75.000000,0,1,1,0,0,0,0,0,0,0.000000,0.900000,70.153374,103,T1_aug_night_load_0.9W_soc_80,1.650000,5940.000000,60
0.422618,0.906308,55.000000,0.660000,0.000000,7.692761,70.797546,0.900000,64.000000,75.000000,0,1,1,0,0,0,0,0,0,0.000000,0.900000,70.061350,103,T1_aug_night_load_0.9W_soc_80,1.666667,6000.000000,60
0.426569,0.904455,55.000000,0.660000,0.000000,7.691288,70.705521,0.900000,64.000000,75.000000,0,1,1,0,0,0,0,0,0,0.000000,0.900000,69.969325,103,T1_aug_night_load_0.9W_soc_80,1.683333,6060.000000,60
0.430511,0.902585,55.000000,0.660000,0.000000,7.689816,70.613497,0.900000,64.000000,75.000000,0,1,1,0,0,0,0,0,0,0.000000,0.900000,69.877301,103,T1_aug_night_load_0.9W_soc_80,1.700000,6120.000000,60
0.434445,0.900698,55.000000,0.660000,0.000000,7.688344,70.521472,0.900000,64.000000,75.000000,0,1,1,0,0,0,0,0,0,0.000000,0.900000,69.785276,103,T1_aug_night_load_0.9W_soc_80,1.716667,6180.000000,60
0.438371,0.898794,55.000000,0.660000,0.000000,7.686871,70.429448,0.900000,64.000000,75.000000,0,1,1,0,0,0,0,0,0,0.000000,0.900000,69.693252,103,T1_aug_night_load_0.9W_soc_80,1.733333,6240.000000,60
0.442289,0.896873,55.000000,0.660000,0.000000,7.685399,70.337423,0.900000,64.000000,75.000000,0,1,1,0,0,0,0,0,0,0.000000,0.900000,69.601227,103,T1_aug_night_load_0.9W_soc_80,1.750000,6300.000000,60
0.446198,0.894934,55.000000,0.660000,0.000000,7.683926,70.245399,0.900000,64.000000,75.000000,0,1,1,0,0,0,0,0,0,0.000000,0.900000,69.509202,103,T1_aug_night_load_0.9W_soc_80,1.766667,6360.000000,60
0.450098,0.892979,55.000000,0.660000,0.000000,7.682454,70.153374,0.900000,64.000000,75.000000,0,1,1,0,0,0,0,0,0,0.000000,0.900000,69.417178,103,T1_aug_night_load_0.9W_soc_80,1.783333,6420.000000,60
0.453990,0.891007,55.000000,0.660000,0.000000,7.680982,70.061350,0.900000,64.000000,75.000000,0,1,1,0,0,0,0,0,0,0.000000,0.900000,69.325153,103,T1_aug_night_load_0.9W_soc_80,1.800000,6480.000000,60
0.457874,0.889017,55.000000,0.660000,0.000000,7.679509,69.969325,0.900000,64.000000,75.000000,0,1,1,0,0,0,0,0,0,0.000000,0.900000,69.233129,103,T1_aug_night_load_0.9W_soc_80,1.816667,6540.000000,60
0.461749,0.887011,55.000000,0.660000,0.000000,7.678037,69.877301,0.900000,64.000000,75.000000,0,1,1,0,0,0,0,0,0,0.000000,0.900000,69.141104,103,T1_aug_night_load_0.9W_soc_80,1.833333,6600.000000,60
0.465615,0.884988,55.000000,0.660000,0.000000,7.676564,69.785276,0.900000,64.000000,75.000000,0,1,1,0,0,0,0,0,0,0.000000,0.900000,69.095092,103,T1_aug_night_load_0.9W_soc_80,1.850000,6660.000000,60
0.469472,0.882948,55.000000,0.660000,0.000000,7.675092,69.693252,0.900000,64.000000,75.000000,0,1,1,0,0,0,0,0,0,0.000000,0.900000,69.049080,103,T1_aug_night_load_0.9W_soc_80,1.866667,6720.000000,60
0.473320,0.880891,55.000000,0.660000,0.000000,7.673620,69.601227,0.900000,64.000000,75.000000,0,1,1,0,0,0,0,0,0,0.000000,0.900000,69.003067,103,T1_aug_night_load_0.9W_soc_80,1.883333,6780.000000,60
0.477159,0.878817,55.000000,0.660000,0.000000,7.672147,69.509202,0.900000,64.000000,75.000000,0,1,1,0,0,0,0,0,0,0.000000,0.900000,68.957055,103,T1_aug_night_load_0.9W_soc_80,1.900000,6840.000000,60
0.000000,1.000000,55.000000,0.660000,0.000000,8.000000,90.000000,0.900000,64.000000,75.000000,0,1,1,0,0,0,0,0,0,0.000000,0.900000,89.079755,104,T1_aug_night_load_0.9W_soc_90,0.000000,0.000000,60
0.004363,0.999990,55.000000,0.660000,0.000000,7.998528,89.907975,0.900000,64.000000,75.000000,0,1,1,0,0,0,0,0,0,0.000000,0.900000,89.033742,104,T1_aug_night_load_0.9W_soc_90,0.016667,60.000000,60
0.008727,0.999962,55.000000,0.660000,0.000000,7.997055,89.815951,0.900000,64.000000,75.000000,0,1,1,0,0,0,0,0,0,0.000000,0.900000,88.987730,104,T1_aug_night_load_0.9W_soc_90,0.033333,120.000000,60
0.013090,0.999914,55.000000,0.660000,0.000000,7.995583,89.723926,0.900000,64.000000,75.000000,0,1,1,0,0,0,0,0,0,0.000000,0.900000,88.941718,104,T1_aug_night_load_0.9W_soc_90,0.050000,180.000000,60
0.017452,0.999848,55.000000,0.660000,0.000000,7.994110,89.631902,0.900000,64.000000,75.000000,0,1,1,0,0,0,0,0,0,0.000000,0.900000,88.895706,104,T1_aug_night_load_0.9W_soc_90,0.066667,240.000000,60
0.021815,0.999762,55.000000,0.660000,0.000000,7.992638,89.539877,0.900000,64.000000,75.000000,0,1,1,0,0,0,0,0,0,0.000000,0.900000,88.803681,104,T1_aug_night_load_0.9W_soc_90,0.083333,300.000000,60
0.026177,0.999657,55.000000,0.660000,0.000000,7.991166,89.447853,0.900000,64.000000,75.000000,0,1,1,0,0,0,0,0,0,0.000000,0.900000,88.711656,104,T1_aug_night_load_0.9W_soc_90,0.100000,360.000000,60
0.030539,0.999534,55.000000,0.660000,0.000000,7.989693,89.355828,0.900000,64.000000,75.000000,0,1,1,0,0,0,0,0,0,0.000000,0.900000,88.619632,104,T1_aug_night_load_0.9W_soc_90,0.116667,420.000000,60
0.034899,0.999391,55.000000,0.660000,0.000000,7.988221,89.263804,0.900000,64.000000,75.000000,0,1,1,0,0,0,0,0,0,0.000000,0.900000,88.527607,104,T1_aug_night_load_0.9W_soc_90,0.133333,480.000000,60
0.039260,0.999229,55.000000,0.660000,0.000000,7.986748,89.171779,0.900000,64.000000,75.000000,0,1,1,0,0,0,0,0,0,0.000000,0.900000,88.435583,104,T1_aug_night_load_0.9W_soc_90,0.150000,540.000000,60
0.043619,0.999048,55.000000,0.660000,0.000000,7.985276,89.079755,0.900000,64.000000,75.000000,0,1,1,0,0,0,0,0,0,0.000000,0.900000,88.343558,104,T1_aug_night_load_0.9W_soc_90,0.166667,600.000000,60
0.047978,0.998848,55.000000,0.660000,0.000000,7.983804,88.987730,0.900000,64.000000,75.000000,0,1,1,0,0,0,0,0,0,0.000000,0.900000,88.251534,104,T1_aug_night_load_0.9W_soc_90,0.183333,660.000000,60
0.052336,0.998630,55.000000,0.660000,0.000000,7.982331,88.895706,0.900000,64.000000,75.000000,0,1,1,0,0,0,0,0,0,0.000000,0.900000,88.159509,104,T1_aug_night_load_0.9W_soc_90,0.200000,720.000000,60
0.056693,0.998392,55.000000,0.660000,0.000000,7.980859,88.803681,0.900000,64.000000,75.000000,0,1,1,0,0,0,0,0,0,0.000000,0.900000,88.067485,104,T1_aug_night_load_0.9W_soc_90,0.216667,780.000000,60
0.061049,0.998135,55.000000,0.660000,0.000000,7.979387,88.711656,0.900000,64.000000,75.000000,0,1,1,0,0,0,0,0,0,0.000000,0.900000,87.975460,104,T1_aug_night_load_0.9W_soc_90,0.233333,840.000000,60
0.065403,0.997859,55.000000,0.660000,0.000000,7.977914,88.619632,0.900000,64.000000,75.000000,0,1,1,0,0,0,0,0,0,0.000000,0.900000,87.883436,104,T1_aug_night_load_0.9W_soc_90,0.250000,900.000000,60
0.069756,0.997564,55.000000,0.660000,0.000000,7.976442,88.527607,0.900000,64.000000,75.000000,0,1,1,0,0,0,0,0,0,0.000000,0.900000,87.791411,104,T1_aug_night_load_0.9W_soc_90,0.266667,960.000000,60
0.074108,0.997250,55.000000,0.660000,0.000000,7.974969,88.435583,0.900000,64.000000,75.000000,0,1,1,0,0,0,0,0,0,0.000000,0.900000,87.699387,104,T1_aug_night_load_0.9W_soc_90,0.283333,1020.000000,60
0.078459,0.996917,55.000000,0.660000,0.000000,7.973497,88.343558,0.900000,64.000000,75.000000,0,1,1,0,0,0,0,0,0,0.000000,0.900000,87.607362,104,T1_aug_night_load_0.9W_soc_90,0.300000,1080.000000,60
0.082808,0.996566,55.000000,0.660000,0.000000,7.972025,88.251534,0.900000,64.000000,75.000000,0,1,1,0,0,0,0,0,0,0.000000,0.900000,87.515337,104,T1_aug_night_load_0.9W_soc_90,0.316667,1140.000000,60
0.087156,0.996195,55.000000,0.660000,0.000000,7.970552,88.159509,0.900000,64.000000,75.000000,0,1,1,0,0,0,0,0,0,0.000000,0.900000,87.423313,104,T1_aug_night_load_0.9W_soc_90,0.333333,1200.000000,60
0.091502,0.995805,55.000000,0.660000,0.000000,7.969080,88.067485,0.900000,64.000000,75.000000,0,1,1,0,0,0,0,0,0,0.000000,0.900000,87.331288,104,T1_aug_night_load_0.9W_soc_90,0.350000,1260.000000,60
0.095846,0.995396,55.000000,0.660000,0.000000,7.967607,87.975460,0.900000,64.000000,75.000000,0,1,1,0,0,0,0,0,0,0.000000,0.900000,87.239264,104,T1_aug_night_load_0.9W_soc_90,0.366667,1320.000000,60
0.100188,0.994969,55.000000,0.660000,0.000000,7.966135,87.883436,0.900000,64.000000,75.000000,0,1,1,0,0,0,0,0,0,0.000000,0.900000,87.147239,104,T1_aug_night_load_0.9W_soc_90,0.383333,1380.000000,60
0.104528,0.994522,55.000000,0.660000,0.000000,7.964663,87.791411,0.900000,64.000000,75.000000,0,1,1,0,0,0,0,0,0,0.000000,0.900000,87.055215,104,T1_aug_night_load_0.9W_soc_90,0.400000,1440.000000,60
0.108867,0.994056,55.000000,0.660000,0.000000,7.963190,87.699387,0.900000,64.000000,75.000000,0,1,1,0,0,0,0,0,0,0.000000,0.900000,86.963190,104,T1_aug_night_load_0.9W_soc_90,0.416667,1500.000000,60
0.113203,0.993572,55.000000,0.660000,0.000000,7.961718,87.607362,0.900000,64.000000,75.000000,0,1,1,0,0,0,0,0,0,0.000000,0.900000,86.871166,104,T1_aug_night_load_0.9W_soc_90,0.433333,1560.000000,60
0.117537,0.993068,55.000000,0.660000,0.000000,7.960245,87.515337,0.900000,64.000000,75.000000,0,1,1,0,0,0,0,0,0,0.000000,0.900000,86.779141,104,T1_aug_night_load_0.9W_soc_90,0.450000,1620.000000,60
0.121869,0.992546,55.000000,0.660000,0.000000,7.958773,87.423313,0.900000,64.000000,75.000000,0,1,1,0,0,0,0,0,0,0.000000,0.900000,86.687117,104,T1_aug_night_load_0.9W_soc_90,0.466667,1680.000000,60
0.126199,0.992005,55.000000,0.660000,0.000000,7.957301,87.331288,0.900000,64.000000,75.000000,0,1,1,0,0,0,0,0,0,0.000000,0.900000,86.595092,104,T1_aug_night_load_0.9W_soc_90,0.483333,1740.000000,60
0.130526,0.991445,55.000000,0.660000,0.000000,7.955828,87.239264,0.900000,64.000000,75.000000,0,1,1,0,0,0,0,0,0,0.000000,0.900000,86.503067,104,T1_aug_night_load_0.9W_soc_90,0.500000,1800.000000,60
0.134851,0.990866,55.000000,0.660000,0.000000,7.954356,87.147239,0.900000,64.000000,75.000000,0,1,1,0,0,0,0,0,0,0.000000,0.900000,86.411043,104,T1_aug_night_load_0.9W_soc_90,0.516667,1860.000000,60
0.139173,0.990268,55.000000,0.660000,0.000000,7.952883,87.055215,0.900000,64.000000,75.000000,0,1,1,0,0,0,0,0,0,0.000000,0.900000,86.319018,104,T1_aug_night_load_0.9W_soc_90,0.533333,1920.000000,60
0.143493,0.989651,55.000000,0.660000,0.000000,7.951411,86.963190,0.900000,64.000000,75.000000,0,1,1,0,0,0,0,0,0,0.000000,0.900000,86.226994,104,T1_aug_night_load_0.9W_soc_90,0.550000,1980.000000,60
0.147809,0.989016,55.000000,0.660000,0.000000,7.949939,86.871166,0.900000,64.000000,75.000000,0,1,1,0,0,0,0,0,0,0.000000,0.900000,86.134969,104,T1_aug_night_load_0.9W_soc_90,0.566667,2040.000000,60
0.152123,0.988362,55.000000,0.660000,0.000000,7.948466,86.779141,0.900000,64.000000,75.000000,0,1,1,0,0,0,0,0,0,0.000000,0.900000,86.042945,104,T1_aug_night_load_0.9W_soc_90,0.583333,2100.000000,60
0.156434,0.987688,55.000000,0.660000,0.000000,7.946994,86.687117,0.900000,64.000000,75.000000,0,1,1,0,0,0,0,0,0,0.000000,0.900000,85.950920,104,T1_aug_night_load_0.9W_soc_90,0.600000,2160.000000,60
0.160743,0.986996,55.000000,0.660000,0.000000,7.945521,86.595092,0.900000,64.000000,75.000000,0,1,1,0,0,0,0,0,0,0.000000,0.900000,85.858896,104,T1_aug_night_load_0.9W_soc_90,0.616667,2220.000000,60
0.165048,0.986286,55.000000,0.660000,0.000000,7.944049,86.503067,0.900000,64.000000,75.000000,0,1,1,0,0,0,0,0,0,0.000000,0.900000,85.766871,104,T1_aug_night_load_0.9W_soc_90,0.633333,2280.000000,60
0.169350,0.985556,55.000000,0.660000,0.000000,7.942577,86.411043,0.900000,64.000000,75.000000,0,1,1,0,0,0,0,0,0,0.000000,0.900000,85.674847,104,T1_aug_night_load_0.9W_soc_90,0.650000,2340.000000,60
0.173648,0.984808,55.000000,0.660000,0.000000,7.941104,86.319018,0.900000,64.000000,75.000000,0,1,1,0,0,0,0,0,0,0.000000,0.900000,85.582822,104,T1_aug_night_load_0.9W_soc_90,0.666667,2400.000000,60
0.177944,0.984041,55.000000,0.660000,0.000000,7.939632,86.226994,0.900000,64.000000,75.000000,0,1,1,0,0,0,0,0,0,0.000000,0.900000,85.490798,104,T1_aug_night_load_0.9W_soc_90,0.683333,2460.000000,60
0.182236,0.983255,55.000000,0.660000,0.000000,7.938160,86.134969,0.900000,64.000000,75.000000,0,1,1,0,0,0,0,0,0,0.000000,0.900000,85.398773,104,T1_aug_night_load_0.9W_soc_90,0.700000,2520.000000,60
0.186524,0.982450,55.000000,0.660000,0.000000,7.936687,86.042945,0.900000,64.000000,75.000000,0,1,1,0,0,0,0,0,0,0.000000,0.900000,85.306748,104,T1_aug_night_load_0.9W_soc_90,0.716667,2580.000000,60
0.190809,0.981627,55.000000,0.660000,0.000000,7.935215,85.950920,0.900000,64.000000,75.000000,0,1,1,0,0,0,0,0,0,0.000000,0.900000,85.214724,104,T1_aug_night_load_0.9W_soc_90,0.733333,2640.000000,60
0.195090,0.980785,55.000000,0.660000,0.000000,7.933742,85.858896,0.900000,64.000000,75.000000,0,1,1,0,0,0,0,0,0,0.000000,0.900000,85.122699,104,T1_aug_night_load_0.9W_soc_90,0.750000,2700.000000,60
0.199368,0.979925,55.000000,0.660000,0.000000,7.932270,85.766871,0.900000,64.000000,75.000000,0,1,1,0,0,0,0,0,0,0.000000,0.900000,85.030675,104,T1_aug_night_load_0.9W_soc_90,0.766667,2760.000000,60
0.203642,0.979045,55.000000,0.660000,0.000000,7.930798,85.674847,0.900000,64.000000,75.000000,0,1,1,0,0,0,0,0,0,0.000000,0.900000,84.938650,104,T1_aug_night_load_0.9W_soc_90,0.783333,2820.000000,60
0.207912,0.978148,55.000000,0.660000,0.000000,7.929325,85.582822,0.900000,64.000000,75.000000,0,1,1,0,0,0,0,0,0,0.000000,0.900000,84.846626,104,T1_aug_night_load_0.9W_soc_90,0.800000,2880.000000,60
0.212178,0.977231,55.000000,0.660000,0.000000,7.927853,85.490798,0.900000,64.000000,75.000000,0,1,1,0,0,0,0,0,0,0.000000,0.900000,84.754601,104,T1_aug_night_load_0.9W_soc_90,0.816667,2940.000000,60
0.216440,0.976296,55.000000,0.660000,0.000000,7.926380,85.398773,0.900000,64.000000,75.000000,0,1,1,0,0,0,0,0,0,0.000000,0.900000,84.662577,104,T1_aug_night_load_0.9W_soc_90,0.833333,3000.000000,60
0.220697,0.975342,55.000000,0.660000,0.000000,7.924908,85.306748,0.900000,64.000000,75.000000,0,1,1,0,0,0,0,0,0,0.000000,0.900000,84.570552,104,T1_aug_night_load_0.9W_soc_90,0.850000,3060.000000,60
0.224951,0.974370,55.000000,0.660000,0.000000,7.923436,85.214724,0.900000,64.000000,75.000000,0,1,1,0,0,0,0,0,0,0.000000,0.900000,84.478528,104,T1_aug_night_load_0.9W_soc_90,0.866667,3120.000000,60
0.229200,0.973379,55.000000,0.660000,0.000000,7.921963,85.122699,0.900000,64.000000,75.000000,0,1,1,0,0,0,0,0,0,0.000000,0.900000,84.386503,104,T1_aug_night_load_0.9W_soc_90,0.883333,3180.000000,60
0.233445,0.972370,55.000000,0.660000,0.000000,7.920491,85.030675,0.900000,64.000000,75.000000,0,1,1,0,0,0,0,0,0,0.000000,0.900000,84.294479,104,T1_aug_night_load_0.9W_soc_90,0.900000,3240.000000,60
0.237686,0.971342,55.000000,0.660000,0.000000,7.919018,84.938650,0.900000,64.000000,75.000000,0,1,1,0,0,0,0,0,0,0.000000,0.900000,84.202454,104,T1_aug_night_load_0.9W_soc_90,0.916667,3300.000000,60
0.241922,0.970296,55.000000,0.660000,0.000000,7.917546,84.846626,0.900000,64.000000,75.000000,0,1,1,0,0,0,0,0,0,0.000000,0.900000,84.110429,104,T1_aug_night_load_0.9W_soc_90,0.933333,3360.000000,60
0.246153,0.969231,55.000000,0.660000,0.000000,7.916074,84.754601,0.900000,64.000000,75.000000,0,1,1,0,0,0,0,0,0,0.000000,0.900000,84.018405,104,T1_aug_night_load_0.9W_soc_90,0.950000,3420.000000,60
0.250380,0.968148,55.000000,0.660000,0.000000,7.914601,84.662577,0.900000,64.000000,75.000000,0,1,1,0,0,0,0,0,0,0.000000,0.900000,83.926380,104,T1_aug_night_load_0.9W_soc_90,0.966667,3480.000000,60
0.254602,0.967046,55.000000,0.660000,0.000000,7.913129,84.570552,0.900000,64.000000,75.000000,0,1,1,0,0,0,0,0,0,0.000000,0.900000,83.834356,104,T1_aug_night_load_0.9W_soc_90,0.983333,3540.000000,60
0.258819,0.965926,55.000000,0.660000,0.000000,7.911656,84.478528,0.900000,64.000000,75.000000,0,1,1,0,0,0,0,0,0,0.000000,0.900000,83.742331,104,T1_aug_night_load_0.9W_soc_90,1.000000,3600.000000,60
0.263031,0.964787,55.000000,0.660000,0.000000,7.910184,84.386503,0.900000,64.000000,75.000000,0,1,1,0,0,0,0,0,0,0.000000,0.900000,83.650307,104,T1_aug_night_load_0.9W_soc_90,1.016667,3660.000000,60
0.267238,0.963630,55.000000,0.660000,0.000000,7.908712,84.294479,0.900000,64.000000,75.000000,0,1,1,0,0,0,0,0,0,0.000000,0.900000,83.558282,104,T1_aug_night_load_0.9W_soc_90,1.033333,3720.000000,60
0.271440,0.962455,55.000000,0.660000,0.000000,7.907239,84.202454,0.900000,64.000000,75.000000,0,1,1,0,0,0,0,0,0,0.000000,0.900000,83.466258,104,T1_aug_night_load_0.9W_soc_90,1.050000,3780.000000,60
0.275637,0.961262,55.000000,0.660000,0.000000,7.905767,84.110429,0.900000,64.000000,75.000000,0,1,1,0,0,0,0,0,0,0.000000,0.900000,83.374233,104,T1_aug_night_load_0.9W_soc_90,1.066667,3840.000000,60
0.279829,0.960050,55.000000,0.660000,0.000000,7.904294,84.018405,0.900000,64.000000,75.000000,0,1,1,0,0,0,0,0,0,0.000000,0.900000,83.282209,104,T1_aug_night_load_0.9W_soc_90,1.083333,3900.000000,60
0.284015,0.958820,55.000000,0.660000,0.000000,7.902822,83.926380,0.900000,64.000000,75.000000,0,1,1,0,0,0,0,0,0,0.000000,0.900000,83.190184,104,T1_aug_night_load_0.9W_soc_90,1.100000,3960.000000,60
0.288196,0.957571,55.000000,0.660000,0.000000,7.901350,83.834356,0.900000,64.000000,75.000000,0,1,1,0,0,0,0,0,0,0.000000,0.900000,83.098160,104,T1_aug_night_load_0.9W_soc_90,1.116667,4020.000000,60
0.292372,0.956305,55.000000,0.660000,0.000000,7.899877,83.742331,0.900000,64.000000,75.000000,0,1,1,0,0,0,0,0,0,0.000000,0.900000,83.006135,104,T1_aug_night_load_0.9W_soc_90,1.133333,4080.000000,60
0.296542,0.955020,55.000000,0.660000,0.000000,7.898405,83.650307,0.900000,64.000000,75.000000,0,1,1,0,0,0,0,0,0,0.000000,0.900000,82.914110,104,T1_aug_night_load_0.9W_soc_90,1.150000,4140.000000,60
0.300706,0.953717,55.000000,0.660000,0.000000,7.896933,83.558282,0.900000,64.000000,75.000000,0,1,1,0,0,0,0,0,0,0.000000,0.900000,82.822086,104,T1_aug_night_load_0.9W_soc_90,1.166667,4200.000000,60
0.304864,0.952396,55.000000,0.660000,0.000000,7.895460,83.466258,0.900000,64.000000,75.000000,0,1,1,0,0,0,0,0,0,0.000000,0.900000,82.730061,104,T1_aug_night_load_0.9W_soc_90,1.183333,4260.000000,60
0.309017,0.951057,55.000000,0.660000,0.000000,7.893988,83.374233,0.900000,64.000000,75.000000,0,1,1,0,0,0,0,0,0,0.000000,0.900000,82.638037,104,T1_aug_night_load_0.9W_soc_90,1.200000,4320.000000,60
0.313164,0.949699,55.000000,0.660000,0.000000,7.892515,83.282209,0.900000,64.000000,75.000000,0,1,1,0,0,0,0,0,0,0.000000,0.900000,82.546012,104,T1_aug_night_load_0.9W_soc_90,1.216667,4380.000000,60
0.317305,0.948324,55.000000,0.660000,0.000000,7.891043,83.190184,0.900000,64.000000,75.000000,0,1,1,0,0,0,0,0,0,0.000000,0.900000,82.453988,104,T1_aug_night_load_0.9W_soc_90,1.233333,4440.000000,60
0.321439,0.946930,55.000000,0.660000,0.000000,7.889571,83.098160,0.900000,64.000000,75.000000,0,1,1,0,0,0,0,0,0,0.000000,0.900000,82.361963,104,T1_aug_night_load_0.9W_soc_90,1.250000,4500.000000,60
0.325568,0.945519,55.000000,0.660000,0.000000,7.888098,83.006135,0.900000,64.000000,75.000000,0,1,1,0,0,0,0,0,0,0.000000,0.900000,82.269939,104,T1_aug_night_load_0.9W_soc_90,1.266667,4560.000000,60
0.329691,0.944089,55.000000,0.660000,0.000000,7.886626,82.914110,0.900000,64.000000,75.000000,0,1,1,0,0,0,0,0,0,0.000000,0.900000,82.177914,104,T1_aug_night_load_0.9W_soc_90,1.283333,4620.000000,60
0.333807,0.942641,55.000000,0.660000,0.000000,7.885153,82.822086,0.900000,64.000000,75.000000,0,1,1,0,0,0,0,0,0,0.000000,0.900000,82.085890,104,T1_aug_night_load_0.9W_soc_90,1.300000,4680.000000,60
0.337917,0.941176,55.000000,0.660000,0.000000,7.883681,82.730061,0.900000,64.000000,75.000000,0,1,1,0,0,0,0,0,0,0.000000,0.900000,81.993865,104,T1_aug_night_load_0.9W_soc_90,1.316667,4740.000000,60
0.342020,0.939693,55.000000,0.660000,0.000000,7.882209,82.638037,0.900000,64.000000,75.000000,0,1,1,0,0,0,0,0,0,0.000000,0.900000,81.901840,104,T1_aug_night_load_0.9W_soc_90,1.333333,4800.000000,60
0.346117,0.938191,55.000000,0.660000,0.000000,7.880736,82.546012,0.900000,64.000000,75.000000,0,1,1,0,0,0,0,0,0,0.000000,0.900000,81.809816,104,T1_aug_night_load_0.9W_soc_90,1.350000,4860.000000,60
0.350207,0.936672,55.000000,0.660000,0.000000,7.879264,82.453988,0.900000,64.000000,75.000000,0,1,1,0,0,0,0,0,0,0.000000,0.900000,81.717791,104,T1_aug_night_load_0.9W_soc_90,1.366667,4920.000000,60
0.354291,0.935135,55.000000,0.660000,0.000000,7.877791,82.361963,0.900000,64.000000,75.000000,0,1,1,0,0,0,0,0,0,0.000000,0.900000,81.625767,104,T1_aug_night_load_0.9W_soc_90,1.383333,4980.000000,60
0.358368,0.933580,55.000000,0.660000,0.000000,7.876319,82.269939,0.900000,64.000000,75.000000,0,1,1,0,0,0,0,0,0,0.000000,0.900000,81.533742,104,T1_aug_night_load_0.9W_soc_90,1.400000,5040.000000,60
0.362438,0.932008,55.000000,0.660000,0.000000,7.874847,82.177914,0.900000,64.000000,75.000000,0,1,1,0,0,0,0,0,0,0.000000,0.900000,81.441718,104,T1_aug_night_load_0.9W_soc_90,1.416667,5100.000000,60
0.366501,0.930418,55.000000,0.660000,0.000000,7.873374,82.085890,0.900000,64.000000,75.000000,0,1,1,0,0,0,0,0,0,0.000000,0.900000,81.349693,104,T1_aug_night_load_0.9W_soc_90,1.433333,5160.000000,60
0.370557,0.928810,55.000000,0.660000,0.000000,7.871902,81.993865,0.900000,64.000000,75.000000,0,1,1,0,0,0,0,0,0,0.000000,0.900000,81.257669,104,T1_aug_night_load_0.9W_soc_90,1.450000,5220.000000,60
0.374607,0.927184,55.000000,0.660000,0.000000,7.870429,81.901840,0.900000,64.000000,75.000000,0,1,1,0,0,0,0,0,0,0.000000,0.900000,81.165644,104,T1_aug_night_load_0.9W_soc_90,1.466667,5280.000000,60
0.378649,0.925541,55.000000,0.660000,0.000000,7.868957,81.809816,0.900000,64.000000,75.000000,0,1,1,0,0,0,0,0,0,0.000000,0.900000,81.073620,104,T1_aug_night_load_0.9W_soc_90,1.483333,5340.000000,60
0.382683,0.923880,55.000000,0.660000,0.000000,7.867485,81.717791,0.900000,64.000000,75.000000,0,1,1,0,0,0,0,0,0,0.000000,0.900000,80.981595,104,T1_aug_night_load_0.9W_soc_90,1.500000,5400.000000,60
0.386711,0.922201,55.000000,0.660000,0.000000,7.866012,81.625767,0.900000,64.000000,75.000000,0,1,1,0,0,0,0,0,0,0.000000,0.900000,80.889571,104,T1_aug_night_load_0.9W_soc_90,1.516667,5460.000000,60
0.390731,0.920505,55.000000,0.660000,0.000000,7.864540,81.533742,0.900000,64.000000,75.000000,0,1,1,0,0,0,0,0,0,0.000000,0.900000,80.797546,104,T1_aug_night_load_0.9W_soc_90,1.533333,5520.000000,60
0.394744,0.918791,55.000000,0.660000,0.000000,7.863067,81.441718,0.900000,64.000000,75.000000,0,1,1,0,0,0,0,0,0,0.000000,0.900000,80.705521,104,T1_aug_night_load_0.9W_soc_90,1.550000,5580.000000,60
0.398749,0.917060,55.000000,0.660000,0.000000,7.861595,81.349693,0.900000,64.000000,75.000000,0,1,1,0,0,0,0,0,0,0.000000,0.900000,80.613497,104,T1_aug_night_load_0.9W_soc_90,1.566667,5640.000000,60
0.402747,0.915311,55.000000,0.660000,0.000000,7.860123,81.257669,0.900000,64.000000,75.000000,0,1,1,0,0,0,0,0,0,0.000000,0.900000,80.521472,104,T1_aug_night_load_0.9W_soc_90,1.583333,5700.000000,60
0.406737,0.913545,55.000000,0.660000,0.000000,7.858650,81.165644,0.900000,64.000000,75.000000,0,1,1,0,0,0,0,0,0,0.000000,0.900000,80.429448,104,T1_aug_night_load_0.9W_soc_90,1.600000,5760.000000,60
0.410719,0.911762,55.000000,0.660000,0.000000,7.857178,81.073620,0.900000,64.000000,75.000000,0,1,1,0,0,0,0,0,0,0.000000,0.900000,80.337423,104,T1_aug_night_load_0.9W_soc_90,1.616667,5820.000000,60
0.414693,0.909961,55.000000,0.660000,0.000000,7.855706,80.981595,0.900000,64.000000,75.000000,0,1,1,0,0,0,0,0,0,0.000000,0.900000,80.245399,104,T1_aug_night_load_0.9W_soc_90,1.633333,5880.000000,60
0.418660,0.908143,55.000000,0.660000,0.000000,7.854233,80.889571,0.900000,64.000000,75.000000,0,1,1,0,0,0,0,0,0,0.000000,0.900000,80.153374,104,T1_aug_night_load_0.9W_soc_90,1.650000,5940.000000,60
0.422618,0.906308,55.000000,0.660000,0.000000,7.852761,80.797546,0.900000,64.000000,75.000000,0,1,1,0,0,0,0,0,0,0.000000,0.900000,80.061350,104,T1_aug_night_load_0.9W_soc_90,1.666667,6000.000000,60
0.426569,0.904455,55.000000,0.660000,0.000000,7.851288,80.705521,0.900000,64.000000,75.000000,0,1,1,0,0,0,0,0,0,0.000000,0.900000,79.969325,104,T1_aug_night_load_0.9W_soc_90,1.683333,6060.000000,60
0.430511,0.902585,55.000000,0.660000,0.000000,7.849816,80.613497,0.900000,64.000000,75.000000,0,1,1,0,0,0,0,0,0,0.000000,0.900000,79.877301,104,T1_aug_night_load_0.9W_soc_90,1.700000,6120.000000,60
0.434445,0.900698,55.000000,0.660000,0.000000,7.848344,80.521472,0.900000,64.000000,75.000000,0,1,1,0,0,0,0,0,0,0.000000,0.900000,79.785276,104,T1_aug_night_load_0.9W_soc_90,1.716667,6180.000000,60
0.438371,0.898794,55.000000,0.660000,0.000000,7.846871,80.429448,0.900000,64.000000,75.000000,0,1,1,0,0,0,0,0,0,0.000000,0.900000,79.693252,104,T1_aug_night_load_0.9W_soc_90,1.733333,6240.000000,60
0.442289,0.896873,55.000000,0.660000,0.000000,7.845399,80.337423,0.900000,64.000000,75.000000,0,1,1,0,0,0,0,0,0,0.000000,0.900000,79.601227,104,T1_aug_night_load_0.9W_soc_90,1.750000,6300.000000,60
0.446198,0.894934,55.000000,0.660000,0.000000,7.843926,80.245399,0.900000,64.000000,75.000000,0,1,1,0,0,0,0,0,0,0.000000,0.900000,79.509202,104,T1_aug_night_load_0.9W_soc_90,1.766667,6360.000000,60
0.450098,0.892979,55.000000,0.660000,0.000000,7.842454,80.153374,0.900000,64.000000,75.000000,0,1,1,0,0,0,0,0,0,0.000000,0.900000,79.417178,104,T1_aug_night_load_0.9W_soc_90,1.783333,6420.000000,60
0.453990,0.891007,55.000000,0.660000,0.000000,7.840982,80.061350,0.900000,64.000000,75.000000,0,1,1,0,0,0,0,0,0,0.000000,0.900000,79.325153,104,T1_aug_night_load_0.9W_soc_90,1.800000,6480.000000,60
0.457874,0.889017,55.000000,0.660000,0.000000,7.839509,79.969325,0.900000,64.000000,75.000000,0,1,1,0,0,0,0,0,0,0.000000,0.900000,79.233129,104,T1_aug_night_load_0.9W_soc_90,1.816667,6540.000000,60
0.461749,0.887011,55.000000,0.660000,0.000000,7.838037,79.877301,0.900000,64.000000,75.000000,0,1,1,0,0,0,0,0,0,0.000000,0.900000,79.141104,104,T1_aug_night_load_0.9W_soc_90,1.833333,6600.000000,60
0.465615,0.884988,55.000000,0.660000,0.000000,7.836564,79.785276,0.900000,64.000000,75.000000,0,1,1,0,0,0,0,0,0,0.000000,0.900000,79.095092,104,T1_aug_night_load_0.9W_soc_90,1.850000,6660.000000,60
0.469472,0.882948,55.000000,0.660000,0.000000,7.835092,79.693252,0.900000,64.000000,75.000000,0,1,1,0,0,0,0,0,0,0.000000,0.900000,79.049080,104,T1_aug_night_load_0.9W_soc_90,1.866667,6720.000000,60
0.473320,0.880891,55.000000,0.660000,0.000000,7.833620,79.601227,0.900000,64.000000,75.000000,0,1,1,0,0,0,0,0,0,0.000000,0.900000,79.003067,104,T1_aug_night_load_0.9W_soc_90,1.883333,6780.000000,60
0.477159,0.878817,55.000000,0.660000,0.000000,7.832147,79.509202,0.900000,64.000000,75.000000,0,1,1,0,0,0,0,0,0,0.000000,0.900000,78.957055,104,T1_aug_night_load_0.9W_soc_90,1.900000,6840.000000,60
0.000000,1.000000,55.000000,0.660000,0.000000,7.520000,60.000000,1.300000,64.000000,75.000000,0,1,1,1,0,0,0,0,0,0.000000,1.300000,58.670757,105,T1_aug_night_load_1.3W_soc_60,0.000000,0.000000,60
0.004363,0.999990,55.000000,0.660000,0.000000,7.517873,59.867076,1.300000,64.000000,75.000000,0,1,1,1,0,0,0,0,0,0.000000,1.300000,58.604294,105,T1_aug_night_load_1.3W_soc_60,0.016667,60.000000,60
0.008727,0.999962,55.000000,0.660000,0.000000,7.515746,59.734151,1.300000,64.000000,75.000000,0,1,1,1,0,0,0,0,0,0.000000,1.300000,58.537832,105,T1_aug_night_load_1.3W_soc_60,0.033333,120.000000,60
0.013090,0.999914,55.000000,0.660000,0.000000,7.513620,59.601227,1.300000,64.000000,75.000000,0,1,1,1,0,0,0,0,0,0.000000,1.300000,58.471370,105,T1_aug_night_load_1.3W_soc_60,0.050000,180.000000,60
0.017452,0.999848,55.000000,0.660000,0.000000,7.511493,59.468303,1.300000,64.000000,75.000000,0,1,1,1,0,0,0,0,0,0.000000,1.300000,58.404908,105,T1_aug_night_load_1.3W_soc_60,0.066667,240.000000,60
0.021815,0.999762,55.000000,0.660000,0.000000,7.509366,59.335378,1.300000,64.000000,75.000000,0,1,1,1,0,0,0,0,0,0.000000,1.300000,58.271984,105,T1_aug_night_load_1.3W_soc_60,0.083333,300.000000,60
0.026177,0.999657,55.000000,0.660000,0.000000,7.507239,59.202454,1.300000,64.000000,75.000000,0,1,1,1,0,0,0,0,0,0.000000,1.300000,58.139059,105,T1_aug_night_load_1.3W_soc_60,0.100000,360.000000,60
0.030539,0.999534,55.000000,0.660000,0.000000,7.505112,59.069530,1.300000,64.000000,75.000000,0,1,1,1,0,0,0,0,0,0.000000,1.300000,58.006135,105,T1_aug_night_load_1.3W_soc_60,0.116667,420.000000,60
0.034899,0.999391,55.000000,0.660000,0.000000,7.502986,58.936605,1.300000,64.000000,75.000000,0,1,1,1,0,0,0,0,0,0.000000,1.300000,57.873211,105,T1_aug_night_load_1.3W_soc_60,0.133333,480.000000,60
0.039260,0.999229,55.000000,0.660000,0.000000,7.500859,58.803681,1.300000,64.000000,75.000000,0,1,1,1,0,0,0,0,0,0.000000,1.300000,57.740286,105,T1_aug_night_load_1.3W_soc_60,0.150000,540.000000,60
0.043619,0.999048,55.000000,0.660000,0.000000,7.498732,58.670757,1.300000,64.000000,75.000000,0,1,1,1,0,0,0,0,0,0.000000,1.300000,57.607362,105,T1_aug_night_load_1.3W_soc_60,0.166667,600.000000,60
0.047978,0.998848,55.000000,0.660000,0.000000,7.496605,58.537832,1.300000,64.000000,75.000000,0,1,1,1,0,0,0,0,0,0.000000,1.300000,57.474438,105,T1_aug_night_load_1.3W_soc_60,0.183333,660.000000,60
0.052336,0.998630,55.000000,0.660000,0.000000,7.494479,58.404908,1.300000,64.000000,75.000000,0,1,1,1,0,0,0,0,0,0.000000,1.300000,57.341513,105,T1_aug_night_load_1.3W_soc_60,0.200000,720.000000,60
0.056693,0.998392,55.000000,0.660000,0.000000,7.492352,58.271984,1.300000,64.000000,75.000000,0,1,1,1,0,0,0,0,0,0.000000,1.300000,57.208589,105,T1_aug_night_load_1.3W_soc_60,0.216667,780.000000,60
0.061049,0.998135,55.000000,0.660000,0.000000,7.490225,58.139059,1.300000,64.000000,75.000000,0,1,1,1,0,0,0,0,0,0.000000,1.300000,57.075665,105,T1_aug_night_load_1.3W_soc_60,0.233333,840.000000,60
0.065403,0.997859,55.000000,0.660000,0.000000,7.488098,58.006135,1.300000,64.000000,75.000000,0,1,1,1,0,0,0,0,0,0.000000,1.300000,56.942740,105,T1_aug_night_load_1.3W_soc_60,0.250000,900.000000,60
0.069756,0.997564,55.000000,0.660000,0.000000,7.485971,57.873211,1.300000,64.000000,75.000000,0,1,1,1,0,0,0,0,0,0.000000,1.300000,56.809816,105,T1_aug_night_load_1.3W_soc_60,0.266667,960.000000,60
0.074108,0.997250,55.000000,0.660000,0.000000,7.483845,57.740286,1.300000,64.000000,75.000000,0,1,1,1,0,0,0,0,0,0.000000,1.300000,56.676892,105,T1_aug_night_load_1.3W_soc_60,0.283333,1020.000000,60
0.078459,0.996917,55.000000,0.660000,0.000000,7.481718,57.607362,1.300000,64.000000,75.000000,0,1,1,1,0,0,0,0,0,0.000000,1.300000,56.543967,105,T1_aug_night_load_1.3W_soc_60,0.300000,1080.000000,60
0.082808,0.996566,55.000000,0.660000,0.000000,7.479591,57.474438,1.300000,64.000000,75.000000,0,1,1,1,0,0,0,0,0,0.000000,1.300000,56.411043,105,T1_aug_night_load_1.3W_soc_60,0.316667,1140.000000,60
0.087156,0.996195,55.000000,0.660000,0.000000,7.477464,57.341513,1.300000,64.000000,75.000000,0,1,1,1,0,0,0,0,0,0.000000,1.300000,56.278119,105,T1_aug_night_load_1.3W_soc_60,0.333333,1200.000000,60
0.091502,0.995805,55.000000,0.660000,0.000000,7.475337,57.208589,1.300000,64.000000,75.000000,0,1,1,1,0,0,0,0,0,0.000000,1.300000,56.145194,105,T1_aug_night_load_1.3W_soc_60,0.350000,1260.000000,60
0.095846,0.995396,55.000000,0.660000,0.000000,7.473211,57.075665,1.300000,64.000000,75.000000,0,1,1,1,0,0,0,0,0,0.000000,1.300000,56.012270,105,T1_aug_night_load_1.3W_soc_60,0.366667,1320.000000,60
0.100188,0.994969,55.000000,0.660000,0.000000,7.471084,56.942740,1.300000,64.000000,75.000000,0,1,1,1,0,0,0,0,0,0.000000,1.300000,55.879346,105,T1_aug_night_load_1.3W_soc_60,0.383333,1380.000000,60
0.104528,0.994522,55.000000,0.660000,0.000000,7.468957,56.809816,1.300000,64.000000,75.000000,0,1,1,1,0,0,0,0,0,0.000000,1.300000,55.746421,105,T1_aug_night_load_1.3W_soc_60,0.400000,1440.000000,60
0.108867,0.994056,55.000000,0.660000,0.000000,7.466830,56.676892,1.300000,64.000000,75.000000,0,1,1,1,0,0,0,0,0,0.000000,1.300000,55.613497,105,T1_aug_night_load_1.3W_soc_60,0.416667,1500.000000,60
0.113203,0.993572,55.000000,0.660000,0.000000,7.464703,56.543967,1.300000,64.000000,75.000000,0,1,1,1,0,0,0,0,0,0.000000,1.300000,55.480573,105,T1_aug_night_load_1.3W_soc_60,0.433333,1560.000000,60
0.117537,0.993068,55.000000,0.660000,0.000000,7.462577,56.411043,1.300000,64.000000,75.000000,0,1,1,1,0,0,0,0,0,0.000000,1.300000,55.347648,105,T1_aug_night_load_1.3W_soc_60,0.450000,1620.000000,60
0.121869,0.992546,55.000000,0.660000,0.000000,7.460450,56.278119,1.300000,64.000000,75.000000,0,1,1,1,0,0,0,0,0,0.000000,1.300000,55.214724,105,T1_aug_night_load_1.3W_soc_60,0.466667,1680.000000,60
0.126199,0.992005,55.000000,0.660000,0.000000,7.458323,56.145194,1.300000,64.000000,75.000000,0,1,1,1,0,0,0,0,0,0.000000,1.300000,55.081800,105,T1_aug_night_load_1.3W_soc_60,0.483333,1740.000000,60
0.130526,0.991445,55.000000,0.660000,0.000000,7.456196,56.012270,1.300000,64.000000,75.000000,0,1,1,1,0,0,0,0,0,0.000000,1.300000,54.948875,105,T1_aug_night_load_1.3W_soc_60,0.500000,1800.000000,60
0.134851,0.990866,55.000000,0.660000,0.000000,7.454070,55.879346,1.300000,64.000000,75.000000,0,1,1,1,0,0,0,0,0,0.000000,1.300000,54.815951,105,T1_aug_night_load_1.3W_soc_60,0.516667,1860.000000,60
0.139173,0.990268,55.000000,0.660000,0.000000,7.451943,55.746421,1.300000,64.000000,75.000000,0,1,1,1,0,0,0,0,0,0.000000,1.300000,54.683027,105,T1_aug_night_load_1.3W_soc_60,0.533333,1920.000000,60
0.143493,0.989651,55.000000,0.660000,0.000000,7.449816,55.613497,1.300000,64.000000,75.000000,0,1,1,1,0,0,0,0,0,0.000000,1.300000,54.550102,105,T1_aug_night_load_1.3W_soc_60,0.550000,1980.000000,60
0.147809,0.989016,55.000000,0.660000,0.000000,7.447689,55.480573,1.300000,64.000000,75.000000,0,1,1,1,0,0,0,0,0,0.000000,1.300000,54.417178,105,T1_aug_night_load_1.3W_soc_60,0.566667,2040.000000,60
0.152123,0.988362,55.000000,0.660000,0.000000,7.445562,55.347648,1.300000,64.000000,75.000000,0,1,1,1,0,0,0,0,0,0.000000,1.300000,54.284254,105,T1_aug_night_load_1.3W_soc_60,0.583333,2100.000000,60
0.156434,0.987688,55.000000,0.660000,0.000000,7.443436,55.214724,1.300000,64.000000,75.000000,0,1,1,1,0,0,0,0,0,0.000000,1.300000,54.151329,105,T1_aug_night_load_1.3W_soc_60,0.600000,2160.000000,60
0.160743,0.986996,55.000000,0.660000,0.000000,7.441309,55.081800,1.300000,64.000000,75.000000,0,1,1,1,0,0,0,0,0,0.000000,1.300000,54.018405,105,T1_aug_night_load_1.3W_soc_60,0.616667,2220.000000,60
0.165048,0.986286,55.000000,0.660000,0.000000,7.439182,54.948875,1.300000,64.000000,75.000000,0,1,1,1,0,0,0,0,0,0.000000,1.300000,53.885481,105,T1_aug_night_load_1.3W_soc_60,0.633333,2280.000000,60
0.169350,0.985556,55.000000,0.660000,0.000000,7.437055,54.815951,1.300000,64.000000,75.000000,0,1,1,1,0,0,0,0,0,0.000000,1.300000,53.752556,105,T1_aug_night_load_1.3W_soc_60,0.650000,2340.000000,60
0.173648,0.984808,55.000000,0.660000,0.000000,7.434928,54.683027,1.300000,64.000000,75.000000,0,1,1,1,0,0,0,0,0,0.000000,1.300000,53.619632,105,T1_aug_night_load_1.3W_soc_60,0.666667,2400.000000,60
0.177944,0.984041,55.000000,0.660000,0.000000,7.432802,54.550102,1.300000,64.000000,75.000000,0,1,1,1,0,0,0,0,0,0.000000,1.300000,53.486708,105,T1_aug_night_load_1.3W_soc_60,0.683333,2460.000000,60
0.182236,0.983255,55.000000,0.660000,0.000000,7.430675,54.417178,1.300000,64.000000,75.000000,0,1,1,1,0,0,0,0,0,0.000000,1.300000,53.353783,105,T1_aug_night_load_1.3W_soc_60,0.700000,2520.000000,60
0.186524,0.982450,55.000000,0.660000,0.000000,7.428548,54.284254,1.300000,64.000000,75.000000,0,1,1,1,0,0,0,0,0,0.000000,1.300000,53.220859,105,T1_aug_night_load_1.3W_soc_60,0.716667,2580.000000,60
0.190809,0.981627,55.000000,0.660000,0.000000,7.426421,54.151329,1.300000,64.000000,75.000000,0,1,1,1,0,0,0,0,0,0.000000,1.300000,53.087935,105,T1_aug_night_load_1.3W_soc_60,0.733333,2640.000000,60
0.195090,0.980785,55.000000,0.660000,0.000000,7.424294,54.018405,1.300000,64.000000,75.000000,0,1,1,1,0,0,0,0,0,0.000000,1.300000,52.955010,105,T1_aug_night_load_1.3W_soc_60,0.750000,2700.000000,60
0.199368,0.979925,55.000000,0.660000,0.000000,7.422168,53.885481,1.300000,64.000000,75.000000,0,1,1,1,0,0,0,0,0,0.000000,1.300000,52.822086,105,T1_aug_night_load_1.3W_soc_60,0.766667,2760.000000,60
0.203642,0.979045,55.000000,0.660000,0.000000,7.420041,53.752556,1.300000,64.000000,75.000000,0,1,1,1,0,0,0,0,0,0.000000,1.300000,52.689162,105,T1_aug_night_load_1.3W_soc_60,0.783333,2820.000000,60
0.207912,0.978148,55.000000,0.660000,0.000000,7.417914,53.619632,1.300000,64.000000,75.000000,0,1,1,1,0,0,0,0,0,0.000000,1.300000,52.556237,105,T1_aug_night_load_1.3W_soc_60,0.800000,2880.000000,60
0.212178,0.977231,55.000000,0.660000,0.000000,7.415787,53.486708,1.300000,64.000000,75.000000,0,1,1,1,0,0,0,0,0,0.000000,1.300000,52.423313,105,T1_aug_night_load_1.3W_soc_60,0.816667,2940.000000,60
0.216440,0.976296,55.000000,0.660000,0.000000,7.413661,53.353783,1.300000,64.000000,75.000000,0,1,1,1,0,0,0,0,0,0.000000,1.300000,52.290389,105,T1_aug_night_load_1.3W_soc_60,0.833333,3000.000000,60
0.220697,0.975342,55.000000,0.660000,0.000000,7.411534,53.220859,1.300000,64.000000,75.000000,0,1,1,1,0,0,0,0,0,0.000000,1.300000,52.157464,105,T1_aug_night_load_1.3W_soc_60,0.850000,3060.000000,60
0.224951,0.974370,55.000000,0.660000,0.000000,7.409407,53.087935,1.300000,64.000000,75.000000,0,1,1,1,0,0,0,0,0,0.000000,1.300000,52.024540,105,T1_aug_night_load_1.3W_soc_60,0.866667,3120.000000,60
0.229200,0.973379,55.000000,0.660000,0.000000,7.407280,52.955010,1.300000,64.000000,75.000000,0,1,1,1,0,0,0,0,0,0.000000,1.300000,51.891616,105,T1_aug_night_load_1.3W_soc_60,0.883333,3180.000000,60
0.233445,0.972370,55.000000,0.660000,0.000000,7.405153,52.822086,1.300000,64.000000,75.000000,0,1,1,1,0,0,0,0,0,0.000000,1.300000,51.758691,105,T1_aug_night_load_1.3W_soc_60,0.900000,3240.000000,60
0.237686,0.971342,55.000000,0.660000,0.000000,7.403027,52.689162,1.300000,64.000000,75.000000,0,1,1,1,0,0,0,0,0,0.000000,1.300000,51.625767,105,T1_aug_night_load_1.3W_soc_60,0.916667,3300.000000,60
0.241922,0.970296,55.000000,0.660000,0.000000,7.400900,52.556237,1.300000,64.000000,75.000000,0,1,1,1,0,0,0,0,0,0.000000,1.300000,51.492843,105,T1_aug_night_load_1.3W_soc_60,0.933333,3360.000000,60
0.246153,0.969231,55.000000,0.660000,0.000000,7.398773,52.423313,1.300000,64.000000,75.000000,0,1,1,1,0,0,0,0,0,0.000000,1.300000,51.359918,105,T1_aug_night_load_1.3W_soc_60,0.950000,3420.000000,60
0.250380,0.968148,55.000000,0.660000,0.000000,7.396646,52.290389,1.300000,64.000000,75.000000,0,1,1,1,0,0,0,0,0,0.000000,1.300000,51.226994,105,T1_aug_night_load_1.3W_soc_60,0.966667,3480.000000,60
0.254602,0.967046,55.000000,0.660000,0.000000,7.394519,52.157464,1.300000,64.000000,75.000000,0,1,1,1,0,0,0,0,0,0.000000,1.300000,51.094070,105,T1_aug_night_load_1.3W_soc_60,0.983333,3540.000000,60
0.258819,0.965926,55.000000,0.660000,0.000000,7.392393,52.024540,1.300000,64.000000,75.000000,0,1,1,1,0,0,0,0,0,0.000000,1.300000,50.961145,105,T1_aug_night_load_1.3W_soc_60,1.000000,3600.000000,60
0.263031,0.964787,55.000000,0.660000,0.000000,7.390266,51.891616,1.300000,64.000000,75.000000,0,1,1,1,0,0,0,0,0,0.000000,1.300000,50.828221,105,T1_aug_night_load_1.3W_soc_60,1.016667,3660.000000,60
0.267238,0.963630,55.000000,0.660000,0.000000,7.388139,51.758691,1.300000,64.000000,75.000000,0,1,1,1,0,0,0,0,0,0.000000,1.300000,50.695297,105,T1_aug_night_load_1.3W_soc_60,1.033333,3720.000000,60
0.271440,0.962455,55.000000,0.660000,0.000000,7.386012,51.625767,1.300000,64.000000,75.000000,0,1,1,1,0,0,0,0,0,0.000000,1.300000,50.562372,105,T1_aug_night_load_1.3W_soc_60,1.050000,3780.000000,60
0.275637,0.961262,55.000000,0.660000,0.000000,7.383885,51.492843,1.300000,64.000000,75.000000,0,1,1,1,0,0,0,0,0,0.000000,1.300000,50.429448,105,T1_aug_night_load_1.3W_soc_60,1.066667,3840.000000,60
0.279829,0.960050,55.000000,0.660000,0.000000,7.381759,51.359918,1.300000,64.000000,75.000000,0,1,1,1,0,0,0,0,0,0.000000,1.300000,50.296524,105,T1_aug_night_load_1.3W_soc_60,1.083333,3900.000000,60
0.284015,0.958820,55.000000,0.660000,0.000000,7.379632,51.226994,1.300000,64.000000,75.000000,0,1,1,1,0,0,0,0,0,0.000000,1.300000,50.163599,105,T1_aug_night_load_1.3W_soc_60,1.100000,3960.000000,60
0.288196,0.957571,55.000000,0.660000,0.000000,7.377505,51.094070,1.300000,64.000000,75.000000,0,1,1,1,0,0,0,0,0,0.000000,1.300000,50.030675,105,T1_aug_night_load_1.3W_soc_60,1.116667,4020.000000,60
0.292372,0.956305,55.000000,0.660000,0.000000,7.375378,50.961145,1.300000,64.000000,75.000000,0,1,1,1,0,0,0,0,0,0.000000,1.300000,49.897751,105,T1_aug_night_load_1.3W_soc_60,1.133333,4080.000000,60
0.296542,0.955020,55.000000,0.660000,0.000000,7.373252,50.828221,1.300000,64.000000,75.000000,0,1,1,1,0,0,0,0,0,0.000000,1.300000,49.764826,105,T1_aug_night_load_1.3W_soc_60,1.150000,4140.000000,60
0.300706,0.953717,55.000000,0.660000,0.000000,7.371125,50.695297,1.300000,64.000000,75.000000,0,1,1,1,0,0,0,0,0,0.000000,1.300000,49.631902,105,T1_aug_night_load_1.3W_soc_60,1.166667,4200.000000,60
0.304864,0.952396,55.000000,0.660000,0.000000,7.368998,50.562372,1.300000,64.000000,75.000000,0,1,1,1,0,0,0,0,0,0.000000,1.300000,49.498978,105,T1_aug_night_load_1.3W_soc_60,1.183333,4260.000000,60
0.309017,0.951057,55.000000,0.660000,0.000000,7.366871,50.429448,1.300000,64.000000,75.000000,0,1,1,1,0,0,0,0,0,0.000000,1.300000,49.366053,105,T1_aug_night_load_1.3W_soc_60,1.200000,4320.000000,60
0.313164,0.949699,55.000000,0.660000,0.000000,7.364744,50.296524,1.300000,64.000000,75.000000,0,1,1,1,0,0,0,0,0,0.000000,1.300000,49.233129,105,T1_aug_night_load_1.3W_soc_60,1.216667,4380.000000,60
0.317305,0.948324,55.000000,0.660000,0.000000,7.362618,50.163599,1.300000,64.000000,75.000000,0,1,1,1,0,0,0,0,0,0.000000,1.300000,49.100204,105,T1_aug_night_load_1.3W_soc_60,1.233333,4440.000000,60
0.321439,0.946930,55.000000,0.660000,0.000000,7.360491,50.030675,1.300000,64.000000,75.000000,0,1,1,1,0,0,0,0,0,0.000000,1.300000,48.967280,105,T1_aug_night_load_1.3W_soc_60,1.250000,4500.000000,60
0.325568,0.945519,55.000000,0.660000,0.000000,7.358364,49.897751,1.300000,64.000000,75.000000,0,1,1,1,0,0,0,0,0,0.000000,1.300000,48.834356,105,T1_aug_night_load_1.3W_soc_60,1.266667,4560.000000,60
0.329691,0.944089,55.000000,0.660000,0.000000,7.356237,49.764826,1.300000,64.000000,75.000000,0,1,1,1,0,0,0,0,0,0.000000,1.300000,48.701431,105,T1_aug_night_load_1.3W_soc_60,1.283333,4620.000000,60
0.333807,0.942641,55.000000,0.660000,0.000000,7.354110,49.631902,1.300000,64.000000,75.000000,0,1,1,1,0,0,0,0,0,0.000000,1.300000,48.568507,105,T1_aug_night_load_1.3W_soc_60,1.300000,4680.000000,60
0.337917,0.941176,55.000000,0.660000,0.000000,7.351984,49.498978,1.300000,64.000000,75.000000,0,1,1,1,0,0,0,0,0,0.000000,1.300000,48.435583,105,T1_aug_night_load_1.3W_soc_60,1.316667,4740.000000,60
0.342020,0.939693,55.000000,0.660000,0.000000,7.349857,49.366053,1.300000,64.000000,75.000000,0,1,1,1,0,0,0,0,0,0.000000,1.300000,48.302658,105,T1_aug_night_load_1.3W_soc_60,1.333333,4800.000000,60
0.346117,0.938191,55.000000,0.660000,0.000000,7.347730,49.233129,1.300000,64.000000,75.000000,0,1,1,1,0,0,0,0,0,0.000000,1.300000,48.169734,105,T1_aug_night_load_1.3W_soc_60,1.350000,4860.000000,60
0.350207,0.936672,55.000000,0.660000,0.000000,7.345603,49.100204,1.300000,64.000000,75.000000,0,1,1,1,0,0,0,0,0,0.000000,1.300000,48.036810,105,T1_aug_night_load_1.3W_soc_60,1.366667,4920.000000,60
0.354291,0.935135,55.000000,0.660000,0.000000,7.343476,48.967280,1.300000,64.000000,75.000000,0,1,1,1,0,0,0,0,0,0.000000,1.300000,47.903885,105,T1_aug_night_load_1.3W_soc_60,1.383333,4980.000000,60
0.358368,0.933580,55.000000,0.660000,0.000000,7.341350,48.834356,1.300000,64.000000,75.000000,0,1,1,1,0,0,0,0,0,0.000000,1.300000,47.770961,105,T1_aug_night_load_1.3W_soc_60,1.400000,5040.000000,60
0.362438,0.932008,55.000000,0.660000,0.000000,7.339223,48.701431,1.300000,64.000000,75.000000,0,1,1,1,0,0,0,0,0,0.000000,1.300000,47.638037,105,T1_aug_night_load_1.3W_soc_60,1.416667,5100.000000,60
0.366501,0.930418,55.000000,0.660000,0.000000,7.337096,48.568507,1.300000,64.000000,75.000000,0,1,1,1,0,0,0,0,0,0.000000,1.300000,47.505112,105,T1_aug_night_load_1.3W_soc_60,1.433333,5160.000000,60
0.370557,0.928810,55.000000,0.660000,0.000000,7.334969,48.435583,1.300000,64.000000,75.000000,0,1,1,1,0,0,0,0,0,0.000000,1.300000,47.372188,105,T1_aug_night_load_1.3W_soc_60,1.450000,5220.000000,60
0.374607,0.927184,55.000000,0.660000,0.000000,7.332843,48.302658,1.300000,64.000000,75.000000,0,1,1,1,0,0,0,0,0,0.000000,1.300000,47.239264,105,T1_aug_night_load_1.3W_soc_60,1.466667,5280.000000,60
0.378649,0.925541,55.000000,0.660000,0.000000,7.330716,48.169734,1.300000,64.000000,75.000000,0,1,1,1,0,0,0,0,0,0.000000,1.300000,47.106339,105,T1_aug_night_load_1.3W_soc_60,1.483333,5340.000000,60
0.382683,0.923880,55.000000,0.660000,0.000000,7.328589,48.036810,1.300000,64.000000,75.000000,0,1,1,1,0,0,0,0,0,0.000000,1.300000,46.973415,105,T1_aug_night_load_1.3W_soc_60,1.500000,5400.000000,60
0.386711,0.922201,55.000000,0.660000,0.000000,7.326462,47.903885,1.300000,64.000000,75.000000,0,1,1,1,0,0,0,0,0,0.000000,1.300000,46.840491,105,T1_aug_night_load_1.3W_soc_60,1.516667,5460.000000,60
0.390731,0.920505,55.000000,0.660000,0.000000,7.324335,47.770961,1.300000,64.000000,75.000000,0,1,1,1,0,0,0,0,0,0.000000,1.300000,46.707566,105,T1_aug_night_load_1.3W_soc_60,1.533333,5520.000000,60
0.394744,0.918791,55.000000,0.660000,0.000000,7.322209,47.638037,1.300000,64.000000,75.000000,0,1,1,1,0,0,0,0,0,0.000000,1.300000,46.574642,105,T1_aug_night_load_1.3W_soc_60,1.550000,5580.000000,60
0.398749,0.917060,55.000000,0.660000,0.000000,7.320082,47.505112,1.300000,64.000000,75.000000,0,1,1,1,0,0,0,0,0,0.000000,1.300000,46.441718,105,T1_aug_night_load_1.3W_soc_60,1.566667,5640.000000,60
0.402747,0.915311,55.000000,0.660000,0.000000,7.317955,47.372188,1.300000,64.000000,75.000000,0,1,1,1,0,0,0,0,0,0.000000,1.300000,46.308793,105,T1_aug_night_load_1.3W_soc_60,1.583333,5700.000000,60
0.406737,0.913545,55.000000,0.660000,0.000000,7.315828,47.239264,1.300000,64.000000,75.000000,0,1,1,1,0,0,0,0,0,0.000000,1.300000,46.175869,105,T1_aug_night_load_1.3W_soc_60,1.600000,5760.000000,60
0.410719,0.911762,55.000000,0.660000,0.000000,7.313701,47.106339,1.300000,64.000000,75.000000,0,1,1,1,0,0,0,0,0,0.000000,1.300000,46.042945,105,T1_aug_night_load_1.3W_soc_60,1.616667,5820.000000,60
0.414693,0.909961,55.000000,0.660000,0.000000,7.311575,46.973415,1.300000,64.000000,75.000000,0,1,1,1,0,0,0,0,0,0.000000,1.300000,45.910020,105,T1_aug_night_load_1.3W_soc_60,1.633333,5880.000000,60
0.418660,0.908143,55.000000,0.660000,0.000000,7.309448,46.840491,1.300000,64.000000,75.000000,0,1,1,1,0,0,0,0,0,0.000000,1.300000,45.777096,105,T1_aug_night_load_1.3W_soc_60,1.650000,5940.000000,60
0.422618,0.906308,55.000000,0.660000,0.000000,7.307321,46.707566,1.300000,64.000000,75.000000,0,1,1,1,0,0,0,0,0,0.000000,1.300000,45.644172,105,T1_aug_night_load_1.3W_soc_60,1.666667,6000.000000,60
0.426569,0.904455,55.000000,0.660000,0.000000,7.305194,46.574642,1.300000,64.000000,75.000000,0,1,1,1,0,0,0,0,0,0.000000,1.300000,45.511247,105,T1_aug_night_load_1.3W_soc_60,1.683333,6060.000000,60
0.430511,0.902585,55.000000,0.660000,0.000000,7.303067,46.441718,1.300000,64.000000,75.000000,0,1,1,1,0,0,0,0,0,0.000000,1.300000,45.378323,105,T1_aug_night_load_1.3W_soc_60,1.700000,6120.000000,60
0.434445,0.900698,55.000000,0.660000,0.000000,7.300941,46.308793,1.300000,64.000000,75.000000,0,1,1,1,0,0,0,0,0,0.000000,1.300000,45.245399,105,T1_aug_night_load_1.3W_soc_60,1.716667,6180.000000,60
0.438371,0.898794,55.000000,0.660000,0.000000,7.298814,46.175869,1.300000,64.000000,75.000000,0,1,1,1,0,0,0,0,0,0.000000,1.300000,45.112474,105,T1_aug_night_load_1.3W_soc_60,1.733333,6240.000000,60
0.442289,0.896873,55.000000,0.660000,0.000000,7.296687,46.042945,1.300000,64.000000,75.000000,0,1,1,1,0,0,0,0,0,0.000000,1.300000,44.979550,105,T1_aug_night_load_1.3W_soc_60,1.750000,6300.000000,60
0.446198,0.894934,55.000000,0.660000,0.000000,7.294560,45.910020,1.300000,64.000000,75.000000,0,1,1,1,0,0,0,0,0,0.000000,1.300000,44.846626,105,T1_aug_night_load_1.3W_soc_60,1.766667,6360.000000,60
0.450098,0.892979,55.000000,0.660000,0.000000,7.292434,45.777096,1.300000,64.000000,75.000000,0,1,1,1,0,0,0,0,0,0.000000,1.300000,44.713701,105,T1_aug_night_load_1.3W_soc_60,1.783333,6420.000000,60
0.453990,0.891007,55.000000,0.660000,0.000000,7.290307,45.644172,1.300000,64.000000,75.000000,0,1,1,1,0,0,0,0,0,0.000000,1.300000,44.580777,105,T1_aug_night_load_1.3W_soc_60,1.800000,6480.000000,60
0.457874,0.889017,55.000000,0.660000,0.000000,7.288180,45.511247,1.300000,64.000000,75.000000,0,1,1,1,0,0,0,0,0,0.000000,1.300000,44.447853,105,T1_aug_night_load_1.3W_soc_60,1.816667,6540.000000,60
0.461749,0.887011,55.000000,0.660000,0.000000,7.286053,45.378323,1.300000,64.000000,75.000000,0,1,1,1,0,0,0,0,0,0.000000,1.300000,44.314928,105,T1_aug_night_load_1.3W_soc_60,1.833333,6600.000000,60
0.465615,0.884988,55.000000,0.660000,0.000000,7.283926,45.245399,1.300000,64.000000,75.000000,0,1,1,1,0,0,0,0,0,0.000000,1.300000,44.248466,105,T1_aug_night_load_1.3W_soc_60,1.850000,6660.000000,60
0.469472,0.882948,55.000000,0.660000,0.000000,7.281800,45.112474,1.300000,64.000000,75.000000,0,1,1,1,0,0,0,0,0,0.000000,1.300000,44.182004,105,T1_aug_night_load_1.3W_soc_60,1.866667,6720.000000,60
0.473320,0.880891,55.000000,0.660000,0.000000,7.279673,44.979550,1.300000,64.000000,75.000000,0,1,1,1,0,0,0,0,0,0.000000,1.300000,44.115542,105,T1_aug_night_load_1.3W_soc_60,1.883333,6780.000000,60
0.477159,0.878817,55.000000,0.660000,0.000000,7.277546,44.846626,1.300000,64.000000,75.000000,0,1,1,1,0,0,0,0,0,0.000000,1.300000,44.049080,105,T1_aug_night_load_1.3W_soc_60,1.900000,6840.000000,60
0.000000,1.000000,55.000000,0.660000,0.000000,7.680000,70.000000,1.300000,64.000000,75.000000,0,1,1,1,0,0,0,0,0,0.000000,1.300000,68.670757,106,T1_aug_night_load_1.3W_soc_70,0.000000,0.000000,60
0.004363,0.999990,55.000000,0.660000,0.000000,7.677873,69.867076,1.300000,64.000000,75.000000,0,1,1,1,0,0,0,0,0,0.000000,1.300000,68.604294,106,T1_aug_night_load_1.3W_soc_70,0.016667,60.000000,60
0.008727,0.999962,55.000000,0.660000,0.000000,7.675746,69.734151,1.300000,64.000000,75.000000,0,1,1,1,0,0,0,0,0,0.000000,1.300000,68.537832,106,T1_aug_night_load_1.3W_soc_70,0.033333,120.000000,60
0.013090,0.999914,55.000000,0.660000,0.000000,7.673620,69.601227,1.300000,64.000000,75.000000,0,1,1,1,0,0,0,0,0,0.000000,1.300000,68.471370,106,T1_aug_night_load_1.3W_soc_70,0.050000,180.000000,60
0.017452,0.999848,55.000000,0.660000,0.000000,7.671493,69.468303,1.300000,64.000000,75.000000,0,1,1,1,0,0,0,0,0,0.000000,1.300000,68.404908,106,T1_aug_night_load_1.3W_soc_70,0.066667,240.000000,60
0.021815,0.999762,55.000000,0.660000,0.000000,7.669366,69.335378,1.300000,64.000000,75.000000,0,1,1,1,0,0,0,0,0,0.000000,1.300000,68.271984,106,T1_aug_night_load_1.3W_soc_70,0.083333,300.000000,60
0.026177,0.999657,55.000000,0.660000,0.000000,7.667239,69.202454,1.300000,64.000000,75.000000,0,1,1,1,0,0,0,0,0,0.000000,1.300000,68.139059,106,T1_aug_night_load_1.3W_soc_70,0.100000,360.000000,60
0.030539,0.999534,55.000000,0.660000,0.000000,7.665112,69.069530,1.300000,64.000000,75.000000,0,1,1,1,0,0,0,0,0,0.000000,1.300000,68.006135,106,T1_aug_night_load_1.3W_soc_70,0.116667,420.000000,60
0.034899,0.999391,55.000000,0.660000,0.000000,7.662986,68.936605,1.300000,64.000000,75.000000,0,1,1,1,0,0,0,0,0,0.000000,1.300000,67.873211,106,T1_aug_night_load_1.3W_soc_70,0.133333,480.000000,60
0.039260,0.999229,55.000000,0.660000,0.000000,7.660859,68.803681,1.300000,64.000000,75.000000,0,1,1,1,0,0,0,0,0,0.000000,1.300000,67.740286,106,T1_aug_night_load_1.3W_soc_70,0.150000,540.000000,60
0.043619,0.999048,55.000000,0.660000,0.000000,7.658732,68.670757,1.300000,64.000000,75.000000,0,1,1,1,0,0,0,0,0,0.000000,1.300000,67.607362,106,T1_aug_night_load_1.3W_soc_70,0.166667,600.000000,60
0.047978,0.998848,55.000000,0.660000,0.000000,7.656605,68.537832,1.300000,64.000000,75.000000,0,1,1,1,0,0,0,0,0,0.000000,1.300000,67.474438,106,T1_aug_night_load_1.3W_soc_70,0.183333,660.000000,60
0.052336,0.998630,55.000000,0.660000,0.000000,7.654479,68.404908,1.300000,64.000000,75.000000,0,1,1,1,0,0,0,0,0,0.000000,1.300000,67.341513,106,T1_aug_night_load_1.3W_soc_70,0.200000,720.000000,60
0.056693,0.998392,55.000000,0.660000,0.000000,7.652352,68.271984,1.300000,64.000000,75.000000,0,1,1,1,0,0,0,0,0,0.000000,1.300000,67.208589,106,T1_aug_night_load_1.3W_soc_70,0.216667,780.000000,60
0.061049,0.998135,55.000000,0.660000,0.000000,7.650225,68.139059,1.300000,64.000000,75.000000,0,1,1,1,0,0,0,0,0,0.000000,1.300000,67.075665,106,T1_aug_night_load_1.3W_soc_70,0.233333,840.000000,60
0.065403,0.997859,55.000000,0.660000,0.000000,7.648098,68.006135,1.300000,64.000000,75.000000,0,1,1,1,0,0,0,0,0,0.000000,1.300000,66.942740,106,T1_aug_night_load_1.3W_soc_70,0.250000,900.000000,60
0.069756,0.997564,55.000000,0.660000,0.000000,7.645971,67.873211,1.300000,64.000000,75.000000,0,1,1,1,0,0,0,0,0,0.000000,1.300000,66.809816,106,T1_aug_night_load_1.3W_soc_70,0.266667,960.000000,60
0.074108,0.997250,55.000000,0.660000,0.000000,7.643845,67.740286,1.300000,64.000000,75.000000,0,1,1,1,0,0,0,0,0,0.000000,1.300000,66.676892,106,T1_aug_night_load_1.3W_soc_70,0.283333,1020.000000,60
0.078459,0.996917,55.000000,0.660000,0.000000,7.641718,67.607362,1.300000,64.000000,75.000000,0,1,1,1,0,0,0,0,0,0.000000,1.300000,66.543967,106,T1_aug_night_load_1.3W_soc_70,0.300000,1080.000000,60
0.082808,0.996566,55.000000,0.660000,0.000000,7.639591,67.474438,1.300000,64.000000,75.000000,0,1,1,1,0,0,0,0,0,0.000000,1.300000,66.411043,106,T1_aug_night_load_1.3W_soc_70,0.316667,1140.000000,60
0.087156,0.996195,55.000000,0.660000,0.000000,7.637464,67.341513,1.300000,64.000000,75.000000,0,1,1,1,0,0,0,0,0,0.000000,1.300000,66.278119,106,T1_aug_night_load_1.3W_soc_70,0.333333,1200.000000,60
0.091502,0.995805,55.000000,0.660000,0.000000,7.635337,67.208589,1.300000,64.000000,75.000000,0,1,1,1,0,0,0,0,0,0.000000,1.300000,66.145194,106,T1_aug_night_load_1.3W_soc_70,0.350000,1260.000000,60
0.095846,0.995396,55.000000,0.660000,0.000000,7.633211,67.075665,1.300000,64.000000,75.000000,0,1,1,1,0,0,0,0,0,0.000000,1.300000,66.012270,106,T1_aug_night_load_1.3W_soc_70,0.366667,1320.000000,60
0.100188,0.994969,55.000000,0.660000,0.000000,7.631084,66.942740,1.300000,64.000000,75.000000,0,1,1,1,0,0,0,0,0,0.000000,1.300000,65.879346,106,T1_aug_night_load_1.3W_soc_70,0.383333,1380.000000,60
0.104528,0.994522,55.000000,0.660000,0.000000,7.628957,66.809816,1.300000,64.000000,75.000000,0,1,1,1,0,0,0,0,0,0.000000,1.300000,65.746421,106,T1_aug_night_load_1.3W_soc_70,0.400000,1440.000000,60
0.108867,0.994056,55.000000,0.660000,0.000000,7.626830,66.676892,1.300000,64.000000,75.000000,0,1,1,1,0,0,0,0,0,0.000000,1.300000,65.613497,106,T1_aug_night_load_1.3W_soc_70,0.416667,1500.000000,60
0.113203,0.993572,55.000000,0.660000,0.000000,7.624703,66.543967,1.300000,64.000000,75.000000,0,1,1,1,0,0,0,0,0,0.000000,1.300000,65.480573,106,T1_aug_night_load_1.3W_soc_70,0.433333,1560.000000,60
0.117537,0.993068,55.000000,0.660000,0.000000,7.622577,66.411043,1.300000,64.000000,75.000000,0,1,1,1,0,0,0,0,0,0.000000,1.300000,65.347648,106,T1_aug_night_load_1.3W_soc_70,0.450000,1620.000000,60
0.121869,0.992546,55.000000,0.660000,0.000000,7.620450,66.278119,1.300000,64.000000,75.000000,0,1,1,1,0,0,0,0,0,0.000000,1.300000,65.214724,106,T1_aug_night_load_1.3W_soc_70,0.466667,1680.000000,60
0.126199,0.992005,55.000000,0.660000,0.000000,7.618323,66.145194,1.300000,64.000000,75.000000,0,1,1,1,0,0,0,0,0,0.000000,1.300000,65.081800,106,T1_aug_night_load_1.3W_soc_70,0.483333,1740.000000,60
0.130526,0.991445,55.000000,0.660000,0.000000,7.616196,66.012270,1.300000,64.000000,75.000000,0,1,1,1,0,0,0,0,0,0.000000,1.300000,64.948875,106,T1_aug_night_load_1.3W_soc_70,0.500000,1800.000000,60
0.134851,0.990866,55.000000,0.660000,0.000000,7.614070,65.879346,1.300000,64.000000,75.000000,0,1,1,1,0,0,0,0,0,0.000000,1.300000,64.815951,106,T1_aug_night_load_1.3W_soc_70,0.516667,1860.000000,60
0.139173,0.990268,55.000000,0.660000,0.000000,7.611943,65.746421,1.300000,64.000000,75.000000,0,1,1,1,0,0,0,0,0,0.000000,1.300000,64.683027,106,T1_aug_night_load_1.3W_soc_70,0.533333,1920.000000,60
0.143493,0.989651,55.000000,0.660000,0.000000,7.609816,65.613497,1.300000,64.000000,75.000000,0,1,1,1,0,0,0,0,0,0.000000,1.300000,64.550102,106,T1_aug_night_load_1.3W_soc_70,0.550000,1980.000000,60
0.147809,0.989016,55.000000,0.660000,0.000000,7.607689,65.480573,1.300000,64.000000,75.000000,0,1,1,1,0,0,0,0,0,0.000000,1.300000,64.417178,106,T1_aug_night_load_1.3W_soc_70,0.566667,2040.000000,60
0.152123,0.988362,55.000000,0.660000,0.000000,7.605562,65.347648,1.300000,64.000000,75.000000,0,1,1,1,0,0,0,0,0,0.000000,1.300000,64.284254,106,T1_aug_night_load_1.3W_soc_70,0.583333,2100.000000,60
0.156434,0.987688,55.000000,0.660000,0.000000,7.603436,65.214724,1.300000,64.000000,75.000000,0,1,1,1,0,0,0,0,0,0.000000,1.300000,64.151329,106,T1_aug_night_load_1.3W_soc_70,0.600000,2160.000000,60
0.160743,0.986996,55.000000,0.660000,0.000000,7.601309,65.081800,1.300000,64.000000,75.000000,0,1,1,1,0,0,0,0,0,0.000000,1.300000,64.018405,106,T1_aug_night_load_1.3W_soc_70,0.616667,2220.000000,60
0.165048,0.986286,55.000000,0.660000,0.000000,7.599182,64.948875,1.300000,64.000000,75.000000,0,1,1,1,0,0,0,0,0,0.000000,1.300000,63.885481,106,T1_aug_night_load_1.3W_soc_70,0.633333,2280.000000,60
0.169350,0.985556,55.000000,0.660000,0.000000,7.597055,64.815951,1.300000,64.000000,75.000000,0,1,1,1,0,0,0,0,0,0.000000,1.300000,63.752556,106,T1_aug_night_load_1.3W_soc_70,0.650000,2340.000000,60
0.173648,0.984808,55.000000,0.660000,0.000000,7.594928,64.683027,1.300000,64.000000,75.000000,0,1,1,1,0,0,0,0,0,0.000000,1.300000,63.619632,106,T1_aug_night_load_1.3W_soc_70,0.666667,2400.000000,60
0.177944,0.984041,55.000000,0.660000,0.000000,7.592802,64.550102,1.300000,64.000000,75.000000,0,1,1,1,0,0,0,0,0,0.000000,1.300000,63.486708,106,T1_aug_night_load_1.3W_soc_70,0.683333,2460.000000,60
0.182236,0.983255,55.000000,0.660000,0.000000,7.590675,64.417178,1.300000,64.000000,75.000000,0,1,1,1,0,0,0,0,0,0.000000,1.300000,63.353783,106,T1_aug_night_load_1.3W_soc_70,0.700000,2520.000000,60
0.186524,0.982450,55.000000,0.660000,0.000000,7.588548,64.284254,1.300000,64.000000,75.000000,0,1,1,1,0,0,0,0,0,0.000000,1.300000,63.220859,106,T1_aug_night_load_1.3W_soc_70,0.716667,2580.000000,60
0.190809,0.981627,55.000000,0.660000,0.000000,7.586421,64.151329,1.300000,64.000000,75.000000,0,1,1,1,0,0,0,0,0,0.000000,1.300000,63.087935,106,T1_aug_night_load_1.3W_soc_70,0.733333,2640.000000,60
0.195090,0.980785,55.000000,0.660000,0.000000,7.584294,64.018405,1.300000,64.000000,75.000000,0,1,1,1,0,0,0,0,0,0.000000,1.300000,62.955010,106,T1_aug_night_load_1.3W_soc_70,0.750000,2700.000000,60
0.199368,0.979925,55.000000,0.660000,0.000000,7.582168,63.885481,1.300000,64.000000,75.000000,0,1,1,1,0,0,0,0,0,0.000000,1.300000,62.822086,106,T1_aug_night_load_1.3W_soc_70,0.766667,2760.000000,60
0.203642,0.979045,55.000000,0.660000,0.000000,7.580041,63.752556,1.300000,64.000000,75.000000,0,1,1,1,0,0,0,0,0,0.000000,1.300000,62.689162,106,T1_aug_night_load_1.3W_soc_70,0.783333,2820.000000,60
0.207912,0.978148,55.000000,0.660000,0.000000,7.577914,63.619632,1.300000,64.000000,75.000000,0,1,1,1,0,0,0,0,0,0.000000,1.300000,62.556237,106,T1_aug_night_load_1.3W_soc_70,0.800000,2880.000000,60
0.212178,0.977231,55.000000,0.660000,0.000000,7.575787,63.486708,1.300000,64.000000,75.000000,0,1,1,1,0,0,0,0,0,0.000000,1.300000,62.423313,106,T1_aug_night_load_1.3W_soc_70,0.816667,2940.000000,60
0.216440,0.976296,55.000000,0.660000,0.000000,7.573661,63.353783,1.300000,64.000000,75.000000,0,1,1,1,0,0,0,0,0,0.000000,1.300000,62.290389,106,T1_aug_night_load_1.3W_soc_70,0.833333,3000.000000,60
0.220697,0.975342,55.000000,0.660000,0.000000,7.571534,63.220859,1.300000,64.000000,75.000000,0,1,1,1,0,0,0,0,0,0.000000,1.300000,62.157464,106,T1_aug_night_load_1.3W_soc_70,0.850000,3060.000000,60
0.224951,0.974370,55.000000,0.660000,0.000000,7.569407,63.087935,1.300000,64.000000,75.000000,0,1,1,1,0,0,0,0,0,0.000000,1.300000,62.024540,106,T1_aug_night_load_1.3W_soc_70,0.866667,3120.000000,60
0.229200,0.973379,55.000000,0.660000,0.000000,7.567280,62.955010,1.300000,64.000000,75.000000,0,1,1,1,0,0,0,0,0,0.000000,1.300000,61.891616,106,T1_aug_night_load_1.3W_soc_70,0.883333,3180.000000,60
0.233445,0.972370,55.000000,0.660000,0.000000,7.565153,62.822086,1.300000,64.000000,75.000000,0,1,1,1,0,0,0,0,0,0.000000,1.300000,61.758691,106,T1_aug_night_load_1.3W_soc_70,0.900000,3240.000000,60
0.237686,0.971342,55.000000,0.660000,0.000000,7.563027,62.689162,1.300000,64.000000,75.000000,0,1,1,1,0,0,0,0,0,0.000000,1.300000,61.625767,106,T1_aug_night_load_1.3W_soc_70,0.916667,3300.000000,60
0.241922,0.970296,55.000000,0.660000,0.000000,7.560900,62.556237,1.300000,64.000000,75.000000,0,1,1,1,0,0,0,0,0,0.000000,1.300000,61.492843,106,T1_aug_night_load_1.3W_soc_70,0.933333,3360.000000,60
0.246153,0.969231,55.000000,0.660000,0.000000,7.558773,62.423313,1.300000,64.000000,75.000000,0,1,1,1,0,0,0,0,0,0.000000,1.300000,61.359918,106,T1_aug_night_load_1.3W_soc_70,0.950000,3420.000000,60
0.250380,0.968148,55.000000,0.660000,0.000000,7.556646,62.290389,1.300000,64.000000,75.000000,0,1,1,1,0,0,0,0,0,0.000000,1.300000,61.226994,106,T1_aug_night_load_1.3W_soc_70,0.966667,3480.000000,60
0.254602,0.967046,55.000000,0.660000,0.000000,7.554519,62.157464,1.300000,64.000000,75.000000,0,1,1,1,0,0,0,0,0,0.000000,1.300000,61.094070,106,T1_aug_night_load_1.3W_soc_70,0.983333,3540.000000,60
0.258819,0.965926,55.000000,0.660000,0.000000,7.552393,62.024540,1.300000,64.000000,75.000000,0,1,1,1,0,0,0,0,0,0.000000,1.300000,60.961145,106,T1_aug_night_load_1.3W_soc_70,1.000000,3600.000000,60
0.263031,0.964787,55.000000,0.660000,0.000000,7.550266,61.891616,1.300000,64.000000,75.000000,0,1,1,1,0,0,0,0,0,0.000000,1.300000,60.828221,106,T1_aug_night_load_1.3W_soc_70,1.016667,3660.000000,60
0.267238,0.963630,55.000000,0.660000,0.000000,7.548139,61.758691,1.300000,64.000000,75.000000,0,1,1,1,0,0,0,0,0,0.000000,1.300000,60.695297,106,T1_aug_night_load_1.3W_soc_70,1.033333,3720.000000,60
0.271440,0.962455,55.000000,0.660000,0.000000,7.546012,61.625767,1.300000,64.000000,75.000000,0,1,1,1,0,0,0,0,0,0.000000,1.300000,60.562372,106,T1_aug_night_load_1.3W_soc_70,1.050000,3780.000000,60
0.275637,0.961262,55.000000,0.660000,0.000000,7.543885,61.492843,1.300000,64.000000,75.000000,0,1,1,1,0,0,0,0,0,0.000000,1.300000,60.429448,106,T1_aug_night_load_1.3W_soc_70,1.066667,3840.000000,60
0.279829,0.960050,55.000000,0.660000,0.000000,7.541759,61.359918,1.300000,64.000000,75.000000,0,1,1,1,0,0,0,0,0,0.000000,1.300000,60.296524,106,T1_aug_night_load_1.3W_soc_70,1.083333,3900.000000,60
0.284015,0.958820,55.000000,0.660000,0.000000,7.539632,61.226994,1.300000,64.000000,75.000000,0,1,1,1,0,0,0,0,0,0.000000,1.300000,60.163599,106,T1_aug_night_load_1.3W_soc_70,1.100000,3960.000000,60
0.288196,0.957571,55.000000,0.660000,0.000000,7.537505,61.094070,1.300000,64.000000,75.000000,0,1,1,1,0,0,0,0,0,0.000000,1.300000,60.030675,106,T1_aug_night_load_1.3W_soc_70,1.116667,4020.000000,60
0.292372,0.956305,55.000000,0.660000,0.000000,7.535378,60.961145,1.300000,64.000000,75.000000,0,1,1,1,0,0,0,0,0,0.000000,1.300000,59.897751,106,T1_aug_night_load_1.3W_soc_70,1.133333,4080.000000,60
0.296542,0.955020,55.000000,0.660000,0.000000,7.533252,60.828221,1.300000,64.000000,75.000000,0,1,1,1,0,0,0,0,0,0.000000,1.300000,59.764826,106,T1_aug_night_load_1.3W_soc_70,1.150000,4140.000000,60
0.300706,0.953717,55.000000,0.660000,0.000000,7.531125,60.695297,1.300000,64.000000,75.000000,0,1,1,1,0,0,0,0,0,0.000000,1.300000,59.631902,106,T1_aug_night_load_1.3W_soc_70,1.166667,4200.000000,60
0.304864,0.952396,55.000000,0.660000,0.000000,7.528998,60.562372,1.300000,64.000000,75.000000,0,1,1,1,0,0,0,0,0,0.000000,1.300000,59.498978,106,T1_aug_night_load_1.3W_soc_70,1.183333,4260.000000,60
0.309017,0.951057,55.000000,0.660000,0.000000,7.526871,60.429448,1.300000,64.000000,75.000000,0,1,1,1,0,0,0,0,0,0.000000,1.300000,59.366053,106,T1_aug_night_load_1.3W_soc_70,1.200000,4320.000000,60
0.313164,0.949699,55.000000,0.660000,0.000000,7.524744,60.296524,1.300000,64.000000,75.000000,0,1,1,1,0,0,0,0,0,0.000000,1.300000,59.233129,106,T1_aug_night_load_1.3W_soc_70,1.216667,4380.000000,60
0.317305,0.948324,55.000000,0.660000,0.000000,7.522618,60.163599,1.300000,64.000000,75.000000,0,1,1,1,0,0,0,0,0,0.000000,1.300000,59.100204,106,T1_aug_night_load_1.3W_soc_70,1.233333,4440.000000,60
0.321439,0.946930,55.000000,0.660000,0.000000,7.520491,60.030675,1.300000,64.000000,75.000000,0,1,1,1,0,0,0,0,0,0.000000,1.300000,58.967280,106,T1_aug_night_load_1.3W_soc_70,1.250000,4500.000000,60
0.325568,0.945519,55.000000,0.660000,0.000000,7.518364,59.897751,1.300000,64.000000,75.000000,0,1,1,1,0,0,0,0,0,0.000000,1.300000,58.834356,106,T1_aug_night_load_1.3W_soc_70,1.266667,4560.000000,60
0.329691,0.944089,55.000000,0.660000,0.000000,7.516237,59.764826,1.300000,64.000000,75.000000,0,1,1,1,0,0,0,0,0,0.000000,1.300000,58.701431,106,T1_aug_night_load_1.3W_soc_70,1.283333,4620.000000,60
0.333807,0.942641,55.000000,0.660000,0.000000,7.514110,59.631902,1.300000,64.000000,75.000000,0,1,1,1,0,0,0,0,0,0.000000,1.300000,58.568507,106,T1_aug_night_load_1.3W_soc_70,1.300000,4680.000000,60
0.337917,0.941176,55.000000,0.660000,0.000000,7.511984,59.498978,1.300000,64.000000,75.000000,0,1,1,1,0,0,0,0,0,0.000000,1.300000,58.435583,106,T1_aug_night_load_1.3W_soc_70,1.316667,4740.000000,60
0.342020,0.939693,55.000000,0.660000,0.000000,7.509857,59.366053,1.300000,64.000000,75.000000,0,1,1,1,0,0,0,0,0,0.000000,1.300000,58.302658,106,T1_aug_night_load_1.3W_soc_70,1.333333,4800.000000,60
0.346117,0.938191,55.000000,0.660000,0.000000,7.507730,59.233129,1.300000,64.000000,75.000000,0,1,1,1,0,0,0,0,0,0.000000,1.300000,58.169734,106,T1_aug_night_load_1.3W_soc_70,1.350000,4860.000000,60
0.350207,0.936672,55.000000,0.660000,0.000000,7.505603,59.100204,1.300000,64.000000,75.000000,0,1,1,1,0,0,0,0,0,0.000000,1.300000,58.036810,106,T1_aug_night_load_1.3W_soc_70,1.366667,4920.000000,60
0.354291,0.935135,55.000000,0.660000,0.000000,7.503476,58.967280,1.300000,64.000000,75.000000,0,1,1,1,0,0,0,0,0,0.000000,1.300000,57.903885,106,T1_aug_night_load_1.3W_soc_70,1.383333,4980.000000,60
0.358368,0.933580,55.000000,0.660000,0.000000,7.501350,58.834356,1.300000,64.000000,75.000000,0,1,1,1,0,0,0,0,0,0.000000,1.300000,57.770961,106,T1_aug_night_load_1.3W_soc_70,1.400000,5040.000000,60
0.362438,0.932008,55.000000,0.660000,0.000000,7.499223,58.701431,1.300000,64.000000,75.000000,0,1,1,1,0,0,0,0,0,0.000000,1.300000,57.638037,106,T1_aug_night_load_1.3W_soc_70,1.416667,5100.000000,60
0.366501,0.930418,55.000000,0.660000,0.000000,7.497096,58.568507,1.300000,64.000000,75.000000,0,1,1,1,0,0,0,0,0,0.000000,1.300000,57.505112,106,T1_aug_night_load_1.3W_soc_70,1.433333,5160.000000,60
0.370557,0.928810,55.000000,0.660000,0.000000,7.494969,58.435583,1.300000,64.000000,75.000000,0,1,1,1,0,0,0,0,0,0.000000,1.300000,57.372188,106,T1_aug_night_load_1.3W_soc_70,1.450000,5220.000000,60
0.374607,0.927184,55.000000,0.660000,0.000000,7.492843,58.302658,1.300000,64.000000,75.000000,0,1,1,1,0,0,0,0,0,0.000000,1.300000,57.239264,106,T1_aug_night_load_1.3W_soc_70,1.466667,5280.000000,60
0.378649,0.925541,55.000000,0.660000,0.000000,7.490716,58.169734,1.300000,64.000000,75.000000,0,1,1,1,0,0,0,0,0,0.000000,1.300000,57.106339,106,T1_aug_night_load_1.3W_soc_70,1.483333,5340.000000,60
0.382683,0.923880,55.000000,0.660000,0.000000,7.488589,58.036810,1.300000,64.000000,75.000000,0,1,1,1,0,0,0,0,0,0.000000,1.300000,56.973415,106,T1_aug_night_load_1.3W_soc_70,1.500000,5400.000000,60
0.386711,0.922201,55.000000,0.660000,0.000000,7.486462,57.903885,1.300000,64.000000,75.000000,0,1,1,1,0,0,0,0,0,0.000000,1.300000,56.840491,106,T1_aug_night_load_1.3W_soc_70,1.516667,5460.000000,60
0.390731,0.920505,55.000000,0.660000,0.000000,7.484335,57.770961,1.300000,64.000000,75.000000,0,1,1,1,0,0,0,0,0,0.000000,1.300000,56.707566,106,T1_aug_night_load_1.3W_soc_70,1.533333,5520.000000,60
0.394744,0.918791,55.000000,0.660000,0.000000,7.482209,57.638037,1.300000,64.000000,75.000000,0,1,1,1,0,0,0,0,0,0.000000,1.300000,56.574642,106,T1_aug_night_load_1.3W_soc_70,1.550000,5580.000000,60
0.398749,0.917060,55.000000,0.660000,0.000000,7.480082,57.505112,1.300000,64.000000,75.000000,0,1,1,1,0,0,0,0,0,0.000000,1.300000,56.441718,106,T1_aug_night_load_1.3W_soc_70,1.566667,5640.000000,60
0.402747,0.915311,55.000000,0.660000,0.000000,7.477955,57.372188,1.300000,64.000000,75.000000,0,1,1,1,0,0,0,0,0,0.000000,1.300000,56.308793,106,T1_aug_night_load_1.3W_soc_70,1.583333,5700.000000,60
0.406737,0.913545,55.000000,0.660000,0.000000,7.475828,57.239264,1.300000,64.000000,75.000000,0,1,1,1,0,0,0,0,0,0.000000,1.300000,56.175869,106,T1_aug_night_load_1.3W_soc_70,1.600000,5760.000000,60
0.410719,0.911762,55.000000,0.660000,0.000000,7.473701,57.106339,1.300000,64.000000,75.000000,0,1,1,1,0,0,0,0,0,0.000000,1.300000,56.042945,106,T1_aug_night_load_1.3W_soc_70,1.616667,5820.000000,60
0.414693,0.909961,55.000000,0.660000,0.000000,7.471575,56.973415,1.300000,64.000000,75.000000,0,1,1,1,0,0,0,0,0,0.000000,1.300000,55.910020,106,T1_aug_night_load_1.3W_soc_70,1.633333,5880.000000,60
0.418660,0.908143,55.000000,0.660000,0.000000,7.469448,56.840491,1.300000,64.000000,75.000000,0,1,1,1,0,0,0,0,0,0.000000,1.300000,55.777096,106,T1_aug_night_load_1.3W_soc_70,1.650000,5940.000000,60
0.422618,0.906308,55.000000,0.660000,0.000000,7.467321,56.707566,1.300000,64.000000,75.000000,0,1,1,1,0,0,0,0,0,0.000000,1.300000,55.644172,106,T1_aug_night_load_1.3W_soc_70,1.666667,6000.000000,60
0.426569,0.904455,55.000000,0.660000,0.000000,7.465194,56.574642,1.300000,64.000000,75.000000,0,1,1,1,0,0,0,0,0,0.000000,1.300000,55.511247,106,T1_aug_night_load_1.3W_soc_70,1.683333,6060.000000,60
0.430511,0.902585,55.000000,0.660000,0.000000,7.463067,56.441718,1.300000,64.000000,75.000000,0,1,1,1,0,0,0,0,0,0.000000,1.300000,55.378323,106,T1_aug_night_load_1.3W_soc_70,1.700000,6120.000000,60
0.434445,0.900698,55.000000,0.660000,0.000000,7.460941,56.308793,1.300000,64.000000,75.000000,0,1,1,1,0,0,0,0,0,0.000000,1.300000,55.245399,106,T1_aug_night_load_1.3W_soc_70,1.716667,6180.000000,60
0.438371,0.898794,55.000000,0.660000,0.000000,7.458814,56.175869,1.300000,64.000000,75.000000,0,1,1,1,0,0,0,0,0,0.000000,1.300000,55.112474,106,T1_aug_night_load_1.3W_soc_70,1.733333,6240.000000,60
0.442289,0.896873,55.000000,0.660000,0.000000,7.456687,56.042945,1.300000,64.000000,75.000000,0,1,1,1,0,0,0,0,0,0.000000,1.300000,54.979550,106,T1_aug_night_load_1.3W_soc_70,1.750000,6300.000000,60
0.446198,0.894934,55.000000,0.660000,0.000000,7.454560,55.910020,1.300000,64.000000,75.000000,0,1,1,1,0,0,0,0,0,0.000000,1.300000,54.846626,106,T1_aug_night_load_1.3W_soc_70,1.766667,6360.000000,60
0.450098,0.892979,55.000000,0.660000,0.000000,7.452434,55.777096,1.300000,64.000000,75.000000,0,1,1,1,0,0,0,0,0,0.000000,1.300000,54.713701,106,T1_aug_night_load_1.3W_soc_70,1.783333,6420.000000,60
0.453990,0.891007,55.000000,0.660000,0.000000,7.450307,55.644172,1.300000,64.000000,75.000000,0,1,1,1,0,0,0,0,0,0.000000,1.300000,54.580777,106,T1_aug_night_load_1.3W_soc_70,1.800000,6480.000000,60
0.457874,0.889017,55.000000,0.660000,0.000000,7.448180,55.511247,1.300000,64.000000,75.000000,0,1,1,1,0,0,0,0,0,0.000000,1.300000,54.447853,106,T1_aug_night_load_1.3W_soc_70,1.816667,6540.000000,60
0.461749,0.887011,55.000000,0.660000,0.000000,7.446053,55.378323,1.300000,64.000000,75.000000,0,1,1,1,0,0,0,0,0,0.000000,1.300000,54.314928,106,T1_aug_night_load_1.3W_soc_70,1.833333,6600.000000,60
0.465615,0.884988,55.000000,0.660000,0.000000,7.443926,55.245399,1.300000,64.000000,75.000000,0,1,1,1,0,0,0,0,0,0.000000,1.300000,54.248466,106,T1_aug_night_load_1.3W_soc_70,1.850000,6660.000000,60
0.469472,0.882948,55.000000,0.660000,0.000000,7.441800,55.112474,1.300000,64.000000,75.000000,0,1,1,1,0,0,0,0,0,0.000000,1.300000,54.182004,106,T1_aug_night_load_1.3W_soc_70,1.866667,6720.000000,60
0.473320,0.880891,55.000000,0.660000,0.000000,7.439673,54.979550,1.300000,64.000000,75.000000,0,1,1,1,0,0,0,0,0,0.000000,1.300000,54.115542,106,T1_aug_night_load_1.3W_soc_70,1.883333,6780.000000,60
0.477159,0.878817,55.000000,0.660000,0.000000,7.437546,54.846626,1.300000,64.000000,75.000000,0,1,1,1,0,0,0,0,0,0.000000,1.300000,54.049080,106,T1_aug_night_load_1.3W_soc_70,1.900000,6840.000000,60
0.000000,1.000000,55.000000,0.660000,0.000000,7.840000,80.000000,1.300000,64.000000,75.000000,0,1,1,1,0,0,0,0,0,0.000000,1.300000,78.670757,107,T1_aug_night_load_1.3W_soc_80,0.000000,0.000000,60
0.004363,0.999990,55.000000,0.660000,0.000000,7.837873,79.867076,1.300000,64.000000,75.000000,0,1,1,1,0,0,0,0,0,0.000000,1.300000,78.604294,107,T1_aug_night_load_1.3W_soc_80,0.016667,60.000000,60
0.008727,0.999962,55.000000,0.660000,0.000000,7.835746,79.734151,1.300000,64.000000,75.000000,0,1,1,1,0,0,0,0,0,0.000000,1.300000,78.537832,107,T1_aug_night_load_1.3W_soc_80,0.033333,120.000000,60
0.013090,0.999914,55.000000,0.660000,0.000000,7.833620,79.601227,1.300000,64.000000,75.000000,0,1,1,1,0,0,0,0,0,0.000000,1.300000,78.471370,107,T1_aug_night_load_1.3W_soc_80,0.050000,180.000000,60
0.017452,0.999848,55.000000,0.660000,0.000000,7.831493,79.468303,1.300000,64.000000,75.000000,0,1,1,1,0,0,0,0,0,0.000000,1.300000,78.404908,107,T1_aug_night_load_1.3W_soc_80,0.066667,240.000000,60
0.021815,0.999762,55.000000,0.660000,0.000000,7.829366,79.335378,1.300000,64.000000,75.000000,0,1,1,1,0,0,0,0,0,0.000000,1.300000,78.271984,107,T1_aug_night_load_1.3W_soc_80,0.083333,300.000000,60
0.026177,0.999657,55.000000,0.660000,0.000000,7.827239,79.202454,1.300000,64.000000,75.000000,0,1,1,1,0,0,0,0,0,0.000000,1.300000,78.139059,107,T1_aug_night_load_1.3W_soc_80,0.100000,360.000000,60
0.030539,0.999534,55.000000,0.660000,0.000000,7.825112,79.069530,1.300000,64.000000,75.000000,0,1,1,1,0,0,0,0,0,0.000000,1.300000,78.006135,107,T1_aug_night_load_1.3W_soc_80,0.116667,420.000000,60
0.034899,0.999391,55.000000,0.660000,0.000000,7.822986,78.936605,1.300000,64.000000,75.000000,0,1,1,1,0,0,0,0,0,0.000000,1.300000,77.873211,107,T1_aug_night_load_1.3W_soc_80,0.133333,480.000000,60
0.039260,0.999229,55.000000,0.660000,0.000000,7.820859,78.803681,1.300000,64.000000,75.000000,0,1,1,1,0,0,0,0,0,0.000000,1.300000,77.740286,107,T1_aug_night_load_1.3W_soc_80,0.150000,540.000000,60
0.043619,0.999048,55.000000,0.660000,0.000000,7.818732,78.670757,1.300000,64.000000,75.000000,0,1,1,1,0,0,0,0,0,0.000000,1.300000,77.607362,107,T1_aug_night_load_1.3W_soc_80,0.166667,600.000000,60
0.047978,0.998848,55.000000,0.660000,0.000000,7.816605,78.537832,1.300000,64.000000,75.000000,0,1,1,1,0,0,0,0,0,0.000000,1.300000,77.474438,107,T1_aug_night_load_1.3W_soc_80,0.183333,660.000000,60
0.052336,0.998630,55.000000,0.660000,0.000000,7.814479,78.404908,1.300000,64.000000,75.000000,0,1,1,1,0,0,0,0,0,0.000000,1.300000,77.341513,107,T1_aug_night_load_1.3W_soc_80,0.200000,720.000000,60
0.056693,0.998392,55.000000,0.660000,0.000000,7.812352,78.271984,1.300000,64.000000,75.000000,0,1,1,1,0,0,0,0,0,0.000000,1.300000,77.208589,107,T1_aug_night_load_1.3W_soc_80,0.216667,780.000000,60
0.061049,0.998135,55.000000,0.660000,0.000000,7.810225,78.139059,1.300000,64.000000,75.000000,0,1,1,1,0,0,0,0,0,0.000000,1.300000,77.075665,107,T1_aug_night_load_1.3W_soc_80,0.233333,840.000000,60
0.065403,0.997859,55.000000,0.660000,0.000000,7.808098,78.006135,1.300000,64.000000,75.000000,0,1,1,1,0,0,0,0,0,0.000000,1.300000,76.942740,107,T1_aug_night_load_1.3W_soc_80,0.250000,900.000000,60
0.069756,0.997564,55.000000,0.660000,0.000000,7.805971,77.873211,1.300000,64.000000,75.000000,0,1,1,1,0,0,0,0,0,0.000000,1.300000,76.809816,107,T1_aug_night_load_1.3W_soc_80,0.266667,960.000000,60
0.074108,0.997250,55.000000,0.660000,0.000000,7.803845,77.740286,1.300000,64.000000,75.000000,0,1,1,1,0,0,0,0,0,0.000000,1.300000,76.676892,107,T1_aug_night_load_1.3W_soc_80,0.283333,1020.000000,60
0.078459,0.996917,55.000000,0.660000,0.000000,7.801718,77.607362,1.300000,64.000000,75.000000,0,1,1,1,0,0,0,0,0,0.000000,1.300000,76.543967,107,T1_aug_night_load_1.3W_soc_80,0.300000,1080.000000,60
0.082808,0.996566,55.000000,0.660000,0.000000,7.799591,77.474438,1.300000,64.000000,75.000000,0,1,1,1,0,0,0,0,0,0.000000,1.300000,76.411043,107,T1_aug_night_load_1.3W_soc_80,0.316667,1140.000000,60
0.087156,0.996195,55.000000,0.660000,0.000000,7.797464,77.341513,1.300000,64.000000,75.000000,0,1,1,1,0,0,0,0,0,0.000000,1.300000,76.278119,107,T1_aug_night_load_1.3W_soc_80,0.333333,1200.000000,60
0.091502,0.995805,55.000000,0.660000,0.000000,7.795337,77.208589,1.300000,64.000000,75.000000,0,1,1,1,0,0,0,0,0,0.000000,1.300000,76.145194,107,T1_aug_night_load_1.3W_soc_80,0.350000,1260.000000,60
0.095846,0.995396,55.000000,0.660000,0.000000,7.793211,77.075665,1.300000,64.000000,75.000000,0,1,1,1,0,0,0,0,0,0.000000,1.300000,76.012270,107,T1_aug_night_load_1.3W_soc_80,0.366667,1320.000000,60
0.100188,0.994969,55.000000,0.660000,0.000000,7.791084,76.942740,1.300000,64.000000,75.000000,0,1,1,1,0,0,0,0,0,0.000000,1.300000,75.879346,107,T1_aug_night_load_1.3W_soc_80,0.383333,1380.000000,60
0.104528,0.994522,55.000000,0.660000,0.000000,7.788957,76.809816,1.300000,64.000000,75.000000,0,1,1,1,0,0,0,0,0,0.000000,1.300000,75.746421,107,T1_aug_night_load_1.3W_soc_80,0.400000,1440.000000,60
0.108867,0.994056,55.000000,0.660000,0.000000,7.786830,76.676892,1.300000,64.000000,75.000000,0,1,1,1,0,0,0,0,0,0.000000,1.300000,75.613497,107,T1_aug_night_load_1.3W_soc_80,0.416667,1500.000000,60
0.113203,0.993572,55.000000,0.660000,0.000000,7.784703,76.543967,1.300000,64.000000,75.000000,0,1,1,1,0,0,0,0,0,0.000000,1.300000,75.480573,107,T1_aug_night_load_1.3W_soc_80,0.433333,1560.000000,60
0.117537,0.993068,55.000000,0.660000,0.000000,7.782577,76.411043,1.300000,64.000000,75.000000,0,1,1,1,0,0,0,0,0,0.000000,1.300000,75.347648,107,T1_aug_night_load_1.3W_soc_80,0.450000,1620.000000,60
0.121869,0.992546,55.000000,0.660000,0.000000,7.780450,76.278119,1.300000,64.000000,75.000000,0,1,1,1,0,0,0,0,0,0.000000,1.300000,75.214724,107,T1_aug_night_load_1.3W_soc_80,0.466667,1680.000000,60
0.126199,0.992005,55.000000,0.660000,0.000000,7.778323,76.145194,1.300000,64.000000,75.000000,0,1,1,1,0,0,0,0,0,0.000000,1.300000,75.081800,107,T1_aug_night_load_1.3W_soc_80,0.483333,1740.000000,60
0.130526,0.991445,55.000000,0.660000,0.000000,7.776196,76.012270,1.300000,64.000000,75.000000,0,1,1,1,0,0,0,0,0,0.000000,1.300000,74.948875,107,T1_aug_night_load_1.3W_soc_80,0.500000,1800.000000,60
0.134851,0.990866,55.000000,0.660000,0.000000,7.774070,75.879346,1.300000,64.000000,75.000000,0,1,1,1,0,0,0,0,0,0.000000,1.300000,74.815951,107,T1_aug_night_load_1.3W_soc_80,0.516667,1860.000000,60
0.139173,0.990268,55.000000,0.660000,0.000000,7.771943,75.746421,1.300000,64.000000,75.000000,0,1,1,1,0,0,0,0,0,0.000000,1.300000,74.683027,107,T1_aug_night_load_1.3W_soc_80,0.533333,1920.000000,60
0.143493,0.989651,55.000000,0.660000,0.000000,7.769816,75.613497,1.300000,64.000000,75.000000,0,1,1,1,0,0,0,0,0,0.000000,1.300000,74.550102,107,T1_aug_night_load_1.3W_soc_80,0.550000,1980.000000,60
0.147809,0.989016,55.000000,0.660000,0.000000,7.767689,75.480573,1.300000,64.000000,75.000000,0,1,1,1,0,0,0,0,0,0.000000,1.300000,74.417178,107,T1_aug_night_load_1.3W_soc_80,0.566667,2040.000000,60
0.152123,0.988362,55.000000,0.660000,0.000000,7.765562,75.347648,1.300000,64.000000,75.000000,0,1,1,1,0,0,0,0,0,0.000000,1.300000,74.284254,107,T1_aug_night_load_1.3W_soc_80,0.583333,2100.000000,60
0.156434,0.987688,55.000000,0.660000,0.000000,7.763436,75.214724,1.300000,64.000000,75.000000,0,1,1,1,0,0,0,0,0,0.000000,1.300000,74.151329,107,T1_aug_night_load_1.3W_soc_80,0.600000,2160.000000,60
0.160743,0.986996,55.000000,0.660000,0.000000,7.761309,75.081800,1.300000,64.000000,75.000000,0,1,1,1,0,0,0,0,0,0.000000,1.300000,74.018405,107,T1_aug_night_load_1.3W_soc_80,0.616667,2220.000000,60
0.165048,0.986286,55.000000,0.660000,0.000000,7.759182,74.948875,1.300000,64.000000,75.000000,0,1,1,1,0,0,0,0,0,0.000000,1.300000,73.885481,107,T1_aug_night_load_1.3W_soc_80,0.633333,2280.000000,60
0.169350,0.985556,55.000000,0.660000,0.000000,7.757055,74.815951,1.300000,64.000000,75.000000,0,1,1,1,0,0,0,0,0,0.000000,1.300000,73.752556,107,T1_aug_night_load_1.3W_soc_80,0.650000,2340.000000,60
0.173648,0.984808,55.000000,0.660000,0.000000,7.754928,74.683027,1.300000,64.000000,75.000000,0,1,1,1,0,0,0,0,0,0.000000,1.300000,73.619632,107,T1_aug_night_load_1.3W_soc_80,0.666667,2400.000000,60
0.177944,0.984041,55.000000,0.660000,0.000000,7.752802,74.550102,1.300000,64.000000,75.000000,0,1,1,1,0,0,0,0,0,0.000000,1.300000,73.486708,107,T1_aug_night_load_1.3W_soc_80,0.683333,2460.000000,60
0.182236,0.983255,55.000000,0.660000,0.000000,7.750675,74.417178,1.300000,64.000000,75.000000,0,1,1,1,0,0,0,0,0,0.000000,1.300000,73.353783,107,T1_aug_night_load_1.3W_soc_80,0.700000,2520.000000,60
0.186524,0.982450,55.000000,0.660000,0.000000,7.748548,74.284254,1.300000,64.000000,75.000000,0,1,1,1,0,0,0,0,0,0.000000,1.300000,73.220859,107,T1_aug_night_load_1.3W_soc_80,0.716667,2580.000000,60
0.190809,0.981627,55.000000,0.660000,0.000000,7.746421,74.151329,1.300000,64.000000,75.000000,0,1,1,1,0,0,0,0,0,0.000000,1.300000,73.087935,107,T1_aug_night_load_1.3W_soc_80,0.733333,2640.000000,60
0.195090,0.980785,55.000000,0.660000,0.000000,7.744294,74.018405,1.300000,64.000000,75.000000,0,1,1,1,0,0,0,0,0,0.000000,1.300000,72.955010,107,T1_aug_night_load_1.3W_soc_80,0.750000,2700.000000,60
0.199368,0.979925,55.000000,0.660000,0.000000,7.742168,73.885481,1.300000,64.000000,75.000000,0,1,1,1,0,0,0,0,0,0.000000,1.300000,72.822086,107,T1_aug_night_load_1.3W_soc_80,0.766667,2760.000000,60
0.203642,0.979045,55.000000,0.660000,0.000000,7.740041,73.752556,1.300000,64.000000,75.000000,0,1,1,1,0,0,0,0,0,0.000000,1.300000,72.689162,107,T1_aug_night_load_1.3W_soc_80,0.783333,2820.000000,60
0.207912,0.978148,55.000000,0.660000,0.000000,7.737914,73.619632,1.300000,64.000000,75.000000,0,1,1,1,0,0,0,0,0,0.000000,1.300000,72.556237,107,T1_aug_night_load_1.3W_soc_80,0.800000,2880.000000,60
0.212178,0.977231,55.000000,0.660000,0.000000,7.735787,73.486708,1.300000,64.000000,75.000000,0,1,1,1,0,0,0,0,0,0.000000,1.300000,72.423313,107,T1_aug_night_load_1.3W_soc_80,0.816667,2940.000000,60
0.216440,0.976296,55.000000,0.660000,0.000000,7.733661,73.353783,1.300000,64.000000,75.000000,0,1,1,1,0,0,0,0,0,0.000000,1.300000,72.290389,107,T1_aug_night_load_1.3W_soc_80,0.833333,3000.000000,60
0.220697,0.975342,55.000000,0.660000,0.000000,7.731534,73.220859,1.300000,64.000000,75.000000,0,1,1,1,0,0,0,0,0,0.000000,1.300000,72.157464,107,T1_aug_night_load_1.3W_soc_80,0.850000,3060.000000,60
0.224951,0.974370,55.000000,0.660000,0.000000,7.729407,73.087935,1.300000,64.000000,75.000000,0,1,1,1,0,0,0,0,0,0.000000,1.300000,72.024540,107,T1_aug_night_load_1.3W_soc_80,0.866667,3120.000000,60
0.229200,0.973379,55.000000,0.660000,0.000000,7.727280,72.955010,1.300000,64.000000,75.000000,0,1,1,1,0,0,0,0,0,0.000000,1.300000,71.891616,107,T1_aug_night_load_1.3W_soc_80,0.883333,3180.000000,60
0.233445,0.972370,55.000000,0.660000,0.000000,7.725153,72.822086,1.300000,64.000000,75.000000,0,1,1,1,0,0,0,0,0,0.000000,1.300000,71.758691,107,T1_aug_night_load_1.3W_soc_80,0.900000,3240.000000,60
0.237686,0.971342,55.000000,0.660000,0.000000,7.723027,72.689162,1.300000,64.000000,75.000000,0,1,1,1,0,0,0,0,0,0.000000,1.300000,71.625767,107,T1_aug_night_load_1.3W_soc_80,0.916667,3300.000000,60
0.241922,0.970296,55.000000,0.660000,0.000000,7.720900,72.556237,1.300000,64.000000,75.000000,0,1,1,1,0,0,0,0,0,0.000000,1.300000,71.492843,107,T1_aug_night_load_1.3W_soc_80,0.933333,3360.000000,60
0.246153,0.969231,55.000000,0.660000,0.000000,7.718773,72.423313,1.300000,64.000000,75.000000,0,1,1,1,0,0,0,0,0,0.000000,1.300000,71.359918,107,T1_aug_night_load_1.3W_soc_80,0.950000,3420.000000,60
0.250380,0.968148,55.000000,0.660000,0.000000,7.716646,72.290389,1.300000,64.000000,75.000000,0,1,1,1,0,0,0,0,0,0.000000,1.300000,71.226994,107,T1_aug_night_load_1.3W_soc_80,0.966667,3480.000000,60
0.254602,0.967046,55.000000,0.660000,0.000000,7.714519,72.157464,1.300000,64.000000,75.000000,0,1,1,1,0,0,0,0,0,0.000000,1.300000,71.094070,107,T1_aug_night_load_1.3W_soc_80,0.983333,3540.000000,60
0.258819,0.965926,55.000000,0.660000,0.000000,7.712393,72.024540,1.300000,64.000000,75.000000,0,1,1,1,0,0,0,0,0,0.000000,1.300000,70.961145,107,T1_aug_night_load_1.3W_soc_80,1.000000,3600.000000,60
0.263031,0.964787,55.000000,0.660000,0.000000,7.710266,71.891616,1.300000,64.000000,75.000000,0,1,1,1,0,0,0,0,0,0.000000,1.300000,70.828221,107,T1_aug_night_load_1.3W_soc_80,1.016667,3660.000000,60
0.267238,0.963630,55.000000,0.660000,0.000000,7.708139,71.758691,1.300000,64.000000,75.000000,0,1,1,1,0,0,0,0,0,0.000000,1.300000,70.695297,107,T1_aug_night_load_1.3W_soc_80,1.033333,3720.000000,60
0.271440,0.962455,55.000000,0.660000,0.000000,7.706012,71.625767,1.300000,64.000000,75.000000,0,1,1,1,0,0,0,0,0,0.000000,1.300000,70.562372,107,T1_aug_night_load_1.3W_soc_80,1.050000,3780.000000,60
0.275637,0.961262,55.000000,0.660000,0.000000,7.703885,71.492843,1.300000,64.000000,75.000000,0,1,1,1,0,0,0,0,0,0.000000,1.300000,70.429448,107,T1_aug_night_load_1.3W_soc_80,1.066667,3840.000000,60
0.279829,0.960050,55.000000,0.660000,0.000000,7.701759,71.359918,1.300000,64.000000,75.000000,0,1,1,1,0,0,0,0,0,0.000000,1.300000,70.296524,107,T1_aug_night_load_1.3W_soc_80,1.083333,3900.000000,60
0.284015,0.958820,55.000000,0.660000,0.000000,7.699632,71.226994,1.300000,64.000000,75.000000,0,1,1,1,0,0,0,0,0,0.000000,1.300000,70.163599,107,T1_aug_night_load_1.3W_soc_80,1.100000,3960.000000,60
0.288196,0.957571,55.000000,0.660000,0.000000,7.697505,71.094070,1.300000,64.000000,75.000000,0,1,1,1,0,0,0,0,0,0.000000,1.300000,70.030675,107,T1_aug_night_load_1.3W_soc_80,1.116667,4020.000000,60
0.292372,0.956305,55.000000,0.660000,0.000000,7.695378,70.961145,1.300000,64.000000,75.000000,0,1,1,1,0,0,0,0,0,0.000000,1.300000,69.897751,107,T1_aug_night_load_1.3W_soc_80,1.133333,4080.000000,60
0.296542,0.955020,55.000000,0.660000,0.000000,7.693252,70.828221,1.300000,64.000000,75.000000,0,1,1,1,0,0,0,0,0,0.000000,1.300000,69.764826,107,T1_aug_night_load_1.3W_soc_80,1.150000,4140.000000,60
0.300706,0.953717,55.000000,0.660000,0.000000,7.691125,70.695297,1.300000,64.000000,75.000000,0,1,1,1,0,0,0,0,0,0.000000,1.300000,69.631902,107,T1_aug_night_load_1.3W_soc_80,1.166667,4200.000000,60
0.304864,0.952396,55.000000,0.660000,0.000000,7.688998,70.562372,1.300000,64.000000,75.000000,0,1,1,1,0,0,0,0,0,0.000000,1.300000,69.498978,107,T1_aug_night_load_1.3W_soc_80,1.183333,4260.000000,60
0.309017,0.951057,55.000000,0.660000,0.000000,7.686871,70.429448,1.300000,64.000000,75.000000,0,1,1,1,0,0,0,0,0,0.000000,1.300000,69.366053,107,T1_aug_night_load_1.3W_soc_80,1.200000,4320.000000,60
0.313164,0.949699,55.000000,0.660000,0.000000,7.684744,70.296524,1.300000,64.000000,75.000000,0,1,1,1,0,0,0,0,0,0.000000,1.300000,69.233129,107,T1_aug_night_load_1.3W_soc_80,1.216667,4380.000000,60
0.317305,0.948324,55.000000,0.660000,0.000000,7.682618,70.163599,1.300000,64.000000,75.000000,0,1,1,1,0,0,0,0,0,0.000000,1.300000,69.100204,107,T1_aug_night_load_1.3W_soc_80,1.233333,4440.000000,60
0.321439,0.946930,55.000000,0.660000,0.000000,7.680491,70.030675,1.300000,64.000000,75.000000,0,1,1,1,0,0,0,0,0,0.000000,1.300000,68.967280,107,T1_aug_night_load_1.3W_soc_80,1.250000,4500.000000,60
0.325568,0.945519,55.000000,0.660000,0.000000,7.678364,69.897751,1.300000,64.000000,75.000000,0,1,1,1,0,0,0,0,0,0.000000,1.300000,68.834356,107,T1_aug_night_load_1.3W_soc_80,1.266667,4560.000000,60
0.329691,0.944089,55.000000,0.660000,0.000000,7.676237,69.764826,1.300000,64.000000,75.000000,0,1,1,1,0,0,0,0,0,0.000000,1.300000,68.701431,107,T1_aug_night_load_1.3W_soc_80,1.283333,4620.000000,60
0.333807,0.942641,55.000000,0.660000,0.000000,7.674110,69.631902,1.300000,64.000000,75.000000,0,1,1,1,0,0,0,0,0,0.000000,1.300000,68.568507,107,T1_aug_night_load_1.3W_soc_80,1.300000,4680.000000,60
0.337917,0.941176,55.000000,0.660000,0.000000,7.671984,69.498978,1.300000,64.000000,75.000000,0,1,1,1,0,0,0,0,0,0.000000,1.300000,68.435583,107,T1_aug_night_load_1.3W_soc_80,1.316667,4740.000000,60
0.342020,0.939693,55.000000,0.660000,0.000000,7.669857,69.366053,1.300000,64.000000,75.000000,0,1,1,1,0,0,0,0,0,0.000000,1.300000,68.302658,107,T1_aug_night_load_1.3W_soc_80,1.333333,4800.000000,60
0.346117,0.938191,55.000000,0.660000,0.000000,7.667730,69.233129,1.300000,64.000000,75.000000,0,1,1,1,0,0,0,0,0,0.000000,1.300000,68.169734,107,T1_aug_night_load_1.3W_soc_80,1.350000,4860.000000,60
0.350207,0.936672,55.000000,0.660000,0.000000,7.665603,69.100204,1.300000,64.000000,75.000000,0,1,1,1,0,0,0,0,0,0.000000,1.300000,68.036810,107,T1_aug_night_load_1.3W_soc_80,1.366667,4920.000000,60
0.354291,0.935135,55.000000,0.660000,0.000000,7.663476,68.967280,1.300000,64.000000,75.000000,0,1,1,1,0,0,0,0,0,0.000000,1.300000,67.903885,107,T1_aug_night_load_1.3W_soc_80,1.383333,4980.000000,60
0.358368,0.933580,55.000000,0.660000,0.000000,7.661350,68.834356,1.300000,64.000000,75.000000,0,1,1,1,0,0,0,0,0,0.000000,1.300000,67.770961,107,T1_aug_night_load_1.3W_soc_80,1.400000,5040.000000,60
0.362438,0.932008,55.000000,0.660000,0.000000,7.659223,68.701431,1.300000,64.000000,75.000000,0,1,1,1,0,0,0,0,0,0.000000,1.300000,67.638037,107,T1_aug_night_load_1.3W_soc_80,1.416667,5100.000000,60
0.366501,0.930418,55.000000,0.660000,0.000000,7.657096,68.568507,1.300000,64.000000,75.000000,0,1,1,1,0,0,0,0,0,0.000000,1.300000,67.505112,107,T1_aug_night_load_1.3W_soc_80,1.433333,5160.000000,60
0.370557,0.928810,55.000000,0.660000,0.000000,7.654969,68.435583,1.300000,64.000000,75.000000,0,1,1,1,0,0,0,0,0,0.000000,1.300000,67.372188,107,T1_aug_night_load_1.3W_soc_80,1.450000,5220.000000,60
0.374607,0.927184,55.000000,0.660000,0.000000,7.652843,68.302658,1.300000,64.000000,75.000000,0,1,1,1,0,0,0,0,0,0.000000,1.300000,67.239264,107,T1_aug_night_load_1.3W_soc_80,1.466667,5280.000000,60
0.378649,0.925541,55.000000,0.660000,0.000000,7.650716,68.169734,1.300000,64.000000,75.000000,0,1,1,1,0,0,0,0,0,0.000000,1.300000,67.106339,107,T1_aug_night_load_1.3W_soc_80,1.483333,5340.000000,60
0.382683,0.923880,55.000000,0.660000,0.000000,7.648589,68.036810,1.300000,64.000000,75.000000,0,1,1,1,0,0,0,0,0,0.000000,1.300000,66.973415,107,T1_aug_night_load_1.3W_soc_80,1.500000,5400.000000,60
0.386711,0.922201,55.000000,0.660000,0.000000,7.646462,67.903885,1.300000,64.000000,75.000000,0,1,1,1,0,0,0,0,0,0.000000,1.300000,66.840491,107,T1_aug_night_load_1.3W_soc_80,1.516667,5460.000000,60
0.390731,0.920505,55.000000,0.660000,0.000000,7.644335,67.770961,1.300000,64.000000,75.000000,0,1,1,1,0,0,0,0,0,0.000000,1.300000,66.707566,107,T1_aug_night_load_1.3W_soc_80,1.533333,5520.000000,60
0.394744,0.918791,55.000000,0.660000,0.000000,7.642209,67.638037,1.300000,64.000000,75.000000,0,1,1,1,0,0,0,0,0,0.000000,1.300000,66.574642,107,T1_aug_night_load_1.3W_soc_80,1.550000,5580.000000,60
0.398749,0.917060,55.000000,0.660000,0.000000,7.640082,67.505112,1.300000,64.000000,75.000000,0,1,1,1,0,0,0,0,0,0.000000,1.300000,66.441718,107,T1_aug_night_load_1.3W_soc_80,1.566667,5640.000000,60
0.402747,0.915311,55.000000,0.660000,0.000000,7.637955,67.372188,1.300000,64.000000,75.000000,0,1,1,1,0,0,0,0,0,0.000000,1.300000,66.308793,107,T1_aug_night_load_1.3W_soc_80,1.583333,5700.000000,60
0.406737,0.913545,55.000000,0.660000,0.000000,7.635828,67.239264,1.300000,64.000000,75.000000,0,1,1,1,0,0,0,0,0,0.000000,1.300000,66.175869,107,T1_aug_night_load_1.3W_soc_80,1.600000,5760.000000,60
0.410719,0.911762,55.000000,0.660000,0.000000,7.633701,67.106339,1.300000,64.000000,75.000000,0,1,1,1,0,0,0,0,0,0.000000,1.300000,66.042945,107,T1_aug_night_load_1.3W_soc_80,1.616667,5820.000000,60
0.414693,0.909961,55.000000,0.660000,0.000000,7.631575,66.973415,1.300000,64.000000,75.000000,0,1,1,1,0,0,0,0,0,0.000000,1.300000,65.910020,107,T1_aug_night_load_1.3W_soc_80,1.633333,5880.000000,60
0.418660,0.908143,55.000000,0.660000,0.000000,7.629448,66.840491,1.300000,64.000000,75.000000,0,1,1,1,0,0,0,0,0,0.000000,1.300000,65.777096,107,T1_aug_night_load_1.3W_soc_80,1.650000,5940.000000,60
0.422618,0.906308,55.000000,0.660000,0.000000,7.627321,66.707566,1.300000,64.000000,75.000000,0,1,1,1,0,0,0,0,0,0.000000,1.300000,65.644172,107,T1_aug_night_load_1.3W_soc_80,1.666667,6000.000000,60
0.426569,0.904455,55.000000,0.660000,0.000000,7.625194,66.574642,1.300000,64.000000,75.000000,0,1,1,1,0,0,0,0,0,0.000000,1.300000,65.511247,107,T1_aug_night_load_1.3W_soc_80,1.683333,6060.000000,60
0.430511,0.902585,55.000000,0.660000,0.000000,7.623067,66.441718,1.300000,64.000000,75.000000,0,1,1,1,0,0,0,0,0,0.000000,1.300000,65.378323,107,T1_aug_night_load_1.3W_soc_80,1.700000,6120.000000,60
0.434445,0.900698,55.000000,0.660000,0.000000,7.620941,66.308793,1.300000,64.000000,75.000000,0,1,1,1,0,0,0,0,0,0.000000,1.300000,65.245399,107,T1_aug_night_load_1.3W_soc_80,1.716667,6180.000000,60
0.438371,0.898794,55.000000,0.660000,0.000000,7.618814,66.175869,1.300000,64.000000,75.000000,0,1,1,1,0,0,0,0,0,0.000000,1.300000,65.112474,107,T1_aug_night_load_1.3W_soc_80,1.733333,6240.000000,60
0.442289,0.896873,55.000000,0.660000,0.000000,7.616687,66.042945,1.300000,64.000000,75.000000,0,1,1,1,0,0,0,0,0,0.000000,1.300000,64.979550,107,T1_aug_night_load_1.3W_soc_80,1.750000,6300.000000,60
0.446198,0.894934,55.000000,0.660000,0.000000,7.614560,65.910020,1.300000,64.000000,75.000000,0,1,1,1,0,0,0,0,0,0.000000,1.300000,64.846626,107,T1_aug_night_load_1.3W_soc_80,1.766667,6360.000000,60
0.450098,0.892979,55.000000,0.660000,0.000000,7.612434,65.777096,1.300000,64.000000,75.000000,0,1,1,1,0,0,0,0,0,0.000000,1.300000,64.713701,107,T1_aug_night_load_1.3W_soc_80,1.783333,6420.000000,60
0.453990,0.891007,55.000000,0.660000,0.000000,7.610307,65.644172,1.300000,64.000000,75.000000,0,1,1,1,0,0,0,0,0,0.000000,1.300000,64.580777,107,T1_aug_night_load_1.3W_soc_80,1.800000,6480.000000,60
0.457874,0.889017,55.000000,0.660000,0.000000,7.608180,65.511247,1.300000,64.000000,75.000000,0,1,1,1,0,0,0,0,0,0.000000,1.300000,64.447853,107,T1_aug_night_load_1.3W_soc_80,1.816667,6540.000000,60
0.461749,0.887011,55.000000,0.660000,0.000000,7.606053,65.378323,1.300000,64.000000,75.000000,0,1,1,1,0,0,0,0,0,0.000000,1.300000,64.314928,107,T1_aug_night_load_1.3W_soc_80,1.833333,6600.000000,60
0.465615,0.884988,55.000000,0.660000,0.000000,7.603926,65.245399,1.300000,64.000000,75.000000,0,1,1,1,0,0,0,0,0,0.000000,1.300000,64.248466,107,T1_aug_night_load_1.3W_soc_80,1.850000,6660.000000,60
0.469472,0.882948,55.000000,0.660000,0.000000,7.601800,65.112474,1.300000,64.000000,75.000000,0,1,1,1,0,0,0,0,0,0.000000,1.300000,64.182004,107,T1_aug_night_load_1.3W_soc_80,1.866667,6720.000000,60
0.473320,0.880891,55.000000,0.660000,0.000000,7.599673,64.979550,1.300000,64.000000,75.000000,0,1,1,1,0,0,0,0,0,0.000000,1.300000,64.115542,107,T1_aug_night_load_1.3W_soc_80,1.883333,6780.000000,60
0.477159,0.878817,55.000000,0.660000,0.000000,7.597546,64.846626,1.300000,64.000000,75.000000,0,1,1,1,0,0,0,0,0,0.000000,1.300000,64.049080,107,T1_aug_night_load_1.3W_soc_80,1.900000,6840.000000,60
0.000000,1.000000,55.000000,0.660000,0.000000,8.000000,90.000000,1.300000,64.000000,75.000000,0,1,1,1,0,0,0,0,0,0.000000,1.300000,88.670757,108,T1_aug_night_load_1.3W_soc_90,0.000000,0.000000,60
0.004363,0.999990,55.000000,0.660000,0.000000,7.997873,89.867076,1.300000,64.000000,75.000000,0,1,1,1,0,0,0,0,0,0.000000,1.300000,88.604294,108,T1_aug_night_load_1.3W_soc_90,0.016667,60.000000,60
0.008727,0.999962,55.000000,0.660000,0.000000,7.995746,89.734151,1.300000,64.000000,75.000000,0,1,1,1,0,0,0,0,0,0.000000,1.300000,88.537832,108,T1_aug_night_load_1.3W_soc_90,0.033333,120.000000,60
0.013090,0.999914,55.000000,0.660000,0.000000,7.993620,89.601227,1.300000,64.000000,75.000000,0,1,1,1,0,0,0,0,0,0.000000,1.300000,88.471370,108,T1_aug_night_load_1.3W_soc_90,0.050000,180.000000,60
0.017452,0.999848,55.000000,0.660000,0.000000,7.991493,89.468303,1.300000,64.000000,75.000000,0,1,1,1,0,0,0,0,0,0.000000,1.300000,88.404908,108,T1_aug_night_load_1.3W_soc_90,0.066667,240.000000,60
0.021815,0.999762,55.000000,0.660000,0.000000,7.989366,89.335378,1.300000,64.000000,75.000000,0,1,1,1,0,0,0,0,0,0.000000,1.300000,88.271984,108,T1_aug_night_load_1.3W_soc_90,0.083333,300.000000,60
0.026177,0.999657,55.000000,0.660000,0.000000,7.987239,89.202454,1.300000,64.000000,75.000000,0,1,1,1,0,0,0,0,0,0.000000,1.300000,88.139059,108,T1_aug_night_load_1.3W_soc_90,0.100000,360.000000,60
0.030539,0.999534,55.000000,0.660000,0.000000,7.985112,89.069530,1.300000,64.000000,75.000000,0,1,1,1,0,0,0,0,0,0.000000,1.300000,88.006135,108,T1_aug_night_load_1.3W_soc_90,0.116667,420.000000,60
0.034899,0.999391,55.000000,0.660000,0.000000,7.982986,88.936605,1.300000,64.000000,75.000000,0,1,1,1,0,0,0,0,0,0.000000,1.300000,87.873211,108,T1_aug_night_load_1.3W_soc_90,0.133333,480.000000,60
0.039260,0.999229,55.000000,0.660000,0.000000,7.980859,88.803681,1.300000,64.000000,75.000000,0,1,1,1,0,0,0,0,0,0.000000,1.300000,87.740286,108,T1_aug_night_load_1.3W_soc_90,0.150000,540.000000,60
0.043619,0.999048,55.000000,0.660000,0.000000,7.978732,88.670757,1.300000,64.000000,75.000000,0,1,1,1,0,0,0,0,0,0.000000,1.300000,87.607362,108,T1_aug_night_load_1.3W_soc_90,0.166667,600.000000,60
0.047978,0.998848,55.000000,0.660000,0.000000,7.976605,88.537832,1.300000,64.000000,75.000000,0,1,1,1,0,0,0,0,0,0.000000,1.300000,87.474438,108,T1_aug_night_load_1.3W_soc_90,0.183333,660.000000,60
0.052336,0.998630,55.000000,0.660000,0.000000,7.974479,88.404908,1.300000,64.000000,75.000000,0,1,1,1,0,0,0,0,0,0.000000,1.300000,87.341513,108,T1_aug_night_load_1.3W_soc_90,0.200000,720.000000,60
0.056693,0.998392,55.000000,0.660000,0.000000,7.972352,88.271984,1.300000,64.000000,75.000000,0,1,1,1,0,0,0,0,0,0.000000,1.300000,87.208589,108,T1_aug_night_load_1.3W_soc_90,0.216667,780.000000,60
0.061049,0.998135,55.000000,0.660000,0.000000,7.970225,88.139059,1.300000,64.000000,75.000000,0,1,1,1,0,0,0,0,0,0.000000,1.300000,87.075665,108,T1_aug_night_load_1.3W_soc_90,0.233333,840.000000,60
0.065403,0.997859,55.000000,0.660000,0.000000,7.968098,88.006135,1.300000,64.000000,75.000000,0,1,1,1,0,0,0,0,0,0.000000,1.300000,86.942740,108,T1_aug_night_load_1.3W_soc_90,0.250000,900.000000,60
0.069756,0.997564,55.000000,0.660000,0.000000,7.965971,87.873211,1.300000,64.000000,75.000000,0,1,1,1,0,0,0,0,0,0.000000,1.300000,86.809816,108,T1_aug_night_load_1.3W_soc_90,0.266667,960.000000,60
0.074108,0.997250,55.000000,0.660000,0.000000,7.963845,87.740286,1.300000,64.000000,75.000000,0,1,1,1,0,0,0,0,0,0.000000,1.300000,86.676892,108,T1_aug_night_load_1.3W_soc_90,0.283333,1020.000000,60
0.078459,0.996917,55.000000,0.660000,0.000000,7.961718,87.607362,1.300000,64.000000,75.000000,0,1,1,1,0,0,0,0,0,0.000000,1.300000,86.543967,108,T1_aug_night_load_1.3W_soc_90,0.300000,1080.000000,60
0.082808,0.996566,55.000000,0.660000,0.000000,7.959591,87.474438,1.300000,64.000000,75.000000,0,1,1,1,0,0,0,0,0,0.000000,1.300000,86.411043,108,T1_aug_night_load_1.3W_soc_90,0.316667,1140.000000,60
0.087156,0.996195,55.000000,0.660000,0.000000,7.957464,87.341513,1.300000,64.000000,75.000000,0,1,1,1,0,0,0,0,0,0.000000,1.300000,86.278119,108,T1_aug_night_load_1.3W_soc_90,0.333333,1200.000000,60
0.091502,0.995805,55.000000,0.660000,0.000000,7.955337,87.208589,1.300000,64.000000,75.000000,0,1,1,1,0,0,0,0,0,0.000000,1.300000,86.145194,108,T1_aug_night_load_1.3W_soc_90,0.350000,1260.000000,60
0.095846,0.995396,55.000000,0.660000,0.000000,7.953211,87.075665,1.300000,64.000000,75.000000,0,1,1,1,0,0,0,0,0,0.000000,1.300000,86.012270,108,T1_aug_night_load_1.3W_soc_90,0.366667,1320.000000,60
0.100188,0.994969,55.000000,0.660000,0.000000,7.951084,86.942740,1.300000,64.000000,75.000000,0,1,1,1,0,0,0,0,0,0.000000,1.300000,85.879346,108,T1_aug_night_load_1.3W_soc_90,0.383333,1380.000000,60
0.104528,0.994522,55.000000,0.660000,0.000000,7.948957,86.809816,1.300000,64.000000,75.000000,0,1,1,1,0,0,0,0,0,0.000000,1.300000,85.746421,108,T1_aug_night_load_1.3W_soc_90,0.400000,1440.000000,60
0.108867,0.994056,55.000000,0.660000,0.000000,7.946830,86.676892,1.300000,64.000000,75.000000,0,1,1,1,0,0,0,0,0,0.000000,1.300000,85.613497,108,T1_aug_night_load_1.3W_soc_90,0.416667,1500.000000,60
0.113203,0.993572,55.000000,0.660000,0.000000,7.944703,86.543967,1.300000,64.000000,75.000000,0,1,1,1,0,0,0,0,0,0.000000,1.300000,85.480573,108,T1_aug_night_load_1.3W_soc_90,0.433333,1560.000000,60
0.117537,0.993068,55.000000,0.660000,0.000000,7.942577,86.411043,1.300000,64.000000,75.000000,0,1,1,1,0,0,0,0,0,0.000000,1.300000,85.347648,108,T1_aug_night_load_1.3W_soc_90,0.450000,1620.000000,60
0.121869,0.992546,55.000000,0.660000,0.000000,7.940450,86.278119,1.300000,64.000000,75.000000,0,1,1,1,0,0,0,0,0,0.000000,1.300000,85.214724,108,T1_aug_night_load_1.3W_soc_90,0.466667,1680.000000,60
0.126199,0.992005,55.000000,0.660000,0.000000,7.938323,86.145194,1.300000,64.000000,75.000000,0,1,1,1,0,0,0,0,0,0.000000,1.300000,85.081800,108,T1_aug_night_load_1.3W_soc_90,0.483333,1740.000000,60
0.130526,0.991445,55.000000,0.660000,0.000000,7.936196,86.012270,1.300000,64.000000,75.000000,0,1,1,1,0,0,0,0,0,0.000000,1.300000,84.948875,108,T1_aug_night_load_1.3W_soc_90,0.500000,1800.000000,60
0.134851,0.990866,55.000000,0.660000,0.000000,7.934070,85.879346,1.300000,64.000000,75.000000,0,1,1,1,0,0,0,0,0,0.000000,1.300000,84.815951,108,T1_aug_night_load_1.3W_soc_90,0.516667,1860.000000,60
0.139173,0.990268,55.000000,0.660000,0.000000,7.931943,85.746421,1.300000,64.000000,75.000000,0,1,1,1,0,0,0,0,0,0.000000,1.300000,84.683027,108,T1_aug_night_load_1.3W_soc_90,0.533333,1920.000000,60
0.143493,0.989651,55.000000,0.660000,0.000000,7.929816,85.613497,1.300000,64.000000,75.000000,0,1,1,1,0,0,0,0,0,0.000000,1.300000,84.550102,108,T1_aug_night_load_1.3W_soc_90,0.550000,1980.000000,60
0.147809,0.989016,55.000000,0.660000,0.000000,7.927689,85.480573,1.300000,64.000000,75.000000,0,1,1,1,0,0,0,0,0,0.000000,1.300000,84.417178,108,T1_aug_night_load_1.3W_soc_90,0.566667,2040.000000,60
0.152123,0.988362,55.000000,0.660000,0.000000,7.925562,85.347648,1.300000,64.000000,75.000000,0,1,1,1,0,0,0,0,0,0.000000,1.300000,84.284254,108,T1_aug_night_load_1.3W_soc_90,0.583333,2100.000000,60
0.156434,0.987688,55.000000,0.660000,0.000000,7.923436,85.214724,1.300000,64.000000,75.000000,0,1,1,1,0,0,0,0,0,0.000000,1.300000,84.151329,108,T1_aug_night_load_1.3W_soc_90,0.600000,2160.000000,60
0.160743,0.986996,55.000000,0.660000,0.000000,7.921309,85.081800,1.300000,64.000000,75.000000,0,1,1,1,0,0,0,0,0,0.000000,1.300000,84.018405,108,T1_aug_night_load_1.3W_soc_90,0.616667,2220.000000,60
0.165048,0.986286,55.000000,0.660000,0.000000,7.919182,84.948875,1.300000,64.000000,75.000000,0,1,1,1,0,0,0,0,0,0.000000,1.300000,83.885481,108,T1_aug_night_load_1.3W_soc_90,0.633333,2280.000000,60
0.169350,0.985556,55.000000,0.660000,0.000000,7.917055,84.815951,1.300000,64.000000,75.000000,0,1,1,1,0,0,0,0,0,0.000000,1.300000,83.752556,108,T1_aug_night_load_1.3W_soc_90,0.650000,2340.000000,60
0.173648,0.984808,55.000000,0.660000,0.000000,7.914928,84.683027,1.300000,64.000000,75.000000,0,1,1,1,0,0,0,0,0,0.000000,1.300000,83.619632,108,T1_aug_night_load_1.3W_soc_90,0.666667,2400.000000,60
0.177944,0.984041,55.000000,0.660000,0.000000,7.912802,84.550102,1.300000,64.000000,75.000000,0,1,1,1,0,0,0,0,0,0.000000,1.300000,83.486708,108,T1_aug_night_load_1.3W_soc_90,0.683333,2460.000000,60
0.182236,0.983255,55.000000,0.660000,0.000000,7.910675,84.417178,1.300000,64.000000,75.000000,0,1,1,1,0,0,0,0,0,0.000000,1.300000,83.353783,108,T1_aug_night_load_1.3W_soc_90,0.700000,2520.000000,60
0.186524,0.982450,55.000000,0.660000,0.000000,7.908548,84.284254,1.300000,64.000000,75.000000,0,1,1,1,0,0,0,0,0,0.000000,1.300000,83.220859,108,T1_aug_night_load_1.3W_soc_90,0.716667,2580.000000,60
0.190809,0.981627,55.000000,0.660000,0.000000,7.906421,84.151329,1.300000,64.000000,75.000000,0,1,1,1,0,0,0,0,0,0.000000,1.300000,83.087935,108,T1_aug_night_load_1.3W_soc_90,0.733333,2640.000000,60
0.195090,0.980785,55.000000,0.660000,0.000000,7.904294,84.018405,1.300000,64.000000,75.000000,0,1,1,1,0,0,0,0,0,0.000000,1.300000,82.955010,108,T1_aug_night_load_1.3W_soc_90,0.750000,2700.000000,60
0.199368,0.979925,55.000000,0.660000,0.000000,7.902168,83.885481,1.300000,64.000000,75.000000,0,1,1,1,0,0,0,0,0,0.000000,1.300000,82.822086,108,T1_aug_night_load_1.3W_soc_90,0.766667,2760.000000,60
0.203642,0.979045,55.000000,0.660000,0.000000,7.900041,83.752556,1.300000,64.000000,75.000000,0,1,1,1,0,0,0,0,0,0.000000,1.300000,82.689162,108,T1_aug_night_load_1.3W_soc_90,0.783333,2820.000000,60
0.207912,0.978148,55.000000,0.660000,0.000000,7.897914,83.619632,1.300000,64.000000,75.000000,0,1,1,1,0,0,0,0,0,0.000000,1.300000,82.556237,108,T1_aug_night_load_1.3W_soc_90,0.800000,2880.000000,60
0.212178,0.977231,55.000000,0.660000,0.000000,7.895787,83.486708,1.300000,64.000000,75.000000,0,1,1,1,0,0,0,0,0,0.000000,1.300000,82.423313,108,T1_aug_night_load_1.3W_soc_90,0.816667,2940.000000,60
0.216440,0.976296,55.000000,0.660000,0.000000,7.893661,83.353783,1.300000,64.000000,75.000000,0,1,1,1,0,0,0,0,0,0.000000,1.300000,82.290389,108,T1_aug_night_load_1.3W_soc_90,0.833333,3000.000000,60
0.220697,0.975342,55.000000,0.660000,0.000000,7.891534,83.220859,1.300000,64.000000,75.000000,0,1,1,1,0,0,0,0,0,0.000000,1.300000,82.157464,108,T1_aug_night_load_1.3W_soc_90,0.850000,3060.000000,60
0.224951,0.974370,55.000000,0.660000,0.000000,7.889407,83.087935,1.300000,64.000000,75.000000,0,1,1,1,0,0,0,0,0,0.000000,1.300000,82.024540,108,T1_aug_night_load_1.3W_soc_90,0.866667,3120.000000,60
0.229200,0.973379,55.000000,0.660000,0.000000,7.887280,82.955010,1.300000,64.000000,75.000000,0,1,1,1,0,0,0,0,0,0.000000,1.300000,81.891616,108,T1_aug_night_load_1.3W_soc_90,0.883333,3180.000000,60
0.233445,0.972370,55.000000,0.660000,0.000000,7.885153,82.822086,1.300000,64.000000,75.000000,0,1,1,1,0,0,0,0,0,0.000000,1.300000,81.758691,108,T1_aug_night_load_1.3W_soc_90,0.900000,3240.000000,60
0.237686,0.971342,55.000000,0.660000,0.000000,7.883027,82.689162,1.300000,64.000000,75.000000,0,1,1,1,0,0,0,0,0,0.000000,1.300000,81.625767,108,T1_aug_night_load_1.3W_soc_90,0.916667,3300.000000,60
0.241922,0.970296,55.000000,0.660000,0.000000,7.880900,82.556237,1.300000,64.000000,75.000000,0,1,1,1,0,0,0,0,0,0.000000,1.300000,81.492843,108,T1_aug_night_load_1.3W_soc_90,0.933333,3360.000000,60
0.246153,0.969231,55.000000,0.660000,0.000000,7.878773,82.423313,1.300000,64.000000,75.000000,0,1,1,1,0,0,0,0,0,0.000000,1.300000,81.359918,108,T1_aug_night_load_1.3W_soc_90,0.950000,3420.000000,60
0.250380,0.968148,55.000000,0.660000,0.000000,7.876646,82.290389,1.300000,64.000000,75.000000,0,1,1,1,0,0,0,0,0,0.000000,1.300000,81.226994,108,T1_aug_night_load_1.3W_soc_90,0.966667,3480.000000,60
0.254602,0.967046,55.000000,0.660000,0.000000,7.874519,82.157464,1.300000,64.000000,75.000000,0,1,1,1,0,0,0,0,0,0.000000,1.300000,81.094070,108,T1_aug_night_load_1.3W_soc_90,0.983333,3540.000000,60
0.258819,0.965926,55.000000,0.660000,0.000000,7.872393,82.024540,1.300000,64.000000,75.000000,0,1,1,1,0,0,0,0,0,0.000000,1.300000,80.961145,108,T1_aug_night_load_1.3W_soc_90,1.000000,3600.000000,60
0.263031,0.964787,55.000000,0.660000,0.000000,7.870266,81.891616,1.300000,64.000000,75.000000,0,1,1,1,0,0,0,0,0,0.000000,1.300000,80.828221,108,T1_aug_night_load_1.3W_soc_90,1.016667,3660.000000,60
0.267238,0.963630,55.000000,0.660000,0.000000,7.868139,81.758691,1.300000,64.000000,75.000000,0,1,1,1,0,0,0,0,0,0.000000,1.300000,80.695297,108,T1_aug_night_load_1.3W_soc_90,1.033333,3720.000000,60
0.271440,0.962455,55.000000,0.660000,0.000000,7.866012,81.625767,1.300000,64.000000,75.000000,0,1,1,1,0,0,0,0,0,0.000000,1.300000,80.562372,108,T1_aug_night_load_1.3W_soc_90,1.050000,3780.000000,60
0.275637,0.961262,55.000000,0.660000,0.000000,7.863885,81.492843,1.300000,64.000000,75.000000,0,1,1,1,0,0,0,0,0,0.000000,1.300000,80.429448,108,T1_aug_night_load_1.3W_soc_90,1.066667,3840.000000,60
0.279829,0.960050,55.000000,0.660000,0.000000,7.861759,81.359918,1.300000,64.000000,75.000000,0,1,1,1,0,0,0,0,0,0.000000,1.300000,80.296524,108,T1_aug_night_load_1.3W_soc_90,1.083333,3900.000000,60
0.284015,0.958820,55.000000,0.660000,0.000000,7.859632,81.226994,1.300000,64.000000,75.000000,0,1,1,1,0,0,0,0,0,0.000000,1.300000,80.163599,108,T1_aug_night_load_1.3W_soc_90,1.100000,3960.000000,60
0.288196,0.957571,55.000000,0.660000,0.000000,7.857505,81.094070,1.300000,64.000000,75.000000,0,1,1,1,0,0,0,0,0,0.000000,1.300000,80.030675,108,T1_aug_night_load_1.3W_soc_90,1.116667,4020.000000,60
0.292372,0.956305,55.000000,0.660000,0.000000,7.855378,80.961145,1.300000,64.000000,75.000000,0,1,1,1,0,0,0,0,0,0.000000,1.300000,79.897751,108,T1_aug_night_load_1.3W_soc_90,1.133333,4080.000000,60
0.296542,0.955020,55.000000,0.660000,0.000000,7.853252,80.828221,1.300000,64.000000,75.000000,0,1,1,1,0,0,0,0,0,0.000000,1.300000,79.764826,108,T1_aug_night_load_1.3W_soc_90,1.150000,4140.000000,60
0.300706,0.953717,55.000000,0.660000,0.000000,7.851125,80.695297,1.300000,64.000000,75.000000,0,1,1,1,0,0,0,0,0,0.000000,1.300000,79.631902,108,T1_aug_night_load_1.3W_soc_90,1.166667,4200.000000,60
0.304864,0.952396,55.000000,0.660000,0.000000,7.848998,80.562372,1.300000,64.000000,75.000000,0,1,1,1,0,0,0,0,0,0.000000,1.300000,79.498978,108,T1_aug_night_load_1.3W_soc_90,1.183333,4260.000000,60
0.309017,0.951057,55.000000,0.660000,0.000000,7.846871,80.429448,1.300000,64.000000,75.000000,0,1,1,1,0,0,0,0,0,0.000000,1.300000,79.366053,108,T1_aug_night_load_1.3W_soc_90,1.200000,4320.000000,60
0.313164,0.949699,55.000000,0.660000,0.000000,7.844744,80.296524,1.300000,64.000000,75.000000,0,1,1,1,0,0,0,0,0,0.000000,1.300000,79.233129,108,T1_aug_night_load_1.3W_soc_90,1.216667,4380.000000,60
0.317305,0.948324,55.000000,0.660000,0.000000,7.842618,80.163599,1.300000,64.000000,75.000000,0,1,1,1,0,0,0,0,0,0.000000,1.300000,79.100204,108,T1_aug_night_load_1.3W_soc_90,1.233333,4440.000000,60
0.321439,0.946930,55.000000,0.660000,0.000000,7.840491,80.030675,1.300000,64.000000,75.000000,0,1,1,1,0,0,0,0,0,0.000000,1.300000,78.967280,108,T1_aug_night_load_1.3W_soc_90,1.250000,4500.000000,60
0.325568,0.945519,55.000000,0.660000,0.000000,7.838364,79.897751,1.300000,64.000000,75.000000,0,1,1,1,0,0,0,0,0,0.000000,1.300000,78.834356,108,T1_aug_night_load_1.3W_soc_90,1.266667,4560.000000,60
0.329691,0.944089,55.000000,0.660000,0.000000,7.836237,79.764826,1.300000,64.000000,75.000000,0,1,1,1,0,0,0,0,0,0.000000,1.300000,78.701431,108,T1_aug_night_load_1.3W_soc_90,1.283333,4620.000000,60
0.333807,0.942641,55.000000,0.660000,0.000000,7.834110,79.631902,1.300000,64.000000,75.000000,0,1,1,1,0,0,0,0,0,0.000000,1.300000,78.568507,108,T1_aug_night_load_1.3W_soc_90,1.300000,4680.000000,60
0.337917,0.941176,55.000000,0.660000,0.000000,7.831984,79.498978,1.300000,64.000000,75.000000,0,1,1,1,0,0,0,0,0,0.000000,1.300000,78.435583,108,T1_aug_night_load_1.3W_soc_90,1.316667,4740.000000,60
0.342020,0.939693,55.000000,0.660000,0.000000,7.829857,79.366053,1.300000,64.000000,75.000000,0,1,1,1,0,0,0,0,0,0.000000,1.300000,78.302658,108,T1_aug_night_load_1.3W_soc_90,1.333333,4800.000000,60
0.346117,0.938191,55.000000,0.660000,0.000000,7.827730,79.233129,1.300000,64.000000,75.000000,0,1,1,1,0,0,0,0,0,0.000000,1.300000,78.169734,108,T1_aug_night_load_1.3W_soc_90,1.350000,4860.000000,60
0.350207,0.936672,55.000000,0.660000,0.000000,7.825603,79.100204,1.300000,64.000000,75.000000,0,1,1,1,0,0,0,0,0,0.000000,1.300000,78.036810,108,T1_aug_night_load_1.3W_soc_90,1.366667,4920.000000,60
0.354291,0.935135,55.000000,0.660000,0.000000,7.823476,78.967280,1.300000,64.000000,75.000000,0,1,1,1,0,0,0,0,0,0.000000,1.300000,77.903885,108,T1_aug_night_load_1.3W_soc_90,1.383333,4980.000000,60
0.358368,0.933580,55.000000,0.660000,0.000000,7.821350,78.834356,1.300000,64.000000,75.000000,0,1,1,1,0,0,0,0,0,0.000000,1.300000,77.770961,108,T1_aug_night_load_1.3W_soc_90,1.400000,5040.000000,60
0.362438,0.932008,55.000000,0.660000,0.000000,7.819223,78.701431,1.300000,64.000000,75.000000,0,1,1,1,0,0,0,0,0,0.000000,1.300000,77.638037,108,T1_aug_night_load_1.3W_soc_90,1.416667,5100.000000,60
0.366501,0.930418,55.000000,0.660000,0.000000,7.817096,78.568507,1.300000,64.000000,75.000000,0,1,1,1,0,0,0,0,0,0.000000,1.300000,77.505112,108,T1_aug_night_load_1.3W_soc_90,1.433333,5160.000000,60
0.370557,0.928810,55.000000,0.660000,0.000000,7.814969,78.435583,1.300000,64.000000,75.000000,0,1,1,1,0,0,0,0,0,0.000000,1.300000,77.372188,108,T1_aug_night_load_1.3W_soc_90,1.450000,5220.000000,60
0.374607,0.927184,55.000000,0.660000,0.000000,7.812843,78.302658,1.300000,64.000000,75.000000,0,1,1,1,0,0,0,0,0,0.000000,1.300000,77.239264,108,T1_aug_night_load_1.3W_soc_90,1.466667,5280.000000,60
0.378649,0.925541,55.000000,0.660000,0.000000,7.810716,78.169734,1.300000,64.000000,75.000000,0,1,1,1,0,0,0,0,0,0.000000,1.300000,77.106339,108,T1_aug_night_load_1.3W_soc_90,1.483333,5340.000000,60
0.382683,0.923880,55.000000,0.660000,0.000000,7.808589,78.036810,1.300000,64.000000,75.000000,0,1,1,1,0,0,0,0,0,0.000000,1.300000,76.973415,108,T1_aug_night_load_1.3W_soc_90,1.500000,5400.000000,60
0.386711,0.922201,55.000000,0.660000,0.000000,7.806462,77.903885,1.300000,64.000000,75.000000,0,1,1,1,0,0,0,0,0,0.000000,1.300000,76.840491,108,T1_aug_night_load_1.3W_soc_90,1.516667,5460.000000,60
0.390731,0.920505,55.000000,0.660000,0.000000,7.804335,77.770961,1.300000,64.000000,75.000000,0,1,1,1,0,0,0,0,0,0.000000,1.300000,76.707566,108,T1_aug_night_load_1.3W_soc_90,1.533333,5520.000000,60
0.394744,0.918791,55.000000,0.660000,0.000000,7.802209,77.638037,1.300000,64.000000,75.000000,0,1,1,1,0,0,0,0,0,0.000000,1.300000,76.574642,108,T1_aug_night_load_1.3W_soc_90,1.550000,5580.000000,60
0.398749,0.917060,55.000000,0.660000,0.000000,7.800082,77.505112,1.300000,64.000000,75.000000,0,1,1,1,0,0,0,0,0,0.000000,1.300000,76.441718,108,T1_aug_night_load_1.3W_soc_90,1.566667,5640.000000,60
0.402747,0.915311,55.000000,0.660000,0.000000,7.797955,77.372188,1.300000,64.000000,75.000000,0,1,1,1,0,0,0,0,0,0.000000,1.300000,76.308793,108,T1_aug_night_load_1.3W_soc_90,1.583333,5700.000000,60
0.406737,0.913545,55.000000,0.660000,0.000000,7.795828,77.239264,1.300000,64.000000,75.000000,0,1,1,1,0,0,0,0,0,0.000000,1.300000,76.175869,108,T1_aug_night_load_1.3W_soc_90,1.600000,5760.000000,60
0.410719,0.911762,55.000000,0.660000,0.000000,7.793701,77.106339,1.300000,64.000000,75.000000,0,1,1,1,0,0,0,0,0,0.000000,1.300000,76.042945,108,T1_aug_night_load_1.3W_soc_90,1.616667,5820.000000,60
0.414693,0.909961,55.000000,0.660000,0.000000,7.791575,76.973415,1.300000,64.000000,75.000000,0,1,1,1,0,0,0,0,0,0.000000,1.300000,75.910020,108,T1_aug_night_load_1.3W_soc_90,1.633333,5880.000000,60
0.418660,0.908143,55.000000,0.660000,0.000000,7.789448,76.840491,1.300000,64.000000,75.000000,0,1,1,1,0,0,0,0,0,0.000000,1.300000,75.777096,108,T1_aug_night_load_1.3W_soc_90,1.650000,5940.000000,60
0.422618,0.906308,55.000000,0.660000,0.000000,7.787321,76.707566,1.300000,64.000000,75.000000,0,1,1,1,0,0,0,0,0,0.000000,1.300000,75.644172,108,T1_aug_night_load_1.3W_soc_90,1.666667,6000.000000,60
0.426569,0.904455,55.000000,0.660000,0.000000,7.785194,76.574642,1.300000,64.000000,75.000000,0,1,1,1,0,0,0,0,0,0.000000,1.300000,75.511247,108,T1_aug_night_load_1.3W_soc_90,1.683333,6060.000000,60
0.430511,0.902585,55.000000,0.660000,0.000000,7.783067,76.441718,1.300000,64.000000,75.000000,0,1,1,1,0,0,0,0,0,0.000000,1.300000,75.378323,108,T1_aug_night_load_1.3W_soc_90,1.700000,6120.000000,60
0.434445,0.900698,55.000000,0.660000,0.000000,7.780941,76.308793,1.300000,64.000000,75.000000,0,1,1,1,0,0,0,0,0,0.000000,1.300000,75.245399,108,T1_aug_night_load_1.3W_soc_90,1.716667,6180.000000,60
0.438371,0.898794,55.000000,0.660000,0.000000,7.778814,76.175869,1.300000,64.000000,75.000000,0,1,1,1,0,0,0,0,0,0.000000,1.300000,75.112474,108,T1_aug_night_load_1.3W_soc_90,1.733333,6240.000000,60
0.442289,0.896873,55.000000,0.660000,0.000000,7.776687,76.042945,1.300000,64.000000,75.000000,0,1,1,1,0,0,0,0,0,0.000000,1.300000,74.979550,108,T1_aug_night_load_1.3W_soc_90,1.750000,6300.000000,60
0.446198,0.894934,55.000000,0.660000,0.000000,7.774560,75.910020,1.300000,64.000000,75.000000,0,1,1,1,0,0,0,0,0,0.000000,1.300000,74.846626,108,T1_aug_night_load_1.3W_soc_90,1.766667,6360.000000,60
0.450098,0.892979,55.000000,0.660000,0.000000,7.772434,75.777096,1.300000,64.000000,75.000000,0,1,1,1,0,0,0,0,0,0.000000,1.300000,74.713701,108,T1_aug_night_load_1.3W_soc_90,1.783333,6420.000000,60
0.453990,0.891007,55.000000,0.660000,0.000000,7.770307,75.644172,1.300000,64.000000,75.000000,0,1,1,1,0,0,0,0,0,0.000000,1.300000,74.580777,108,T1_aug_night_load_1.3W_soc_90,1.800000,6480.000000,60
0.457874,0.889017,55.000000,0.660000,0.000000,7.768180,75.511247,1.300000,64.000000,75.000000,0,1,1,1,0,0,0,0,0,0.000000,1.300000,74.447853,108,T1_aug_night_load_1.3W_soc_90,1.816667,6540.000000,60
0.461749,0.887011,55.000000,0.660000,0.000000,7.766053,75.378323,1.300000,64.000000,75.000000,0,1,1,1,0,0,0,0,0,0.000000,1.300000,74.314928,108,T1_aug_night_load_1.3W_soc_90,1.833333,6600.000000,60
0.465615,0.884988,55.000000,0.660000,0.000000,7.763926,75.245399,1.300000,64.000000,75.000000,0,1,1,1,0,0,0,0,0,0.000000,1.300000,74.248466,108,T1_aug_night_load_1.3W_soc_90,1.850000,6660.000000,60
0.469472,0.882948,55.000000,0.660000,0.000000,7.761800,75.112474,1.300000,64.000000,75.000000,0,1,1,1,0,0,0,0,0,0.000000,1.300000,74.182004,108,T1_aug_night_load_1.3W_soc_90,1.866667,6720.000000,60
0.473320,0.880891,55.000000,0.660000,0.000000,7.759673,74.979550,1.300000,64.000000,75.000000,0,1,1,1,0,0,0,0,0,0.000000,1.300000,74.115542,108,T1_aug_night_load_1.3W_soc_90,1.883333,6780.000000,60
0.477159,0.878817,55.000000,0.660000,0.000000,7.757546,74.846626,1.300000,64.000000,75.000000,0,1,1,1,0,0,0,0,0,0.000000,1.300000,74.049080,108,T1_aug_night_load_1.3W_soc_90,1.900000,6840.000000,60
0.000000,1.000000,55.000000,0.660000,0.000000,7.520000,60.000000,1.700000,64.000000,75.000000,0,1,1,1,0,0,0,0,0,0.000000,1.700000,58.261759,109,T1_aug_night_load_1.7W_soc_60,0.000000,0.000000,60
0.004363,0.999990,55.000000,0.660000,0.000000,7.517219,59.826176,1.700000,64.000000,75.000000,0,1,1,1,0,0,0,0,0,0.000000,1.700000,58.174847,109,T1_aug_night_load_1.7W_soc_60,0.016667,60.000000,60
0.008727,0.999962,55.000000,0.660000,0.000000,7.514438,59.652352,1.700000,64.000000,75.000000,0,1,1,1,0,0,0,0,0,0.000000,1.700000,58.087935,109,T1_aug_night_load_1.7W_soc_60,0.033333,120.000000,60
0.013090,0.999914,55.000000,0.660000,0.000000,7.511656,59.478528,1.700000,64.000000,75.000000,0,1,1,1,0,0,0,0,0,0.000000,1.700000,58.001022,109,T1_aug_night_load_1.7W_soc_60,0.050000,180.000000,60
0.017452,0.999848,55.000000,0.660000,0.000000,7.508875,59.304703,1.700000,64.000000,75.000000,0,1,1,1,0,0,0,0,0,0.000000,1.700000,57.914110,109,T1_aug_night_load_1.7W_soc_60,0.066667,240.000000,60
0.021815,0.999762,55.000000,0.660000,0.000000,7.506094,59.130879,1.700000,64.000000,75.000000,0,1,1,1,0,0,0,0,0,0.000000,1.700000,57.740286,109,T1_aug_night_load_1.7W_soc_60,0.083333,300.000000,60
0.026177,0.999657,55.000000,0.660000,0.000000,7.503313,58.957055,1.700000,64.000000,75.000000,0,1,1,1,0,0,0,0,0,0.000000,1.700000,57.566462,109,T1_aug_night_load_1.7W_soc_60,0.100000,360.000000,60
0.030539,0.999534,55.000000,0.660000,0.000000,7.500532,58.783231,1.700000,64.000000,75.000000,0,1,1,1,0,0,0,0,0,0.000000,1.700000,57.392638,109,T1_aug_night_load_1.7W_soc_60,0.116667,420.000000,60
0.034899,0.999391,55.000000,0.660000,0.000000,7.497751,58.609407,1.700000,64.000000,75.000000,0,1,1,1,0,0,0,0,0,0.000000,1.700000,57.218814,109,T1_aug_night_load_1.7W_soc_60,0.133333,480.000000,60
0.039260,0.999229,55.000000,0.660000,0.000000,7.494969,58.435583,1.700000,64.000000,75.000000,0,1,1,1,0,0,0,0,0,0.000000,1.700000,57.044990,109,T1_aug_night_load_1.7W_soc_60,0.150000,540.000000,60
0.043619,0.999048,55.000000,0.660000,0.000000,7.492188,58.261759,1.700000,64.000000,75.000000,0,1,1,1,0,0,0,0,0,0.000000,1.700000,56.871166,109,T1_aug_night_load_1.7W_soc_60,0.166667,600.000000,60
0.047978,0.998848,55.000000,0.660000,0.000000,7.489407,58.087935,1.700000,64.000000,75.000000,0,1,1,1,0,0,0,0,0,0.000000,1.700000,56.697342,109,T1_aug_night_load_1.7W_soc_60,0.183333,660.000000,60
0.052336,0.998630,55.000000,0.660000,0.000000,7.486626,57.914110,1.700000,64.000000,75.000000,0,1,1,1,0,0,0,0,0,0.000000,1.700000,56.523517,109,T1_aug_night_load_1.7W_soc_60,0.200000,720.000000,60
0.056693,0.998392,55.000000,0.660000,0.000000,7.483845,57.740286,1.700000,64.000000,75.000000,0,1,1,1,0,0,0,0,0,0.000000,1.700000,56.349693,109,T1_aug_night_load_1.7W_soc_60,0.216667,780.000000,60
0.061049,0.998135,55.000000,0.660000,0.000000,7.481063,57.566462,1.700000,64.000000,75.000000,0,1,1,1,0,0,0,0,0,0.000000,1.700000,56.175869,109,T1_aug_night_load_1.7W_soc_60,0.233333,840.000000,60
0.065403,0.997859,55.000000,0.660000,0.000000,7.478282,57.392638,1.700000,64.000000,75.000000,0,1,1,1,0,0,0,0,0,0.000000,1.700000,56.002045,109,T1_aug_night_load_1.7W_soc_60,0.250000,900.000000,60
0.069756,0.997564,55.000000,0.660000,0.000000,7.475501,57.218814,1.700000,64.000000,75.000000,0,1,1,1,0,0,0,0,0,0.000000,1.700000,55.828221,109,T1_aug_night_load_1.7W_soc_60,0.266667,960.000000,60
0.074108,0.997250,55.000000,0.660000,0.000000,7.472720,57.044990,1.700000,64.000000,75.000000,0,1,1,1,0,0,0,0,0,0.000000,1.700000,55.654397,109,T1_aug_night_load_1.7W_soc_60,0.283333,1020.000000,60
0.078459,0.996917,55.000000,0.660000,0.000000,7.469939,56.871166,1.700000,64.000000,75.000000,0,1,1,1,0,0,0,0,0,0.000000,1.700000,55.480573,109,T1_aug_night_load_1.7W_soc_60,0.300000,1080.000000,60
0.082808,0.996566,55.000000,0.660000,0.000000,7.467157,56.697342,1.700000,64.000000,75.000000,0,1,1,1,0,0,0,0,0,0.000000,1.700000,55.306748,109,T1_aug_night_load_1.7W_soc_60,0.316667,1140.000000,60
0.087156,0.996195,55.000000,0.660000,0.000000,7.464376,56.523517,1.700000,64.000000,75.000000,0,1,1,1,0,0,0,0,0,0.000000,1.700000,55.132924,109,T1_aug_night_load_1.7W_soc_60,0.333333,1200.000000,60
0.091502,0.995805,55.000000,0.660000,0.000000,7.461595,56.349693,1.700000,64.000000,75.000000,0,1,1,1,0,0,0,0,0,0.000000,1.700000,54.959100,109,T1_aug_night_load_1.7W_soc_60,0.350000,1260.000000,60
0.095846,0.995396,55.000000,0.660000,0.000000,7.458814,56.175869,1.700000,64.000000,75.000000,0,1,1,1,0,0,0,0,0,0.000000,1.700000,54.785276,109,T1_aug_night_load_1.7W_soc_60,0.366667,1320.000000,60
0.100188,0.994969,55.000000,0.660000,0.000000,7.456033,56.002045,1.700000,64.000000,75.000000,0,1,1,1,0,0,0,0,0,0.000000,1.700000,54.611452,109,T1_aug_night_load_1.7W_soc_60,0.383333,1380.000000,60
0.104528,0.994522,55.000000,0.660000,0.000000,7.453252,55.828221,1.700000,64.000000,75.000000,0,1,1,1,0,0,0,0,0,0.000000,1.700000,54.437628,109,T1_aug_night_load_1.7W_soc_60,0.400000,1440.000000,60
0.108867,0.994056,55.000000,0.660000,0.000000,7.450470,55.654397,1.700000,64.000000,75.000000,0,1,1,1,0,0,0,0,0,0.000000,1.700000,54.263804,109,T1_aug_night_load_1.7W_soc_60,0.416667,1500.000000,60
0.113203,0.993572,55.000000,0.660000,0.000000,7.447689,55.480573,1.700000,64.000000,75.000000,0,1,1,1,0,0,0,0,0,0.000000,1.700000,54.089980,109,T1_aug_night_load_1.7W_soc_60,0.433333,1560.000000,60
0.117537,0.993068,55.000000,0.660000,0.000000,7.444908,55.306748,1.700000,64.000000,75.000000,0,1,1,1,0,0,0,0,0,0.000000,1.700000,53.916155,109,T1_aug_night_load_1.7W_soc_60,0.450000,1620.000000,60
0.121869,0.992546,55.000000,0.660000,0.000000,7.442127,55.132924,1.700000,64.000000,75.000000,0,1,1,1,0,0,0,0,0,0.000000,1.700000,53.742331,109,T1_aug_night_load_1.7W_soc_60,0.466667,1680.000000,60
0.126199,0.992005,55.000000,0.660000,0.000000,7.439346,54.959100,1.700000,64.000000,75.000000,0,1,1,1,0,0,0,0,0,0.000000,1.700000,53.568507,109,T1_aug_night_load_1.7W_soc_60,0.483333,1740.000000,60
0.130526,0.991445,55.000000,0.660000,0.000000,7.436564,54.785276,1.700000,64.000000,75.000000,0,1,1,1,0,0,0,0,0,0.000000,1.700000,53.394683,109,T1_aug_night_load_1.7W_soc_60,0.500000,1800.000000,60
0.134851,0.990866,55.000000,0.660000,0.000000,7.433783,54.611452,1.700000,64.000000,75.000000,0,1,1,1,0,0,0,0,0,0.000000,1.700000,53.220859,109,T1_aug_night_load_1.7W_soc_60,0.516667,1860.000000,60
0.139173,0.990268,55.000000,0.660000,0.000000,7.431002,54.437628,1.700000,64.000000,75.000000,0,1,1,1,0,0,0,0,0,0.000000,1.700000,53.047035,109,T1_aug_night_load_1.7W_soc_60,0.533333,1920.000000,60
0.143493,0.989651,55.000000,0.660000,0.000000,7.428221,54.263804,1.700000,64.000000,75.000000,0,1,1,1,0,0,0,0,0,0.000000,1.700000,52.873211,109,T1_aug_night_load_1.7W_soc_60,0.550000,1980.000000,60
0.147809,0.989016,55.000000,0.660000,0.000000,7.425440,54.089980,1.700000,64.000000,75.000000,0,1,1,1,0,0,0,0,0,0.000000,1.700000,52.699387,109,T1_aug_night_load_1.7W_soc_60,0.566667,2040.000000,60
0.152123,0.988362,55.000000,0.660000,0.000000,7.422658,53.916155,1.700000,64.000000,75.000000,0,1,1,1,0,0,0,0,0,0.000000,1.700000,52.525562,109,T1_aug_night_load_1.7W_soc_60,0.583333,2100.000000,60
0.156434,0.987688,55.000000,0.660000,0.000000,7.419877,53.742331,1.700000,64.000000,75.000000,0,1,1,1,0,0,0,0,0,0.000000,1.700000,52.351738,109,T1_aug_night_load_1.7W_soc_60,0.600000,2160.000000,60
0.160743,0.986996,55.000000,0.660000,0.000000,7.417096,53.568507,1.700000,64.000000,75.000000,0,1,1,1,0,0,0,0,0,0.000000,1.700000,52.177914,109,T1_aug_night_load_1.7W_soc_60,0.616667,2220.000000,60
0.165048,0.986286,55.000000,0.660000,0.000000,7.414315,53.394683,1.700000,64.000000,75.000000,0,1,1,1,0,0,0,0,0,0.000000,1.700000,52.004090,109,T1_aug_night_load_1.7W_soc_60,0.633333,2280.000000,60
0.169350,0.985556,55.000000,0.660000,0.000000,7.411534,53.220859,1.700000,64.000000,75.000000,0,1,1,1,0,0,0,0,0,0.000000,1.700000,51.830266,109,T1_aug_night_load_1.7W_soc_60,0.650000,2340.000000,60
0.173648,0.984808,55.000000,0.660000,0.000000,7.408753,53.047035,1.700000,64.000000,75.000000,0,1,1,1,0,0,0,0,0,0.000000,1.700000,51.656442,109,T1_aug_night_load_1.7W_soc_60,0.666667,2400.000000,60
0.177944,0.984041,55.000000,0.660000,0.000000,7.405971,52.873211,1.700000,64.000000,75.000000,0,1,1,1,0,0,0,0,0,0.000000,1.700000,51.482618,109,T1_aug_night_load_1.7W_soc_60,0.683333,2460.000000,60
0.182236,0.983255,55.000000,0.660000,0.000000,7.403190,52.699387,1.700000,64.000000,75.000000,0,1,1,1,0,0,0,0,0,0.000000,1.700000,51.308793,109,T1_aug_night_load_1.7W_soc_60,0.700000,2520.000000,60
0.186524,0.982450,55.000000,0.660000,0.000000,7.400409,52.525562,1.700000,64.000000,75.000000,0,1,1,1,0,0,0,0,0,0.000000,1.700000,51.134969,109,T1_aug_night_load_1.7W_soc_60,0.716667,2580.000000,60
0.190809,0.981627,55.000000,0.660000,0.000000,7.397628,52.351738,1.700000,64.000000,75.000000,0,1,1,1,0,0,0,0,0,0.000000,1.700000,50.961145,109,T1_aug_night_load_1.7W_soc_60,0.733333,2640.000000,60
0.195090,0.980785,55.000000,0.660000,0.000000,7.394847,52.177914,1.700000,64.000000,75.000000,0,1,1,1,0,0,0,0,0,0.000000,1.700000,50.787321,109,T1_aug_night_load_1.7W_soc_60,0.750000,2700.000000,60
0.199368,0.979925,55.000000,0.660000,0.000000,7.392065,52.004090,1.700000,64.000000,75.000000,0,1,1,1,0,0,0,0,0,0.000000,1.700000,50.613497,109,T1_aug_night_load_1.7W_soc_60,0.766667,2760.000000,60
0.203642,0.979045,55.000000,0.660000,0.000000,7.389284,51.830266,1.700000,64.000000,75.000000,0,1,1,1,0,0,0,0,0,0.000000,1.700000,50.439673,109,T1_aug_night_load_1.7W_soc_60,0.783333,2820.000000,60
0.207912,0.978148,55.000000,0.660000,0.000000,7.386503,51.656442,1.700000,64.000000,75.000000,0,1,1,1,0,0,0,0,0,0.000000,1.700000,50.265849,109,T1_aug_night_load_1.7W_soc_60,0.800000,2880.000000,60
0.212178,0.977231,55.000000,0.660000,0.000000,7.383722,51.482618,1.700000,64.000000,75.000000,0,1,1,1,0,0,0,0,0,0.000000,1.700000,50.092025,109,T1_aug_night_load_1.7W_soc_60,0.816667,2940.000000,60
0.216440,0.976296,55.000000,0.660000,0.000000,7.380941,51.308793,1.700000,64.000000,75.000000,0,1,1,1,0,0,0,0,0,0.000000,1.700000,49.918200,109,T1_aug_night_load_1.7W_soc_60,0.833333,3000.000000,60
0.220697,0.975342,55.000000,0.660000,0.000000,7.378160,51.134969,1.700000,64.000000,75.000000,0,1,1,1,0,0,0,0,0,0.000000,1.700000,49.744376,109,T1_aug_night_load_1.7W_soc_60,0.850000,3060.000000,60
0.224951,0.974370,55.000000,0.660000,0.000000,7.375378,50.961145,1.700000,64.000000,75.000000,0,1,1,1,0,0,0,0,0,0.000000,1.700000,49.570552,109,T1_aug_night_load_1.7W_soc_60,0.866667,3120.000000,60
0.229200,0.973379,55.000000,0.660000,0.000000,7.372597,50.787321,1.700000,64.000000,75.000000,0,1,1,1,0,0,0,0,0,0.000000,1.700000,49.396728,109,T1_aug_night_load_1.7W_soc_60,0.883333,3180.000000,60
0.233445,0.972370,55.000000,0.660000,0.000000,7.369816,50.613497,1.700000,64.000000,75.000000,0,1,1,1,0,0,0,0,0,0.000000,1.700000,49.222904,109,T1_aug_night_load_1.7W_soc_60,0.900000,3240.000000,60
0.237686,0.971342,55.000000,0.660000,0.000000,7.367035,50.439673,1.700000,64.000000,75.000000,0,1,1,1,0,0,0,0,0,0.000000,1.700000,49.049080,109,T1_aug_night_load_1.7W_soc_60,0.916667,3300.000000,60
0.241922,0.970296,55.000000,0.660000,0.000000,7.364254,50.265849,1.700000,64.000000,75.000000,0,1,1,1,0,0,0,0,0,0.000000,1.700000,48.875256,109,T1_aug_night_load_1.7W_soc_60,0.933333,3360.000000,60
0.246153,0.969231,55.000000,0.660000,0.000000,7.361472,50.092025,1.700000,64.000000,75.000000,0,1,1,1,0,0,0,0,0,0.000000,1.700000,48.701431,109,T1_aug_night_load_1.7W_soc_60,0.950000,3420.000000,60
0.250380,0.968148,55.000000,0.660000,0.000000,7.358691,49.918200,1.700000,64.000000,75.000000,0,1,1,1,0,0,0,0,0,0.000000,1.700000,48.527607,109,T1_aug_night_load_1.7W_soc_60,0.966667,3480.000000,60
0.254602,0.967046,55.000000,0.660000,0.000000,7.355910,49.744376,1.700000,64.000000,75.000000,0,1,1,1,0,0,0,0,0,0.000000,1.700000,48.353783,109,T1_aug_night_load_1.7W_soc_60,0.983333,3540.000000,60
0.258819,0.965926,55.000000,0.660000,0.000000,7.353129,49.570552,1.700000,64.000000,75.000000,0,1,1,1,0,0,0,0,0,0.000000,1.700000,48.179959,109,T1_aug_night_load_1.7W_soc_60,1.000000,3600.000000,60
0.263031,0.964787,55.000000,0.660000,0.000000,7.350348,49.396728,1.700000,64.000000,75.000000,0,1,1,1,0,0,0,0,0,0.000000,1.700000,48.006135,109,T1_aug_night_load_1.7W_soc_60,1.016667,3660.000000,60
0.267238,0.963630,55.000000,0.660000,0.000000,7.347566,49.222904,1.700000,64.000000,75.000000,0,1,1,1,0,0,0,0,0,0.000000,1.700000,47.832311,109,T1_aug_night_load_1.7W_soc_60,1.033333,3720.000000,60
0.271440,0.962455,55.000000,0.660000,0.000000,7.344785,49.049080,1.700000,64.000000,75.000000,0,1,1,1,0,0,0,0,0,0.000000,1.700000,47.658487,109,T1_aug_night_load_1.7W_soc_60,1.050000,3780.000000,60
0.275637,0.961262,55.000000,0.660000,0.000000,7.342004,48.875256,1.700000,64.000000,75.000000,0,1,1,1,0,0,0,0,0,0.000000,1.700000,47.484663,109,T1_aug_night_load_1.7W_soc_60,1.066667,3840.000000,60
0.279829,0.960050,55.000000,0.660000,0.000000,7.339223,48.701431,1.700000,64.000000,75.000000,0,1,1,1,0,0,0,0,0,0.000000,1.700000,47.310838,109,T1_aug_night_load_1.7W_soc_60,1.083333,3900.000000,60
0.284015,0.958820,55.000000,0.660000,0.000000,7.336442,48.527607,1.700000,64.000000,75.000000,0,1,1,1,0,0,0,0,0,0.000000,1.700000,47.137014,109,T1_aug_night_load_1.7W_soc_60,1.100000,3960.000000,60
0.288196,0.957571,55.000000,0.660000,0.000000,7.333661,48.353783,1.700000,64.000000,75.000000,0,1,1,1,0,0,0,0,0,0.000000,1.700000,46.963190,109,T1_aug_night_load_1.7W_soc_60,1.116667,4020.000000,60
0.292372,0.956305,55.000000,0.660000,0.000000,7.330879,48.179959,1.700000,64.000000,75.000000,0,1,1,1,0,0,0,0,0,0.000000,1.700000,46.789366,109,T1_aug_night_load_1.7W_soc_60,1.133333,4080.000000,60
0.296542,0.955020,55.000000,0.660000,0.000000,7.328098,48.006135,1.700000,64.000000,75.000000,0,1,1,1,0,0,0,0,0,0.000000,1.700000,46.615542,109,T1_aug_night_load_1.7W_soc_60,1.150000,4140.000000,60
0.300706,0.953717,55.000000,0.660000,0.000000,7.325317,47.832311,1.700000,64.000000,75.000000,0,1,1,1,0,0,0,0,0,0.000000,1.700000,46.441718,109,T1_aug_night_load_1.7W_soc_60,1.166667,4200.000000,60
0.304864,0.952396,55.000000,0.660000,0.000000,7.322536,47.658487,1.700000,64.000000,75.000000,0,1,1,1,0,0,0,0,0,0.000000,1.700000,46.267894,109,T1_aug_night_load_1.7W_soc_60,1.183333,4260.000000,60
0.309017,0.951057,55.000000,0.660000,0.000000,7.319755,47.484663,1.700000,64.000000,75.000000,0,1,1,1,0,0,0,0,0,0.000000,1.700000,46.094070,109,T1_aug_night_load_1.7W_soc_60,1.200000,4320.000000,60
0.313164,0.949699,55.000000,0.660000,0.000000,7.316973,47.310838,1.700000,64.000000,75.000000,0,1,1,1,0,0,0,0,0,0.000000,1.700000,45.920245,109,T1_aug_night_load_1.7W_soc_60,1.216667,4380.000000,60
0.317305,0.948324,55.000000,0.660000,0.000000,7.314192,47.137014,1.700000,64.000000,75.000000,0,1,1,1,0,0,0,0,0,0.000000,1.700000,45.746421,109,T1_aug_night_load_1.7W_soc_60,1.233333,4440.000000,60
0.321439,0.946930,55.000000,0.660000,0.000000,7.311411,46.963190,1.700000,64.000000,75.000000,0,1,1,1,0,0,0,0,0,0.000000,1.700000,45.572597,109,T1_aug_night_load_1.7W_soc_60,1.250000,4500.000000,60
0.325568,0.945519,55.000000,0.660000,0.000000,7.308630,46.789366,1.700000,64.000000,75.000000,0,1,1,1,0,0,0,0,0,0.000000,1.700000,45.398773,109,T1_aug_night_load_1.7W_soc_60,1.266667,4560.000000,60
0.329691,0.944089,55.000000,0.660000,0.000000,7.305849,46.615542,1.700000,64.000000,75.000000,0,1,1,1,0,0,0,0,0,0.000000,1.700000,45.224949,109,T1_aug_night_load_1.7W_soc_60,1.283333,4620.000000,60
0.333807,0.942641,55.000000,0.660000,0.000000,7.303067,46.441718,1.700000,64.000000,75.000000,0,1,1,1,0,0,0,0,0,0.000000,1.700000,45.051125,109,T1_aug_night_load_1.7W_soc_60,1.300000,4680.000000,60
0.337917,0.941176,55.000000,0.660000,0.000000,7.300286,46.267894,1.700000,64.000000,75.000000,0,1,1,1,0,0,0,0,0,0.000000,1.700000,44.877301,109,T1_aug_night_load_1.7W_soc_60,1.316667,4740.000000,60
0.342020,0.939693,55.000000,0.660000,0.000000,7.297505,46.094070,1.700000,64.000000,75.000000,0,1,1,1,0,0,0,0,0,0.000000,1.700000,44.703476,109,T1_aug_night_load_1.7W_soc_60,1.333333,4800.000000,60
0.346117,0.938191,55.000000,0.660000,0.000000,7.294724,45.920245,1.700000,64.000000,75.000000,0,1,1,1,0,0,0,0,0,0.000000,1.700000,44.529652,109,T1_aug_night_load_1.7W_soc_60,1.350000,4860.000000,60
0.350207,0.936672,55.000000,0.660000,0.000000,7.291943,45.746421,1.700000,64.000000,75.000000,0,1,1,1,0,0,0,0,0,0.000000,1.700000,44.355828,109,T1_aug_night_load_1.7W_soc_60,1.366667,4920.000000,60
0.354291,0.935135,55.000000,0.660000,0.000000,7.289162,45.572597,1.700000,64.000000,75.000000,0,1,1,1,0,0,0,0,0,0.000000,1.700000,44.182004,109,T1_aug_night_load_1.7W_soc_60,1.383333,4980.000000,60
0.358368,0.933580,55.000000,0.660000,0.000000,7.286380,45.398773,1.700000,64.000000,75.000000,0,1,1,1,0,0,0,0,0,0.000000,1.700000,44.008180,109,T1_aug_night_load_1.7W_soc_60,1.400000,5040.000000,60
0.362438,0.932008,55.000000,0.660000,0.000000,7.283599,45.224949,1.700000,64.000000,75.000000,0,1,1,1,0,0,0,0,0,0.000000,1.700000,43.834356,109,T1_aug_night_load_1.7W_soc_60,1.416667,5100.000000,60
0.366501,0.930418,55.000000,0.660000,0.000000,7.280818,45.051125,1.700000,64.000000,75.000000,0,1,1,1,0,0,0,0,0,0.000000,1.700000,43.660532,109,T1_aug_night_load_1.7W_soc_60,1.433333,5160.000000,60
0.370557,0.928810,55.000000,0.660000,0.000000,7.278037,44.877301,1.700000,64.000000,75.000000,0,1,1,1,0,0,0,0,0,0.000000,1.700000,43.486708,109,T1_aug_night_load_1.7W_soc_60,1.450000,5220.000000,60
0.374607,0.927184,55.000000,0.660000,0.000000,7.275256,44.703476,1.700000,64.000000,75.000000,0,1,1,1,0,0,0,0,0,0.000000,1.700000,43.312883,109,T1_aug_night_load_1.7W_soc_60,1.466667,5280.000000,60
0.378649,0.925541,55.000000,0.660000,0.000000,7.272474,44.529652,1.700000,64.000000,75.000000,0,1,1,1,0,0,0,0,0,0.000000,1.700000,43.139059,109,T1_aug_night_load_1.7W_soc_60,1.483333,5340.000000,60
0.382683,0.923880,55.000000,0.660000,0.000000,7.269693,44.355828,1.700000,64.000000,75.000000,0,1,1,1,0,0,0,0,0,0.000000,1.700000,42.965235,109,T1_aug_night_load_1.7W_soc_60,1.500000,5400.000000,60
0.386711,0.922201,55.000000,0.660000,0.000000,7.266912,44.182004,1.700000,64.000000,75.000000,0,1,1,1,0,0,0,0,0,0.000000,1.700000,42.791411,109,T1_aug_night_load_1.7W_soc_60,1.516667,5460.000000,60
0.390731,0.920505,55.000000,0.660000,0.000000,7.264131,44.008180,1.700000,64.000000,75.000000,0,1,1,1,0,0,0,0,0,0.000000,1.700000,42.617587,109,T1_aug_night_load_1.7W_soc_60,1.533333,5520.000000,60
0.394744,0.918791,55.000000,0.660000,0.000000,7.261350,43.834356,1.700000,64.000000,75.000000,0,1,1,1,0,0,0,0,0,0.000000,1.700000,42.443763,109,T1_aug_night_load_1.7W_soc_60,1.550000,5580.000000,60
0.398749,0.917060,55.000000,0.660000,0.000000,7.258569,43.660532,1.700000,64.000000,75.000000,0,1,1,1,0,0,0,0,0,0.000000,1.700000,42.269939,109,T1_aug_night_load_1.7W_soc_60,1.566667,5640.000000,60
0.402747,0.915311,55.000000,0.660000,0.000000,7.255787,43.486708,1.700000,64.000000,75.000000,0,1,1,1,0,0,0,0,0,0.000000,1.700000,42.096115,109,T1_aug_night_load_1.7W_soc_60,1.583333,5700.000000,60
0.406737,0.913545,55.000000,0.660000,0.000000,7.253006,43.312883,1.700000,64.000000,75.000000,0,1,1,1,0,0,0,0,0,0.000000,1.700000,41.922290,109,T1_aug_night_load_1.7W_soc_60,1.600000,5760.000000,60
0.410719,0.911762,55.000000,0.660000,0.000000,7.250225,43.139059,1.700000,64.000000,75.000000,0,1,1,1,0,0,0,0,0,0.000000,1.700000,41.748466,109,T1_aug_night_load_1.7W_soc_60,1.616667,5820.000000,60
0.414693,0.909961,55.000000,0.660000,0.000000,7.247444,42.965235,1.700000,64.000000,75.000000,0,1,1,1,0,0,0,0,0,0.000000,1.700000,41.574642,109,T1_aug_night_load_1.7W_soc_60,1.633333,5880.000000,60
0.418660,0.908143,55.000000,0.660000,0.000000,7.244663,42.791411,1.700000,64.000000,75.000000,0,1,1,1,0,0,0,0,0,0.000000,1.700000,41.400818,109,T1_aug_night_load_1.7W_soc_60,1.650000,5940.000000,60
0.422618,0.906308,55.000000,0.660000,0.000000,7.241881,42.617587,1.700000,64.000000,75.000000,0,1,1,1,0,0,0,0,0,0.000000,1.700000,41.226994,109,T1_aug_night_load_1.7W_soc_60,1.666667,6000.000000,60
0.426569,0.904455,55.000000,0.660000,0.000000,7.239100,42.443763,1.700000,64.000000,75.000000,0,1,1,1,0,0,0,0,0,0.000000,1.700000,41.053170,109,T1_aug_night_load_1.7W_soc_60,1.683333,6060.000000,60
0.430511,0.902585,55.000000,0.660000,0.000000,7.236319,42.269939,1.700000,64.000000,75.000000,0,1,1,1,0,0,0,0,0,0.000000,1.700000,40.879346,109,T1_aug_night_load_1.7W_soc_60,1.700000,6120.000000,60
0.434445,0.900698,55.000000,0.660000,0.000000,7.233538,42.096115,1.700000,64.000000,75.000000,0,1,1,1,0,0,0,0,0,0.000000,1.700000,40.705521,109,T1_aug_night_load_1.7W_soc_60,1.716667,6180.000000,60
0.438371,0.898794,55.000000,0.660000,0.000000,7.230757,41.922290,1.700000,64.000000,75.000000,0,1,1,1,0,0,0,0,0,0.000000,1.700000,40.531697,109,T1_aug_night_load_1.7W_soc_60,1.733333,6240.000000,60
0.442289,0.896873,55.000000,0.660000,0.000000,7.227975,41.748466,1.700000,64.000000,75.000000,0,1,1,1,0,0,0,0,0,0.000000,1.700000,40.357873,109,T1_aug_night_load_1.7W_soc_60,1.750000,6300.000000,60
0.446198,0.894934,55.000000,0.660000,0.000000,7.225194,41.574642,1.700000,64.000000,75.000000,0,1,1,1,0,0,0,0,0,0.000000,1.700000,40.184049,109,T1_aug_night_load_1.7W_soc_60,1.766667,6360.000000,60
0.450098,0.892979,55.000000,0.660000,0.000000,7.222413,41.400818,1.700000,64.000000,75.000000,0,1,1,1,0,0,0,0,0,0.000000,1.700000,40.010225,109,T1_aug_night_load_1.7W_soc_60,1.783333,6420.000000,60
0.453990,0.891007,55.000000,0.660000,0.000000,7.219632,41.226994,1.700000,64.000000,75.000000,0,1,1,1,0,0,0,0,0,0.000000,1.700000,39.836401,109,T1_aug_night_load_1.7W_soc_60,1.800000,6480.000000,60
0.457874,0.889017,55.000000,0.660000,0.000000,7.216851,41.053170,1.700000,64.000000,75.000000,0,1,1,1,0,0,0,0,0,0.000000,1.700000,39.662577,109,T1_aug_night_load_1.7W_soc_60,1.816667,6540.000000,60
0.461749,0.887011,55.000000,0.660000,0.000000,7.214070,40.879346,1.700000,64.000000,75.000000,0,1,1,1,0,0,0,0,0,0.000000,1.700000,39.488753,109,T1_aug_night_load_1.7W_soc_60,1.833333,6600.000000,60
0.465615,0.884988,55.000000,0.660000,0.000000,7.211288,40.705521,1.700000,64.000000,75.000000,0,1,1,1,0,0,0,0,0,0.000000,1.700000,39.401840,109,T1_aug_night_load_1.7W_soc_60,1.850000,6660.000000,60
0.469472,0.882948,55.000000,0.660000,0.000000,7.208507,40.531697,1.700000,64.000000,75.000000,0,1,1,1,0,0,0,0,0,0.000000,1.700000,39.314928,109,T1_aug_night_load_1.7W_soc_60,1.866667,6720.000000,60
0.473320,0.880891,55.000000,0.660000,0.000000,7.205726,40.357873,1.700000,64.000000,75.000000,0,1,1,1,0,0,0,0,0,0.000000,1.700000,39.228016,109,T1_aug_night_load_1.7W_soc_60,1.883333,6780.000000,60
0.477159,0.878817,55.000000,0.660000,0.000000,7.202945,40.184049,1.700000,64.000000,75.000000,0,1,1,1,0,0,0,0,0,0.000000,1.700000,39.141104,109,T1_aug_night_load_1.7W_soc_60,1.900000,6840.000000,60
0.000000,1.000000,55.000000,0.660000,0.000000,7.680000,70.000000,1.700000,64.000000,75.000000,0,1,1,1,0,0,0,0,0,0.000000,1.700000,68.261759,110,T1_aug_night_load_1.7W_soc_70,0.000000,0.000000,60
0.004363,0.999990,55.000000,0.660000,0.000000,7.677219,69.826176,1.700000,64.000000,75.000000,0,1,1,1,0,0,0,0,0,0.000000,1.700000,68.174847,110,T1_aug_night_load_1.7W_soc_70,0.016667,60.000000,60
0.008727,0.999962,55.000000,0.660000,0.000000,7.674438,69.652352,1.700000,64.000000,75.000000,0,1,1,1,0,0,0,0,0,0.000000,1.700000,68.087935,110,T1_aug_night_load_1.7W_soc_70,0.033333,120.000000,60
0.013090,0.999914,55.000000,0.660000,0.000000,7.671656,69.478528,1.700000,64.000000,75.000000,0,1,1,1,0,0,0,0,0,0.000000,1.700000,68.001022,110,T1_aug_night_load_1.7W_soc_70,0.050000,180.000000,60
0.017452,0.999848,55.000000,0.660000,0.000000,7.668875,69.304703,1.700000,64.000000,75.000000,0,1,1,1,0,0,0,0,0,0.000000,1.700000,67.914110,110,T1_aug_night_load_1.7W_soc_70,0.066667,240.000000,60
0.021815,0.999762,55.000000,0.660000,0.000000,7.666094,69.130879,1.700000,64.000000,75.000000,0,1,1,1,0,0,0,0,0,0.000000,1.700000,67.740286,110,T1_aug_night_load_1.7W_soc_70,0.083333,300.000000,60
0.026177,0.999657,55.000000,0.660000,0.000000,7.663313,68.957055,1.700000,64.000000,75.000000,0,1,1,1,0,0,0,0,0,0.000000,1.700000,67.566462,110,T1_aug_night_load_1.7W_soc_70,0.100000,360.000000,60
0.030539,0.999534,55.000000,0.660000,0.000000,7.660532,68.783231,1.700000,64.000000,75.000000,0,1,1,1,0,0,0,0,0,0.000000,1.700000,67.392638,110,T1_aug_night_load_1.7W_soc_70,0.116667,420.000000,60
0.034899,0.999391,55.000000,0.660000,0.000000,7.657751,68.609407,1.700000,64.000000,75.000000,0,1,1,1,0,0,0,0,0,0.000000,1.700000,67.218814,110,T1_aug_night_load_1.7W_soc_70,0.133333,480.000000,60
0.039260,0.999229,55.000000,0.660000,0.000000,7.654969,68.435583,1.700000,64.000000,75.000000,0,1,1,1,0,0,0,0,0,0.000000,1.700000,67.044990,110,T1_aug_night_load_1.7W_soc_70,0.150000,540.000000,60
0.043619,0.999048,55.000000,0.660000,0.000000,7.652188,68.261759,1.700000,64.000000,75.000000,0,1,1,1,0,0,0,0,0,0.000000,1.700000,66.871166,110,T1_aug_night_load_1.7W_soc_70,0.166667,600.000000,60
0.047978,0.998848,55.000000,0.660000,0.000000,7.649407,68.087935,1.700000,64.000000,75.000000,0,1,1,1,0,0,0,0,0,0.000000,1.700000,66.697342,110,T1_aug_night_load_1.7W_soc_70,0.183333,660.000000,60
0.052336,0.998630,55.000000,0.660000,0.000000,7.646626,67.914110,1.700000,64.000000,75.000000,0,1,1,1,0,0,0,0,0,0.000000,1.700000,66.523517,110,T1_aug_night_load_1.7W_soc_70,0.200000,720.000000,60
0.056693,0.998392,55.000000,0.660000,0.000000,7.643845,67.740286,1.700000,64.000000,75.000000,0,1,1,1,0,0,0,0,0,0.000000,1.700000,66.349693,110,T1_aug_night_load_1.7W_soc_70,0.216667,780.000000,60
0.061049,0.998135,55.000000,0.660000,0.000000,7.641063,67.566462,1.700000,64.000000,75.000000,0,1,1,1,0,0,0,0,0,0.000000,1.700000,66.175869,110,T1_aug_night_load_1.7W_soc_70,0.233333,840.000000,60
0.065403,0.997859,55.000000,0.660000,0.000000,7.638282,67.392638,1.700000,64.000000,75.000000,0,1,1,1,0,0,0,0,0,0.000000,1.700000,66.002045,110,T1_aug_night_load_1.7W_soc_70,0.250000,900.000000,60
0.069756,0.997564,55.000000,0.660000,0.000000,7.635501,67.218814,1.700000,64.000000,75.000000,0,1,1,1,0,0,0,0,0,0.000000,1.700000,65.828221,110,T1_aug_night_load_1.7W_soc_70,0.266667,960.000000,60
0.074108,0.997250,55.000000,0.660000,0.000000,7.632720,67.044990,1.700000,64.000000,75.000000,0,1,1,1,0,0,0,0,0,0.000000,1.700000,65.654397,110,T1_aug_night_load_1.7W_soc_70,0.283333,1020.000000,60
0.078459,0.996917,55.000000,0.660000,0.000000,7.629939,66.871166,1.700000,64.000000,75.000000,0,1,1,1,0,0,0,0,0,0.000000,1.700000,65.480573,110,T1_aug_night_load_1.7W_soc_70,0.300000,1080.000000,60
0.082808,0.996566,55.000000,0.660000,0.000000,7.627157,66.697342,1.700000,64.000000,75.000000,0,1,1,1,0,0,0,0,0,0.000000,1.700000,65.306748,110,T1_aug_night_load_1.7W_soc_70,0.316667,1140.000000,60
0.087156,0.996195,55.000000,0.660000,0.000000,7.624376,66.523517,1.700000,64.000000,75.000000,0,1,1,1,0,0,0,0,0,0.000000,1.700000,65.132924,110,T1_aug_night_load_1.7W_soc_70,0.333333,1200.000000,60
0.091502,0.995805,55.000000,0.660000,0.000000,7.621595,66.349693,1.700000,64.000000,75.000000,0,1,1,1,0,0,0,0,0,0.000000,1.700000,64.959100,110,T1_aug_night_load_1.7W_soc_70,0.350000,1260.000000,60
0.095846,0.995396,55.000000,0.660000,0.000000,7.618814,66.175869,1.700000,64.000000,75.000000,0,1,1,1,0,0,0,0,0,0.000000,1.700000,64.785276,110,T1_aug_night_load_1.7W_soc_70,0.366667,1320.000000,60
0.100188,0.994969,55.000000,0.660000,0.000000,7.616033,66.002045,1.700000,64.000000,75.000000,0,1,1,1,0,0,0,0,0,0.000000,1.700000,64.611452,110,T1_aug_night_load_1.7W_soc_70,0.383333,1380.000000,60
0.104528,0.994522,55.000000,0.660000,0.000000,7.613252,65.828221,1.700000,64.000000,75.000000,0,1,1,1,0,0,0,0,0,0.000000,1.700000,64.437628,110,T1_aug_night_load_1.7W_soc_70,0.400000,1440.000000,60
0.108867,0.994056,55.000000,0.660000,0.000000,7.610470,65.654397,1.700000,64.000000,75.000000,0,1,1,1,0,0,0,0,0,0.000000,1.700000,64.263804,110,T1_aug_night_load_1.7W_soc_70,0.416667,1500.000000,60
0.113203,0.993572,55.000000,0.660000,0.000000,7.607689,65.480573,1.700000,64.000000,75.000000,0,1,1,1,0,0,0,0,0,0.000000,1.700000,64.089980,110,T1_aug_night_load_1.7W_soc_70,0.433333,1560.000000,60
0.117537,0.993068,55.000000,0.660000,0.000000,7.604908,65.306748,1.700000,64.000000,75.000000,0,1,1,1,0,0,0,0,0,0.000000,1.700000,63.916155,110,T1_aug_night_load_1.7W_soc_70,0.450000,1620.000000,60
0.121869,0.992546,55.000000,0.660000,0.000000,7.602127,65.132924,1.700000,64.000000,75.000000,0,1,1,1,0,0,0,0,0,0.000000,1.700000,63.742331,110,T1_aug_night_load_1.7W_soc_70,0.466667,1680.000000,60
0.126199,0.992005,55.000000,0.660000,0.000000,7.599346,64.959100,1.700000,64.000000,75.000000,0,1,1,1,0,0,0,0,0,0.000000,1.700000,63.568507,110,T1_aug_night_load_1.7W_soc_70,0.483333,1740.000000,60
0.130526,0.991445,55.000000,0.660000,0.000000,7.596564,64.785276,1.700000,64.000000,75.000000,0,1,1,1,0,0,0,0,0,0.000000,1.700000,63.394683,110,T1_aug_night_load_1.7W_soc_70,0.500000,1800.000000,60
0.134851,0.990866,55.000000,0.660000,0.000000,7.593783,64.611452,1.700000,64.000000,75.000000,0,1,1,1,0,0,0,0,0,0.000000,1.700000,63.220859,110,T1_aug_night_load_1.7W_soc_70,0.516667,1860.000000,60
0.139173,0.990268,55.000000,0.660000,0.000000,7.591002,64.437628,1.700000,64.000000,75.000000,0,1,1,1,0,0,0,0,0,0.000000,1.700000,63.047035,110,T1_aug_night_load_1.7W_soc_70,0.533333,1920.000000,60
0.143493,0.989651,55.000000,0.660000,0.000000,7.588221,64.263804,1.700000,64.000000,75.000000,0,1,1,1,0,0,0,0,0,0.000000,1.700000,62.873211,110,T1_aug_night_load_1.7W_soc_70,0.550000,1980.000000,60
0.147809,0.989016,55.000000,0.660000,0.000000,7.585440,64.089980,1.700000,64.000000,75.000000,0,1,1,1,0,0,0,0,0,0.000000,1.700000,62.699387,110,T1_aug_night_load_1.7W_soc_70,0.566667,2040.000000,60
0.152123,0.988362,55.000000,0.660000,0.000000,7.582658,63.916155,1.700000,64.000000,75.000000,0,1,1,1,0,0,0,0,0,0.000000,1.700000,62.525562,110,T1_aug_night_load_1.7W_soc_70,0.583333,2100.000000,60
0.156434,0.987688,55.000000,0.660000,0.000000,7.579877,63.742331,1.700000,64.000000,75.000000,0,1,1,1,0,0,0,0,0,0.000000,1.700000,62.351738,110,T1_aug_night_load_1.7W_soc_70,0.600000,2160.000000,60
0.160743,0.986996,55.000000,0.660000,0.000000,7.577096,63.568507,1.700000,64.000000,75.000000,0,1,1,1,0,0,0,0,0,0.000000,1.700000,62.177914,110,T1_aug_night_load_1.7W_soc_70,0.616667,2220.000000,60
0.165048,0.986286,55.000000,0.660000,0.000000,7.574315,63.394683,1.700000,64.000000,75.000000,0,1,1,1,0,0,0,0,0,0.000000,1.700000,62.004090,110,T1_aug_night_load_1.7W_soc_70,0.633333,2280.000000,60
0.169350,0.985556,55.000000,0.660000,0.000000,7.571534,63.220859,1.700000,64.000000,75.000000,0,1,1,1,0,0,0,0,0,0.000000,1.700000,61.830266,110,T1_aug_night_load_1.7W_soc_70,0.650000,2340.000000,60
0.173648,0.984808,55.000000,0.660000,0.000000,7.568753,63.047035,1.700000,64.000000,75.000000,0,1,1,1,0,0,0,0,0,0.000000,1.700000,61.656442,110,T1_aug_night_load_1.7W_soc_70,0.666667,2400.000000,60
0.177944,0.984041,55.000000,0.660000,0.000000,7.565971,62.873211,1.700000,64.000000,75.000000,0,1,1,1,0,0,0,0,0,0.000000,1.700000,61.482618,110,T1_aug_night_load_1.7W_soc_70,0.683333,2460.000000,60
0.182236,0.983255,55.000000,0.660000,0.000000,7.563190,62.699387,1.700000,64.000000,75.000000,0,1,1,1,0,0,0,0,0,0.000000,1.700000,61.308793,110,T1_aug_night_load_1.7W_soc_70,0.700000,2520.000000,60
0.186524,0.982450,55.000000,0.660000,0.000000,7.560409,62.525562,1.700000,64.000000,75.000000,0,1,1,1,0,0,0,0,0,0.000000,1.700000,61.134969,110,T1_aug_night_load_1.7W_soc_70,0.716667,2580.000000,60
0.190809,0.981627,55.000000,0.660000,0.000000,7.557628,62.351738,1.700000,64.000000,75.000000,0,1,1,1,0,0,0,0,0,0.000000,1.700000,60.961145,110,T1_aug_night_load_1.7W_soc_70,0.733333,2640.000000,60
0.195090,0.980785,55.000000,0.660000,0.000000,7.554847,62.177914,1.700000,64.000000,75.000000,0,1,1,1,0,0,0,0,0,0.000000,1.700000,60.787321,110,T1_aug_night_load_1.7W_soc_70,0.750000,2700.000000,60
0.199368,0.979925,55.000000,0.660000,0.000000,7.552065,62.004090,1.700000,64.000000,75.000000,0,1,1,1,0,0,0,0,0,0.000000,1.700000,60.613497,110,T1_aug_night_load_1.7W_soc_70,0.766667,2760.000000,60
0.203642,0.979045,55.000000,0.660000,0.000000,7.549284,61.830266,1.700000,64.000000,75.000000,0,1,1,1,0,0,0,0,0,0.000000,1.700000,60.439673,110,T1_aug_night_load_1.7W_soc_70,0.783333,2820.000000,60
0.207912,0.978148,55.000000,0.660000,0.000000,7.546503,61.656442,1.700000,64.000000,75.000000,0,1,1,1,0,0,0,0,0,0.000000,1.700000,60.265849,110,T1_aug_night_load_1.7W_soc_70,0.800000,2880.000000,60
0.212178,0.977231,55.000000,0.660000,0.000000,7.543722,61.482618,1.700000,64.000000,75.000000,0,1,1,1,0,0,0,0,0,0.000000,1.700000,60.092025,110,T1_aug_night_load_1.7W_soc_70,0.816667,2940.000000,60
0.216440,0.976296,55.000000,0.660000,0.000000,7.540941,61.308793,1.700000,64.000000,75.000000,0,1,1,1,0,0,0,0,0,0.000000,1.700000,59.918200,110,T1_aug_night_load_1.7W_soc_70,0.833333,3000.000000,60
0.220697,0.975342,55.000000,0.660000,0.000000,7.538160,61.134969,1.700000,64.000000,75.000000,0,1,1,1,0,0,0,0,0,0.000000,1.700000,59.744376,110,T1_aug_night_load_1.7W_soc_70,0.850000,3060.000000,60
0.224951,0.974370,55.000000,0.660000,0.000000,7.535378,60.961145,1.700000,64.000000,75.000000,0,1,1,1,0,0,0,0,0,0.000000,1.700000,59.570552,110,T1_aug_night_load_1.7W_soc_70,0.866667,3120.000000,60
0.229200,0.973379,55.000000,0.660000,0.000000,7.532597,60.787321,1.700000,64.000000,75.000000,0,1,1,1,0,0,0,0,0,0.000000,1.700000,59.396728,110,T1_aug_night_load_1.7W_soc_70,0.883333,3180.000000,60
0.233445,0.972370,55.000000,0.660000,0.000000,7.529816,60.613497,1.700000,64.000000,75.000000,0,1,1,1,0,0,0,0,0,0.000000,1.700000,59.222904,110,T1_aug_night_load_1.7W_soc_70,0.900000,3240.000000,60
0.237686,0.971342,55.000000,0.660000,0.000000,7.527035,60.439673,1.700000,64.000000,75.000000,0,1,1,1,0,0,0,0,0,0.000000,1.700000,59.049080,110,T1_aug_night_load_1.7W_soc_70,0.916667,3300.000000,60
0.241922,0.970296,55.000000,0.660000,0.000000,7.524254,60.265849,1.700000,64.000000,75.000000,0,1,1,1,0,0,0,0,0,0.000000,1.700000,58.875256,110,T1_aug_night_load_1.7W_soc_70,0.933333,3360.000000,60
0.246153,0.969231,55.000000,0.660000,0.000000,7.521472,60.092025,1.700000,64.000000,75.000000,0,1,1,1,0,0,0,0,0,0.000000,1.700000,58.701431,110,T1_aug_night_load_1.7W_soc_70,0.950000,3420.000000,60
0.250380,0.968148,55.000000,0.660000,0.000000,7.518691,59.918200,1.700000,64.000000,75.000000,0,1,1,1,0,0,0,0,0,0.000000,1.700000,58.527607,110,T1_aug_night_load_1.7W_soc_70,0.966667,3480.000000,60
0.254602,0.967046,55.000000,0.660000,0.000000,7.515910,59.744376,1.700000,64.000000,75.000000,0,1,1,1,0,0,0,0,0,0.000000,1.700000,58.353783,110,T1_aug_night_load_1.7W_soc_70,0.983333,3540.000000,60
0.258819,0.965926,55.000000,0.660000,0.000000,7.513129,59.570552,1.700000,64.000000,75.000000,0,1,1,1,0,0,0,0,0,0.000000,1.700000,58.179959,110,T1_aug_night_load_1.7W_soc_70,1.000000,3600.000000,60
0.263031,0.964787,55.000000,0.660000,0.000000,7.510348,59.396728,1.700000,64.000000,75.000000,0,1,1,1,0,0,0,0,0,0.000000,1.700000,58.006135,110,T1_aug_night_load_1.7W_soc_70,1.016667,3660.000000,60
0.267238,0.963630,55.000000,0.660000,0.000000,7.507566,59.222904,1.700000,64.000000,75.000000,0,1,1,1,0,0,0,0,0,0.000000,1.700000,57.832311,110,T1_aug_night_load_1.7W_soc_70,1.033333,3720.000000,60
0.271440,0.962455,55.000000,0.660000,0.000000,7.504785,59.049080,1.700000,64.000000,75.000000,0,1,1,1,0,0,0,0,0,0.000000,1.700000,57.658487,110,T1_aug_night_load_1.7W_soc_70,1.050000,3780.000000,60
0.275637,0.961262,55.000000,0.660000,0.000000,7.502004,58.875256,1.700000,64.000000,75.000000,0,1,1,1,0,0,0,0,0,0.000000,1.700000,57.484663,110,T1_aug_night_load_1.7W_soc_70,1.066667,3840.000000,60
0.279829,0.960050,55.000000,0.660000,0.000000,7.499223,58.701431,1.700000,64.000000,75.000000,0,1,1,1,0,0,0,0,0,0.000000,1.700000,57.310838,110,T1_aug_night_load_1.7W_soc_70,1.083333,3900.000000,60
0.284015,0.958820,55.000000,0.660000,0.000000,7.496442,58.527607,1.700000,64.000000,75.000000,0,1,1,1,0,0,0,0,0,0.000000,1.700000,57.137014,110,T1_aug_night_load_1.7W_soc_70,1.100000,3960.000000,60
0.288196,0.957571,55.000000,0.660000,0.000000,7.493661,58.353783,1.700000,64.000000,75.000000,0,1,1,1,0,0,0,0,0,0.000000,1.700000,56.963190,110,T1_aug_night_load_1.7W_soc_70,1.116667,4020.000000,60
0.292372,0.956305,55.000000,0.660000,0.000000,7.490879,58.179959,1.700000,64.000000,75.000000,0,1,1,1,0,0,0,0,0,0.000000,1.700000,56.789366,110,T1_aug_night_load_1.7W_soc_70,1.133333,4080.000000,60
0.296542,0.955020,55.000000,0.660000,0.000000,7.488098,58.006135,1.700000,64.000000,75.000000,0,1,1,1,0,0,0,0,0,0.000000,1.700000,56.615542,110,T1_aug_night_load_1.7W_soc_70,1.150000,4140.000000,60
0.300706,0.953717,55.000000,0.660000,0.000000,7.485317,57.832311,1.700000,64.000000,75.000000,0,1,1,1,0,0,0,0,0,0.000000,1.700000,56.441718,110,T1_aug_night_load_1.7W_soc_70,1.166667,4200.000000,60
0.304864,0.952396,55.000000,0.660000,0.000000,7.482536,57.658487,1.700000,64.000000,75.000000,0,1,1,1,0,0,0,0,0,0.000000,1.700000,56.267894,110,T1_aug_night_load_1.7W_soc_70,1.183333,4260.000000,60
0.309017,0.951057,55.000000,0.660000,0.000000,7.479755,57.484663,1.700000,64.000000,75.000000,0,1,1,1,0,0,0,0,0,0.000000,1.700000,56.094070,110,T1_aug_night_load_1.7W_soc_70,1.200000,4320.000000,60
0.313164,0.949699,55.000000,0.660000,0.000000,7.476973,57.310838,1.700000,64.000000,75.000000,0,1,1,1,0,0,0,0,0,0.000000,1.700000,55.920245,110,T1_aug_night_load_1.7W_soc_70,1.216667,4380.000000,60
0.317305,0.948324,55.000000,0.660000,0.000000,7.474192,57.137014,1.700000,64.000000,75.000000,0,1,1,1,0,0,0,0,0,0.000000,1.700000,55.746421,110,T1_aug_night_load_1.7W_soc_70,1.233333,4440.000000,60
0.321439,0.946930,55.000000,0.660000,0.000000,7.471411,56.963190,1.700000,64.000000,75.000000,0,1,1,1,0,0,0,0,0,0.000000,1.700000,55.572597,110,T1_aug_night_load_1.7W_soc_70,1.250000,4500.000000,60
0.325568,0.945519,55.000000,0.660000,0.000000,7.468630,56.789366,1.700000,64.000000,75.000000,0,1,1,1,0,0,0,0,0,0.000000,1.700000,55.398773,110,T1_aug_night_load_1.7W_soc_70,1.266667,4560.000000,60
0.329691,0.944089,55.000000,0.660000,0.000000,7.465849,56.615542,1.700000,64.000000,75.000000,0,1,1,1,0,0,0,0,0,0.000000,1.700000,55.224949,110,T1_aug_night_load_1.7W_soc_70,1.283333,4620.000000,60
0.333807,0.942641,55.000000,0.660000,0.000000,7.463067,56.441718,1.700000,64.000000,75.000000,0,1,1,1,0,0,0,0,0,0.000000,1.700000,55.051125,110,T1_aug_night_load_1.7W_soc_70,1.300000,4680.000000,60
0.337917,0.941176,55.000000,0.660000,0.000000,7.460286,56.267894,1.700000,64.000000,75.000000,0,1,1,1,0,0,0,0,0,0.000000,1.700000,54.877301,110,T1_aug_night_load_1.7W_soc_70,1.316667,4740.000000,60
0.342020,0.939693,55.000000,0.660000,0.000000,7.457505,56.094070,1.700000,64.000000,75.000000,0,1,1,1,0,0,0,0,0,0.000000,1.700000,54.703476,110,T1_aug_night_load_1.7W_soc_70,1.333333,4800.000000,60
0.346117,0.938191,55.000000,0.660000,0.000000,7.454724,55.920245,1.700000,64.000000,75.000000,0,1,1,1,0,0,0,0,0,0.000000,1.700000,54.529652,110,T1_aug_night_load_1.7W_soc_70,1.350000,4860.000000,60
0.350207,0.936672,55.000000,0.660000,0.000000,7.451943,55.746421,1.700000,64.000000,75.000000,0,1,1,1,0,0,0,0,0,0.000000,1.700000,54.355828,110,T1_aug_night_load_1.7W_soc_70,1.366667,4920.000000,60
0.354291,0.935135,55.000000,0.660000,0.000000,7.449162,55.572597,1.700000,64.000000,75.000000,0,1,1,1,0,0,0,0,0,0.000000,1.700000,54.182004,110,T1_aug_night_load_1.7W_soc_70,1.383333,4980.000000,60
0.358368,0.933580,55.000000,0.660000,0.000000,7.446380,55.398773,1.700000,64.000000,75.000000,0,1,1,1,0,0,0,0,0,0.000000,1.700000,54.008180,110,T1_aug_night_load_1.7W_soc_70,1.400000,5040.000000,60
0.362438,0.932008,55.000000,0.660000,0.000000,7.443599,55.224949,1.700000,64.000000,75.000000,0,1,1,1,0,0,0,0,0,0.000000,1.700000,53.834356,110,T1_aug_night_load_1.7W_soc_70,1.416667,5100.000000,60
0.366501,0.930418,55.000000,0.660000,0.000000,7.440818,55.051125,1.700000,64.000000,75.000000,0,1,1,1,0,0,0,0,0,0.000000,1.700000,53.660532,110,T1_aug_night_load_1.7W_soc_70,1.433333,5160.000000,60
0.370557,0.928810,55.000000,0.660000,0.000000,7.438037,54.877301,1.700000,64.000000,75.000000,0,1,1,1,0,0,0,0,0,0.000000,1.700000,53.486708,110,T1_aug_night_load_1.7W_soc_70,1.450000,5220.000000,60
0.374607,0.927184,55.000000,0.660000,0.000000,7.435256,54.703476,1.700000,64.000000,75.000000,0,1,1,1,0,0,0,0,0,0.000000,1.700000,53.312883,110,T1_aug_night_load_1.7W_soc_70,1.466667,5280.000000,60
0.378649,0.925541,55.000000,0.660000,0.000000,7.432474,54.529652,1.700000,64.000000,75.000000,0,1,1,1,0,0,0,0,0,0.000000,1.700000,53.139059,110,T1_aug_night_load_1.7W_soc_70,1.483333,5340.000000,60
0.382683,0.923880,55.000000,0.660000,0.000000,7.429693,54.355828,1.700000,64.000000,75.000000,0,1,1,1,0,0,0,0,0,0.000000,1.700000,52.965235,110,T1_aug_night_load_1.7W_soc_70,1.500000,5400.000000,60
0.386711,0.922201,55.000000,0.660000,0.000000,7.426912,54.182004,1.700000,64.000000,75.000000,0,1,1,1,0,0,0,0,0,0.000000,1.700000,52.791411,110,T1_aug_night_load_1.7W_soc_70,1.516667,5460.000000,60
0.390731,0.920505,55.000000,0.660000,0.000000,7.424131,54.008180,1.700000,64.000000,75.000000,0,1,1,1,0,0,0,0,0,0.000000,1.700000,52.617587,110,T1_aug_night_load_1.7W_soc_70,1.533333,5520.000000,60
0.394744,0.918791,55.000000,0.660000,0.000000,7.421350,53.834356,1.700000,64.000000,75.000000,0,1,1,1,0,0,0,0,0,0.000000,1.700000,52.443763,110,T1_aug_night_load_1.7W_soc_70,1.550000,5580.000000,60
0.398749,0.917060,55.000000,0.660000,0.000000,7.418569,53.660532,1.700000,64.000000,75.000000,0,1,1,1,0,0,0,0,0,0.000000,1.700000,52.269939,110,T1_aug_night_load_1.7W_soc_70,1.566667,5640.000000,60
0.402747,0.915311,55.000000,0.660000,0.000000,7.415787,53.486708,1.700000,64.000000,75.000000,0,1,1,1,0,0,0,0,0,0.000000,1.700000,52.096115,110,T1_aug_night_load_1.7W_soc_70,1.583333,5700.000000,60
0.406737,0.913545,55.000000,0.660000,0.000000,7.413006,53.312883,1.700000,64.000000,75.000000,0,1,1,1,0,0,0,0,0,0.000000,1.700000,51.922290,110,T1_aug_night_load_1.7W_soc_70,1.600000,5760.000000,60
0.410719,0.911762,55.000000,0.660000,0.000000,7.410225,53.139059,1.700000,64.000000,75.000000,0,1,1,1,0,0,0,0,0,0.000000,1.700000,51.748466,110,T1_aug_night_load_1.7W_soc_70,1.616667,5820.000000,60
0.414693,0.909961,55.000000,0.660000,0.000000,7.407444,52.965235,1.700000,64.000000,75.000000,0,1,1,1,0,0,0,0,0,0.000000,1.700000,51.574642,110,T1_aug_night_load_1.7W_soc_70,1.633333,5880.000000,60
0.418660,0.908143,55.000000,0.660000,0.000000,7.404663,52.791411,1.700000,64.000000,75.000000,0,1,1,1,0,0,0,0,0,0.000000,1.700000,51.400818,110,T1_aug_night_load_1.7W_soc_70,1.650000,5940.000000,60
0.422618,0.906308,55.000000,0.660000,0.000000,7.401881,52.617587,1.700000,64.000000,75.000000,0,1,1,1,0,0,0,0,0,0.000000,1.700000,51.226994,110,T1_aug_night_load_1.7W_soc_70,1.666667,6000.000000,60
0.426569,0.904455,55.000000,0.660000,0.000000,7.399100,52.443763,1.700000,64.000000,75.000000,0,1,1,1,0,0,0,0,0,0.000000,1.700000,51.053170,110,T1_aug_night_load_1.7W_soc_70,1.683333,6060.000000,60
0.430511,0.902585,55.000000,0.660000,0.000000,7.396319,52.269939,1.700000,64.000000,75.000000,0,1,1,1,0,0,0,0,0,0.000000,1.700000,50.879346,110,T1_aug_night_load_1.7W_soc_70,1.700000,6120.000000,60
0.434445,0.900698,55.000000,0.660000,0.000000,7.393538,52.096115,1.700000,64.000000,75.000000,0,1,1,1,0,0,0,0,0,0.000000,1.700000,50.705521,110,T1_aug_night_load_1.7W_soc_70,1.716667,6180.000000,60
0.438371,0.898794,55.000000,0.660000,0.000000,7.390757,51.922290,1.700000,64.000000,75.000000,0,1,1,1,0,0,0,0,0,0.000000,1.700000,50.531697,110,T1_aug_night_load_1.7W_soc_70,1.733333,6240.000000,60
0.442289,0.896873,55.000000,0.660000,0.000000,7.387975,51.748466,1.700000,64.000000,75.000000,0,1,1,1,0,0,0,0,0,0.000000,1.700000,50.357873,110,T1_aug_night_load_1.7W_soc_70,1.750000,6300.000000,60
0.446198,0.894934,55.000000,0.660000,0.000000,7.385194,51.574642,1.700000,64.000000,75.000000,0,1,1,1,0,0,0,0,0,0.000000,1.700000,50.184049,110,T1_aug_night_load_1.7W_soc_70,1.766667,6360.000000,60
0.450098,0.892979,55.000000,0.660000,0.000000,7.382413,51.400818,1.700000,64.000000,75.000000,0,1,1,1,0,0,0,0,0,0.000000,1.700000,50.010225,110,T1_aug_night_load_1.7W_soc_70,1.783333,6420.000000,60
0.453990,0.891007,55.000000,0.660000,0.000000,7.379632,51.226994,1.700000,64.000000,75.000000,0,1,1,1,0,0,0,0,0,0.000000,1.700000,49.836401,110,T1_aug_night_load_1.7W_soc_70,1.800000,6480.000000,60
0.457874,0.889017,55.000000,0.660000,0.000000,7.376851,51.053170,1.700000,64.000000,75.000000,0,1,1,1,0,0,0,0,0,0.000000,1.700000,49.662577,110,T1_aug_night_load_1.7W_soc_70,1.816667,6540.000000,60
0.461749,0.887011,55.000000,0.660000,0.000000,7.374070,50.879346,1.700000,64.000000,75.000000,0,1,1,1,0,0,0,0,0,0.000000,1.700000,49.488753,110,T1_aug_night_load_1.7W_soc_70,1.833333,6600.000000,60
0.465615,0.884988,55.000000,0.660000,0.000000,7.371288,50.705521,1.700000,64.000000,75.000000,0,1,1,1,0,0,0,0,0,0.000000,1.700000,49.401840,110,T1_aug_night_load_1.7W_soc_70,1.850000,6660.000000,60
0.469472,0.882948,55.000000,0.660000,0.000000,7.368507,50.531697,1.700000,64.000000,75.000000,0,1,1,1,0,0,0,0,0,0.000000,1.700000,49.314928,110,T1_aug_night_load_1.7W_soc_70,1.866667,6720.000000,60
0.473320,0.880891,55.000000,0.660000,0.000000,7.365726,50.357873,1.700000,64.000000,75.000000,0,1,1,1,0,0,0,0,0,0.000000,1.700000,49.228016,110,T1_aug_night_load_1.7W_soc_70,1.883333,6780.000000,60
0.477159,0.878817,55.000000,0.660000,0.000000,7.362945,50.184049,1.700000,64.000000,75.000000,0,1,1,1,0,0,0,0,0,0.000000,1.700000,49.141104,110,T1_aug_night_load_1.7W_soc_70,1.900000,6840.000000,60
0.000000,1.000000,55.000000,0.660000,0.000000,7.840000,80.000000,1.700000,64.000000,75.000000,0,1,1,1,0,0,0,0,0,0.000000,1.700000,78.261759,111,T1_aug_night_load_1.7W_soc_80,0.000000,0.000000,60
0.004363,0.999990,55.000000,0.660000,0.000000,7.837219,79.826176,1.700000,64.000000,75.000000,0,1,1,1,0,0,0,0,0,0.000000,1.700000,78.174847,111,T1_aug_night_load_1.7W_soc_80,0.016667,60.000000,60
0.008727,0.999962,55.000000,0.660000,0.000000,7.834438,79.652352,1.700000,64.000000,75.000000,0,1,1,1,0,0,0,0,0,0.000000,1.700000,78.087935,111,T1_aug_night_load_1.7W_soc_80,0.033333,120.000000,60
0.013090,0.999914,55.000000,0.660000,0.000000,7.831656,79.478528,1.700000,64.000000,75.000000,0,1,1,1,0,0,0,0,0,0.000000,1.700000,78.001022,111,T1_aug_night_load_1.7W_soc_80,0.050000,180.000000,60
0.017452,0.999848,55.000000,0.660000,0.000000,7.828875,79.304703,1.700000,64.000000,75.000000,0,1,1,1,0,0,0,0,0,0.000000,1.700000,77.914110,111,T1_aug_night_load_1.7W_soc_80,0.066667,240.000000,60
0.021815,0.999762,55.000000,0.660000,0.000000,7.826094,79.130879,1.700000,64.000000,75.000000,0,1,1,1,0,0,0,0,0,0.000000,1.700000,77.740286,111,T1_aug_night_load_1.7W_soc_80,0.083333,300.000000,60
0.026177,0.999657,55.000000,0.660000,0.000000,7.823313,78.957055,1.700000,64.000000,75.000000,0,1,1,1,0,0,0,0,0,0.000000,1.700000,77.566462,111,T1_aug_night_load_1.7W_soc_80,0.100000,360.000000,60
0.030539,0.999534,55.000000,0.660000,0.000000,7.820532,78.783231,1.700000,64.000000,75.000000,0,1,1,1,0,0,0,0,0,0.000000,1.700000,77.392638,111,T1_aug_night_load_1.7W_soc_80,0.116667,420.000000,60
0.034899,0.999391,55.000000,0.660000,0.000000,7.817751,78.609407,1.700000,64.000000,75.000000,0,1,1,1,0,0,0,0,0,0.000000,1.700000,77.218814,111,T1_aug_night_load_1.7W_soc_80,0.133333,480.000000,60
0.039260,0.999229,55.000000,0.660000,0.000000,7.814969,78.435583,1.700000,64.000000,75.000000,0,1,1,1,0,0,0,0,0,0.000000,1.700000,77.044990,111,T1_aug_night_load_1.7W_soc_80,0.150000,540.000000,60
0.043619,0.999048,55.000000,0.660000,0.000000,7.812188,78.261759,1.700000,64.000000,75.000000,0,1,1,1,0,0,0,0,0,0.000000,1.700000,76.871166,111,T1_aug_night_load_1.7W_soc_80,0.166667,600.000000,60
0.047978,0.998848,55.000000,0.660000,0.000000,7.809407,78.087935,1.700000,64.000000,75.000000,0,1,1,1,0,0,0,0,0,0.000000,1.700000,76.697342,111,T1_aug_night_load_1.7W_soc_80,0.183333,660.000000,60
0.052336,0.998630,55.000000,0.660000,0.000000,7.806626,77.914110,1.700000,64.000000,75.000000,0,1,1,1,0,0,0,0,0,0.000000,1.700000,76.523517,111,T1_aug_night_load_1.7W_soc_80,0.200000,720.000000,60
0.056693,0.998392,55.000000,0.660000,0.000000,7.803845,77.740286,1.700000,64.000000,75.000000,0,1,1,1,0,0,0,0,0,0.000000,1.700000,76.349693,111,T1_aug_night_load_1.7W_soc_80,0.216667,780.000000,60
0.061049,0.998135,55.000000,0.660000,0.000000,7.801063,77.566462,1.700000,64.000000,75.000000,0,1,1,1,0,0,0,0,0,0.000000,1.700000,76.175869,111,T1_aug_night_load_1.7W_soc_80,0.233333,840.000000,60
0.065403,0.997859,55.000000,0.660000,0.000000,7.798282,77.392638,1.700000,64.000000,75.000000,0,1,1,1,0,0,0,0,0,0.000000,1.700000,76.002045,111,T1_aug_night_load_1.7W_soc_80,0.250000,900.000000,60
0.069756,0.997564,55.000000,0.660000,0.000000,7.795501,77.218814,1.700000,64.000000,75.000000,0,1,1,1,0,0,0,0,0,0.000000,1.700000,75.828221,111,T1_aug_night_load_1.7W_soc_80,0.266667,960.000000,60
0.074108,0.997250,55.000000,0.660000,0.000000,7.792720,77.044990,1.700000,64.000000,75.000000,0,1,1,1,0,0,0,0,0,0.000000,1.700000,75.654397,111,T1_aug_night_load_1.7W_soc_80,0.283333,1020.000000,60
0.078459,0.996917,55.000000,0.660000,0.000000,7.789939,76.871166,1.700000,64.000000,75.000000,0,1,1,1,0,0,0,0,0,0.000000,1.700000,75.480573,111,T1_aug_night_load_1.7W_soc_80,0.300000,1080.000000,60
0.082808,0.996566,55.000000,0.660000,0.000000,7.787157,76.697342,1.700000,64.000000,75.000000,0,1,1,1,0,0,0,0,0,0.000000,1.700000,75.306748,111,T1_aug_night_load_1.7W_soc_80,0.316667,1140.000000,60
0.087156,0.996195,55.000000,0.660000,0.000000,7.784376,76.523517,1.700000,64.000000,75.000000,0,1,1,1,0,0,0,0,0,0.000000,1.700000,75.132924,111,T1_aug_night_load_1.7W_soc_80,0.333333,1200.000000,60
0.091502,0.995805,55.000000,0.660000,0.000000,7.781595,76.349693,1.700000,64.000000,75.000000,0,1,1,1,0,0,0,0,0,0.000000,1.700000,74.959100,111,T1_aug_night_load_1.7W_soc_80,0.350000,1260.000000,60
0.095846,0.995396,55.000000,0.660000,0.000000,7.778814,76.175869,1.700000,64.000000,75.000000,0,1,1,1,0,0,0,0,0,0.000000,1.700000,74.785276,111,T1_aug_night_load_1.7W_soc_80,0.366667,1320.000000,60
0.100188,0.994969,55.000000,0.660000,0.000000,7.776033,76.002045,1.700000,64.000000,75.000000,0,1,1,1,0,0,0,0,0,0.000000,1.700000,74.611452,111,T1_aug_night_load_1.7W_soc_80,0.383333,1380.000000,60
0.104528,0.994522,55.000000,0.660000,0.000000,7.773252,75.828221,1.700000,64.000000,75.000000,0,1,1,1,0,0,0,0,0,0.000000,1.700000,74.437628,111,T1_aug_night_load_1.7W_soc_80,0.400000,1440.000000,60
0.108867,0.994056,55.000000,0.660000,0.000000,7.770470,75.654397,1.700000,64.000000,75.000000,0,1,1,1,0,0,0,0,0,0.000000,1.700000,74.263804,111,T1_aug_night_load_1.7W_soc_80,0.416667,1500.000000,60
0.113203,0.993572,55.000000,0.660000,0.000000,7.767689,75.480573,1.700000,64.000000,75.000000,0,1,1,1,0,0,0,0,0,0.000000,1.700000,74.089980,111,T1_aug_night_load_1.7W_soc_80,0.433333,1560.000000,60
0.117537,0.993068,55.000000,0.660000,0.000000,7.764908,75.306748,1.700000,64.000000,75.000000,0,1,1,1,0,0,0,0,0,0.000000,1.700000,73.916155,111,T1_aug_night_load_1.7W_soc_80,0.450000,1620.000000,60
0.121869,0.992546,55.000000,0.660000,0.000000,7.762127,75.132924,1.700000,64.000000,75.000000,0,1,1,1,0,0,0,0,0,0.000000,1.700000,73.742331,111,T1_aug_night_load_1.7W_soc_80,0.466667,1680.000000,60
0.126199,0.992005,55.000000,0.660000,0.000000,7.759346,74.959100,1.700000,64.000000,75.000000,0,1,1,1,0,0,0,0,0,0.000000,1.700000,73.568507,111,T1_aug_night_load_1.7W_soc_80,0.483333,1740.000000,60
0.130526,0.991445,55.000000,0.660000,0.000000,7.756564,74.785276,1.700000,64.000000,75.000000,0,1,1,1,0,0,0,0,0,0.000000,1.700000,73.394683,111,T1_aug_night_load_1.7W_soc_80,0.500000,1800.000000,60
0.134851,0.990866,55.000000,0.660000,0.000000,7.753783,74.611452,1.700000,64.000000,75.000000,0,1,1,1,0,0,0,0,0,0.000000,1.700000,73.220859,111,T1_aug_night_load_1.7W_soc_80,0.516667,1860.000000,60
0.139173,0.990268,55.000000,0.660000,0.000000,7.751002,74.437628,1.700000,64.000000,75.000000,0,1,1,1,0,0,0,0,0,0.000000,1.700000,73.047035,111,T1_aug_night_load_1.7W_soc_80,0.533333,1920.000000,60
0.143493,0.989651,55.000000,0.660000,0.000000,7.748221,74.263804,1.700000,64.000000,75.000000,0,1,1,1,0,0,0,0,0,0.000000,1.700000,72.873211,111,T1_aug_night_load_1.7W_soc_80,0.550000,1980.000000,60
0.147809,0.989016,55.000000,0.660000,0.000000,7.745440,74.089980,1.700000,64.000000,75.000000,0,1,1,1,0,0,0,0,0,0.000000,1.700000,72.699387,111,T1_aug_night_load_1.7W_soc_80,0.566667,2040.000000,60
0.152123,0.988362,55.000000,0.660000,0.000000,7.742658,73.916155,1.700000,64.000000,75.000000,0,1,1,1,0,0,0,0,0,0.000000,1.700000,72.525562,111,T1_aug_night_load_1.7W_soc_80,0.583333,2100.000000,60
0.156434,0.987688,55.000000,0.660000,0.000000,7.739877,73.742331,1.700000,64.000000,75.000000,0,1,1,1,0,0,0,0,0,0.000000,1.700000,72.351738,111,T1_aug_night_load_1.7W_soc_80,0.600000,2160.000000,60
0.160743,0.986996,55.000000,0.660000,0.000000,7.737096,73.568507,1.700000,64.000000,75.000000,0,1,1,1,0,0,0,0,0,0.000000,1.700000,72.177914,111,T1_aug_night_load_1.7W_soc_80,0.616667,2220.000000,60
0.165048,0.986286,55.000000,0.660000,0.000000,7.734315,73.394683,1.700000,64.000000,75.000000,0,1,1,1,0,0,0,0,0,0.000000,1.700000,72.004090,111,T1_aug_night_load_1.7W_soc_80,0.633333,2280.000000,60
0.169350,0.985556,55.000000,0.660000,0.000000,7.731534,73.220859,1.700000,64.000000,75.000000,0,1,1,1,0,0,0,0,0,0.000000,1.700000,71.830266,111,T1_aug_night_load_1.7W_soc_80,0.650000,2340.000000,60
0.173648,0.984808,55.000000,0.660000,0.000000,7.728753,73.047035,1.700000,64.000000,75.000000,0,1,1,1,0,0,0,0,0,0.000000,1.700000,71.656442,111,T1_aug_night_load_1.7W_soc_80,0.666667,2400.000000,60
0.177944,0.984041,55.000000,0.660000,0.000000,7.725971,72.873211,1.700000,64.000000,75.000000,0,1,1,1,0,0,0,0,0,0.000000,1.700000,71.482618,111,T1_aug_night_load_1.7W_soc_80,0.683333,2460.000000,60
0.182236,0.983255,55.000000,0.660000,0.000000,7.723190,72.699387,1.700000,64.000000,75.000000,0,1,1,1,0,0,0,0,0,0.000000,1.700000,71.308793,111,T1_aug_night_load_1.7W_soc_80,0.700000,2520.000000,60
0.186524,0.982450,55.000000,0.660000,0.000000,7.720409,72.525562,1.700000,64.000000,75.000000,0,1,1,1,0,0,0,0,0,0.000000,1.700000,71.134969,111,T1_aug_night_load_1.7W_soc_80,0.716667,2580.000000,60
0.190809,0.981627,55.000000,0.660000,0.000000,7.717628,72.351738,1.700000,64.000000,75.000000,0,1,1,1,0,0,0,0,0,0.000000,1.700000,70.961145,111,T1_aug_night_load_1.7W_soc_80,0.733333,2640.000000,60
0.195090,0.980785,55.000000,0.660000,0.000000,7.714847,72.177914,1.700000,64.000000,75.000000,0,1,1,1,0,0,0,0,0,0.000000,1.700000,70.787321,111,T1_aug_night_load_1.7W_soc_80,0.750000,2700.000000,60
0.199368,0.979925,55.000000,0.660000,0.000000,7.712065,72.004090,1.700000,64.000000,75.000000,0,1,1,1,0,0,0,0,0,0.000000,1.700000,70.613497,111,T1_aug_night_load_1.7W_soc_80,0.766667,2760.000000,60
0.203642,0.979045,55.000000,0.660000,0.000000,7.709284,71.830266,1.700000,64.000000,75.000000,0,1,1,1,0,0,0,0,0,0.000000,1.700000,70.439673,111,T1_aug_night_load_1.7W_soc_80,0.783333,2820.000000,60
0.207912,0.978148,55.000000,0.660000,0.000000,7.706503,71.656442,1.700000,64.000000,75.000000,0,1,1,1,0,0,0,0,0,0.000000,1.700000,70.265849,111,T1_aug_night_load_1.7W_soc_80,0.800000,2880.000000,60
0.212178,0.977231,55.000000,0.660000,0.000000,7.703722,71.482618,1.700000,64.000000,75.000000,0,1,1,1,0,0,0,0,0,0.000000,1.700000,70.092025,111,T1_aug_night_load_1.7W_soc_80,0.816667,2940.000000,60
0.216440,0.976296,55.000000,0.660000,0.000000,7.700941,71.308793,1.700000,64.000000,75.000000,0,1,1,1,0,0,0,0,0,0.000000,1.700000,69.918200,111,T1_aug_night_load_1.7W_soc_80,0.833333,3000.000000,60
0.220697,0.975342,55.000000,0.660000,0.000000,7.698160,71.134969,1.700000,64.000000,75.000000,0,1,1,1,0,0,0,0,0,0.000000,1.700000,69.744376,111,T1_aug_night_load_1.7W_soc_80,0.850000,3060.000000,60
0.224951,0.974370,55.000000,0.660000,0.000000,7.695378,70.961145,1.700000,64.000000,75.000000,0,1,1,1,0,0,0,0,0,0.000000,1.700000,69.570552,111,T1_aug_night_load_1.7W_soc_80,0.866667,3120.000000,60
0.229200,0.973379,55.000000,0.660000,0.000000,7.692597,70.787321,1.700000,64.000000,75.000000,0,1,1,1,0,0,0,0,0,0.000000,1.700000,69.396728,111,T1_aug_night_load_1.7W_soc_80,0.883333,3180.000000,60
0.233445,0.972370,55.000000,0.660000,0.000000,7.689816,70.613497,1.700000,64.000000,75.000000,0,1,1,1,0,0,0,0,0,0.000000,1.700000,69.222904,111,T1_aug_night_load_1.7W_soc_80,0.900000,3240.000000,60
0.237686,0.971342,55.000000,0.660000,0.000000,7.687035,70.439673,1.700000,64.000000,75.000000,0,1,1,1,0,0,0,0,0,0.000000,1.700000,69.049080,111,T1_aug_night_load_1.7W_soc_80,0.916667,3300.000000,60
0.241922,0.970296,55.000000,0.660000,0.000000,7.684254,70.265849,1.700000,64.000000,75.000000,0,1,1,1,0,0,0,0,0,0.000000,1.700000,68.875256,111,T1_aug_night_load_1.7W_soc_80,0.933333,3360.000000,60
0.246153,0.969231,55.000000,0.660000,0.000000,7.681472,70.092025,1.700000,64.000000,75.000000,0,1,1,1,0,0,0,0,0,0.000000,1.700000,68.701431,111,T1_aug_night_load_1.7W_soc_80,0.950000,3420.000000,60
0.250380,0.968148,55.000000,0.660000,0.000000,7.678691,69.918200,1.700000,64.000000,75.000000,0,1,1,1,0,0,0,0,0,0.000000,1.700000,68.527607,111,T1_aug_night_load_1.7W_soc_80,0.966667,3480.000000,60
0.254602,0.967046,55.000000,0.660000,0.000000,7.675910,69.744376,1.700000,64.000000,75.000000,0,1,1,1,0,0,0,0,0,0.000000,1.700000,68.353783,111,T1_aug_night_load_1.7W_soc_80,0.983333,3540.000000,60
0.258819,0.965926,55.000000,0.660000,0.000000,7.673129,69.570552,1.700000,64.000000,75.000000,0,1,1,1,0,0,0,0,0,0.000000,1.700000,68.179959,111,T1_aug_night_load_1.7W_soc_80,1.000000,3600.000000,60
0.263031,0.964787,55.000000,0.660000,0.000000,7.670348,69.396728,1.700000,64.000000,75.000000,0,1,1,1,0,0,0,0,0,0.000000,1.700000,68.006135,111,T1_aug_night_load_1.7W_soc_80,1.016667,3660.000000,60
0.267238,0.963630,55.000000,0.660000,0.000000,7.667566,69.222904,1.700000,64.000000,75.000000,0,1,1,1,0,0,0,0,0,0.000000,1.700000,67.832311,111,T1_aug_night_load_1.7W_soc_80,1.033333,3720.000000,60
0.271440,0.962455,55.000000,0.660000,0.000000,7.664785,69.049080,1.700000,64.000000,75.000000,0,1,1,1,0,0,0,0,0,0.000000,1.700000,67.658487,111,T1_aug_night_load_1.7W_soc_80,1.050000,3780.000000,60
0.275637,0.961262,55.000000,0.660000,0.000000,7.662004,68.875256,1.700000,64.000000,75.000000,0,1,1,1,0,0,0,0,0,0.000000,1.700000,67.484663,111,T1_aug_night_load_1.7W_soc_80,1.066667,3840.000000,60
0.279829,0.960050,55.000000,0.660000,0.000000,7.659223,68.701431,1.700000,64.000000,75.000000,0,1,1,1,0,0,0,0,0,0.000000,1.700000,67.310838,111,T1_aug_night_load_1.7W_soc_80,1.083333,3900.000000,60
0.284015,0.958820,55.000000,0.660000,0.000000,7.656442,68.527607,1.700000,64.000000,75.000000,0,1,1,1,0,0,0,0,0,0.000000,1.700000,67.137014,111,T1_aug_night_load_1.7W_soc_80,1.100000,3960.000000,60
0.288196,0.957571,55.000000,0.660000,0.000000,7.653661,68.353783,1.700000,64.000000,75.000000,0,1,1,1,0,0,0,0,0,0.000000,1.700000,66.963190,111,T1_aug_night_load_1.7W_soc_80,1.116667,4020.000000,60
0.292372,0.956305,55.000000,0.660000,0.000000,7.650879,68.179959,1.700000,64.000000,75.000000,0,1,1,1,0,0,0,0,0,0.000000,1.700000,66.789366,111,T1_aug_night_load_1.7W_soc_80,1.133333,4080.000000,60
0.296542,0.955020,55.000000,0.660000,0.000000,7.648098,68.006135,1.700000,64.000000,75.000000,0,1,1,1,0,0,0,0,0,0.000000,1.700000,66.615542,111,T1_aug_night_load_1.7W_soc_80,1.150000,4140.000000,60
0.300706,0.953717,55.000000,0.660000,0.000000,7.645317,67.832311,1.700000,64.000000,75.000000,0,1,1,1,0,0,0,0,0,0.000000,1.700000,66.441718,111,T1_aug_night_load_1.7W_soc_80,1.166667,4200.000000,60
0.304864,0.952396,55.000000,0.660000,0.000000,7.642536,67.658487,1.700000,64.000000,75.000000,0,1,1,1,0,0,0,0,0,0.000000,1.700000,66.267894,111,T1_aug_night_load_1.7W_soc_80,1.183333,4260.000000,60
0.309017,0.951057,55.000000,0.660000,0.000000,7.639755,67.484663,1.700000,64.000000,75.000000,0,1,1,1,0,0,0,0,0,0.000000,1.700000,66.094070,111,T1_aug_night_load_1.7W_soc_80,1.200000,4320.000000,60
0.313164,0.949699,55.000000,0.660000,0.000000,7.636973,67.310838,1.700000,64.000000,75.000000,0,1,1,1,0,0,0,0,0,0.000000,1.700000,65.920245,111,T1_aug_night_load_1.7W_soc_80,1.216667,4380.000000,60
0.317305,0.948324,55.000000,0.660000,0.000000,7.634192,67.137014,1.700000,64.000000,75.000000,0,1,1,1,0,0,0,0,0,0.000000,1.700000,65.746421,111,T1_aug_night_load_1.7W_soc_80,1.233333,4440.000000,60
0.321439,0.946930,55.000000,0.660000,0.000000,7.631411,66.963190,1.700000,64.000000,75.000000,0,1,1,1,0,0,0,0,0,0.000000,1.700000,65.572597,111,T1_aug_night_load_1.7W_soc_80,1.250000,4500.000000,60
0.325568,0.945519,55.000000,0.660000,0.000000,7.628630,66.789366,1.700000,64.000000,75.000000,0,1,1,1,0,0,0,0,0,0.000000,1.700000,65.398773,111,T1_aug_night_load_1.7W_soc_80,1.266667,4560.000000,60
0.329691,0.944089,55.000000,0.660000,0.000000,7.625849,66.615542,1.700000,64.000000,75.000000,0,1,1,1,0,0,0,0,0,0.000000,1.700000,65.224949,111,T1_aug_night_load_1.7W_soc_80,1.283333,4620.000000,60
0.333807,0.942641,55.000000,0.660000,0.000000,7.623067,66.441718,1.700000,64.000000,75.000000,0,1,1,1,0,0,0,0,0,0.000000,1.700000,65.051125,111,T1_aug_night_load_1.7W_soc_80,1.300000,4680.000000,60
0.337917,0.941176,55.000000,0.660000,0.000000,7.620286,66.267894,1.700000,64.000000,75.000000,0,1,1,1,0,0,0,0,0,0.000000,1.700000,64.877301,111,T1_aug_night_load_1.7W_soc_80,1.316667,4740.000000,60
0.342020,0.939693,55.000000,0.660000,0.000000,7.617505,66.094070,1.700000,64.000000,75.000000,0,1,1,1,0,0,0,0,0,0.000000,1.700000,64.703476,111,T1_aug_night_load_1.7W_soc_80,1.333333,4800.000000,60
0.346117,0.938191,55.000000,0.660000,0.000000,7.614724,65.920245,1.700000,64.000000,75.000000,0,1,1,1,0,0,0,0,0,0.000000,1.700000,64.529652,111,T1_aug_night_load_1.7W_soc_80,1.350000,4860.000000,60
0.350207,0.936672,55.000000,0.660000,0.000000,7.611943,65.746421,1.700000,64.000000,75.000000,0,1,1,1,0,0,0,0,0,0.000000,1.700000,64.355828,111,T1_aug_night_load_1.7W_soc_80,1.366667,4920.000000,60
0.354291,0.935135,55.000000,0.660000,0.000000,7.609162,65.572597,1.700000,64.000000,75.000000,0,1,1,1,0,0,0,0,0,0.000000,1.700000,64.182004,111,T1_aug_night_load_1.7W_soc_80,1.383333,4980.000000,60
0.358368,0.933580,55.000000,0.660000,0.000000,7.606380,65.398773,1.700000,64.000000,75.000000,0,1,1,1,0,0,0,0,0,0.000000,1.700000,64.008180,111,T1_aug_night_load_1.7W_soc_80,1.400000,5040.000000,60
0.362438,0.932008,55.000000,0.660000,0.000000,7.603599,65.224949,1.700000,64.000000,75.000000,0,1,1,1,0,0,0,0,0,0.000000,1.700000,63.834356,111,T1_aug_night_load_1.7W_soc_80,1.416667,5100.000000,60
0.366501,0.930418,55.000000,0.660000,0.000000,7.600818,65.051125,1.700000,64.000000,75.000000,0,1,1,1,0,0,0,0,0,0.000000,1.700000,63.660532,111,T1_aug_night_load_1.7W_soc_80,1.433333,5160.000000,60
0.370557,0.928810,55.000000,0.660000,0.000000,7.598037,64.877301,1.700000,64.000000,75.000000,0,1,1,1,0,0,0,0,0,0.000000,1.700000,63.486708,111,T1_aug_night_load_1.7W_soc_80,1.450000,5220.000000,60
0.374607,0.927184,55.000000,0.660000,0.000000,7.595256,64.703476,1.700000,64.000000,75.000000,0,1,1,1,0,0,0,0,0,0.000000,1.700000,63.312883,111,T1_aug_night_load_1.7W_soc_80,1.466667,5280.000000,60
0.378649,0.925541,55.000000,0.660000,0.000000,7.592474,64.529652,1.700000,64.000000,75.000000,0,1,1,1,0,0,0,0,0,0.000000,1.700000,63.139059,111,T1_aug_night_load_1.7W_soc_80,1.483333,5340.000000,60
0.382683,0.923880,55.000000,0.660000,0.000000,7.589693,64.355828,1.700000,64.000000,75.000000,0,1,1,1,0,0,0,0,0,0.000000,1.700000,62.965235,111,T1_aug_night_load_1.7W_soc_80,1.500000,5400.000000,60
0.386711,0.922201,55.000000,0.660000,0.000000,7.586912,64.182004,1.700000,64.000000,75.000000,0,1,1,1,0,0,0,0,0,0.000000,1.700000,62.791411,111,T1_aug_night_load_1.7W_soc_80,1.516667,5460.000000,60
0.390731,0.920505,55.000000,0.660000,0.000000,7.584131,64.008180,1.700000,64.000000,75.000000,0,1,1,1,0,0,0,0,0,0.000000,1.700000,62.617587,111,T1_aug_night_load_1.7W_soc_80,1.533333,5520.000000,60
0.394744,0.918791,55.000000,0.660000,0.000000,7.581350,63.834356,1.700000,64.000000,75.000000,0,1,1,1,0,0,0,0,0,0.000000,1.700000,62.443763,111,T1_aug_night_load_1.7W_soc_80,1.550000,5580.000000,60
0.398749,0.917060,55.000000,0.660000,0.000000,7.578569,63.660532,1.700000,64.000000,75.000000,0,1,1,1,0,0,0,0,0,0.000000,1.700000,62.269939,111,T1_aug_night_load_1.7W_soc_80,1.566667,5640.000000,60
0.402747,0.915311,55.000000,0.660000,0.000000,7.575787,63.486708,1.700000,64.000000,75.000000,0,1,1,1,0,0,0,0,0,0.000000,1.700000,62.096115,111,T1_aug_night_load_1.7W_soc_80,1.583333,5700.000000,60
0.406737,0.913545,55.000000,0.660000,0.000000,7.573006,63.312883,1.700000,64.000000,75.000000,0,1,1,1,0,0,0,0,0,0.000000,1.700000,61.922290,111,T1_aug_night_load_1.7W_soc_80,1.600000,5760.000000,60
0.410719,0.911762,55.000000,0.660000,0.000000,7.570225,63.139059,1.700000,64.000000,75.000000,0,1,1,1,0,0,0,0,0,0.000000,1.700000,61.748466,111,T1_aug_night_load_1.7W_soc_80,1.616667,5820.000000,60
0.414693,0.909961,55.000000,0.660000,0.000000,7.567444,62.965235,1.700000,64.000000,75.000000,0,1,1,1,0,0,0,0,0,0.000000,1.700000,61.574642,111,T1_aug_night_load_1.7W_soc_80,1.633333,5880.000000,60
0.418660,0.908143,55.000000,0.660000,0.000000,7.564663,62.791411,1.700000,64.000000,75.000000,0,1,1,1,0,0,0,0,0,0.000000,1.700000,61.400818,111,T1_aug_night_load_1.7W_soc_80,1.650000,5940.000000,60
0.422618,0.906308,55.000000,0.660000,0.000000,7.561881,62.617587,1.700000,64.000000,75.000000,0,1,1,1,0,0,0,0,0,0.000000,1.700000,61.226994,111,T1_aug_night_load_1.7W_soc_80,1.666667,6000.000000,60
0.426569,0.904455,55.000000,0.660000,0.000000,7.559100,62.443763,1.700000,64.000000,75.000000,0,1,1,1,0,0,0,0,0,0.000000,1.700000,61.053170,111,T1_aug_night_load_1.7W_soc_80,1.683333,6060.000000,60
0.430511,0.902585,55.000000,0.660000,0.000000,7.556319,62.269939,1.700000,64.000000,75.000000,0,1,1,1,0,0,0,0,0,0.000000,1.700000,60.879346,111,T1_aug_night_load_1.7W_soc_80,1.700000,6120.000000,60
0.434445,0.900698,55.000000,0.660000,0.000000,7.553538,62.096115,1.700000,64.000000,75.000000,0,1,1,1,0,0,0,0,0,0.000000,1.700000,60.705521,111,T1_aug_night_load_1.7W_soc_80,1.716667,6180.000000,60
0.438371,0.898794,55.000000,0.660000,0.000000,7.550757,61.922290,1.700000,64.000000,75.000000,0,1,1,1,0,0,0,0,0,0.000000,1.700000,60.531697,111,T1_aug_night_load_1.7W_soc_80,1.733333,6240.000000,60
0.442289,0.896873,55.000000,0.660000,0.000000,7.547975,61.748466,1.700000,64.000000,75.000000,0,1,1,1,0,0,0,0,0,0.000000,1.700000,60.357873,111,T1_aug_night_load_1.7W_soc_80,1.750000,6300.000000,60
0.446198,0.894934,55.000000,0.660000,0.000000,7.545194,61.574642,1.700000,64.000000,75.000000,0,1,1,1,0,0,0,0,0,0.000000,1.700000,60.184049,111,T1_aug_night_load_1.7W_soc_80,1.766667,6360.000000,60
0.450098,0.892979,55.000000,0.660000,0.000000,7.542413,61.400818,1.700000,64.000000,75.000000,0,1,1,1,0,0,0,0,0,0.000000,1.700000,60.010225,111,T1_aug_night_load_1.7W_soc_80,1.783333,6420.000000,60
0.453990,0.891007,55.000000,0.660000,0.000000,7.539632,61.226994,1.700000,64.000000,75.000000,0,1,1,1,0,0,0,0,0,0.000000,1.700000,59.836401,111,T1_aug_night_load_1.7W_soc_80,1.800000,6480.000000,60
0.457874,0.889017,55.000000,0.660000,0.000000,7.536851,61.053170,1.700000,64.000000,75.000000,0,1,1,1,0,0,0,0,0,0.000000,1.700000,59.662577,111,T1_aug_night_load_1.7W_soc_80,1.816667,6540.000000,60
0.461749,0.887011,55.000000,0.660000,0.000000,7.534070,60.879346,1.700000,64.000000,75.000000,0,1,1,1,0,0,0,0,0,0.000000,1.700000,59.488753,111,T1_aug_night_load_1.7W_soc_80,1.833333,6600.000000,60
0.465615,0.884988,55.000000,0.660000,0.000000,7.531288,60.705521,1.700000,64.000000,75.000000,0,1,1,1,0,0,0,0,0,0.000000,1.700000,59.401840,111,T1_aug_night_load_1.7W_soc_80,1.850000,6660.000000,60
0.469472,0.882948,55.000000,0.660000,0.000000,7.528507,60.531697,1.700000,64.000000,75.000000,0,1,1,1,0,0,0,0,0,0.000000,1.700000,59.314928,111,T1_aug_night_load_1.7W_soc_80,1.866667,6720.000000,60
0.473320,0.880891,55.000000,0.660000,0.000000,7.525726,60.357873,1.700000,64.000000,75.000000,0,1,1,1,0,0,0,0,0,0.000000,1.700000,59.228016,111,T1_aug_night_load_1.7W_soc_80,1.883333,6780.000000,60
0.477159,0.878817,55.000000,0.660000,0.000000,7.522945,60.184049,1.700000,64.000000,75.000000,0,1,1,1,0,0,0,0,0,0.000000,1.700000,59.141104,111,T1_aug_night_load_1.7W_soc_80,1.900000,6840.000000,60
0.000000,1.000000,55.000000,0.660000,0.000000,8.000000,90.000000,1.700000,64.000000,75.000000,0,1,1,1,0,0,0,0,0,0.000000,1.700000,88.261759,112,T1_aug_night_load_1.7W_soc_90,0.000000,0.000000,60
0.004363,0.999990,55.000000,0.660000,0.000000,7.997219,89.826176,1.700000,64.000000,75.000000,0,1,1,1,0,0,0,0,0,0.000000,1.700000,88.174847,112,T1_aug_night_load_1.7W_soc_90,0.016667,60.000000,60
0.008727,0.999962,55.000000,0.660000,0.000000,7.994438,89.652352,1.700000,64.000000,75.000000,0,1,1,1,0,0,0,0,0,0.000000,1.700000,88.087935,112,T1_aug_night_load_1.7W_soc_90,0.033333,120.000000,60
0.013090,0.999914,55.000000,0.660000,0.000000,7.991656,89.478528,1.700000,64.000000,75.000000,0,1,1,1,0,0,0,0,0,0.000000,1.700000,88.001022,112,T1_aug_night_load_1.7W_soc_90,0.050000,180.000000,60
0.017452,0.999848,55.000000,0.660000,0.000000,7.988875,89.304703,1.700000,64.000000,75.000000,0,1,1,1,0,0,0,0,0,0.000000,1.700000,87.914110,112,T1_aug_night_load_1.7W_soc_90,0.066667,240.000000,60
0.021815,0.999762,55.000000,0.660000,0.000000,7.986094,89.130879,1.700000,64.000000,75.000000,0,1,1,1,0,0,0,0,0,0.000000,1.700000,87.740286,112,T1_aug_night_load_1.7W_soc_90,0.083333,300.000000,60
0.026177,0.999657,55.000000,0.660000,0.000000,7.983313,88.957055,1.700000,64.000000,75.000000,0,1,1,1,0,0,0,0,0,0.000000,1.700000,87.566462,112,T1_aug_night_load_1.7W_soc_90,0.100000,360.000000,60
0.030539,0.999534,55.000000,0.660000,0.000000,7.980532,88.783231,1.700000,64.000000,75.000000,0,1,1,1,0,0,0,0,0,0.000000,1.700000,87.392638,112,T1_aug_night_load_1.7W_soc_90,0.116667,420.000000,60
0.034899,0.999391,55.000000,0.660000,0.000000,7.977751,88.609407,1.700000,64.000000,75.000000,0,1,1,1,0,0,0,0,0,0.000000,1.700000,87.218814,112,T1_aug_night_load_1.7W_soc_90,0.133333,480.000000,60
0.039260,0.999229,55.000000,0.660000,0.000000,7.974969,88.435583,1.700000,64.000000,75.000000,0,1,1,1,0,0,0,0,0,0.000000,1.700000,87.044990,112,T1_aug_night_load_1.7W_soc_90,0.150000,540.000000,60
0.043619,0.999048,55.000000,0.660000,0.000000,7.972188,88.261759,1.700000,64.000000,75.000000,0,1,1,1,0,0,0,0,0,0.000000,1.700000,86.871166,112,T1_aug_night_load_1.7W_soc_90,0.166667,600.000000,60
0.047978,0.998848,55.000000,0.660000,0.000000,7.969407,88.087935,1.700000,64.000000,75.000000,0,1,1,1,0,0,0,0,0,0.000000,1.700000,86.697342,112,T1_aug_night_load_1.7W_soc_90,0.183333,660.000000,60
0.052336,0.998630,55.000000,0.660000,0.000000,7.966626,87.914110,1.700000,64.000000,75.000000,0,1,1,1,0,0,0,0,0,0.000000,1.700000,86.523517,112,T1_aug_night_load_1.7W_soc_90,0.200000,720.000000,60
0.056693,0.998392,55.000000,0.660000,0.000000,7.963845,87.740286,1.700000,64.000000,75.000000,0,1,1,1,0,0,0,0,0,0.000000,1.700000,86.349693,112,T1_aug_night_load_1.7W_soc_90,0.216667,780.000000,60
0.061049,0.998135,55.000000,0.660000,0.000000,7.961063,87.566462,1.700000,64.000000,75.000000,0,1,1,1,0,0,0,0,0,0.000000,1.700000,86.175869,112,T1_aug_night_load_1.7W_soc_90,0.233333,840.000000,60
0.065403,0.997859,55.000000,0.660000,0.000000,7.958282,87.392638,1.700000,64.000000,75.000000,0,1,1,1,0,0,0,0,0,0.000000,1.700000,86.002045,112,T1_aug_night_load_1.7W_soc_90,0.250000,900.000000,60
0.069756,0.997564,55.000000,0.660000,0.000000,7.955501,87.218814,1.700000,64.000000,75.000000,0,1,1,1,0,0,0,0,0,0.000000,1.700000,85.828221,112,T1_aug_night_load_1.7W_soc_90,0.266667,960.000000,60
0.074108,0.997250,55.000000,0.660000,0.000000,7.952720,87.044990,1.700000,64.000000,75.000000,0,1,1,1,0,0,0,0,0,0.000000,1.700000,85.654397,112,T1_aug_night_load_1.7W_soc_90,0.283333,1020.000000,60
0.078459,0.996917,55.000000,0.660000,0.000000,7.949939,86.871166,1.700000,64.000000,75.000000,0,1,1,1,0,0,0,0,0,0.000000,1.700000,85.480573,112,T1_aug_night_load_1.7W_soc_90,0.300000,1080.000000,60
0.082808,0.996566,55.000000,0.660000,0.000000,7.947157,86.697342,1.700000,64.000000,75.000000,0,1,1,1,0,0,0,0,0,0.000000,1.700000,85.306748,112,T1_aug_night_load_1.7W_soc_90,0.316667,1140.000000,60
0.087156,0.996195,55.000000,0.660000,0.000000,7.944376,86.523517,1.700000,64.000000,75.000000,0,1,1,1,0,0,0,0,0,0.000000,1.700000,85.132924,112,T1_aug_night_load_1.7W_soc_90,0.333333,1200.000000,60
0.091502,0.995805,55.000000,0.660000,0.000000,7.941595,86.349693,1.700000,64.000000,75.000000,0,1,1,1,0,0,0,0,0,0.000000,1.700000,84.959100,112,T1_aug_night_load_1.7W_soc_90,0.350000,1260.000000,60
0.095846,0.995396,55.000000,0.660000,0.000000,7.938814,86.175869,1.700000,64.000000,75.000000,0,1,1,1,0,0,0,0,0,0.000000,1.700000,84.785276,112,T1_aug_night_load_1.7W_soc_90,0.366667,1320.000000,60
0.100188,0.994969,55.000000,0.660000,0.000000,7.936033,86.002045,1.700000,64.000000,75.000000,0,1,1,1,0,0,0,0,0,0.000000,1.700000,84.611452,112,T1_aug_night_load_1.7W_soc_90,0.383333,1380.000000,60
0.104528,0.994522,55.000000,0.660000,0.000000,7.933252,85.828221,1.700000,64.000000,75.000000,0,1,1,1,0,0,0,0,0,0.000000,1.700000,84.437628,112,T1_aug_night_load_1.7W_soc_90,0.400000,1440.000000,60
0.108867,0.994056,55.000000,0.660000,0.000000,7.930470,85.654397,1.700000,64.000000,75.000000,0,1,1,1,0,0,0,0,0,0.000000,1.700000,84.263804,112,T1_aug_night_load_1.7W_soc_90,0.416667,1500.000000,60
0.113203,0.993572,55.000000,0.660000,0.000000,7.927689,85.480573,1.700000,64.000000,75.000000,0,1,1,1,0,0,0,0,0,0.000000,1.700000,84.089980,112,T1_aug_night_load_1.7W_soc_90,0.433333,1560.000000,60
0.117537,0.993068,55.000000,0.660000,0.000000,7.924908,85.306748,1.700000,64.000000,75.000000,0,1,1,1,0,0,0,0,0,0.000000,1.700000,83.916155,112,T1_aug_night_load_1.7W_soc_90,0.450000,1620.000000,60
0.121869,0.992546,55.000000,0.660000,0.000000,7.922127,85.132924,1.700000,64.000000,75.000000,0,1,1,1,0,0,0,0,0,0.000000,1.700000,83.742331,112,T1_aug_night_load_1.7W_soc_90,0.466667,1680.000000,60
0.126199,0.992005,55.000000,0.660000,0.000000,7.919346,84.959100,1.700000,64.000000,75.000000,0,1,1,1,0,0,0,0,0,0.000000,1.700000,83.568507,112,T1_aug_night_load_1.7W_soc_90,0.483333,1740.000000,60
0.130526,0.991445,55.000000,0.660000,0.000000,7.916564,84.785276,1.700000,64.000000,75.000000,0,1,1,1,0,0,0,0,0,0.000000,1.700000,83.394683,112,T1_aug_night_load_1.7W_soc_90,0.500000,1800.000000,60
0.134851,0.990866,55.000000,0.660000,0.000000,7.913783,84.611452,1.700000,64.000000,75.000000,0,1,1,1,0,0,0,0,0,0.000000,1.700000,83.220859,112,T1_aug_night_load_1.7W_soc_90,0.516667,1860.000000,60
0.139173,0.990268,55.000000,0.660000,0.000000,7.911002,84.437628,1.700000,64.000000,75.000000,0,1,1,1,0,0,0,0,0,0.000000,1.700000,83.047035,112,T1_aug_night_load_1.7W_soc_90,0.533333,1920.000000,60
0.143493,0.989651,55.000000,0.660000,0.000000,7.908221,84.263804,1.700000,64.000000,75.000000,0,1,1,1,0,0,0,0,0,0.000000,1.700000,82.873211,112,T1_aug_night_load_1.7W_soc_90,0.550000,1980.000000,60
0.147809,0.989016,55.000000,0.660000,0.000000,7.905440,84.089980,1.700000,64.000000,75.000000,0,1,1,1,0,0,0,0,0,0.000000,1.700000,82.699387,112,T1_aug_night_load_1.7W_soc_90,0.566667,2040.000000,60
0.152123,0.988362,55.000000,0.660000,0.000000,7.902658,83.916155,1.700000,64.000000,75.000000,0,1,1,1,0,0,0,0,0,0.000000,1.700000,82.525562,112,T1_aug_night_load_1.7W_soc_90,0.583333,2100.000000,60
0.156434,0.987688,55.000000,0.660000,0.000000,7.899877,83.742331,1.700000,64.000000,75.000000,0,1,1,1,0,0,0,0,0,0.000000,1.700000,82.351738,112,T1_aug_night_load_1.7W_soc_90,0.600000,2160.000000,60
0.160743,0.986996,55.000000,0.660000,0.000000,7.897096,83.568507,1.700000,64.000000,75.000000,0,1,1,1,0,0,0,0,0,0.000000,1.700000,82.177914,112,T1_aug_night_load_1.7W_soc_90,0.616667,2220.000000,60
0.165048,0.986286,55.000000,0.660000,0.000000,7.894315,83.394683,1.700000,64.000000,75.000000,0,1,1,1,0,0,0,0,0,0.000000,1.700000,82.004090,112,T1_aug_night_load_1.7W_soc_90,0.633333,2280.000000,60
0.169350,0.985556,55.000000,0.660000,0.000000,7.891534,83.220859,1.700000,64.000000,75.000000,0,1,1,1,0,0,0,0,0,0.000000,1.700000,81.830266,112,T1_aug_night_load_1.7W_soc_90,0.650000,2340.000000,60
0.173648,0.984808,55.000000,0.660000,0.000000,7.888753,83.047035,1.700000,64.000000,75.000000,0,1,1,1,0,0,0,0,0,0.000000,1.700000,81.656442,112,T1_aug_night_load_1.7W_soc_90,0.666667,2400.000000,60
0.177944,0.984041,55.000000,0.660000,0.000000,7.885971,82.873211,1.700000,64.000000,75.000000,0,1,1,1,0,0,0,0,0,0.000000,1.700000,81.482618,112,T1_aug_night_load_1.7W_soc_90,0.683333,2460.000000,60
0.182236,0.983255,55.000000,0.660000,0.000000,7.883190,82.699387,1.700000,64.000000,75.000000,0,1,1,1,0,0,0,0,0,0.000000,1.700000,81.308793,112,T1_aug_night_load_1.7W_soc_90,0.700000,2520.000000,60
0.186524,0.982450,55.000000,0.660000,0.000000,7.880409,82.525562,1.700000,64.000000,75.000000,0,1,1,1,0,0,0,0,0,0.000000,1.700000,81.134969,112,T1_aug_night_load_1.7W_soc_90,0.716667,2580.000000,60
0.190809,0.981627,55.000000,0.660000,0.000000,7.877628,82.351738,1.700000,64.000000,75.000000,0,1,1,1,0,0,0,0,0,0.000000,1.700000,80.961145,112,T1_aug_night_load_1.7W_soc_90,0.733333,2640.000000,60
0.195090,0.980785,55.000000,0.660000,0.000000,7.874847,82.177914,1.700000,64.000000,75.000000,0,1,1,1,0,0,0,0,0,0.000000,1.700000,80.787321,112,T1_aug_night_load_1.7W_soc_90,0.750000,2700.000000,60
0.199368,0.979925,55.000000,0.660000,0.000000,7.872065,82.004090,1.700000,64.000000,75.000000,0,1,1,1,0,0,0,0,0,0.000000,1.700000,80.613497,112,T1_aug_night_load_1.7W_soc_90,0.766667,2760.000000,60
0.203642,0.979045,55.000000,0.660000,0.000000,7.869284,81.830266,1.700000,64.000000,75.000000,0,1,1,1,0,0,0,0,0,0.000000,1.700000,80.439673,112,T1_aug_night_load_1.7W_soc_90,0.783333,2820.000000,60
0.207912,0.978148,55.000000,0.660000,0.000000,7.866503,81.656442,1.700000,64.000000,75.000000,0,1,1,1,0,0,0,0,0,0.000000,1.700000,80.265849,112,T1_aug_night_load_1.7W_soc_90,0.800000,2880.000000,60
0.212178,0.977231,55.000000,0.660000,0.000000,7.863722,81.482618,1.700000,64.000000,75.000000,0,1,1,1,0,0,0,0,0,0.000000,1.700000,80.092025,112,T1_aug_night_load_1.7W_soc_90,0.816667,2940.000000,60
0.216440,0.976296,55.000000,0.660000,0.000000,7.860941,81.308793,1.700000,64.000000,75.000000,0,1,1,1,0,0,0,0,0,0.000000,1.700000,79.918200,112,T1_aug_night_load_1.7W_soc_90,0.833333,3000.000000,60
0.220697,0.975342,55.000000,0.660000,0.000000,7.858160,81.134969,1.700000,64.000000,75.000000,0,1,1,1,0,0,0,0,0,0.000000,1.700000,79.744376,112,T1_aug_night_load_1.7W_soc_90,0.850000,3060.000000,60
0.224951,0.974370,55.000000,0.660000,0.000000,7.855378,80.961145,1.700000,64.000000,75.000000,0,1,1,1,0,0,0,0,0,0.000000,1.700000,79.570552,112,T1_aug_night_load_1.7W_soc_90,0.866667,3120.000000,60
0.229200,0.973379,55.000000,0.660000,0.000000,7.852597,80.787321,1.700000,64.000000,75.000000,0,1,1,1,0,0,0,0,0,0.000000,1.700000,79.396728,112,T1_aug_night_load_1.7W_soc_90,0.883333,3180.000000,60
0.233445,0.972370,55.000000,0.660000,0.000000,7.849816,80.613497,1.700000,64.000000,75.000000,0,1,1,1,0,0,0,0,0,0.000000,1.700000,79.222904,112,T1_aug_night_load_1.7W_soc_90,0.900000,3240.000000,60
0.237686,0.971342,55.000000,0.660000,0.000000,7.847035,80.439673,1.700000,64.000000,75.000000,0,1,1,1,0,0,0,0,0,0.000000,1.700000,79.049080,112,T1_aug_night_load_1.7W_soc_90,0.916667,3300.000000,60
0.241922,0.970296,55.000000,0.660000,0.000000,7.844254,80.265849,1.700000,64.000000,75.000000,0,1,1,1,0,0,0,0,0,0.000000,1.700000,78.875256,112,T1_aug_night_load_1.7W_soc_90,0.933333,3360.000000,60
0.246153,0.969231,55.000000,0.660000,0.000000,7.841472,80.092025,1.700000,64.000000,75.000000,0,1,1,1,0,0,0,0,0,0.000000,1.700000,78.701431,112,T1_aug_night_load_1.7W_soc_90,0.950000,3420.000000,60
0.250380,0.968148,55.000000,0.660000,0.000000,7.838691,79.918200,1.700000,64.000000,75.000000,0,1,1,1,0,0,0,0,0,0.000000,1.700000,78.527607,112,T1_aug_night_load_1.7W_soc_90,0.966667,3480.000000,60
0.254602,0.967046,55.000000,0.660000,0.000000,7.835910,79.744376,1.700000,64.000000,75.000000,0,1,1,1,0,0,0,0,0,0.000000,1.700000,78.353783,112,T1_aug_night_load_1.7W_soc_90,0.983333,3540.000000,60
0.258819,0.965926,55.000000,0.660000,0.000000,7.833129,79.570552,1.700000,64.000000,75.000000,0,1,1,1,0,0,0,0,0,0.000000,1.700000,78.179959,112,T1_aug_night_load_1.7W_soc_90,1.000000,3600.000000,60
0.263031,0.964787,55.000000,0.660000,0.000000,7.830348,79.396728,1.700000,64.000000,75.000000,0,1,1,1,0,0,0,0,0,0.000000,1.700000,78.006135,112,T1_aug_night_load_1.7W_soc_90,1.016667,3660.000000,60
0.267238,0.963630,55.000000,0.660000,0.000000,7.827566,79.222904,1.700000,64.000000,75.000000,0,1,1,1,0,0,0,0,0,0.000000,1.700000,77.832311,112,T1_aug_night_load_1.7W_soc_90,1.033333,3720.000000,60
0.271440,0.962455,55.000000,0.660000,0.000000,7.824785,79.049080,1.700000,64.000000,75.000000,0,1,1,1,0,0,0,0,0,0.000000,1.700000,77.658487,112,T1_aug_night_load_1.7W_soc_90,1.050000,3780.000000,60
0.275637,0.961262,55.000000,0.660000,0.000000,7.822004,78.875256,1.700000,64.000000,75.000000,0,1,1,1,0,0,0,0,0,0.000000,1.700000,77.484663,112,T1_aug_night_load_1.7W_soc_90,1.066667,3840.000000,60
0.279829,0.960050,55.000000,0.660000,0.000000,7.819223,78.701431,1.700000,64.000000,75.000000,0,1,1,1,0,0,0,0,0,0.000000,1.700000,77.310838,112,T1_aug_night_load_1.7W_soc_90,1.083333,3900.000000,60
0.284015,0.958820,55.000000,0.660000,0.000000,7.816442,78.527607,1.700000,64.000000,75.000000,0,1,1,1,0,0,0,0,0,0.000000,1.700000,77.137014,112,T1_aug_night_load_1.7W_soc_90,1.100000,3960.000000,60
0.288196,0.957571,55.000000,0.660000,0.000000,7.813661,78.353783,1.700000,64.000000,75.000000,0,1,1,1,0,0,0,0,0,0.000000,1.700000,76.963190,112,T1_aug_night_load_1.7W_soc_90,1.116667,4020.000000,60
0.292372,0.956305,55.000000,0.660000,0.000000,7.810879,78.179959,1.700000,64.000000,75.000000,0,1,1,1,0,0,0,0,0,0.000000,1.700000,76.789366,112,T1_aug_night_load_1.7W_soc_90,1.133333,4080.000000,60
0.296542,0.955020,55.000000,0.660000,0.000000,7.808098,78.006135,1.700000,64.000000,75.000000,0,1,1,1,0,0,0,0,0,0.000000,1.700000,76.615542,112,T1_aug_night_load_1.7W_soc_90,1.150000,4140.000000,60
0.300706,0.953717,55.000000,0.660000,0.000000,7.805317,77.832311,1.700000,64.000000,75.000000,0,1,1,1,0,0,0,0,0,0.000000,1.700000,76.441718,112,T1_aug_night_load_1.7W_soc_90,1.166667,4200.000000,60
0.304864,0.952396,55.000000,0.660000,0.000000,7.802536,77.658487,1.700000,64.000000,75.000000,0,1,1,1,0,0,0,0,0,0.000000,1.700000,76.267894,112,T1_aug_night_load_1.7W_soc_90,1.183333,4260.000000,60
0.309017,0.951057,55.000000,0.660000,0.000000,7.799755,77.484663,1.700000,64.000000,75.000000,0,1,1,1,0,0,0,0,0,0.000000,1.700000,76.094070,112,T1_aug_night_load_1.7W_soc_90,1.200000,4320.000000,60
0.313164,0.949699,55.000000,0.660000,0.000000,7.796973,77.310838,1.700000,64.000000,75.000000,0,1,1,1,0,0,0,0,0,0.000000,1.700000,75.920245,112,T1_aug_night_load_1.7W_soc_90,1.216667,4380.000000,60
0.317305,0.948324,55.000000,0.660000,0.000000,7.794192,77.137014,1.700000,64.000000,75.000000,0,1,1,1,0,0,0,0,0,0.000000,1.700000,75.746421,112,T1_aug_night_load_1.7W_soc_90,1.233333,4440.000000,60
0.321439,0.946930,55.000000,0.660000,0.000000,7.791411,76.963190,1.700000,64.000000,75.000000,0,1,1,1,0,0,0,0,0,0.000000,1.700000,75.572597,112,T1_aug_night_load_1.7W_soc_90,1.250000,4500.000000,60
0.325568,0.945519,55.000000,0.660000,0.000000,7.788630,76.789366,1.700000,64.000000,75.000000,0,1,1,1,0,0,0,0,0,0.000000,1.700000,75.398773,112,T1_aug_night_load_1.7W_soc_90,1.266667,4560.000000,60
0.329691,0.944089,55.000000,0.660000,0.000000,7.785849,76.615542,1.700000,64.000000,75.000000,0,1,1,1,0,0,0,0,0,0.000000,1.700000,75.224949,112,T1_aug_night_load_1.7W_soc_90,1.283333,4620.000000,60
0.333807,0.942641,55.000000,0.660000,0.000000,7.783067,76.441718,1.700000,64.000000,75.000000,0,1,1,1,0,0,0,0,0,0.000000,1.700000,75.051125,112,T1_aug_night_load_1.7W_soc_90,1.300000,4680.000000,60
0.337917,0.941176,55.000000,0.660000,0.000000,7.780286,76.267894,1.700000,64.000000,75.000000,0,1,1,1,0,0,0,0,0,0.000000,1.700000,74.877301,112,T1_aug_night_load_1.7W_soc_90,1.316667,4740.000000,60
0.342020,0.939693,55.000000,0.660000,0.000000,7.777505,76.094070,1.700000,64.000000,75.000000,0,1,1,1,0,0,0,0,0,0.000000,1.700000,74.703476,112,T1_aug_night_load_1.7W_soc_90,1.333333,4800.000000,60
0.346117,0.938191,55.000000,0.660000,0.000000,7.774724,75.920245,1.700000,64.000000,75.000000,0,1,1,1,0,0,0,0,0,0.000000,1.700000,74.529652,112,T1_aug_night_load_1.7W_soc_90,1.350000,4860.000000,60
0.350207,0.936672,55.000000,0.660000,0.000000,7.771943,75.746421,1.700000,64.000000,75.000000,0,1,1,1,0,0,0,0,0,0.000000,1.700000,74.355828,112,T1_aug_night_load_1.7W_soc_90,1.366667,4920.000000,60
0.354291,0.935135,55.000000,0.660000,0.000000,7.769162,75.572597,1.700000,64.000000,75.000000,0,1,1,1,0,0,0,0,0,0.000000,1.700000,74.182004,112,T1_aug_night_load_1.7W_soc_90,1.383333,4980.000000,60
0.358368,0.933580,55.000000,0.660000,0.000000,7.766380,75.398773,1.700000,64.000000,75.000000,0,1,1,1,0,0,0,0,0,0.000000,1.700000,74.008180,112,T1_aug_night_load_1.7W_soc_90,1.400000,5040.000000,60
0.362438,0.932008,55.000000,0.660000,0.000000,7.763599,75.224949,1.700000,64.000000,75.000000,0,1,1,1,0,0,0,0,0,0.000000,1.700000,73.834356,112,T1_aug_night_load_1.7W_soc_90,1.416667,5100.000000,60
0.366501,0.930418,55.000000,0.660000,0.000000,7.760818,75.051125,1.700000,64.000000,75.000000,0,1,1,1,0,0,0,0,0,0.000000,1.700000,73.660532,112,T1_aug_night_load_1.7W_soc_90,1.433333,5160.000000,60
0.370557,0.928810,55.000000,0.660000,0.000000,7.758037,74.877301,1.700000,64.000000,75.000000,0,1,1,1,0,0,0,0,0,0.000000,1.700000,73.486708,112,T1_aug_night_load_1.7W_soc_90,1.450000,5220.000000,60
0.374607,0.927184,55.000000,0.660000,0.000000,7.755256,74.703476,1.700000,64.000000,75.000000,0,1,1,1,0,0,0,0,0,0.000000,1.700000,73.312883,112,T1_aug_night_load_1.7W_soc_90,1.466667,5280.000000,60
0.378649,0.925541,55.000000,0.660000,0.000000,7.752474,74.529652,1.700000,64.000000,75.000000,0,1,1,1,0,0,0,0,0,0.000000,1.700000,73.139059,112,T1_aug_night_load_1.7W_soc_90,1.483333,5340.000000,60
0.382683,0.923880,55.000000,0.660000,0.000000,7.749693,74.355828,1.700000,64.000000,75.000000,0,1,1,1,0,0,0,0,0,0.000000,1.700000,72.965235,112,T1_aug_night_load_1.7W_soc_90,1.500000,5400.000000,60
0.386711,0.922201,55.000000,0.660000,0.000000,7.746912,74.182004,1.700000,64.000000,75.000000,0,1,1,1,0,0,0,0,0,0.000000,1.700000,72.791411,112,T1_aug_night_load_1.7W_soc_90,1.516667,5460.000000,60
0.390731,0.920505,55.000000,0.660000,0.000000,7.744131,74.008180,1.700000,64.000000,75.000000,0,1,1,1,0,0,0,0,0,0.000000,1.700000,72.617587,112,T1_aug_night_load_1.7W_soc_90,1.533333,5520.000000,60
0.394744,0.918791,55.000000,0.660000,0.000000,7.741350,73.834356,1.700000,64.000000,75.000000,0,1,1,1,0,0,0,0,0,0.000000,1.700000,72.443763,112,T1_aug_night_load_1.7W_soc_90,1.550000,5580.000000,60
0.398749,0.917060,55.000000,0.660000,0.000000,7.738569,73.660532,1.700000,64.000000,75.000000,0,1,1,1,0,0,0,0,0,0.000000,1.700000,72.269939,112,T1_aug_night_load_1.7W_soc_90,1.566667,5640.000000,60
0.402747,0.915311,55.000000,0.660000,0.000000,7.735787,73.486708,1.700000,64.000000,75.000000,0,1,1,1,0,0,0,0,0,0.000000,1.700000,72.096115,112,T1_aug_night_load_1.7W_soc_90,1.583333,5700.000000,60
0.406737,0.913545,55.000000,0.660000,0.000000,7.733006,73.312883,1.700000,64.000000,75.000000,0,1,1,1,0,0,0,0,0,0.000000,1.700000,71.922290,112,T1_aug_night_load_1.7W_soc_90,1.600000,5760.000000,60
0.410719,0.911762,55.000000,0.660000,0.000000,7.730225,73.139059,1.700000,64.000000,75.000000,0,1,1,1,0,0,0,0,0,0.000000,1.700000,71.748466,112,T1_aug_night_load_1.7W_soc_90,1.616667,5820.000000,60
0.414693,0.909961,55.000000,0.660000,0.000000,7.727444,72.965235,1.700000,64.000000,75.000000,0,1,1,1,0,0,0,0,0,0.000000,1.700000,71.574642,112,T1_aug_night_load_1.7W_soc_90,1.633333,5880.000000,60
0.418660,0.908143,55.000000,0.660000,0.000000,7.724663,72.791411,1.700000,64.000000,75.000000,0,1,1,1,0,0,0,0,0,0.000000,1.700000,71.400818,112,T1_aug_night_load_1.7W_soc_90,1.650000,5940.000000,60
0.422618,0.906308,55.000000,0.660000,0.000000,7.721881,72.617587,1.700000,64.000000,75.000000,0,1,1,1,0,0,0,0,0,0.000000,1.700000,71.226994,112,T1_aug_night_load_1.7W_soc_90,1.666667,6000.000000,60
0.426569,0.904455,55.000000,0.660000,0.000000,7.719100,72.443763,1.700000,64.000000,75.000000,0,1,1,1,0,0,0,0,0,0.000000,1.700000,71.053170,112,T1_aug_night_load_1.7W_soc_90,1.683333,6060.000000,60
0.430511,0.902585,55.000000,0.660000,0.000000,7.716319,72.269939,1.700000,64.000000,75.000000,0,1,1,1,0,0,0,0,0,0.000000,1.700000,70.879346,112,T1_aug_night_load_1.7W_soc_90,1.700000,6120.000000,60
0.434445,0.900698,55.000000,0.660000,0.000000,7.713538,72.096115,1.700000,64.000000,75.000000,0,1,1,1,0,0,0,0,0,0.000000,1.700000,70.705521,112,T1_aug_night_load_1.7W_soc_90,1.716667,6180.000000,60
0.438371,0.898794,55.000000,0.660000,0.000000,7.710757,71.922290,1.700000,64.000000,75.000000,0,1,1,1,0,0,0,0,0,0.000000,1.700000,70.531697,112,T1_aug_night_load_1.7W_soc_90,1.733333,6240.000000,60
0.442289,0.896873,55.000000,0.660000,0.000000,7.707975,71.748466,1.700000,64.000000,75.000000,0,1,1,1,0,0,0,0,0,0.000000,1.700000,70.357873,112,T1_aug_night_load_1.7W_soc_90,1.750000,6300.000000,60
0.446198,0.894934,55.000000,0.660000,0.000000,7.705194,71.574642,1.700000,64.000000,75.000000,0,1,1,1,0,0,0,0,0,0.000000,1.700000,70.184049,112,T1_aug_night_load_1.7W_soc_90,1.766667,6360.000000,60
0.450098,0.892979,55.000000,0.660000,0.000000,7.702413,71.400818,1.700000,64.000000,75.000000,0,1,1,1,0,0,0,0,0,0.000000,1.700000,70.010225,112,T1_aug_night_load_1.7W_soc_90,1.783333,6420.000000,60
0.453990,0.891007,55.000000,0.660000,0.000000,7.699632,71.226994,1.700000,64.000000,75.000000,0,1,1,1,0,0,0,0,0,0.000000,1.700000,69.836401,112,T1_aug_night_load_1.7W_soc_90,1.800000,6480.000000,60
0.457874,0.889017,55.000000,0.660000,0.000000,7.696851,71.053170,1.700000,64.000000,75.000000,0,1,1,1,0,0,0,0,0,0.000000,1.700000,69.662577,112,T1_aug_night_load_1.7W_soc_90,1.816667,6540.000000,60
0.461749,0.887011,55.000000,0.660000,0.000000,7.694070,70.879346,1.700000,64.000000,75.000000,0,1,1,1,0,0,0,0,0,0.000000,1.700000,69.488753,112,T1_aug_night_load_1.7W_soc_90,1.833333,6600.000000,60
0.465615,0.884988,55.000000,0.660000,0.000000,7.691288,70.705521,1.700000,64.000000,75.000000,0,1,1,1,0,0,0,0,0,0.000000,1.700000,69.401840,112,T1_aug_night_load_1.7W_soc_90,1.850000,6660.000000,60
0.469472,0.882948,55.000000,0.660000,0.000000,7.688507,70.531697,1.700000,64.000000,75.000000,0,1,1,1,0,0,0,0,0,0.000000,1.700000,69.314928,112,T1_aug_night_load_1.7W_soc_90,1.866667,6720.000000,60
0.473320,0.880891,55.000000,0.660000,0.000000,7.685726,70.357873,1.700000,64.000000,75.000000,0,1,1,1,0,0,0,0,0,0.000000,1.700000,69.228016,112,T1_aug_night_load_1.7W_soc_90,1.883333,6780.000000,60
0.477159,0.878817,55.000000,0.660000,0.000000,7.682945,70.184049,1.700000,64.000000,75.000000,0,1,1,1,0,0,0,0,0,0.000000,1.700000,69.141104,112,T1_aug_night_load_1.7W_soc_90,1.900000,6840.000000,60
